archivo,grupo,dia,id,lado,madurez,fruto,split,anotada
T10_d01_002_a_1.jpg,T10,d01,002,a,1,T10_002,train,False
T10_d01_002_b_1.jpg,T10,d01,002,b,1,T10_002,train,False
T10_d01_003_a_1.jpg,T10,d01,003,a,1,T10_003,train,False
T10_d01_003_b_1.jpg,T10,d01,003,b,1,T10_003,train,False
T10_d01_007_a_1.jpg,T10,d01,007,a,1,T10_007,train,False
T10_d01_007_b_1.jpg,T10,d01,007,b,1,T10_007,train,False
T10_d01_011_a_1.jpg,T10,d01,011,a,1,T10_011,train,False
T10_d01_011_b_1.jpg,T10,d01,011,b,1,T10_011,train,False
T10_d01_012_a_1.jpg,T10,d01,012,a,1,T10_012,val,False
T10_d01_012_b_1.jpg,T10,d01,012,b,1,T10_012,val,False
T10_d01_013_a_1.jpg,T10,d01,013,a,1,T10_013,train,False
T10_d01_013_b_1.jpg,T10,d01,013,b,1,T10_013,train,False
T10_d01_014_a_1.jpg,T10,d01,014,a,1,T10_014,val,False
T10_d01_014_b_1.jpg,T10,d01,014,b,1,T10_014,val,False
T10_d01_015_a_1.jpg,T10,d01,015,a,1,T10_015,test,False
T10_d01_015_b_1.jpg,T10,d01,015,b,1,T10_015,test,False
T10_d01_018_a_1.jpg,T10,d01,018,a,1,T10_018,val,False
T10_d01_018_b_1.jpg,T10,d01,018,b,1,T10_018,val,False
T10_d01_021_a_1.jpg,T10,d01,021,a,1,T10_021,train,False
T10_d01_021_b_1.jpg,T10,d01,021,b,1,T10_021,train,False
T10_d01_022_a_1.jpg,T10,d01,022,a,1,T10_022,train,False
T10_d01_022_b_1.jpg,T10,d01,022,b,1,T10_022,train,False
T10_d01_026_a_1.jpg,T10,d01,026,a,1,T10_026,train,False
T10_d01_026_b_1.jpg,T10,d01,026,b,1,T10_026,train,False
T10_d01_027_a_1.jpg,T10,d01,027,a,1,T10_027,train,False
T10_d01_027_b_1.jpg,T10,d01,027,b,1,T10_027,train,False
T10_d01_033_a_1.jpg,T10,d01,033,a,1,T10_033,val,True
T10_d01_033_b_1.jpg,T10,d01,033,b,1,T10_033,val,True
T10_d01_034_a_1.jpg,T10,d01,034,a,1,T10_034,train,False
T10_d01_034_b_1.jpg,T10,d01,034,b,1,T10_034,train,False
T10_d01_035_a_1.jpg,T10,d01,035,a,1,T10_035,val,False
T10_d01_035_b_1.jpg,T10,d01,035,b,1,T10_035,val,False
T10_d01_037_a_1.jpg,T10,d01,037,a,1,T10_037,nuevo,False
T10_d01_037_b_1.jpg,T10,d01,037,b,1,T10_037,nuevo,False
T10_d01_038_a_1.jpg,T10,d01,038,a,1,T10_038,val,False
T10_d01_038_b_1.jpg,T10,d01,038,b,1,T10_038,val,False
T10_d01_041_a_1.jpg,T10,d01,041,a,1,T10_041,val,False
T10_d01_041_b_1.jpg,T10,d01,041,b,1,T10_041,val,False
T10_d01_044_a_1.jpg,T10,d01,044,a,1,T10_044,nuevo,False
T10_d01_044_b_1.jpg,T10,d01,044,b,1,T10_044,nuevo,False
T10_d01_045_a_1.jpg,T10,d01,045,a,1,T10_045,nuevo,False
T10_d01_045_b_1.jpg,T10,d01,045,b,1,T10_045,nuevo,False
T10_d01_046_a_1.jpg,T10,d01,046,a,1,T10_046,train,False
T10_d01_046_b_1.jpg,T10,d01,046,b,1,T10_046,train,False
T10_d01_047_a_1.jpg,T10,d01,047,a,1,T10_047,train,False
T10_d01_047_b_1.jpg,T10,d01,047,b,1,T10_047,train,False
T10_d01_048_a_1.jpg,T10,d01,048,a,1,T10_048,train,False
T10_d01_048_b_1.jpg,T10,d01,048,b,1,T10_048,train,False
T10_d01_054_a_1.jpg,T10,d01,054,a,1,T10_054,train,False
T10_d01_054_b_1.jpg,T10,d01,054,b,1,T10_054,train,False
T10_d01_055_a_1.jpg,T10,d01,055,a,1,T10_055,train,False
T10_d01_055_b_1.jpg,T10,d01,055,b,1,T10_055,train,False
T10_d01_058_a_1.jpg,T10,d01,058,a,1,T10_058,val,False
T10_d01_058_b_1.jpg,T10,d01,058,b,1,T10_058,val,False
T10_d01_061_a_1.jpg,T10,d01,061,a,1,T10_061,train,False
T10_d01_061_b_1.jpg,T10,d01,061,b,1,T10_061,train,False
T10_d01_065_a_1.jpg,T10,d01,065,a,1,T10_065,val,False
T10_d01_065_b_1.jpg,T10,d01,065,b,1,T10_065,val,False
T10_d01_067_a_1.jpg,T10,d01,067,a,1,T10_067,train,False
T10_d01_067_b_1.jpg,T10,d01,067,b,1,T10_067,train,False
T10_d01_069_a_1.jpg,T10,d01,069,a,1,T10_069,train,False
T10_d01_069_b_1.jpg,T10,d01,069,b,1,T10_069,train,False
T10_d01_072_a_1.jpg,T10,d01,072,a,1,T10_072,val,False
T10_d01_072_b_1.jpg,T10,d01,072,b,1,T10_072,val,False
T10_d01_080_a_1.jpg,T10,d01,080,a,1,T10_080,val,False
T10_d01_080_b_1.jpg,T10,d01,080,b,1,T10_080,val,False
T10_d01_083_a_1.jpg,T10,d01,083,a,1,T10_083,train,False
T10_d01_083_b_1.jpg,T10,d01,083,b,1,T10_083,train,False
T10_d01_087_a_1.jpg,T10,d01,087,a,1,T10_087,val,False
T10_d01_087_b_1.jpg,T10,d01,087,b,1,T10_087,val,False
T10_d01_089_a_1.jpg,T10,d01,089,a,1,T10_089,train,False
T10_d01_089_b_1.jpg,T10,d01,089,b,1,T10_089,train,False
T10_d01_092_a_1.jpg,T10,d01,092,a,1,T10_092,test,False
T10_d01_092_b_1.jpg,T10,d01,092,b,1,T10_092,test,False
T10_d01_093_a_1.jpg,T10,d01,093,a,1,T10_093,train,False
T10_d01_093_b_1.jpg,T10,d01,093,b,1,T10_093,train,False
T10_d01_094_a_1.jpg,T10,d01,094,a,1,T10_094,train,False
T10_d01_094_b_1.jpg,T10,d01,094,b,1,T10_094,train,False
T10_d01_096_a_1.jpg,T10,d01,096,a,1,T10_096,train,False
T10_d01_096_b_1.jpg,T10,d01,096,b,1,T10_096,train,False
T10_d01_097_a_1.jpg,T10,d01,097,a,1,T10_097,train,False
T10_d01_097_b_1.jpg,T10,d01,097,b,1,T10_097,train,False
T10_d01_098_a_1.jpg,T10,d01,098,a,1,T10_098,train,False
T10_d01_098_b_1.jpg,T10,d01,098,b,1,T10_098,train,False
T10_d01_099_a_1.jpg,T10,d01,099,a,1,T10_099,train,False
T10_d01_099_b_1.jpg,T10,d01,099,b,1,T10_099,train,False
T10_d01_100_a_1.jpg,T10,d01,100,a,1,T10_100,test,False
T10_d01_100_b_1.jpg,T10,d01,100,b,1,T10_100,test,False
T10_d01_104_a_1.jpg,T10,d01,104,a,1,T10_104,nuevo,False
T10_d01_104_b_1.jpg,T10,d01,104,b,1,T10_104,nuevo,False
T10_d01_108_a_1.jpg,T10,d01,108,a,1,T10_108,train,False
T10_d01_108_b_1.jpg,T10,d01,108,b,1,T10_108,train,False
T10_d01_109_a_1.jpg,T10,d01,109,a,1,T10_109,nuevo,False
T10_d01_109_b_1.jpg,T10,d01,109,b,1,T10_109,nuevo,False
T10_d01_110_a_1.jpg,T10,d01,110,a,1,T10_110,train,False
T10_d01_110_b_1.jpg,T10,d01,110,b,1,T10_110,train,False
T10_d01_111_a_1.jpg,T10,d01,111,a,1,T10_111,val,False
T10_d01_111_b_1.jpg,T10,d01,111,b,1,T10_111,val,False
T10_d01_113_a_1.jpg,T10,d01,113,a,1,T10_113,train,False
T10_d01_113_b_1.jpg,T10,d01,113,b,1,T10_113,train,False
T10_d01_118_a_1.jpg,T10,d01,118,a,1,T10_118,train,False
T10_d01_118_b_1.jpg,T10,d01,118,b,1,T10_118,train,False
T10_d01_120_a_1.jpg,T10,d01,120,a,1,T10_120,train,True
T10_d01_120_b_1.jpg,T10,d01,120,b,1,T10_120,train,False
T10_d01_122_a_1.jpg,T10,d01,122,a,1,T10_122,train,True
T10_d01_122_b_1.jpg,T10,d01,122,b,1,T10_122,train,False
T10_d01_125_a_1.jpg,T10,d01,125,a,1,T10_125,train,False
T10_d01_125_b_1.jpg,T10,d01,125,b,1,T10_125,train,False
T10_d01_128_a_1.jpg,T10,d01,128,a,1,T10_128,train,True
T10_d01_128_b_1.jpg,T10,d01,128,b,1,T10_128,train,False
T10_d01_129_a_1.jpg,T10,d01,129,a,1,T10_129,train,False
T10_d01_129_b_1.jpg,T10,d01,129,b,1,T10_129,train,True
T10_d01_130_a_1.jpg,T10,d01,130,a,1,T10_130,train,False
T10_d01_130_b_1.jpg,T10,d01,130,b,1,T10_130,train,False
T10_d01_131_a_1.jpg,T10,d01,131,a,1,T10_131,train,False
T10_d01_131_b_1.jpg,T10,d01,131,b,1,T10_131,train,False
T10_d01_133_a_1.jpg,T10,d01,133,a,1,T10_133,train,False
T10_d01_133_b_1.jpg,T10,d01,133,b,1,T10_133,train,False
T10_d01_136_a_1.jpg,T10,d01,136,a,1,T10_136,val,False
T10_d01_136_b_1.jpg,T10,d01,136,b,1,T10_136,val,False
T10_d01_138_a_1.jpg,T10,d01,138,a,1,T10_138,train,False
T10_d01_138_b_1.jpg,T10,d01,138,b,1,T10_138,train,False
T10_d01_145_a_1.jpg,T10,d01,145,a,1,T10_145,train,True
T10_d01_145_b_1.jpg,T10,d01,145,b,1,T10_145,train,False
T10_d01_148_a_1.jpg,T10,d01,148,a,1,T10_148,nuevo,False
T10_d01_148_b_1.jpg,T10,d01,148,b,1,T10_148,nuevo,False
T10_d01_149_a_1.jpg,T10,d01,149,a,1,T10_149,train,True
T10_d01_149_b_1.jpg,T10,d01,149,b,1,T10_149,train,False
T10_d01_152_a_1.jpg,T10,d01,152,a,1,T10_152,train,False
T10_d01_152_b_1.jpg,T10,d01,152,b,1,T10_152,train,False
T10_d01_156_a_1.jpg,T10,d01,156,a,1,T10_156,train,True
T10_d01_156_b_1.jpg,T10,d01,156,b,1,T10_156,train,False
T10_d01_162_a_1.jpg,T10,d01,162,a,1,T10_162,test,False
T10_d01_162_b_1.jpg,T10,d01,162,b,1,T10_162,test,False
T10_d01_163_a_1.jpg,T10,d01,163,a,1,T10_163,train,False
T10_d01_163_b_1.jpg,T10,d01,163,b,1,T10_163,train,True
T10_d01_165_a_1.jpg,T10,d01,165,a,1,T10_165,train,True
T10_d01_165_b_1.jpg,T10,d01,165,b,1,T10_165,train,False
T10_d01_166_a_1.jpg,T10,d01,166,a,1,T10_166,train,False
T10_d01_166_b_1.jpg,T10,d01,166,b,1,T10_166,train,False
T10_d01_167_a_1.jpg,T10,d01,167,a,1,T10_167,train,False
T10_d01_167_b_1.jpg,T10,d01,167,b,1,T10_167,train,False
T10_d01_168_a_1.jpg,T10,d01,168,a,1,T10_168,train,False
T10_d01_168_b_1.jpg,T10,d01,168,b,1,T10_168,train,False
T10_d01_172_a_1.jpg,T10,d01,172,a,1,T10_172,train,False
T10_d01_172_b_1.jpg,T10,d01,172,b,1,T10_172,train,False
T10_d01_180_a_1.jpg,T10,d01,180,a,1,T10_180,nuevo,False
T10_d01_180_b_1.jpg,T10,d01,180,b,1,T10_180,nuevo,False
T10_d01_181_a_1.jpg,T10,d01,181,a,1,T10_181,train,False
T10_d01_181_b_1.jpg,T10,d01,181,b,1,T10_181,train,False
T10_d01_186_a_1.jpg,T10,d01,186,a,1,T10_186,val,False
T10_d01_186_b_1.jpg,T10,d01,186,b,1,T10_186,val,False
T10_d01_193_a_1.jpg,T10,d01,193,a,1,T10_193,train,False
T10_d01_193_b_1.jpg,T10,d01,193,b,1,T10_193,train,False
T10_d01_194_a_1.jpg,T10,d01,194,a,1,T10_194,train,False
T10_d01_194_b_1.jpg,T10,d01,194,b,1,T10_194,train,False
T10_d01_196_a_1.jpg,T10,d01,196,a,1,T10_196,train,False
T10_d01_196_b_1.jpg,T10,d01,196,b,1,T10_196,train,False
T10_d01_202_a_1.jpg,T10,d01,202,a,1,T10_202,train,False
T10_d01_202_b_1.jpg,T10,d01,202,b,1,T10_202,train,False
T10_d01_204_a_1.jpg,T10,d01,204,a,1,T10_204,train,False
T10_d01_204_b_1.jpg,T10,d01,204,b,1,T10_204,train,False
T10_d01_206_a_1.jpg,T10,d01,206,a,1,T10_206,train,False
T10_d01_206_b_1.jpg,T10,d01,206,b,1,T10_206,train,False
T10_d01_211_a_1.jpg,T10,d01,211,a,1,T10_211,train,False
T10_d01_211_b_1.jpg,T10,d01,211,b,1,T10_211,train,False
T10_d01_213_a_1.jpg,T10,d01,213,a,1,T10_213,train,False
T10_d01_213_b_1.jpg,T10,d01,213,b,1,T10_213,train,False
T10_d01_215_a_1.jpg,T10,d01,215,a,1,T10_215,train,False
T10_d01_215_b_1.jpg,T10,d01,215,b,1,T10_215,train,False
T10_d01_217_a_1.jpg,T10,d01,217,a,1,T10_217,train,False
T10_d01_217_b_1.jpg,T10,d01,217,b,1,T10_217,train,False
T10_d01_219_a_1.jpg,T10,d01,219,a,1,T10_219,test,False
T10_d01_219_b_1.jpg,T10,d01,219,b,1,T10_219,test,False
T10_d01_220_a_1.jpg,T10,d01,220,a,1,T10_220,val,False
T10_d01_220_b_1.jpg,T10,d01,220,b,1,T10_220,val,False
T10_d01_221_a_1.jpg,T10,d01,221,a,1,T10_221,train,False
T10_d01_221_b_1.jpg,T10,d01,221,b,1,T10_221,train,True
T10_d01_223_a_1.jpg,T10,d01,223,a,1,T10_223,train,False
T10_d01_223_b_1.jpg,T10,d01,223,b,1,T10_223,train,False
T10_d01_227_a_1.jpg,T10,d01,227,a,1,T10_227,train,False
T10_d01_227_b_1.jpg,T10,d01,227,b,1,T10_227,train,False
T10_d01_229_a_1.jpg,T10,d01,229,a,1,T10_229,train,False
T10_d01_229_b_1.jpg,T10,d01,229,b,1,T10_229,train,True
T10_d01_233_a_1.jpg,T10,d01,233,a,1,T10_233,train,False
T10_d01_233_b_1.jpg,T10,d01,233,b,1,T10_233,train,False
T10_d01_234_a_1.jpg,T10,d01,234,a,1,T10_234,train,False
T10_d01_234_b_1.jpg,T10,d01,234,b,1,T10_234,train,True
T10_d01_236_a_1.jpg,T10,d01,236,a,1,T10_236,train,False
T10_d01_236_b_1.jpg,T10,d01,236,b,1,T10_236,train,False
T10_d01_237_a_1.jpg,T10,d01,237,a,1,T10_237,train,False
T10_d01_237_b_1.jpg,T10,d01,237,b,1,T10_237,train,False
T10_d01_243_a_1.jpg,T10,d01,243,a,1,T10_243,train,False
T10_d01_243_b_1.jpg,T10,d01,243,b,1,T10_243,train,False
T10_d01_245_a_1.jpg,T10,d01,245,a,1,T10_245,train,True
T10_d01_245_b_1.jpg,T10,d01,245,b,1,T10_245,train,False
T10_d01_250_a_1.jpg,T10,d01,250,a,1,T10_250,train,False
T10_d01_250_b_1.jpg,T10,d01,250,b,1,T10_250,train,False
T10_d01_252_a_1.jpg,T10,d01,252,a,1,T10_252,train,False
T10_d01_252_b_1.jpg,T10,d01,252,b,1,T10_252,train,False
T10_d01_253_a_1.jpg,T10,d01,253,a,1,T10_253,val,False
T10_d01_253_b_1.jpg,T10,d01,253,b,1,T10_253,val,False
T10_d01_254_a_1.jpg,T10,d01,254,a,1,T10_254,val,False
T10_d01_254_b_1.jpg,T10,d01,254,b,1,T10_254,val,False
T10_d01_262_a_1.jpg,T10,d01,262,a,1,T10_262,train,False
T10_d01_262_b_1.jpg,T10,d01,262,b,1,T10_262,train,False
T10_d01_266_a_1.jpg,T10,d01,266,a,1,T10_266,train,False
T10_d01_266_b_1.jpg,T10,d01,266,b,1,T10_266,train,False
T10_d01_269_a_1.jpg,T10,d01,269,a,1,T10_269,train,False
T10_d01_269_b_1.jpg,T10,d01,269,b,1,T10_269,train,False
T10_d01_274_a_1.jpg,T10,d01,274,a,1,T10_274,nuevo,False
T10_d01_274_b_1.jpg,T10,d01,274,b,1,T10_274,nuevo,False
T10_d01_275_a_1.jpg,T10,d01,275,a,1,T10_275,test,False
T10_d01_275_b_1.jpg,T10,d01,275,b,1,T10_275,test,False
T10_d01_276_a_1.jpg,T10,d01,276,a,1,T10_276,train,False
T10_d01_276_b_1.jpg,T10,d01,276,b,1,T10_276,train,False
T10_d01_282_a_1.jpg,T10,d01,282,a,1,T10_282,train,False
T10_d01_282_b_1.jpg,T10,d01,282,b,1,T10_282,train,False
T10_d01_283_a_1.jpg,T10,d01,283,a,1,T10_283,train,False
T10_d01_283_b_1.jpg,T10,d01,283,b,1,T10_283,train,False
T10_d01_284_a_1.jpg,T10,d01,284,a,1,T10_284,train,False
T10_d01_284_b_1.jpg,T10,d01,284,b,1,T10_284,train,False
T10_d01_290_a_1.jpg,T10,d01,290,a,1,T10_290,train,False
T10_d01_290_b_1.jpg,T10,d01,290,b,1,T10_290,train,False
T10_d01_292_a_1.jpg,T10,d01,292,a,1,T10_292,val,False
T10_d01_292_b_1.jpg,T10,d01,292,b,1,T10_292,val,False
T10_d01_294_a_1.jpg,T10,d01,294,a,1,T10_294,train,False
T10_d01_294_b_1.jpg,T10,d01,294,b,1,T10_294,train,False
T10_d01_295_a_1.jpg,T10,d01,295,a,1,T10_295,train,False
T10_d01_295_b_1.jpg,T10,d01,295,b,1,T10_295,train,False
T10_d01_296_a_1.jpg,T10,d01,296,a,1,T10_296,train,False
T10_d01_296_b_1.jpg,T10,d01,296,b,1,T10_296,train,False
T10_d01_298_a_1.jpg,T10,d01,298,a,1,T10_298,nuevo,False
T10_d01_298_b_1.jpg,T10,d01,298,b,1,T10_298,nuevo,False
T10_d01_306_a_1.jpg,T10,d01,306,a,1,T10_306,train,False
T10_d01_306_b_1.jpg,T10,d01,306,b,1,T10_306,train,False
T10_d01_310_a_1.jpg,T10,d01,310,a,1,T10_310,val,True
T10_d01_310_b_1.jpg,T10,d01,310,b,1,T10_310,val,False
T10_d01_314_a_1.jpg,T10,d01,314,a,1,T10_314,nuevo,False
T10_d01_314_b_1.jpg,T10,d01,314,b,1,T10_314,nuevo,False
T10_d01_315_a_1.jpg,T10,d01,315,a,1,T10_315,train,False
T10_d01_315_b_1.jpg,T10,d01,315,b,1,T10_315,train,False
T10_d01_325_a_1.jpg,T10,d01,325,a,1,T10_325,train,False
T10_d01_325_b_1.jpg,T10,d01,325,b,1,T10_325,train,False
T10_d01_326_a_1.jpg,T10,d01,326,a,1,T10_326,train,False
T10_d01_326_b_1.jpg,T10,d01,326,b,1,T10_326,train,False
T10_d01_327_a_1.jpg,T10,d01,327,a,1,T10_327,train,False
T10_d01_327_b_1.jpg,T10,d01,327,b,1,T10_327,train,False
T10_d01_328_a_1.jpg,T10,d01,328,a,1,T10_328,train,False
T10_d01_328_b_1.jpg,T10,d01,328,b,1,T10_328,train,False
T10_d01_330_a_1.jpg,T10,d01,330,a,1,T10_330,train,False
T10_d01_330_b_1.jpg,T10,d01,330,b,1,T10_330,train,False
T10_d01_331_a_1.jpg,T10,d01,331,a,1,T10_331,test,False
T10_d01_331_b_1.jpg,T10,d01,331,b,1,T10_331,test,False
T10_d01_333_a_1.jpg,T10,d01,333,a,1,T10_333,train,False
T10_d01_333_b_1.jpg,T10,d01,333,b,1,T10_333,train,False
T10_d01_336_a_1.jpg,T10,d01,336,a,1,T10_336,train,False
T10_d01_336_b_1.jpg,T10,d01,336,b,1,T10_336,train,False
T10_d01_337_a_1.jpg,T10,d01,337,a,1,T10_337,train,False
T10_d01_337_b_1.jpg,T10,d01,337,b,1,T10_337,train,False
T10_d01_338_a_1.jpg,T10,d01,338,a,1,T10_338,train,False
T10_d01_338_b_1.jpg,T10,d01,338,b,1,T10_338,train,False
T10_d01_349_a_1.jpg,T10,d01,349,a,1,T10_349,train,False
T10_d01_349_b_1.jpg,T10,d01,349,b,1,T10_349,train,False
T10_d01_350_a_1.jpg,T10,d01,350,a,1,T10_350,train,False
T10_d01_350_b_1.jpg,T10,d01,350,b,1,T10_350,train,False
T10_d01_351_a_1.jpg,T10,d01,351,a,1,T10_351,train,False
T10_d01_351_b_1.jpg,T10,d01,351,b,1,T10_351,train,False
T10_d01_353_a_1.jpg,T10,d01,353,a,1,T10_353,val,False
T10_d01_353_b_1.jpg,T10,d01,353,b,1,T10_353,val,False
T10_d01_355_a_1.jpg,T10,d01,355,a,1,T10_355,train,False
T10_d01_355_b_1.jpg,T10,d01,355,b,1,T10_355,train,False
T10_d01_357_a_1.jpg,T10,d01,357,a,1,T10_357,train,False
T10_d01_357_b_1.jpg,T10,d01,357,b,1,T10_357,train,False
T10_d01_358_a_1.jpg,T10,d01,358,a,1,T10_358,nuevo,False
T10_d01_358_b_1.jpg,T10,d01,358,b,1,T10_358,nuevo,False
T10_d01_359_a_1.jpg,T10,d01,359,a,1,T10_359,nuevo,False
T10_d01_359_b_1.jpg,T10,d01,359,b,1,T10_359,nuevo,False
T10_d01_365_a_1.jpg,T10,d01,365,a,1,T10_365,train,True
T10_d01_365_b_1.jpg,T10,d01,365,b,1,T10_365,train,False
T10_d01_366_a_1.jpg,T10,d01,366,a,1,T10_366,train,False
T10_d01_366_b_1.jpg,T10,d01,366,b,1,T10_366,train,False
T10_d01_367_a_1.jpg,T10,d01,367,a,1,T10_367,train,False
T10_d01_367_b_1.jpg,T10,d01,367,b,1,T10_367,train,False
T10_d01_368_a_1.jpg,T10,d01,368,a,1,T10_368,val,True
T10_d01_368_b_1.jpg,T10,d01,368,b,1,T10_368,val,False
T10_d01_372_a_1.jpg,T10,d01,372,a,1,T10_372,train,False
T10_d01_372_b_1.jpg,T10,d01,372,b,1,T10_372,train,False
T10_d01_373_a_1.jpg,T10,d01,373,a,1,T10_373,val,False
T10_d01_373_b_1.jpg,T10,d01,373,b,1,T10_373,val,False
T10_d01_375_a_1.jpg,T10,d01,375,a,1,T10_375,val,False
T10_d01_375_b_1.jpg,T10,d01,375,b,1,T10_375,val,False
T10_d01_376_a_1.jpg,T10,d01,376,a,1,T10_376,train,True
T10_d01_376_b_1.jpg,T10,d01,376,b,1,T10_376,train,False
T10_d01_377_a_1.jpg,T10,d01,377,a,1,T10_377,train,False
T10_d01_377_b_1.jpg,T10,d01,377,b,1,T10_377,train,False
T10_d01_381_a_1.jpg,T10,d01,381,a,1,T10_381,train,False
T10_d01_381_b_1.jpg,T10,d01,381,b,1,T10_381,train,False
T10_d01_382_a_1.jpg,T10,d01,382,a,1,T10_382,train,False
T10_d01_382_b_1.jpg,T10,d01,382,b,1,T10_382,train,False
T10_d01_385_a_1.jpg,T10,d01,385,a,1,T10_385,val,True
T10_d01_385_b_1.jpg,T10,d01,385,b,1,T10_385,val,False
T10_d01_387_a_1.jpg,T10,d01,387,a,1,T10_387,train,False
T10_d01_387_b_1.jpg,T10,d01,387,b,1,T10_387,train,False
T10_d01_392_a_1.jpg,T10,d01,392,a,1,T10_392,test,False
T10_d01_392_b_1.jpg,T10,d01,392,b,1,T10_392,test,False
T10_d01_393_a_1.jpg,T10,d01,393,a,1,T10_393,val,False
T10_d01_393_b_1.jpg,T10,d01,393,b,1,T10_393,val,False
T10_d01_395_a_1.jpg,T10,d01,395,a,1,T10_395,test,False
T10_d01_395_b_1.jpg,T10,d01,395,b,1,T10_395,test,False
T10_d01_398_a_1.jpg,T10,d01,398,a,1,T10_398,val,False
T10_d01_398_b_1.jpg,T10,d01,398,b,1,T10_398,val,False
T10_d01_399_a_1.jpg,T10,d01,399,a,1,T10_399,val,False
T10_d01_399_b_1.jpg,T10,d01,399,b,1,T10_399,val,False
T10_d01_400_a_1.jpg,T10,d01,400,a,1,T10_400,train,False
T10_d01_400_b_1.jpg,T10,d01,400,b,1,T10_400,train,False
T10_d01_401_a_1.jpg,T10,d01,401,a,1,T10_401,train,False
T10_d01_401_b_1.jpg,T10,d01,401,b,1,T10_401,train,False
T10_d01_402_a_1.jpg,T10,d01,402,a,1,T10_402,val,False
T10_d01_402_b_1.jpg,T10,d01,402,b,1,T10_402,val,False
T10_d01_405_a_1.jpg,T10,d01,405,a,1,T10_405,train,False
T10_d01_405_b_1.jpg,T10,d01,405,b,1,T10_405,train,False
T10_d01_406_a_1.jpg,T10,d01,406,a,1,T10_406,val,True
T10_d01_406_b_1.jpg,T10,d01,406,b,1,T10_406,val,False
T10_d01_408_a_1.jpg,T10,d01,408,a,1,T10_408,train,False
T10_d01_408_b_1.jpg,T10,d01,408,b,1,T10_408,train,False
T10_d01_410_a_1.jpg,T10,d01,410,a,1,T10_410,train,True
T10_d01_410_b_1.jpg,T10,d01,410,b,1,T10_410,train,False
T10_d01_411_a_1.jpg,T10,d01,411,a,1,T10_411,val,False
T10_d01_411_b_1.jpg,T10,d01,411,b,1,T10_411,val,False
T10_d01_413_a_1.jpg,T10,d01,413,a,1,T10_413,train,False
T10_d01_413_b_1.jpg,T10,d01,413,b,1,T10_413,train,False
T10_d01_414_a_1.jpg,T10,d01,414,a,1,T10_414,train,True
T10_d01_414_b_1.jpg,T10,d01,414,b,1,T10_414,train,False
T10_d01_415_a_1.jpg,T10,d01,415,a,1,T10_415,train,False
T10_d01_415_b_1.jpg,T10,d01,415,b,1,T10_415,train,False
T10_d01_418_a_1.jpg,T10,d01,418,a,1,T10_418,train,True
T10_d01_418_b_1.jpg,T10,d01,418,b,1,T10_418,train,False
T10_d01_420_a_1.jpg,T10,d01,420,a,1,T10_420,train,False
T10_d01_420_b_1.jpg,T10,d01,420,b,1,T10_420,train,False
T10_d01_422_a_1.jpg,T10,d01,422,a,1,T10_422,train,False
T10_d01_422_b_1.jpg,T10,d01,422,b,1,T10_422,train,False
T10_d01_425_a_1.jpg,T10,d01,425,a,1,T10_425,train,False
T10_d01_425_b_1.jpg,T10,d01,425,b,1,T10_425,train,False
T10_d01_429_a_1.jpg,T10,d01,429,a,1,T10_429,train,False
T10_d01_429_b_1.jpg,T10,d01,429,b,1,T10_429,train,False
T10_d01_430_a_1.jpg,T10,d01,430,a,1,T10_430,val,False
T10_d01_430_b_1.jpg,T10,d01,430,b,1,T10_430,val,False
T10_d01_442_a_1.jpg,T10,d01,442,a,1,T10_442,train,False
T10_d01_442_b_1.jpg,T10,d01,442,b,1,T10_442,train,False
T10_d01_444_a_1.jpg,T10,d01,444,a,1,T10_444,train,False
T10_d01_444_b_1.jpg,T10,d01,444,b,1,T10_444,train,False
T10_d01_445_a_1.jpg,T10,d01,445,a,1,T10_445,train,False
T10_d01_445_b_1.jpg,T10,d01,445,b,1,T10_445,train,False
T10_d01_446_a_1.jpg,T10,d01,446,a,1,T10_446,train,False
T10_d01_446_b_1.jpg,T10,d01,446,b,1,T10_446,train,False
T10_d01_447_a_1.jpg,T10,d01,447,a,1,T10_447,train,True
T10_d01_447_b_1.jpg,T10,d01,447,b,1,T10_447,train,False
T10_d01_448_a_1.jpg,T10,d01,448,a,1,T10_448,train,False
T10_d01_448_b_1.jpg,T10,d01,448,b,1,T10_448,train,False
T10_d01_449_a_1.jpg,T10,d01,449,a,1,T10_449,train,False
T10_d01_449_b_1.jpg,T10,d01,449,b,1,T10_449,train,False
T10_d01_450_a_1.jpg,T10,d01,450,a,1,T10_450,val,False
T10_d01_450_b_1.jpg,T10,d01,450,b,1,T10_450,val,False
T10_d01_451_a_1.jpg,T10,d01,451,a,1,T10_451,val,False
T10_d01_451_b_1.jpg,T10,d01,451,b,1,T10_451,val,False
T10_d01_452_a_1.jpg,T10,d01,452,a,1,T10_452,val,False
T10_d01_452_b_1.jpg,T10,d01,452,b,1,T10_452,val,True
T10_d01_454_a_1.jpg,T10,d01,454,a,1,T10_454,train,False
T10_d01_454_b_1.jpg,T10,d01,454,b,1,T10_454,train,False
T10_d01_458_a_1.jpg,T10,d01,458,a,1,T10_458,train,False
T10_d01_458_b_1.jpg,T10,d01,458,b,1,T10_458,train,False
T10_d01_459_a_1.jpg,T10,d01,459,a,1,T10_459,train,False
T10_d01_459_b_1.jpg,T10,d01,459,b,1,T10_459,train,False
T10_d01_470_a_1.jpg,T10,d01,470,a,1,T10_470,train,False
T10_d01_470_b_1.jpg,T10,d01,470,b,1,T10_470,train,False
T10_d01_471_a_1.jpg,T10,d01,471,a,1,T10_471,test,False
T10_d01_471_b_1.jpg,T10,d01,471,b,1,T10_471,test,False
T10_d01_475_a_1.jpg,T10,d01,475,a,1,T10_475,train,False
T10_d01_475_b_1.jpg,T10,d01,475,b,1,T10_475,train,True
T10_d01_476_a_1.jpg,T10,d01,476,a,1,T10_476,nuevo,False
T10_d01_476_b_1.jpg,T10,d01,476,b,1,T10_476,nuevo,False
T10_d01_478_a_1.jpg,T10,d01,478,a,1,T10_478,val,False
T10_d01_478_b_1.jpg,T10,d01,478,b,1,T10_478,val,True
T10_d02_002_a_1.jpg,T10,d02,002,a,1,T10_002,train,False
T10_d02_002_b_1.jpg,T10,d02,002,b,1,T10_002,train,False
T10_d02_003_a_1.jpg,T10,d02,003,a,1,T10_003,train,False
T10_d02_003_b_1.jpg,T10,d02,003,b,1,T10_003,train,False
T10_d02_007_a_1.jpg,T10,d02,007,a,1,T10_007,train,False
T10_d02_007_b_1.jpg,T10,d02,007,b,1,T10_007,train,False
T10_d02_011_a_1.jpg,T10,d02,011,a,1,T10_011,train,False
T10_d02_011_b_1.jpg,T10,d02,011,b,1,T10_011,train,False
T10_d02_012_a_1.jpg,T10,d02,012,a,1,T10_012,val,True
T10_d02_012_b_1.jpg,T10,d02,012,b,1,T10_012,val,False
T10_d02_013_a_1.jpg,T10,d02,013,a,1,T10_013,train,False
T10_d02_013_b_1.jpg,T10,d02,013,b,1,T10_013,train,False
T10_d02_014_a_1.jpg,T10,d02,014,a,1,T10_014,val,True
T10_d02_014_b_1.jpg,T10,d02,014,b,1,T10_014,val,True
T10_d02_015_a_1.jpg,T10,d02,015,a,1,T10_015,test,False
T10_d02_015_b_1.jpg,T10,d02,015,b,1,T10_015,test,False
T10_d02_018_a_1.jpg,T10,d02,018,a,1,T10_018,val,False
T10_d02_018_b_1.jpg,T10,d02,018,b,1,T10_018,val,False
T10_d02_021_a_1.jpg,T10,d02,021,a,1,T10_021,train,False
T10_d02_021_b_1.jpg,T10,d02,021,b,1,T10_021,train,False
T10_d02_022_a_1.jpg,T10,d02,022,a,1,T10_022,train,False
T10_d02_022_b_1.jpg,T10,d02,022,b,1,T10_022,train,False
T10_d02_026_a_1.jpg,T10,d02,026,a,1,T10_026,train,False
T10_d02_026_b_1.jpg,T10,d02,026,b,1,T10_026,train,False
T10_d02_027_a_1.jpg,T10,d02,027,a,1,T10_027,train,False
T10_d02_027_b_1.jpg,T10,d02,027,b,1,T10_027,train,False
T10_d02_033_a_1.jpg,T10,d02,033,a,1,T10_033,val,True
T10_d02_033_b_1.jpg,T10,d02,033,b,1,T10_033,val,False
T10_d02_034_a_1.jpg,T10,d02,034,a,1,T10_034,train,False
T10_d02_034_b_1.jpg,T10,d02,034,b,1,T10_034,train,True
T10_d02_035_a_1.jpg,T10,d02,035,a,1,T10_035,val,False
T10_d02_035_b_1.jpg,T10,d02,035,b,1,T10_035,val,False
T10_d02_037_a_1.jpg,T10,d02,037,a,1,T10_037,nuevo,False
T10_d02_037_b_1.jpg,T10,d02,037,b,1,T10_037,nuevo,False
T10_d02_038_a_1.jpg,T10,d02,038,a,1,T10_038,val,True
T10_d02_038_b_1.jpg,T10,d02,038,b,1,T10_038,val,True
T10_d02_041_a_1.jpg,T10,d02,041,a,1,T10_041,val,False
T10_d02_041_b_1.jpg,T10,d02,041,b,1,T10_041,val,False
T10_d02_045_a_1.jpg,T10,d02,045,a,1,T10_045,nuevo,False
T10_d02_045_b_1.jpg,T10,d02,045,b,1,T10_045,nuevo,False
T10_d02_046_a_1.jpg,T10,d02,046,a,1,T10_046,train,False
T10_d02_046_b_1.jpg,T10,d02,046,b,1,T10_046,train,False
T10_d02_047_a_1.jpg,T10,d02,047,a,1,T10_047,train,False
T10_d02_047_b_1.jpg,T10,d02,047,b,1,T10_047,train,False
T10_d02_048_a_1.jpg,T10,d02,048,a,1,T10_048,train,False
T10_d02_048_b_1.jpg,T10,d02,048,b,1,T10_048,train,False
T10_d02_054_a_1.jpg,T10,d02,054,a,1,T10_054,train,True
T10_d02_054_b_1.jpg,T10,d02,054,b,1,T10_054,train,False
T10_d02_055_a_1.jpg,T10,d02,055,a,1,T10_055,train,False
T10_d02_055_b_1.jpg,T10,d02,055,b,1,T10_055,train,False
T10_d02_058_a_1.jpg,T10,d02,058,a,1,T10_058,val,False
T10_d02_058_b_1.jpg,T10,d02,058,b,1,T10_058,val,True
T10_d02_061_a_1.jpg,T10,d02,061,a,1,T10_061,train,True
T10_d02_061_b_1.jpg,T10,d02,061,b,1,T10_061,train,False
T10_d02_065_a_2.jpg,T10,d02,065,a,2,T10_065,val,False
T10_d02_065_b_2.jpg,T10,d02,065,b,2,T10_065,val,False
T10_d02_067_a_1.jpg,T10,d02,067,a,1,T10_067,train,False
T10_d02_067_b_1.jpg,T10,d02,067,b,1,T10_067,train,False
T10_d02_069_a_1.jpg,T10,d02,069,a,1,T10_069,train,False
T10_d02_069_b_1.jpg,T10,d02,069,b,1,T10_069,train,False
T10_d02_080_a_1.jpg,T10,d02,080,a,1,T10_080,val,False
T10_d02_080_b_1.jpg,T10,d02,080,b,1,T10_080,val,False
T10_d02_083_a_1.jpg,T10,d02,083,a,1,T10_083,train,False
T10_d02_083_b_1.jpg,T10,d02,083,b,1,T10_083,train,False
T10_d02_087_a_1.jpg,T10,d02,087,a,1,T10_087,val,False
T10_d02_087_b_1.jpg,T10,d02,087,b,1,T10_087,val,False
T10_d02_089_a_1.jpg,T10,d02,089,a,1,T10_089,train,False
T10_d02_089_b_1.jpg,T10,d02,089,b,1,T10_089,train,False
T10_d02_092_a_1.jpg,T10,d02,092,a,1,T10_092,test,False
T10_d02_092_b_1.jpg,T10,d02,092,b,1,T10_092,test,False
T10_d02_093_a_1.jpg,T10,d02,093,a,1,T10_093,train,False
T10_d02_093_b_1.jpg,T10,d02,093,b,1,T10_093,train,False
T10_d02_094_a_1.jpg,T10,d02,094,a,1,T10_094,train,False
T10_d02_094_b_1.jpg,T10,d02,094,b,1,T10_094,train,False
T10_d02_096_a_1.jpg,T10,d02,096,a,1,T10_096,train,True
T10_d02_096_b_1.jpg,T10,d02,096,b,1,T10_096,train,False
T10_d02_097_a_1.jpg,T10,d02,097,a,1,T10_097,train,False
T10_d02_097_b_1.jpg,T10,d02,097,b,1,T10_097,train,False
T10_d02_098_a_1.jpg,T10,d02,098,a,1,T10_098,train,False
T10_d02_098_b_1.jpg,T10,d02,098,b,1,T10_098,train,False
T10_d02_099_a_1.jpg,T10,d02,099,a,1,T10_099,train,False
T10_d02_099_b_1.jpg,T10,d02,099,b,1,T10_099,train,False
T10_d02_100_a_1.jpg,T10,d02,100,a,1,T10_100,test,False
T10_d02_100_b_1.jpg,T10,d02,100,b,1,T10_100,test,False
T10_d02_104_a_1.jpg,T10,d02,104,a,1,T10_104,nuevo,False
T10_d02_104_b_1.jpg,T10,d02,104,b,1,T10_104,nuevo,False
T10_d02_108_a_1.jpg,T10,d02,108,a,1,T10_108,train,False
T10_d02_108_b_1.jpg,T10,d02,108,b,1,T10_108,train,False
T10_d02_110_a_1.jpg,T10,d02,110,a,1,T10_110,train,False
T10_d02_110_b_1.jpg,T10,d02,110,b,1,T10_110,train,False
T10_d02_111_a_1.jpg,T10,d02,111,a,1,T10_111,val,False
T10_d02_111_b_1.jpg,T10,d02,111,b,1,T10_111,val,False
T10_d02_113_a_1.jpg,T10,d02,113,a,1,T10_113,train,True
T10_d02_113_b_1.jpg,T10,d02,113,b,1,T10_113,train,False
T10_d02_118_a_1.jpg,T10,d02,118,a,1,T10_118,train,False
T10_d02_118_b_1.jpg,T10,d02,118,b,1,T10_118,train,False
T10_d02_120_a_1.jpg,T10,d02,120,a,1,T10_120,train,False
T10_d02_120_b_1.jpg,T10,d02,120,b,1,T10_120,train,False
T10_d02_122_a_1.jpg,T10,d02,122,a,1,T10_122,train,False
T10_d02_122_b_1.jpg,T10,d02,122,b,1,T10_122,train,False
T10_d02_125_a_1.jpg,T10,d02,125,a,1,T10_125,train,False
T10_d02_125_b_1.jpg,T10,d02,125,b,1,T10_125,train,False
T10_d02_128_a_1.jpg,T10,d02,128,a,1,T10_128,train,False
T10_d02_128_b_1.jpg,T10,d02,128,b,1,T10_128,train,False
T10_d02_129_a_1.jpg,T10,d02,129,a,1,T10_129,train,False
T10_d02_129_b_1.jpg,T10,d02,129,b,1,T10_129,train,False
T10_d02_130_a_1.jpg,T10,d02,130,a,1,T10_130,train,False
T10_d02_130_b_1.jpg,T10,d02,130,b,1,T10_130,train,False
T10_d02_131_a_1.jpg,T10,d02,131,a,1,T10_131,train,False
T10_d02_131_b_1.jpg,T10,d02,131,b,1,T10_131,train,False
T10_d02_133_a_1.jpg,T10,d02,133,a,1,T10_133,train,False
T10_d02_133_b_1.jpg,T10,d02,133,b,1,T10_133,train,False
T10_d02_136_a_1.jpg,T10,d02,136,a,1,T10_136,val,False
T10_d02_136_b_1.jpg,T10,d02,136,b,1,T10_136,val,False
T10_d02_138_a_1.jpg,T10,d02,138,a,1,T10_138,train,False
T10_d02_138_b_1.jpg,T10,d02,138,b,1,T10_138,train,False
T10_d02_145_a_1.jpg,T10,d02,145,a,1,T10_145,train,False
T10_d02_145_b_1.jpg,T10,d02,145,b,1,T10_145,train,False
T10_d02_148_a_1.jpg,T10,d02,148,a,1,T10_148,nuevo,False
T10_d02_148_b_1.jpg,T10,d02,148,b,1,T10_148,nuevo,False
T10_d02_149_a_1.jpg,T10,d02,149,a,1,T10_149,train,False
T10_d02_149_b_1.jpg,T10,d02,149,b,1,T10_149,train,False
T10_d02_152_a_1.jpg,T10,d02,152,a,1,T10_152,train,False
T10_d02_152_b_1.jpg,T10,d02,152,b,1,T10_152,train,False
T10_d02_156_a_1.jpg,T10,d02,156,a,1,T10_156,train,False
T10_d02_156_b_1.jpg,T10,d02,156,b,1,T10_156,train,False
T10_d02_162_a_1.jpg,T10,d02,162,a,1,T10_162,test,False
T10_d02_162_b_1.jpg,T10,d02,162,b,1,T10_162,test,False
T10_d02_163_a_1.jpg,T10,d02,163,a,1,T10_163,train,False
T10_d02_163_b_1.jpg,T10,d02,163,b,1,T10_163,train,True
T10_d02_165_a_1.jpg,T10,d02,165,a,1,T10_165,train,False
T10_d02_165_b_1.jpg,T10,d02,165,b,1,T10_165,train,False
T10_d02_166_a_1.jpg,T10,d02,166,a,1,T10_166,train,False
T10_d02_166_b_1.jpg,T10,d02,166,b,1,T10_166,train,False
T10_d02_167_a_1.jpg,T10,d02,167,a,1,T10_167,train,False
T10_d02_167_b_1.jpg,T10,d02,167,b,1,T10_167,train,False
T10_d02_168_a_1.jpg,T10,d02,168,a,1,T10_168,train,False
T10_d02_168_b_1.jpg,T10,d02,168,b,1,T10_168,train,False
T10_d02_172_a_1.jpg,T10,d02,172,a,1,T10_172,train,False
T10_d02_172_b_1.jpg,T10,d02,172,b,1,T10_172,train,False
T10_d02_180_a_1.jpg,T10,d02,180,a,1,T10_180,nuevo,False
T10_d02_180_b_1.jpg,T10,d02,180,b,1,T10_180,nuevo,False
T10_d02_181_a_1.jpg,T10,d02,181,a,1,T10_181,train,False
T10_d02_181_b_1.jpg,T10,d02,181,b,1,T10_181,train,False
T10_d02_186_a_1.jpg,T10,d02,186,a,1,T10_186,val,False
T10_d02_186_b_1.jpg,T10,d02,186,b,1,T10_186,val,False
T10_d02_193_a_1.jpg,T10,d02,193,a,1,T10_193,train,False
T10_d02_193_b_1.jpg,T10,d02,193,b,1,T10_193,train,False
T10_d02_194_a_1.jpg,T10,d02,194,a,1,T10_194,train,True
T10_d02_194_b_1.jpg,T10,d02,194,b,1,T10_194,train,False
T10_d02_196_a_1.jpg,T10,d02,196,a,1,T10_196,train,False
T10_d02_196_b_1.jpg,T10,d02,196,b,1,T10_196,train,False
T10_d02_202_a_1.jpg,T10,d02,202,a,1,T10_202,train,False
T10_d02_202_b_1.jpg,T10,d02,202,b,1,T10_202,train,False
T10_d02_204_a_1.jpg,T10,d02,204,a,1,T10_204,train,False
T10_d02_204_b_1.jpg,T10,d02,204,b,1,T10_204,train,False
T10_d02_206_a_1.jpg,T10,d02,206,a,1,T10_206,train,False
T10_d02_206_b_1.jpg,T10,d02,206,b,1,T10_206,train,False
T10_d02_211_a_1.jpg,T10,d02,211,a,1,T10_211,train,False
T10_d02_211_b_1.jpg,T10,d02,211,b,1,T10_211,train,False
T10_d02_213_a_1.jpg,T10,d02,213,a,1,T10_213,train,False
T10_d02_213_b_1.jpg,T10,d02,213,b,1,T10_213,train,False
T10_d02_215_a_1.jpg,T10,d02,215,a,1,T10_215,train,False
T10_d02_215_b_1.jpg,T10,d02,215,b,1,T10_215,train,False
T10_d02_217_a_1.jpg,T10,d02,217,a,1,T10_217,train,False
T10_d02_217_b_1.jpg,T10,d02,217,b,1,T10_217,train,False
T10_d02_219_a_1.jpg,T10,d02,219,a,1,T10_219,test,False
T10_d02_219_b_1.jpg,T10,d02,219,b,1,T10_219,test,False
T10_d02_220_a_1.jpg,T10,d02,220,a,1,T10_220,val,False
T10_d02_220_b_1.jpg,T10,d02,220,b,1,T10_220,val,False
T10_d02_221_a_1.jpg,T10,d02,221,a,1,T10_221,train,False
T10_d02_221_b_1.jpg,T10,d02,221,b,1,T10_221,train,False
T10_d02_223_a_1.jpg,T10,d02,223,a,1,T10_223,train,False
T10_d02_223_b_1.jpg,T10,d02,223,b,1,T10_223,train,False
T10_d02_227_a_2.jpg,T10,d02,227,a,2,T10_227,train,True
T10_d02_227_b_2.jpg,T10,d02,227,b,2,T10_227,train,True
T10_d02_229_a_1.jpg,T10,d02,229,a,1,T10_229,train,False
T10_d02_229_b_1.jpg,T10,d02,229,b,1,T10_229,train,False
T10_d02_233_a_1.jpg,T10,d02,233,a,1,T10_233,train,False
T10_d02_233_b_1.jpg,T10,d02,233,b,1,T10_233,train,False
T10_d02_234_a_1.jpg,T10,d02,234,a,1,T10_234,train,False
T10_d02_234_b_1.jpg,T10,d02,234,b,1,T10_234,train,False
T10_d02_236_a_1.jpg,T10,d02,236,a,1,T10_236,train,False
T10_d02_236_b_1.jpg,T10,d02,236,b,1,T10_236,train,False
T10_d02_237_a_1.jpg,T10,d02,237,a,1,T10_237,train,False
T10_d02_237_b_1.jpg,T10,d02,237,b,1,T10_237,train,False
T10_d02_243_a_1.jpg,T10,d02,243,a,1,T10_243,train,False
T10_d02_243_b_1.jpg,T10,d02,243,b,1,T10_243,train,False
T10_d02_245_a_1.jpg,T10,d02,245,a,1,T10_245,train,False
T10_d02_245_b_1.jpg,T10,d02,245,b,1,T10_245,train,False
T10_d02_250_a_1.jpg,T10,d02,250,a,1,T10_250,train,False
T10_d02_250_b_1.jpg,T10,d02,250,b,1,T10_250,train,True
T10_d02_252_a_1.jpg,T10,d02,252,a,1,T10_252,train,False
T10_d02_252_b_1.jpg,T10,d02,252,b,1,T10_252,train,False
T10_d02_253_a_1.jpg,T10,d02,253,a,1,T10_253,val,False
T10_d02_253_b_1.jpg,T10,d02,253,b,1,T10_253,val,False
T10_d02_254_a_1.jpg,T10,d02,254,a,1,T10_254,val,False
T10_d02_254_b_1.jpg,T10,d02,254,b,1,T10_254,val,False
T10_d02_262_a_1.jpg,T10,d02,262,a,1,T10_262,train,False
T10_d02_262_b_1.jpg,T10,d02,262,b,1,T10_262,train,False
T10_d02_266_a_1.jpg,T10,d02,266,a,1,T10_266,train,False
T10_d02_266_b_1.jpg,T10,d02,266,b,1,T10_266,train,False
T10_d02_269_a_1.jpg,T10,d02,269,a,1,T10_269,train,False
T10_d02_269_b_1.jpg,T10,d02,269,b,1,T10_269,train,False
T10_d02_274_a_1.jpg,T10,d02,274,a,1,T10_274,nuevo,False
T10_d02_274_b_1.jpg,T10,d02,274,b,1,T10_274,nuevo,False
T10_d02_275_a_1.jpg,T10,d02,275,a,1,T10_275,test,True
T10_d02_275_b_1.jpg,T10,d02,275,b,1,T10_275,test,False
T10_d02_276_a_1.jpg,T10,d02,276,a,1,T10_276,train,False
T10_d02_276_b_1.jpg,T10,d02,276,b,1,T10_276,train,False
T10_d02_282_a_1.jpg,T10,d02,282,a,1,T10_282,train,False
T10_d02_282_b_1.jpg,T10,d02,282,b,1,T10_282,train,True
T10_d02_283_a_1.jpg,T10,d02,283,a,1,T10_283,train,False
T10_d02_283_b_1.jpg,T10,d02,283,b,1,T10_283,train,False
T10_d02_284_a_1.jpg,T10,d02,284,a,1,T10_284,train,False
T10_d02_284_b_1.jpg,T10,d02,284,b,1,T10_284,train,False
T10_d02_290_a_1.jpg,T10,d02,290,a,1,T10_290,train,False
T10_d02_290_b_1.jpg,T10,d02,290,b,1,T10_290,train,False
T10_d02_292_a_1.jpg,T10,d02,292,a,1,T10_292,val,False
T10_d02_292_b_1.jpg,T10,d02,292,b,1,T10_292,val,False
T10_d02_294_a_1.jpg,T10,d02,294,a,1,T10_294,train,False
T10_d02_294_b_1.jpg,T10,d02,294,b,1,T10_294,train,False
T10_d02_295_a_1.jpg,T10,d02,295,a,1,T10_295,train,False
T10_d02_295_b_1.jpg,T10,d02,295,b,1,T10_295,train,False
T10_d02_296_a_1.jpg,T10,d02,296,a,1,T10_296,train,False
T10_d02_296_b_1.jpg,T10,d02,296,b,1,T10_296,train,True
T10_d02_298_a_1.jpg,T10,d02,298,a,1,T10_298,nuevo,False
T10_d02_298_b_1.jpg,T10,d02,298,b,1,T10_298,nuevo,False
T10_d02_306_a_1.jpg,T10,d02,306,a,1,T10_306,train,False
T10_d02_306_b_1.jpg,T10,d02,306,b,1,T10_306,train,False
T10_d02_310_a_1.jpg,T10,d02,310,a,1,T10_310,val,False
T10_d02_310_b_1.jpg,T10,d02,310,b,1,T10_310,val,False
T10_d02_314_a_1.jpg,T10,d02,314,a,1,T10_314,nuevo,False
T10_d02_314_b_1.jpg,T10,d02,314,b,1,T10_314,nuevo,False
T10_d02_315_a_1.jpg,T10,d02,315,a,1,T10_315,train,False
T10_d02_315_b_1.jpg,T10,d02,315,b,1,T10_315,train,False
T10_d02_325_a_1.jpg,T10,d02,325,a,1,T10_325,train,False
T10_d02_325_b_1.jpg,T10,d02,325,b,1,T10_325,train,False
T10_d02_326_a_1.jpg,T10,d02,326,a,1,T10_326,train,False
T10_d02_326_b_1.jpg,T10,d02,326,b,1,T10_326,train,False
T10_d02_327_a_1.jpg,T10,d02,327,a,1,T10_327,train,False
T10_d02_327_b_1.jpg,T10,d02,327,b,1,T10_327,train,False
T10_d02_328_a_1.jpg,T10,d02,328,a,1,T10_328,train,False
T10_d02_328_b_1.jpg,T10,d02,328,b,1,T10_328,train,False
T10_d02_330_a_1.jpg,T10,d02,330,a,1,T10_330,train,False
T10_d02_330_b_1.jpg,T10,d02,330,b,1,T10_330,train,False
T10_d02_331_a_1.jpg,T10,d02,331,a,1,T10_331,test,False
T10_d02_331_b_1.jpg,T10,d02,331,b,1,T10_331,test,False
T10_d02_333_a_1.jpg,T10,d02,333,a,1,T10_333,train,False
T10_d02_333_b_1.jpg,T10,d02,333,b,1,T10_333,train,False
T10_d02_336_a_1.jpg,T10,d02,336,a,1,T10_336,train,False
T10_d02_336_b_1.jpg,T10,d02,336,b,1,T10_336,train,False
T10_d02_337_a_1.jpg,T10,d02,337,a,1,T10_337,train,False
T10_d02_337_b_1.jpg,T10,d02,337,b,1,T10_337,train,False
T10_d02_338_a_1.jpg,T10,d02,338,a,1,T10_338,train,False
T10_d02_338_b_1.jpg,T10,d02,338,b,1,T10_338,train,False
T10_d02_349_a_1.jpg,T10,d02,349,a,1,T10_349,train,True
T10_d02_349_b_1.jpg,T10,d02,349,b,1,T10_349,train,False
T10_d02_350_a_1.jpg,T10,d02,350,a,1,T10_350,train,False
T10_d02_350_b_1.jpg,T10,d02,350,b,1,T10_350,train,False
T10_d02_351_a_1.jpg,T10,d02,351,a,1,T10_351,train,False
T10_d02_351_b_1.jpg,T10,d02,351,b,1,T10_351,train,False
T10_d02_353_a_1.jpg,T10,d02,353,a,1,T10_353,val,False
T10_d02_353_b_1.jpg,T10,d02,353,b,1,T10_353,val,False
T10_d02_355_a_1.jpg,T10,d02,355,a,1,T10_355,train,False
T10_d02_355_b_1.jpg,T10,d02,355,b,1,T10_355,train,False
T10_d02_357_a_1.jpg,T10,d02,357,a,1,T10_357,train,False
T10_d02_357_b_1.jpg,T10,d02,357,b,1,T10_357,train,False
T10_d02_358_a_1.jpg,T10,d02,358,a,1,T10_358,nuevo,False
T10_d02_358_b_1.jpg,T10,d02,358,b,1,T10_358,nuevo,False
T10_d02_365_a_1.jpg,T10,d02,365,a,1,T10_365,train,False
T10_d02_365_b_1.jpg,T10,d02,365,b,1,T10_365,train,False
T10_d02_366_a_1.jpg,T10,d02,366,a,1,T10_366,train,False
T10_d02_366_b_1.jpg,T10,d02,366,b,1,T10_366,train,True
T10_d02_367_a_1.jpg,T10,d02,367,a,1,T10_367,train,False
T10_d02_367_b_1.jpg,T10,d02,367,b,1,T10_367,train,False
T10_d02_368_a_1.jpg,T10,d02,368,a,1,T10_368,val,False
T10_d02_368_b_1.jpg,T10,d02,368,b,1,T10_368,val,False
T10_d02_372_a_1.jpg,T10,d02,372,a,1,T10_372,train,True
T10_d02_372_b_1.jpg,T10,d02,372,b,1,T10_372,train,False
T10_d02_373_a_1.jpg,T10,d02,373,a,1,T10_373,val,False
T10_d02_373_b_1.jpg,T10,d02,373,b,1,T10_373,val,False
T10_d02_375_a_1.jpg,T10,d02,375,a,1,T10_375,val,False
T10_d02_375_b_1.jpg,T10,d02,375,b,1,T10_375,val,False
T10_d02_376_a_1.jpg,T10,d02,376,a,1,T10_376,train,False
T10_d02_376_b_1.jpg,T10,d02,376,b,1,T10_376,train,False
T10_d02_377_a_1.jpg,T10,d02,377,a,1,T10_377,train,True
T10_d02_377_b_1.jpg,T10,d02,377,b,1,T10_377,train,False
T10_d02_381_a_1.jpg,T10,d02,381,a,1,T10_381,train,False
T10_d02_381_b_1.jpg,T10,d02,381,b,1,T10_381,train,False
T10_d02_382_a_1.jpg,T10,d02,382,a,1,T10_382,train,False
T10_d02_382_b_1.jpg,T10,d02,382,b,1,T10_382,train,False
T10_d02_385_a_1.jpg,T10,d02,385,a,1,T10_385,val,False
T10_d02_385_b_1.jpg,T10,d02,385,b,1,T10_385,val,False
T10_d02_387_a_1.jpg,T10,d02,387,a,1,T10_387,train,False
T10_d02_387_b_1.jpg,T10,d02,387,b,1,T10_387,train,False
T10_d02_392_a_1.jpg,T10,d02,392,a,1,T10_392,test,True
T10_d02_392_b_1.jpg,T10,d02,392,b,1,T10_392,test,False
T10_d02_393_a_1.jpg,T10,d02,393,a,1,T10_393,val,False
T10_d02_393_b_1.jpg,T10,d02,393,b,1,T10_393,val,False
T10_d02_395_a_1.jpg,T10,d02,395,a,1,T10_395,test,False
T10_d02_395_b_1.jpg,T10,d02,395,b,1,T10_395,test,False
T10_d02_398_a_1.jpg,T10,d02,398,a,1,T10_398,val,False
T10_d02_398_b_1.jpg,T10,d02,398,b,1,T10_398,val,False
T10_d02_399_a_1.jpg,T10,d02,399,a,1,T10_399,val,False
T10_d02_399_b_1.jpg,T10,d02,399,b,1,T10_399,val,False
T10_d02_400_a_1.jpg,T10,d02,400,a,1,T10_400,train,False
T10_d02_400_b_1.jpg,T10,d02,400,b,1,T10_400,train,False
T10_d02_401_a_1.jpg,T10,d02,401,a,1,T10_401,train,False
T10_d02_401_b_1.jpg,T10,d02,401,b,1,T10_401,train,True
T10_d02_402_a_1.jpg,T10,d02,402,a,1,T10_402,val,False
T10_d02_402_b_1.jpg,T10,d02,402,b,1,T10_402,val,False
T10_d02_405_a_1.jpg,T10,d02,405,a,1,T10_405,train,True
T10_d02_405_b_1.jpg,T10,d02,405,b,1,T10_405,train,False
T10_d02_406_a_1.jpg,T10,d02,406,a,1,T10_406,val,False
T10_d02_406_b_1.jpg,T10,d02,406,b,1,T10_406,val,False
T10_d02_408_a_1.jpg,T10,d02,408,a,1,T10_408,train,False
T10_d02_408_b_1.jpg,T10,d02,408,b,1,T10_408,train,False
T10_d02_410_a_1.jpg,T10,d02,410,a,1,T10_410,train,False
T10_d02_410_b_1.jpg,T10,d02,410,b,1,T10_410,train,False
T10_d02_411_a_1.jpg,T10,d02,411,a,1,T10_411,val,False
T10_d02_411_b_1.jpg,T10,d02,411,b,1,T10_411,val,False
T10_d02_413_a_1.jpg,T10,d02,413,a,1,T10_413,train,False
T10_d02_413_b_1.jpg,T10,d02,413,b,1,T10_413,train,False
T10_d02_414_a_1.jpg,T10,d02,414,a,1,T10_414,train,False
T10_d02_414_b_1.jpg,T10,d02,414,b,1,T10_414,train,False
T10_d02_415_a_1.jpg,T10,d02,415,a,1,T10_415,train,False
T10_d02_415_b_1.jpg,T10,d02,415,b,1,T10_415,train,False
T10_d02_420_a_1.jpg,T10,d02,420,a,1,T10_420,train,False
T10_d02_420_b_1.jpg,T10,d02,420,b,1,T10_420,train,False
T10_d02_422_a_1.jpg,T10,d02,422,a,1,T10_422,train,False
T10_d02_422_b_1.jpg,T10,d02,422,b,1,T10_422,train,False
T10_d02_425_a_1.jpg,T10,d02,425,a,1,T10_425,train,False
T10_d02_425_b_1.jpg,T10,d02,425,b,1,T10_425,train,False
T10_d02_429_a_1.jpg,T10,d02,429,a,1,T10_429,train,False
T10_d02_429_b_1.jpg,T10,d02,429,b,1,T10_429,train,False
T10_d02_430_a_1.jpg,T10,d02,430,a,1,T10_430,val,False
T10_d02_430_b_1.jpg,T10,d02,430,b,1,T10_430,val,False
T10_d02_442_a_1.jpg,T10,d02,442,a,1,T10_442,train,False
T10_d02_442_b_1.jpg,T10,d02,442,b,1,T10_442,train,False
T10_d02_444_a_1.jpg,T10,d02,444,a,1,T10_444,train,False
T10_d02_444_b_1.jpg,T10,d02,444,b,1,T10_444,train,False
T10_d02_445_a_1.jpg,T10,d02,445,a,1,T10_445,train,False
T10_d02_445_b_1.jpg,T10,d02,445,b,1,T10_445,train,True
T10_d02_446_a_1.jpg,T10,d02,446,a,1,T10_446,train,False
T10_d02_446_b_1.jpg,T10,d02,446,b,1,T10_446,train,False
T10_d02_447_a_1.jpg,T10,d02,447,a,1,T10_447,train,False
T10_d02_447_b_1.jpg,T10,d02,447,b,1,T10_447,train,False
T10_d02_448_a_1.jpg,T10,d02,448,a,1,T10_448,train,False
T10_d02_448_b_1.jpg,T10,d02,448,b,1,T10_448,train,False
T10_d02_449_a_1.jpg,T10,d02,449,a,1,T10_449,train,False
T10_d02_449_b_1.jpg,T10,d02,449,b,1,T10_449,train,False
T10_d02_450_a_1.jpg,T10,d02,450,a,1,T10_450,val,False
T10_d02_450_b_1.jpg,T10,d02,450,b,1,T10_450,val,False
T10_d02_451_a_1.jpg,T10,d02,451,a,1,T10_451,val,False
T10_d02_451_b_1.jpg,T10,d02,451,b,1,T10_451,val,False
T10_d02_452_a_1.jpg,T10,d02,452,a,1,T10_452,val,False
T10_d02_452_b_1.jpg,T10,d02,452,b,1,T10_452,val,False
T10_d02_454_a_1.jpg,T10,d02,454,a,1,T10_454,train,False
T10_d02_454_b_1.jpg,T10,d02,454,b,1,T10_454,train,False
T10_d02_458_a_1.jpg,T10,d02,458,a,1,T10_458,train,False
T10_d02_458_b_1.jpg,T10,d02,458,b,1,T10_458,train,False
T10_d02_459_a_1.jpg,T10,d02,459,a,1,T10_459,train,False
T10_d02_459_b_1.jpg,T10,d02,459,b,1,T10_459,train,False
T10_d02_470_a_1.jpg,T10,d02,470,a,1,T10_470,train,False
T10_d02_470_b_1.jpg,T10,d02,470,b,1,T10_470,train,False
T10_d02_471_a_1.jpg,T10,d02,471,a,1,T10_471,test,False
T10_d02_471_b_1.jpg,T10,d02,471,b,1,T10_471,test,False
T10_d02_475_a_1.jpg,T10,d02,475,a,1,T10_475,train,False
T10_d02_475_b_1.jpg,T10,d02,475,b,1,T10_475,train,False
T10_d02_478_a_1.jpg,T10,d02,478,a,1,T10_478,val,False
T10_d02_478_b_1.jpg,T10,d02,478,b,1,T10_478,val,False
T10_d03_002_a_1.jpg,T10,d03,002,a,1,T10_002,train,False
T10_d03_002_b_1.jpg,T10,d03,002,b,1,T10_002,train,False
T10_d03_003_a_1.jpg,T10,d03,003,a,1,T10_003,train,False
T10_d03_003_b_1.jpg,T10,d03,003,b,1,T10_003,train,False
T10_d03_007_a_1.jpg,T10,d03,007,a,1,T10_007,train,False
T10_d03_007_b_1.jpg,T10,d03,007,b,1,T10_007,train,False
T10_d03_011_a_1.jpg,T10,d03,011,a,1,T10_011,train,False
T10_d03_011_b_1.jpg,T10,d03,011,b,1,T10_011,train,False
T10_d03_012_a_1.jpg,T10,d03,012,a,1,T10_012,val,False
T10_d03_012_b_1.jpg,T10,d03,012,b,1,T10_012,val,False
T10_d03_013_a_1.jpg,T10,d03,013,a,1,T10_013,train,False
T10_d03_013_b_1.jpg,T10,d03,013,b,1,T10_013,train,False
T10_d03_014_a_1.jpg,T10,d03,014,a,1,T10_014,val,False
T10_d03_014_b_1.jpg,T10,d03,014,b,1,T10_014,val,False
T10_d03_015_a_1.jpg,T10,d03,015,a,1,T10_015,test,False
T10_d03_015_b_1.jpg,T10,d03,015,b,1,T10_015,test,False
T10_d03_018_a_1.jpg,T10,d03,018,a,1,T10_018,val,False
T10_d03_018_b_1.jpg,T10,d03,018,b,1,T10_018,val,False
T10_d03_021_a_1.jpg,T10,d03,021,a,1,T10_021,train,False
T10_d03_021_b_1.jpg,T10,d03,021,b,1,T10_021,train,False
T10_d03_022_a_1.jpg,T10,d03,022,a,1,T10_022,train,False
T10_d03_022_b_1.jpg,T10,d03,022,b,1,T10_022,train,False
T10_d03_026_a_1.jpg,T10,d03,026,a,1,T10_026,train,False
T10_d03_026_b_1.jpg,T10,d03,026,b,1,T10_026,train,False
T10_d03_027_a_1.jpg,T10,d03,027,a,1,T10_027,train,False
T10_d03_027_b_1.jpg,T10,d03,027,b,1,T10_027,train,False
T10_d03_033_a_1.jpg,T10,d03,033,a,1,T10_033,val,False
T10_d03_033_b_1.jpg,T10,d03,033,b,1,T10_033,val,False
T10_d03_034_a_1.jpg,T10,d03,034,a,1,T10_034,train,False
T10_d03_034_b_1.jpg,T10,d03,034,b,1,T10_034,train,False
T10_d03_035_a_1.jpg,T10,d03,035,a,1,T10_035,val,False
T10_d03_035_b_1.jpg,T10,d03,035,b,1,T10_035,val,False
T10_d03_037_a_1.jpg,T10,d03,037,a,1,T10_037,nuevo,False
T10_d03_037_b_1.jpg,T10,d03,037,b,1,T10_037,nuevo,False
T10_d03_038_a_1.jpg,T10,d03,038,a,1,T10_038,val,False
T10_d03_038_b_1.jpg,T10,d03,038,b,1,T10_038,val,True
T10_d03_041_a_1.jpg,T10,d03,041,a,1,T10_041,val,False
T10_d03_041_b_1.jpg,T10,d03,041,b,1,T10_041,val,False
T10_d03_045_a_1.jpg,T10,d03,045,a,1,T10_045,nuevo,False
T10_d03_045_b_1.jpg,T10,d03,045,b,1,T10_045,nuevo,False
T10_d03_046_a_1.jpg,T10,d03,046,a,1,T10_046,train,False
T10_d03_046_b_1.jpg,T10,d03,046,b,1,T10_046,train,False
T10_d03_047_a_1.jpg,T10,d03,047,a,1,T10_047,train,False
T10_d03_047_b_1.jpg,T10,d03,047,b,1,T10_047,train,False
T10_d03_048_a_1.jpg,T10,d03,048,a,1,T10_048,train,False
T10_d03_048_b_1.jpg,T10,d03,048,b,1,T10_048,train,False
T10_d03_054_a_1.jpg,T10,d03,054,a,1,T10_054,train,False
T10_d03_054_b_1.jpg,T10,d03,054,b,1,T10_054,train,False
T10_d03_055_a_1.jpg,T10,d03,055,a,1,T10_055,train,False
T10_d03_055_b_1.jpg,T10,d03,055,b,1,T10_055,train,False
T10_d03_058_a_1.jpg,T10,d03,058,a,1,T10_058,val,False
T10_d03_058_b_1.jpg,T10,d03,058,b,1,T10_058,val,False
T10_d03_061_a_1.jpg,T10,d03,061,a,1,T10_061,train,False
T10_d03_061_b_1.jpg,T10,d03,061,b,1,T10_061,train,False
T10_d03_065_a_2.jpg,T10,d03,065,a,2,T10_065,val,False
T10_d03_065_b_2.jpg,T10,d03,065,b,2,T10_065,val,False
T10_d03_067_a_1.jpg,T10,d03,067,a,1,T10_067,train,False
T10_d03_067_b_1.jpg,T10,d03,067,b,1,T10_067,train,False
T10_d03_069_a_1.jpg,T10,d03,069,a,1,T10_069,train,False
T10_d03_069_b_1.jpg,T10,d03,069,b,1,T10_069,train,False
T10_d03_072_a_1.jpg,T10,d03,072,a,1,T10_072,val,False
T10_d03_072_b_1.jpg,T10,d03,072,b,1,T10_072,val,True
T10_d03_080_a_1.jpg,T10,d03,080,a,1,T10_080,val,False
T10_d03_080_b_1.jpg,T10,d03,080,b,1,T10_080,val,False
T10_d03_083_a_1.jpg,T10,d03,083,a,1,T10_083,train,True
T10_d03_083_b_1.jpg,T10,d03,083,b,1,T10_083,train,False
T10_d03_087_a_1.jpg,T10,d03,087,a,1,T10_087,val,False
T10_d03_087_b_1.jpg,T10,d03,087,b,1,T10_087,val,False
T10_d03_089_a_1.jpg,T10,d03,089,a,1,T10_089,train,False
T10_d03_089_b_1.jpg,T10,d03,089,b,1,T10_089,train,False
T10_d03_092_a_1.jpg,T10,d03,092,a,1,T10_092,test,False
T10_d03_092_b_1.jpg,T10,d03,092,b,1,T10_092,test,False
T10_d03_093_a_1.jpg,T10,d03,093,a,1,T10_093,train,False
T10_d03_093_b_1.jpg,T10,d03,093,b,1,T10_093,train,False
T10_d03_094_a_1.jpg,T10,d03,094,a,1,T10_094,train,False
T10_d03_094_b_1.jpg,T10,d03,094,b,1,T10_094,train,False
T10_d03_096_a_1.jpg,T10,d03,096,a,1,T10_096,train,False
T10_d03_096_b_1.jpg,T10,d03,096,b,1,T10_096,train,False
T10_d03_097_a_1.jpg,T10,d03,097,a,1,T10_097,train,False
T10_d03_097_b_1.jpg,T10,d03,097,b,1,T10_097,train,False
T10_d03_098_a_1.jpg,T10,d03,098,a,1,T10_098,train,False
T10_d03_098_b_1.jpg,T10,d03,098,b,1,T10_098,train,False
T10_d03_099_a_1.jpg,T10,d03,099,a,1,T10_099,train,False
T10_d03_099_b_1.jpg,T10,d03,099,b,1,T10_099,train,False
T10_d03_100_a_1.jpg,T10,d03,100,a,1,T10_100,test,False
T10_d03_100_b_1.jpg,T10,d03,100,b,1,T10_100,test,False
T10_d03_104_a_1.jpg,T10,d03,104,a,1,T10_104,nuevo,False
T10_d03_104_b_1.jpg,T10,d03,104,b,1,T10_104,nuevo,False
T10_d03_108_a_1.jpg,T10,d03,108,a,1,T10_108,train,False
T10_d03_108_b_1.jpg,T10,d03,108,b,1,T10_108,train,True
T10_d03_110_a_1.jpg,T10,d03,110,a,1,T10_110,train,False
T10_d03_110_b_1.jpg,T10,d03,110,b,1,T10_110,train,False
T10_d03_111_a_1.jpg,T10,d03,111,a,1,T10_111,val,False
T10_d03_111_b_1.jpg,T10,d03,111,b,1,T10_111,val,False
T10_d03_113_a_1.jpg,T10,d03,113,a,1,T10_113,train,False
T10_d03_113_b_1.jpg,T10,d03,113,b,1,T10_113,train,False
T10_d03_118_a_1.jpg,T10,d03,118,a,1,T10_118,train,False
T10_d03_118_b_1.jpg,T10,d03,118,b,1,T10_118,train,False
T10_d03_120_a_1.jpg,T10,d03,120,a,1,T10_120,train,False
T10_d03_120_b_1.jpg,T10,d03,120,b,1,T10_120,train,False
T10_d03_122_a_1.jpg,T10,d03,122,a,1,T10_122,train,False
T10_d03_122_b_1.jpg,T10,d03,122,b,1,T10_122,train,False
T10_d03_125_a_1.jpg,T10,d03,125,a,1,T10_125,train,False
T10_d03_125_b_1.jpg,T10,d03,125,b,1,T10_125,train,False
T10_d03_128_a_1.jpg,T10,d03,128,a,1,T10_128,train,False
T10_d03_128_b_1.jpg,T10,d03,128,b,1,T10_128,train,False
T10_d03_129_a_1.jpg,T10,d03,129,a,1,T10_129,train,False
T10_d03_129_b_1.jpg,T10,d03,129,b,1,T10_129,train,False
T10_d03_130_a_1.jpg,T10,d03,130,a,1,T10_130,train,True
T10_d03_130_b_1.jpg,T10,d03,130,b,1,T10_130,train,False
T10_d03_131_a_1.jpg,T10,d03,131,a,1,T10_131,train,False
T10_d03_131_b_1.jpg,T10,d03,131,b,1,T10_131,train,False
T10_d03_133_a_1.jpg,T10,d03,133,a,1,T10_133,train,False
T10_d03_133_b_1.jpg,T10,d03,133,b,1,T10_133,train,False
T10_d03_136_a_1.jpg,T10,d03,136,a,1,T10_136,val,False
T10_d03_136_b_1.jpg,T10,d03,136,b,1,T10_136,val,False
T10_d03_138_a_1.jpg,T10,d03,138,a,1,T10_138,train,False
T10_d03_138_b_1.jpg,T10,d03,138,b,1,T10_138,train,False
T10_d03_145_a_1.jpg,T10,d03,145,a,1,T10_145,train,False
T10_d03_145_b_1.jpg,T10,d03,145,b,1,T10_145,train,False
T10_d03_148_a_1.jpg,T10,d03,148,a,1,T10_148,nuevo,False
T10_d03_148_b_1.jpg,T10,d03,148,b,1,T10_148,nuevo,False
T10_d03_149_a_1.jpg,T10,d03,149,a,1,T10_149,train,False
T10_d03_149_b_1.jpg,T10,d03,149,b,1,T10_149,train,False
T10_d03_152_a_1.jpg,T10,d03,152,a,1,T10_152,train,False
T10_d03_152_b_1.jpg,T10,d03,152,b,1,T10_152,train,False
T10_d03_156_a_1.jpg,T10,d03,156,a,1,T10_156,train,False
T10_d03_156_b_1.jpg,T10,d03,156,b,1,T10_156,train,False
T10_d03_162_a_1.jpg,T10,d03,162,a,1,T10_162,test,False
T10_d03_162_b_1.jpg,T10,d03,162,b,1,T10_162,test,False
T10_d03_163_a_1.jpg,T10,d03,163,a,1,T10_163,train,False
T10_d03_163_b_1.jpg,T10,d03,163,b,1,T10_163,train,True
T10_d03_165_a_1.jpg,T10,d03,165,a,1,T10_165,train,False
T10_d03_165_b_1.jpg,T10,d03,165,b,1,T10_165,train,False
T10_d03_166_a_1.jpg,T10,d03,166,a,1,T10_166,train,False
T10_d03_166_b_1.jpg,T10,d03,166,b,1,T10_166,train,True
T10_d03_167_a_1.jpg,T10,d03,167,a,1,T10_167,train,False
T10_d03_167_b_1.jpg,T10,d03,167,b,1,T10_167,train,False
T10_d03_168_a_1.jpg,T10,d03,168,a,1,T10_168,train,False
T10_d03_168_b_1.jpg,T10,d03,168,b,1,T10_168,train,False
T10_d03_172_a_1.jpg,T10,d03,172,a,1,T10_172,train,False
T10_d03_172_b_1.jpg,T10,d03,172,b,1,T10_172,train,True
T10_d03_180_a_1.jpg,T10,d03,180,a,1,T10_180,nuevo,False
T10_d03_180_b_1.jpg,T10,d03,180,b,1,T10_180,nuevo,False
T10_d03_181_a_1.jpg,T10,d03,181,a,1,T10_181,train,False
T10_d03_181_b_1.jpg,T10,d03,181,b,1,T10_181,train,True
T10_d03_186_a_1.jpg,T10,d03,186,a,1,T10_186,val,False
T10_d03_186_b_1.jpg,T10,d03,186,b,1,T10_186,val,False
T10_d03_193_a_1.jpg,T10,d03,193,a,1,T10_193,train,True
T10_d03_193_b_1.jpg,T10,d03,193,b,1,T10_193,train,False
T10_d03_194_a_1.jpg,T10,d03,194,a,1,T10_194,train,False
T10_d03_194_b_1.jpg,T10,d03,194,b,1,T10_194,train,False
T10_d03_196_a_1.jpg,T10,d03,196,a,1,T10_196,train,True
T10_d03_196_b_1.jpg,T10,d03,196,b,1,T10_196,train,False
T10_d03_202_a_1.jpg,T10,d03,202,a,1,T10_202,train,False
T10_d03_202_b_1.jpg,T10,d03,202,b,1,T10_202,train,False
T10_d03_204_a_1.jpg,T10,d03,204,a,1,T10_204,train,False
T10_d03_204_b_1.jpg,T10,d03,204,b,1,T10_204,train,False
T10_d03_206_a_1.jpg,T10,d03,206,a,1,T10_206,train,False
T10_d03_206_b_1.jpg,T10,d03,206,b,1,T10_206,train,False
T10_d03_211_a_1.jpg,T10,d03,211,a,1,T10_211,train,True
T10_d03_211_b_1.jpg,T10,d03,211,b,1,T10_211,train,False
T10_d03_213_a_1.jpg,T10,d03,213,a,1,T10_213,train,False
T10_d03_213_b_1.jpg,T10,d03,213,b,1,T10_213,train,False
T10_d03_215_a_1.jpg,T10,d03,215,a,1,T10_215,train,True
T10_d03_215_b_1.jpg,T10,d03,215,b,1,T10_215,train,False
T10_d03_217_a_1.jpg,T10,d03,217,a,1,T10_217,train,False
T10_d03_217_b_1.jpg,T10,d03,217,b,1,T10_217,train,False
T10_d03_219_a_1.jpg,T10,d03,219,a,1,T10_219,test,False
T10_d03_219_b_1.jpg,T10,d03,219,b,1,T10_219,test,False
T10_d03_220_a_1.jpg,T10,d03,220,a,1,T10_220,val,False
T10_d03_220_b_1.jpg,T10,d03,220,b,1,T10_220,val,False
T10_d03_221_a_1.jpg,T10,d03,221,a,1,T10_221,train,False
T10_d03_221_b_1.jpg,T10,d03,221,b,1,T10_221,train,False
T10_d03_223_a_1.jpg,T10,d03,223,a,1,T10_223,train,False
T10_d03_223_b_1.jpg,T10,d03,223,b,1,T10_223,train,True
T10_d03_227_a_2.jpg,T10,d03,227,a,2,T10_227,train,False
T10_d03_227_b_2.jpg,T10,d03,227,b,2,T10_227,train,False
T10_d03_229_a_1.jpg,T10,d03,229,a,1,T10_229,train,False
T10_d03_229_b_1.jpg,T10,d03,229,b,1,T10_229,train,False
T10_d03_233_a_1.jpg,T10,d03,233,a,1,T10_233,train,True
T10_d03_233_b_1.jpg,T10,d03,233,b,1,T10_233,train,True
T10_d03_234_a_1.jpg,T10,d03,234,a,1,T10_234,train,False
T10_d03_234_b_1.jpg,T10,d03,234,b,1,T10_234,train,False
T10_d03_236_a_1.jpg,T10,d03,236,a,1,T10_236,train,True
T10_d03_236_b_1.jpg,T10,d03,236,b,1,T10_236,train,True
T10_d03_237_a_1.jpg,T10,d03,237,a,1,T10_237,train,False
T10_d03_237_b_1.jpg,T10,d03,237,b,1,T10_237,train,False
T10_d03_243_a_1.jpg,T10,d03,243,a,1,T10_243,train,False
T10_d03_243_b_1.jpg,T10,d03,243,b,1,T10_243,train,False
T10_d03_245_a_1.jpg,T10,d03,245,a,1,T10_245,train,False
T10_d03_245_b_1.jpg,T10,d03,245,b,1,T10_245,train,False
T10_d03_250_a_1.jpg,T10,d03,250,a,1,T10_250,train,False
T10_d03_250_b_1.jpg,T10,d03,250,b,1,T10_250,train,False
T10_d03_252_a_1.jpg,T10,d03,252,a,1,T10_252,train,False
T10_d03_252_b_1.jpg,T10,d03,252,b,1,T10_252,train,False
T10_d03_253_a_1.jpg,T10,d03,253,a,1,T10_253,val,False
T10_d03_253_b_1.jpg,T10,d03,253,b,1,T10_253,val,True
T10_d03_254_a_1.jpg,T10,d03,254,a,1,T10_254,val,False
T10_d03_254_b_1.jpg,T10,d03,254,b,1,T10_254,val,False
T10_d03_262_a_1.jpg,T10,d03,262,a,1,T10_262,train,False
T10_d03_262_b_1.jpg,T10,d03,262,b,1,T10_262,train,False
T10_d03_266_a_1.jpg,T10,d03,266,a,1,T10_266,train,False
T10_d03_266_b_1.jpg,T10,d03,266,b,1,T10_266,train,False
T10_d03_269_a_1.jpg,T10,d03,269,a,1,T10_269,train,True
T10_d03_269_b_1.jpg,T10,d03,269,b,1,T10_269,train,True
T10_d03_274_a_1.jpg,T10,d03,274,a,1,T10_274,nuevo,False
T10_d03_274_b_1.jpg,T10,d03,274,b,1,T10_274,nuevo,False
T10_d03_275_a_1.jpg,T10,d03,275,a,1,T10_275,test,False
T10_d03_275_b_1.jpg,T10,d03,275,b,1,T10_275,test,False
T10_d03_276_a_1.jpg,T10,d03,276,a,1,T10_276,train,False
T10_d03_276_b_1.jpg,T10,d03,276,b,1,T10_276,train,False
T10_d03_282_a_1.jpg,T10,d03,282,a,1,T10_282,train,False
T10_d03_282_b_1.jpg,T10,d03,282,b,1,T10_282,train,False
T10_d03_283_a_1.jpg,T10,d03,283,a,1,T10_283,train,False
T10_d03_283_b_1.jpg,T10,d03,283,b,1,T10_283,train,False
T10_d03_284_a_1.jpg,T10,d03,284,a,1,T10_284,train,False
T10_d03_284_b_1.jpg,T10,d03,284,b,1,T10_284,train,False
T10_d03_290_a_1.jpg,T10,d03,290,a,1,T10_290,train,True
T10_d03_290_b_1.jpg,T10,d03,290,b,1,T10_290,train,False
T10_d03_292_a_1.jpg,T10,d03,292,a,1,T10_292,val,False
T10_d03_292_b_1.jpg,T10,d03,292,b,1,T10_292,val,False
T10_d03_294_a_1.jpg,T10,d03,294,a,1,T10_294,train,False
T10_d03_294_b_1.jpg,T10,d03,294,b,1,T10_294,train,True
T10_d03_295_a_1.jpg,T10,d03,295,a,1,T10_295,train,False
T10_d03_295_b_1.jpg,T10,d03,295,b,1,T10_295,train,False
T10_d03_296_a_1.jpg,T10,d03,296,a,1,T10_296,train,False
T10_d03_296_b_1.jpg,T10,d03,296,b,1,T10_296,train,False
T10_d03_298_a_1.jpg,T10,d03,298,a,1,T10_298,nuevo,False
T10_d03_298_b_1.jpg,T10,d03,298,b,1,T10_298,nuevo,False
T10_d03_306_a_1.jpg,T10,d03,306,a,1,T10_306,train,False
T10_d03_306_b_1.jpg,T10,d03,306,b,1,T10_306,train,False
T10_d03_310_a_1.jpg,T10,d03,310,a,1,T10_310,val,False
T10_d03_310_b_1.jpg,T10,d03,310,b,1,T10_310,val,False
T10_d03_314_a_1.jpg,T10,d03,314,a,1,T10_314,nuevo,False
T10_d03_314_b_1.jpg,T10,d03,314,b,1,T10_314,nuevo,False
T10_d03_315_a_1.jpg,T10,d03,315,a,1,T10_315,train,False
T10_d03_315_b_1.jpg,T10,d03,315,b,1,T10_315,train,True
T10_d03_325_a_1.jpg,T10,d03,325,a,1,T10_325,train,True
T10_d03_325_b_1.jpg,T10,d03,325,b,1,T10_325,train,False
T10_d03_326_a_1.jpg,T10,d03,326,a,1,T10_326,train,False
T10_d03_326_b_1.jpg,T10,d03,326,b,1,T10_326,train,False
T10_d03_327_a_1.jpg,T10,d03,327,a,1,T10_327,train,False
T10_d03_327_b_1.jpg,T10,d03,327,b,1,T10_327,train,False
T10_d03_328_a_1.jpg,T10,d03,328,a,1,T10_328,train,False
T10_d03_328_b_1.jpg,T10,d03,328,b,1,T10_328,train,False
T10_d03_330_a_1.jpg,T10,d03,330,a,1,T10_330,train,False
T10_d03_330_b_1.jpg,T10,d03,330,b,1,T10_330,train,False
T10_d03_331_a_1.jpg,T10,d03,331,a,1,T10_331,test,False
T10_d03_331_b_1.jpg,T10,d03,331,b,1,T10_331,test,False
T10_d03_333_a_1.jpg,T10,d03,333,a,1,T10_333,train,False
T10_d03_333_b_1.jpg,T10,d03,333,b,1,T10_333,train,False
T10_d03_336_a_1.jpg,T10,d03,336,a,1,T10_336,train,False
T10_d03_336_b_1.jpg,T10,d03,336,b,1,T10_336,train,False
T10_d03_337_a_1.jpg,T10,d03,337,a,1,T10_337,train,False
T10_d03_337_b_1.jpg,T10,d03,337,b,1,T10_337,train,True
T10_d03_338_a_1.jpg,T10,d03,338,a,1,T10_338,train,False
T10_d03_338_b_1.jpg,T10,d03,338,b,1,T10_338,train,False
T10_d03_349_a_1.jpg,T10,d03,349,a,1,T10_349,train,False
T10_d03_349_b_1.jpg,T10,d03,349,b,1,T10_349,train,False
T10_d03_350_a_1.jpg,T10,d03,350,a,1,T10_350,train,False
T10_d03_350_b_1.jpg,T10,d03,350,b,1,T10_350,train,False
T10_d03_351_a_1.jpg,T10,d03,351,a,1,T10_351,train,False
T10_d03_351_b_1.jpg,T10,d03,351,b,1,T10_351,train,False
T10_d03_353_a_1.jpg,T10,d03,353,a,1,T10_353,val,False
T10_d03_353_b_1.jpg,T10,d03,353,b,1,T10_353,val,False
T10_d03_355_a_1.jpg,T10,d03,355,a,1,T10_355,train,False
T10_d03_355_b_1.jpg,T10,d03,355,b,1,T10_355,train,False
T10_d03_357_a_1.jpg,T10,d03,357,a,1,T10_357,train,False
T10_d03_357_b_1.jpg,T10,d03,357,b,1,T10_357,train,False
T10_d03_358_a_1.jpg,T10,d03,358,a,1,T10_358,nuevo,False
T10_d03_358_b_1.jpg,T10,d03,358,b,1,T10_358,nuevo,False
T10_d03_365_a_1.jpg,T10,d03,365,a,1,T10_365,train,False
T10_d03_365_b_1.jpg,T10,d03,365,b,1,T10_365,train,False
T10_d03_366_a_1.jpg,T10,d03,366,a,1,T10_366,train,False
T10_d03_366_b_1.jpg,T10,d03,366,b,1,T10_366,train,False
T10_d03_367_a_1.jpg,T10,d03,367,a,1,T10_367,train,False
T10_d03_367_b_1.jpg,T10,d03,367,b,1,T10_367,train,False
T10_d03_368_a_1.jpg,T10,d03,368,a,1,T10_368,val,False
T10_d03_368_b_1.jpg,T10,d03,368,b,1,T10_368,val,False
T10_d03_372_a_1.jpg,T10,d03,372,a,1,T10_372,train,False
T10_d03_372_b_1.jpg,T10,d03,372,b,1,T10_372,train,False
T10_d03_373_a_1.jpg,T10,d03,373,a,1,T10_373,val,False
T10_d03_373_b_1.jpg,T10,d03,373,b,1,T10_373,val,False
T10_d03_375_a_1.jpg,T10,d03,375,a,1,T10_375,val,False
T10_d03_375_b_1.jpg,T10,d03,375,b,1,T10_375,val,False
T10_d03_376_a_1.jpg,T10,d03,376,a,1,T10_376,train,False
T10_d03_376_b_1.jpg,T10,d03,376,b,1,T10_376,train,False
T10_d03_377_a_1.jpg,T10,d03,377,a,1,T10_377,train,True
T10_d03_377_b_1.jpg,T10,d03,377,b,1,T10_377,train,True
T10_d03_381_a_1.jpg,T10,d03,381,a,1,T10_381,train,False
T10_d03_381_b_1.jpg,T10,d03,381,b,1,T10_381,train,False
T10_d03_382_a_1.jpg,T10,d03,382,a,1,T10_382,train,False
T10_d03_382_b_1.jpg,T10,d03,382,b,1,T10_382,train,False
T10_d03_385_a_1.jpg,T10,d03,385,a,1,T10_385,val,False
T10_d03_385_b_1.jpg,T10,d03,385,b,1,T10_385,val,False
T10_d03_387_a_1.jpg,T10,d03,387,a,1,T10_387,train,True
T10_d03_387_b_1.jpg,T10,d03,387,b,1,T10_387,train,False
T10_d03_392_a_1.jpg,T10,d03,392,a,1,T10_392,test,False
T10_d03_392_b_1.jpg,T10,d03,392,b,1,T10_392,test,False
T10_d03_393_a_1.jpg,T10,d03,393,a,1,T10_393,val,False
T10_d03_393_b_1.jpg,T10,d03,393,b,1,T10_393,val,False
T10_d03_395_a_1.jpg,T10,d03,395,a,1,T10_395,test,False
T10_d03_395_b_1.jpg,T10,d03,395,b,1,T10_395,test,False
T10_d03_398_a_1.jpg,T10,d03,398,a,1,T10_398,val,False
T10_d03_398_b_1.jpg,T10,d03,398,b,1,T10_398,val,False
T10_d03_399_a_1.jpg,T10,d03,399,a,1,T10_399,val,False
T10_d03_399_b_1.jpg,T10,d03,399,b,1,T10_399,val,False
T10_d03_400_a_1.jpg,T10,d03,400,a,1,T10_400,train,False
T10_d03_400_b_1.jpg,T10,d03,400,b,1,T10_400,train,False
T10_d03_401_a_1.jpg,T10,d03,401,a,1,T10_401,train,False
T10_d03_401_b_1.jpg,T10,d03,401,b,1,T10_401,train,False
T10_d03_402_a_1.jpg,T10,d03,402,a,1,T10_402,val,False
T10_d03_402_b_1.jpg,T10,d03,402,b,1,T10_402,val,False
T10_d03_405_a_1.jpg,T10,d03,405,a,1,T10_405,train,False
T10_d03_405_b_1.jpg,T10,d03,405,b,1,T10_405,train,False
T10_d03_406_a_1.jpg,T10,d03,406,a,1,T10_406,val,False
T10_d03_406_b_1.jpg,T10,d03,406,b,1,T10_406,val,False
T10_d03_408_a_1.jpg,T10,d03,408,a,1,T10_408,train,False
T10_d03_408_b_1.jpg,T10,d03,408,b,1,T10_408,train,False
T10_d03_410_a_1.jpg,T10,d03,410,a,1,T10_410,train,False
T10_d03_410_b_1.jpg,T10,d03,410,b,1,T10_410,train,False
T10_d03_411_a_1.jpg,T10,d03,411,a,1,T10_411,val,False
T10_d03_411_b_1.jpg,T10,d03,411,b,1,T10_411,val,False
T10_d03_413_a_1.jpg,T10,d03,413,a,1,T10_413,train,False
T10_d03_413_b_1.jpg,T10,d03,413,b,1,T10_413,train,False
T10_d03_414_a_1.jpg,T10,d03,414,a,1,T10_414,train,False
T10_d03_414_b_1.jpg,T10,d03,414,b,1,T10_414,train,False
T10_d03_415_a_1.jpg,T10,d03,415,a,1,T10_415,train,False
T10_d03_415_b_1.jpg,T10,d03,415,b,1,T10_415,train,False
T10_d03_420_a_1.jpg,T10,d03,420,a,1,T10_420,train,False
T10_d03_420_b_1.jpg,T10,d03,420,b,1,T10_420,train,False
T10_d03_422_a_1.jpg,T10,d03,422,a,1,T10_422,train,False
T10_d03_422_b_1.jpg,T10,d03,422,b,1,T10_422,train,False
T10_d03_425_a_1.jpg,T10,d03,425,a,1,T10_425,train,False
T10_d03_425_b_1.jpg,T10,d03,425,b,1,T10_425,train,True
T10_d03_429_a_1.jpg,T10,d03,429,a,1,T10_429,train,False
T10_d03_429_b_1.jpg,T10,d03,429,b,1,T10_429,train,False
T10_d03_430_a_1.jpg,T10,d03,430,a,1,T10_430,val,False
T10_d03_430_b_1.jpg,T10,d03,430,b,1,T10_430,val,False
T10_d03_442_a_1.jpg,T10,d03,442,a,1,T10_442,train,False
T10_d03_442_b_1.jpg,T10,d03,442,b,1,T10_442,train,False
T10_d03_444_a_1.jpg,T10,d03,444,a,1,T10_444,train,False
T10_d03_444_b_1.jpg,T10,d03,444,b,1,T10_444,train,False
T10_d03_445_a_1.jpg,T10,d03,445,a,1,T10_445,train,False
T10_d03_445_b_1.jpg,T10,d03,445,b,1,T10_445,train,True
T10_d03_446_a_1.jpg,T10,d03,446,a,1,T10_446,train,False
T10_d03_446_b_1.jpg,T10,d03,446,b,1,T10_446,train,False
T10_d03_447_a_1.jpg,T10,d03,447,a,1,T10_447,train,False
T10_d03_447_b_1.jpg,T10,d03,447,b,1,T10_447,train,False
T10_d03_448_a_1.jpg,T10,d03,448,a,1,T10_448,train,False
T10_d03_448_b_1.jpg,T10,d03,448,b,1,T10_448,train,False
T10_d03_449_a_1.jpg,T10,d03,449,a,1,T10_449,train,False
T10_d03_449_b_1.jpg,T10,d03,449,b,1,T10_449,train,False
T10_d03_450_a_1.jpg,T10,d03,450,a,1,T10_450,val,False
T10_d03_450_b_1.jpg,T10,d03,450,b,1,T10_450,val,False
T10_d03_451_a_1.jpg,T10,d03,451,a,1,T10_451,val,False
T10_d03_451_b_1.jpg,T10,d03,451,b,1,T10_451,val,False
T10_d03_452_a_1.jpg,T10,d03,452,a,1,T10_452,val,False
T10_d03_452_b_1.jpg,T10,d03,452,b,1,T10_452,val,False
T10_d03_454_a_1.jpg,T10,d03,454,a,1,T10_454,train,False
T10_d03_454_b_1.jpg,T10,d03,454,b,1,T10_454,train,False
T10_d03_458_a_1.jpg,T10,d03,458,a,1,T10_458,train,False
T10_d03_458_b_1.jpg,T10,d03,458,b,1,T10_458,train,False
T10_d03_459_a_1.jpg,T10,d03,459,a,1,T10_459,train,True
T10_d03_459_b_1.jpg,T10,d03,459,b,1,T10_459,train,False
T10_d03_470_a_1.jpg,T10,d03,470,a,1,T10_470,train,False
T10_d03_470_b_1.jpg,T10,d03,470,b,1,T10_470,train,False
T10_d03_471_a_1.jpg,T10,d03,471,a,1,T10_471,test,False
T10_d03_471_b_1.jpg,T10,d03,471,b,1,T10_471,test,False
T10_d03_475_a_1.jpg,T10,d03,475,a,1,T10_475,train,False
T10_d03_475_b_1.jpg,T10,d03,475,b,1,T10_475,train,True
T10_d03_478_a_1.jpg,T10,d03,478,a,1,T10_478,val,True
T10_d03_478_b_1.jpg,T10,d03,478,b,1,T10_478,val,False
T10_d04_002_a_1.jpg,T10,d04,002,a,1,T10_002,train,False
T10_d04_002_b_1.jpg,T10,d04,002,b,1,T10_002,train,False
T10_d04_003_a_1.jpg,T10,d04,003,a,1,T10_003,train,False
T10_d04_003_b_1.jpg,T10,d04,003,b,1,T10_003,train,False
T10_d04_007_a_1.jpg,T10,d04,007,a,1,T10_007,train,True
T10_d04_007_b_1.jpg,T10,d04,007,b,1,T10_007,train,False
T10_d04_011_a_1.jpg,T10,d04,011,a,1,T10_011,train,False
T10_d04_011_b_1.jpg,T10,d04,011,b,1,T10_011,train,False
T10_d04_012_a_1.jpg,T10,d04,012,a,1,T10_012,val,True
T10_d04_012_b_1.jpg,T10,d04,012,b,1,T10_012,val,False
T10_d04_013_a_1.jpg,T10,d04,013,a,1,T10_013,train,False
T10_d04_013_b_1.jpg,T10,d04,013,b,1,T10_013,train,True
T10_d04_014_a_1.jpg,T10,d04,014,a,1,T10_014,val,False
T10_d04_014_b_1.jpg,T10,d04,014,b,1,T10_014,val,False
T10_d04_015_a_1.jpg,T10,d04,015,a,1,T10_015,test,False
T10_d04_015_b_1.jpg,T10,d04,015,b,1,T10_015,test,False
T10_d04_018_a_1.jpg,T10,d04,018,a,1,T10_018,val,True
T10_d04_018_b_1.jpg,T10,d04,018,b,1,T10_018,val,True
T10_d04_021_a_1.jpg,T10,d04,021,a,1,T10_021,train,False
T10_d04_021_b_1.jpg,T10,d04,021,b,1,T10_021,train,False
T10_d04_022_a_1.jpg,T10,d04,022,a,1,T10_022,train,False
T10_d04_022_b_1.jpg,T10,d04,022,b,1,T10_022,train,False
T10_d04_026_a_1.jpg,T10,d04,026,a,1,T10_026,train,True
T10_d04_026_b_1.jpg,T10,d04,026,b,1,T10_026,train,False
T10_d04_027_a_1.jpg,T10,d04,027,a,1,T10_027,train,False
T10_d04_027_b_1.jpg,T10,d04,027,b,1,T10_027,train,False
T10_d04_033_a_1.jpg,T10,d04,033,a,1,T10_033,val,False
T10_d04_033_b_1.jpg,T10,d04,033,b,1,T10_033,val,False
T10_d04_034_a_1.jpg,T10,d04,034,a,1,T10_034,train,False
T10_d04_034_b_1.jpg,T10,d04,034,b,1,T10_034,train,False
T10_d04_035_a_1.jpg,T10,d04,035,a,1,T10_035,val,False
T10_d04_035_b_1.jpg,T10,d04,035,b,1,T10_035,val,False
T10_d04_037_a_1.jpg,T10,d04,037,a,1,T10_037,nuevo,False
T10_d04_037_b_1.jpg,T10,d04,037,b,1,T10_037,nuevo,False
T10_d04_038_a_1.jpg,T10,d04,038,a,1,T10_038,val,False
T10_d04_038_b_1.jpg,T10,d04,038,b,1,T10_038,val,False
T10_d04_041_a_1.jpg,T10,d04,041,a,1,T10_041,val,False
T10_d04_041_b_1.jpg,T10,d04,041,b,1,T10_041,val,False
T10_d04_045_a_1.jpg,T10,d04,045,a,1,T10_045,nuevo,False
T10_d04_045_b_1.jpg,T10,d04,045,b,1,T10_045,nuevo,False
T10_d04_046_a_1.jpg,T10,d04,046,a,1,T10_046,train,False
T10_d04_046_b_1.jpg,T10,d04,046,b,1,T10_046,train,False
T10_d04_047_a_1.jpg,T10,d04,047,a,1,T10_047,train,False
T10_d04_047_b_1.jpg,T10,d04,047,b,1,T10_047,train,True
T10_d04_048_a_1.jpg,T10,d04,048,a,1,T10_048,train,False
T10_d04_048_b_1.jpg,T10,d04,048,b,1,T10_048,train,False
T10_d04_055_a_1.jpg,T10,d04,055,a,1,T10_055,train,False
T10_d04_055_b_1.jpg,T10,d04,055,b,1,T10_055,train,False
T10_d04_058_a_1.jpg,T10,d04,058,a,1,T10_058,val,False
T10_d04_058_b_1.jpg,T10,d04,058,b,1,T10_058,val,False
T10_d04_061_a_1.jpg,T10,d04,061,a,1,T10_061,train,False
T10_d04_061_b_1.jpg,T10,d04,061,b,1,T10_061,train,False
T10_d04_067_a_1.jpg,T10,d04,067,a,1,T10_067,train,False
T10_d04_067_b_1.jpg,T10,d04,067,b,1,T10_067,train,False
T10_d04_069_a_1.jpg,T10,d04,069,a,1,T10_069,train,False
T10_d04_069_b_1.jpg,T10,d04,069,b,1,T10_069,train,True
T10_d04_072_a_1.jpg,T10,d04,072,a,1,T10_072,val,True
T10_d04_072_b_1.jpg,T10,d04,072,b,1,T10_072,val,False
T10_d04_080_a_1.jpg,T10,d04,080,a,1,T10_080,val,False
T10_d04_080_b_1.jpg,T10,d04,080,b,1,T10_080,val,False
T10_d04_083_a_1.jpg,T10,d04,083,a,1,T10_083,train,False
T10_d04_083_b_1.jpg,T10,d04,083,b,1,T10_083,train,False
T10_d04_087_a_1.jpg,T10,d04,087,a,1,T10_087,val,False
T10_d04_087_b_1.jpg,T10,d04,087,b,1,T10_087,val,True
T10_d04_089_a_1.jpg,T10,d04,089,a,1,T10_089,train,False
T10_d04_089_b_1.jpg,T10,d04,089,b,1,T10_089,train,False
T10_d04_092_a_1.jpg,T10,d04,092,a,1,T10_092,test,False
T10_d04_092_b_1.jpg,T10,d04,092,b,1,T10_092,test,False
T10_d04_093_a_1.jpg,T10,d04,093,a,1,T10_093,train,False
T10_d04_093_b_1.jpg,T10,d04,093,b,1,T10_093,train,False
T10_d04_094_a_1.jpg,T10,d04,094,a,1,T10_094,train,False
T10_d04_094_b_1.jpg,T10,d04,094,b,1,T10_094,train,False
T10_d04_096_a_1.jpg,T10,d04,096,a,1,T10_096,train,False
T10_d04_096_b_1.jpg,T10,d04,096,b,1,T10_096,train,False
T10_d04_097_a_1.jpg,T10,d04,097,a,1,T10_097,train,False
T10_d04_097_b_1.jpg,T10,d04,097,b,1,T10_097,train,False
T10_d04_098_a_1.jpg,T10,d04,098,a,1,T10_098,train,False
T10_d04_098_b_1.jpg,T10,d04,098,b,1,T10_098,train,False
T10_d04_099_a_1.jpg,T10,d04,099,a,1,T10_099,train,True
T10_d04_099_b_1.jpg,T10,d04,099,b,1,T10_099,train,False
T10_d04_100_a_1.jpg,T10,d04,100,a,1,T10_100,test,False
T10_d04_100_b_1.jpg,T10,d04,100,b,1,T10_100,test,False
T10_d04_108_a_1.jpg,T10,d04,108,a,1,T10_108,train,False
T10_d04_108_b_1.jpg,T10,d04,108,b,1,T10_108,train,False
T10_d04_110_a_1.jpg,T10,d04,110,a,1,T10_110,train,False
T10_d04_110_b_1.jpg,T10,d04,110,b,1,T10_110,train,False
T10_d04_111_a_1.jpg,T10,d04,111,a,1,T10_111,val,False
T10_d04_111_b_1.jpg,T10,d04,111,b,1,T10_111,val,False
T10_d04_113_a_1.jpg,T10,d04,113,a,1,T10_113,train,False
T10_d04_113_b_1.jpg,T10,d04,113,b,1,T10_113,train,False
T10_d04_118_a_1.jpg,T10,d04,118,a,1,T10_118,train,False
T10_d04_118_b_1.jpg,T10,d04,118,b,1,T10_118,train,False
T10_d04_122_a_1.jpg,T10,d04,122,a,1,T10_122,train,False
T10_d04_122_b_1.jpg,T10,d04,122,b,1,T10_122,train,False
T10_d04_125_a_1.jpg,T10,d04,125,a,1,T10_125,train,False
T10_d04_125_b_1.jpg,T10,d04,125,b,1,T10_125,train,False
T10_d04_128_a_1.jpg,T10,d04,128,a,1,T10_128,train,False
T10_d04_128_b_1.jpg,T10,d04,128,b,1,T10_128,train,False
T10_d04_129_a_1.jpg,T10,d04,129,a,1,T10_129,train,False
T10_d04_129_b_1.jpg,T10,d04,129,b,1,T10_129,train,False
T10_d04_130_a_1.jpg,T10,d04,130,a,1,T10_130,train,False
T10_d04_130_b_1.jpg,T10,d04,130,b,1,T10_130,train,False
T10_d04_131_a_1.jpg,T10,d04,131,a,1,T10_131,train,False
T10_d04_131_b_1.jpg,T10,d04,131,b,1,T10_131,train,False
T10_d04_133_a_1.jpg,T10,d04,133,a,1,T10_133,train,False
T10_d04_133_b_1.jpg,T10,d04,133,b,1,T10_133,train,False
T10_d04_136_a_1.jpg,T10,d04,136,a,1,T10_136,val,False
T10_d04_136_b_1.jpg,T10,d04,136,b,1,T10_136,val,False
T10_d04_138_a_1.jpg,T10,d04,138,a,1,T10_138,train,False
T10_d04_138_b_1.jpg,T10,d04,138,b,1,T10_138,train,False
T10_d04_145_a_1.jpg,T10,d04,145,a,1,T10_145,train,False
T10_d04_145_b_1.jpg,T10,d04,145,b,1,T10_145,train,False
T10_d04_148_a_1.jpg,T10,d04,148,a,1,T10_148,nuevo,False
T10_d04_148_b_1.jpg,T10,d04,148,b,1,T10_148,nuevo,False
T10_d04_149_a_1.jpg,T10,d04,149,a,1,T10_149,train,False
T10_d04_149_b_1.jpg,T10,d04,149,b,1,T10_149,train,False
T10_d04_152_a_1.jpg,T10,d04,152,a,1,T10_152,train,False
T10_d04_152_b_1.jpg,T10,d04,152,b,1,T10_152,train,False
T10_d04_156_a_1.jpg,T10,d04,156,a,1,T10_156,train,False
T10_d04_156_b_1.jpg,T10,d04,156,b,1,T10_156,train,True
T10_d04_162_a_1.jpg,T10,d04,162,a,1,T10_162,test,False
T10_d04_162_b_1.jpg,T10,d04,162,b,1,T10_162,test,False
T10_d04_163_a_1.jpg,T10,d04,163,a,1,T10_163,train,False
T10_d04_163_b_1.jpg,T10,d04,163,b,1,T10_163,train,False
T10_d04_165_a_1.jpg,T10,d04,165,a,1,T10_165,train,False
T10_d04_165_b_1.jpg,T10,d04,165,b,1,T10_165,train,False
T10_d04_166_a_1.jpg,T10,d04,166,a,1,T10_166,train,False
T10_d04_166_b_1.jpg,T10,d04,166,b,1,T10_166,train,False
T10_d04_167_a_1.jpg,T10,d04,167,a,1,T10_167,train,False
T10_d04_167_b_1.jpg,T10,d04,167,b,1,T10_167,train,False
T10_d04_168_a_1.jpg,T10,d04,168,a,1,T10_168,train,False
T10_d04_168_b_1.jpg,T10,d04,168,b,1,T10_168,train,False
T10_d04_172_a_1.jpg,T10,d04,172,a,1,T10_172,train,False
T10_d04_172_b_1.jpg,T10,d04,172,b,1,T10_172,train,False
T10_d04_180_a_1.jpg,T10,d04,180,a,1,T10_180,nuevo,False
T10_d04_180_b_1.jpg,T10,d04,180,b,1,T10_180,nuevo,False
T10_d04_181_a_1.jpg,T10,d04,181,a,1,T10_181,train,False
T10_d04_181_b_1.jpg,T10,d04,181,b,1,T10_181,train,False
T10_d04_186_a_1.jpg,T10,d04,186,a,1,T10_186,val,False
T10_d04_186_b_1.jpg,T10,d04,186,b,1,T10_186,val,False
T10_d04_193_a_1.jpg,T10,d04,193,a,1,T10_193,train,False
T10_d04_193_b_1.jpg,T10,d04,193,b,1,T10_193,train,False
T10_d04_194_a_1.jpg,T10,d04,194,a,1,T10_194,train,False
T10_d04_194_b_1.jpg,T10,d04,194,b,1,T10_194,train,False
T10_d04_196_a_1.jpg,T10,d04,196,a,1,T10_196,train,False
T10_d04_196_b_1.jpg,T10,d04,196,b,1,T10_196,train,False
T10_d04_202_a_1.jpg,T10,d04,202,a,1,T10_202,train,False
T10_d04_202_b_1.jpg,T10,d04,202,b,1,T10_202,train,False
T10_d04_204_a_1.jpg,T10,d04,204,a,1,T10_204,train,False
T10_d04_204_b_1.jpg,T10,d04,204,b,1,T10_204,train,False
T10_d04_206_a_1.jpg,T10,d04,206,a,1,T10_206,train,False
T10_d04_206_b_1.jpg,T10,d04,206,b,1,T10_206,train,False
T10_d04_211_a_1.jpg,T10,d04,211,a,1,T10_211,train,False
T10_d04_211_b_1.jpg,T10,d04,211,b,1,T10_211,train,False
T10_d04_213_a_1.jpg,T10,d04,213,a,1,T10_213,train,False
T10_d04_213_b_1.jpg,T10,d04,213,b,1,T10_213,train,False
T10_d04_215_a_1.jpg,T10,d04,215,a,1,T10_215,train,False
T10_d04_215_b_1.jpg,T10,d04,215,b,1,T10_215,train,False
T10_d04_217_a_1.jpg,T10,d04,217,a,1,T10_217,train,False
T10_d04_217_b_1.jpg,T10,d04,217,b,1,T10_217,train,False
T10_d04_219_a_1.jpg,T10,d04,219,a,1,T10_219,test,False
T10_d04_219_b_1.jpg,T10,d04,219,b,1,T10_219,test,False
T10_d04_220_a_1.jpg,T10,d04,220,a,1,T10_220,val,False
T10_d04_220_b_1.jpg,T10,d04,220,b,1,T10_220,val,False
T10_d04_221_a_1.jpg,T10,d04,221,a,1,T10_221,train,False
T10_d04_221_b_1.jpg,T10,d04,221,b,1,T10_221,train,False
T10_d04_223_a_1.jpg,T10,d04,223,a,1,T10_223,train,False
T10_d04_223_b_1.jpg,T10,d04,223,b,1,T10_223,train,False
T10_d04_227_a_3.jpg,T10,d04,227,a,3,T10_227,train,False
T10_d04_227_b_3.jpg,T10,d04,227,b,3,T10_227,train,False
T10_d04_229_a_1.jpg,T10,d04,229,a,1,T10_229,train,False
T10_d04_229_b_1.jpg,T10,d04,229,b,1,T10_229,train,False
T10_d04_233_a_1.jpg,T10,d04,233,a,1,T10_233,train,False
T10_d04_233_b_1.jpg,T10,d04,233,b,1,T10_233,train,False
T10_d04_234_a_1.jpg,T10,d04,234,a,1,T10_234,train,False
T10_d04_234_b_1.jpg,T10,d04,234,b,1,T10_234,train,False
T10_d04_236_a_1.jpg,T10,d04,236,a,1,T10_236,train,False
T10_d04_236_b_1.jpg,T10,d04,236,b,1,T10_236,train,False
T10_d04_237_a_1.jpg,T10,d04,237,a,1,T10_237,train,False
T10_d04_237_b_1.jpg,T10,d04,237,b,1,T10_237,train,False
T10_d04_243_a_1.jpg,T10,d04,243,a,1,T10_243,train,False
T10_d04_243_b_1.jpg,T10,d04,243,b,1,T10_243,train,False
T10_d04_245_a_1.jpg,T10,d04,245,a,1,T10_245,train,False
T10_d04_245_b_1.jpg,T10,d04,245,b,1,T10_245,train,False
T10_d04_250_a_1.jpg,T10,d04,250,a,1,T10_250,train,False
T10_d04_250_b_1.jpg,T10,d04,250,b,1,T10_250,train,False
T10_d04_252_a_1.jpg,T10,d04,252,a,1,T10_252,train,False
T10_d04_252_b_1.jpg,T10,d04,252,b,1,T10_252,train,False
T10_d04_253_a_1.jpg,T10,d04,253,a,1,T10_253,val,False
T10_d04_253_b_1.jpg,T10,d04,253,b,1,T10_253,val,False
T10_d04_254_a_1.jpg,T10,d04,254,a,1,T10_254,val,False
T10_d04_254_b_1.jpg,T10,d04,254,b,1,T10_254,val,False
T10_d04_262_a_1.jpg,T10,d04,262,a,1,T10_262,train,False
T10_d04_262_b_1.jpg,T10,d04,262,b,1,T10_262,train,False
T10_d04_266_a_1.jpg,T10,d04,266,a,1,T10_266,train,False
T10_d04_266_b_1.jpg,T10,d04,266,b,1,T10_266,train,False
T10_d04_269_a_1.jpg,T10,d04,269,a,1,T10_269,train,False
T10_d04_269_b_1.jpg,T10,d04,269,b,1,T10_269,train,False
T10_d04_274_a_1.jpg,T10,d04,274,a,1,T10_274,nuevo,False
T10_d04_274_b_1.jpg,T10,d04,274,b,1,T10_274,nuevo,False
T10_d04_275_a_1.jpg,T10,d04,275,a,1,T10_275,test,False
T10_d04_275_b_1.jpg,T10,d04,275,b,1,T10_275,test,False
T10_d04_276_a_1.jpg,T10,d04,276,a,1,T10_276,train,False
T10_d04_276_b_1.jpg,T10,d04,276,b,1,T10_276,train,False
T10_d04_282_a_1.jpg,T10,d04,282,a,1,T10_282,train,False
T10_d04_282_b_1.jpg,T10,d04,282,b,1,T10_282,train,False
T10_d04_283_a_1.jpg,T10,d04,283,a,1,T10_283,train,False
T10_d04_283_b_1.jpg,T10,d04,283,b,1,T10_283,train,False
T10_d04_284_a_2.jpg,T10,d04,284,a,2,T10_284,train,False
T10_d04_284_b_2.jpg,T10,d04,284,b,2,T10_284,train,True
T10_d04_290_a_1.jpg,T10,d04,290,a,1,T10_290,train,False
T10_d04_290_b_1.jpg,T10,d04,290,b,1,T10_290,train,True
T10_d04_292_a_1.jpg,T10,d04,292,a,1,T10_292,val,False
T10_d04_292_b_1.jpg,T10,d04,292,b,1,T10_292,val,False
T10_d04_294_a_1.jpg,T10,d04,294,a,1,T10_294,train,False
T10_d04_294_b_1.jpg,T10,d04,294,b,1,T10_294,train,True
T10_d04_295_a_1.jpg,T10,d04,295,a,1,T10_295,train,False
T10_d04_295_b_1.jpg,T10,d04,295,b,1,T10_295,train,False
T10_d04_296_a_1.jpg,T10,d04,296,a,1,T10_296,train,False
T10_d04_296_b_1.jpg,T10,d04,296,b,1,T10_296,train,False
T10_d04_298_a_1.jpg,T10,d04,298,a,1,T10_298,nuevo,False
T10_d04_298_b_1.jpg,T10,d04,298,b,1,T10_298,nuevo,False
T10_d04_306_a_1.jpg,T10,d04,306,a,1,T10_306,train,False
T10_d04_306_b_1.jpg,T10,d04,306,b,1,T10_306,train,False
T10_d04_310_a_1.jpg,T10,d04,310,a,1,T10_310,val,False
T10_d04_310_b_1.jpg,T10,d04,310,b,1,T10_310,val,False
T10_d04_314_a_1.jpg,T10,d04,314,a,1,T10_314,nuevo,False
T10_d04_314_b_1.jpg,T10,d04,314,b,1,T10_314,nuevo,False
T10_d04_315_a_1.jpg,T10,d04,315,a,1,T10_315,train,False
T10_d04_315_b_1.jpg,T10,d04,315,b,1,T10_315,train,False
T10_d04_325_a_1.jpg,T10,d04,325,a,1,T10_325,train,False
T10_d04_325_b_1.jpg,T10,d04,325,b,1,T10_325,train,False
T10_d04_326_a_1.jpg,T10,d04,326,a,1,T10_326,train,False
T10_d04_326_b_1.jpg,T10,d04,326,b,1,T10_326,train,False
T10_d04_327_a_1.jpg,T10,d04,327,a,1,T10_327,train,False
T10_d04_327_b_1.jpg,T10,d04,327,b,1,T10_327,train,False
T10_d04_328_a_1.jpg,T10,d04,328,a,1,T10_328,train,False
T10_d04_328_b_1.jpg,T10,d04,328,b,1,T10_328,train,False
T10_d04_330_a_1.jpg,T10,d04,330,a,1,T10_330,train,False
T10_d04_330_b_1.jpg,T10,d04,330,b,1,T10_330,train,False
T10_d04_331_a_1.jpg,T10,d04,331,a,1,T10_331,test,False
T10_d04_331_b_1.jpg,T10,d04,331,b,1,T10_331,test,False
T10_d04_333_a_1.jpg,T10,d04,333,a,1,T10_333,train,False
T10_d04_333_b_1.jpg,T10,d04,333,b,1,T10_333,train,False
T10_d04_336_a_1.jpg,T10,d04,336,a,1,T10_336,train,False
T10_d04_336_b_1.jpg,T10,d04,336,b,1,T10_336,train,False
T10_d04_337_a_1.jpg,T10,d04,337,a,1,T10_337,train,False
T10_d04_337_b_1.jpg,T10,d04,337,b,1,T10_337,train,False
T10_d04_338_a_1.jpg,T10,d04,338,a,1,T10_338,train,False
T10_d04_338_b_1.jpg,T10,d04,338,b,1,T10_338,train,False
T10_d04_349_a_1.jpg,T10,d04,349,a,1,T10_349,train,False
T10_d04_349_b_1.jpg,T10,d04,349,b,1,T10_349,train,True
T10_d04_350_a_1.jpg,T10,d04,350,a,1,T10_350,train,False
T10_d04_350_b_1.jpg,T10,d04,350,b,1,T10_350,train,False
T10_d04_351_a_1.jpg,T10,d04,351,a,1,T10_351,train,False
T10_d04_351_b_1.jpg,T10,d04,351,b,1,T10_351,train,False
T10_d04_353_a_1.jpg,T10,d04,353,a,1,T10_353,val,False
T10_d04_353_b_1.jpg,T10,d04,353,b,1,T10_353,val,False
T10_d04_355_a_1.jpg,T10,d04,355,a,1,T10_355,train,False
T10_d04_355_b_1.jpg,T10,d04,355,b,1,T10_355,train,False
T10_d04_357_a_1.jpg,T10,d04,357,a,1,T10_357,train,True
T10_d04_357_b_1.jpg,T10,d04,357,b,1,T10_357,train,False
T10_d04_358_a_1.jpg,T10,d04,358,a,1,T10_358,nuevo,False
T10_d04_358_b_1.jpg,T10,d04,358,b,1,T10_358,nuevo,False
T10_d04_365_a_1.jpg,T10,d04,365,a,1,T10_365,train,False
T10_d04_365_b_1.jpg,T10,d04,365,b,1,T10_365,train,False
T10_d04_366_a_1.jpg,T10,d04,366,a,1,T10_366,train,False
T10_d04_366_b_1.jpg,T10,d04,366,b,1,T10_366,train,False
T10_d04_367_a_1.jpg,T10,d04,367,a,1,T10_367,train,False
T10_d04_367_b_1.jpg,T10,d04,367,b,1,T10_367,train,False
T10_d04_368_a_1.jpg,T10,d04,368,a,1,T10_368,val,False
T10_d04_368_b_1.jpg,T10,d04,368,b,1,T10_368,val,False
T10_d04_372_a_1.jpg,T10,d04,372,a,1,T10_372,train,False
T10_d04_372_b_1.jpg,T10,d04,372,b,1,T10_372,train,False
T10_d04_373_a_1.jpg,T10,d04,373,a,1,T10_373,val,False
T10_d04_373_b_1.jpg,T10,d04,373,b,1,T10_373,val,True
T10_d04_375_a_1.jpg,T10,d04,375,a,1,T10_375,val,False
T10_d04_375_b_1.jpg,T10,d04,375,b,1,T10_375,val,False
T10_d04_376_a_1.jpg,T10,d04,376,a,1,T10_376,train,False
T10_d04_376_b_1.jpg,T10,d04,376,b,1,T10_376,train,False
T10_d04_377_a_1.jpg,T10,d04,377,a,1,T10_377,train,False
T10_d04_377_b_1.jpg,T10,d04,377,b,1,T10_377,train,False
T10_d04_381_a_1.jpg,T10,d04,381,a,1,T10_381,train,False
T10_d04_381_b_1.jpg,T10,d04,381,b,1,T10_381,train,False
T10_d04_382_a_1.jpg,T10,d04,382,a,1,T10_382,train,False
T10_d04_382_b_1.jpg,T10,d04,382,b,1,T10_382,train,False
T10_d04_385_a_1.jpg,T10,d04,385,a,1,T10_385,val,False
T10_d04_385_b_1.jpg,T10,d04,385,b,1,T10_385,val,False
T10_d04_387_a_1.jpg,T10,d04,387,a,1,T10_387,train,False
T10_d04_387_b_1.jpg,T10,d04,387,b,1,T10_387,train,False
T10_d04_392_a_1.jpg,T10,d04,392,a,1,T10_392,test,True
T10_d04_392_b_1.jpg,T10,d04,392,b,1,T10_392,test,False
T10_d04_393_a_1.jpg,T10,d04,393,a,1,T10_393,val,False
T10_d04_393_b_1.jpg,T10,d04,393,b,1,T10_393,val,False
T10_d04_395_a_1.jpg,T10,d04,395,a,1,T10_395,test,False
T10_d04_395_b_1.jpg,T10,d04,395,b,1,T10_395,test,False
T10_d04_398_a_1.jpg,T10,d04,398,a,1,T10_398,val,False
T10_d04_398_b_1.jpg,T10,d04,398,b,1,T10_398,val,False
T10_d04_399_a_1.jpg,T10,d04,399,a,1,T10_399,val,False
T10_d04_399_b_1.jpg,T10,d04,399,b,1,T10_399,val,False
T10_d04_400_a_1.jpg,T10,d04,400,a,1,T10_400,train,False
T10_d04_400_b_1.jpg,T10,d04,400,b,1,T10_400,train,False
T10_d04_401_a_1.jpg,T10,d04,401,a,1,T10_401,train,False
T10_d04_401_b_1.jpg,T10,d04,401,b,1,T10_401,train,False
T10_d04_402_a_1.jpg,T10,d04,402,a,1,T10_402,val,True
T10_d04_402_b_1.jpg,T10,d04,402,b,1,T10_402,val,False
T10_d04_405_a_1.jpg,T10,d04,405,a,1,T10_405,train,False
T10_d04_405_b_1.jpg,T10,d04,405,b,1,T10_405,train,False
T10_d04_406_a_1.jpg,T10,d04,406,a,1,T10_406,val,False
T10_d04_406_b_1.jpg,T10,d04,406,b,1,T10_406,val,False
T10_d04_408_a_1.jpg,T10,d04,408,a,1,T10_408,train,False
T10_d04_408_b_1.jpg,T10,d04,408,b,1,T10_408,train,False
T10_d04_410_a_1.jpg,T10,d04,410,a,1,T10_410,train,False
T10_d04_410_b_1.jpg,T10,d04,410,b,1,T10_410,train,False
T10_d04_411_a_1.jpg,T10,d04,411,a,1,T10_411,val,False
T10_d04_411_b_1.jpg,T10,d04,411,b,1,T10_411,val,False
T10_d04_413_a_1.jpg,T10,d04,413,a,1,T10_413,train,False
T10_d04_413_b_1.jpg,T10,d04,413,b,1,T10_413,train,False
T10_d04_414_a_1.jpg,T10,d04,414,a,1,T10_414,train,False
T10_d04_414_b_1.jpg,T10,d04,414,b,1,T10_414,train,True
T10_d04_415_a_1.jpg,T10,d04,415,a,1,T10_415,train,False
T10_d04_415_b_1.jpg,T10,d04,415,b,1,T10_415,train,False
T10_d04_420_a_1.jpg,T10,d04,420,a,1,T10_420,train,False
T10_d04_420_b_1.jpg,T10,d04,420,b,1,T10_420,train,False
T10_d04_422_a_1.jpg,T10,d04,422,a,1,T10_422,train,False
T10_d04_422_b_1.jpg,T10,d04,422,b,1,T10_422,train,False
T10_d04_425_a_1.jpg,T10,d04,425,a,1,T10_425,train,False
T10_d04_425_b_1.jpg,T10,d04,425,b,1,T10_425,train,False
T10_d04_429_a_1.jpg,T10,d04,429,a,1,T10_429,train,False
T10_d04_429_b_1.jpg,T10,d04,429,b,1,T10_429,train,False
T10_d04_430_a_1.jpg,T10,d04,430,a,1,T10_430,val,False
T10_d04_430_b_1.jpg,T10,d04,430,b,1,T10_430,val,False
T10_d04_442_a_1.jpg,T10,d04,442,a,1,T10_442,train,False
T10_d04_442_b_1.jpg,T10,d04,442,b,1,T10_442,train,False
T10_d04_444_a_1.jpg,T10,d04,444,a,1,T10_444,train,True
T10_d04_444_b_1.jpg,T10,d04,444,b,1,T10_444,train,False
T10_d04_445_a_1.jpg,T10,d04,445,a,1,T10_445,train,False
T10_d04_445_b_1.jpg,T10,d04,445,b,1,T10_445,train,True
T10_d04_446_a_1.jpg,T10,d04,446,a,1,T10_446,train,False
T10_d04_446_b_1.jpg,T10,d04,446,b,1,T10_446,train,False
T10_d04_447_a_1.jpg,T10,d04,447,a,1,T10_447,train,False
T10_d04_447_b_1.jpg,T10,d04,447,b,1,T10_447,train,False
T10_d04_448_a_2.jpg,T10,d04,448,a,2,T10_448,train,False
T10_d04_448_b_2.jpg,T10,d04,448,b,2,T10_448,train,False
T10_d04_449_a_1.jpg,T10,d04,449,a,1,T10_449,train,False
T10_d04_449_b_1.jpg,T10,d04,449,b,1,T10_449,train,False
T10_d04_450_a_1.jpg,T10,d04,450,a,1,T10_450,val,False
T10_d04_450_b_1.jpg,T10,d04,450,b,1,T10_450,val,False
T10_d04_451_a_1.jpg,T10,d04,451,a,1,T10_451,val,False
T10_d04_451_b_1.jpg,T10,d04,451,b,1,T10_451,val,False
T10_d04_452_a_1.jpg,T10,d04,452,a,1,T10_452,val,False
T10_d04_452_b_1.jpg,T10,d04,452,b,1,T10_452,val,False
T10_d04_454_a_1.jpg,T10,d04,454,a,1,T10_454,train,False
T10_d04_454_b_1.jpg,T10,d04,454,b,1,T10_454,train,False
T10_d04_458_a_1.jpg,T10,d04,458,a,1,T10_458,train,True
T10_d04_458_b_1.jpg,T10,d04,458,b,1,T10_458,train,False
T10_d04_459_a_1.jpg,T10,d04,459,a,1,T10_459,train,False
T10_d04_459_b_1.jpg,T10,d04,459,b,1,T10_459,train,False
T10_d04_470_a_1.jpg,T10,d04,470,a,1,T10_470,train,False
T10_d04_470_b_1.jpg,T10,d04,470,b,1,T10_470,train,False
T10_d04_471_a_1.jpg,T10,d04,471,a,1,T10_471,test,False
T10_d04_471_b_1.jpg,T10,d04,471,b,1,T10_471,test,False
T10_d04_475_a_1.jpg,T10,d04,475,a,1,T10_475,train,False
T10_d04_475_b_1.jpg,T10,d04,475,b,1,T10_475,train,False
T10_d04_478_a_1.jpg,T10,d04,478,a,1,T10_478,val,False
T10_d04_478_b_1.jpg,T10,d04,478,b,1,T10_478,val,True
T10_d05_002_a_1.jpg,T10,d05,002,a,1,T10_002,train,False
T10_d05_002_b_1.jpg,T10,d05,002,b,1,T10_002,train,False
T10_d05_003_a_1.jpg,T10,d05,003,a,1,T10_003,train,False
T10_d05_003_b_1.jpg,T10,d05,003,b,1,T10_003,train,False
T10_d05_007_a_1.jpg,T10,d05,007,a,1,T10_007,train,False
T10_d05_007_b_1.jpg,T10,d05,007,b,1,T10_007,train,False
T10_d05_011_a_1.jpg,T10,d05,011,a,1,T10_011,train,False
T10_d05_011_b_1.jpg,T10,d05,011,b,1,T10_011,train,False
T10_d05_012_a_2.jpg,T10,d05,012,a,2,T10_012,val,False
T10_d05_012_b_2.jpg,T10,d05,012,b,2,T10_012,val,True
T10_d05_013_a_1.jpg,T10,d05,013,a,1,T10_013,train,False
T10_d05_013_b_1.jpg,T10,d05,013,b,1,T10_013,train,False
T10_d05_014_a_1.jpg,T10,d05,014,a,1,T10_014,val,False
T10_d05_014_b_1.jpg,T10,d05,014,b,1,T10_014,val,False
T10_d05_015_a_1.jpg,T10,d05,015,a,1,T10_015,test,True
T10_d05_015_b_1.jpg,T10,d05,015,b,1,T10_015,test,False
T10_d05_018_a_1.jpg,T10,d05,018,a,1,T10_018,val,False
T10_d05_018_b_1.jpg,T10,d05,018,b,1,T10_018,val,False
T10_d05_021_a_1.jpg,T10,d05,021,a,1,T10_021,train,False
T10_d05_021_b_1.jpg,T10,d05,021,b,1,T10_021,train,False
T10_d05_022_a_1.jpg,T10,d05,022,a,1,T10_022,train,False
T10_d05_022_b_1.jpg,T10,d05,022,b,1,T10_022,train,False
T10_d05_026_a_2.jpg,T10,d05,026,a,2,T10_026,train,False
T10_d05_026_b_2.jpg,T10,d05,026,b,2,T10_026,train,True
T10_d05_027_a_1.jpg,T10,d05,027,a,1,T10_027,train,False
T10_d05_027_b_1.jpg,T10,d05,027,b,1,T10_027,train,True
T10_d05_033_a_1.jpg,T10,d05,033,a,1,T10_033,val,False
T10_d05_033_b_1.jpg,T10,d05,033,b,1,T10_033,val,False
T10_d05_034_a_1.jpg,T10,d05,034,a,1,T10_034,train,False
T10_d05_034_b_1.jpg,T10,d05,034,b,1,T10_034,train,False
T10_d05_035_a_1.jpg,T10,d05,035,a,1,T10_035,val,False
T10_d05_035_b_1.jpg,T10,d05,035,b,1,T10_035,val,False
T10_d05_037_a_1.jpg,T10,d05,037,a,1,T10_037,nuevo,False
T10_d05_037_b_1.jpg,T10,d05,037,b,1,T10_037,nuevo,False
T10_d05_038_a_2.jpg,T10,d05,038,a,2,T10_038,val,False
T10_d05_038_b_2.jpg,T10,d05,038,b,2,T10_038,val,False
T10_d05_041_a_1.jpg,T10,d05,041,a,1,T10_041,val,False
T10_d05_041_b_1.jpg,T10,d05,041,b,1,T10_041,val,False
T10_d05_045_a_1.jpg,T10,d05,045,a,1,T10_045,nuevo,False
T10_d05_045_b_1.jpg,T10,d05,045,b,1,T10_045,nuevo,False
T10_d05_046_a_1.jpg,T10,d05,046,a,1,T10_046,train,True
T10_d05_046_b_1.jpg,T10,d05,046,b,1,T10_046,train,False
T10_d05_047_a_1.jpg,T10,d05,047,a,1,T10_047,train,False
T10_d05_047_b_1.jpg,T10,d05,047,b,1,T10_047,train,True
T10_d05_048_a_1.jpg,T10,d05,048,a,1,T10_048,train,False
T10_d05_048_b_1.jpg,T10,d05,048,b,1,T10_048,train,False
T10_d05_055_a_1.jpg,T10,d05,055,a,1,T10_055,train,False
T10_d05_055_b_1.jpg,T10,d05,055,b,1,T10_055,train,False
T10_d05_058_a_1.jpg,T10,d05,058,a,1,T10_058,val,False
T10_d05_058_b_1.jpg,T10,d05,058,b,1,T10_058,val,False
T10_d05_061_a_2.jpg,T10,d05,061,a,2,T10_061,train,False
T10_d05_061_b_2.jpg,T10,d05,061,b,2,T10_061,train,False
T10_d05_065_a_3.jpg,T10,d05,065,a,3,T10_065,val,False
T10_d05_065_b_3.jpg,T10,d05,065,b,3,T10_065,val,False
T10_d05_067_a_1.jpg,T10,d05,067,a,1,T10_067,train,False
T10_d05_067_b_1.jpg,T10,d05,067,b,1,T10_067,train,False
T10_d05_069_a_1.jpg,T10,d05,069,a,1,T10_069,train,False
T10_d05_069_b_1.jpg,T10,d05,069,b,1,T10_069,train,False
T10_d05_072_a_1.jpg,T10,d05,072,a,1,T10_072,val,True
T10_d05_072_b_1.jpg,T10,d05,072,b,1,T10_072,val,True
T10_d05_080_a_1.jpg,T10,d05,080,a,1,T10_080,val,False
T10_d05_080_b_1.jpg,T10,d05,080,b,1,T10_080,val,False
T10_d05_083_a_1.jpg,T10,d05,083,a,1,T10_083,train,False
T10_d05_083_b_1.jpg,T10,d05,083,b,1,T10_083,train,False
T10_d05_087_a_1.jpg,T10,d05,087,a,1,T10_087,val,False
T10_d05_087_b_1.jpg,T10,d05,087,b,1,T10_087,val,False
T10_d05_089_a_1.jpg,T10,d05,089,a,1,T10_089,train,False
T10_d05_089_b_1.jpg,T10,d05,089,b,1,T10_089,train,False
T10_d05_092_a_1.jpg,T10,d05,092,a,1,T10_092,test,False
T10_d05_092_b_1.jpg,T10,d05,092,b,1,T10_092,test,False
T10_d05_093_a_1.jpg,T10,d05,093,a,1,T10_093,train,False
T10_d05_093_b_1.jpg,T10,d05,093,b,1,T10_093,train,True
T10_d05_094_a_1.jpg,T10,d05,094,a,1,T10_094,train,False
T10_d05_094_b_1.jpg,T10,d05,094,b,1,T10_094,train,False
T10_d05_096_a_1.jpg,T10,d05,096,a,1,T10_096,train,False
T10_d05_096_b_1.jpg,T10,d05,096,b,1,T10_096,train,False
T10_d05_097_a_1.jpg,T10,d05,097,a,1,T10_097,train,False
T10_d05_097_b_1.jpg,T10,d05,097,b,1,T10_097,train,False
T10_d05_098_a_1.jpg,T10,d05,098,a,1,T10_098,train,True
T10_d05_098_b_1.jpg,T10,d05,098,b,1,T10_098,train,False
T10_d05_099_a_1.jpg,T10,d05,099,a,1,T10_099,train,False
T10_d05_099_b_1.jpg,T10,d05,099,b,1,T10_099,train,False
T10_d05_100_a_1.jpg,T10,d05,100,a,1,T10_100,test,False
T10_d05_100_b_1.jpg,T10,d05,100,b,1,T10_100,test,False
T10_d05_108_a_1.jpg,T10,d05,108,a,1,T10_108,train,True
T10_d05_108_b_1.jpg,T10,d05,108,b,1,T10_108,train,False
T10_d05_110_a_1.jpg,T10,d05,110,a,1,T10_110,train,False
T10_d05_110_b_1.jpg,T10,d05,110,b,1,T10_110,train,False
T10_d05_111_a_1.jpg,T10,d05,111,a,1,T10_111,val,False
T10_d05_111_b_1.jpg,T10,d05,111,b,1,T10_111,val,False
T10_d05_113_a_1.jpg,T10,d05,113,a,1,T10_113,train,False
T10_d05_113_b_1.jpg,T10,d05,113,b,1,T10_113,train,False
T10_d05_118_a_1.jpg,T10,d05,118,a,1,T10_118,train,False
T10_d05_118_b_1.jpg,T10,d05,118,b,1,T10_118,train,False
T10_d05_122_a_1.jpg,T10,d05,122,a,1,T10_122,train,False
T10_d05_122_b_1.jpg,T10,d05,122,b,1,T10_122,train,True
T10_d05_125_a_1.jpg,T10,d05,125,a,1,T10_125,train,False
T10_d05_125_b_1.jpg,T10,d05,125,b,1,T10_125,train,False
T10_d05_128_a_1.jpg,T10,d05,128,a,1,T10_128,train,False
T10_d05_128_b_1.jpg,T10,d05,128,b,1,T10_128,train,False
T10_d05_129_a_1.jpg,T10,d05,129,a,1,T10_129,train,False
T10_d05_129_b_1.jpg,T10,d05,129,b,1,T10_129,train,False
T10_d05_130_a_1.jpg,T10,d05,130,a,1,T10_130,train,False
T10_d05_130_b_1.jpg,T10,d05,130,b,1,T10_130,train,False
T10_d05_131_a_1.jpg,T10,d05,131,a,1,T10_131,train,False
T10_d05_131_b_1.jpg,T10,d05,131,b,1,T10_131,train,False
T10_d05_133_a_2.jpg,T10,d05,133,a,2,T10_133,train,False
T10_d05_133_b_2.jpg,T10,d05,133,b,2,T10_133,train,False
T10_d05_136_a_1.jpg,T10,d05,136,a,1,T10_136,val,False
T10_d05_136_b_1.jpg,T10,d05,136,b,1,T10_136,val,False
T10_d05_138_a_1.jpg,T10,d05,138,a,1,T10_138,train,False
T10_d05_138_b_1.jpg,T10,d05,138,b,1,T10_138,train,False
T10_d05_145_a_1.jpg,T10,d05,145,a,1,T10_145,train,False
T10_d05_145_b_1.jpg,T10,d05,145,b,1,T10_145,train,False
T10_d05_148_a_1.jpg,T10,d05,148,a,1,T10_148,nuevo,False
T10_d05_148_b_1.jpg,T10,d05,148,b,1,T10_148,nuevo,False
T10_d05_149_a_1.jpg,T10,d05,149,a,1,T10_149,train,False
T10_d05_149_b_1.jpg,T10,d05,149,b,1,T10_149,train,False
T10_d05_152_a_1.jpg,T10,d05,152,a,1,T10_152,train,False
T10_d05_152_b_1.jpg,T10,d05,152,b,1,T10_152,train,False
T10_d05_156_a_1.jpg,T10,d05,156,a,1,T10_156,train,False
T10_d05_156_b_1.jpg,T10,d05,156,b,1,T10_156,train,False
T10_d05_162_a_1.jpg,T10,d05,162,a,1,T10_162,test,False
T10_d05_162_b_1.jpg,T10,d05,162,b,1,T10_162,test,False
T10_d05_163_a_2.jpg,T10,d05,163,a,2,T10_163,train,False
T10_d05_163_b_2.jpg,T10,d05,163,b,2,T10_163,train,False
T10_d05_165_a_1.jpg,T10,d05,165,a,1,T10_165,train,False
T10_d05_165_b_1.jpg,T10,d05,165,b,1,T10_165,train,False
T10_d05_166_a_1.jpg,T10,d05,166,a,1,T10_166,train,False
T10_d05_166_b_1.jpg,T10,d05,166,b,1,T10_166,train,False
T10_d05_167_a_1.jpg,T10,d05,167,a,1,T10_167,train,False
T10_d05_167_b_1.jpg,T10,d05,167,b,1,T10_167,train,False
T10_d05_168_a_2.jpg,T10,d05,168,a,2,T10_168,train,False
T10_d05_168_b_2.jpg,T10,d05,168,b,2,T10_168,train,False
T10_d05_172_a_1.jpg,T10,d05,172,a,1,T10_172,train,False
T10_d05_172_b_1.jpg,T10,d05,172,b,1,T10_172,train,True
T10_d05_180_a_1.jpg,T10,d05,180,a,1,T10_180,nuevo,False
T10_d05_180_b_1.jpg,T10,d05,180,b,1,T10_180,nuevo,False
T10_d05_181_a_1.jpg,T10,d05,181,a,1,T10_181,train,False
T10_d05_181_b_1.jpg,T10,d05,181,b,1,T10_181,train,True
T10_d05_186_a_1.jpg,T10,d05,186,a,1,T10_186,val,False
T10_d05_186_b_1.jpg,T10,d05,186,b,1,T10_186,val,True
T10_d05_193_a_1.jpg,T10,d05,193,a,1,T10_193,train,False
T10_d05_193_b_1.jpg,T10,d05,193,b,1,T10_193,train,False
T10_d05_194_a_1.jpg,T10,d05,194,a,1,T10_194,train,False
T10_d05_194_b_1.jpg,T10,d05,194,b,1,T10_194,train,False
T10_d05_196_a_1.jpg,T10,d05,196,a,1,T10_196,train,False
T10_d05_196_b_1.jpg,T10,d05,196,b,1,T10_196,train,False
T10_d05_202_a_2.jpg,T10,d05,202,a,2,T10_202,train,False
T10_d05_202_b_2.jpg,T10,d05,202,b,2,T10_202,train,False
T10_d05_204_a_1.jpg,T10,d05,204,a,1,T10_204,train,False
T10_d05_204_b_1.jpg,T10,d05,204,b,1,T10_204,train,False
T10_d05_206_a_1.jpg,T10,d05,206,a,1,T10_206,train,False
T10_d05_206_b_1.jpg,T10,d05,206,b,1,T10_206,train,False
T10_d05_211_a_1.jpg,T10,d05,211,a,1,T10_211,train,False
T10_d05_211_b_1.jpg,T10,d05,211,b,1,T10_211,train,False
T10_d05_213_a_1.jpg,T10,d05,213,a,1,T10_213,train,False
T10_d05_213_b_1.jpg,T10,d05,213,b,1,T10_213,train,False
T10_d05_215_a_1.jpg,T10,d05,215,a,1,T10_215,train,False
T10_d05_215_b_1.jpg,T10,d05,215,b,1,T10_215,train,False
T10_d05_217_a_1.jpg,T10,d05,217,a,1,T10_217,train,False
T10_d05_217_b_1.jpg,T10,d05,217,b,1,T10_217,train,False
T10_d05_219_a_1.jpg,T10,d05,219,a,1,T10_219,test,False
T10_d05_219_b_1.jpg,T10,d05,219,b,1,T10_219,test,False
T10_d05_220_a_2.jpg,T10,d05,220,a,2,T10_220,val,False
T10_d05_220_b_2.jpg,T10,d05,220,b,2,T10_220,val,False
T10_d05_221_a_1.jpg,T10,d05,221,a,1,T10_221,train,False
T10_d05_221_b_1.jpg,T10,d05,221,b,1,T10_221,train,False
T10_d05_223_a_1.jpg,T10,d05,223,a,1,T10_223,train,False
T10_d05_223_b_1.jpg,T10,d05,223,b,1,T10_223,train,False
T10_d05_227_a_4.jpg,T10,d05,227,a,4,T10_227,train,False
T10_d05_227_b_4.jpg,T10,d05,227,b,4,T10_227,train,True
T10_d05_229_a_1.jpg,T10,d05,229,a,1,T10_229,train,False
T10_d05_229_b_1.jpg,T10,d05,229,b,1,T10_229,train,False
T10_d05_233_a_2.jpg,T10,d05,233,a,2,T10_233,train,False
T10_d05_233_b_2.jpg,T10,d05,233,b,2,T10_233,train,True
T10_d05_234_a_1.jpg,T10,d05,234,a,1,T10_234,train,False
T10_d05_234_b_1.jpg,T10,d05,234,b,1,T10_234,train,False
T10_d05_236_a_1.jpg,T10,d05,236,a,1,T10_236,train,False
T10_d05_236_b_1.jpg,T10,d05,236,b,1,T10_236,train,False
T10_d05_237_a_2.jpg,T10,d05,237,a,2,T10_237,train,False
T10_d05_237_b_2.jpg,T10,d05,237,b,2,T10_237,train,False
T10_d05_243_a_1.jpg,T10,d05,243,a,1,T10_243,train,False
T10_d05_243_b_1.jpg,T10,d05,243,b,1,T10_243,train,False
T10_d05_245_a_1.jpg,T10,d05,245,a,1,T10_245,train,False
T10_d05_245_b_1.jpg,T10,d05,245,b,1,T10_245,train,False
T10_d05_250_a_1.jpg,T10,d05,250,a,1,T10_250,train,False
T10_d05_250_b_1.jpg,T10,d05,250,b,1,T10_250,train,False
T10_d05_252_a_1.jpg,T10,d05,252,a,1,T10_252,train,False
T10_d05_252_b_1.jpg,T10,d05,252,b,1,T10_252,train,False
T10_d05_253_a_2.jpg,T10,d05,253,a,2,T10_253,val,False
T10_d05_253_b_2.jpg,T10,d05,253,b,2,T10_253,val,False
T10_d05_254_a_1.jpg,T10,d05,254,a,1,T10_254,val,False
T10_d05_254_b_1.jpg,T10,d05,254,b,1,T10_254,val,False
T10_d05_262_a_1.jpg,T10,d05,262,a,1,T10_262,train,False
T10_d05_262_b_1.jpg,T10,d05,262,b,1,T10_262,train,False
T10_d05_266_a_1.jpg,T10,d05,266,a,1,T10_266,train,False
T10_d05_266_b_1.jpg,T10,d05,266,b,1,T10_266,train,False
T10_d05_269_a_1.jpg,T10,d05,269,a,1,T10_269,train,False
T10_d05_269_b_1.jpg,T10,d05,269,b,1,T10_269,train,False
T10_d05_274_a_1.jpg,T10,d05,274,a,1,T10_274,nuevo,False
T10_d05_274_b_1.jpg,T10,d05,274,b,1,T10_274,nuevo,False
T10_d05_275_a_1.jpg,T10,d05,275,a,1,T10_275,test,False
T10_d05_275_b_1.jpg,T10,d05,275,b,1,T10_275,test,False
T10_d05_276_a_1.jpg,T10,d05,276,a,1,T10_276,train,False
T10_d05_276_b_1.jpg,T10,d05,276,b,1,T10_276,train,False
T10_d05_282_a_1.jpg,T10,d05,282,a,1,T10_282,train,False
T10_d05_282_b_1.jpg,T10,d05,282,b,1,T10_282,train,False
T10_d05_283_a_2.jpg,T10,d05,283,a,2,T10_283,train,False
T10_d05_283_b_2.jpg,T10,d05,283,b,2,T10_283,train,False
T10_d05_284_a_2.jpg,T10,d05,284,a,2,T10_284,train,False
T10_d05_284_b_2.jpg,T10,d05,284,b,2,T10_284,train,False
T10_d05_290_a_2.jpg,T10,d05,290,a,2,T10_290,train,False
T10_d05_290_b_2.jpg,T10,d05,290,b,2,T10_290,train,False
T10_d05_292_a_1.jpg,T10,d05,292,a,1,T10_292,val,False
T10_d05_292_b_1.jpg,T10,d05,292,b,1,T10_292,val,False
T10_d05_294_a_2.jpg,T10,d05,294,a,2,T10_294,train,False
T10_d05_294_b_2.jpg,T10,d05,294,b,2,T10_294,train,False
T10_d05_295_a_1.jpg,T10,d05,295,a,1,T10_295,train,False
T10_d05_295_b_1.jpg,T10,d05,295,b,1,T10_295,train,False
T10_d05_296_a_1.jpg,T10,d05,296,a,1,T10_296,train,False
T10_d05_296_b_1.jpg,T10,d05,296,b,1,T10_296,train,False
T10_d05_298_a_1.jpg,T10,d05,298,a,1,T10_298,nuevo,False
T10_d05_298_b_1.jpg,T10,d05,298,b,1,T10_298,nuevo,False
T10_d05_306_a_2.jpg,T10,d05,306,a,2,T10_306,train,False
T10_d05_306_b_2.jpg,T10,d05,306,b,2,T10_306,train,False
T10_d05_310_a_1.jpg,T10,d05,310,a,1,T10_310,val,False
T10_d05_310_b_1.jpg,T10,d05,310,b,1,T10_310,val,True
T10_d05_314_a_1.jpg,T10,d05,314,a,1,T10_314,nuevo,False
T10_d05_314_b_1.jpg,T10,d05,314,b,1,T10_314,nuevo,False
T10_d05_315_a_1.jpg,T10,d05,315,a,1,T10_315,train,False
T10_d05_315_b_1.jpg,T10,d05,315,b,1,T10_315,train,False
T10_d05_325_a_1.jpg,T10,d05,325,a,1,T10_325,train,False
T10_d05_325_b_1.jpg,T10,d05,325,b,1,T10_325,train,False
T10_d05_326_a_1.jpg,T10,d05,326,a,1,T10_326,train,False
T10_d05_326_b_1.jpg,T10,d05,326,b,1,T10_326,train,False
T10_d05_327_a_1.jpg,T10,d05,327,a,1,T10_327,train,False
T10_d05_327_b_1.jpg,T10,d05,327,b,1,T10_327,train,False
T10_d05_328_a_1.jpg,T10,d05,328,a,1,T10_328,train,False
T10_d05_328_b_1.jpg,T10,d05,328,b,1,T10_328,train,False
T10_d05_330_a_1.jpg,T10,d05,330,a,1,T10_330,train,False
T10_d05_330_b_1.jpg,T10,d05,330,b,1,T10_330,train,False
T10_d05_331_a_1.jpg,T10,d05,331,a,1,T10_331,test,True
T10_d05_331_b_1.jpg,T10,d05,331,b,1,T10_331,test,False
T10_d05_333_a_1.jpg,T10,d05,333,a,1,T10_333,train,False
T10_d05_333_b_1.jpg,T10,d05,333,b,1,T10_333,train,False
T10_d05_336_a_1.jpg,T10,d05,336,a,1,T10_336,train,False
T10_d05_336_b_1.jpg,T10,d05,336,b,1,T10_336,train,False
T10_d05_337_a_1.jpg,T10,d05,337,a,1,T10_337,train,False
T10_d05_337_b_1.jpg,T10,d05,337,b,1,T10_337,train,False
T10_d05_338_a_1.jpg,T10,d05,338,a,1,T10_338,train,True
T10_d05_338_b_1.jpg,T10,d05,338,b,1,T10_338,train,False
T10_d05_349_a_1.jpg,T10,d05,349,a,1,T10_349,train,False
T10_d05_349_b_1.jpg,T10,d05,349,b,1,T10_349,train,False
T10_d05_350_a_1.jpg,T10,d05,350,a,1,T10_350,train,False
T10_d05_350_b_1.jpg,T10,d05,350,b,1,T10_350,train,False
T10_d05_351_a_1.jpg,T10,d05,351,a,1,T10_351,train,False
T10_d05_351_b_1.jpg,T10,d05,351,b,1,T10_351,train,False
T10_d05_353_a_1.jpg,T10,d05,353,a,1,T10_353,val,False
T10_d05_353_b_1.jpg,T10,d05,353,b,1,T10_353,val,False
T10_d05_355_a_1.jpg,T10,d05,355,a,1,T10_355,train,False
T10_d05_355_b_1.jpg,T10,d05,355,b,1,T10_355,train,False
T10_d05_357_a_1.jpg,T10,d05,357,a,1,T10_357,train,False
T10_d05_357_b_1.jpg,T10,d05,357,b,1,T10_357,train,False
T10_d05_358_a_1.jpg,T10,d05,358,a,1,T10_358,nuevo,False
T10_d05_358_b_1.jpg,T10,d05,358,b,1,T10_358,nuevo,False
T10_d05_365_a_1.jpg,T10,d05,365,a,1,T10_365,train,False
T10_d05_365_b_1.jpg,T10,d05,365,b,1,T10_365,train,False
T10_d05_366_a_1.jpg,T10,d05,366,a,1,T10_366,train,False
T10_d05_366_b_1.jpg,T10,d05,366,b,1,T10_366,train,False
T10_d05_367_a_1.jpg,T10,d05,367,a,1,T10_367,train,False
T10_d05_367_b_1.jpg,T10,d05,367,b,1,T10_367,train,False
T10_d05_368_a_1.jpg,T10,d05,368,a,1,T10_368,val,False
T10_d05_368_b_1.jpg,T10,d05,368,b,1,T10_368,val,False
T10_d05_372_a_1.jpg,T10,d05,372,a,1,T10_372,train,True
T10_d05_372_b_1.jpg,T10,d05,372,b,1,T10_372,train,False
T10_d05_373_a_1.jpg,T10,d05,373,a,1,T10_373,val,False
T10_d05_373_b_1.jpg,T10,d05,373,b,1,T10_373,val,False
T10_d05_375_a_1.jpg,T10,d05,375,a,1,T10_375,val,False
T10_d05_375_b_1.jpg,T10,d05,375,b,1,T10_375,val,False
T10_d05_376_a_1.jpg,T10,d05,376,a,1,T10_376,train,False
T10_d05_376_b_1.jpg,T10,d05,376,b,1,T10_376,train,False
T10_d05_377_a_2.jpg,T10,d05,377,a,2,T10_377,train,False
T10_d05_377_b_2.jpg,T10,d05,377,b,2,T10_377,train,True
T10_d05_381_a_2.jpg,T10,d05,381,a,2,T10_381,train,False
T10_d05_381_b_2.jpg,T10,d05,381,b,2,T10_381,train,False
T10_d05_382_a_1.jpg,T10,d05,382,a,1,T10_382,train,False
T10_d05_382_b_1.jpg,T10,d05,382,b,1,T10_382,train,False
T10_d05_385_a_1.jpg,T10,d05,385,a,1,T10_385,val,True
T10_d05_385_b_1.jpg,T10,d05,385,b,1,T10_385,val,False
T10_d05_387_a_1.jpg,T10,d05,387,a,1,T10_387,train,False
T10_d05_387_b_1.jpg,T10,d05,387,b,1,T10_387,train,True
T10_d05_392_a_1.jpg,T10,d05,392,a,1,T10_392,test,False
T10_d05_392_b_1.jpg,T10,d05,392,b,1,T10_392,test,False
T10_d05_393_a_1.jpg,T10,d05,393,a,1,T10_393,val,False
T10_d05_393_b_1.jpg,T10,d05,393,b,1,T10_393,val,False
T10_d05_395_a_1.jpg,T10,d05,395,a,1,T10_395,test,False
T10_d05_395_b_1.jpg,T10,d05,395,b,1,T10_395,test,False
T10_d05_398_a_2.jpg,T10,d05,398,a,2,T10_398,val,True
T10_d05_398_b_2.jpg,T10,d05,398,b,2,T10_398,val,False
T10_d05_399_a_2.jpg,T10,d05,399,a,2,T10_399,val,False
T10_d05_399_b_2.jpg,T10,d05,399,b,2,T10_399,val,False
T10_d05_400_a_1.jpg,T10,d05,400,a,1,T10_400,train,False
T10_d05_400_b_1.jpg,T10,d05,400,b,1,T10_400,train,False
T10_d05_401_a_1.jpg,T10,d05,401,a,1,T10_401,train,False
T10_d05_401_b_1.jpg,T10,d05,401,b,1,T10_401,train,False
T10_d05_402_a_1.jpg,T10,d05,402,a,1,T10_402,val,False
T10_d05_402_b_1.jpg,T10,d05,402,b,1,T10_402,val,False
T10_d05_405_a_1.jpg,T10,d05,405,a,1,T10_405,train,False
T10_d05_405_b_1.jpg,T10,d05,405,b,1,T10_405,train,False
T10_d05_406_a_2.jpg,T10,d05,406,a,2,T10_406,val,False
T10_d05_406_b_2.jpg,T10,d05,406,b,2,T10_406,val,False
T10_d05_408_a_1.jpg,T10,d05,408,a,1,T10_408,train,False
T10_d05_408_b_1.jpg,T10,d05,408,b,1,T10_408,train,False
T10_d05_410_a_1.jpg,T10,d05,410,a,1,T10_410,train,False
T10_d05_410_b_1.jpg,T10,d05,410,b,1,T10_410,train,False
T10_d05_411_a_1.jpg,T10,d05,411,a,1,T10_411,val,False
T10_d05_411_b_1.jpg,T10,d05,411,b,1,T10_411,val,False
T10_d05_413_a_1.jpg,T10,d05,413,a,1,T10_413,train,False
T10_d05_413_b_1.jpg,T10,d05,413,b,1,T10_413,train,False
T10_d05_414_a_1.jpg,T10,d05,414,a,1,T10_414,train,False
T10_d05_414_b_1.jpg,T10,d05,414,b,1,T10_414,train,False
T10_d05_415_a_1.jpg,T10,d05,415,a,1,T10_415,train,False
T10_d05_415_b_1.jpg,T10,d05,415,b,1,T10_415,train,False
T10_d05_420_a_1.jpg,T10,d05,420,a,1,T10_420,train,False
T10_d05_420_b_1.jpg,T10,d05,420,b,1,T10_420,train,False
T10_d05_422_a_2.jpg,T10,d05,422,a,2,T10_422,train,False
T10_d05_422_b_2.jpg,T10,d05,422,b,2,T10_422,train,False
T10_d05_425_a_1.jpg,T10,d05,425,a,1,T10_425,train,False
T10_d05_425_b_1.jpg,T10,d05,425,b,1,T10_425,train,False
T10_d05_429_a_1.jpg,T10,d05,429,a,1,T10_429,train,False
T10_d05_429_b_1.jpg,T10,d05,429,b,1,T10_429,train,False
T10_d05_430_a_2.jpg,T10,d05,430,a,2,T10_430,val,False
T10_d05_430_b_2.jpg,T10,d05,430,b,2,T10_430,val,False
T10_d05_442_a_1.jpg,T10,d05,442,a,1,T10_442,train,False
T10_d05_442_b_1.jpg,T10,d05,442,b,1,T10_442,train,False
T10_d05_444_a_2.jpg,T10,d05,444,a,2,T10_444,train,False
T10_d05_444_b_2.jpg,T10,d05,444,b,2,T10_444,train,False
T10_d05_445_a_1.jpg,T10,d05,445,a,1,T10_445,train,False
T10_d05_445_b_1.jpg,T10,d05,445,b,1,T10_445,train,False
T10_d05_446_a_1.jpg,T10,d05,446,a,1,T10_446,train,False
T10_d05_446_b_1.jpg,T10,d05,446,b,1,T10_446,train,False
T10_d05_447_a_1.jpg,T10,d05,447,a,1,T10_447,train,False
T10_d05_447_b_1.jpg,T10,d05,447,b,1,T10_447,train,False
T10_d05_448_a_2.jpg,T10,d05,448,a,2,T10_448,train,False
T10_d05_448_b_2.jpg,T10,d05,448,b,2,T10_448,train,True
T10_d05_449_a_1.jpg,T10,d05,449,a,1,T10_449,train,True
T10_d05_449_b_1.jpg,T10,d05,449,b,1,T10_449,train,False
T10_d05_450_a_1.jpg,T10,d05,450,a,1,T10_450,val,False
T10_d05_450_b_1.jpg,T10,d05,450,b,1,T10_450,val,False
T10_d05_451_a_1.jpg,T10,d05,451,a,1,T10_451,val,False
T10_d05_451_b_1.jpg,T10,d05,451,b,1,T10_451,val,False
T10_d05_452_a_1.jpg,T10,d05,452,a,1,T10_452,val,False
T10_d05_452_b_1.jpg,T10,d05,452,b,1,T10_452,val,False
T10_d05_454_a_1.jpg,T10,d05,454,a,1,T10_454,train,False
T10_d05_454_b_1.jpg,T10,d05,454,b,1,T10_454,train,False
T10_d05_458_a_1.jpg,T10,d05,458,a,1,T10_458,train,True
T10_d05_458_b_1.jpg,T10,d05,458,b,1,T10_458,train,False
T10_d05_459_a_1.jpg,T10,d05,459,a,1,T10_459,train,False
T10_d05_459_b_1.jpg,T10,d05,459,b,1,T10_459,train,True
T10_d05_470_a_1.jpg,T10,d05,470,a,1,T10_470,train,False
T10_d05_470_b_1.jpg,T10,d05,470,b,1,T10_470,train,False
T10_d05_471_a_1.jpg,T10,d05,471,a,1,T10_471,test,False
T10_d05_471_b_1.jpg,T10,d05,471,b,1,T10_471,test,False
T10_d05_475_a_1.jpg,T10,d05,475,a,1,T10_475,train,False
T10_d05_475_b_1.jpg,T10,d05,475,b,1,T10_475,train,False
T10_d05_478_a_1.jpg,T10,d05,478,a,1,T10_478,val,False
T10_d05_478_b_1.jpg,T10,d05,478,b,1,T10_478,val,False
T10_d06_002_a_1.jpg,T10,d06,002,a,1,T10_002,train,False
T10_d06_002_b_1.jpg,T10,d06,002,b,1,T10_002,train,False
T10_d06_003_a_1.jpg,T10,d06,003,a,1,T10_003,train,False
T10_d06_003_b_1.jpg,T10,d06,003,b,1,T10_003,train,False
T10_d06_007_a_1.jpg,T10,d06,007,a,1,T10_007,train,False
T10_d06_007_b_1.jpg,T10,d06,007,b,1,T10_007,train,False
T10_d06_011_a_1.jpg,T10,d06,011,a,1,T10_011,train,False
T10_d06_011_b_1.jpg,T10,d06,011,b,1,T10_011,train,False
T10_d06_012_a_2.jpg,T10,d06,012,a,2,T10_012,val,False
T10_d06_012_b_2.jpg,T10,d06,012,b,2,T10_012,val,False
T10_d06_013_a_1.jpg,T10,d06,013,a,1,T10_013,train,False
T10_d06_013_b_1.jpg,T10,d06,013,b,1,T10_013,train,False
T10_d06_014_a_1.jpg,T10,d06,014,a,1,T10_014,val,False
T10_d06_014_b_1.jpg,T10,d06,014,b,1,T10_014,val,False
T10_d06_015_a_1.jpg,T10,d06,015,a,1,T10_015,test,False
T10_d06_015_b_1.jpg,T10,d06,015,b,1,T10_015,test,False
T10_d06_018_a_1.jpg,T10,d06,018,a,1,T10_018,val,True
T10_d06_018_b_1.jpg,T10,d06,018,b,1,T10_018,val,False
T10_d06_021_a_1.jpg,T10,d06,021,a,1,T10_021,train,False
T10_d06_021_b_1.jpg,T10,d06,021,b,1,T10_021,train,False
T10_d06_022_a_1.jpg,T10,d06,022,a,1,T10_022,train,False
T10_d06_022_b_1.jpg,T10,d06,022,b,1,T10_022,train,False
T10_d06_026_a_2.jpg,T10,d06,026,a,2,T10_026,train,False
T10_d06_026_b_2.jpg,T10,d06,026,b,2,T10_026,train,False
T10_d06_027_a_1.jpg,T10,d06,027,a,1,T10_027,train,False
T10_d06_027_b_1.jpg,T10,d06,027,b,1,T10_027,train,False
T10_d06_033_a_1.jpg,T10,d06,033,a,1,T10_033,val,False
T10_d06_033_b_1.jpg,T10,d06,033,b,1,T10_033,val,False
T10_d06_034_a_1.jpg,T10,d06,034,a,1,T10_034,train,False
T10_d06_034_b_1.jpg,T10,d06,034,b,1,T10_034,train,False
T10_d06_035_a_1.jpg,T10,d06,035,a,1,T10_035,val,False
T10_d06_035_b_1.jpg,T10,d06,035,b,1,T10_035,val,False
T10_d06_038_a_2.jpg,T10,d06,038,a,2,T10_038,val,False
T10_d06_038_b_2.jpg,T10,d06,038,b,2,T10_038,val,False
T10_d06_041_a_1.jpg,T10,d06,041,a,1,T10_041,val,False
T10_d06_041_b_1.jpg,T10,d06,041,b,1,T10_041,val,False
T10_d06_045_a_1.jpg,T10,d06,045,a,1,T10_045,nuevo,False
T10_d06_045_b_1.jpg,T10,d06,045,b,1,T10_045,nuevo,False
T10_d06_046_a_1.jpg,T10,d06,046,a,1,T10_046,train,False
T10_d06_046_b_1.jpg,T10,d06,046,b,1,T10_046,train,False
T10_d06_047_a_1.jpg,T10,d06,047,a,1,T10_047,train,False
T10_d06_047_b_1.jpg,T10,d06,047,b,1,T10_047,train,False
T10_d06_048_a_1.jpg,T10,d06,048,a,1,T10_048,train,False
T10_d06_048_b_1.jpg,T10,d06,048,b,1,T10_048,train,False
T10_d06_055_a_1.jpg,T10,d06,055,a,1,T10_055,train,False
T10_d06_055_b_1.jpg,T10,d06,055,b,1,T10_055,train,False
T10_d06_058_a_1.jpg,T10,d06,058,a,1,T10_058,val,False
T10_d06_058_b_1.jpg,T10,d06,058,b,1,T10_058,val,False
T10_d06_061_a_2.jpg,T10,d06,061,a,2,T10_061,train,False
T10_d06_061_b_2.jpg,T10,d06,061,b,2,T10_061,train,False
T10_d06_065_a_3.jpg,T10,d06,065,a,3,T10_065,val,False
T10_d06_065_b_3.jpg,T10,d06,065,b,3,T10_065,val,False
T10_d06_067_a_1.jpg,T10,d06,067,a,1,T10_067,train,False
T10_d06_067_b_1.jpg,T10,d06,067,b,1,T10_067,train,False
T10_d06_069_a_1.jpg,T10,d06,069,a,1,T10_069,train,False
T10_d06_069_b_1.jpg,T10,d06,069,b,1,T10_069,train,True
T10_d06_072_a_1.jpg,T10,d06,072,a,1,T10_072,val,False
T10_d06_072_b_1.jpg,T10,d06,072,b,1,T10_072,val,False
T10_d06_080_a_1.jpg,T10,d06,080,a,1,T10_080,val,False
T10_d06_080_b_1.jpg,T10,d06,080,b,1,T10_080,val,False
T10_d06_083_a_1.jpg,T10,d06,083,a,1,T10_083,train,False
T10_d06_083_b_1.jpg,T10,d06,083,b,1,T10_083,train,False
T10_d06_087_a_1.jpg,T10,d06,087,a,1,T10_087,val,False
T10_d06_087_b_1.jpg,T10,d06,087,b,1,T10_087,val,False
T10_d06_089_a_1.jpg,T10,d06,089,a,1,T10_089,train,False
T10_d06_089_b_1.jpg,T10,d06,089,b,1,T10_089,train,False
T10_d06_092_a_1.jpg,T10,d06,092,a,1,T10_092,test,False
T10_d06_092_b_1.jpg,T10,d06,092,b,1,T10_092,test,False
T10_d06_093_a_1.jpg,T10,d06,093,a,1,T10_093,train,False
T10_d06_093_b_1.jpg,T10,d06,093,b,1,T10_093,train,False
T10_d06_094_a_1.jpg,T10,d06,094,a,1,T10_094,train,False
T10_d06_094_b_1.jpg,T10,d06,094,b,1,T10_094,train,False
T10_d06_096_a_1.jpg,T10,d06,096,a,1,T10_096,train,False
T10_d06_096_b_1.jpg,T10,d06,096,b,1,T10_096,train,True
T10_d06_097_a_1.jpg,T10,d06,097,a,1,T10_097,train,False
T10_d06_097_b_1.jpg,T10,d06,097,b,1,T10_097,train,False
T10_d06_098_a_1.jpg,T10,d06,098,a,1,T10_098,train,False
T10_d06_098_b_1.jpg,T10,d06,098,b,1,T10_098,train,False
T10_d06_099_a_1.jpg,T10,d06,099,a,1,T10_099,train,False
T10_d06_099_b_1.jpg,T10,d06,099,b,1,T10_099,train,False
T10_d06_100_a_1.jpg,T10,d06,100,a,1,T10_100,test,False
T10_d06_100_b_1.jpg,T10,d06,100,b,1,T10_100,test,False
T10_d06_108_a_1.jpg,T10,d06,108,a,1,T10_108,train,False
T10_d06_108_b_1.jpg,T10,d06,108,b,1,T10_108,train,False
T10_d06_110_a_1.jpg,T10,d06,110,a,1,T10_110,train,False
T10_d06_110_b_1.jpg,T10,d06,110,b,1,T10_110,train,False
T10_d06_111_a_1.jpg,T10,d06,111,a,1,T10_111,val,False
T10_d06_111_b_1.jpg,T10,d06,111,b,1,T10_111,val,False
T10_d06_113_a_1.jpg,T10,d06,113,a,1,T10_113,train,False
T10_d06_113_b_1.jpg,T10,d06,113,b,1,T10_113,train,False
T10_d06_118_a_1.jpg,T10,d06,118,a,1,T10_118,train,False
T10_d06_118_b_1.jpg,T10,d06,118,b,1,T10_118,train,False
T10_d06_122_a_1.jpg,T10,d06,122,a,1,T10_122,train,False
T10_d06_122_b_1.jpg,T10,d06,122,b,1,T10_122,train,False
T10_d06_125_a_1.jpg,T10,d06,125,a,1,T10_125,train,False
T10_d06_125_b_1.jpg,T10,d06,125,b,1,T10_125,train,False
T10_d06_128_a_1.jpg,T10,d06,128,a,1,T10_128,train,False
T10_d06_128_b_1.jpg,T10,d06,128,b,1,T10_128,train,True
T10_d06_129_a_1.jpg,T10,d06,129,a,1,T10_129,train,False
T10_d06_129_b_1.jpg,T10,d06,129,b,1,T10_129,train,False
T10_d06_130_a_1.jpg,T10,d06,130,a,1,T10_130,train,False
T10_d06_130_b_1.jpg,T10,d06,130,b,1,T10_130,train,False
T10_d06_131_a_1.jpg,T10,d06,131,a,1,T10_131,train,False
T10_d06_131_b_1.jpg,T10,d06,131,b,1,T10_131,train,False
T10_d06_133_a_2.jpg,T10,d06,133,a,2,T10_133,train,False
T10_d06_133_b_2.jpg,T10,d06,133,b,2,T10_133,train,False
T10_d06_136_a_1.jpg,T10,d06,136,a,1,T10_136,val,False
T10_d06_136_b_1.jpg,T10,d06,136,b,1,T10_136,val,False
T10_d06_138_a_1.jpg,T10,d06,138,a,1,T10_138,train,False
T10_d06_138_b_1.jpg,T10,d06,138,b,1,T10_138,train,False
T10_d06_145_a_1.jpg,T10,d06,145,a,1,T10_145,train,False
T10_d06_145_b_1.jpg,T10,d06,145,b,1,T10_145,train,False
T10_d06_148_a_1.jpg,T10,d06,148,a,1,T10_148,nuevo,False
T10_d06_148_b_1.jpg,T10,d06,148,b,1,T10_148,nuevo,False
T10_d06_149_a_1.jpg,T10,d06,149,a,1,T10_149,train,True
T10_d06_149_b_1.jpg,T10,d06,149,b,1,T10_149,train,False
T10_d06_152_a_1.jpg,T10,d06,152,a,1,T10_152,train,False
T10_d06_152_b_1.jpg,T10,d06,152,b,1,T10_152,train,False
T10_d06_156_a_1.jpg,T10,d06,156,a,1,T10_156,train,False
T10_d06_156_b_1.jpg,T10,d06,156,b,1,T10_156,train,False
T10_d06_162_a_1.jpg,T10,d06,162,a,1,T10_162,test,False
T10_d06_162_b_1.jpg,T10,d06,162,b,1,T10_162,test,False
T10_d06_163_a_2.jpg,T10,d06,163,a,2,T10_163,train,False
T10_d06_163_b_2.jpg,T10,d06,163,b,2,T10_163,train,False
T10_d06_165_a_1.jpg,T10,d06,165,a,1,T10_165,train,False
T10_d06_165_b_1.jpg,T10,d06,165,b,1,T10_165,train,False
T10_d06_166_a_1.jpg,T10,d06,166,a,1,T10_166,train,False
T10_d06_166_b_1.jpg,T10,d06,166,b,1,T10_166,train,False
T10_d06_167_a_1.jpg,T10,d06,167,a,1,T10_167,train,False
T10_d06_167_b_1.jpg,T10,d06,167,b,1,T10_167,train,False
T10_d06_168_a_2.jpg,T10,d06,168,a,2,T10_168,train,False
T10_d06_168_b_2.jpg,T10,d06,168,b,2,T10_168,train,False
T10_d06_172_a_1.jpg,T10,d06,172,a,1,T10_172,train,False
T10_d06_172_b_1.jpg,T10,d06,172,b,1,T10_172,train,False
T10_d06_181_a_1.jpg,T10,d06,181,a,1,T10_181,train,False
T10_d06_181_b_1.jpg,T10,d06,181,b,1,T10_181,train,False
T10_d06_186_a_1.jpg,T10,d06,186,a,1,T10_186,val,True
T10_d06_186_b_1.jpg,T10,d06,186,b,1,T10_186,val,False
T10_d06_193_a_1.jpg,T10,d06,193,a,1,T10_193,train,False
T10_d06_193_b_1.jpg,T10,d06,193,b,1,T10_193,train,False
T10_d06_194_a_1.jpg,T10,d06,194,a,1,T10_194,train,False
T10_d06_194_b_1.jpg,T10,d06,194,b,1,T10_194,train,False
T10_d06_196_a_1.jpg,T10,d06,196,a,1,T10_196,train,False
T10_d06_196_b_1.jpg,T10,d06,196,b,1,T10_196,train,False
T10_d06_202_a_2.jpg,T10,d06,202,a,2,T10_202,train,False
T10_d06_202_b_2.jpg,T10,d06,202,b,2,T10_202,train,True
T10_d06_204_a_1.jpg,T10,d06,204,a,1,T10_204,train,False
T10_d06_204_b_1.jpg,T10,d06,204,b,1,T10_204,train,False
T10_d06_206_a_1.jpg,T10,d06,206,a,1,T10_206,train,False
T10_d06_206_b_1.jpg,T10,d06,206,b,1,T10_206,train,False
T10_d06_211_a_1.jpg,T10,d06,211,a,1,T10_211,train,False
T10_d06_211_b_1.jpg,T10,d06,211,b,1,T10_211,train,False
T10_d06_213_a_1.jpg,T10,d06,213,a,1,T10_213,train,False
T10_d06_213_b_1.jpg,T10,d06,213,b,1,T10_213,train,False
T10_d06_215_a_1.jpg,T10,d06,215,a,1,T10_215,train,False
T10_d06_215_b_1.jpg,T10,d06,215,b,1,T10_215,train,False
T10_d06_217_a_1.jpg,T10,d06,217,a,1,T10_217,train,False
T10_d06_217_b_1.jpg,T10,d06,217,b,1,T10_217,train,False
T10_d06_219_a_1.jpg,T10,d06,219,a,1,T10_219,test,False
T10_d06_219_b_1.jpg,T10,d06,219,b,1,T10_219,test,False
T10_d06_220_a_2.jpg,T10,d06,220,a,2,T10_220,val,False
T10_d06_220_b_2.jpg,T10,d06,220,b,2,T10_220,val,False
T10_d06_221_a_1.jpg,T10,d06,221,a,1,T10_221,train,True
T10_d06_221_b_1.jpg,T10,d06,221,b,1,T10_221,train,False
T10_d06_223_a_1.jpg,T10,d06,223,a,1,T10_223,train,True
T10_d06_223_b_1.jpg,T10,d06,223,b,1,T10_223,train,False
T10_d06_227_a_4.jpg,T10,d06,227,a,4,T10_227,train,False
T10_d06_227_b_4.jpg,T10,d06,227,b,4,T10_227,train,False
T10_d06_229_a_1.jpg,T10,d06,229,a,1,T10_229,train,False
T10_d06_229_b_1.jpg,T10,d06,229,b,1,T10_229,train,False
T10_d06_233_a_2.jpg,T10,d06,233,a,2,T10_233,train,False
T10_d06_233_b_2.jpg,T10,d06,233,b,2,T10_233,train,True
T10_d06_234_a_1.jpg,T10,d06,234,a,1,T10_234,train,False
T10_d06_234_b_1.jpg,T10,d06,234,b,1,T10_234,train,False
T10_d06_236_a_1.jpg,T10,d06,236,a,1,T10_236,train,False
T10_d06_236_b_1.jpg,T10,d06,236,b,1,T10_236,train,False
T10_d06_237_a_2.jpg,T10,d06,237,a,2,T10_237,train,False
T10_d06_237_b_2.jpg,T10,d06,237,b,2,T10_237,train,False
T10_d06_243_a_1.jpg,T10,d06,243,a,1,T10_243,train,False
T10_d06_243_b_1.jpg,T10,d06,243,b,1,T10_243,train,False
T10_d06_245_a_1.jpg,T10,d06,245,a,1,T10_245,train,False
T10_d06_245_b_1.jpg,T10,d06,245,b,1,T10_245,train,False
T10_d06_250_a_1.jpg,T10,d06,250,a,1,T10_250,train,True
T10_d06_250_b_1.jpg,T10,d06,250,b,1,T10_250,train,False
T10_d06_252_a_1.jpg,T10,d06,252,a,1,T10_252,train,False
T10_d06_252_b_1.jpg,T10,d06,252,b,1,T10_252,train,False
T10_d06_253_a_2.jpg,T10,d06,253,a,2,T10_253,val,False
T10_d06_253_b_2.jpg,T10,d06,253,b,2,T10_253,val,False
T10_d06_254_a_1.jpg,T10,d06,254,a,1,T10_254,val,False
T10_d06_254_b_1.jpg,T10,d06,254,b,1,T10_254,val,False
T10_d06_262_a_1.jpg,T10,d06,262,a,1,T10_262,train,False
T10_d06_262_b_1.jpg,T10,d06,262,b,1,T10_262,train,False
T10_d06_266_a_1.jpg,T10,d06,266,a,1,T10_266,train,False
T10_d06_266_b_1.jpg,T10,d06,266,b,1,T10_266,train,False
T10_d06_269_a_1.jpg,T10,d06,269,a,1,T10_269,train,False
T10_d06_269_b_1.jpg,T10,d06,269,b,1,T10_269,train,False
T10_d06_274_a_1.jpg,T10,d06,274,a,1,T10_274,nuevo,False
T10_d06_274_b_1.jpg,T10,d06,274,b,1,T10_274,nuevo,False
T10_d06_275_a_1.jpg,T10,d06,275,a,1,T10_275,test,False
T10_d06_275_b_1.jpg,T10,d06,275,b,1,T10_275,test,False
T10_d06_276_a_1.jpg,T10,d06,276,a,1,T10_276,train,False
T10_d06_276_b_1.jpg,T10,d06,276,b,1,T10_276,train,False
T10_d06_282_a_1.jpg,T10,d06,282,a,1,T10_282,train,False
T10_d06_282_b_1.jpg,T10,d06,282,b,1,T10_282,train,False
T10_d06_283_a_2.jpg,T10,d06,283,a,2,T10_283,train,False
T10_d06_283_b_2.jpg,T10,d06,283,b,2,T10_283,train,False
T10_d06_284_a_2.jpg,T10,d06,284,a,2,T10_284,train,True
T10_d06_284_b_2.jpg,T10,d06,284,b,2,T10_284,train,False
T10_d06_290_a_2.jpg,T10,d06,290,a,2,T10_290,train,False
T10_d06_290_b_2.jpg,T10,d06,290,b,2,T10_290,train,False
T10_d06_292_a_1.jpg,T10,d06,292,a,1,T10_292,val,False
T10_d06_292_b_1.jpg,T10,d06,292,b,1,T10_292,val,False
T10_d06_294_a_2.jpg,T10,d06,294,a,2,T10_294,train,False
T10_d06_294_b_2.jpg,T10,d06,294,b,2,T10_294,train,False
T10_d06_295_a_1.jpg,T10,d06,295,a,1,T10_295,train,False
T10_d06_295_b_1.jpg,T10,d06,295,b,1,T10_295,train,False
T10_d06_296_a_1.jpg,T10,d06,296,a,1,T10_296,train,False
T10_d06_296_b_1.jpg,T10,d06,296,b,1,T10_296,train,False
T10_d06_298_a_1.jpg,T10,d06,298,a,1,T10_298,nuevo,False
T10_d06_298_b_1.jpg,T10,d06,298,b,1,T10_298,nuevo,False
T10_d06_306_a_2.jpg,T10,d06,306,a,2,T10_306,train,False
T10_d06_306_b_2.jpg,T10,d06,306,b,2,T10_306,train,False
T10_d06_310_a_1.jpg,T10,d06,310,a,1,T10_310,val,False
T10_d06_310_b_1.jpg,T10,d06,310,b,1,T10_310,val,False
T10_d06_314_a_1.jpg,T10,d06,314,a,1,T10_314,nuevo,False
T10_d06_314_b_1.jpg,T10,d06,314,b,1,T10_314,nuevo,False
T10_d06_315_a_1.jpg,T10,d06,315,a,1,T10_315,train,False
T10_d06_315_b_1.jpg,T10,d06,315,b,1,T10_315,train,False
T10_d06_325_a_1.jpg,T10,d06,325,a,1,T10_325,train,False
T10_d06_325_b_1.jpg,T10,d06,325,b,1,T10_325,train,False
T10_d06_326_a_1.jpg,T10,d06,326,a,1,T10_326,train,False
T10_d06_326_b_1.jpg,T10,d06,326,b,1,T10_326,train,False
T10_d06_327_a_1.jpg,T10,d06,327,a,1,T10_327,train,False
T10_d06_327_b_1.jpg,T10,d06,327,b,1,T10_327,train,False
T10_d06_328_a_1.jpg,T10,d06,328,a,1,T10_328,train,False
T10_d06_328_b_1.jpg,T10,d06,328,b,1,T10_328,train,False
T10_d06_330_a_1.jpg,T10,d06,330,a,1,T10_330,train,False
T10_d06_330_b_1.jpg,T10,d06,330,b,1,T10_330,train,False
T10_d06_331_a_1.jpg,T10,d06,331,a,1,T10_331,test,False
T10_d06_331_b_1.jpg,T10,d06,331,b,1,T10_331,test,False
T10_d06_333_a_1.jpg,T10,d06,333,a,1,T10_333,train,False
T10_d06_333_b_1.jpg,T10,d06,333,b,1,T10_333,train,False
T10_d06_336_a_1.jpg,T10,d06,336,a,1,T10_336,train,False
T10_d06_336_b_1.jpg,T10,d06,336,b,1,T10_336,train,False
T10_d06_337_a_1.jpg,T10,d06,337,a,1,T10_337,train,False
T10_d06_337_b_1.jpg,T10,d06,337,b,1,T10_337,train,False
T10_d06_338_a_1.jpg,T10,d06,338,a,1,T10_338,train,False
T10_d06_338_b_1.jpg,T10,d06,338,b,1,T10_338,train,False
T10_d06_349_a_1.jpg,T10,d06,349,a,1,T10_349,train,False
T10_d06_349_b_1.jpg,T10,d06,349,b,1,T10_349,train,False
T10_d06_350_a_1.jpg,T10,d06,350,a,1,T10_350,train,False
T10_d06_350_b_1.jpg,T10,d06,350,b,1,T10_350,train,False
T10_d06_351_a_1.jpg,T10,d06,351,a,1,T10_351,train,False
T10_d06_351_b_1.jpg,T10,d06,351,b,1,T10_351,train,False
T10_d06_353_a_1.jpg,T10,d06,353,a,1,T10_353,val,False
T10_d06_353_b_1.jpg,T10,d06,353,b,1,T10_353,val,False
T10_d06_355_a_1.jpg,T10,d06,355,a,1,T10_355,train,False
T10_d06_355_b_1.jpg,T10,d06,355,b,1,T10_355,train,False
T10_d06_357_a_1.jpg,T10,d06,357,a,1,T10_357,train,False
T10_d06_357_b_1.jpg,T10,d06,357,b,1,T10_357,train,False
T10_d06_365_a_1.jpg,T10,d06,365,a,1,T10_365,train,False
T10_d06_365_b_1.jpg,T10,d06,365,b,1,T10_365,train,False
T10_d06_366_a_1.jpg,T10,d06,366,a,1,T10_366,train,False
T10_d06_366_b_1.jpg,T10,d06,366,b,1,T10_366,train,False
T10_d06_367_a_1.jpg,T10,d06,367,a,1,T10_367,train,False
T10_d06_367_b_1.jpg,T10,d06,367,b,1,T10_367,train,False
T10_d06_368_a_1.jpg,T10,d06,368,a,1,T10_368,val,False
T10_d06_368_b_1.jpg,T10,d06,368,b,1,T10_368,val,False
T10_d06_372_a_1.jpg,T10,d06,372,a,1,T10_372,train,False
T10_d06_372_b_1.jpg,T10,d06,372,b,1,T10_372,train,False
T10_d06_373_a_1.jpg,T10,d06,373,a,1,T10_373,val,False
T10_d06_373_b_1.jpg,T10,d06,373,b,1,T10_373,val,False
T10_d06_375_a_1.jpg,T10,d06,375,a,1,T10_375,val,False
T10_d06_375_b_1.jpg,T10,d06,375,b,1,T10_375,val,False
T10_d06_376_a_1.jpg,T10,d06,376,a,1,T10_376,train,False
T10_d06_376_b_1.jpg,T10,d06,376,b,1,T10_376,train,False
T10_d06_377_a_2.jpg,T10,d06,377,a,2,T10_377,train,False
T10_d06_377_b_2.jpg,T10,d06,377,b,2,T10_377,train,False
T10_d06_381_a_2.jpg,T10,d06,381,a,2,T10_381,train,False
T10_d06_381_b_2.jpg,T10,d06,381,b,2,T10_381,train,False
T10_d06_382_a_1.jpg,T10,d06,382,a,1,T10_382,train,False
T10_d06_382_b_1.jpg,T10,d06,382,b,1,T10_382,train,False
T10_d06_385_a_1.jpg,T10,d06,385,a,1,T10_385,val,False
T10_d06_385_b_1.jpg,T10,d06,385,b,1,T10_385,val,False
T10_d06_387_a_1.jpg,T10,d06,387,a,1,T10_387,train,False
T10_d06_387_b_1.jpg,T10,d06,387,b,1,T10_387,train,False
T10_d06_392_a_1.jpg,T10,d06,392,a,1,T10_392,test,False
T10_d06_392_b_1.jpg,T10,d06,392,b,1,T10_392,test,False
T10_d06_393_a_1.jpg,T10,d06,393,a,1,T10_393,val,False
T10_d06_393_b_1.jpg,T10,d06,393,b,1,T10_393,val,False
T10_d06_395_a_1.jpg,T10,d06,395,a,1,T10_395,test,False
T10_d06_395_b_1.jpg,T10,d06,395,b,1,T10_395,test,False
T10_d06_398_a_2.jpg,T10,d06,398,a,2,T10_398,val,False
T10_d06_398_b_2.jpg,T10,d06,398,b,2,T10_398,val,False
T10_d06_399_a_2.jpg,T10,d06,399,a,2,T10_399,val,False
T10_d06_399_b_2.jpg,T10,d06,399,b,2,T10_399,val,False
T10_d06_400_a_1.jpg,T10,d06,400,a,1,T10_400,train,False
T10_d06_400_b_1.jpg,T10,d06,400,b,1,T10_400,train,False
T10_d06_401_a_1.jpg,T10,d06,401,a,1,T10_401,train,False
T10_d06_401_b_1.jpg,T10,d06,401,b,1,T10_401,train,False
T10_d06_402_a_1.jpg,T10,d06,402,a,1,T10_402,val,False
T10_d06_402_b_1.jpg,T10,d06,402,b,1,T10_402,val,False
T10_d06_405_a_1.jpg,T10,d06,405,a,1,T10_405,train,False
T10_d06_405_b_1.jpg,T10,d06,405,b,1,T10_405,train,False
T10_d06_406_a_2.jpg,T10,d06,406,a,2,T10_406,val,False
T10_d06_406_b_2.jpg,T10,d06,406,b,2,T10_406,val,False
T10_d06_408_a_1.jpg,T10,d06,408,a,1,T10_408,train,False
T10_d06_408_b_1.jpg,T10,d06,408,b,1,T10_408,train,False
T10_d06_410_a_1.jpg,T10,d06,410,a,1,T10_410,train,False
T10_d06_410_b_1.jpg,T10,d06,410,b,1,T10_410,train,False
T10_d06_411_a_1.jpg,T10,d06,411,a,1,T10_411,val,False
T10_d06_411_b_1.jpg,T10,d06,411,b,1,T10_411,val,False
T10_d06_413_a_1.jpg,T10,d06,413,a,1,T10_413,train,False
T10_d06_413_b_1.jpg,T10,d06,413,b,1,T10_413,train,False
T10_d06_414_a_1.jpg,T10,d06,414,a,1,T10_414,train,False
T10_d06_414_b_1.jpg,T10,d06,414,b,1,T10_414,train,False
T10_d06_415_a_1.jpg,T10,d06,415,a,1,T10_415,train,False
T10_d06_415_b_1.jpg,T10,d06,415,b,1,T10_415,train,False
T10_d06_420_a_1.jpg,T10,d06,420,a,1,T10_420,train,False
T10_d06_420_b_1.jpg,T10,d06,420,b,1,T10_420,train,False
T10_d06_422_a_2.jpg,T10,d06,422,a,2,T10_422,train,False
T10_d06_422_b_2.jpg,T10,d06,422,b,2,T10_422,train,False
T10_d06_425_a_1.jpg,T10,d06,425,a,1,T10_425,train,False
T10_d06_425_b_1.jpg,T10,d06,425,b,1,T10_425,train,False
T10_d06_429_a_1.jpg,T10,d06,429,a,1,T10_429,train,False
T10_d06_429_b_1.jpg,T10,d06,429,b,1,T10_429,train,True
T10_d06_430_a_2.jpg,T10,d06,430,a,2,T10_430,val,False
T10_d06_430_b_2.jpg,T10,d06,430,b,2,T10_430,val,False
T10_d06_442_a_1.jpg,T10,d06,442,a,1,T10_442,train,False
T10_d06_442_b_1.jpg,T10,d06,442,b,1,T10_442,train,False
T10_d06_444_a_2.jpg,T10,d06,444,a,2,T10_444,train,False
T10_d06_444_b_2.jpg,T10,d06,444,b,2,T10_444,train,False
T10_d06_445_a_1.jpg,T10,d06,445,a,1,T10_445,train,False
T10_d06_445_b_1.jpg,T10,d06,445,b,1,T10_445,train,False
T10_d06_446_a_1.jpg,T10,d06,446,a,1,T10_446,train,False
T10_d06_446_b_1.jpg,T10,d06,446,b,1,T10_446,train,False
T10_d06_447_a_1.jpg,T10,d06,447,a,1,T10_447,train,False
T10_d06_447_b_1.jpg,T10,d06,447,b,1,T10_447,train,False
T10_d06_448_a_3.jpg,T10,d06,448,a,3,T10_448,train,False
T10_d06_448_b_3.jpg,T10,d06,448,b,3,T10_448,train,False
T10_d06_449_a_1.jpg,T10,d06,449,a,1,T10_449,train,False
T10_d06_449_b_1.jpg,T10,d06,449,b,1,T10_449,train,False
T10_d06_450_a_1.jpg,T10,d06,450,a,1,T10_450,val,False
T10_d06_450_b_1.jpg,T10,d06,450,b,1,T10_450,val,False
T10_d06_451_a_1.jpg,T10,d06,451,a,1,T10_451,val,False
T10_d06_451_b_1.jpg,T10,d06,451,b,1,T10_451,val,False
T10_d06_452_a_1.jpg,T10,d06,452,a,1,T10_452,val,False
T10_d06_452_b_1.jpg,T10,d06,452,b,1,T10_452,val,False
T10_d06_454_a_1.jpg,T10,d06,454,a,1,T10_454,train,False
T10_d06_454_b_1.jpg,T10,d06,454,b,1,T10_454,train,False
T10_d06_458_a_1.jpg,T10,d06,458,a,1,T10_458,train,False
T10_d06_458_b_1.jpg,T10,d06,458,b,1,T10_458,train,False
T10_d06_459_a_1.jpg,T10,d06,459,a,1,T10_459,train,False
T10_d06_459_b_1.jpg,T10,d06,459,b,1,T10_459,train,False
T10_d06_470_a_1.jpg,T10,d06,470,a,1,T10_470,train,False
T10_d06_470_b_1.jpg,T10,d06,470,b,1,T10_470,train,False
T10_d06_471_a_1.jpg,T10,d06,471,a,1,T10_471,test,False
T10_d06_471_b_1.jpg,T10,d06,471,b,1,T10_471,test,False
T10_d06_475_a_1.jpg,T10,d06,475,a,1,T10_475,train,False
T10_d06_475_b_1.jpg,T10,d06,475,b,1,T10_475,train,False
T10_d06_478_a_1.jpg,T10,d06,478,a,1,T10_478,val,False
T10_d06_478_b_1.jpg,T10,d06,478,b,1,T10_478,val,False
T10_d07_002_a_1.jpg,T10,d07,002,a,1,T10_002,train,False
T10_d07_002_b_1.jpg,T10,d07,002,b,1,T10_002,train,False
T10_d07_003_a_1.jpg,T10,d07,003,a,1,T10_003,train,True
T10_d07_003_b_1.jpg,T10,d07,003,b,1,T10_003,train,False
T10_d07_007_a_1.jpg,T10,d07,007,a,1,T10_007,train,False
T10_d07_007_b_1.jpg,T10,d07,007,b,1,T10_007,train,False
T10_d07_011_a_1.jpg,T10,d07,011,a,1,T10_011,train,False
T10_d07_011_b_1.jpg,T10,d07,011,b,1,T10_011,train,False
T10_d07_012_a_2.jpg,T10,d07,012,a,2,T10_012,val,False
T10_d07_012_b_2.jpg,T10,d07,012,b,2,T10_012,val,False
T10_d07_013_a_1.jpg,T10,d07,013,a,1,T10_013,train,False
T10_d07_013_b_1.jpg,T10,d07,013,b,1,T10_013,train,False
T10_d07_014_a_1.jpg,T10,d07,014,a,1,T10_014,val,False
T10_d07_014_b_1.jpg,T10,d07,014,b,1,T10_014,val,False
T10_d07_015_a_1.jpg,T10,d07,015,a,1,T10_015,test,False
T10_d07_015_b_1.jpg,T10,d07,015,b,1,T10_015,test,False
T10_d07_018_a_2.jpg,T10,d07,018,a,2,T10_018,val,False
T10_d07_018_b_2.jpg,T10,d07,018,b,2,T10_018,val,False
T10_d07_021_a_1.jpg,T10,d07,021,a,1,T10_021,train,False
T10_d07_021_b_1.jpg,T10,d07,021,b,1,T10_021,train,False
T10_d07_022_a_2.jpg,T10,d07,022,a,2,T10_022,train,False
T10_d07_022_b_2.jpg,T10,d07,022,b,2,T10_022,train,False
T10_d07_026_a_2.jpg,T10,d07,026,a,2,T10_026,train,False
T10_d07_026_b_2.jpg,T10,d07,026,b,2,T10_026,train,False
T10_d07_027_a_1.jpg,T10,d07,027,a,1,T10_027,train,False
T10_d07_027_b_1.jpg,T10,d07,027,b,1,T10_027,train,False
T10_d07_033_a_1.jpg,T10,d07,033,a,1,T10_033,val,False
T10_d07_033_b_1.jpg,T10,d07,033,b,1,T10_033,val,False
T10_d07_034_a_2.jpg,T10,d07,034,a,2,T10_034,train,False
T10_d07_034_b_2.jpg,T10,d07,034,b,2,T10_034,train,False
T10_d07_035_a_2.jpg,T10,d07,035,a,2,T10_035,val,False
T10_d07_035_b_2.jpg,T10,d07,035,b,2,T10_035,val,False
T10_d07_038_a_2.jpg,T10,d07,038,a,2,T10_038,val,False
T10_d07_038_b_2.jpg,T10,d07,038,b,2,T10_038,val,False
T10_d07_041_a_1.jpg,T10,d07,041,a,1,T10_041,val,False
T10_d07_041_b_1.jpg,T10,d07,041,b,1,T10_041,val,False
T10_d07_045_a_1.jpg,T10,d07,045,a,1,T10_045,nuevo,False
T10_d07_045_b_1.jpg,T10,d07,045,b,1,T10_045,nuevo,False
T10_d07_046_a_1.jpg,T10,d07,046,a,1,T10_046,train,False
T10_d07_046_b_1.jpg,T10,d07,046,b,1,T10_046,train,False
T10_d07_047_a_1.jpg,T10,d07,047,a,1,T10_047,train,False
T10_d07_047_b_1.jpg,T10,d07,047,b,1,T10_047,train,True
T10_d07_048_a_1.jpg,T10,d07,048,a,1,T10_048,train,False
T10_d07_048_b_1.jpg,T10,d07,048,b,1,T10_048,train,False
T10_d07_055_a_1.jpg,T10,d07,055,a,1,T10_055,train,False
T10_d07_055_b_1.jpg,T10,d07,055,b,1,T10_055,train,False
T10_d07_058_a_1.jpg,T10,d07,058,a,1,T10_058,val,False
T10_d07_058_b_1.jpg,T10,d07,058,b,1,T10_058,val,False
T10_d07_061_a_2.jpg,T10,d07,061,a,2,T10_061,train,False
T10_d07_061_b_2.jpg,T10,d07,061,b,2,T10_061,train,False
T10_d07_065_a_3.jpg,T10,d07,065,a,3,T10_065,val,True
T10_d07_065_b_3.jpg,T10,d07,065,b,3,T10_065,val,False
T10_d07_067_a_1.jpg,T10,d07,067,a,1,T10_067,train,False
T10_d07_067_b_1.jpg,T10,d07,067,b,1,T10_067,train,False
T10_d07_069_a_2.jpg,T10,d07,069,a,2,T10_069,train,False
T10_d07_069_b_2.jpg,T10,d07,069,b,2,T10_069,train,True
T10_d07_072_a_1.jpg,T10,d07,072,a,1,T10_072,val,False
T10_d07_072_b_1.jpg,T10,d07,072,b,1,T10_072,val,False
T10_d07_080_a_1.jpg,T10,d07,080,a,1,T10_080,val,False
T10_d07_080_b_1.jpg,T10,d07,080,b,1,T10_080,val,False
T10_d07_083_a_1.jpg,T10,d07,083,a,1,T10_083,train,False
T10_d07_083_b_1.jpg,T10,d07,083,b,1,T10_083,train,False
T10_d07_087_a_2.jpg,T10,d07,087,a,2,T10_087,val,False
T10_d07_087_b_2.jpg,T10,d07,087,b,2,T10_087,val,True
T10_d07_089_a_1.jpg,T10,d07,089,a,1,T10_089,train,False
T10_d07_089_b_1.jpg,T10,d07,089,b,1,T10_089,train,False
T10_d07_092_a_1.jpg,T10,d07,092,a,1,T10_092,test,False
T10_d07_092_b_1.jpg,T10,d07,092,b,1,T10_092,test,True
T10_d07_093_a_1.jpg,T10,d07,093,a,1,T10_093,train,False
T10_d07_093_b_1.jpg,T10,d07,093,b,1,T10_093,train,False
T10_d07_094_a_1.jpg,T10,d07,094,a,1,T10_094,train,False
T10_d07_094_b_1.jpg,T10,d07,094,b,1,T10_094,train,False
T10_d07_096_a_1.jpg,T10,d07,096,a,1,T10_096,train,False
T10_d07_096_b_1.jpg,T10,d07,096,b,1,T10_096,train,False
T10_d07_097_a_1.jpg,T10,d07,097,a,1,T10_097,train,False
T10_d07_097_b_1.jpg,T10,d07,097,b,1,T10_097,train,False
T10_d07_098_a_1.jpg,T10,d07,098,a,1,T10_098,train,False
T10_d07_098_b_1.jpg,T10,d07,098,b,1,T10_098,train,False
T10_d07_099_a_1.jpg,T10,d07,099,a,1,T10_099,train,False
T10_d07_099_b_1.jpg,T10,d07,099,b,1,T10_099,train,False
T10_d07_100_a_1.jpg,T10,d07,100,a,1,T10_100,test,False
T10_d07_100_b_1.jpg,T10,d07,100,b,1,T10_100,test,False
T10_d07_108_a_1.jpg,T10,d07,108,a,1,T10_108,train,False
T10_d07_108_b_1.jpg,T10,d07,108,b,1,T10_108,train,False
T10_d07_110_a_1.jpg,T10,d07,110,a,1,T10_110,train,False
T10_d07_110_b_1.jpg,T10,d07,110,b,1,T10_110,train,False
T10_d07_111_a_1.jpg,T10,d07,111,a,1,T10_111,val,False
T10_d07_111_b_1.jpg,T10,d07,111,b,1,T10_111,val,False
T10_d07_113_a_1.jpg,T10,d07,113,a,1,T10_113,train,False
T10_d07_113_b_1.jpg,T10,d07,113,b,1,T10_113,train,False
T10_d07_118_a_1.jpg,T10,d07,118,a,1,T10_118,train,False
T10_d07_118_b_1.jpg,T10,d07,118,b,1,T10_118,train,False
T10_d07_122_a_1.jpg,T10,d07,122,a,1,T10_122,train,False
T10_d07_122_b_1.jpg,T10,d07,122,b,1,T10_122,train,False
T10_d07_125_a_1.jpg,T10,d07,125,a,1,T10_125,train,False
T10_d07_125_b_1.jpg,T10,d07,125,b,1,T10_125,train,False
T10_d07_128_a_1.jpg,T10,d07,128,a,1,T10_128,train,False
T10_d07_128_b_1.jpg,T10,d07,128,b,1,T10_128,train,False
T10_d07_129_a_1.jpg,T10,d07,129,a,1,T10_129,train,False
T10_d07_129_b_1.jpg,T10,d07,129,b,1,T10_129,train,False
T10_d07_130_a_1.jpg,T10,d07,130,a,1,T10_130,train,False
T10_d07_130_b_1.jpg,T10,d07,130,b,1,T10_130,train,False
T10_d07_131_a_1.jpg,T10,d07,131,a,1,T10_131,train,False
T10_d07_131_b_1.jpg,T10,d07,131,b,1,T10_131,train,False
T10_d07_133_a_2.jpg,T10,d07,133,a,2,T10_133,train,False
T10_d07_133_b_2.jpg,T10,d07,133,b,2,T10_133,train,False
T10_d07_136_a_1.jpg,T10,d07,136,a,1,T10_136,val,False
T10_d07_136_b_1.jpg,T10,d07,136,b,1,T10_136,val,False
T10_d07_138_a_1.jpg,T10,d07,138,a,1,T10_138,train,False
T10_d07_138_b_1.jpg,T10,d07,138,b,1,T10_138,train,False
T10_d07_145_a_1.jpg,T10,d07,145,a,1,T10_145,train,False
T10_d07_145_b_1.jpg,T10,d07,145,b,1,T10_145,train,False
T10_d07_148_a_1.jpg,T10,d07,148,a,1,T10_148,nuevo,False
T10_d07_148_b_1.jpg,T10,d07,148,b,1,T10_148,nuevo,False
T10_d07_149_a_1.jpg,T10,d07,149,a,1,T10_149,train,False
T10_d07_149_b_1.jpg,T10,d07,149,b,1,T10_149,train,False
T10_d07_152_a_1.jpg,T10,d07,152,a,1,T10_152,train,False
T10_d07_152_b_1.jpg,T10,d07,152,b,1,T10_152,train,False
T10_d07_156_a_1.jpg,T10,d07,156,a,1,T10_156,train,False
T10_d07_156_b_1.jpg,T10,d07,156,b,1,T10_156,train,False
T10_d07_162_a_1.jpg,T10,d07,162,a,1,T10_162,test,True
T10_d07_162_b_1.jpg,T10,d07,162,b,1,T10_162,test,False
T10_d07_163_a_2.jpg,T10,d07,163,a,2,T10_163,train,False
T10_d07_163_b_2.jpg,T10,d07,163,b,2,T10_163,train,False
T10_d07_165_a_1.jpg,T10,d07,165,a,1,T10_165,train,False
T10_d07_165_b_1.jpg,T10,d07,165,b,1,T10_165,train,False
T10_d07_166_a_1.jpg,T10,d07,166,a,1,T10_166,train,False
T10_d07_166_b_1.jpg,T10,d07,166,b,1,T10_166,train,False
T10_d07_167_a_1.jpg,T10,d07,167,a,1,T10_167,train,False
T10_d07_167_b_1.jpg,T10,d07,167,b,1,T10_167,train,False
T10_d07_168_a_2.jpg,T10,d07,168,a,2,T10_168,train,False
T10_d07_168_b_2.jpg,T10,d07,168,b,2,T10_168,train,False
T10_d07_172_a_1.jpg,T10,d07,172,a,1,T10_172,train,False
T10_d07_172_b_1.jpg,T10,d07,172,b,1,T10_172,train,False
T10_d07_181_a_1.jpg,T10,d07,181,a,1,T10_181,train,False
T10_d07_181_b_1.jpg,T10,d07,181,b,1,T10_181,train,False
T10_d07_186_a_1.jpg,T10,d07,186,a,1,T10_186,val,False
T10_d07_186_b_1.jpg,T10,d07,186,b,1,T10_186,val,False
T10_d07_193_a_1.jpg,T10,d07,193,a,1,T10_193,train,False
T10_d07_193_b_1.jpg,T10,d07,193,b,1,T10_193,train,False
T10_d07_194_a_1.jpg,T10,d07,194,a,1,T10_194,train,False
T10_d07_194_b_1.jpg,T10,d07,194,b,1,T10_194,train,False
T10_d07_196_a_1.jpg,T10,d07,196,a,1,T10_196,train,False
T10_d07_196_b_1.jpg,T10,d07,196,b,1,T10_196,train,False
T10_d07_202_a_2.jpg,T10,d07,202,a,2,T10_202,train,False
T10_d07_202_b_2.jpg,T10,d07,202,b,2,T10_202,train,False
T10_d07_204_a_1.jpg,T10,d07,204,a,1,T10_204,train,False
T10_d07_204_b_1.jpg,T10,d07,204,b,1,T10_204,train,False
T10_d07_206_a_1.jpg,T10,d07,206,a,1,T10_206,train,False
T10_d07_206_b_1.jpg,T10,d07,206,b,1,T10_206,train,False
T10_d07_211_a_1.jpg,T10,d07,211,a,1,T10_211,train,False
T10_d07_211_b_1.jpg,T10,d07,211,b,1,T10_211,train,False
T10_d07_213_a_1.jpg,T10,d07,213,a,1,T10_213,train,False
T10_d07_213_b_1.jpg,T10,d07,213,b,1,T10_213,train,False
T10_d07_215_a_1.jpg,T10,d07,215,a,1,T10_215,train,False
T10_d07_215_b_1.jpg,T10,d07,215,b,1,T10_215,train,False
T10_d07_217_a_1.jpg,T10,d07,217,a,1,T10_217,train,False
T10_d07_217_b_1.jpg,T10,d07,217,b,1,T10_217,train,False
T10_d07_219_a_1.jpg,T10,d07,219,a,1,T10_219,test,False
T10_d07_219_b_1.jpg,T10,d07,219,b,1,T10_219,test,False
T10_d07_220_a_2.jpg,T10,d07,220,a,2,T10_220,val,False
T10_d07_220_b_2.jpg,T10,d07,220,b,2,T10_220,val,False
T10_d07_221_a_2.jpg,T10,d07,221,a,2,T10_221,train,False
T10_d07_221_b_2.jpg,T10,d07,221,b,2,T10_221,train,False
T10_d07_223_a_1.jpg,T10,d07,223,a,1,T10_223,train,False
T10_d07_223_b_1.jpg,T10,d07,223,b,1,T10_223,train,False
T10_d07_227_a_4.jpg,T10,d07,227,a,4,T10_227,train,False
T10_d07_227_b_4.jpg,T10,d07,227,b,4,T10_227,train,False
T10_d07_229_a_1.jpg,T10,d07,229,a,1,T10_229,train,True
T10_d07_229_b_1.jpg,T10,d07,229,b,1,T10_229,train,True
T10_d07_233_a_2.jpg,T10,d07,233,a,2,T10_233,train,False
T10_d07_233_b_2.jpg,T10,d07,233,b,2,T10_233,train,False
T10_d07_234_a_1.jpg,T10,d07,234,a,1,T10_234,train,False
T10_d07_234_b_1.jpg,T10,d07,234,b,1,T10_234,train,False
T10_d07_236_a_1.jpg,T10,d07,236,a,1,T10_236,train,False
T10_d07_236_b_1.jpg,T10,d07,236,b,1,T10_236,train,False
T10_d07_237_a_2.jpg,T10,d07,237,a,2,T10_237,train,False
T10_d07_237_b_2.jpg,T10,d07,237,b,2,T10_237,train,False
T10_d07_243_a_1.jpg,T10,d07,243,a,1,T10_243,train,False
T10_d07_243_b_1.jpg,T10,d07,243,b,1,T10_243,train,False
T10_d07_245_a_1.jpg,T10,d07,245,a,1,T10_245,train,False
T10_d07_245_b_1.jpg,T10,d07,245,b,1,T10_245,train,False
T10_d07_250_a_1.jpg,T10,d07,250,a,1,T10_250,train,False
T10_d07_250_b_1.jpg,T10,d07,250,b,1,T10_250,train,False
T10_d07_252_a_1.jpg,T10,d07,252,a,1,T10_252,train,False
T10_d07_252_b_1.jpg,T10,d07,252,b,1,T10_252,train,False
T10_d07_253_a_2.jpg,T10,d07,253,a,2,T10_253,val,False
T10_d07_253_b_2.jpg,T10,d07,253,b,2,T10_253,val,False
T10_d07_254_a_1.jpg,T10,d07,254,a,1,T10_254,val,False
T10_d07_254_b_1.jpg,T10,d07,254,b,1,T10_254,val,False
T10_d07_262_a_1.jpg,T10,d07,262,a,1,T10_262,train,True
T10_d07_262_b_1.jpg,T10,d07,262,b,1,T10_262,train,False
T10_d07_266_a_1.jpg,T10,d07,266,a,1,T10_266,train,False
T10_d07_266_b_1.jpg,T10,d07,266,b,1,T10_266,train,False
T10_d07_269_a_2.jpg,T10,d07,269,a,2,T10_269,train,False
T10_d07_269_b_2.jpg,T10,d07,269,b,2,T10_269,train,False
T10_d07_274_a_1.jpg,T10,d07,274,a,1,T10_274,nuevo,False
T10_d07_274_b_1.jpg,T10,d07,274,b,1,T10_274,nuevo,False
T10_d07_275_a_1.jpg,T10,d07,275,a,1,T10_275,test,False
T10_d07_275_b_1.jpg,T10,d07,275,b,1,T10_275,test,False
T10_d07_276_a_1.jpg,T10,d07,276,a,1,T10_276,train,False
T10_d07_276_b_1.jpg,T10,d07,276,b,1,T10_276,train,True
T10_d07_282_a_1.jpg,T10,d07,282,a,1,T10_282,train,False
T10_d07_282_b_1.jpg,T10,d07,282,b,1,T10_282,train,False
T10_d07_283_a_2.jpg,T10,d07,283,a,2,T10_283,train,False
T10_d07_283_b_2.jpg,T10,d07,283,b,2,T10_283,train,False
T10_d07_284_a_2.jpg,T10,d07,284,a,2,T10_284,train,False
T10_d07_284_b_2.jpg,T10,d07,284,b,2,T10_284,train,False
T10_d07_290_a_2.jpg,T10,d07,290,a,2,T10_290,train,False
T10_d07_290_b_2.jpg,T10,d07,290,b,2,T10_290,train,False
T10_d07_292_a_1.jpg,T10,d07,292,a,1,T10_292,val,False
T10_d07_292_b_1.jpg,T10,d07,292,b,1,T10_292,val,True
T10_d07_294_a_2.jpg,T10,d07,294,a,2,T10_294,train,False
T10_d07_294_b_2.jpg,T10,d07,294,b,2,T10_294,train,False
T10_d07_295_a_1.jpg,T10,d07,295,a,1,T10_295,train,False
T10_d07_295_b_1.jpg,T10,d07,295,b,1,T10_295,train,False
T10_d07_296_a_1.jpg,T10,d07,296,a,1,T10_296,train,False
T10_d07_296_b_1.jpg,T10,d07,296,b,1,T10_296,train,False
T10_d07_298_a_1.jpg,T10,d07,298,a,1,T10_298,nuevo,False
T10_d07_298_b_1.jpg,T10,d07,298,b,1,T10_298,nuevo,False
T10_d07_306_a_2.jpg,T10,d07,306,a,2,T10_306,train,False
T10_d07_306_b_2.jpg,T10,d07,306,b,2,T10_306,train,False
T10_d07_310_a_1.jpg,T10,d07,310,a,1,T10_310,val,False
T10_d07_310_b_1.jpg,T10,d07,310,b,1,T10_310,val,True
T10_d07_314_a_1.jpg,T10,d07,314,a,1,T10_314,nuevo,False
T10_d07_314_b_1.jpg,T10,d07,314,b,1,T10_314,nuevo,False
T10_d07_315_a_1.jpg,T10,d07,315,a,1,T10_315,train,False
T10_d07_315_b_1.jpg,T10,d07,315,b,1,T10_315,train,False
T10_d07_325_a_1.jpg,T10,d07,325,a,1,T10_325,train,False
T10_d07_325_b_1.jpg,T10,d07,325,b,1,T10_325,train,False
T10_d07_326_a_1.jpg,T10,d07,326,a,1,T10_326,train,False
T10_d07_326_b_1.jpg,T10,d07,326,b,1,T10_326,train,False
T10_d07_327_a_1.jpg,T10,d07,327,a,1,T10_327,train,False
T10_d07_327_b_1.jpg,T10,d07,327,b,1,T10_327,train,False
T10_d07_328_a_1.jpg,T10,d07,328,a,1,T10_328,train,False
T10_d07_328_b_1.jpg,T10,d07,328,b,1,T10_328,train,False
T10_d07_330_a_1.jpg,T10,d07,330,a,1,T10_330,train,False
T10_d07_330_b_1.jpg,T10,d07,330,b,1,T10_330,train,False
T10_d07_331_a_1.jpg,T10,d07,331,a,1,T10_331,test,False
T10_d07_331_b_1.jpg,T10,d07,331,b,1,T10_331,test,False
T10_d07_333_a_1.jpg,T10,d07,333,a,1,T10_333,train,False
T10_d07_333_b_1.jpg,T10,d07,333,b,1,T10_333,train,False
T10_d07_336_a_1.jpg,T10,d07,336,a,1,T10_336,train,False
T10_d07_336_b_1.jpg,T10,d07,336,b,1,T10_336,train,False
T10_d07_337_a_1.jpg,T10,d07,337,a,1,T10_337,train,False
T10_d07_337_b_1.jpg,T10,d07,337,b,1,T10_337,train,False
T10_d07_338_a_1.jpg,T10,d07,338,a,1,T10_338,train,False
T10_d07_338_b_1.jpg,T10,d07,338,b,1,T10_338,train,False
T10_d07_349_a_2.jpg,T10,d07,349,a,2,T10_349,train,False
T10_d07_349_b_2.jpg,T10,d07,349,b,2,T10_349,train,False
T10_d07_350_a_1.jpg,T10,d07,350,a,1,T10_350,train,True
T10_d07_350_b_1.jpg,T10,d07,350,b,1,T10_350,train,True
T10_d07_351_a_1.jpg,T10,d07,351,a,1,T10_351,train,False
T10_d07_351_b_1.jpg,T10,d07,351,b,1,T10_351,train,False
T10_d07_353_a_1.jpg,T10,d07,353,a,1,T10_353,val,True
T10_d07_353_b_1.jpg,T10,d07,353,b,1,T10_353,val,False
T10_d07_355_a_1.jpg,T10,d07,355,a,1,T10_355,train,False
T10_d07_355_b_1.jpg,T10,d07,355,b,1,T10_355,train,False
T10_d07_357_a_1.jpg,T10,d07,357,a,1,T10_357,train,False
T10_d07_357_b_1.jpg,T10,d07,357,b,1,T10_357,train,False
T10_d07_365_a_1.jpg,T10,d07,365,a,1,T10_365,train,False
T10_d07_365_b_1.jpg,T10,d07,365,b,1,T10_365,train,False
T10_d07_366_a_1.jpg,T10,d07,366,a,1,T10_366,train,False
T10_d07_366_b_1.jpg,T10,d07,366,b,1,T10_366,train,False
T10_d07_367_a_2.jpg,T10,d07,367,a,2,T10_367,train,False
T10_d07_367_b_2.jpg,T10,d07,367,b,2,T10_367,train,False
T10_d07_368_a_1.jpg,T10,d07,368,a,1,T10_368,val,False
T10_d07_368_b_1.jpg,T10,d07,368,b,1,T10_368,val,False
T10_d07_372_a_1.jpg,T10,d07,372,a,1,T10_372,train,False
T10_d07_372_b_1.jpg,T10,d07,372,b,1,T10_372,train,False
T10_d07_373_a_2.jpg,T10,d07,373,a,2,T10_373,val,False
T10_d07_373_b_2.jpg,T10,d07,373,b,2,T10_373,val,False
T10_d07_375_a_1.jpg,T10,d07,375,a,1,T10_375,val,False
T10_d07_375_b_1.jpg,T10,d07,375,b,1,T10_375,val,False
T10_d07_376_a_1.jpg,T10,d07,376,a,1,T10_376,train,False
T10_d07_376_b_1.jpg,T10,d07,376,b,1,T10_376,train,False
T10_d07_377_a_2.jpg,T10,d07,377,a,2,T10_377,train,False
T10_d07_377_b_2.jpg,T10,d07,377,b,2,T10_377,train,False
T10_d07_381_a_2.jpg,T10,d07,381,a,2,T10_381,train,False
T10_d07_381_b_2.jpg,T10,d07,381,b,2,T10_381,train,False
T10_d07_382_a_1.jpg,T10,d07,382,a,1,T10_382,train,False
T10_d07_382_b_1.jpg,T10,d07,382,b,1,T10_382,train,False
T10_d07_385_a_1.jpg,T10,d07,385,a,1,T10_385,val,False
T10_d07_385_b_1.jpg,T10,d07,385,b,1,T10_385,val,False
T10_d07_387_a_1.jpg,T10,d07,387,a,1,T10_387,train,False
T10_d07_387_b_1.jpg,T10,d07,387,b,1,T10_387,train,False
T10_d07_392_a_2.jpg,T10,d07,392,a,2,T10_392,test,False
T10_d07_392_b_2.jpg,T10,d07,392,b,2,T10_392,test,False
T10_d07_393_a_1.jpg,T10,d07,393,a,1,T10_393,val,False
T10_d07_393_b_1.jpg,T10,d07,393,b,1,T10_393,val,False
T10_d07_395_a_1.jpg,T10,d07,395,a,1,T10_395,test,True
T10_d07_395_b_1.jpg,T10,d07,395,b,1,T10_395,test,False
T10_d07_398_a_2.jpg,T10,d07,398,a,2,T10_398,val,False
T10_d07_398_b_2.jpg,T10,d07,398,b,2,T10_398,val,False
T10_d07_399_a_2.jpg,T10,d07,399,a,2,T10_399,val,False
T10_d07_399_b_2.jpg,T10,d07,399,b,2,T10_399,val,False
T10_d07_400_a_1.jpg,T10,d07,400,a,1,T10_400,train,False
T10_d07_400_b_1.jpg,T10,d07,400,b,1,T10_400,train,False
T10_d07_401_a_1.jpg,T10,d07,401,a,1,T10_401,train,False
T10_d07_401_b_1.jpg,T10,d07,401,b,1,T10_401,train,False
T10_d07_402_a_1.jpg,T10,d07,402,a,1,T10_402,val,False
T10_d07_402_b_1.jpg,T10,d07,402,b,1,T10_402,val,False
T10_d07_405_a_1.jpg,T10,d07,405,a,1,T10_405,train,False
T10_d07_405_b_1.jpg,T10,d07,405,b,1,T10_405,train,False
T10_d07_406_a_2.jpg,T10,d07,406,a,2,T10_406,val,False
T10_d07_406_b_2.jpg,T10,d07,406,b,2,T10_406,val,False
T10_d07_408_a_1.jpg,T10,d07,408,a,1,T10_408,train,False
T10_d07_408_b_1.jpg,T10,d07,408,b,1,T10_408,train,False
T10_d07_410_a_1.jpg,T10,d07,410,a,1,T10_410,train,False
T10_d07_410_b_1.jpg,T10,d07,410,b,1,T10_410,train,False
T10_d07_411_a_1.jpg,T10,d07,411,a,1,T10_411,val,False
T10_d07_411_b_1.jpg,T10,d07,411,b,1,T10_411,val,False
T10_d07_413_a_1.jpg,T10,d07,413,a,1,T10_413,train,False
T10_d07_413_b_1.jpg,T10,d07,413,b,1,T10_413,train,False
T10_d07_414_a_1.jpg,T10,d07,414,a,1,T10_414,train,False
T10_d07_414_b_1.jpg,T10,d07,414,b,1,T10_414,train,False
T10_d07_415_a_2.jpg,T10,d07,415,a,2,T10_415,train,False
T10_d07_415_b_2.jpg,T10,d07,415,b,2,T10_415,train,False
T10_d07_420_a_1.jpg,T10,d07,420,a,1,T10_420,train,True
T10_d07_420_b_1.jpg,T10,d07,420,b,1,T10_420,train,False
T10_d07_422_a_2.jpg,T10,d07,422,a,2,T10_422,train,False
T10_d07_422_b_2.jpg,T10,d07,422,b,2,T10_422,train,False
T10_d07_425_a_1.jpg,T10,d07,425,a,1,T10_425,train,False
T10_d07_425_b_1.jpg,T10,d07,425,b,1,T10_425,train,False
T10_d07_429_a_1.jpg,T10,d07,429,a,1,T10_429,train,False
T10_d07_429_b_1.jpg,T10,d07,429,b,1,T10_429,train,False
T10_d07_430_a_2.jpg,T10,d07,430,a,2,T10_430,val,False
T10_d07_430_b_2.jpg,T10,d07,430,b,2,T10_430,val,False
T10_d07_442_a_1.jpg,T10,d07,442,a,1,T10_442,train,False
T10_d07_442_b_1.jpg,T10,d07,442,b,1,T10_442,train,False
T10_d07_444_a_2.jpg,T10,d07,444,a,2,T10_444,train,False
T10_d07_444_b_2.jpg,T10,d07,444,b,2,T10_444,train,False
T10_d07_445_a_1.jpg,T10,d07,445,a,1,T10_445,train,False
T10_d07_445_b_1.jpg,T10,d07,445,b,1,T10_445,train,False
T10_d07_446_a_2.jpg,T10,d07,446,a,2,T10_446,train,False
T10_d07_446_b_2.jpg,T10,d07,446,b,2,T10_446,train,False
T10_d07_447_a_1.jpg,T10,d07,447,a,1,T10_447,train,False
T10_d07_447_b_1.jpg,T10,d07,447,b,1,T10_447,train,False
T10_d07_448_a_3.jpg,T10,d07,448,a,3,T10_448,train,False
T10_d07_448_b_3.jpg,T10,d07,448,b,3,T10_448,train,False
T10_d07_449_a_1.jpg,T10,d07,449,a,1,T10_449,train,False
T10_d07_449_b_1.jpg,T10,d07,449,b,1,T10_449,train,False
T10_d07_450_a_1.jpg,T10,d07,450,a,1,T10_450,val,False
T10_d07_450_b_1.jpg,T10,d07,450,b,1,T10_450,val,False
T10_d07_451_a_1.jpg,T10,d07,451,a,1,T10_451,val,False
T10_d07_451_b_1.jpg,T10,d07,451,b,1,T10_451,val,True
T10_d07_452_a_1.jpg,T10,d07,452,a,1,T10_452,val,True
T10_d07_452_b_1.jpg,T10,d07,452,b,1,T10_452,val,False
T10_d07_454_a_1.jpg,T10,d07,454,a,1,T10_454,train,True
T10_d07_454_b_1.jpg,T10,d07,454,b,1,T10_454,train,False
T10_d07_458_a_1.jpg,T10,d07,458,a,1,T10_458,train,False
T10_d07_458_b_1.jpg,T10,d07,458,b,1,T10_458,train,False
T10_d07_459_a_1.jpg,T10,d07,459,a,1,T10_459,train,False
T10_d07_459_b_1.jpg,T10,d07,459,b,1,T10_459,train,False
T10_d07_470_a_1.jpg,T10,d07,470,a,1,T10_470,train,False
T10_d07_470_b_1.jpg,T10,d07,470,b,1,T10_470,train,False
T10_d07_471_a_1.jpg,T10,d07,471,a,1,T10_471,test,False
T10_d07_471_b_1.jpg,T10,d07,471,b,1,T10_471,test,False
T10_d07_475_a_1.jpg,T10,d07,475,a,1,T10_475,train,False
T10_d07_475_b_1.jpg,T10,d07,475,b,1,T10_475,train,False
T10_d07_478_a_1.jpg,T10,d07,478,a,1,T10_478,val,False
T10_d07_478_b_1.jpg,T10,d07,478,b,1,T10_478,val,False
T10_d08_002_a_2.jpg,T10,d08,002,a,2,T10_002,train,True
T10_d08_002_b_2.jpg,T10,d08,002,b,2,T10_002,train,False
T10_d08_003_a_2.jpg,T10,d08,003,a,2,T10_003,train,False
T10_d08_003_b_2.jpg,T10,d08,003,b,2,T10_003,train,False
T10_d08_007_a_2.jpg,T10,d08,007,a,2,T10_007,train,False
T10_d08_007_b_2.jpg,T10,d08,007,b,2,T10_007,train,False
T10_d08_011_a_1.jpg,T10,d08,011,a,1,T10_011,train,False
T10_d08_011_b_1.jpg,T10,d08,011,b,1,T10_011,train,False
T10_d08_012_a_2.jpg,T10,d08,012,a,2,T10_012,val,True
T10_d08_012_b_2.jpg,T10,d08,012,b,2,T10_012,val,False
T10_d08_013_a_2.jpg,T10,d08,013,a,2,T10_013,train,False
T10_d08_013_b_2.jpg,T10,d08,013,b,2,T10_013,train,False
T10_d08_014_a_2.jpg,T10,d08,014,a,2,T10_014,val,False
T10_d08_014_b_2.jpg,T10,d08,014,b,2,T10_014,val,False
T10_d08_015_a_2.jpg,T10,d08,015,a,2,T10_015,test,False
T10_d08_015_b_2.jpg,T10,d08,015,b,2,T10_015,test,False
T10_d08_018_a_2.jpg,T10,d08,018,a,2,T10_018,val,False
T10_d08_018_b_2.jpg,T10,d08,018,b,2,T10_018,val,False
T10_d08_021_a_1.jpg,T10,d08,021,a,1,T10_021,train,False
T10_d08_021_b_1.jpg,T10,d08,021,b,1,T10_021,train,False
T10_d08_022_a_2.jpg,T10,d08,022,a,2,T10_022,train,False
T10_d08_022_b_2.jpg,T10,d08,022,b,2,T10_022,train,False
T10_d08_026_a_2.jpg,T10,d08,026,a,2,T10_026,train,False
T10_d08_026_b_2.jpg,T10,d08,026,b,2,T10_026,train,True
T10_d08_027_a_1.jpg,T10,d08,027,a,1,T10_027,train,False
T10_d08_027_b_1.jpg,T10,d08,027,b,1,T10_027,train,False
T10_d08_033_a_2.jpg,T10,d08,033,a,2,T10_033,val,False
T10_d08_033_b_2.jpg,T10,d08,033,b,2,T10_033,val,True
T10_d08_034_a_2.jpg,T10,d08,034,a,2,T10_034,train,False
T10_d08_034_b_2.jpg,T10,d08,034,b,2,T10_034,train,False
T10_d08_035_a_2.jpg,T10,d08,035,a,2,T10_035,val,False
T10_d08_035_b_2.jpg,T10,d08,035,b,2,T10_035,val,False
T10_d08_038_a_2.jpg,T10,d08,038,a,2,T10_038,val,False
T10_d08_038_b_2.jpg,T10,d08,038,b,2,T10_038,val,False
T10_d08_041_a_2.jpg,T10,d08,041,a,2,T10_041,val,False
T10_d08_041_b_2.jpg,T10,d08,041,b,2,T10_041,val,False
T10_d08_046_a_1.jpg,T10,d08,046,a,1,T10_046,train,False
T10_d08_046_b_1.jpg,T10,d08,046,b,1,T10_046,train,False
T10_d08_047_a_2.jpg,T10,d08,047,a,2,T10_047,train,False
T10_d08_047_b_2.jpg,T10,d08,047,b,2,T10_047,train,False
T10_d08_048_a_2.jpg,T10,d08,048,a,2,T10_048,train,False
T10_d08_048_b_2.jpg,T10,d08,048,b,2,T10_048,train,False
T10_d08_055_a_2.jpg,T10,d08,055,a,2,T10_055,train,False
T10_d08_055_b_2.jpg,T10,d08,055,b,2,T10_055,train,True
T10_d08_058_a_1.jpg,T10,d08,058,a,1,T10_058,val,False
T10_d08_058_b_1.jpg,T10,d08,058,b,1,T10_058,val,True
T10_d08_061_a_2.jpg,T10,d08,061,a,2,T10_061,train,False
T10_d08_061_b_2.jpg,T10,d08,061,b,2,T10_061,train,True
T10_d08_065_a_4.jpg,T10,d08,065,a,4,T10_065,val,True
T10_d08_065_b_4.jpg,T10,d08,065,b,4,T10_065,val,False
T10_d08_067_a_1.jpg,T10,d08,067,a,1,T10_067,train,False
T10_d08_067_b_1.jpg,T10,d08,067,b,1,T10_067,train,False
T10_d08_069_a_2.jpg,T10,d08,069,a,2,T10_069,train,False
T10_d08_069_b_2.jpg,T10,d08,069,b,2,T10_069,train,False
T10_d08_072_a_2.jpg,T10,d08,072,a,2,T10_072,val,False
T10_d08_072_b_2.jpg,T10,d08,072,b,2,T10_072,val,False
T10_d08_080_a_2.jpg,T10,d08,080,a,2,T10_080,val,False
T10_d08_080_b_2.jpg,T10,d08,080,b,2,T10_080,val,False
T10_d08_083_a_1.jpg,T10,d08,083,a,1,T10_083,train,False
T10_d08_083_b_1.jpg,T10,d08,083,b,1,T10_083,train,False
T10_d08_087_a_2.jpg,T10,d08,087,a,2,T10_087,val,False
T10_d08_087_b_2.jpg,T10,d08,087,b,2,T10_087,val,True
T10_d08_089_a_1.jpg,T10,d08,089,a,1,T10_089,train,False
T10_d08_089_b_1.jpg,T10,d08,089,b,1,T10_089,train,False
T10_d08_092_a_1.jpg,T10,d08,092,a,1,T10_092,test,False
T10_d08_092_b_1.jpg,T10,d08,092,b,1,T10_092,test,False
T10_d08_093_a_2.jpg,T10,d08,093,a,2,T10_093,train,False
T10_d08_093_b_2.jpg,T10,d08,093,b,2,T10_093,train,False
T10_d08_094_a_1.jpg,T10,d08,094,a,1,T10_094,train,False
T10_d08_094_b_1.jpg,T10,d08,094,b,1,T10_094,train,False
T10_d08_096_a_1.jpg,T10,d08,096,a,1,T10_096,train,False
T10_d08_096_b_1.jpg,T10,d08,096,b,1,T10_096,train,False
T10_d08_097_a_1.jpg,T10,d08,097,a,1,T10_097,train,False
T10_d08_097_b_1.jpg,T10,d08,097,b,1,T10_097,train,False
T10_d08_098_a_1.jpg,T10,d08,098,a,1,T10_098,train,False
T10_d08_098_b_1.jpg,T10,d08,098,b,1,T10_098,train,False
T10_d08_099_a_2.jpg,T10,d08,099,a,2,T10_099,train,True
T10_d08_099_b_2.jpg,T10,d08,099,b,2,T10_099,train,False
T10_d08_100_a_1.jpg,T10,d08,100,a,1,T10_100,test,False
T10_d08_100_b_1.jpg,T10,d08,100,b,1,T10_100,test,False
T10_d08_108_a_1.jpg,T10,d08,108,a,1,T10_108,train,False
T10_d08_108_b_1.jpg,T10,d08,108,b,1,T10_108,train,False
T10_d08_110_a_1.jpg,T10,d08,110,a,1,T10_110,train,False
T10_d08_110_b_1.jpg,T10,d08,110,b,1,T10_110,train,False
T10_d08_111_a_1.jpg,T10,d08,111,a,1,T10_111,val,False
T10_d08_111_b_1.jpg,T10,d08,111,b,1,T10_111,val,False
T10_d08_113_a_1.jpg,T10,d08,113,a,1,T10_113,train,False
T10_d08_113_b_1.jpg,T10,d08,113,b,1,T10_113,train,True
T10_d08_118_a_2.jpg,T10,d08,118,a,2,T10_118,train,True
T10_d08_118_b_2.jpg,T10,d08,118,b,2,T10_118,train,False
T10_d08_122_a_2.jpg,T10,d08,122,a,2,T10_122,train,False
T10_d08_122_b_2.jpg,T10,d08,122,b,2,T10_122,train,True
T10_d08_125_a_1.jpg,T10,d08,125,a,1,T10_125,train,False
T10_d08_125_b_1.jpg,T10,d08,125,b,1,T10_125,train,False
T10_d08_128_a_1.jpg,T10,d08,128,a,1,T10_128,train,False
T10_d08_128_b_1.jpg,T10,d08,128,b,1,T10_128,train,False
T10_d08_129_a_1.jpg,T10,d08,129,a,1,T10_129,train,True
T10_d08_129_b_1.jpg,T10,d08,129,b,1,T10_129,train,False
T10_d08_130_a_2.jpg,T10,d08,130,a,2,T10_130,train,False
T10_d08_130_b_2.jpg,T10,d08,130,b,2,T10_130,train,True
T10_d08_131_a_2.jpg,T10,d08,131,a,2,T10_131,train,True
T10_d08_131_b_2.jpg,T10,d08,131,b,2,T10_131,train,True
T10_d08_133_a_2.jpg,T10,d08,133,a,2,T10_133,train,False
T10_d08_133_b_2.jpg,T10,d08,133,b,2,T10_133,train,False
T10_d08_136_a_2.jpg,T10,d08,136,a,2,T10_136,val,False
T10_d08_136_b_2.jpg,T10,d08,136,b,2,T10_136,val,False
T10_d08_138_a_2.jpg,T10,d08,138,a,2,T10_138,train,False
T10_d08_138_b_2.jpg,T10,d08,138,b,2,T10_138,train,False
T10_d08_145_a_2.jpg,T10,d08,145,a,2,T10_145,train,True
T10_d08_145_b_2.jpg,T10,d08,145,b,2,T10_145,train,True
T10_d08_148_a_2.jpg,T10,d08,148,a,2,T10_148,nuevo,False
T10_d08_148_b_2.jpg,T10,d08,148,b,2,T10_148,nuevo,False
T10_d08_149_a_1.jpg,T10,d08,149,a,1,T10_149,train,False
T10_d08_149_b_1.jpg,T10,d08,149,b,1,T10_149,train,False
T10_d08_152_a_2.jpg,T10,d08,152,a,2,T10_152,train,True
T10_d08_152_b_2.jpg,T10,d08,152,b,2,T10_152,train,False
T10_d08_156_a_1.jpg,T10,d08,156,a,1,T10_156,train,False
T10_d08_156_b_1.jpg,T10,d08,156,b,1,T10_156,train,False
T10_d08_162_a_1.jpg,T10,d08,162,a,1,T10_162,test,False
T10_d08_162_b_1.jpg,T10,d08,162,b,1,T10_162,test,False
T10_d08_163_a_2.jpg,T10,d08,163,a,2,T10_163,train,False
T10_d08_163_b_2.jpg,T10,d08,163,b,2,T10_163,train,False
T10_d08_165_a_2.jpg,T10,d08,165,a,2,T10_165,train,False
T10_d08_165_b_2.jpg,T10,d08,165,b,2,T10_165,train,False
T10_d08_166_a_1.jpg,T10,d08,166,a,1,T10_166,train,False
T10_d08_166_b_1.jpg,T10,d08,166,b,1,T10_166,train,False
T10_d08_167_a_1.jpg,T10,d08,167,a,1,T10_167,train,False
T10_d08_167_b_1.jpg,T10,d08,167,b,1,T10_167,train,False
T10_d08_168_a_2.jpg,T10,d08,168,a,2,T10_168,train,False
T10_d08_168_b_2.jpg,T10,d08,168,b,2,T10_168,train,False
T10_d08_172_a_1.jpg,T10,d08,172,a,1,T10_172,train,True
T10_d08_172_b_1.jpg,T10,d08,172,b,1,T10_172,train,False
T10_d08_181_a_2.jpg,T10,d08,181,a,2,T10_181,train,False
T10_d08_181_b_2.jpg,T10,d08,181,b,2,T10_181,train,True
T10_d08_186_a_2.jpg,T10,d08,186,a,2,T10_186,val,False
T10_d08_186_b_2.jpg,T10,d08,186,b,2,T10_186,val,True
T10_d08_193_a_1.jpg,T10,d08,193,a,1,T10_193,train,False
T10_d08_193_b_1.jpg,T10,d08,193,b,1,T10_193,train,False
T10_d08_194_a_1.jpg,T10,d08,194,a,1,T10_194,train,False
T10_d08_194_b_1.jpg,T10,d08,194,b,1,T10_194,train,False
T10_d08_196_a_1.jpg,T10,d08,196,a,1,T10_196,train,False
T10_d08_196_b_1.jpg,T10,d08,196,b,1,T10_196,train,False
T10_d08_202_a_2.jpg,T10,d08,202,a,2,T10_202,train,True
T10_d08_202_b_2.jpg,T10,d08,202,b,2,T10_202,train,False
T10_d08_204_a_1.jpg,T10,d08,204,a,1,T10_204,train,False
T10_d08_204_b_1.jpg,T10,d08,204,b,1,T10_204,train,False
T10_d08_206_a_1.jpg,T10,d08,206,a,1,T10_206,train,False
T10_d08_206_b_1.jpg,T10,d08,206,b,1,T10_206,train,False
T10_d08_211_a_1.jpg,T10,d08,211,a,1,T10_211,train,False
T10_d08_211_b_1.jpg,T10,d08,211,b,1,T10_211,train,False
T10_d08_213_a_1.jpg,T10,d08,213,a,1,T10_213,train,False
T10_d08_213_b_1.jpg,T10,d08,213,b,1,T10_213,train,False
T10_d08_215_a_1.jpg,T10,d08,215,a,1,T10_215,train,False
T10_d08_215_b_1.jpg,T10,d08,215,b,1,T10_215,train,False
T10_d08_217_a_1.jpg,T10,d08,217,a,1,T10_217,train,False
T10_d08_217_b_1.jpg,T10,d08,217,b,1,T10_217,train,False
T10_d08_219_a_1.jpg,T10,d08,219,a,1,T10_219,test,False
T10_d08_219_b_1.jpg,T10,d08,219,b,1,T10_219,test,False
T10_d08_220_a_2.jpg,T10,d08,220,a,2,T10_220,val,False
T10_d08_220_b_2.jpg,T10,d08,220,b,2,T10_220,val,False
T10_d08_221_a_2.jpg,T10,d08,221,a,2,T10_221,train,False
T10_d08_221_b_2.jpg,T10,d08,221,b,2,T10_221,train,False
T10_d08_223_a_1.jpg,T10,d08,223,a,1,T10_223,train,False
T10_d08_223_b_1.jpg,T10,d08,223,b,1,T10_223,train,False
T10_d08_227_a_4.jpg,T10,d08,227,a,4,T10_227,train,False
T10_d08_227_b_4.jpg,T10,d08,227,b,4,T10_227,train,False
T10_d08_229_a_1.jpg,T10,d08,229,a,1,T10_229,train,False
T10_d08_229_b_1.jpg,T10,d08,229,b,1,T10_229,train,False
T10_d08_233_a_2.jpg,T10,d08,233,a,2,T10_233,train,False
T10_d08_233_b_2.jpg,T10,d08,233,b,2,T10_233,train,False
T10_d08_234_a_2.jpg,T10,d08,234,a,2,T10_234,train,False
T10_d08_234_b_2.jpg,T10,d08,234,b,2,T10_234,train,False
T10_d08_236_a_1.jpg,T10,d08,236,a,1,T10_236,train,True
T10_d08_236_b_1.jpg,T10,d08,236,b,1,T10_236,train,False
T10_d08_237_a_2.jpg,T10,d08,237,a,2,T10_237,train,False
T10_d08_237_b_2.jpg,T10,d08,237,b,2,T10_237,train,True
T10_d08_243_a_1.jpg,T10,d08,243,a,1,T10_243,train,False
T10_d08_243_b_1.jpg,T10,d08,243,b,1,T10_243,train,False
T10_d08_245_a_1.jpg,T10,d08,245,a,1,T10_245,train,True
T10_d08_245_b_1.jpg,T10,d08,245,b,1,T10_245,train,False
T10_d08_250_a_2.jpg,T10,d08,250,a,2,T10_250,train,False
T10_d08_250_b_2.jpg,T10,d08,250,b,2,T10_250,train,False
T10_d08_252_a_1.jpg,T10,d08,252,a,1,T10_252,train,False
T10_d08_252_b_1.jpg,T10,d08,252,b,1,T10_252,train,False
T10_d08_253_a_2.jpg,T10,d08,253,a,2,T10_253,val,False
T10_d08_253_b_2.jpg,T10,d08,253,b,2,T10_253,val,True
T10_d08_254_a_2.jpg,T10,d08,254,a,2,T10_254,val,False
T10_d08_254_b_2.jpg,T10,d08,254,b,2,T10_254,val,True
T10_d08_262_a_1.jpg,T10,d08,262,a,1,T10_262,train,False
T10_d08_262_b_1.jpg,T10,d08,262,b,1,T10_262,train,True
T10_d08_266_a_2.jpg,T10,d08,266,a,2,T10_266,train,False
T10_d08_266_b_2.jpg,T10,d08,266,b,2,T10_266,train,True
T10_d08_269_a_2.jpg,T10,d08,269,a,2,T10_269,train,True
T10_d08_269_b_2.jpg,T10,d08,269,b,2,T10_269,train,False
T10_d08_274_a_1.jpg,T10,d08,274,a,1,T10_274,nuevo,False
T10_d08_274_b_1.jpg,T10,d08,274,b,1,T10_274,nuevo,False
T10_d08_275_a_1.jpg,T10,d08,275,a,1,T10_275,test,False
T10_d08_275_b_1.jpg,T10,d08,275,b,1,T10_275,test,False
T10_d08_276_a_1.jpg,T10,d08,276,a,1,T10_276,train,False
T10_d08_276_b_1.jpg,T10,d08,276,b,1,T10_276,train,False
T10_d08_282_a_2.jpg,T10,d08,282,a,2,T10_282,train,False
T10_d08_282_b_2.jpg,T10,d08,282,b,2,T10_282,train,True
T10_d08_283_a_2.jpg,T10,d08,283,a,2,T10_283,train,False
T10_d08_283_b_2.jpg,T10,d08,283,b,2,T10_283,train,False
T10_d08_284_a_2.jpg,T10,d08,284,a,2,T10_284,train,False
T10_d08_284_b_2.jpg,T10,d08,284,b,2,T10_284,train,False
T10_d08_290_a_2.jpg,T10,d08,290,a,2,T10_290,train,False
T10_d08_290_b_2.jpg,T10,d08,290,b,2,T10_290,train,False
T10_d08_292_a_1.jpg,T10,d08,292,a,1,T10_292,val,True
T10_d08_292_b_1.jpg,T10,d08,292,b,1,T10_292,val,False
T10_d08_294_a_3.jpg,T10,d08,294,a,3,T10_294,train,False
T10_d08_294_b_3.jpg,T10,d08,294,b,3,T10_294,train,False
T10_d08_295_a_2.jpg,T10,d08,295,a,2,T10_295,train,True
T10_d08_295_b_2.jpg,T10,d08,295,b,2,T10_295,train,False
T10_d08_296_a_2.jpg,T10,d08,296,a,2,T10_296,train,False
T10_d08_296_b_2.jpg,T10,d08,296,b,2,T10_296,train,False
T10_d08_306_a_2.jpg,T10,d08,306,a,2,T10_306,train,False
T10_d08_306_b_2.jpg,T10,d08,306,b,2,T10_306,train,False
T10_d08_310_a_1.jpg,T10,d08,310,a,1,T10_310,val,False
T10_d08_310_b_1.jpg,T10,d08,310,b,1,T10_310,val,False
T10_d08_314_a_2.jpg,T10,d08,314,a,2,T10_314,nuevo,False
T10_d08_314_b_2.jpg,T10,d08,314,b,2,T10_314,nuevo,False
T10_d08_315_a_1.jpg,T10,d08,315,a,1,T10_315,train,False
T10_d08_315_b_1.jpg,T10,d08,315,b,1,T10_315,train,False
T10_d08_325_a_1.jpg,T10,d08,325,a,1,T10_325,train,False
T10_d08_325_b_1.jpg,T10,d08,325,b,1,T10_325,train,False
T10_d08_326_a_2.jpg,T10,d08,326,a,2,T10_326,train,False
T10_d08_326_b_2.jpg,T10,d08,326,b,2,T10_326,train,False
T10_d08_327_a_2.jpg,T10,d08,327,a,2,T10_327,train,False
T10_d08_327_b_2.jpg,T10,d08,327,b,2,T10_327,train,False
T10_d08_328_a_1.jpg,T10,d08,328,a,1,T10_328,train,False
T10_d08_328_b_1.jpg,T10,d08,328,b,1,T10_328,train,True
T10_d08_330_a_1.jpg,T10,d08,330,a,1,T10_330,train,False
T10_d08_330_b_1.jpg,T10,d08,330,b,1,T10_330,train,False
T10_d08_331_a_2.jpg,T10,d08,331,a,2,T10_331,test,False
T10_d08_331_b_2.jpg,T10,d08,331,b,2,T10_331,test,False
T10_d08_333_a_1.jpg,T10,d08,333,a,1,T10_333,train,False
T10_d08_333_b_1.jpg,T10,d08,333,b,1,T10_333,train,False
T10_d08_336_a_2.jpg,T10,d08,336,a,2,T10_336,train,False
T10_d08_336_b_2.jpg,T10,d08,336,b,2,T10_336,train,False
T10_d08_337_a_2.jpg,T10,d08,337,a,2,T10_337,train,False
T10_d08_337_b_2.jpg,T10,d08,337,b,2,T10_337,train,False
T10_d08_338_a_1.jpg,T10,d08,338,a,1,T10_338,train,True
T10_d08_338_b_1.jpg,T10,d08,338,b,1,T10_338,train,False
T10_d08_349_a_2.jpg,T10,d08,349,a,2,T10_349,train,True
T10_d08_349_b_2.jpg,T10,d08,349,b,2,T10_349,train,False
T10_d08_350_a_1.jpg,T10,d08,350,a,1,T10_350,train,False
T10_d08_350_b_1.jpg,T10,d08,350,b,1,T10_350,train,False
T10_d08_351_a_1.jpg,T10,d08,351,a,1,T10_351,train,False
T10_d08_351_b_1.jpg,T10,d08,351,b,1,T10_351,train,False
T10_d08_353_a_2.jpg,T10,d08,353,a,2,T10_353,val,True
T10_d08_353_b_2.jpg,T10,d08,353,b,2,T10_353,val,False
T10_d08_355_a_1.jpg,T10,d08,355,a,1,T10_355,train,False
T10_d08_355_b_1.jpg,T10,d08,355,b,1,T10_355,train,False
T10_d08_357_a_2.jpg,T10,d08,357,a,2,T10_357,train,False
T10_d08_357_b_2.jpg,T10,d08,357,b,2,T10_357,train,False
T10_d08_365_a_1.jpg,T10,d08,365,a,1,T10_365,train,False
T10_d08_365_b_1.jpg,T10,d08,365,b,1,T10_365,train,False
T10_d08_366_a_1.jpg,T10,d08,366,a,1,T10_366,train,False
T10_d08_366_b_1.jpg,T10,d08,366,b,1,T10_366,train,False
T10_d08_367_a_2.jpg,T10,d08,367,a,2,T10_367,train,False
T10_d08_367_b_2.jpg,T10,d08,367,b,2,T10_367,train,False
T10_d08_368_a_2.jpg,T10,d08,368,a,2,T10_368,val,False
T10_d08_368_b_2.jpg,T10,d08,368,b,2,T10_368,val,False
T10_d08_372_a_1.jpg,T10,d08,372,a,1,T10_372,train,False
T10_d08_372_b_1.jpg,T10,d08,372,b,1,T10_372,train,False
T10_d08_375_a_2.jpg,T10,d08,375,a,2,T10_375,val,False
T10_d08_375_b_2.jpg,T10,d08,375,b,2,T10_375,val,False
T10_d08_376_a_2.jpg,T10,d08,376,a,2,T10_376,train,False
T10_d08_376_b_2.jpg,T10,d08,376,b,2,T10_376,train,False
T10_d08_377_a_2.jpg,T10,d08,377,a,2,T10_377,train,False
T10_d08_377_b_2.jpg,T10,d08,377,b,2,T10_377,train,True
T10_d08_381_a_2.jpg,T10,d08,381,a,2,T10_381,train,False
T10_d08_381_b_2.jpg,T10,d08,381,b,2,T10_381,train,False
T10_d08_382_a_1.jpg,T10,d08,382,a,1,T10_382,train,False
T10_d08_382_b_1.jpg,T10,d08,382,b,1,T10_382,train,False
T10_d08_385_a_1.jpg,T10,d08,385,a,1,T10_385,val,False
T10_d08_385_b_1.jpg,T10,d08,385,b,1,T10_385,val,False
T10_d08_387_a_1.jpg,T10,d08,387,a,1,T10_387,train,False
T10_d08_387_b_1.jpg,T10,d08,387,b,1,T10_387,train,False
T10_d08_392_a_2.jpg,T10,d08,392,a,2,T10_392,test,False
T10_d08_392_b_2.jpg,T10,d08,392,b,2,T10_392,test,False
T10_d08_393_a_1.jpg,T10,d08,393,a,1,T10_393,val,False
T10_d08_393_b_1.jpg,T10,d08,393,b,1,T10_393,val,False
T10_d08_395_a_2.jpg,T10,d08,395,a,2,T10_395,test,False
T10_d08_395_b_2.jpg,T10,d08,395,b,2,T10_395,test,True
T10_d08_398_a_2.jpg,T10,d08,398,a,2,T10_398,val,False
T10_d08_398_b_2.jpg,T10,d08,398,b,2,T10_398,val,False
T10_d08_399_a_2.jpg,T10,d08,399,a,2,T10_399,val,False
T10_d08_399_b_2.jpg,T10,d08,399,b,2,T10_399,val,False
T10_d08_400_a_1.jpg,T10,d08,400,a,1,T10_400,train,False
T10_d08_400_b_1.jpg,T10,d08,400,b,1,T10_400,train,False
T10_d08_401_a_1.jpg,T10,d08,401,a,1,T10_401,train,False
T10_d08_401_b_1.jpg,T10,d08,401,b,1,T10_401,train,False
T10_d08_402_a_1.jpg,T10,d08,402,a,1,T10_402,val,False
T10_d08_402_b_1.jpg,T10,d08,402,b,1,T10_402,val,False
T10_d08_405_a_2.jpg,T10,d08,405,a,2,T10_405,train,False
T10_d08_405_b_2.jpg,T10,d08,405,b,2,T10_405,train,False
T10_d08_406_a_2.jpg,T10,d08,406,a,2,T10_406,val,False
T10_d08_406_b_2.jpg,T10,d08,406,b,2,T10_406,val,False
T10_d08_408_a_1.jpg,T10,d08,408,a,1,T10_408,train,False
T10_d08_408_b_1.jpg,T10,d08,408,b,1,T10_408,train,False
T10_d08_410_a_1.jpg,T10,d08,410,a,1,T10_410,train,False
T10_d08_410_b_1.jpg,T10,d08,410,b,1,T10_410,train,False
T10_d08_411_a_1.jpg,T10,d08,411,a,1,T10_411,val,False
T10_d08_411_b_1.jpg,T10,d08,411,b,1,T10_411,val,False
T10_d08_413_a_1.jpg,T10,d08,413,a,1,T10_413,train,False
T10_d08_413_b_1.jpg,T10,d08,413,b,1,T10_413,train,False
T10_d08_414_a_1.jpg,T10,d08,414,a,1,T10_414,train,False
T10_d08_414_b_1.jpg,T10,d08,414,b,1,T10_414,train,False
T10_d08_415_a_2.jpg,T10,d08,415,a,2,T10_415,train,True
T10_d08_415_b_2.jpg,T10,d08,415,b,2,T10_415,train,False
T10_d08_420_a_1.jpg,T10,d08,420,a,1,T10_420,train,False
T10_d08_420_b_1.jpg,T10,d08,420,b,1,T10_420,train,False
T10_d08_422_a_2.jpg,T10,d08,422,a,2,T10_422,train,False
T10_d08_422_b_2.jpg,T10,d08,422,b,2,T10_422,train,False
T10_d08_425_a_1.jpg,T10,d08,425,a,1,T10_425,train,False
T10_d08_425_b_1.jpg,T10,d08,425,b,1,T10_425,train,False
T10_d08_429_a_2.jpg,T10,d08,429,a,2,T10_429,train,False
T10_d08_429_b_2.jpg,T10,d08,429,b,2,T10_429,train,False
T10_d08_430_a_2.jpg,T10,d08,430,a,2,T10_430,val,False
T10_d08_430_b_2.jpg,T10,d08,430,b,2,T10_430,val,False
T10_d08_442_a_1.jpg,T10,d08,442,a,1,T10_442,train,False
T10_d08_442_b_1.jpg,T10,d08,442,b,1,T10_442,train,False
T10_d08_444_a_2.jpg,T10,d08,444,a,2,T10_444,train,False
T10_d08_444_b_2.jpg,T10,d08,444,b,2,T10_444,train,False
T10_d08_445_a_1.jpg,T10,d08,445,a,1,T10_445,train,False
T10_d08_445_b_1.jpg,T10,d08,445,b,1,T10_445,train,False
T10_d08_446_a_2.jpg,T10,d08,446,a,2,T10_446,train,False
T10_d08_446_b_2.jpg,T10,d08,446,b,2,T10_446,train,False
T10_d08_447_a_2.jpg,T10,d08,447,a,2,T10_447,train,False
T10_d08_447_b_2.jpg,T10,d08,447,b,2,T10_447,train,False
T10_d08_448_a_4.jpg,T10,d08,448,a,4,T10_448,train,False
T10_d08_448_b_4.jpg,T10,d08,448,b,4,T10_448,train,False
T10_d08_449_a_1.jpg,T10,d08,449,a,1,T10_449,train,False
T10_d08_449_b_1.jpg,T10,d08,449,b,1,T10_449,train,True
T10_d08_450_a_2.jpg,T10,d08,450,a,2,T10_450,val,True
T10_d08_450_b_2.jpg,T10,d08,450,b,2,T10_450,val,False
T10_d08_451_a_2.jpg,T10,d08,451,a,2,T10_451,val,False
T10_d08_451_b_2.jpg,T10,d08,451,b,2,T10_451,val,False
T10_d08_452_a_1.jpg,T10,d08,452,a,1,T10_452,val,True
T10_d08_452_b_1.jpg,T10,d08,452,b,1,T10_452,val,False
T10_d08_454_a_2.jpg,T10,d08,454,a,2,T10_454,train,False
T10_d08_454_b_2.jpg,T10,d08,454,b,2,T10_454,train,False
T10_d08_458_a_1.jpg,T10,d08,458,a,1,T10_458,train,False
T10_d08_458_b_1.jpg,T10,d08,458,b,1,T10_458,train,False
T10_d08_459_a_1.jpg,T10,d08,459,a,1,T10_459,train,False
T10_d08_459_b_1.jpg,T10,d08,459,b,1,T10_459,train,False
T10_d08_470_a_2.jpg,T10,d08,470,a,2,T10_470,train,False
T10_d08_470_b_2.jpg,T10,d08,470,b,2,T10_470,train,False
T10_d08_471_a_1.jpg,T10,d08,471,a,1,T10_471,test,False
T10_d08_471_b_1.jpg,T10,d08,471,b,1,T10_471,test,True
T10_d08_475_a_1.jpg,T10,d08,475,a,1,T10_475,train,False
T10_d08_475_b_1.jpg,T10,d08,475,b,1,T10_475,train,False
T10_d08_478_a_1.jpg,T10,d08,478,a,1,T10_478,val,False
T10_d08_478_b_1.jpg,T10,d08,478,b,1,T10_478,val,False
T10_d09_002_a_2.jpg,T10,d09,002,a,2,T10_002,train,True
T10_d09_002_b_2.jpg,T10,d09,002,b,2,T10_002,train,False
T10_d09_003_a_2.jpg,T10,d09,003,a,2,T10_003,train,False
T10_d09_003_b_2.jpg,T10,d09,003,b,2,T10_003,train,False
T10_d09_007_a_2.jpg,T10,d09,007,a,2,T10_007,train,False
T10_d09_007_b_2.jpg,T10,d09,007,b,2,T10_007,train,False
T10_d09_011_a_2.jpg,T10,d09,011,a,2,T10_011,train,False
T10_d09_011_b_2.jpg,T10,d09,011,b,2,T10_011,train,False
T10_d09_012_a_2.jpg,T10,d09,012,a,2,T10_012,val,False
T10_d09_012_b_2.jpg,T10,d09,012,b,2,T10_012,val,False
T10_d09_013_a_2.jpg,T10,d09,013,a,2,T10_013,train,False
T10_d09_013_b_2.jpg,T10,d09,013,b,2,T10_013,train,False
T10_d09_014_a_2.jpg,T10,d09,014,a,2,T10_014,val,False
T10_d09_014_b_2.jpg,T10,d09,014,b,2,T10_014,val,False
T10_d09_015_a_2.jpg,T10,d09,015,a,2,T10_015,test,False
T10_d09_015_b_2.jpg,T10,d09,015,b,2,T10_015,test,True
T10_d09_018_a_2.jpg,T10,d09,018,a,2,T10_018,val,False
T10_d09_018_b_2.jpg,T10,d09,018,b,2,T10_018,val,False
T10_d09_021_a_2.jpg,T10,d09,021,a,2,T10_021,train,False
T10_d09_021_b_2.jpg,T10,d09,021,b,2,T10_021,train,False
T10_d09_022_a_2.jpg,T10,d09,022,a,2,T10_022,train,False
T10_d09_022_b_2.jpg,T10,d09,022,b,2,T10_022,train,False
T10_d09_026_a_2.jpg,T10,d09,026,a,2,T10_026,train,False
T10_d09_026_b_2.jpg,T10,d09,026,b,2,T10_026,train,False
T10_d09_027_a_2.jpg,T10,d09,027,a,2,T10_027,train,False
T10_d09_027_b_2.jpg,T10,d09,027,b,2,T10_027,train,True
T10_d09_033_a_2.jpg,T10,d09,033,a,2,T10_033,val,False
T10_d09_033_b_2.jpg,T10,d09,033,b,2,T10_033,val,False
T10_d09_034_a_2.jpg,T10,d09,034,a,2,T10_034,train,False
T10_d09_034_b_2.jpg,T10,d09,034,b,2,T10_034,train,True
T10_d09_035_a_2.jpg,T10,d09,035,a,2,T10_035,val,False
T10_d09_035_b_2.jpg,T10,d09,035,b,2,T10_035,val,False
T10_d09_038_a_2.jpg,T10,d09,038,a,2,T10_038,val,False
T10_d09_038_b_2.jpg,T10,d09,038,b,2,T10_038,val,False
T10_d09_041_a_2.jpg,T10,d09,041,a,2,T10_041,val,False
T10_d09_041_b_2.jpg,T10,d09,041,b,2,T10_041,val,False
T10_d09_046_a_2.jpg,T10,d09,046,a,2,T10_046,train,False
T10_d09_046_b_2.jpg,T10,d09,046,b,2,T10_046,train,False
T10_d09_047_a_2.jpg,T10,d09,047,a,2,T10_047,train,False
T10_d09_047_b_2.jpg,T10,d09,047,b,2,T10_047,train,False
T10_d09_048_a_2.jpg,T10,d09,048,a,2,T10_048,train,True
T10_d09_048_b_2.jpg,T10,d09,048,b,2,T10_048,train,False
T10_d09_055_a_2.jpg,T10,d09,055,a,2,T10_055,train,False
T10_d09_055_b_2.jpg,T10,d09,055,b,2,T10_055,train,False
T10_d09_058_a_2.jpg,T10,d09,058,a,2,T10_058,val,True
T10_d09_058_b_2.jpg,T10,d09,058,b,2,T10_058,val,False
T10_d09_061_a_2.jpg,T10,d09,061,a,2,T10_061,train,True
T10_d09_061_b_2.jpg,T10,d09,061,b,2,T10_061,train,False
T10_d09_065_a_4.jpg,T10,d09,065,a,4,T10_065,val,False
T10_d09_065_b_4.jpg,T10,d09,065,b,4,T10_065,val,False
T10_d09_067_a_2.jpg,T10,d09,067,a,2,T10_067,train,False
T10_d09_067_b_2.jpg,T10,d09,067,b,2,T10_067,train,False
T10_d09_069_a_2.jpg,T10,d09,069,a,2,T10_069,train,False
T10_d09_069_b_2.jpg,T10,d09,069,b,2,T10_069,train,False
T10_d09_072_a_2.jpg,T10,d09,072,a,2,T10_072,val,False
T10_d09_072_b_2.jpg,T10,d09,072,b,2,T10_072,val,False
T10_d09_080_a_2.jpg,T10,d09,080,a,2,T10_080,val,False
T10_d09_080_b_2.jpg,T10,d09,080,b,2,T10_080,val,False
T10_d09_083_a_2.jpg,T10,d09,083,a,2,T10_083,train,False
T10_d09_083_b_2.jpg,T10,d09,083,b,2,T10_083,train,False
T10_d09_087_a_2.jpg,T10,d09,087,a,2,T10_087,val,False
T10_d09_087_b_2.jpg,T10,d09,087,b,2,T10_087,val,False
T10_d09_089_a_2.jpg,T10,d09,089,a,2,T10_089,train,False
T10_d09_089_b_2.jpg,T10,d09,089,b,2,T10_089,train,False
T10_d09_092_a_2.jpg,T10,d09,092,a,2,T10_092,test,False
T10_d09_092_b_2.jpg,T10,d09,092,b,2,T10_092,test,True
T10_d09_093_a_2.jpg,T10,d09,093,a,2,T10_093,train,False
T10_d09_093_b_2.jpg,T10,d09,093,b,2,T10_093,train,False
T10_d09_094_a_2.jpg,T10,d09,094,a,2,T10_094,train,False
T10_d09_094_b_2.jpg,T10,d09,094,b,2,T10_094,train,False
T10_d09_096_a_2.jpg,T10,d09,096,a,2,T10_096,train,False
T10_d09_096_b_2.jpg,T10,d09,096,b,2,T10_096,train,False
T10_d09_097_a_2.jpg,T10,d09,097,a,2,T10_097,train,False
T10_d09_097_b_2.jpg,T10,d09,097,b,2,T10_097,train,False
T10_d09_098_a_2.jpg,T10,d09,098,a,2,T10_098,train,False
T10_d09_098_b_2.jpg,T10,d09,098,b,2,T10_098,train,False
T10_d09_099_a_2.jpg,T10,d09,099,a,2,T10_099,train,False
T10_d09_099_b_2.jpg,T10,d09,099,b,2,T10_099,train,False
T10_d09_100_a_2.jpg,T10,d09,100,a,2,T10_100,test,False
T10_d09_100_b_2.jpg,T10,d09,100,b,2,T10_100,test,True
T10_d09_108_a_2.jpg,T10,d09,108,a,2,T10_108,train,False
T10_d09_108_b_2.jpg,T10,d09,108,b,2,T10_108,train,False
T10_d09_110_a_2.jpg,T10,d09,110,a,2,T10_110,train,True
T10_d09_110_b_2.jpg,T10,d09,110,b,2,T10_110,train,False
T10_d09_111_a_2.jpg,T10,d09,111,a,2,T10_111,val,False
T10_d09_111_b_2.jpg,T10,d09,111,b,2,T10_111,val,False
T10_d09_113_a_2.jpg,T10,d09,113,a,2,T10_113,train,True
T10_d09_113_b_2.jpg,T10,d09,113,b,2,T10_113,train,False
T10_d09_118_a_2.jpg,T10,d09,118,a,2,T10_118,train,True
T10_d09_118_b_2.jpg,T10,d09,118,b,2,T10_118,train,False
T10_d09_122_a_2.jpg,T10,d09,122,a,2,T10_122,train,False
T10_d09_122_b_2.jpg,T10,d09,122,b,2,T10_122,train,False
T10_d09_125_a_2.jpg,T10,d09,125,a,2,T10_125,train,False
T10_d09_125_b_2.jpg,T10,d09,125,b,2,T10_125,train,False
T10_d09_128_a_2.jpg,T10,d09,128,a,2,T10_128,train,False
T10_d09_128_b_2.jpg,T10,d09,128,b,2,T10_128,train,False
T10_d09_129_a_2.jpg,T10,d09,129,a,2,T10_129,train,True
T10_d09_129_b_2.jpg,T10,d09,129,b,2,T10_129,train,False
T10_d09_130_a_2.jpg,T10,d09,130,a,2,T10_130,train,True
T10_d09_130_b_2.jpg,T10,d09,130,b,2,T10_130,train,True
T10_d09_131_a_2.jpg,T10,d09,131,a,2,T10_131,train,False
T10_d09_131_b_2.jpg,T10,d09,131,b,2,T10_131,train,False
T10_d09_133_a_2.jpg,T10,d09,133,a,2,T10_133,train,False
T10_d09_133_b_2.jpg,T10,d09,133,b,2,T10_133,train,False
T10_d09_136_a_2.jpg,T10,d09,136,a,2,T10_136,val,False
T10_d09_136_b_2.jpg,T10,d09,136,b,2,T10_136,val,False
T10_d09_138_a_2.jpg,T10,d09,138,a,2,T10_138,train,True
T10_d09_138_b_2.jpg,T10,d09,138,b,2,T10_138,train,False
T10_d09_145_a_2.jpg,T10,d09,145,a,2,T10_145,train,True
T10_d09_145_b_2.jpg,T10,d09,145,b,2,T10_145,train,False
T10_d09_148_a_2.jpg,T10,d09,148,a,2,T10_148,nuevo,False
T10_d09_148_b_2.jpg,T10,d09,148,b,2,T10_148,nuevo,False
T10_d09_149_a_2.jpg,T10,d09,149,a,2,T10_149,train,False
T10_d09_149_b_2.jpg,T10,d09,149,b,2,T10_149,train,False
T10_d09_152_a_2.jpg,T10,d09,152,a,2,T10_152,train,False
T10_d09_152_b_2.jpg,T10,d09,152,b,2,T10_152,train,False
T10_d09_156_a_2.jpg,T10,d09,156,a,2,T10_156,train,False
T10_d09_156_b_2.jpg,T10,d09,156,b,2,T10_156,train,False
T10_d09_162_a_2.jpg,T10,d09,162,a,2,T10_162,test,False
T10_d09_162_b_2.jpg,T10,d09,162,b,2,T10_162,test,True
T10_d09_163_a_2.jpg,T10,d09,163,a,2,T10_163,train,False
T10_d09_163_b_2.jpg,T10,d09,163,b,2,T10_163,train,False
T10_d09_165_a_2.jpg,T10,d09,165,a,2,T10_165,train,False
T10_d09_165_b_2.jpg,T10,d09,165,b,2,T10_165,train,False
T10_d09_166_a_2.jpg,T10,d09,166,a,2,T10_166,train,False
T10_d09_166_b_2.jpg,T10,d09,166,b,2,T10_166,train,False
T10_d09_167_a_2.jpg,T10,d09,167,a,2,T10_167,train,False
T10_d09_167_b_2.jpg,T10,d09,167,b,2,T10_167,train,False
T10_d09_168_a_2.jpg,T10,d09,168,a,2,T10_168,train,False
T10_d09_168_b_2.jpg,T10,d09,168,b,2,T10_168,train,False
T10_d09_172_a_2.jpg,T10,d09,172,a,2,T10_172,train,False
T10_d09_172_b_2.jpg,T10,d09,172,b,2,T10_172,train,False
T10_d09_181_a_2.jpg,T10,d09,181,a,2,T10_181,train,False
T10_d09_181_b_2.jpg,T10,d09,181,b,2,T10_181,train,False
T10_d09_186_a_2.jpg,T10,d09,186,a,2,T10_186,val,False
T10_d09_186_b_2.jpg,T10,d09,186,b,2,T10_186,val,False
T10_d09_193_a_2.jpg,T10,d09,193,a,2,T10_193,train,False
T10_d09_193_b_2.jpg,T10,d09,193,b,2,T10_193,train,False
T10_d09_194_a_2.jpg,T10,d09,194,a,2,T10_194,train,False
T10_d09_194_b_2.jpg,T10,d09,194,b,2,T10_194,train,False
T10_d09_196_a_2.jpg,T10,d09,196,a,2,T10_196,train,False
T10_d09_196_b_2.jpg,T10,d09,196,b,2,T10_196,train,True
T10_d09_202_a_3.jpg,T10,d09,202,a,3,T10_202,train,False
T10_d09_202_b_3.jpg,T10,d09,202,b,3,T10_202,train,True
T10_d09_204_a_2.jpg,T10,d09,204,a,2,T10_204,train,False
T10_d09_204_b_2.jpg,T10,d09,204,b,2,T10_204,train,False
T10_d09_206_a_2.jpg,T10,d09,206,a,2,T10_206,train,False
T10_d09_206_b_2.jpg,T10,d09,206,b,2,T10_206,train,True
T10_d09_211_a_2.jpg,T10,d09,211,a,2,T10_211,train,True
T10_d09_211_b_2.jpg,T10,d09,211,b,2,T10_211,train,False
T10_d09_213_a_2.jpg,T10,d09,213,a,2,T10_213,train,False
T10_d09_213_b_2.jpg,T10,d09,213,b,2,T10_213,train,False
T10_d09_215_a_2.jpg,T10,d09,215,a,2,T10_215,train,False
T10_d09_215_b_2.jpg,T10,d09,215,b,2,T10_215,train,False
T10_d09_217_a_2.jpg,T10,d09,217,a,2,T10_217,train,False
T10_d09_217_b_2.jpg,T10,d09,217,b,2,T10_217,train,False
T10_d09_219_a_2.jpg,T10,d09,219,a,2,T10_219,test,False
T10_d09_219_b_2.jpg,T10,d09,219,b,2,T10_219,test,True
T10_d09_220_a_2.jpg,T10,d09,220,a,2,T10_220,val,False
T10_d09_220_b_2.jpg,T10,d09,220,b,2,T10_220,val,False
T10_d09_221_a_2.jpg,T10,d09,221,a,2,T10_221,train,False
T10_d09_221_b_2.jpg,T10,d09,221,b,2,T10_221,train,False
T10_d09_223_a_2.jpg,T10,d09,223,a,2,T10_223,train,False
T10_d09_223_b_2.jpg,T10,d09,223,b,2,T10_223,train,False
T10_d09_227_a_5.jpg,T10,d09,227,a,5,T10_227,train,False
T10_d09_227_b_5.jpg,T10,d09,227,b,5,T10_227,train,False
T10_d09_229_a_2.jpg,T10,d09,229,a,2,T10_229,train,False
T10_d09_229_b_2.jpg,T10,d09,229,b,2,T10_229,train,False
T10_d09_233_a_3.jpg,T10,d09,233,a,3,T10_233,train,False
T10_d09_233_b_3.jpg,T10,d09,233,b,3,T10_233,train,False
T10_d09_234_a_2.jpg,T10,d09,234,a,2,T10_234,train,False
T10_d09_234_b_2.jpg,T10,d09,234,b,2,T10_234,train,False
T10_d09_236_a_2.jpg,T10,d09,236,a,2,T10_236,train,False
T10_d09_236_b_2.jpg,T10,d09,236,b,2,T10_236,train,True
T10_d09_237_a_2.jpg,T10,d09,237,a,2,T10_237,train,False
T10_d09_237_b_2.jpg,T10,d09,237,b,2,T10_237,train,False
T10_d09_243_a_2.jpg,T10,d09,243,a,2,T10_243,train,False
T10_d09_243_b_2.jpg,T10,d09,243,b,2,T10_243,train,False
T10_d09_245_a_2.jpg,T10,d09,245,a,2,T10_245,train,False
T10_d09_245_b_2.jpg,T10,d09,245,b,2,T10_245,train,False
T10_d09_250_a_2.jpg,T10,d09,250,a,2,T10_250,train,False
T10_d09_250_b_2.jpg,T10,d09,250,b,2,T10_250,train,False
T10_d09_252_a_2.jpg,T10,d09,252,a,2,T10_252,train,False
T10_d09_252_b_2.jpg,T10,d09,252,b,2,T10_252,train,True
T10_d09_253_a_2.jpg,T10,d09,253,a,2,T10_253,val,False
T10_d09_253_b_2.jpg,T10,d09,253,b,2,T10_253,val,False
T10_d09_254_a_2.jpg,T10,d09,254,a,2,T10_254,val,False
T10_d09_254_b_2.jpg,T10,d09,254,b,2,T10_254,val,False
T10_d09_262_a_2.jpg,T10,d09,262,a,2,T10_262,train,False
T10_d09_262_b_2.jpg,T10,d09,262,b,2,T10_262,train,False
T10_d09_266_a_2.jpg,T10,d09,266,a,2,T10_266,train,False
T10_d09_266_b_2.jpg,T10,d09,266,b,2,T10_266,train,False
T10_d09_269_a_2.jpg,T10,d09,269,a,2,T10_269,train,False
T10_d09_269_b_2.jpg,T10,d09,269,b,2,T10_269,train,False
T10_d09_274_a_2.jpg,T10,d09,274,a,2,T10_274,nuevo,False
T10_d09_274_b_2.jpg,T10,d09,274,b,2,T10_274,nuevo,False
T10_d09_275_a_2.jpg,T10,d09,275,a,2,T10_275,test,False
T10_d09_275_b_2.jpg,T10,d09,275,b,2,T10_275,test,False
T10_d09_276_a_2.jpg,T10,d09,276,a,2,T10_276,train,False
T10_d09_276_b_2.jpg,T10,d09,276,b,2,T10_276,train,True
T10_d09_282_a_2.jpg,T10,d09,282,a,2,T10_282,train,False
T10_d09_282_b_2.jpg,T10,d09,282,b,2,T10_282,train,False
T10_d09_283_a_3.jpg,T10,d09,283,a,3,T10_283,train,False
T10_d09_283_b_3.jpg,T10,d09,283,b,3,T10_283,train,False
T10_d09_284_a_2.jpg,T10,d09,284,a,2,T10_284,train,True
T10_d09_284_b_2.jpg,T10,d09,284,b,2,T10_284,train,False
T10_d09_290_a_3.jpg,T10,d09,290,a,3,T10_290,train,False
T10_d09_290_b_3.jpg,T10,d09,290,b,3,T10_290,train,False
T10_d09_292_a_2.jpg,T10,d09,292,a,2,T10_292,val,False
T10_d09_292_b_2.jpg,T10,d09,292,b,2,T10_292,val,False
T10_d09_294_a_3.jpg,T10,d09,294,a,3,T10_294,train,False
T10_d09_294_b_3.jpg,T10,d09,294,b,3,T10_294,train,False
T10_d09_295_a_2.jpg,T10,d09,295,a,2,T10_295,train,False
T10_d09_295_b_2.jpg,T10,d09,295,b,2,T10_295,train,True
T10_d09_296_a_2.jpg,T10,d09,296,a,2,T10_296,train,False
T10_d09_296_b_2.jpg,T10,d09,296,b,2,T10_296,train,False
T10_d09_306_a_2.jpg,T10,d09,306,a,2,T10_306,train,False
T10_d09_306_b_2.jpg,T10,d09,306,b,2,T10_306,train,False
T10_d09_310_a_2.jpg,T10,d09,310,a,2,T10_310,val,False
T10_d09_310_b_2.jpg,T10,d09,310,b,2,T10_310,val,False
T10_d09_314_a_2.jpg,T10,d09,314,a,2,T10_314,nuevo,False
T10_d09_314_b_2.jpg,T10,d09,314,b,2,T10_314,nuevo,False
T10_d09_315_a_2.jpg,T10,d09,315,a,2,T10_315,train,False
T10_d09_315_b_2.jpg,T10,d09,315,b,2,T10_315,train,False
T10_d09_325_a_2.jpg,T10,d09,325,a,2,T10_325,train,False
T10_d09_325_b_2.jpg,T10,d09,325,b,2,T10_325,train,False
T10_d09_326_a_2.jpg,T10,d09,326,a,2,T10_326,train,False
T10_d09_326_b_2.jpg,T10,d09,326,b,2,T10_326,train,True
T10_d09_327_a_2.jpg,T10,d09,327,a,2,T10_327,train,False
T10_d09_327_b_2.jpg,T10,d09,327,b,2,T10_327,train,False
T10_d09_328_a_2.jpg,T10,d09,328,a,2,T10_328,train,False
T10_d09_328_b_2.jpg,T10,d09,328,b,2,T10_328,train,False
T10_d09_330_a_2.jpg,T10,d09,330,a,2,T10_330,train,False
T10_d09_330_b_2.jpg,T10,d09,330,b,2,T10_330,train,False
T10_d09_331_a_2.jpg,T10,d09,331,a,2,T10_331,test,False
T10_d09_331_b_2.jpg,T10,d09,331,b,2,T10_331,test,False
T10_d09_333_a_2.jpg,T10,d09,333,a,2,T10_333,train,False
T10_d09_333_b_2.jpg,T10,d09,333,b,2,T10_333,train,False
T10_d09_336_a_2.jpg,T10,d09,336,a,2,T10_336,train,False
T10_d09_336_b_2.jpg,T10,d09,336,b,2,T10_336,train,False
T10_d09_337_a_2.jpg,T10,d09,337,a,2,T10_337,train,False
T10_d09_337_b_2.jpg,T10,d09,337,b,2,T10_337,train,True
T10_d09_338_a_2.jpg,T10,d09,338,a,2,T10_338,train,False
T10_d09_338_b_2.jpg,T10,d09,338,b,2,T10_338,train,False
T10_d09_349_a_2.jpg,T10,d09,349,a,2,T10_349,train,False
T10_d09_349_b_2.jpg,T10,d09,349,b,2,T10_349,train,False
T10_d09_350_a_2.jpg,T10,d09,350,a,2,T10_350,train,False
T10_d09_350_b_2.jpg,T10,d09,350,b,2,T10_350,train,False
T10_d09_351_a_2.jpg,T10,d09,351,a,2,T10_351,train,False
T10_d09_351_b_2.jpg,T10,d09,351,b,2,T10_351,train,False
T10_d09_353_a_2.jpg,T10,d09,353,a,2,T10_353,val,False
T10_d09_353_b_2.jpg,T10,d09,353,b,2,T10_353,val,False
T10_d09_355_a_2.jpg,T10,d09,355,a,2,T10_355,train,False
T10_d09_355_b_2.jpg,T10,d09,355,b,2,T10_355,train,False
T10_d09_357_a_2.jpg,T10,d09,357,a,2,T10_357,train,False
T10_d09_357_b_2.jpg,T10,d09,357,b,2,T10_357,train,False
T10_d09_365_a_2.jpg,T10,d09,365,a,2,T10_365,train,False
T10_d09_365_b_2.jpg,T10,d09,365,b,2,T10_365,train,False
T10_d09_366_a_2.jpg,T10,d09,366,a,2,T10_366,train,False
T10_d09_366_b_2.jpg,T10,d09,366,b,2,T10_366,train,False
T10_d09_367_a_2.jpg,T10,d09,367,a,2,T10_367,train,False
T10_d09_367_b_2.jpg,T10,d09,367,b,2,T10_367,train,False
T10_d09_368_a_2.jpg,T10,d09,368,a,2,T10_368,val,False
T10_d09_368_b_2.jpg,T10,d09,368,b,2,T10_368,val,False
T10_d09_372_a_2.jpg,T10,d09,372,a,2,T10_372,train,False
T10_d09_372_b_2.jpg,T10,d09,372,b,2,T10_372,train,False
T10_d09_375_a_2.jpg,T10,d09,375,a,2,T10_375,val,False
T10_d09_375_b_2.jpg,T10,d09,375,b,2,T10_375,val,False
T10_d09_376_a_2.jpg,T10,d09,376,a,2,T10_376,train,True
T10_d09_376_b_2.jpg,T10,d09,376,b,2,T10_376,train,False
T10_d09_377_a_2.jpg,T10,d09,377,a,2,T10_377,train,False
T10_d09_377_b_2.jpg,T10,d09,377,b,2,T10_377,train,False
T10_d09_381_a_2.jpg,T10,d09,381,a,2,T10_381,train,False
T10_d09_381_b_2.jpg,T10,d09,381,b,2,T10_381,train,False
T10_d09_382_a_2.jpg,T10,d09,382,a,2,T10_382,train,False
T10_d09_382_b_2.jpg,T10,d09,382,b,2,T10_382,train,False
T10_d09_385_a_2.jpg,T10,d09,385,a,2,T10_385,val,False
T10_d09_385_b_2.jpg,T10,d09,385,b,2,T10_385,val,False
T10_d09_387_a_2.jpg,T10,d09,387,a,2,T10_387,train,False
T10_d09_387_b_2.jpg,T10,d09,387,b,2,T10_387,train,False
T10_d09_392_a_3.jpg,T10,d09,392,a,3,T10_392,test,False
T10_d09_392_b_3.jpg,T10,d09,392,b,3,T10_392,test,False
T10_d09_393_a_2.jpg,T10,d09,393,a,2,T10_393,val,False
T10_d09_393_b_2.jpg,T10,d09,393,b,2,T10_393,val,False
T10_d09_395_a_2.jpg,T10,d09,395,a,2,T10_395,test,False
T10_d09_395_b_2.jpg,T10,d09,395,b,2,T10_395,test,False
T10_d09_398_a_3.jpg,T10,d09,398,a,3,T10_398,val,False
T10_d09_398_b_3.jpg,T10,d09,398,b,3,T10_398,val,False
T10_d09_399_a_3.jpg,T10,d09,399,a,3,T10_399,val,False
T10_d09_399_b_3.jpg,T10,d09,399,b,3,T10_399,val,True
T10_d09_400_a_2.jpg,T10,d09,400,a,2,T10_400,train,False
T10_d09_400_b_2.jpg,T10,d09,400,b,2,T10_400,train,False
T10_d09_401_a_2.jpg,T10,d09,401,a,2,T10_401,train,False
T10_d09_401_b_2.jpg,T10,d09,401,b,2,T10_401,train,False
T10_d09_402_a_2.jpg,T10,d09,402,a,2,T10_402,val,False
T10_d09_402_b_2.jpg,T10,d09,402,b,2,T10_402,val,True
T10_d09_405_a_2.jpg,T10,d09,405,a,2,T10_405,train,False
T10_d09_405_b_2.jpg,T10,d09,405,b,2,T10_405,train,False
T10_d09_406_a_2.jpg,T10,d09,406,a,2,T10_406,val,False
T10_d09_406_b_2.jpg,T10,d09,406,b,2,T10_406,val,False
T10_d09_408_a_2.jpg,T10,d09,408,a,2,T10_408,train,False
T10_d09_408_b_2.jpg,T10,d09,408,b,2,T10_408,train,True
T10_d09_410_a_2.jpg,T10,d09,410,a,2,T10_410,train,False
T10_d09_410_b_2.jpg,T10,d09,410,b,2,T10_410,train,True
T10_d09_411_a_2.jpg,T10,d09,411,a,2,T10_411,val,False
T10_d09_411_b_2.jpg,T10,d09,411,b,2,T10_411,val,False
T10_d09_413_a_2.jpg,T10,d09,413,a,2,T10_413,train,False
T10_d09_413_b_2.jpg,T10,d09,413,b,2,T10_413,train,False
T10_d09_414_a_2.jpg,T10,d09,414,a,2,T10_414,train,False
T10_d09_414_b_2.jpg,T10,d09,414,b,2,T10_414,train,True
T10_d09_415_a_2.jpg,T10,d09,415,a,2,T10_415,train,False
T10_d09_415_b_2.jpg,T10,d09,415,b,2,T10_415,train,True
T10_d09_420_a_2.jpg,T10,d09,420,a,2,T10_420,train,False
T10_d09_420_b_2.jpg,T10,d09,420,b,2,T10_420,train,False
T10_d09_422_a_2.jpg,T10,d09,422,a,2,T10_422,train,False
T10_d09_422_b_2.jpg,T10,d09,422,b,2,T10_422,train,False
T10_d09_425_a_2.jpg,T10,d09,425,a,2,T10_425,train,False
T10_d09_425_b_2.jpg,T10,d09,425,b,2,T10_425,train,True
T10_d09_429_a_2.jpg,T10,d09,429,a,2,T10_429,train,False
T10_d09_429_b_2.jpg,T10,d09,429,b,2,T10_429,train,False
T10_d09_430_a_2.jpg,T10,d09,430,a,2,T10_430,val,False
T10_d09_430_b_2.jpg,T10,d09,430,b,2,T10_430,val,False
T10_d09_442_a_2.jpg,T10,d09,442,a,2,T10_442,train,True
T10_d09_442_b_2.jpg,T10,d09,442,b,2,T10_442,train,False
T10_d09_444_a_3.jpg,T10,d09,444,a,3,T10_444,train,False
T10_d09_444_b_3.jpg,T10,d09,444,b,3,T10_444,train,False
T10_d09_445_a_2.jpg,T10,d09,445,a,2,T10_445,train,True
T10_d09_445_b_2.jpg,T10,d09,445,b,2,T10_445,train,False
T10_d09_446_a_2.jpg,T10,d09,446,a,2,T10_446,train,True
T10_d09_446_b_2.jpg,T10,d09,446,b,2,T10_446,train,False
T10_d09_447_a_2.jpg,T10,d09,447,a,2,T10_447,train,False
T10_d09_447_b_2.jpg,T10,d09,447,b,2,T10_447,train,False
T10_d09_448_a_4.jpg,T10,d09,448,a,4,T10_448,train,True
T10_d09_448_b_4.jpg,T10,d09,448,b,4,T10_448,train,False
T10_d09_449_a_2.jpg,T10,d09,449,a,2,T10_449,train,False
T10_d09_449_b_2.jpg,T10,d09,449,b,2,T10_449,train,False
T10_d09_450_a_2.jpg,T10,d09,450,a,2,T10_450,val,False
T10_d09_450_b_2.jpg,T10,d09,450,b,2,T10_450,val,False
T10_d09_451_a_2.jpg,T10,d09,451,a,2,T10_451,val,True
T10_d09_451_b_2.jpg,T10,d09,451,b,2,T10_451,val,False
T10_d09_452_a_2.jpg,T10,d09,452,a,2,T10_452,val,False
T10_d09_452_b_2.jpg,T10,d09,452,b,2,T10_452,val,False
T10_d09_454_a_2.jpg,T10,d09,454,a,2,T10_454,train,False
T10_d09_454_b_2.jpg,T10,d09,454,b,2,T10_454,train,False
T10_d09_458_a_2.jpg,T10,d09,458,a,2,T10_458,train,True
T10_d09_458_b_2.jpg,T10,d09,458,b,2,T10_458,train,False
T10_d09_459_a_2.jpg,T10,d09,459,a,2,T10_459,train,False
T10_d09_459_b_2.jpg,T10,d09,459,b,2,T10_459,train,False
T10_d09_470_a_3.jpg,T10,d09,470,a,3,T10_470,train,False
T10_d09_470_b_3.jpg,T10,d09,470,b,3,T10_470,train,False
T10_d09_471_a_2.jpg,T10,d09,471,a,2,T10_471,test,False
T10_d09_471_b_2.jpg,T10,d09,471,b,2,T10_471,test,False
T10_d09_475_a_2.jpg,T10,d09,475,a,2,T10_475,train,False
T10_d09_475_b_2.jpg,T10,d09,475,b,2,T10_475,train,False
T10_d09_478_a_2.jpg,T10,d09,478,a,2,T10_478,val,True
T10_d09_478_b_2.jpg,T10,d09,478,b,2,T10_478,val,False
T10_d10_002_a_2.jpg,T10,d10,002,a,2,T10_002,train,False
T10_d10_002_b_2.jpg,T10,d10,002,b,2,T10_002,train,False
T10_d10_003_a_3.jpg,T10,d10,003,a,3,T10_003,train,True
T10_d10_003_b_3.jpg,T10,d10,003,b,3,T10_003,train,False
T10_d10_007_a_3.jpg,T10,d10,007,a,3,T10_007,train,False
T10_d10_007_b_3.jpg,T10,d10,007,b,3,T10_007,train,False
T10_d10_011_a_2.jpg,T10,d10,011,a,2,T10_011,train,False
T10_d10_011_b_2.jpg,T10,d10,011,b,2,T10_011,train,False
T10_d10_012_a_3.jpg,T10,d10,012,a,3,T10_012,val,False
T10_d10_012_b_3.jpg,T10,d10,012,b,3,T10_012,val,False
T10_d10_013_a_2.jpg,T10,d10,013,a,2,T10_013,train,True
T10_d10_013_b_2.jpg,T10,d10,013,b,2,T10_013,train,False
T10_d10_014_a_2.jpg,T10,d10,014,a,2,T10_014,val,True
T10_d10_014_b_2.jpg,T10,d10,014,b,2,T10_014,val,False
T10_d10_015_a_2.jpg,T10,d10,015,a,2,T10_015,test,False
T10_d10_015_b_2.jpg,T10,d10,015,b,2,T10_015,test,False
T10_d10_018_a_3.jpg,T10,d10,018,a,3,T10_018,val,True
T10_d10_018_b_3.jpg,T10,d10,018,b,3,T10_018,val,True
T10_d10_021_a_2.jpg,T10,d10,021,a,2,T10_021,train,False
T10_d10_021_b_2.jpg,T10,d10,021,b,2,T10_021,train,True
T10_d10_022_a_2.jpg,T10,d10,022,a,2,T10_022,train,False
T10_d10_022_b_2.jpg,T10,d10,022,b,2,T10_022,train,False
T10_d10_026_a_3.jpg,T10,d10,026,a,3,T10_026,train,False
T10_d10_026_b_3.jpg,T10,d10,026,b,3,T10_026,train,False
T10_d10_027_a_2.jpg,T10,d10,027,a,2,T10_027,train,False
T10_d10_027_b_2.jpg,T10,d10,027,b,2,T10_027,train,False
T10_d10_033_a_3.jpg,T10,d10,033,a,3,T10_033,val,False
T10_d10_033_b_3.jpg,T10,d10,033,b,3,T10_033,val,False
T10_d10_034_a_3.jpg,T10,d10,034,a,3,T10_034,train,False
T10_d10_034_b_3.jpg,T10,d10,034,b,3,T10_034,train,False
T10_d10_035_a_3.jpg,T10,d10,035,a,3,T10_035,val,False
T10_d10_035_b_3.jpg,T10,d10,035,b,3,T10_035,val,False
T10_d10_041_a_2.jpg,T10,d10,041,a,2,T10_041,val,False
T10_d10_041_b_2.jpg,T10,d10,041,b,2,T10_041,val,False
T10_d10_046_a_2.jpg,T10,d10,046,a,2,T10_046,train,False
T10_d10_046_b_2.jpg,T10,d10,046,b,2,T10_046,train,False
T10_d10_047_a_2.jpg,T10,d10,047,a,2,T10_047,train,False
T10_d10_047_b_2.jpg,T10,d10,047,b,2,T10_047,train,False
T10_d10_048_a_3.jpg,T10,d10,048,a,3,T10_048,train,False
T10_d10_048_b_3.jpg,T10,d10,048,b,3,T10_048,train,False
T10_d10_055_a_2.jpg,T10,d10,055,a,2,T10_055,train,False
T10_d10_055_b_2.jpg,T10,d10,055,b,2,T10_055,train,False
T10_d10_058_a_2.jpg,T10,d10,058,a,2,T10_058,val,False
T10_d10_058_b_2.jpg,T10,d10,058,b,2,T10_058,val,False
T10_d10_061_a_3.jpg,T10,d10,061,a,3,T10_061,train,False
T10_d10_061_b_3.jpg,T10,d10,061,b,3,T10_061,train,False
T10_d10_065_a_4.jpg,T10,d10,065,a,4,T10_065,val,False
T10_d10_065_b_4.jpg,T10,d10,065,b,4,T10_065,val,False
T10_d10_067_a_2.jpg,T10,d10,067,a,2,T10_067,train,False
T10_d10_067_b_2.jpg,T10,d10,067,b,2,T10_067,train,False
T10_d10_069_a_3.jpg,T10,d10,069,a,3,T10_069,train,False
T10_d10_069_b_3.jpg,T10,d10,069,b,3,T10_069,train,False
T10_d10_072_a_3.jpg,T10,d10,072,a,3,T10_072,val,False
T10_d10_072_b_3.jpg,T10,d10,072,b,3,T10_072,val,False
T10_d10_080_a_2.jpg,T10,d10,080,a,2,T10_080,val,False
T10_d10_080_b_2.jpg,T10,d10,080,b,2,T10_080,val,True
T10_d10_083_a_2.jpg,T10,d10,083,a,2,T10_083,train,False
T10_d10_083_b_2.jpg,T10,d10,083,b,2,T10_083,train,False
T10_d10_087_a_3.jpg,T10,d10,087,a,3,T10_087,val,False
T10_d10_087_b_3.jpg,T10,d10,087,b,3,T10_087,val,False
T10_d10_089_a_2.jpg,T10,d10,089,a,2,T10_089,train,False
T10_d10_089_b_2.jpg,T10,d10,089,b,2,T10_089,train,False
T10_d10_092_a_2.jpg,T10,d10,092,a,2,T10_092,test,False
T10_d10_092_b_2.jpg,T10,d10,092,b,2,T10_092,test,False
T10_d10_093_a_3.jpg,T10,d10,093,a,3,T10_093,train,True
T10_d10_093_b_3.jpg,T10,d10,093,b,3,T10_093,train,False
T10_d10_094_a_2.jpg,T10,d10,094,a,2,T10_094,train,False
T10_d10_094_b_2.jpg,T10,d10,094,b,2,T10_094,train,False
T10_d10_096_a_2.jpg,T10,d10,096,a,2,T10_096,train,False
T10_d10_096_b_2.jpg,T10,d10,096,b,2,T10_096,train,False
T10_d10_097_a_2.jpg,T10,d10,097,a,2,T10_097,train,False
T10_d10_097_b_2.jpg,T10,d10,097,b,2,T10_097,train,False
T10_d10_098_a_2.jpg,T10,d10,098,a,2,T10_098,train,False
T10_d10_098_b_2.jpg,T10,d10,098,b,2,T10_098,train,False
T10_d10_099_a_3.jpg,T10,d10,099,a,3,T10_099,train,False
T10_d10_099_b_3.jpg,T10,d10,099,b,3,T10_099,train,False
T10_d10_100_a_2.jpg,T10,d10,100,a,2,T10_100,test,False
T10_d10_100_b_2.jpg,T10,d10,100,b,2,T10_100,test,False
T10_d10_108_a_2.jpg,T10,d10,108,a,2,T10_108,train,False
T10_d10_108_b_2.jpg,T10,d10,108,b,2,T10_108,train,False
T10_d10_110_a_2.jpg,T10,d10,110,a,2,T10_110,train,False
T10_d10_110_b_2.jpg,T10,d10,110,b,2,T10_110,train,False
T10_d10_111_a_2.jpg,T10,d10,111,a,2,T10_111,val,False
T10_d10_111_b_2.jpg,T10,d10,111,b,2,T10_111,val,False
T10_d10_113_a_2.jpg,T10,d10,113,a,2,T10_113,train,False
T10_d10_113_b_2.jpg,T10,d10,113,b,2,T10_113,train,False
T10_d10_118_a_2.jpg,T10,d10,118,a,2,T10_118,train,False
T10_d10_118_b_2.jpg,T10,d10,118,b,2,T10_118,train,False
T10_d10_122_a_3.jpg,T10,d10,122,a,3,T10_122,train,False
T10_d10_122_b_3.jpg,T10,d10,122,b,3,T10_122,train,False
T10_d10_125_a_2.jpg,T10,d10,125,a,2,T10_125,train,False
T10_d10_125_b_2.jpg,T10,d10,125,b,2,T10_125,train,False
T10_d10_128_a_2.jpg,T10,d10,128,a,2,T10_128,train,False
T10_d10_128_b_2.jpg,T10,d10,128,b,2,T10_128,train,False
T10_d10_129_a_2.jpg,T10,d10,129,a,2,T10_129,train,False
T10_d10_129_b_2.jpg,T10,d10,129,b,2,T10_129,train,False
T10_d10_130_a_3.jpg,T10,d10,130,a,3,T10_130,train,False
T10_d10_130_b_3.jpg,T10,d10,130,b,3,T10_130,train,False
T10_d10_131_a_3.jpg,T10,d10,131,a,3,T10_131,train,False
T10_d10_131_b_3.jpg,T10,d10,131,b,3,T10_131,train,False
T10_d10_133_a_2.jpg,T10,d10,133,a,2,T10_133,train,True
T10_d10_133_b_2.jpg,T10,d10,133,b,2,T10_133,train,False
T10_d10_136_a_3.jpg,T10,d10,136,a,3,T10_136,val,False
T10_d10_136_b_3.jpg,T10,d10,136,b,3,T10_136,val,False
T10_d10_138_a_2.jpg,T10,d10,138,a,2,T10_138,train,False
T10_d10_138_b_2.jpg,T10,d10,138,b,2,T10_138,train,False
T10_d10_145_a_2.jpg,T10,d10,145,a,2,T10_145,train,False
T10_d10_145_b_2.jpg,T10,d10,145,b,2,T10_145,train,False
T10_d10_148_a_3.jpg,T10,d10,148,a,3,T10_148,nuevo,False
T10_d10_148_b_3.jpg,T10,d10,148,b,3,T10_148,nuevo,False
T10_d10_149_a_2.jpg,T10,d10,149,a,2,T10_149,train,False
T10_d10_149_b_2.jpg,T10,d10,149,b,2,T10_149,train,False
T10_d10_152_a_2.jpg,T10,d10,152,a,2,T10_152,train,False
T10_d10_152_b_2.jpg,T10,d10,152,b,2,T10_152,train,False
T10_d10_156_a_3.jpg,T10,d10,156,a,3,T10_156,train,False
T10_d10_156_b_3.jpg,T10,d10,156,b,3,T10_156,train,False
T10_d10_162_a_2.jpg,T10,d10,162,a,2,T10_162,test,False
T10_d10_162_b_2.jpg,T10,d10,162,b,2,T10_162,test,False
T10_d10_163_a_2.jpg,T10,d10,163,a,2,T10_163,train,False
T10_d10_163_b_2.jpg,T10,d10,163,b,2,T10_163,train,False
T10_d10_165_a_2.jpg,T10,d10,165,a,2,T10_165,train,False
T10_d10_165_b_2.jpg,T10,d10,165,b,2,T10_165,train,False
T10_d10_166_a_2.jpg,T10,d10,166,a,2,T10_166,train,False
T10_d10_166_b_2.jpg,T10,d10,166,b,2,T10_166,train,False
T10_d10_167_a_2.jpg,T10,d10,167,a,2,T10_167,train,False
T10_d10_167_b_2.jpg,T10,d10,167,b,2,T10_167,train,False
T10_d10_168_a_3.jpg,T10,d10,168,a,3,T10_168,train,False
T10_d10_168_b_3.jpg,T10,d10,168,b,3,T10_168,train,False
T10_d10_172_a_2.jpg,T10,d10,172,a,2,T10_172,train,True
T10_d10_172_b_2.jpg,T10,d10,172,b,2,T10_172,train,False
T10_d10_181_a_3.jpg,T10,d10,181,a,3,T10_181,train,False
T10_d10_181_b_3.jpg,T10,d10,181,b,3,T10_181,train,False
T10_d10_186_a_3.jpg,T10,d10,186,a,3,T10_186,val,False
T10_d10_186_b_3.jpg,T10,d10,186,b,3,T10_186,val,False
T10_d10_193_a_2.jpg,T10,d10,193,a,2,T10_193,train,False
T10_d10_193_b_2.jpg,T10,d10,193,b,2,T10_193,train,False
T10_d10_194_a_2.jpg,T10,d10,194,a,2,T10_194,train,False
T10_d10_194_b_2.jpg,T10,d10,194,b,2,T10_194,train,False
T10_d10_196_a_2.jpg,T10,d10,196,a,2,T10_196,train,False
T10_d10_196_b_2.jpg,T10,d10,196,b,2,T10_196,train,False
T10_d10_202_a_3.jpg,T10,d10,202,a,3,T10_202,train,False
T10_d10_202_b_3.jpg,T10,d10,202,b,3,T10_202,train,False
T10_d10_204_a_2.jpg,T10,d10,204,a,2,T10_204,train,False
T10_d10_204_b_2.jpg,T10,d10,204,b,2,T10_204,train,False
T10_d10_206_a_2.jpg,T10,d10,206,a,2,T10_206,train,True
T10_d10_206_b_2.jpg,T10,d10,206,b,2,T10_206,train,False
T10_d10_211_a_2.jpg,T10,d10,211,a,2,T10_211,train,False
T10_d10_211_b_2.jpg,T10,d10,211,b,2,T10_211,train,False
T10_d10_213_a_2.jpg,T10,d10,213,a,2,T10_213,train,False
T10_d10_213_b_2.jpg,T10,d10,213,b,2,T10_213,train,False
T10_d10_215_a_2.jpg,T10,d10,215,a,2,T10_215,train,False
T10_d10_215_b_2.jpg,T10,d10,215,b,2,T10_215,train,False
T10_d10_217_a_2.jpg,T10,d10,217,a,2,T10_217,train,False
T10_d10_217_b_2.jpg,T10,d10,217,b,2,T10_217,train,False
T10_d10_219_a_2.jpg,T10,d10,219,a,2,T10_219,test,False
T10_d10_219_b_2.jpg,T10,d10,219,b,2,T10_219,test,False
T10_d10_220_a_3.jpg,T10,d10,220,a,3,T10_220,val,False
T10_d10_220_b_3.jpg,T10,d10,220,b,3,T10_220,val,False
T10_d10_221_a_3.jpg,T10,d10,221,a,3,T10_221,train,True
T10_d10_221_b_3.jpg,T10,d10,221,b,3,T10_221,train,False
T10_d10_223_a_2.jpg,T10,d10,223,a,2,T10_223,train,False
T10_d10_223_b_2.jpg,T10,d10,223,b,2,T10_223,train,False
T10_d10_227_a_5.jpg,T10,d10,227,a,5,T10_227,train,False
T10_d10_227_b_5.jpg,T10,d10,227,b,5,T10_227,train,False
T10_d10_229_a_2.jpg,T10,d10,229,a,2,T10_229,train,False
T10_d10_229_b_2.jpg,T10,d10,229,b,2,T10_229,train,False
T10_d10_233_a_3.jpg,T10,d10,233,a,3,T10_233,train,False
T10_d10_233_b_3.jpg,T10,d10,233,b,3,T10_233,train,False
T10_d10_234_a_3.jpg,T10,d10,234,a,3,T10_234,train,False
T10_d10_234_b_3.jpg,T10,d10,234,b,3,T10_234,train,False
T10_d10_236_a_2.jpg,T10,d10,236,a,2,T10_236,train,True
T10_d10_236_b_2.jpg,T10,d10,236,b,2,T10_236,train,False
T10_d10_237_a_3.jpg,T10,d10,237,a,3,T10_237,train,False
T10_d10_237_b_3.jpg,T10,d10,237,b,3,T10_237,train,False
T10_d10_243_a_2.jpg,T10,d10,243,a,2,T10_243,train,True
T10_d10_243_b_2.jpg,T10,d10,243,b,2,T10_243,train,False
T10_d10_245_a_3.jpg,T10,d10,245,a,3,T10_245,train,False
T10_d10_245_b_3.jpg,T10,d10,245,b,3,T10_245,train,False
T10_d10_250_a_3.jpg,T10,d10,250,a,3,T10_250,train,False
T10_d10_250_b_3.jpg,T10,d10,250,b,3,T10_250,train,False
T10_d10_252_a_2.jpg,T10,d10,252,a,2,T10_252,train,True
T10_d10_252_b_2.jpg,T10,d10,252,b,2,T10_252,train,False
T10_d10_253_a_3.jpg,T10,d10,253,a,3,T10_253,val,False
T10_d10_253_b_3.jpg,T10,d10,253,b,3,T10_253,val,False
T10_d10_254_a_2.jpg,T10,d10,254,a,2,T10_254,val,False
T10_d10_254_b_2.jpg,T10,d10,254,b,2,T10_254,val,False
T10_d10_262_a_2.jpg,T10,d10,262,a,2,T10_262,train,True
T10_d10_262_b_2.jpg,T10,d10,262,b,2,T10_262,train,False
T10_d10_266_a_3.jpg,T10,d10,266,a,3,T10_266,train,True
T10_d10_266_b_3.jpg,T10,d10,266,b,3,T10_266,train,False
T10_d10_269_a_3.jpg,T10,d10,269,a,3,T10_269,train,False
T10_d10_269_b_3.jpg,T10,d10,269,b,3,T10_269,train,False
T10_d10_274_a_2.jpg,T10,d10,274,a,2,T10_274,nuevo,False
T10_d10_274_b_2.jpg,T10,d10,274,b,2,T10_274,nuevo,False
T10_d10_275_a_2.jpg,T10,d10,275,a,2,T10_275,test,False
T10_d10_275_b_2.jpg,T10,d10,275,b,2,T10_275,test,True
T10_d10_276_a_2.jpg,T10,d10,276,a,2,T10_276,train,False
T10_d10_276_b_2.jpg,T10,d10,276,b,2,T10_276,train,False
T10_d10_282_a_3.jpg,T10,d10,282,a,3,T10_282,train,False
T10_d10_282_b_3.jpg,T10,d10,282,b,3,T10_282,train,True
T10_d10_283_a_3.jpg,T10,d10,283,a,3,T10_283,train,False
T10_d10_283_b_3.jpg,T10,d10,283,b,3,T10_283,train,False
T10_d10_284_a_3.jpg,T10,d10,284,a,3,T10_284,train,False
T10_d10_284_b_3.jpg,T10,d10,284,b,3,T10_284,train,False
T10_d10_290_a_4.jpg,T10,d10,290,a,4,T10_290,train,False
T10_d10_290_b_4.jpg,T10,d10,290,b,4,T10_290,train,False
T10_d10_292_a_2.jpg,T10,d10,292,a,2,T10_292,val,False
T10_d10_292_b_2.jpg,T10,d10,292,b,2,T10_292,val,False
T10_d10_294_a_4.jpg,T10,d10,294,a,4,T10_294,train,False
T10_d10_294_b_4.jpg,T10,d10,294,b,4,T10_294,train,False
T10_d10_295_a_3.jpg,T10,d10,295,a,3,T10_295,train,False
T10_d10_295_b_3.jpg,T10,d10,295,b,3,T10_295,train,False
T10_d10_296_a_2.jpg,T10,d10,296,a,2,T10_296,train,False
T10_d10_296_b_2.jpg,T10,d10,296,b,2,T10_296,train,False
T10_d10_306_a_3.jpg,T10,d10,306,a,3,T10_306,train,False
T10_d10_306_b_3.jpg,T10,d10,306,b,3,T10_306,train,False
T10_d10_310_a_2.jpg,T10,d10,310,a,2,T10_310,val,False
T10_d10_310_b_2.jpg,T10,d10,310,b,2,T10_310,val,False
T10_d10_314_a_2.jpg,T10,d10,314,a,2,T10_314,nuevo,False
T10_d10_314_b_2.jpg,T10,d10,314,b,2,T10_314,nuevo,False
T10_d10_315_a_2.jpg,T10,d10,315,a,2,T10_315,train,False
T10_d10_315_b_2.jpg,T10,d10,315,b,2,T10_315,train,False
T10_d10_326_a_2.jpg,T10,d10,326,a,2,T10_326,train,False
T10_d10_326_b_2.jpg,T10,d10,326,b,2,T10_326,train,False
T10_d10_327_a_2.jpg,T10,d10,327,a,2,T10_327,train,False
T10_d10_327_b_2.jpg,T10,d10,327,b,2,T10_327,train,False
T10_d10_328_a_2.jpg,T10,d10,328,a,2,T10_328,train,False
T10_d10_328_b_2.jpg,T10,d10,328,b,2,T10_328,train,False
T10_d10_330_a_2.jpg,T10,d10,330,a,2,T10_330,train,False
T10_d10_330_b_2.jpg,T10,d10,330,b,2,T10_330,train,False
T10_d10_331_a_3.jpg,T10,d10,331,a,3,T10_331,test,False
T10_d10_331_b_3.jpg,T10,d10,331,b,3,T10_331,test,False
T10_d10_333_a_2.jpg,T10,d10,333,a,2,T10_333,train,False
T10_d10_333_b_2.jpg,T10,d10,333,b,2,T10_333,train,False
T10_d10_336_a_3.jpg,T10,d10,336,a,3,T10_336,train,False
T10_d10_336_b_3.jpg,T10,d10,336,b,3,T10_336,train,True
T10_d10_337_a_2.jpg,T10,d10,337,a,2,T10_337,train,False
T10_d10_337_b_2.jpg,T10,d10,337,b,2,T10_337,train,False
T10_d10_338_a_2.jpg,T10,d10,338,a,2,T10_338,train,False
T10_d10_338_b_2.jpg,T10,d10,338,b,2,T10_338,train,True
T10_d10_349_a_3.jpg,T10,d10,349,a,3,T10_349,train,False
T10_d10_349_b_3.jpg,T10,d10,349,b,3,T10_349,train,False
T10_d10_350_a_3.jpg,T10,d10,350,a,3,T10_350,train,False
T10_d10_350_b_3.jpg,T10,d10,350,b,3,T10_350,train,False
T10_d10_351_a_2.jpg,T10,d10,351,a,2,T10_351,train,False
T10_d10_351_b_2.jpg,T10,d10,351,b,2,T10_351,train,False
T10_d10_353_a_3.jpg,T10,d10,353,a,3,T10_353,val,False
T10_d10_353_b_3.jpg,T10,d10,353,b,3,T10_353,val,False
T10_d10_355_a_3.jpg,T10,d10,355,a,3,T10_355,train,False
T10_d10_355_b_3.jpg,T10,d10,355,b,3,T10_355,train,False
T10_d10_357_a_2.jpg,T10,d10,357,a,2,T10_357,train,False
T10_d10_357_b_2.jpg,T10,d10,357,b,2,T10_357,train,False
T10_d10_366_a_2.jpg,T10,d10,366,a,2,T10_366,train,False
T10_d10_366_b_2.jpg,T10,d10,366,b,2,T10_366,train,False
T10_d10_367_a_3.jpg,T10,d10,367,a,3,T10_367,train,False
T10_d10_367_b_3.jpg,T10,d10,367,b,3,T10_367,train,False
T10_d10_368_a_2.jpg,T10,d10,368,a,2,T10_368,val,False
T10_d10_368_b_2.jpg,T10,d10,368,b,2,T10_368,val,False
T10_d10_372_a_2.jpg,T10,d10,372,a,2,T10_372,train,True
T10_d10_372_b_2.jpg,T10,d10,372,b,2,T10_372,train,False
T10_d10_375_a_2.jpg,T10,d10,375,a,2,T10_375,val,False
T10_d10_375_b_2.jpg,T10,d10,375,b,2,T10_375,val,False
T10_d10_376_a_3.jpg,T10,d10,376,a,3,T10_376,train,True
T10_d10_376_b_3.jpg,T10,d10,376,b,3,T10_376,train,False
T10_d10_377_a_3.jpg,T10,d10,377,a,3,T10_377,train,False
T10_d10_377_b_3.jpg,T10,d10,377,b,3,T10_377,train,False
T10_d10_381_a_3.jpg,T10,d10,381,a,3,T10_381,train,False
T10_d10_381_b_3.jpg,T10,d10,381,b,3,T10_381,train,False
T10_d10_382_a_2.jpg,T10,d10,382,a,2,T10_382,train,False
T10_d10_382_b_2.jpg,T10,d10,382,b,2,T10_382,train,False
T10_d10_385_a_2.jpg,T10,d10,385,a,2,T10_385,val,True
T10_d10_385_b_2.jpg,T10,d10,385,b,2,T10_385,val,False
T10_d10_387_a_2.jpg,T10,d10,387,a,2,T10_387,train,False
T10_d10_387_b_2.jpg,T10,d10,387,b,2,T10_387,train,True
T10_d10_392_a_3.jpg,T10,d10,392,a,3,T10_392,test,False
T10_d10_392_b_3.jpg,T10,d10,392,b,3,T10_392,test,False
T10_d10_393_a_2.jpg,T10,d10,393,a,2,T10_393,val,False
T10_d10_393_b_2.jpg,T10,d10,393,b,2,T10_393,val,False
T10_d10_395_a_3.jpg,T10,d10,395,a,3,T10_395,test,False
T10_d10_395_b_3.jpg,T10,d10,395,b,3,T10_395,test,False
T10_d10_398_a_3.jpg,T10,d10,398,a,3,T10_398,val,False
T10_d10_398_b_3.jpg,T10,d10,398,b,3,T10_398,val,False
T10_d10_399_a_4.jpg,T10,d10,399,a,4,T10_399,val,False
T10_d10_399_b_4.jpg,T10,d10,399,b,4,T10_399,val,True
T10_d10_400_a_2.jpg,T10,d10,400,a,2,T10_400,train,True
T10_d10_400_b_2.jpg,T10,d10,400,b,2,T10_400,train,False
T10_d10_401_a_2.jpg,T10,d10,401,a,2,T10_401,train,False
T10_d10_401_b_2.jpg,T10,d10,401,b,2,T10_401,train,False
T10_d10_402_a_3.jpg,T10,d10,402,a,3,T10_402,val,False
T10_d10_402_b_3.jpg,T10,d10,402,b,3,T10_402,val,False
T10_d10_405_a_3.jpg,T10,d10,405,a,3,T10_405,train,False
T10_d10_405_b_3.jpg,T10,d10,405,b,3,T10_405,train,False
T10_d10_406_a_2.jpg,T10,d10,406,a,2,T10_406,val,False
T10_d10_406_b_2.jpg,T10,d10,406,b,2,T10_406,val,False
T10_d10_408_a_2.jpg,T10,d10,408,a,2,T10_408,train,False
T10_d10_408_b_2.jpg,T10,d10,408,b,2,T10_408,train,False
T10_d10_410_a_2.jpg,T10,d10,410,a,2,T10_410,train,False
T10_d10_410_b_2.jpg,T10,d10,410,b,2,T10_410,train,False
T10_d10_411_a_2.jpg,T10,d10,411,a,2,T10_411,val,False
T10_d10_411_b_2.jpg,T10,d10,411,b,2,T10_411,val,False
T10_d10_413_a_2.jpg,T10,d10,413,a,2,T10_413,train,False
T10_d10_413_b_2.jpg,T10,d10,413,b,2,T10_413,train,False
T10_d10_414_a_2.jpg,T10,d10,414,a,2,T10_414,train,False
T10_d10_414_b_2.jpg,T10,d10,414,b,2,T10_414,train,False
T10_d10_415_a_2.jpg,T10,d10,415,a,2,T10_415,train,False
T10_d10_415_b_2.jpg,T10,d10,415,b,2,T10_415,train,False
T10_d10_420_a_2.jpg,T10,d10,420,a,2,T10_420,train,False
T10_d10_420_b_2.jpg,T10,d10,420,b,2,T10_420,train,False
T10_d10_422_a_3.jpg,T10,d10,422,a,3,T10_422,train,False
T10_d10_422_b_3.jpg,T10,d10,422,b,3,T10_422,train,False
T10_d10_425_a_2.jpg,T10,d10,425,a,2,T10_425,train,False
T10_d10_425_b_2.jpg,T10,d10,425,b,2,T10_425,train,False
T10_d10_429_a_3.jpg,T10,d10,429,a,3,T10_429,train,False
T10_d10_429_b_3.jpg,T10,d10,429,b,3,T10_429,train,False
T10_d10_430_a_3.jpg,T10,d10,430,a,3,T10_430,val,False
T10_d10_430_b_3.jpg,T10,d10,430,b,3,T10_430,val,False
T10_d10_442_a_2.jpg,T10,d10,442,a,2,T10_442,train,False
T10_d10_442_b_2.jpg,T10,d10,442,b,2,T10_442,train,False
T10_d10_444_a_3.jpg,T10,d10,444,a,3,T10_444,train,False
T10_d10_444_b_3.jpg,T10,d10,444,b,3,T10_444,train,False
T10_d10_445_a_2.jpg,T10,d10,445,a,2,T10_445,train,False
T10_d10_445_b_2.jpg,T10,d10,445,b,2,T10_445,train,False
T10_d10_446_a_3.jpg,T10,d10,446,a,3,T10_446,train,True
T10_d10_446_b_3.jpg,T10,d10,446,b,3,T10_446,train,False
T10_d10_447_a_3.jpg,T10,d10,447,a,3,T10_447,train,False
T10_d10_447_b_3.jpg,T10,d10,447,b,3,T10_447,train,False
T10_d10_448_a_4.jpg,T10,d10,448,a,4,T10_448,train,False
T10_d10_448_b_4.jpg,T10,d10,448,b,4,T10_448,train,False
T10_d10_449_a_2.jpg,T10,d10,449,a,2,T10_449,train,False
T10_d10_449_b_2.jpg,T10,d10,449,b,2,T10_449,train,False
T10_d10_450_a_3.jpg,T10,d10,450,a,3,T10_450,val,False
T10_d10_450_b_3.jpg,T10,d10,450,b,3,T10_450,val,False
T10_d10_451_a_2.jpg,T10,d10,451,a,2,T10_451,val,True
T10_d10_451_b_2.jpg,T10,d10,451,b,2,T10_451,val,True
T10_d10_452_a_2.jpg,T10,d10,452,a,2,T10_452,val,False
T10_d10_452_b_2.jpg,T10,d10,452,b,2,T10_452,val,False
T10_d10_454_a_3.jpg,T10,d10,454,a,3,T10_454,train,False
T10_d10_454_b_3.jpg,T10,d10,454,b,3,T10_454,train,False
T10_d10_458_a_3.jpg,T10,d10,458,a,3,T10_458,train,False
T10_d10_458_b_3.jpg,T10,d10,458,b,3,T10_458,train,True
T10_d10_459_a_2.jpg,T10,d10,459,a,2,T10_459,train,False
T10_d10_459_b_2.jpg,T10,d10,459,b,2,T10_459,train,False
T10_d10_470_a_3.jpg,T10,d10,470,a,3,T10_470,train,False
T10_d10_470_b_3.jpg,T10,d10,470,b,3,T10_470,train,True
T10_d10_471_a_2.jpg,T10,d10,471,a,2,T10_471,test,False
T10_d10_471_b_2.jpg,T10,d10,471,b,2,T10_471,test,False
T10_d10_475_a_2.jpg,T10,d10,475,a,2,T10_475,train,False
T10_d10_475_b_2.jpg,T10,d10,475,b,2,T10_475,train,True
T10_d10_478_a_2.jpg,T10,d10,478,a,2,T10_478,val,False
T10_d10_478_b_2.jpg,T10,d10,478,b,2,T10_478,val,False
T10_d11_002_a_3.jpg,T10,d11,002,a,3,T10_002,train,False
T10_d11_002_b_3.jpg,T10,d11,002,b,3,T10_002,train,False
T10_d11_003_a_3.jpg,T10,d11,003,a,3,T10_003,train,False
T10_d11_003_b_3.jpg,T10,d11,003,b,3,T10_003,train,True
T10_d11_007_a_3.jpg,T10,d11,007,a,3,T10_007,train,True
T10_d11_007_b_3.jpg,T10,d11,007,b,3,T10_007,train,False
T10_d11_011_a_2.jpg,T10,d11,011,a,2,T10_011,train,False
T10_d11_011_b_2.jpg,T10,d11,011,b,2,T10_011,train,False
T10_d11_012_a_3.jpg,T10,d11,012,a,3,T10_012,val,False
T10_d11_012_b_3.jpg,T10,d11,012,b,3,T10_012,val,False
T10_d11_013_a_3.jpg,T10,d11,013,a,3,T10_013,train,False
T10_d11_013_b_3.jpg,T10,d11,013,b,3,T10_013,train,False
T10_d11_014_a_3.jpg,T10,d11,014,a,3,T10_014,val,False
T10_d11_014_b_3.jpg,T10,d11,014,b,3,T10_014,val,False
T10_d11_015_a_3.jpg,T10,d11,015,a,3,T10_015,test,True
T10_d11_015_b_3.jpg,T10,d11,015,b,3,T10_015,test,False
T10_d11_018_a_3.jpg,T10,d11,018,a,3,T10_018,val,False
T10_d11_018_b_3.jpg,T10,d11,018,b,3,T10_018,val,False
T10_d11_021_a_2.jpg,T10,d11,021,a,2,T10_021,train,False
T10_d11_021_b_2.jpg,T10,d11,021,b,2,T10_021,train,False
T10_d11_022_a_3.jpg,T10,d11,022,a,3,T10_022,train,False
T10_d11_022_b_3.jpg,T10,d11,022,b,3,T10_022,train,False
T10_d11_026_a_3.jpg,T10,d11,026,a,3,T10_026,train,False
T10_d11_026_b_3.jpg,T10,d11,026,b,3,T10_026,train,False
T10_d11_027_a_3.jpg,T10,d11,027,a,3,T10_027,train,False
T10_d11_027_b_3.jpg,T10,d11,027,b,3,T10_027,train,True
T10_d11_033_a_3.jpg,T10,d11,033,a,3,T10_033,val,False
T10_d11_033_b_3.jpg,T10,d11,033,b,3,T10_033,val,False
T10_d11_034_a_3.jpg,T10,d11,034,a,3,T10_034,train,False
T10_d11_034_b_3.jpg,T10,d11,034,b,3,T10_034,train,False
T10_d11_035_a_3.jpg,T10,d11,035,a,3,T10_035,val,False
T10_d11_035_b_3.jpg,T10,d11,035,b,3,T10_035,val,False
T10_d11_041_a_3.jpg,T10,d11,041,a,3,T10_041,val,False
T10_d11_041_b_3.jpg,T10,d11,041,b,3,T10_041,val,False
T10_d11_046_a_3.jpg,T10,d11,046,a,3,T10_046,train,False
T10_d11_046_b_3.jpg,T10,d11,046,b,3,T10_046,train,False
T10_d11_047_a_2.jpg,T10,d11,047,a,2,T10_047,train,False
T10_d11_047_b_2.jpg,T10,d11,047,b,2,T10_047,train,True
T10_d11_048_a_3.jpg,T10,d11,048,a,3,T10_048,train,False
T10_d11_048_b_3.jpg,T10,d11,048,b,3,T10_048,train,False
T10_d11_055_a_3.jpg,T10,d11,055,a,3,T10_055,train,False
T10_d11_055_b_3.jpg,T10,d11,055,b,3,T10_055,train,False
T10_d11_058_a_3.jpg,T10,d11,058,a,3,T10_058,val,False
T10_d11_058_b_3.jpg,T10,d11,058,b,3,T10_058,val,False
T10_d11_061_a_3.jpg,T10,d11,061,a,3,T10_061,train,False
T10_d11_061_b_3.jpg,T10,d11,061,b,3,T10_061,train,False
T10_d11_065_a_4.jpg,T10,d11,065,a,4,T10_065,val,False
T10_d11_065_b_4.jpg,T10,d11,065,b,4,T10_065,val,False
T10_d11_067_a_2.jpg,T10,d11,067,a,2,T10_067,train,False
T10_d11_067_b_2.jpg,T10,d11,067,b,2,T10_067,train,True
T10_d11_069_a_3.jpg,T10,d11,069,a,3,T10_069,train,False
T10_d11_069_b_3.jpg,T10,d11,069,b,3,T10_069,train,True
T10_d11_072_a_3.jpg,T10,d11,072,a,3,T10_072,val,False
T10_d11_072_b_3.jpg,T10,d11,072,b,3,T10_072,val,True
T10_d11_080_a_3.jpg,T10,d11,080,a,3,T10_080,val,False
T10_d11_080_b_3.jpg,T10,d11,080,b,3,T10_080,val,False
T10_d11_083_a_3.jpg,T10,d11,083,a,3,T10_083,train,False
T10_d11_083_b_3.jpg,T10,d11,083,b,3,T10_083,train,False
T10_d11_087_a_3.jpg,T10,d11,087,a,3,T10_087,val,False
T10_d11_087_b_3.jpg,T10,d11,087,b,3,T10_087,val,False
T10_d11_089_a_2.jpg,T10,d11,089,a,2,T10_089,train,False
T10_d11_089_b_2.jpg,T10,d11,089,b,2,T10_089,train,False
T10_d11_092_a_3.jpg,T10,d11,092,a,3,T10_092,test,False
T10_d11_092_b_3.jpg,T10,d11,092,b,3,T10_092,test,True
T10_d11_093_a_3.jpg,T10,d11,093,a,3,T10_093,train,False
T10_d11_093_b_3.jpg,T10,d11,093,b,3,T10_093,train,False
T10_d11_094_a_3.jpg,T10,d11,094,a,3,T10_094,train,False
T10_d11_094_b_3.jpg,T10,d11,094,b,3,T10_094,train,False
T10_d11_096_a_2.jpg,T10,d11,096,a,2,T10_096,train,False
T10_d11_096_b_2.jpg,T10,d11,096,b,2,T10_096,train,False
T10_d11_097_a_2.jpg,T10,d11,097,a,2,T10_097,train,False
T10_d11_097_b_2.jpg,T10,d11,097,b,2,T10_097,train,False
T10_d11_098_a_3.jpg,T10,d11,098,a,3,T10_098,train,False
T10_d11_098_b_3.jpg,T10,d11,098,b,3,T10_098,train,True
T10_d11_099_a_3.jpg,T10,d11,099,a,3,T10_099,train,False
T10_d11_099_b_3.jpg,T10,d11,099,b,3,T10_099,train,False
T10_d11_100_a_3.jpg,T10,d11,100,a,3,T10_100,test,False
T10_d11_100_b_3.jpg,T10,d11,100,b,3,T10_100,test,False
T10_d11_108_a_3.jpg,T10,d11,108,a,3,T10_108,train,False
T10_d11_108_b_3.jpg,T10,d11,108,b,3,T10_108,train,False
T10_d11_110_a_3.jpg,T10,d11,110,a,3,T10_110,train,False
T10_d11_110_b_3.jpg,T10,d11,110,b,3,T10_110,train,False
T10_d11_111_a_2.jpg,T10,d11,111,a,2,T10_111,val,False
T10_d11_111_b_2.jpg,T10,d11,111,b,2,T10_111,val,False
T10_d11_113_a_3.jpg,T10,d11,113,a,3,T10_113,train,False
T10_d11_113_b_3.jpg,T10,d11,113,b,3,T10_113,train,False
T10_d11_118_a_3.jpg,T10,d11,118,a,3,T10_118,train,False
T10_d11_118_b_3.jpg,T10,d11,118,b,3,T10_118,train,False
T10_d11_122_a_3.jpg,T10,d11,122,a,3,T10_122,train,True
T10_d11_122_b_3.jpg,T10,d11,122,b,3,T10_122,train,False
T10_d11_125_a_3.jpg,T10,d11,125,a,3,T10_125,train,False
T10_d11_125_b_3.jpg,T10,d11,125,b,3,T10_125,train,False
T10_d11_128_a_2.jpg,T10,d11,128,a,2,T10_128,train,False
T10_d11_128_b_2.jpg,T10,d11,128,b,2,T10_128,train,False
T10_d11_129_a_3.jpg,T10,d11,129,a,3,T10_129,train,False
T10_d11_129_b_3.jpg,T10,d11,129,b,3,T10_129,train,True
T10_d11_130_a_3.jpg,T10,d11,130,a,3,T10_130,train,True
T10_d11_130_b_3.jpg,T10,d11,130,b,3,T10_130,train,True
T10_d11_131_a_3.jpg,T10,d11,131,a,3,T10_131,train,False
T10_d11_131_b_3.jpg,T10,d11,131,b,3,T10_131,train,False
T10_d11_133_a_3.jpg,T10,d11,133,a,3,T10_133,train,False
T10_d11_133_b_3.jpg,T10,d11,133,b,3,T10_133,train,False
T10_d11_136_a_3.jpg,T10,d11,136,a,3,T10_136,val,False
T10_d11_136_b_3.jpg,T10,d11,136,b,3,T10_136,val,False
T10_d11_138_a_3.jpg,T10,d11,138,a,3,T10_138,train,True
T10_d11_138_b_3.jpg,T10,d11,138,b,3,T10_138,train,True
T10_d11_145_a_2.jpg,T10,d11,145,a,2,T10_145,train,False
T10_d11_145_b_2.jpg,T10,d11,145,b,2,T10_145,train,False
T10_d11_148_a_3.jpg,T10,d11,148,a,3,T10_148,nuevo,False
T10_d11_148_b_3.jpg,T10,d11,148,b,3,T10_148,nuevo,False
T10_d11_149_a_3.jpg,T10,d11,149,a,3,T10_149,train,False
T10_d11_149_b_3.jpg,T10,d11,149,b,3,T10_149,train,False
T10_d11_152_a_3.jpg,T10,d11,152,a,3,T10_152,train,False
T10_d11_152_b_3.jpg,T10,d11,152,b,3,T10_152,train,False
T10_d11_156_a_3.jpg,T10,d11,156,a,3,T10_156,train,False
T10_d11_156_b_3.jpg,T10,d11,156,b,3,T10_156,train,False
T10_d11_162_a_3.jpg,T10,d11,162,a,3,T10_162,test,False
T10_d11_162_b_3.jpg,T10,d11,162,b,3,T10_162,test,False
T10_d11_163_a_3.jpg,T10,d11,163,a,3,T10_163,train,False
T10_d11_163_b_3.jpg,T10,d11,163,b,3,T10_163,train,False
T10_d11_165_a_3.jpg,T10,d11,165,a,3,T10_165,train,True
T10_d11_165_b_3.jpg,T10,d11,165,b,3,T10_165,train,False
T10_d11_166_a_2.jpg,T10,d11,166,a,2,T10_166,train,False
T10_d11_166_b_2.jpg,T10,d11,166,b,2,T10_166,train,True
T10_d11_167_a_3.jpg,T10,d11,167,a,3,T10_167,train,False
T10_d11_167_b_3.jpg,T10,d11,167,b,3,T10_167,train,False
T10_d11_168_a_3.jpg,T10,d11,168,a,3,T10_168,train,False
T10_d11_168_b_3.jpg,T10,d11,168,b,3,T10_168,train,False
T10_d11_172_a_3.jpg,T10,d11,172,a,3,T10_172,train,False
T10_d11_172_b_3.jpg,T10,d11,172,b,3,T10_172,train,False
T10_d11_181_a_3.jpg,T10,d11,181,a,3,T10_181,train,False
T10_d11_181_b_3.jpg,T10,d11,181,b,3,T10_181,train,False
T10_d11_186_a_3.jpg,T10,d11,186,a,3,T10_186,val,False
T10_d11_186_b_3.jpg,T10,d11,186,b,3,T10_186,val,False
T10_d11_193_a_3.jpg,T10,d11,193,a,3,T10_193,train,False
T10_d11_193_b_3.jpg,T10,d11,193,b,3,T10_193,train,False
T10_d11_194_a_3.jpg,T10,d11,194,a,3,T10_194,train,True
T10_d11_194_b_3.jpg,T10,d11,194,b,3,T10_194,train,False
T10_d11_196_a_3.jpg,T10,d11,196,a,3,T10_196,train,False
T10_d11_196_b_3.jpg,T10,d11,196,b,3,T10_196,train,False
T10_d11_202_a_3.jpg,T10,d11,202,a,3,T10_202,train,False
T10_d11_202_b_3.jpg,T10,d11,202,b,3,T10_202,train,False
T10_d11_204_a_3.jpg,T10,d11,204,a,3,T10_204,train,False
T10_d11_204_b_3.jpg,T10,d11,204,b,3,T10_204,train,False
T10_d11_206_a_3.jpg,T10,d11,206,a,3,T10_206,train,False
T10_d11_206_b_3.jpg,T10,d11,206,b,3,T10_206,train,False
T10_d11_211_a_2.jpg,T10,d11,211,a,2,T10_211,train,False
T10_d11_211_b_2.jpg,T10,d11,211,b,2,T10_211,train,False
T10_d11_213_a_3.jpg,T10,d11,213,a,3,T10_213,train,False
T10_d11_213_b_3.jpg,T10,d11,213,b,3,T10_213,train,False
T10_d11_215_a_3.jpg,T10,d11,215,a,3,T10_215,train,False
T10_d11_215_b_3.jpg,T10,d11,215,b,3,T10_215,train,False
T10_d11_217_a_2.jpg,T10,d11,217,a,2,T10_217,train,False
T10_d11_217_b_2.jpg,T10,d11,217,b,2,T10_217,train,False
T10_d11_219_a_3.jpg,T10,d11,219,a,3,T10_219,test,True
T10_d11_219_b_3.jpg,T10,d11,219,b,3,T10_219,test,False
T10_d11_220_a_3.jpg,T10,d11,220,a,3,T10_220,val,False
T10_d11_220_b_3.jpg,T10,d11,220,b,3,T10_220,val,False
T10_d11_221_a_3.jpg,T10,d11,221,a,3,T10_221,train,False
T10_d11_221_b_3.jpg,T10,d11,221,b,3,T10_221,train,False
T10_d11_223_a_2.jpg,T10,d11,223,a,2,T10_223,train,False
T10_d11_223_b_2.jpg,T10,d11,223,b,2,T10_223,train,False
T10_d11_227_a_5.jpg,T10,d11,227,a,5,T10_227,train,False
T10_d11_227_b_5.jpg,T10,d11,227,b,5,T10_227,train,False
T10_d11_229_a_3.jpg,T10,d11,229,a,3,T10_229,train,False
T10_d11_229_b_3.jpg,T10,d11,229,b,3,T10_229,train,False
T10_d11_233_a_3.jpg,T10,d11,233,a,3,T10_233,train,True
T10_d11_233_b_3.jpg,T10,d11,233,b,3,T10_233,train,False
T10_d11_234_a_3.jpg,T10,d11,234,a,3,T10_234,train,False
T10_d11_234_b_3.jpg,T10,d11,234,b,3,T10_234,train,True
T10_d11_236_a_2.jpg,T10,d11,236,a,2,T10_236,train,True
T10_d11_236_b_2.jpg,T10,d11,236,b,2,T10_236,train,False
T10_d11_237_a_3.jpg,T10,d11,237,a,3,T10_237,train,False
T10_d11_237_b_3.jpg,T10,d11,237,b,3,T10_237,train,False
T10_d11_243_a_2.jpg,T10,d11,243,a,2,T10_243,train,False
T10_d11_243_b_2.jpg,T10,d11,243,b,2,T10_243,train,False
T10_d11_245_a_3.jpg,T10,d11,245,a,3,T10_245,train,False
T10_d11_245_b_3.jpg,T10,d11,245,b,3,T10_245,train,False
T10_d11_250_a_3.jpg,T10,d11,250,a,3,T10_250,train,False
T10_d11_250_b_3.jpg,T10,d11,250,b,3,T10_250,train,False
T10_d11_252_a_2.jpg,T10,d11,252,a,2,T10_252,train,False
T10_d11_252_b_2.jpg,T10,d11,252,b,2,T10_252,train,True
T10_d11_253_a_3.jpg,T10,d11,253,a,3,T10_253,val,True
T10_d11_253_b_3.jpg,T10,d11,253,b,3,T10_253,val,False
T10_d11_254_a_3.jpg,T10,d11,254,a,3,T10_254,val,False
T10_d11_254_b_3.jpg,T10,d11,254,b,3,T10_254,val,False
T10_d11_262_a_2.jpg,T10,d11,262,a,2,T10_262,train,False
T10_d11_262_b_2.jpg,T10,d11,262,b,2,T10_262,train,False
T10_d11_266_a_3.jpg,T10,d11,266,a,3,T10_266,train,False
T10_d11_266_b_3.jpg,T10,d11,266,b,3,T10_266,train,False
T10_d11_269_a_3.jpg,T10,d11,269,a,3,T10_269,train,False
T10_d11_269_b_3.jpg,T10,d11,269,b,3,T10_269,train,True
T10_d11_274_a_3.jpg,T10,d11,274,a,3,T10_274,nuevo,False
T10_d11_274_b_3.jpg,T10,d11,274,b,3,T10_274,nuevo,False
T10_d11_275_a_3.jpg,T10,d11,275,a,3,T10_275,test,True
T10_d11_275_b_3.jpg,T10,d11,275,b,3,T10_275,test,False
T10_d11_276_a_2.jpg,T10,d11,276,a,2,T10_276,train,False
T10_d11_276_b_2.jpg,T10,d11,276,b,2,T10_276,train,False
T10_d11_282_a_3.jpg,T10,d11,282,a,3,T10_282,train,False
T10_d11_282_b_3.jpg,T10,d11,282,b,3,T10_282,train,False
T10_d11_283_a_4.jpg,T10,d11,283,a,4,T10_283,train,False
T10_d11_283_b_4.jpg,T10,d11,283,b,4,T10_283,train,False
T10_d11_284_a_3.jpg,T10,d11,284,a,3,T10_284,train,False
T10_d11_284_b_3.jpg,T10,d11,284,b,3,T10_284,train,False
T10_d11_290_a_4.jpg,T10,d11,290,a,4,T10_290,train,False
T10_d11_290_b_4.jpg,T10,d11,290,b,4,T10_290,train,False
T10_d11_292_a_2.jpg,T10,d11,292,a,2,T10_292,val,False
T10_d11_292_b_2.jpg,T10,d11,292,b,2,T10_292,val,False
T10_d11_294_a_4.jpg,T10,d11,294,a,4,T10_294,train,True
T10_d11_294_b_4.jpg,T10,d11,294,b,4,T10_294,train,False
T10_d11_295_a_3.jpg,T10,d11,295,a,3,T10_295,train,False
T10_d11_295_b_3.jpg,T10,d11,295,b,3,T10_295,train,False
T10_d11_296_a_3.jpg,T10,d11,296,a,3,T10_296,train,True
T10_d11_296_b_3.jpg,T10,d11,296,b,3,T10_296,train,False
T10_d11_306_a_3.jpg,T10,d11,306,a,3,T10_306,train,False
T10_d11_306_b_3.jpg,T10,d11,306,b,3,T10_306,train,False
T10_d11_310_a_3.jpg,T10,d11,310,a,3,T10_310,val,False
T10_d11_310_b_3.jpg,T10,d11,310,b,3,T10_310,val,False
T10_d11_314_a_3.jpg,T10,d11,314,a,3,T10_314,nuevo,False
T10_d11_314_b_3.jpg,T10,d11,314,b,3,T10_314,nuevo,False
T10_d11_315_a_2.jpg,T10,d11,315,a,2,T10_315,train,False
T10_d11_315_b_2.jpg,T10,d11,315,b,2,T10_315,train,False
T10_d11_326_a_3.jpg,T10,d11,326,a,3,T10_326,train,False
T10_d11_326_b_3.jpg,T10,d11,326,b,3,T10_326,train,False
T10_d11_327_a_3.jpg,T10,d11,327,a,3,T10_327,train,False
T10_d11_327_b_3.jpg,T10,d11,327,b,3,T10_327,train,False
T10_d11_328_a_3.jpg,T10,d11,328,a,3,T10_328,train,False
T10_d11_328_b_3.jpg,T10,d11,328,b,3,T10_328,train,False
T10_d11_330_a_2.jpg,T10,d11,330,a,2,T10_330,train,False
T10_d11_330_b_2.jpg,T10,d11,330,b,2,T10_330,train,False
T10_d11_331_a_4.jpg,T10,d11,331,a,4,T10_331,test,False
T10_d11_331_b_4.jpg,T10,d11,331,b,4,T10_331,test,False
T10_d11_333_a_3.jpg,T10,d11,333,a,3,T10_333,train,False
T10_d11_333_b_3.jpg,T10,d11,333,b,3,T10_333,train,False
T10_d11_336_a_4.jpg,T10,d11,336,a,4,T10_336,train,False
T10_d11_336_b_4.jpg,T10,d11,336,b,4,T10_336,train,False
T10_d11_337_a_3.jpg,T10,d11,337,a,3,T10_337,train,False
T10_d11_337_b_3.jpg,T10,d11,337,b,3,T10_337,train,False
T10_d11_338_a_3.jpg,T10,d11,338,a,3,T10_338,train,False
T10_d11_338_b_3.jpg,T10,d11,338,b,3,T10_338,train,False
T10_d11_349_a_3.jpg,T10,d11,349,a,3,T10_349,train,False
T10_d11_349_b_3.jpg,T10,d11,349,b,3,T10_349,train,False
T10_d11_350_a_3.jpg,T10,d11,350,a,3,T10_350,train,False
T10_d11_350_b_3.jpg,T10,d11,350,b,3,T10_350,train,False
T10_d11_351_a_2.jpg,T10,d11,351,a,2,T10_351,train,False
T10_d11_351_b_2.jpg,T10,d11,351,b,2,T10_351,train,False
T10_d11_353_a_3.jpg,T10,d11,353,a,3,T10_353,val,False
T10_d11_353_b_3.jpg,T10,d11,353,b,3,T10_353,val,False
T10_d11_355_a_3.jpg,T10,d11,355,a,3,T10_355,train,False
T10_d11_355_b_3.jpg,T10,d11,355,b,3,T10_355,train,True
T10_d11_357_a_3.jpg,T10,d11,357,a,3,T10_357,train,False
T10_d11_357_b_3.jpg,T10,d11,357,b,3,T10_357,train,False
T10_d11_366_a_3.jpg,T10,d11,366,a,3,T10_366,train,False
T10_d11_366_b_3.jpg,T10,d11,366,b,3,T10_366,train,False
T10_d11_367_a_3.jpg,T10,d11,367,a,3,T10_367,train,False
T10_d11_367_b_3.jpg,T10,d11,367,b,3,T10_367,train,False
T10_d11_368_a_3.jpg,T10,d11,368,a,3,T10_368,val,False
T10_d11_368_b_3.jpg,T10,d11,368,b,3,T10_368,val,False
T10_d11_372_a_3.jpg,T10,d11,372,a,3,T10_372,train,False
T10_d11_372_b_3.jpg,T10,d11,372,b,3,T10_372,train,False
T10_d11_375_a_3.jpg,T10,d11,375,a,3,T10_375,val,False
T10_d11_375_b_3.jpg,T10,d11,375,b,3,T10_375,val,False
T10_d11_376_a_3.jpg,T10,d11,376,a,3,T10_376,train,False
T10_d11_376_b_3.jpg,T10,d11,376,b,3,T10_376,train,False
T10_d11_377_a_3.jpg,T10,d11,377,a,3,T10_377,train,False
T10_d11_377_b_3.jpg,T10,d11,377,b,3,T10_377,train,False
T10_d11_381_a_3.jpg,T10,d11,381,a,3,T10_381,train,False
T10_d11_381_b_3.jpg,T10,d11,381,b,3,T10_381,train,False
T10_d11_382_a_3.jpg,T10,d11,382,a,3,T10_382,train,False
T10_d11_382_b_3.jpg,T10,d11,382,b,3,T10_382,train,False
T10_d11_385_a_3.jpg,T10,d11,385,a,3,T10_385,val,False
T10_d11_385_b_3.jpg,T10,d11,385,b,3,T10_385,val,False
T10_d11_387_a_3.jpg,T10,d11,387,a,3,T10_387,train,False
T10_d11_387_b_3.jpg,T10,d11,387,b,3,T10_387,train,False
T10_d11_392_a_4.jpg,T10,d11,392,a,4,T10_392,test,True
T10_d11_392_b_4.jpg,T10,d11,392,b,4,T10_392,test,False
T10_d11_393_a_3.jpg,T10,d11,393,a,3,T10_393,val,False
T10_d11_393_b_3.jpg,T10,d11,393,b,3,T10_393,val,False
T10_d11_395_a_3.jpg,T10,d11,395,a,3,T10_395,test,False
T10_d11_395_b_3.jpg,T10,d11,395,b,3,T10_395,test,False
T10_d11_398_a_4.jpg,T10,d11,398,a,4,T10_398,val,False
T10_d11_398_b_4.jpg,T10,d11,398,b,4,T10_398,val,False
T10_d11_399_a_4.jpg,T10,d11,399,a,4,T10_399,val,False
T10_d11_399_b_4.jpg,T10,d11,399,b,4,T10_399,val,False
T10_d11_400_a_2.jpg,T10,d11,400,a,2,T10_400,train,False
T10_d11_400_b_2.jpg,T10,d11,400,b,2,T10_400,train,False
T10_d11_401_a_2.jpg,T10,d11,401,a,2,T10_401,train,False
T10_d11_401_b_2.jpg,T10,d11,401,b,2,T10_401,train,False
T10_d11_402_a_3.jpg,T10,d11,402,a,3,T10_402,val,True
T10_d11_402_b_3.jpg,T10,d11,402,b,3,T10_402,val,False
T10_d11_405_a_3.jpg,T10,d11,405,a,3,T10_405,train,False
T10_d11_405_b_3.jpg,T10,d11,405,b,3,T10_405,train,False
T10_d11_406_a_3.jpg,T10,d11,406,a,3,T10_406,val,True
T10_d11_406_b_3.jpg,T10,d11,406,b,3,T10_406,val,False
T10_d11_408_a_3.jpg,T10,d11,408,a,3,T10_408,train,False
T10_d11_408_b_3.jpg,T10,d11,408,b,3,T10_408,train,False
T10_d11_410_a_3.jpg,T10,d11,410,a,3,T10_410,train,False
T10_d11_410_b_3.jpg,T10,d11,410,b,3,T10_410,train,False
T10_d11_411_a_3.jpg,T10,d11,411,a,3,T10_411,val,False
T10_d11_411_b_3.jpg,T10,d11,411,b,3,T10_411,val,False
T10_d11_413_a_3.jpg,T10,d11,413,a,3,T10_413,train,False
T10_d11_413_b_3.jpg,T10,d11,413,b,3,T10_413,train,False
T10_d11_414_a_3.jpg,T10,d11,414,a,3,T10_414,train,False
T10_d11_414_b_3.jpg,T10,d11,414,b,3,T10_414,train,True
T10_d11_415_a_3.jpg,T10,d11,415,a,3,T10_415,train,False
T10_d11_415_b_3.jpg,T10,d11,415,b,3,T10_415,train,True
T10_d11_420_a_2.jpg,T10,d11,420,a,2,T10_420,train,False
T10_d11_420_b_2.jpg,T10,d11,420,b,2,T10_420,train,True
T10_d11_422_a_3.jpg,T10,d11,422,a,3,T10_422,train,False
T10_d11_422_b_3.jpg,T10,d11,422,b,3,T10_422,train,True
T10_d11_425_a_2.jpg,T10,d11,425,a,2,T10_425,train,False
T10_d11_425_b_2.jpg,T10,d11,425,b,2,T10_425,train,False
T10_d11_429_a_3.jpg,T10,d11,429,a,3,T10_429,train,False
T10_d11_429_b_3.jpg,T10,d11,429,b,3,T10_429,train,True
T10_d11_430_a_3.jpg,T10,d11,430,a,3,T10_430,val,False
T10_d11_430_b_3.jpg,T10,d11,430,b,3,T10_430,val,False
T10_d11_442_a_2.jpg,T10,d11,442,a,2,T10_442,train,False
T10_d11_442_b_2.jpg,T10,d11,442,b,2,T10_442,train,False
T10_d11_444_a_4.jpg,T10,d11,444,a,4,T10_444,train,False
T10_d11_444_b_4.jpg,T10,d11,444,b,4,T10_444,train,False
T10_d11_445_a_2.jpg,T10,d11,445,a,2,T10_445,train,False
T10_d11_445_b_2.jpg,T10,d11,445,b,2,T10_445,train,False
T10_d11_446_a_3.jpg,T10,d11,446,a,3,T10_446,train,False
T10_d11_446_b_3.jpg,T10,d11,446,b,3,T10_446,train,False
T10_d11_447_a_3.jpg,T10,d11,447,a,3,T10_447,train,False
T10_d11_447_b_3.jpg,T10,d11,447,b,3,T10_447,train,False
T10_d11_448_a_4.jpg,T10,d11,448,a,4,T10_448,train,False
T10_d11_448_b_4.jpg,T10,d11,448,b,4,T10_448,train,False
T10_d11_449_a_3.jpg,T10,d11,449,a,3,T10_449,train,False
T10_d11_449_b_3.jpg,T10,d11,449,b,3,T10_449,train,False
T10_d11_450_a_3.jpg,T10,d11,450,a,3,T10_450,val,False
T10_d11_450_b_3.jpg,T10,d11,450,b,3,T10_450,val,False
T10_d11_451_a_3.jpg,T10,d11,451,a,3,T10_451,val,False
T10_d11_451_b_3.jpg,T10,d11,451,b,3,T10_451,val,False
T10_d11_452_a_2.jpg,T10,d11,452,a,2,T10_452,val,False
T10_d11_452_b_2.jpg,T10,d11,452,b,2,T10_452,val,False
T10_d11_454_a_3.jpg,T10,d11,454,a,3,T10_454,train,False
T10_d11_454_b_3.jpg,T10,d11,454,b,3,T10_454,train,False
T10_d11_458_a_3.jpg,T10,d11,458,a,3,T10_458,train,False
T10_d11_458_b_3.jpg,T10,d11,458,b,3,T10_458,train,False
T10_d11_459_a_3.jpg,T10,d11,459,a,3,T10_459,train,False
T10_d11_459_b_3.jpg,T10,d11,459,b,3,T10_459,train,False
T10_d11_470_a_4.jpg,T10,d11,470,a,4,T10_470,train,False
T10_d11_470_b_4.jpg,T10,d11,470,b,4,T10_470,train,False
T10_d11_471_a_2.jpg,T10,d11,471,a,2,T10_471,test,False
T10_d11_471_b_2.jpg,T10,d11,471,b,2,T10_471,test,False
T10_d11_475_a_3.jpg,T10,d11,475,a,3,T10_475,train,False
T10_d11_475_b_3.jpg,T10,d11,475,b,3,T10_475,train,False
T10_d11_478_a_3.jpg,T10,d11,478,a,3,T10_478,val,False
T10_d11_478_b_3.jpg,T10,d11,478,b,3,T10_478,val,False
T10_d12_002_a_3.jpg,T10,d12,002,a,3,T10_002,train,False
T10_d12_002_b_3.jpg,T10,d12,002,b,3,T10_002,train,False
T10_d12_003_a_3.jpg,T10,d12,003,a,3,T10_003,train,False
T10_d12_003_b_3.jpg,T10,d12,003,b,3,T10_003,train,False
T10_d12_007_a_3.jpg,T10,d12,007,a,3,T10_007,train,False
T10_d12_007_b_3.jpg,T10,d12,007,b,3,T10_007,train,False
T10_d12_011_a_3.jpg,T10,d12,011,a,3,T10_011,train,True
T10_d12_011_b_3.jpg,T10,d12,011,b,3,T10_011,train,False
T10_d12_012_a_4.jpg,T10,d12,012,a,4,T10_012,val,False
T10_d12_012_b_4.jpg,T10,d12,012,b,4,T10_012,val,False
T10_d12_013_a_3.jpg,T10,d12,013,a,3,T10_013,train,False
T10_d12_013_b_3.jpg,T10,d12,013,b,3,T10_013,train,False
T10_d12_014_a_3.jpg,T10,d12,014,a,3,T10_014,val,False
T10_d12_014_b_3.jpg,T10,d12,014,b,3,T10_014,val,False
T10_d12_015_a_3.jpg,T10,d12,015,a,3,T10_015,test,False
T10_d12_015_b_3.jpg,T10,d12,015,b,3,T10_015,test,False
T10_d12_018_a_4.jpg,T10,d12,018,a,4,T10_018,val,False
T10_d12_018_b_4.jpg,T10,d12,018,b,4,T10_018,val,False
T10_d12_021_a_2.jpg,T10,d12,021,a,2,T10_021,train,False
T10_d12_021_b_2.jpg,T10,d12,021,b,2,T10_021,train,False
T10_d12_022_a_3.jpg,T10,d12,022,a,3,T10_022,train,False
T10_d12_022_b_3.jpg,T10,d12,022,b,3,T10_022,train,False
T10_d12_026_a_3.jpg,T10,d12,026,a,3,T10_026,train,False
T10_d12_026_b_3.jpg,T10,d12,026,b,3,T10_026,train,False
T10_d12_027_a_3.jpg,T10,d12,027,a,3,T10_027,train,True
T10_d12_027_b_3.jpg,T10,d12,027,b,3,T10_027,train,False
T10_d12_034_a_3.jpg,T10,d12,034,a,3,T10_034,train,False
T10_d12_034_b_3.jpg,T10,d12,034,b,3,T10_034,train,True
T10_d12_035_a_4.jpg,T10,d12,035,a,4,T10_035,val,False
T10_d12_035_b_4.jpg,T10,d12,035,b,4,T10_035,val,False
T10_d12_041_a_3.jpg,T10,d12,041,a,3,T10_041,val,True
T10_d12_041_b_3.jpg,T10,d12,041,b,3,T10_041,val,False
T10_d12_046_a_3.jpg,T10,d12,046,a,3,T10_046,train,False
T10_d12_046_b_3.jpg,T10,d12,046,b,3,T10_046,train,False
T10_d12_047_a_2.jpg,T10,d12,047,a,2,T10_047,train,False
T10_d12_047_b_2.jpg,T10,d12,047,b,2,T10_047,train,False
T10_d12_048_a_3.jpg,T10,d12,048,a,3,T10_048,train,False
T10_d12_048_b_3.jpg,T10,d12,048,b,3,T10_048,train,False
T10_d12_055_a_3.jpg,T10,d12,055,a,3,T10_055,train,False
T10_d12_055_b_3.jpg,T10,d12,055,b,3,T10_055,train,False
T10_d12_058_a_3.jpg,T10,d12,058,a,3,T10_058,val,False
T10_d12_058_b_3.jpg,T10,d12,058,b,3,T10_058,val,False
T10_d12_061_a_3.jpg,T10,d12,061,a,3,T10_061,train,False
T10_d12_061_b_3.jpg,T10,d12,061,b,3,T10_061,train,False
T10_d12_065_a_4.jpg,T10,d12,065,a,4,T10_065,val,False
T10_d12_065_b_4.jpg,T10,d12,065,b,4,T10_065,val,False
T10_d12_067_a_2.jpg,T10,d12,067,a,2,T10_067,train,False
T10_d12_067_b_2.jpg,T10,d12,067,b,2,T10_067,train,False
T10_d12_069_a_3.jpg,T10,d12,069,a,3,T10_069,train,False
T10_d12_069_b_3.jpg,T10,d12,069,b,3,T10_069,train,False
T10_d12_072_a_3.jpg,T10,d12,072,a,3,T10_072,val,True
T10_d12_072_b_3.jpg,T10,d12,072,b,3,T10_072,val,False
T10_d12_080_a_3.jpg,T10,d12,080,a,3,T10_080,val,False
T10_d12_080_b_3.jpg,T10,d12,080,b,3,T10_080,val,False
T10_d12_083_a_3.jpg,T10,d12,083,a,3,T10_083,train,True
T10_d12_083_b_3.jpg,T10,d12,083,b,3,T10_083,train,False
T10_d12_087_a_3.jpg,T10,d12,087,a,3,T10_087,val,True
T10_d12_087_b_3.jpg,T10,d12,087,b,3,T10_087,val,False
T10_d12_089_a_3.jpg,T10,d12,089,a,3,T10_089,train,False
T10_d12_089_b_3.jpg,T10,d12,089,b,3,T10_089,train,False
T10_d12_092_a_3.jpg,T10,d12,092,a,3,T10_092,test,False
T10_d12_092_b_3.jpg,T10,d12,092,b,3,T10_092,test,False
T10_d12_093_a_3.jpg,T10,d12,093,a,3,T10_093,train,False
T10_d12_093_b_3.jpg,T10,d12,093,b,3,T10_093,train,False
T10_d12_094_a_3.jpg,T10,d12,094,a,3,T10_094,train,False
T10_d12_094_b_3.jpg,T10,d12,094,b,3,T10_094,train,False
T10_d12_096_a_2.jpg,T10,d12,096,a,2,T10_096,train,True
T10_d12_096_b_2.jpg,T10,d12,096,b,2,T10_096,train,False
T10_d12_097_a_2.jpg,T10,d12,097,a,2,T10_097,train,True
T10_d12_097_b_2.jpg,T10,d12,097,b,2,T10_097,train,False
T10_d12_098_a_3.jpg,T10,d12,098,a,3,T10_098,train,False
T10_d12_098_b_3.jpg,T10,d12,098,b,3,T10_098,train,False
T10_d12_099_a_3.jpg,T10,d12,099,a,3,T10_099,train,False
T10_d12_099_b_3.jpg,T10,d12,099,b,3,T10_099,train,False
T10_d12_108_a_3.jpg,T10,d12,108,a,3,T10_108,train,True
T10_d12_108_b_3.jpg,T10,d12,108,b,3,T10_108,train,False
T10_d12_110_a_3.jpg,T10,d12,110,a,3,T10_110,train,False
T10_d12_110_b_3.jpg,T10,d12,110,b,3,T10_110,train,False
T10_d12_111_a_2.jpg,T10,d12,111,a,2,T10_111,val,False
T10_d12_111_b_2.jpg,T10,d12,111,b,2,T10_111,val,False
T10_d12_113_a_3.jpg,T10,d12,113,a,3,T10_113,train,False
T10_d12_113_b_3.jpg,T10,d12,113,b,3,T10_113,train,False
T10_d12_118_a_3.jpg,T10,d12,118,a,3,T10_118,train,False
T10_d12_118_b_3.jpg,T10,d12,118,b,3,T10_118,train,False
T10_d12_122_a_3.jpg,T10,d12,122,a,3,T10_122,train,False
T10_d12_122_b_3.jpg,T10,d12,122,b,3,T10_122,train,False
T10_d12_125_a_3.jpg,T10,d12,125,a,3,T10_125,train,False
T10_d12_125_b_3.jpg,T10,d12,125,b,3,T10_125,train,False
T10_d12_128_a_2.jpg,T10,d12,128,a,2,T10_128,train,True
T10_d12_128_b_2.jpg,T10,d12,128,b,2,T10_128,train,False
T10_d12_129_a_3.jpg,T10,d12,129,a,3,T10_129,train,False
T10_d12_129_b_3.jpg,T10,d12,129,b,3,T10_129,train,True
T10_d12_130_a_3.jpg,T10,d12,130,a,3,T10_130,train,False
T10_d12_130_b_3.jpg,T10,d12,130,b,3,T10_130,train,True
T10_d12_131_a_3.jpg,T10,d12,131,a,3,T10_131,train,False
T10_d12_131_b_3.jpg,T10,d12,131,b,3,T10_131,train,False
T10_d12_133_a_3.jpg,T10,d12,133,a,3,T10_133,train,False
T10_d12_133_b_3.jpg,T10,d12,133,b,3,T10_133,train,False
T10_d12_136_a_3.jpg,T10,d12,136,a,3,T10_136,val,False
T10_d12_136_b_3.jpg,T10,d12,136,b,3,T10_136,val,False
T10_d12_138_a_3.jpg,T10,d12,138,a,3,T10_138,train,False
T10_d12_138_b_3.jpg,T10,d12,138,b,3,T10_138,train,False
T10_d12_145_a_2.jpg,T10,d12,145,a,2,T10_145,train,True
T10_d12_145_b_2.jpg,T10,d12,145,b,2,T10_145,train,False
T10_d12_149_a_3.jpg,T10,d12,149,a,3,T10_149,train,False
T10_d12_149_b_3.jpg,T10,d12,149,b,3,T10_149,train,False
T10_d12_152_a_3.jpg,T10,d12,152,a,3,T10_152,train,False
T10_d12_152_b_3.jpg,T10,d12,152,b,3,T10_152,train,False
T10_d12_156_a_3.jpg,T10,d12,156,a,3,T10_156,train,False
T10_d12_156_b_3.jpg,T10,d12,156,b,3,T10_156,train,False
T10_d12_162_a_3.jpg,T10,d12,162,a,3,T10_162,test,False
T10_d12_162_b_3.jpg,T10,d12,162,b,3,T10_162,test,False
T10_d12_163_a_3.jpg,T10,d12,163,a,3,T10_163,train,False
T10_d12_163_b_3.jpg,T10,d12,163,b,3,T10_163,train,False
T10_d12_165_a_3.jpg,T10,d12,165,a,3,T10_165,train,False
T10_d12_165_b_3.jpg,T10,d12,165,b,3,T10_165,train,False
T10_d12_166_a_3.jpg,T10,d12,166,a,3,T10_166,train,False
T10_d12_166_b_3.jpg,T10,d12,166,b,3,T10_166,train,False
T10_d12_167_a_3.jpg,T10,d12,167,a,3,T10_167,train,False
T10_d12_167_b_3.jpg,T10,d12,167,b,3,T10_167,train,False
T10_d12_168_a_4.jpg,T10,d12,168,a,4,T10_168,train,False
T10_d12_168_b_4.jpg,T10,d12,168,b,4,T10_168,train,False
T10_d12_172_a_3.jpg,T10,d12,172,a,3,T10_172,train,False
T10_d12_172_b_3.jpg,T10,d12,172,b,3,T10_172,train,False
T10_d12_181_a_3.jpg,T10,d12,181,a,3,T10_181,train,False
T10_d12_181_b_3.jpg,T10,d12,181,b,3,T10_181,train,False
T10_d12_186_a_3.jpg,T10,d12,186,a,3,T10_186,val,False
T10_d12_186_b_3.jpg,T10,d12,186,b,3,T10_186,val,False
T10_d12_193_a_3.jpg,T10,d12,193,a,3,T10_193,train,False
T10_d12_193_b_3.jpg,T10,d12,193,b,3,T10_193,train,False
T10_d12_194_a_3.jpg,T10,d12,194,a,3,T10_194,train,False
T10_d12_194_b_3.jpg,T10,d12,194,b,3,T10_194,train,False
T10_d12_196_a_3.jpg,T10,d12,196,a,3,T10_196,train,False
T10_d12_196_b_3.jpg,T10,d12,196,b,3,T10_196,train,False
T10_d12_202_a_3.jpg,T10,d12,202,a,3,T10_202,train,False
T10_d12_202_b_3.jpg,T10,d12,202,b,3,T10_202,train,False
T10_d12_204_a_3.jpg,T10,d12,204,a,3,T10_204,train,False
T10_d12_204_b_3.jpg,T10,d12,204,b,3,T10_204,train,False
T10_d12_206_a_3.jpg,T10,d12,206,a,3,T10_206,train,False
T10_d12_206_b_3.jpg,T10,d12,206,b,3,T10_206,train,False
T10_d12_211_a_2.jpg,T10,d12,211,a,2,T10_211,train,False
T10_d12_211_b_2.jpg,T10,d12,211,b,2,T10_211,train,False
T10_d12_213_a_3.jpg,T10,d12,213,a,3,T10_213,train,False
T10_d12_213_b_3.jpg,T10,d12,213,b,3,T10_213,train,True
T10_d12_215_a_3.jpg,T10,d12,215,a,3,T10_215,train,False
T10_d12_215_b_3.jpg,T10,d12,215,b,3,T10_215,train,False
T10_d12_217_a_3.jpg,T10,d12,217,a,3,T10_217,train,False
T10_d12_217_b_3.jpg,T10,d12,217,b,3,T10_217,train,False
T10_d12_219_a_3.jpg,T10,d12,219,a,3,T10_219,test,False
T10_d12_219_b_3.jpg,T10,d12,219,b,3,T10_219,test,False
T10_d12_220_a_3.jpg,T10,d12,220,a,3,T10_220,val,True
T10_d12_220_b_3.jpg,T10,d12,220,b,3,T10_220,val,False
T10_d12_221_a_3.jpg,T10,d12,221,a,3,T10_221,train,False
T10_d12_221_b_3.jpg,T10,d12,221,b,3,T10_221,train,False
T10_d12_223_a_2.jpg,T10,d12,223,a,2,T10_223,train,False
T10_d12_223_b_2.jpg,T10,d12,223,b,2,T10_223,train,False
T10_d12_227_a_5.jpg,T10,d12,227,a,5,T10_227,train,True
T10_d12_227_b_5.jpg,T10,d12,227,b,5,T10_227,train,False
T10_d12_229_a_3.jpg,T10,d12,229,a,3,T10_229,train,False
T10_d12_229_b_3.jpg,T10,d12,229,b,3,T10_229,train,False
T10_d12_233_a_3.jpg,T10,d12,233,a,3,T10_233,train,False
T10_d12_233_b_3.jpg,T10,d12,233,b,3,T10_233,train,False
T10_d12_234_a_3.jpg,T10,d12,234,a,3,T10_234,train,False
T10_d12_234_b_3.jpg,T10,d12,234,b,3,T10_234,train,False
T10_d12_236_a_2.jpg,T10,d12,236,a,2,T10_236,train,False
T10_d12_236_b_2.jpg,T10,d12,236,b,2,T10_236,train,False
T10_d12_237_a_3.jpg,T10,d12,237,a,3,T10_237,train,False
T10_d12_237_b_3.jpg,T10,d12,237,b,3,T10_237,train,False
T10_d12_243_a_2.jpg,T10,d12,243,a,2,T10_243,train,False
T10_d12_243_b_2.jpg,T10,d12,243,b,2,T10_243,train,False
T10_d12_245_a_3.jpg,T10,d12,245,a,3,T10_245,train,False
T10_d12_245_b_3.jpg,T10,d12,245,b,3,T10_245,train,True
T10_d12_250_a_3.jpg,T10,d12,250,a,3,T10_250,train,True
T10_d12_250_b_3.jpg,T10,d12,250,b,3,T10_250,train,False
T10_d12_252_a_2.jpg,T10,d12,252,a,2,T10_252,train,False
T10_d12_252_b_2.jpg,T10,d12,252,b,2,T10_252,train,False
T10_d12_253_a_3.jpg,T10,d12,253,a,3,T10_253,val,False
T10_d12_253_b_3.jpg,T10,d12,253,b,3,T10_253,val,False
T10_d12_254_a_3.jpg,T10,d12,254,a,3,T10_254,val,False
T10_d12_254_b_3.jpg,T10,d12,254,b,3,T10_254,val,False
T10_d12_262_a_2.jpg,T10,d12,262,a,2,T10_262,train,False
T10_d12_262_b_2.jpg,T10,d12,262,b,2,T10_262,train,False
T10_d12_266_a_3.jpg,T10,d12,266,a,3,T10_266,train,True
T10_d12_266_b_3.jpg,T10,d12,266,b,3,T10_266,train,False
T10_d12_269_a_3.jpg,T10,d12,269,a,3,T10_269,train,False
T10_d12_269_b_3.jpg,T10,d12,269,b,3,T10_269,train,False
T10_d12_274_a_3.jpg,T10,d12,274,a,3,T10_274,nuevo,False
T10_d12_274_b_3.jpg,T10,d12,274,b,3,T10_274,nuevo,False
T10_d12_275_a_3.jpg,T10,d12,275,a,3,T10_275,test,True
T10_d12_275_b_3.jpg,T10,d12,275,b,3,T10_275,test,False
T10_d12_276_a_3.jpg,T10,d12,276,a,3,T10_276,train,False
T10_d12_276_b_3.jpg,T10,d12,276,b,3,T10_276,train,True
T10_d12_282_a_3.jpg,T10,d12,282,a,3,T10_282,train,False
T10_d12_282_b_3.jpg,T10,d12,282,b,3,T10_282,train,False
T10_d12_283_a_4.jpg,T10,d12,283,a,4,T10_283,train,False
T10_d12_283_b_4.jpg,T10,d12,283,b,4,T10_283,train,False
T10_d12_284_a_3.jpg,T10,d12,284,a,3,T10_284,train,False
T10_d12_284_b_3.jpg,T10,d12,284,b,3,T10_284,train,False
T10_d12_290_a_4.jpg,T10,d12,290,a,4,T10_290,train,False
T10_d12_290_b_4.jpg,T10,d12,290,b,4,T10_290,train,False
T10_d12_292_a_3.jpg,T10,d12,292,a,3,T10_292,val,False
T10_d12_292_b_3.jpg,T10,d12,292,b,3,T10_292,val,False
T10_d12_294_a_5.jpg,T10,d12,294,a,5,T10_294,train,False
T10_d12_294_b_5.jpg,T10,d12,294,b,5,T10_294,train,False
T10_d12_295_a_3.jpg,T10,d12,295,a,3,T10_295,train,False
T10_d12_295_b_3.jpg,T10,d12,295,b,3,T10_295,train,False
T10_d12_296_a_3.jpg,T10,d12,296,a,3,T10_296,train,False
T10_d12_296_b_3.jpg,T10,d12,296,b,3,T10_296,train,False
T10_d12_306_a_3.jpg,T10,d12,306,a,3,T10_306,train,False
T10_d12_306_b_3.jpg,T10,d12,306,b,3,T10_306,train,False
T10_d12_310_a_3.jpg,T10,d12,310,a,3,T10_310,val,False
T10_d12_310_b_3.jpg,T10,d12,310,b,3,T10_310,val,False
T10_d12_314_a_3.jpg,T10,d12,314,a,3,T10_314,nuevo,False
T10_d12_314_b_3.jpg,T10,d12,314,b,3,T10_314,nuevo,False
T10_d12_315_a_2.jpg,T10,d12,315,a,2,T10_315,train,False
T10_d12_315_b_2.jpg,T10,d12,315,b,2,T10_315,train,False
T10_d12_326_a_3.jpg,T10,d12,326,a,3,T10_326,train,False
T10_d12_326_b_3.jpg,T10,d12,326,b,3,T10_326,train,False
T10_d12_327_a_3.jpg,T10,d12,327,a,3,T10_327,train,False
T10_d12_327_b_3.jpg,T10,d12,327,b,3,T10_327,train,False
T10_d12_328_a_3.jpg,T10,d12,328,a,3,T10_328,train,False
T10_d12_328_b_3.jpg,T10,d12,328,b,3,T10_328,train,False
T10_d12_330_a_2.jpg,T10,d12,330,a,2,T10_330,train,True
T10_d12_330_b_2.jpg,T10,d12,330,b,2,T10_330,train,False
T10_d12_331_a_4.jpg,T10,d12,331,a,4,T10_331,test,False
T10_d12_331_b_4.jpg,T10,d12,331,b,4,T10_331,test,False
T10_d12_333_a_3.jpg,T10,d12,333,a,3,T10_333,train,False
T10_d12_333_b_3.jpg,T10,d12,333,b,3,T10_333,train,False
T10_d12_336_a_4.jpg,T10,d12,336,a,4,T10_336,train,False
T10_d12_336_b_4.jpg,T10,d12,336,b,4,T10_336,train,False
T10_d12_337_a_3.jpg,T10,d12,337,a,3,T10_337,train,False
T10_d12_337_b_3.jpg,T10,d12,337,b,3,T10_337,train,False
T10_d12_338_a_3.jpg,T10,d12,338,a,3,T10_338,train,False
T10_d12_338_b_3.jpg,T10,d12,338,b,3,T10_338,train,False
T10_d12_349_a_3.jpg,T10,d12,349,a,3,T10_349,train,False
T10_d12_349_b_3.jpg,T10,d12,349,b,3,T10_349,train,False
T10_d12_350_a_3.jpg,T10,d12,350,a,3,T10_350,train,False
T10_d12_350_b_3.jpg,T10,d12,350,b,3,T10_350,train,False
T10_d12_351_a_2.jpg,T10,d12,351,a,2,T10_351,train,False
T10_d12_351_b_2.jpg,T10,d12,351,b,2,T10_351,train,False
T10_d12_353_a_3.jpg,T10,d12,353,a,3,T10_353,val,False
T10_d12_353_b_3.jpg,T10,d12,353,b,3,T10_353,val,False
T10_d12_355_a_3.jpg,T10,d12,355,a,3,T10_355,train,False
T10_d12_355_b_3.jpg,T10,d12,355,b,3,T10_355,train,False
T10_d12_357_a_3.jpg,T10,d12,357,a,3,T10_357,train,False
T10_d12_357_b_3.jpg,T10,d12,357,b,3,T10_357,train,False
T10_d12_366_a_3.jpg,T10,d12,366,a,3,T10_366,train,False
T10_d12_366_b_3.jpg,T10,d12,366,b,3,T10_366,train,False
T10_d12_367_a_3.jpg,T10,d12,367,a,3,T10_367,train,False
T10_d12_367_b_3.jpg,T10,d12,367,b,3,T10_367,train,False
T10_d12_368_a_3.jpg,T10,d12,368,a,3,T10_368,val,False
T10_d12_368_b_3.jpg,T10,d12,368,b,3,T10_368,val,False
T10_d12_372_a_3.jpg,T10,d12,372,a,3,T10_372,train,False
T10_d12_372_b_3.jpg,T10,d12,372,b,3,T10_372,train,False
T10_d12_375_a_3.jpg,T10,d12,375,a,3,T10_375,val,False
T10_d12_375_b_3.jpg,T10,d12,375,b,3,T10_375,val,False
T10_d12_376_a_3.jpg,T10,d12,376,a,3,T10_376,train,False
T10_d12_376_b_3.jpg,T10,d12,376,b,3,T10_376,train,False
T10_d12_377_a_3.jpg,T10,d12,377,a,3,T10_377,train,False
T10_d12_377_b_3.jpg,T10,d12,377,b,3,T10_377,train,False
T10_d12_381_a_3.jpg,T10,d12,381,a,3,T10_381,train,False
T10_d12_381_b_3.jpg,T10,d12,381,b,3,T10_381,train,False
T10_d12_382_a_3.jpg,T10,d12,382,a,3,T10_382,train,False
T10_d12_382_b_3.jpg,T10,d12,382,b,3,T10_382,train,True
T10_d12_385_a_3.jpg,T10,d12,385,a,3,T10_385,val,True
T10_d12_385_b_3.jpg,T10,d12,385,b,3,T10_385,val,False
T10_d12_387_a_3.jpg,T10,d12,387,a,3,T10_387,train,False
T10_d12_387_b_3.jpg,T10,d12,387,b,3,T10_387,train,False
T10_d12_392_a_4.jpg,T10,d12,392,a,4,T10_392,test,False
T10_d12_392_b_4.jpg,T10,d12,392,b,4,T10_392,test,False
T10_d12_393_a_3.jpg,T10,d12,393,a,3,T10_393,val,True
T10_d12_393_b_3.jpg,T10,d12,393,b,3,T10_393,val,False
T10_d12_395_a_3.jpg,T10,d12,395,a,3,T10_395,test,False
T10_d12_395_b_3.jpg,T10,d12,395,b,3,T10_395,test,False
T10_d12_398_a_4.jpg,T10,d12,398,a,4,T10_398,val,False
T10_d12_398_b_4.jpg,T10,d12,398,b,4,T10_398,val,False
T10_d12_399_a_4.jpg,T10,d12,399,a,4,T10_399,val,False
T10_d12_399_b_4.jpg,T10,d12,399,b,4,T10_399,val,False
T10_d12_400_a_2.jpg,T10,d12,400,a,2,T10_400,train,False
T10_d12_400_b_2.jpg,T10,d12,400,b,2,T10_400,train,True
T10_d12_401_a_3.jpg,T10,d12,401,a,3,T10_401,train,False
T10_d12_401_b_3.jpg,T10,d12,401,b,3,T10_401,train,False
T10_d12_402_a_3.jpg,T10,d12,402,a,3,T10_402,val,False
T10_d12_402_b_3.jpg,T10,d12,402,b,3,T10_402,val,False
T10_d12_405_a_3.jpg,T10,d12,405,a,3,T10_405,train,False
T10_d12_405_b_3.jpg,T10,d12,405,b,3,T10_405,train,False
T10_d12_406_a_3.jpg,T10,d12,406,a,3,T10_406,val,False
T10_d12_406_b_3.jpg,T10,d12,406,b,3,T10_406,val,False
T10_d12_408_a_3.jpg,T10,d12,408,a,3,T10_408,train,False
T10_d12_408_b_3.jpg,T10,d12,408,b,3,T10_408,train,False
T10_d12_410_a_3.jpg,T10,d12,410,a,3,T10_410,train,False
T10_d12_410_b_3.jpg,T10,d12,410,b,3,T10_410,train,False
T10_d12_411_a_3.jpg,T10,d12,411,a,3,T10_411,val,False
T10_d12_411_b_3.jpg,T10,d12,411,b,3,T10_411,val,False
T10_d12_413_a_3.jpg,T10,d12,413,a,3,T10_413,train,False
T10_d12_413_b_3.jpg,T10,d12,413,b,3,T10_413,train,False
T10_d12_414_a_3.jpg,T10,d12,414,a,3,T10_414,train,False
T10_d12_414_b_3.jpg,T10,d12,414,b,3,T10_414,train,False
T10_d12_415_a_3.jpg,T10,d12,415,a,3,T10_415,train,False
T10_d12_415_b_3.jpg,T10,d12,415,b,3,T10_415,train,True
T10_d12_420_a_2.jpg,T10,d12,420,a,2,T10_420,train,False
T10_d12_420_b_2.jpg,T10,d12,420,b,2,T10_420,train,False
T10_d12_422_a_3.jpg,T10,d12,422,a,3,T10_422,train,False
T10_d12_422_b_3.jpg,T10,d12,422,b,3,T10_422,train,False
T10_d12_425_a_2.jpg,T10,d12,425,a,2,T10_425,train,True
T10_d12_425_b_2.jpg,T10,d12,425,b,2,T10_425,train,False
T10_d12_429_a_3.jpg,T10,d12,429,a,3,T10_429,train,True
T10_d12_429_b_3.jpg,T10,d12,429,b,3,T10_429,train,False
T10_d12_430_a_3.jpg,T10,d12,430,a,3,T10_430,val,False
T10_d12_430_b_3.jpg,T10,d12,430,b,3,T10_430,val,False
T10_d12_442_a_2.jpg,T10,d12,442,a,2,T10_442,train,False
T10_d12_442_b_2.jpg,T10,d12,442,b,2,T10_442,train,True
T10_d12_444_a_4.jpg,T10,d12,444,a,4,T10_444,train,False
T10_d12_444_b_4.jpg,T10,d12,444,b,4,T10_444,train,False
T10_d12_445_a_2.jpg,T10,d12,445,a,2,T10_445,train,False
T10_d12_445_b_2.jpg,T10,d12,445,b,2,T10_445,train,False
T10_d12_446_a_3.jpg,T10,d12,446,a,3,T10_446,train,False
T10_d12_446_b_3.jpg,T10,d12,446,b,3,T10_446,train,False
T10_d12_447_a_3.jpg,T10,d12,447,a,3,T10_447,train,False
T10_d12_447_b_3.jpg,T10,d12,447,b,3,T10_447,train,False
T10_d12_448_a_4.jpg,T10,d12,448,a,4,T10_448,train,False
T10_d12_448_b_4.jpg,T10,d12,448,b,4,T10_448,train,False
T10_d12_449_a_3.jpg,T10,d12,449,a,3,T10_449,train,False
T10_d12_449_b_3.jpg,T10,d12,449,b,3,T10_449,train,False
T10_d12_450_a_3.jpg,T10,d12,450,a,3,T10_450,val,True
T10_d12_450_b_3.jpg,T10,d12,450,b,3,T10_450,val,True
T10_d12_451_a_3.jpg,T10,d12,451,a,3,T10_451,val,False
T10_d12_451_b_3.jpg,T10,d12,451,b,3,T10_451,val,False
T10_d12_452_a_2.jpg,T10,d12,452,a,2,T10_452,val,False
T10_d12_452_b_2.jpg,T10,d12,452,b,2,T10_452,val,False
T10_d12_454_a_3.jpg,T10,d12,454,a,3,T10_454,train,False
T10_d12_454_b_3.jpg,T10,d12,454,b,3,T10_454,train,False
T10_d12_458_a_3.jpg,T10,d12,458,a,3,T10_458,train,False
T10_d12_458_b_3.jpg,T10,d12,458,b,3,T10_458,train,True
T10_d12_459_a_3.jpg,T10,d12,459,a,3,T10_459,train,True
T10_d12_459_b_3.jpg,T10,d12,459,b,3,T10_459,train,False
T10_d12_470_a_4.jpg,T10,d12,470,a,4,T10_470,train,False
T10_d12_470_b_4.jpg,T10,d12,470,b,4,T10_470,train,False
T10_d12_471_a_2.jpg,T10,d12,471,a,2,T10_471,test,False
T10_d12_471_b_2.jpg,T10,d12,471,b,2,T10_471,test,True
T10_d12_475_a_3.jpg,T10,d12,475,a,3,T10_475,train,False
T10_d12_475_b_3.jpg,T10,d12,475,b,3,T10_475,train,False
T10_d12_478_a_3.jpg,T10,d12,478,a,3,T10_478,val,False
T10_d12_478_b_3.jpg,T10,d12,478,b,3,T10_478,val,False
T10_d13_002_a_3.jpg,T10,d13,002,a,3,T10_002,train,False
T10_d13_002_b_3.jpg,T10,d13,002,b,3,T10_002,train,False
T10_d13_003_a_4.jpg,T10,d13,003,a,4,T10_003,train,False
T10_d13_003_b_4.jpg,T10,d13,003,b,4,T10_003,train,False
T10_d13_007_a_3.jpg,T10,d13,007,a,3,T10_007,train,False
T10_d13_007_b_3.jpg,T10,d13,007,b,3,T10_007,train,True
T10_d13_011_a_3.jpg,T10,d13,011,a,3,T10_011,train,False
T10_d13_011_b_3.jpg,T10,d13,011,b,3,T10_011,train,False
T10_d13_012_a_4.jpg,T10,d13,012,a,4,T10_012,val,False
T10_d13_012_b_4.jpg,T10,d13,012,b,4,T10_012,val,False
T10_d13_013_a_3.jpg,T10,d13,013,a,3,T10_013,train,False
T10_d13_013_b_3.jpg,T10,d13,013,b,3,T10_013,train,True
T10_d13_014_a_3.jpg,T10,d13,014,a,3,T10_014,val,False
T10_d13_014_b_3.jpg,T10,d13,014,b,3,T10_014,val,False
T10_d13_015_a_3.jpg,T10,d13,015,a,3,T10_015,test,False
T10_d13_015_b_3.jpg,T10,d13,015,b,3,T10_015,test,False
T10_d13_018_a_4.jpg,T10,d13,018,a,4,T10_018,val,False
T10_d13_018_b_4.jpg,T10,d13,018,b,4,T10_018,val,False
T10_d13_021_a_2.jpg,T10,d13,021,a,2,T10_021,train,False
T10_d13_021_b_2.jpg,T10,d13,021,b,2,T10_021,train,False
T10_d13_022_a_3.jpg,T10,d13,022,a,3,T10_022,train,False
T10_d13_022_b_3.jpg,T10,d13,022,b,3,T10_022,train,False
T10_d13_026_a_4.jpg,T10,d13,026,a,4,T10_026,train,False
T10_d13_026_b_4.jpg,T10,d13,026,b,4,T10_026,train,False
T10_d13_027_a_3.jpg,T10,d13,027,a,3,T10_027,train,False
T10_d13_027_b_3.jpg,T10,d13,027,b,3,T10_027,train,False
T10_d13_034_a_4.jpg,T10,d13,034,a,4,T10_034,train,False
T10_d13_034_b_4.jpg,T10,d13,034,b,4,T10_034,train,False
T10_d13_035_a_4.jpg,T10,d13,035,a,4,T10_035,val,False
T10_d13_035_b_4.jpg,T10,d13,035,b,4,T10_035,val,False
T10_d13_041_a_3.jpg,T10,d13,041,a,3,T10_041,val,False
T10_d13_041_b_3.jpg,T10,d13,041,b,3,T10_041,val,False
T10_d13_046_a_3.jpg,T10,d13,046,a,3,T10_046,train,False
T10_d13_046_b_3.jpg,T10,d13,046,b,3,T10_046,train,False
T10_d13_047_a_2.jpg,T10,d13,047,a,2,T10_047,train,False
T10_d13_047_b_2.jpg,T10,d13,047,b,2,T10_047,train,False
T10_d13_048_a_3.jpg,T10,d13,048,a,3,T10_048,train,False
T10_d13_048_b_3.jpg,T10,d13,048,b,3,T10_048,train,False
T10_d13_055_a_3.jpg,T10,d13,055,a,3,T10_055,train,False
T10_d13_055_b_3.jpg,T10,d13,055,b,3,T10_055,train,False
T10_d13_058_a_3.jpg,T10,d13,058,a,3,T10_058,val,False
T10_d13_058_b_3.jpg,T10,d13,058,b,3,T10_058,val,False
T10_d13_061_a_3.jpg,T10,d13,061,a,3,T10_061,train,False
T10_d13_061_b_3.jpg,T10,d13,061,b,3,T10_061,train,False
T10_d13_065_a_4.jpg,T10,d13,065,a,4,T10_065,val,False
T10_d13_065_b_4.jpg,T10,d13,065,b,4,T10_065,val,False
T10_d13_067_a_3.jpg,T10,d13,067,a,3,T10_067,train,False
T10_d13_067_b_3.jpg,T10,d13,067,b,3,T10_067,train,False
T10_d13_069_a_4.jpg,T10,d13,069,a,4,T10_069,train,False
T10_d13_069_b_4.jpg,T10,d13,069,b,4,T10_069,train,False
T10_d13_072_a_3.jpg,T10,d13,072,a,3,T10_072,val,False
T10_d13_072_b_3.jpg,T10,d13,072,b,3,T10_072,val,False
T10_d13_080_a_3.jpg,T10,d13,080,a,3,T10_080,val,False
T10_d13_080_b_3.jpg,T10,d13,080,b,3,T10_080,val,False
T10_d13_083_a_3.jpg,T10,d13,083,a,3,T10_083,train,False
T10_d13_083_b_3.jpg,T10,d13,083,b,3,T10_083,train,False
T10_d13_087_a_4.jpg,T10,d13,087,a,4,T10_087,val,False
T10_d13_087_b_4.jpg,T10,d13,087,b,4,T10_087,val,False
T10_d13_089_a_3.jpg,T10,d13,089,a,3,T10_089,train,False
T10_d13_089_b_3.jpg,T10,d13,089,b,3,T10_089,train,False
T10_d13_092_a_3.jpg,T10,d13,092,a,3,T10_092,test,False
T10_d13_092_b_3.jpg,T10,d13,092,b,3,T10_092,test,False
T10_d13_093_a_3.jpg,T10,d13,093,a,3,T10_093,train,False
T10_d13_093_b_3.jpg,T10,d13,093,b,3,T10_093,train,False
T10_d13_094_a_3.jpg,T10,d13,094,a,3,T10_094,train,False
T10_d13_094_b_3.jpg,T10,d13,094,b,3,T10_094,train,False
T10_d13_096_a_2.jpg,T10,d13,096,a,2,T10_096,train,False
T10_d13_096_b_2.jpg,T10,d13,096,b,2,T10_096,train,True
T10_d13_097_a_3.jpg,T10,d13,097,a,3,T10_097,train,False
T10_d13_097_b_3.jpg,T10,d13,097,b,3,T10_097,train,False
T10_d13_098_a_3.jpg,T10,d13,098,a,3,T10_098,train,False
T10_d13_098_b_3.jpg,T10,d13,098,b,3,T10_098,train,False
T10_d13_099_a_3.jpg,T10,d13,099,a,3,T10_099,train,False
T10_d13_099_b_3.jpg,T10,d13,099,b,3,T10_099,train,False
T10_d13_108_a_3.jpg,T10,d13,108,a,3,T10_108,train,False
T10_d13_108_b_3.jpg,T10,d13,108,b,3,T10_108,train,False
T10_d13_110_a_3.jpg,T10,d13,110,a,3,T10_110,train,False
T10_d13_110_b_3.jpg,T10,d13,110,b,3,T10_110,train,False
T10_d13_111_a_3.jpg,T10,d13,111,a,3,T10_111,val,False
T10_d13_111_b_3.jpg,T10,d13,111,b,3,T10_111,val,False
T10_d13_113_a_3.jpg,T10,d13,113,a,3,T10_113,train,False
T10_d13_113_b_3.jpg,T10,d13,113,b,3,T10_113,train,False
T10_d13_118_a_3.jpg,T10,d13,118,a,3,T10_118,train,False
T10_d13_118_b_3.jpg,T10,d13,118,b,3,T10_118,train,False
T10_d13_122_a_3.jpg,T10,d13,122,a,3,T10_122,train,False
T10_d13_122_b_3.jpg,T10,d13,122,b,3,T10_122,train,False
T10_d13_125_a_3.jpg,T10,d13,125,a,3,T10_125,train,False
T10_d13_125_b_3.jpg,T10,d13,125,b,3,T10_125,train,True
T10_d13_128_a_2.jpg,T10,d13,128,a,2,T10_128,train,False
T10_d13_128_b_2.jpg,T10,d13,128,b,2,T10_128,train,False
T10_d13_129_a_3.jpg,T10,d13,129,a,3,T10_129,train,False
T10_d13_129_b_3.jpg,T10,d13,129,b,3,T10_129,train,False
T10_d13_130_a_3.jpg,T10,d13,130,a,3,T10_130,train,False
T10_d13_130_b_3.jpg,T10,d13,130,b,3,T10_130,train,False
T10_d13_131_a_3.jpg,T10,d13,131,a,3,T10_131,train,True
T10_d13_131_b_3.jpg,T10,d13,131,b,3,T10_131,train,False
T10_d13_133_a_3.jpg,T10,d13,133,a,3,T10_133,train,False
T10_d13_133_b_3.jpg,T10,d13,133,b,3,T10_133,train,False
T10_d13_136_a_3.jpg,T10,d13,136,a,3,T10_136,val,False
T10_d13_136_b_3.jpg,T10,d13,136,b,3,T10_136,val,False
T10_d13_138_a_3.jpg,T10,d13,138,a,3,T10_138,train,True
T10_d13_138_b_3.jpg,T10,d13,138,b,3,T10_138,train,False
T10_d13_145_a_2.jpg,T10,d13,145,a,2,T10_145,train,False
T10_d13_145_b_2.jpg,T10,d13,145,b,2,T10_145,train,True
T10_d13_149_a_3.jpg,T10,d13,149,a,3,T10_149,train,False
T10_d13_149_b_3.jpg,T10,d13,149,b,3,T10_149,train,True
T10_d13_152_a_3.jpg,T10,d13,152,a,3,T10_152,train,False
T10_d13_152_b_3.jpg,T10,d13,152,b,3,T10_152,train,False
T10_d13_156_a_3.jpg,T10,d13,156,a,3,T10_156,train,False
T10_d13_156_b_3.jpg,T10,d13,156,b,3,T10_156,train,False
T10_d13_162_a_3.jpg,T10,d13,162,a,3,T10_162,test,False
T10_d13_162_b_3.jpg,T10,d13,162,b,3,T10_162,test,False
T10_d13_163_a_3.jpg,T10,d13,163,a,3,T10_163,train,False
T10_d13_163_b_3.jpg,T10,d13,163,b,3,T10_163,train,False
T10_d13_165_a_3.jpg,T10,d13,165,a,3,T10_165,train,False
T10_d13_165_b_3.jpg,T10,d13,165,b,3,T10_165,train,False
T10_d13_166_a_3.jpg,T10,d13,166,a,3,T10_166,train,False
T10_d13_166_b_3.jpg,T10,d13,166,b,3,T10_166,train,True
T10_d13_167_a_3.jpg,T10,d13,167,a,3,T10_167,train,False
T10_d13_167_b_3.jpg,T10,d13,167,b,3,T10_167,train,True
T10_d13_168_a_4.jpg,T10,d13,168,a,4,T10_168,train,False
T10_d13_168_b_4.jpg,T10,d13,168,b,4,T10_168,train,False
T10_d13_172_a_4.jpg,T10,d13,172,a,4,T10_172,train,False
T10_d13_172_b_4.jpg,T10,d13,172,b,4,T10_172,train,False
T10_d13_181_a_3.jpg,T10,d13,181,a,3,T10_181,train,False
T10_d13_181_b_3.jpg,T10,d13,181,b,3,T10_181,train,False
T10_d13_186_a_3.jpg,T10,d13,186,a,3,T10_186,val,False
T10_d13_186_b_3.jpg,T10,d13,186,b,3,T10_186,val,False
T10_d13_193_a_3.jpg,T10,d13,193,a,3,T10_193,train,True
T10_d13_193_b_3.jpg,T10,d13,193,b,3,T10_193,train,False
T10_d13_194_a_3.jpg,T10,d13,194,a,3,T10_194,train,False
T10_d13_194_b_3.jpg,T10,d13,194,b,3,T10_194,train,False
T10_d13_196_a_3.jpg,T10,d13,196,a,3,T10_196,train,False
T10_d13_196_b_3.jpg,T10,d13,196,b,3,T10_196,train,False
T10_d13_202_a_3.jpg,T10,d13,202,a,3,T10_202,train,False
T10_d13_202_b_3.jpg,T10,d13,202,b,3,T10_202,train,False
T10_d13_204_a_3.jpg,T10,d13,204,a,3,T10_204,train,False
T10_d13_204_b_3.jpg,T10,d13,204,b,3,T10_204,train,False
T10_d13_206_a_3.jpg,T10,d13,206,a,3,T10_206,train,False
T10_d13_206_b_3.jpg,T10,d13,206,b,3,T10_206,train,False
T10_d13_211_a_3.jpg,T10,d13,211,a,3,T10_211,train,False
T10_d13_211_b_3.jpg,T10,d13,211,b,3,T10_211,train,False
T10_d13_213_a_3.jpg,T10,d13,213,a,3,T10_213,train,False
T10_d13_213_b_3.jpg,T10,d13,213,b,3,T10_213,train,False
T10_d13_215_a_3.jpg,T10,d13,215,a,3,T10_215,train,False
T10_d13_215_b_3.jpg,T10,d13,215,b,3,T10_215,train,False
T10_d13_217_a_3.jpg,T10,d13,217,a,3,T10_217,train,False
T10_d13_217_b_3.jpg,T10,d13,217,b,3,T10_217,train,False
T10_d13_219_a_3.jpg,T10,d13,219,a,3,T10_219,test,False
T10_d13_219_b_3.jpg,T10,d13,219,b,3,T10_219,test,False
T10_d13_220_a_3.jpg,T10,d13,220,a,3,T10_220,val,False
T10_d13_220_b_3.jpg,T10,d13,220,b,3,T10_220,val,False
T10_d13_221_a_3.jpg,T10,d13,221,a,3,T10_221,train,False
T10_d13_221_b_3.jpg,T10,d13,221,b,3,T10_221,train,False
T10_d13_223_a_2.jpg,T10,d13,223,a,2,T10_223,train,False
T10_d13_223_b_2.jpg,T10,d13,223,b,2,T10_223,train,False
T10_d13_227_a_5.jpg,T10,d13,227,a,5,T10_227,train,False
T10_d13_227_b_5.jpg,T10,d13,227,b,5,T10_227,train,False
T10_d13_229_a_3.jpg,T10,d13,229,a,3,T10_229,train,False
T10_d13_229_b_3.jpg,T10,d13,229,b,3,T10_229,train,False
T10_d13_233_a_3.jpg,T10,d13,233,a,3,T10_233,train,False
T10_d13_233_b_3.jpg,T10,d13,233,b,3,T10_233,train,False
T10_d13_234_a_4.jpg,T10,d13,234,a,4,T10_234,train,False
T10_d13_234_b_4.jpg,T10,d13,234,b,4,T10_234,train,True
T10_d13_236_a_2.jpg,T10,d13,236,a,2,T10_236,train,True
T10_d13_236_b_2.jpg,T10,d13,236,b,2,T10_236,train,False
T10_d13_237_a_3.jpg,T10,d13,237,a,3,T10_237,train,False
T10_d13_237_b_3.jpg,T10,d13,237,b,3,T10_237,train,False
T10_d13_243_a_3.jpg,T10,d13,243,a,3,T10_243,train,False
T10_d13_243_b_3.jpg,T10,d13,243,b,3,T10_243,train,False
T10_d13_245_a_3.jpg,T10,d13,245,a,3,T10_245,train,False
T10_d13_245_b_3.jpg,T10,d13,245,b,3,T10_245,train,False
T10_d13_250_a_3.jpg,T10,d13,250,a,3,T10_250,train,False
T10_d13_250_b_3.jpg,T10,d13,250,b,3,T10_250,train,False
T10_d13_252_a_2.jpg,T10,d13,252,a,2,T10_252,train,False
T10_d13_252_b_2.jpg,T10,d13,252,b,2,T10_252,train,False
T10_d13_253_a_3.jpg,T10,d13,253,a,3,T10_253,val,False
T10_d13_253_b_3.jpg,T10,d13,253,b,3,T10_253,val,False
T10_d13_254_a_3.jpg,T10,d13,254,a,3,T10_254,val,False
T10_d13_254_b_3.jpg,T10,d13,254,b,3,T10_254,val,True
T10_d13_262_a_3.jpg,T10,d13,262,a,3,T10_262,train,False
T10_d13_262_b_3.jpg,T10,d13,262,b,3,T10_262,train,False
T10_d13_266_a_3.jpg,T10,d13,266,a,3,T10_266,train,False
T10_d13_266_b_3.jpg,T10,d13,266,b,3,T10_266,train,False
T10_d13_269_a_4.jpg,T10,d13,269,a,4,T10_269,train,False
T10_d13_269_b_4.jpg,T10,d13,269,b,4,T10_269,train,False
T10_d13_274_a_3.jpg,T10,d13,274,a,3,T10_274,nuevo,False
T10_d13_274_b_3.jpg,T10,d13,274,b,3,T10_274,nuevo,False
T10_d13_275_a_3.jpg,T10,d13,275,a,3,T10_275,test,False
T10_d13_275_b_3.jpg,T10,d13,275,b,3,T10_275,test,False
T10_d13_276_a_3.jpg,T10,d13,276,a,3,T10_276,train,False
T10_d13_276_b_3.jpg,T10,d13,276,b,3,T10_276,train,False
T10_d13_282_a_4.jpg,T10,d13,282,a,4,T10_282,train,False
T10_d13_282_b_4.jpg,T10,d13,282,b,4,T10_282,train,False
T10_d13_283_a_4.jpg,T10,d13,283,a,4,T10_283,train,False
T10_d13_283_b_4.jpg,T10,d13,283,b,4,T10_283,train,False
T10_d13_284_a_4.jpg,T10,d13,284,a,4,T10_284,train,False
T10_d13_284_b_4.jpg,T10,d13,284,b,4,T10_284,train,False
T10_d13_290_a_5.jpg,T10,d13,290,a,5,T10_290,train,False
T10_d13_290_b_5.jpg,T10,d13,290,b,5,T10_290,train,False
T10_d13_292_a_3.jpg,T10,d13,292,a,3,T10_292,val,False
T10_d13_292_b_3.jpg,T10,d13,292,b,3,T10_292,val,False
T10_d13_294_a_5.jpg,T10,d13,294,a,5,T10_294,train,False
T10_d13_294_b_5.jpg,T10,d13,294,b,5,T10_294,train,False
T10_d13_295_a_3.jpg,T10,d13,295,a,3,T10_295,train,False
T10_d13_295_b_3.jpg,T10,d13,295,b,3,T10_295,train,False
T10_d13_296_a_3.jpg,T10,d13,296,a,3,T10_296,train,False
T10_d13_296_b_3.jpg,T10,d13,296,b,3,T10_296,train,False
T10_d13_306_a_3.jpg,T10,d13,306,a,3,T10_306,train,False
T10_d13_306_b_3.jpg,T10,d13,306,b,3,T10_306,train,False
T10_d13_310_a_3.jpg,T10,d13,310,a,3,T10_310,val,False
T10_d13_310_b_3.jpg,T10,d13,310,b,3,T10_310,val,False
T10_d13_314_a_3.jpg,T10,d13,314,a,3,T10_314,nuevo,False
T10_d13_314_b_3.jpg,T10,d13,314,b,3,T10_314,nuevo,False
T10_d13_315_a_2.jpg,T10,d13,315,a,2,T10_315,train,False
T10_d13_315_b_2.jpg,T10,d13,315,b,2,T10_315,train,False
T10_d13_326_a_3.jpg,T10,d13,326,a,3,T10_326,train,False
T10_d13_326_b_3.jpg,T10,d13,326,b,3,T10_326,train,False
T10_d13_327_a_3.jpg,T10,d13,327,a,3,T10_327,train,False
T10_d13_327_b_3.jpg,T10,d13,327,b,3,T10_327,train,True
T10_d13_328_a_3.jpg,T10,d13,328,a,3,T10_328,train,False
T10_d13_328_b_3.jpg,T10,d13,328,b,3,T10_328,train,False
T10_d13_330_a_3.jpg,T10,d13,330,a,3,T10_330,train,False
T10_d13_330_b_3.jpg,T10,d13,330,b,3,T10_330,train,False
T10_d13_331_a_4.jpg,T10,d13,331,a,4,T10_331,test,False
T10_d13_331_b_4.jpg,T10,d13,331,b,4,T10_331,test,False
T10_d13_333_a_3.jpg,T10,d13,333,a,3,T10_333,train,False
T10_d13_333_b_3.jpg,T10,d13,333,b,3,T10_333,train,False
T10_d13_336_a_4.jpg,T10,d13,336,a,4,T10_336,train,False
T10_d13_336_b_4.jpg,T10,d13,336,b,4,T10_336,train,False
T10_d13_337_a_3.jpg,T10,d13,337,a,3,T10_337,train,False
T10_d13_337_b_3.jpg,T10,d13,337,b,3,T10_337,train,False
T10_d13_338_a_3.jpg,T10,d13,338,a,3,T10_338,train,False
T10_d13_338_b_3.jpg,T10,d13,338,b,3,T10_338,train,False
T10_d13_349_a_4.jpg,T10,d13,349,a,4,T10_349,train,False
T10_d13_349_b_4.jpg,T10,d13,349,b,4,T10_349,train,False
T10_d13_350_a_3.jpg,T10,d13,350,a,3,T10_350,train,False
T10_d13_350_b_3.jpg,T10,d13,350,b,3,T10_350,train,False
T10_d13_351_a_2.jpg,T10,d13,351,a,2,T10_351,train,False
T10_d13_351_b_2.jpg,T10,d13,351,b,2,T10_351,train,False
T10_d13_353_a_3.jpg,T10,d13,353,a,3,T10_353,val,False
T10_d13_353_b_3.jpg,T10,d13,353,b,3,T10_353,val,False
T10_d13_355_a_3.jpg,T10,d13,355,a,3,T10_355,train,False
T10_d13_355_b_3.jpg,T10,d13,355,b,3,T10_355,train,True
T10_d13_357_a_3.jpg,T10,d13,357,a,3,T10_357,train,False
T10_d13_357_b_3.jpg,T10,d13,357,b,3,T10_357,train,False
T10_d13_366_a_3.jpg,T10,d13,366,a,3,T10_366,train,True
T10_d13_366_b_3.jpg,T10,d13,366,b,3,T10_366,train,False
T10_d13_367_a_3.jpg,T10,d13,367,a,3,T10_367,train,False
T10_d13_367_b_3.jpg,T10,d13,367,b,3,T10_367,train,False
T10_d13_368_a_3.jpg,T10,d13,368,a,3,T10_368,val,False
T10_d13_368_b_3.jpg,T10,d13,368,b,3,T10_368,val,True
T10_d13_372_a_3.jpg,T10,d13,372,a,3,T10_372,train,False
T10_d13_372_b_3.jpg,T10,d13,372,b,3,T10_372,train,True
T10_d13_375_a_3.jpg,T10,d13,375,a,3,T10_375,val,False
T10_d13_375_b_3.jpg,T10,d13,375,b,3,T10_375,val,False
T10_d13_376_a_4.jpg,T10,d13,376,a,4,T10_376,train,False
T10_d13_376_b_4.jpg,T10,d13,376,b,4,T10_376,train,False
T10_d13_377_a_4.jpg,T10,d13,377,a,4,T10_377,train,False
T10_d13_377_b_4.jpg,T10,d13,377,b,4,T10_377,train,False
T10_d13_381_a_3.jpg,T10,d13,381,a,3,T10_381,train,False
T10_d13_381_b_3.jpg,T10,d13,381,b,3,T10_381,train,False
T10_d13_382_a_3.jpg,T10,d13,382,a,3,T10_382,train,False
T10_d13_382_b_3.jpg,T10,d13,382,b,3,T10_382,train,False
T10_d13_385_a_3.jpg,T10,d13,385,a,3,T10_385,val,False
T10_d13_385_b_3.jpg,T10,d13,385,b,3,T10_385,val,False
T10_d13_387_a_3.jpg,T10,d13,387,a,3,T10_387,train,False
T10_d13_387_b_3.jpg,T10,d13,387,b,3,T10_387,train,False
T10_d13_392_a_4.jpg,T10,d13,392,a,4,T10_392,test,False
T10_d13_392_b_4.jpg,T10,d13,392,b,4,T10_392,test,False
T10_d13_393_a_3.jpg,T10,d13,393,a,3,T10_393,val,False
T10_d13_393_b_3.jpg,T10,d13,393,b,3,T10_393,val,False
T10_d13_395_a_3.jpg,T10,d13,395,a,3,T10_395,test,False
T10_d13_395_b_3.jpg,T10,d13,395,b,3,T10_395,test,True
T10_d13_398_a_4.jpg,T10,d13,398,a,4,T10_398,val,False
T10_d13_398_b_4.jpg,T10,d13,398,b,4,T10_398,val,False
T10_d13_399_a_4.jpg,T10,d13,399,a,4,T10_399,val,False
T10_d13_399_b_4.jpg,T10,d13,399,b,4,T10_399,val,False
T10_d13_400_a_2.jpg,T10,d13,400,a,2,T10_400,train,False
T10_d13_400_b_2.jpg,T10,d13,400,b,2,T10_400,train,True
T10_d13_401_a_3.jpg,T10,d13,401,a,3,T10_401,train,False
T10_d13_401_b_3.jpg,T10,d13,401,b,3,T10_401,train,False
T10_d13_402_a_3.jpg,T10,d13,402,a,3,T10_402,val,False
T10_d13_402_b_3.jpg,T10,d13,402,b,3,T10_402,val,False
T10_d13_405_a_3.jpg,T10,d13,405,a,3,T10_405,train,False
T10_d13_405_b_3.jpg,T10,d13,405,b,3,T10_405,train,True
T10_d13_406_a_3.jpg,T10,d13,406,a,3,T10_406,val,False
T10_d13_406_b_3.jpg,T10,d13,406,b,3,T10_406,val,True
T10_d13_408_a_3.jpg,T10,d13,408,a,3,T10_408,train,False
T10_d13_408_b_3.jpg,T10,d13,408,b,3,T10_408,train,False
T10_d13_410_a_3.jpg,T10,d13,410,a,3,T10_410,train,True
T10_d13_410_b_3.jpg,T10,d13,410,b,3,T10_410,train,False
T10_d13_411_a_3.jpg,T10,d13,411,a,3,T10_411,val,False
T10_d13_411_b_3.jpg,T10,d13,411,b,3,T10_411,val,False
T10_d13_413_a_3.jpg,T10,d13,413,a,3,T10_413,train,False
T10_d13_413_b_3.jpg,T10,d13,413,b,3,T10_413,train,False
T10_d13_414_a_3.jpg,T10,d13,414,a,3,T10_414,train,False
T10_d13_414_b_3.jpg,T10,d13,414,b,3,T10_414,train,False
T10_d13_415_a_3.jpg,T10,d13,415,a,3,T10_415,train,False
T10_d13_415_b_3.jpg,T10,d13,415,b,3,T10_415,train,True
T10_d13_420_a_3.jpg,T10,d13,420,a,3,T10_420,train,False
T10_d13_420_b_3.jpg,T10,d13,420,b,3,T10_420,train,False
T10_d13_422_a_3.jpg,T10,d13,422,a,3,T10_422,train,False
T10_d13_422_b_3.jpg,T10,d13,422,b,3,T10_422,train,False
T10_d13_425_a_3.jpg,T10,d13,425,a,3,T10_425,train,False
T10_d13_425_b_3.jpg,T10,d13,425,b,3,T10_425,train,False
T10_d13_429_a_3.jpg,T10,d13,429,a,3,T10_429,train,False
T10_d13_429_b_3.jpg,T10,d13,429,b,3,T10_429,train,False
T10_d13_430_a_3.jpg,T10,d13,430,a,3,T10_430,val,True
T10_d13_430_b_3.jpg,T10,d13,430,b,3,T10_430,val,False
T10_d13_442_a_3.jpg,T10,d13,442,a,3,T10_442,train,False
T10_d13_442_b_3.jpg,T10,d13,442,b,3,T10_442,train,False
T10_d13_444_a_4.jpg,T10,d13,444,a,4,T10_444,train,False
T10_d13_444_b_4.jpg,T10,d13,444,b,4,T10_444,train,False
T10_d13_445_a_3.jpg,T10,d13,445,a,3,T10_445,train,False
T10_d13_445_b_3.jpg,T10,d13,445,b,3,T10_445,train,False
T10_d13_446_a_3.jpg,T10,d13,446,a,3,T10_446,train,False
T10_d13_446_b_3.jpg,T10,d13,446,b,3,T10_446,train,False
T10_d13_447_a_3.jpg,T10,d13,447,a,3,T10_447,train,False
T10_d13_447_b_3.jpg,T10,d13,447,b,3,T10_447,train,False
T10_d13_448_a_4.jpg,T10,d13,448,a,4,T10_448,train,False
T10_d13_448_b_4.jpg,T10,d13,448,b,4,T10_448,train,False
T10_d13_449_a_3.jpg,T10,d13,449,a,3,T10_449,train,False
T10_d13_449_b_3.jpg,T10,d13,449,b,3,T10_449,train,False
T10_d13_450_a_3.jpg,T10,d13,450,a,3,T10_450,val,False
T10_d13_450_b_3.jpg,T10,d13,450,b,3,T10_450,val,False
T10_d13_451_a_3.jpg,T10,d13,451,a,3,T10_451,val,False
T10_d13_451_b_3.jpg,T10,d13,451,b,3,T10_451,val,False
T10_d13_452_a_2.jpg,T10,d13,452,a,2,T10_452,val,False
T10_d13_452_b_2.jpg,T10,d13,452,b,2,T10_452,val,False
T10_d13_454_a_3.jpg,T10,d13,454,a,3,T10_454,train,False
T10_d13_454_b_3.jpg,T10,d13,454,b,3,T10_454,train,True
T10_d13_458_a_3.jpg,T10,d13,458,a,3,T10_458,train,False
T10_d13_458_b_3.jpg,T10,d13,458,b,3,T10_458,train,False
T10_d13_459_a_3.jpg,T10,d13,459,a,3,T10_459,train,False
T10_d13_459_b_3.jpg,T10,d13,459,b,3,T10_459,train,False
T10_d13_470_a_4.jpg,T10,d13,470,a,4,T10_470,train,False
T10_d13_470_b_4.jpg,T10,d13,470,b,4,T10_470,train,False
T10_d13_471_a_3.jpg,T10,d13,471,a,3,T10_471,test,True
T10_d13_471_b_3.jpg,T10,d13,471,b,3,T10_471,test,False
T10_d13_475_a_3.jpg,T10,d13,475,a,3,T10_475,train,False
T10_d13_475_b_3.jpg,T10,d13,475,b,3,T10_475,train,False
T10_d13_478_a_3.jpg,T10,d13,478,a,3,T10_478,val,False
T10_d13_478_b_3.jpg,T10,d13,478,b,3,T10_478,val,False
T10_d14_002_a_4.jpg,T10,d14,002,a,4,T10_002,train,False
T10_d14_002_b_4.jpg,T10,d14,002,b,4,T10_002,train,False
T10_d14_003_a_4.jpg,T10,d14,003,a,4,T10_003,train,False
T10_d14_003_b_4.jpg,T10,d14,003,b,4,T10_003,train,False
T10_d14_007_a_3.jpg,T10,d14,007,a,3,T10_007,train,False
T10_d14_007_b_3.jpg,T10,d14,007,b,3,T10_007,train,False
T10_d14_011_a_3.jpg,T10,d14,011,a,3,T10_011,train,False
T10_d14_011_b_3.jpg,T10,d14,011,b,3,T10_011,train,False
T10_d14_012_a_4.jpg,T10,d14,012,a,4,T10_012,val,False
T10_d14_012_b_4.jpg,T10,d14,012,b,4,T10_012,val,False
T10_d14_013_a_3.jpg,T10,d14,013,a,3,T10_013,train,True
T10_d14_013_b_3.jpg,T10,d14,013,b,3,T10_013,train,False
T10_d14_014_a_3.jpg,T10,d14,014,a,3,T10_014,val,True
T10_d14_014_b_3.jpg,T10,d14,014,b,3,T10_014,val,False
T10_d14_015_a_3.jpg,T10,d14,015,a,3,T10_015,test,False
T10_d14_015_b_3.jpg,T10,d14,015,b,3,T10_015,test,False
T10_d14_018_a_4.jpg,T10,d14,018,a,4,T10_018,val,False
T10_d14_018_b_4.jpg,T10,d14,018,b,4,T10_018,val,False
T10_d14_021_a_3.jpg,T10,d14,021,a,3,T10_021,train,False
T10_d14_021_b_3.jpg,T10,d14,021,b,3,T10_021,train,False
T10_d14_022_a_4.jpg,T10,d14,022,a,4,T10_022,train,False
T10_d14_022_b_4.jpg,T10,d14,022,b,4,T10_022,train,False
T10_d14_026_a_4.jpg,T10,d14,026,a,4,T10_026,train,False
T10_d14_026_b_4.jpg,T10,d14,026,b,4,T10_026,train,False
T10_d14_027_a_3.jpg,T10,d14,027,a,3,T10_027,train,False
T10_d14_027_b_3.jpg,T10,d14,027,b,3,T10_027,train,False
T10_d14_034_a_4.jpg,T10,d14,034,a,4,T10_034,train,False
T10_d14_034_b_4.jpg,T10,d14,034,b,4,T10_034,train,False
T10_d14_035_a_4.jpg,T10,d14,035,a,4,T10_035,val,False
T10_d14_035_b_4.jpg,T10,d14,035,b,4,T10_035,val,False
T10_d14_041_a_3.jpg,T10,d14,041,a,3,T10_041,val,False
T10_d14_041_b_3.jpg,T10,d14,041,b,3,T10_041,val,False
T10_d14_046_a_3.jpg,T10,d14,046,a,3,T10_046,train,False
T10_d14_046_b_3.jpg,T10,d14,046,b,3,T10_046,train,False
T10_d14_047_a_2.jpg,T10,d14,047,a,2,T10_047,train,False
T10_d14_047_b_2.jpg,T10,d14,047,b,2,T10_047,train,False
T10_d14_048_a_3.jpg,T10,d14,048,a,3,T10_048,train,False
T10_d14_048_b_3.jpg,T10,d14,048,b,3,T10_048,train,False
T10_d14_055_a_3.jpg,T10,d14,055,a,3,T10_055,train,True
T10_d14_055_b_3.jpg,T10,d14,055,b,3,T10_055,train,False
T10_d14_058_a_3.jpg,T10,d14,058,a,3,T10_058,val,False
T10_d14_058_b_3.jpg,T10,d14,058,b,3,T10_058,val,False
T10_d14_061_a_3.jpg,T10,d14,061,a,3,T10_061,train,False
T10_d14_061_b_3.jpg,T10,d14,061,b,3,T10_061,train,False
T10_d14_067_a_3.jpg,T10,d14,067,a,3,T10_067,train,True
T10_d14_067_b_3.jpg,T10,d14,067,b,3,T10_067,train,True
T10_d14_069_a_4.jpg,T10,d14,069,a,4,T10_069,train,False
T10_d14_069_b_4.jpg,T10,d14,069,b,4,T10_069,train,False
T10_d14_072_a_3.jpg,T10,d14,072,a,3,T10_072,val,False
T10_d14_072_b_3.jpg,T10,d14,072,b,3,T10_072,val,False
T10_d14_080_a_3.jpg,T10,d14,080,a,3,T10_080,val,False
T10_d14_080_b_3.jpg,T10,d14,080,b,3,T10_080,val,False
T10_d14_083_a_3.jpg,T10,d14,083,a,3,T10_083,train,False
T10_d14_083_b_3.jpg,T10,d14,083,b,3,T10_083,train,False
T10_d14_087_a_4.jpg,T10,d14,087,a,4,T10_087,val,False
T10_d14_087_b_4.jpg,T10,d14,087,b,4,T10_087,val,False
T10_d14_089_a_3.jpg,T10,d14,089,a,3,T10_089,train,False
T10_d14_089_b_3.jpg,T10,d14,089,b,3,T10_089,train,False
T10_d14_092_a_3.jpg,T10,d14,092,a,3,T10_092,test,False
T10_d14_092_b_3.jpg,T10,d14,092,b,3,T10_092,test,False
T10_d14_093_a_3.jpg,T10,d14,093,a,3,T10_093,train,False
T10_d14_093_b_3.jpg,T10,d14,093,b,3,T10_093,train,False
T10_d14_094_a_3.jpg,T10,d14,094,a,3,T10_094,train,False
T10_d14_094_b_3.jpg,T10,d14,094,b,3,T10_094,train,False
T10_d14_096_a_2.jpg,T10,d14,096,a,2,T10_096,train,False
T10_d14_096_b_2.jpg,T10,d14,096,b,2,T10_096,train,False
T10_d14_097_a_3.jpg,T10,d14,097,a,3,T10_097,train,False
T10_d14_097_b_3.jpg,T10,d14,097,b,3,T10_097,train,False
T10_d14_098_a_3.jpg,T10,d14,098,a,3,T10_098,train,False
T10_d14_098_b_3.jpg,T10,d14,098,b,3,T10_098,train,False
T10_d14_099_a_3.jpg,T10,d14,099,a,3,T10_099,train,False
T10_d14_099_b_3.jpg,T10,d14,099,b,3,T10_099,train,True
T10_d14_108_a_3.jpg,T10,d14,108,a,3,T10_108,train,False
T10_d14_108_b_3.jpg,T10,d14,108,b,3,T10_108,train,False
T10_d14_110_a_3.jpg,T10,d14,110,a,3,T10_110,train,False
T10_d14_110_b_3.jpg,T10,d14,110,b,3,T10_110,train,False
T10_d14_111_a_3.jpg,T10,d14,111,a,3,T10_111,val,False
T10_d14_111_b_3.jpg,T10,d14,111,b,3,T10_111,val,False
T10_d14_113_a_3.jpg,T10,d14,113,a,3,T10_113,train,False
T10_d14_113_b_3.jpg,T10,d14,113,b,3,T10_113,train,False
T10_d14_118_a_3.jpg,T10,d14,118,a,3,T10_118,train,False
T10_d14_118_b_3.jpg,T10,d14,118,b,3,T10_118,train,False
T10_d14_122_a_3.jpg,T10,d14,122,a,3,T10_122,train,False
T10_d14_122_b_3.jpg,T10,d14,122,b,3,T10_122,train,False
T10_d14_125_a_3.jpg,T10,d14,125,a,3,T10_125,train,False
T10_d14_125_b_3.jpg,T10,d14,125,b,3,T10_125,train,False
T10_d14_128_a_3.jpg,T10,d14,128,a,3,T10_128,train,False
T10_d14_128_b_3.jpg,T10,d14,128,b,3,T10_128,train,False
T10_d14_129_a_3.jpg,T10,d14,129,a,3,T10_129,train,False
T10_d14_129_b_3.jpg,T10,d14,129,b,3,T10_129,train,True
T10_d14_130_a_3.jpg,T10,d14,130,a,3,T10_130,train,False
T10_d14_130_b_3.jpg,T10,d14,130,b,3,T10_130,train,True
T10_d14_131_a_3.jpg,T10,d14,131,a,3,T10_131,train,False
T10_d14_131_b_3.jpg,T10,d14,131,b,3,T10_131,train,False
T10_d14_133_a_3.jpg,T10,d14,133,a,3,T10_133,train,True
T10_d14_133_b_3.jpg,T10,d14,133,b,3,T10_133,train,False
T10_d14_136_a_3.jpg,T10,d14,136,a,3,T10_136,val,False
T10_d14_136_b_3.jpg,T10,d14,136,b,3,T10_136,val,False
T10_d14_138_a_3.jpg,T10,d14,138,a,3,T10_138,train,False
T10_d14_138_b_3.jpg,T10,d14,138,b,3,T10_138,train,True
T10_d14_145_a_2.jpg,T10,d14,145,a,2,T10_145,train,False
T10_d14_145_b_2.jpg,T10,d14,145,b,2,T10_145,train,False
T10_d14_149_a_3.jpg,T10,d14,149,a,3,T10_149,train,True
T10_d14_149_b_3.jpg,T10,d14,149,b,3,T10_149,train,False
T10_d14_152_a_3.jpg,T10,d14,152,a,3,T10_152,train,False
T10_d14_152_b_3.jpg,T10,d14,152,b,3,T10_152,train,False
T10_d14_156_a_3.jpg,T10,d14,156,a,3,T10_156,train,False
T10_d14_156_b_3.jpg,T10,d14,156,b,3,T10_156,train,False
T10_d14_163_a_3.jpg,T10,d14,163,a,3,T10_163,train,False
T10_d14_163_b_3.jpg,T10,d14,163,b,3,T10_163,train,False
T10_d14_165_a_3.jpg,T10,d14,165,a,3,T10_165,train,False
T10_d14_165_b_3.jpg,T10,d14,165,b,3,T10_165,train,False
T10_d14_166_a_3.jpg,T10,d14,166,a,3,T10_166,train,False
T10_d14_166_b_3.jpg,T10,d14,166,b,3,T10_166,train,False
T10_d14_167_a_3.jpg,T10,d14,167,a,3,T10_167,train,False
T10_d14_167_b_3.jpg,T10,d14,167,b,3,T10_167,train,False
T10_d14_168_a_4.jpg,T10,d14,168,a,4,T10_168,train,False
T10_d14_168_b_4.jpg,T10,d14,168,b,4,T10_168,train,False
T10_d14_172_a_4.jpg,T10,d14,172,a,4,T10_172,train,False
T10_d14_172_b_4.jpg,T10,d14,172,b,4,T10_172,train,False
T10_d14_181_a_3.jpg,T10,d14,181,a,3,T10_181,train,False
T10_d14_181_b_3.jpg,T10,d14,181,b,3,T10_181,train,False
T10_d14_186_a_3.jpg,T10,d14,186,a,3,T10_186,val,False
T10_d14_186_b_3.jpg,T10,d14,186,b,3,T10_186,val,False
T10_d14_193_a_3.jpg,T10,d14,193,a,3,T10_193,train,False
T10_d14_193_b_3.jpg,T10,d14,193,b,3,T10_193,train,False
T10_d14_194_a_3.jpg,T10,d14,194,a,3,T10_194,train,False
T10_d14_194_b_3.jpg,T10,d14,194,b,3,T10_194,train,False
T10_d14_196_a_3.jpg,T10,d14,196,a,3,T10_196,train,False
T10_d14_196_b_3.jpg,T10,d14,196,b,3,T10_196,train,True
T10_d14_202_a_3.jpg,T10,d14,202,a,3,T10_202,train,False
T10_d14_202_b_3.jpg,T10,d14,202,b,3,T10_202,train,False
T10_d14_204_a_3.jpg,T10,d14,204,a,3,T10_204,train,False
T10_d14_204_b_3.jpg,T10,d14,204,b,3,T10_204,train,False
T10_d14_206_a_3.jpg,T10,d14,206,a,3,T10_206,train,False
T10_d14_206_b_3.jpg,T10,d14,206,b,3,T10_206,train,False
T10_d14_211_a_3.jpg,T10,d14,211,a,3,T10_211,train,False
T10_d14_211_b_3.jpg,T10,d14,211,b,3,T10_211,train,True
T10_d14_213_a_3.jpg,T10,d14,213,a,3,T10_213,train,False
T10_d14_213_b_3.jpg,T10,d14,213,b,3,T10_213,train,False
T10_d14_215_a_3.jpg,T10,d14,215,a,3,T10_215,train,False
T10_d14_215_b_3.jpg,T10,d14,215,b,3,T10_215,train,False
T10_d14_217_a_3.jpg,T10,d14,217,a,3,T10_217,train,False
T10_d14_217_b_3.jpg,T10,d14,217,b,3,T10_217,train,False
T10_d14_219_a_3.jpg,T10,d14,219,a,3,T10_219,test,False
T10_d14_219_b_3.jpg,T10,d14,219,b,3,T10_219,test,True
T10_d14_220_a_3.jpg,T10,d14,220,a,3,T10_220,val,False
T10_d14_220_b_3.jpg,T10,d14,220,b,3,T10_220,val,False
T10_d14_221_a_3.jpg,T10,d14,221,a,3,T10_221,train,False
T10_d14_221_b_3.jpg,T10,d14,221,b,3,T10_221,train,False
T10_d14_223_a_2.jpg,T10,d14,223,a,2,T10_223,train,False
T10_d14_223_b_2.jpg,T10,d14,223,b,2,T10_223,train,False
T10_d14_227_a_5.jpg,T10,d14,227,a,5,T10_227,train,False
T10_d14_227_b_5.jpg,T10,d14,227,b,5,T10_227,train,False
T10_d14_229_a_3.jpg,T10,d14,229,a,3,T10_229,train,False
T10_d14_229_b_3.jpg,T10,d14,229,b,3,T10_229,train,True
T10_d14_233_a_3.jpg,T10,d14,233,a,3,T10_233,train,False
T10_d14_233_b_3.jpg,T10,d14,233,b,3,T10_233,train,False
T10_d14_234_a_4.jpg,T10,d14,234,a,4,T10_234,train,False
T10_d14_234_b_4.jpg,T10,d14,234,b,4,T10_234,train,False
T10_d14_236_a_3.jpg,T10,d14,236,a,3,T10_236,train,False
T10_d14_236_b_3.jpg,T10,d14,236,b,3,T10_236,train,False
T10_d14_237_a_3.jpg,T10,d14,237,a,3,T10_237,train,False
T10_d14_237_b_3.jpg,T10,d14,237,b,3,T10_237,train,True
T10_d14_243_a_3.jpg,T10,d14,243,a,3,T10_243,train,False
T10_d14_243_b_3.jpg,T10,d14,243,b,3,T10_243,train,False
T10_d14_245_a_3.jpg,T10,d14,245,a,3,T10_245,train,False
T10_d14_245_b_3.jpg,T10,d14,245,b,3,T10_245,train,False
T10_d14_250_a_3.jpg,T10,d14,250,a,3,T10_250,train,False
T10_d14_250_b_3.jpg,T10,d14,250,b,3,T10_250,train,False
T10_d14_252_a_3.jpg,T10,d14,252,a,3,T10_252,train,False
T10_d14_252_b_3.jpg,T10,d14,252,b,3,T10_252,train,False
T10_d14_253_a_3.jpg,T10,d14,253,a,3,T10_253,val,False
T10_d14_253_b_3.jpg,T10,d14,253,b,3,T10_253,val,False
T10_d14_254_a_3.jpg,T10,d14,254,a,3,T10_254,val,True
T10_d14_254_b_3.jpg,T10,d14,254,b,3,T10_254,val,False
T10_d14_262_a_3.jpg,T10,d14,262,a,3,T10_262,train,False
T10_d14_262_b_3.jpg,T10,d14,262,b,3,T10_262,train,False
T10_d14_269_a_4.jpg,T10,d14,269,a,4,T10_269,train,False
T10_d14_269_b_4.jpg,T10,d14,269,b,4,T10_269,train,False
T10_d14_274_a_3.jpg,T10,d14,274,a,3,T10_274,nuevo,False
T10_d14_274_b_3.jpg,T10,d14,274,b,3,T10_274,nuevo,False
T10_d14_275_a_3.jpg,T10,d14,275,a,3,T10_275,test,False
T10_d14_275_b_3.jpg,T10,d14,275,b,3,T10_275,test,False
T10_d14_276_a_3.jpg,T10,d14,276,a,3,T10_276,train,False
T10_d14_276_b_3.jpg,T10,d14,276,b,3,T10_276,train,False
T10_d14_282_a_4.jpg,T10,d14,282,a,4,T10_282,train,True
T10_d14_282_b_4.jpg,T10,d14,282,b,4,T10_282,train,False
T10_d14_283_a_4.jpg,T10,d14,283,a,4,T10_283,train,False
T10_d14_283_b_4.jpg,T10,d14,283,b,4,T10_283,train,False
T10_d14_284_a_4.jpg,T10,d14,284,a,4,T10_284,train,False
T10_d14_284_b_4.jpg,T10,d14,284,b,4,T10_284,train,False
T10_d14_290_a_5.jpg,T10,d14,290,a,5,T10_290,train,False
T10_d14_290_b_5.jpg,T10,d14,290,b,5,T10_290,train,False
T10_d14_292_a_3.jpg,T10,d14,292,a,3,T10_292,val,False
T10_d14_292_b_3.jpg,T10,d14,292,b,3,T10_292,val,False
T10_d14_294_a_5.jpg,T10,d14,294,a,5,T10_294,train,False
T10_d14_294_b_5.jpg,T10,d14,294,b,5,T10_294,train,False
T10_d14_295_a_3.jpg,T10,d14,295,a,3,T10_295,train,False
T10_d14_295_b_3.jpg,T10,d14,295,b,3,T10_295,train,False
T10_d14_296_a_3.jpg,T10,d14,296,a,3,T10_296,train,False
T10_d14_296_b_3.jpg,T10,d14,296,b,3,T10_296,train,False
T10_d14_306_a_3.jpg,T10,d14,306,a,3,T10_306,train,False
T10_d14_306_b_3.jpg,T10,d14,306,b,3,T10_306,train,False
T10_d14_310_a_3.jpg,T10,d14,310,a,3,T10_310,val,False
T10_d14_310_b_3.jpg,T10,d14,310,b,3,T10_310,val,False
T10_d14_314_a_3.jpg,T10,d14,314,a,3,T10_314,nuevo,False
T10_d14_314_b_3.jpg,T10,d14,314,b,3,T10_314,nuevo,False
T10_d14_315_a_2.jpg,T10,d14,315,a,2,T10_315,train,False
T10_d14_315_b_2.jpg,T10,d14,315,b,2,T10_315,train,False
T10_d14_326_a_3.jpg,T10,d14,326,a,3,T10_326,train,False
T10_d14_326_b_3.jpg,T10,d14,326,b,3,T10_326,train,False
T10_d14_327_a_3.jpg,T10,d14,327,a,3,T10_327,train,False
T10_d14_327_b_3.jpg,T10,d14,327,b,3,T10_327,train,False
T10_d14_328_a_3.jpg,T10,d14,328,a,3,T10_328,train,False
T10_d14_328_b_3.jpg,T10,d14,328,b,3,T10_328,train,False
T10_d14_330_a_3.jpg,T10,d14,330,a,3,T10_330,train,False
T10_d14_330_b_3.jpg,T10,d14,330,b,3,T10_330,train,False
T10_d14_331_a_4.jpg,T10,d14,331,a,4,T10_331,test,False
T10_d14_331_b_4.jpg,T10,d14,331,b,4,T10_331,test,False
T10_d14_333_a_3.jpg,T10,d14,333,a,3,T10_333,train,True
T10_d14_333_b_3.jpg,T10,d14,333,b,3,T10_333,train,True
T10_d14_336_a_4.jpg,T10,d14,336,a,4,T10_336,train,False
T10_d14_336_b_4.jpg,T10,d14,336,b,4,T10_336,train,False
T10_d14_337_a_3.jpg,T10,d14,337,a,3,T10_337,train,False
T10_d14_337_b_3.jpg,T10,d14,337,b,3,T10_337,train,False
T10_d14_338_a_3.jpg,T10,d14,338,a,3,T10_338,train,True
T10_d14_338_b_3.jpg,T10,d14,338,b,3,T10_338,train,False
T10_d14_349_a_4.jpg,T10,d14,349,a,4,T10_349,train,False
T10_d14_349_b_4.jpg,T10,d14,349,b,4,T10_349,train,False
T10_d14_350_a_3.jpg,T10,d14,350,a,3,T10_350,train,False
T10_d14_350_b_3.jpg,T10,d14,350,b,3,T10_350,train,False
T10_d14_351_a_2.jpg,T10,d14,351,a,2,T10_351,train,False
T10_d14_351_b_2.jpg,T10,d14,351,b,2,T10_351,train,False
T10_d14_353_a_3.jpg,T10,d14,353,a,3,T10_353,val,False
T10_d14_353_b_3.jpg,T10,d14,353,b,3,T10_353,val,False
T10_d14_355_a_3.jpg,T10,d14,355,a,3,T10_355,train,False
T10_d14_355_b_3.jpg,T10,d14,355,b,3,T10_355,train,False
T10_d14_357_a_3.jpg,T10,d14,357,a,3,T10_357,train,False
T10_d14_357_b_3.jpg,T10,d14,357,b,3,T10_357,train,True
T10_d14_366_a_3.jpg,T10,d14,366,a,3,T10_366,train,False
T10_d14_366_b_3.jpg,T10,d14,366,b,3,T10_366,train,True
T10_d14_367_a_3.jpg,T10,d14,367,a,3,T10_367,train,False
T10_d14_367_b_3.jpg,T10,d14,367,b,3,T10_367,train,False
T10_d14_368_a_3.jpg,T10,d14,368,a,3,T10_368,val,True
T10_d14_368_b_3.jpg,T10,d14,368,b,3,T10_368,val,True
T10_d14_372_a_3.jpg,T10,d14,372,a,3,T10_372,train,False
T10_d14_372_b_3.jpg,T10,d14,372,b,3,T10_372,train,False
T10_d14_375_a_3.jpg,T10,d14,375,a,3,T10_375,val,False
T10_d14_375_b_3.jpg,T10,d14,375,b,3,T10_375,val,False
T10_d14_376_a_4.jpg,T10,d14,376,a,4,T10_376,train,False
T10_d14_376_b_4.jpg,T10,d14,376,b,4,T10_376,train,False
T10_d14_377_a_4.jpg,T10,d14,377,a,4,T10_377,train,False
T10_d14_377_b_4.jpg,T10,d14,377,b,4,T10_377,train,False
T10_d14_381_a_3.jpg,T10,d14,381,a,3,T10_381,train,True
T10_d14_381_b_3.jpg,T10,d14,381,b,3,T10_381,train,True
T10_d14_382_a_3.jpg,T10,d14,382,a,3,T10_382,train,False
T10_d14_382_b_3.jpg,T10,d14,382,b,3,T10_382,train,False
T10_d14_385_a_3.jpg,T10,d14,385,a,3,T10_385,val,False
T10_d14_385_b_3.jpg,T10,d14,385,b,3,T10_385,val,False
T10_d14_387_a_3.jpg,T10,d14,387,a,3,T10_387,train,False
T10_d14_387_b_3.jpg,T10,d14,387,b,3,T10_387,train,False
T10_d14_392_a_4.jpg,T10,d14,392,a,4,T10_392,test,False
T10_d14_392_b_4.jpg,T10,d14,392,b,4,T10_392,test,False
T10_d14_393_a_3.jpg,T10,d14,393,a,3,T10_393,val,False
T10_d14_393_b_3.jpg,T10,d14,393,b,3,T10_393,val,False
T10_d14_395_a_3.jpg,T10,d14,395,a,3,T10_395,test,False
T10_d14_395_b_3.jpg,T10,d14,395,b,3,T10_395,test,False
T10_d14_398_a_4.jpg,T10,d14,398,a,4,T10_398,val,True
T10_d14_398_b_4.jpg,T10,d14,398,b,4,T10_398,val,False
T10_d14_399_a_4.jpg,T10,d14,399,a,4,T10_399,val,False
T10_d14_399_b_4.jpg,T10,d14,399,b,4,T10_399,val,False
T10_d14_400_a_3.jpg,T10,d14,400,a,3,T10_400,train,False
T10_d14_400_b_3.jpg,T10,d14,400,b,3,T10_400,train,False
T10_d14_401_a_3.jpg,T10,d14,401,a,3,T10_401,train,False
T10_d14_401_b_3.jpg,T10,d14,401,b,3,T10_401,train,False
T10_d14_402_a_3.jpg,T10,d14,402,a,3,T10_402,val,False
T10_d14_402_b_3.jpg,T10,d14,402,b,3,T10_402,val,False
T10_d14_405_a_3.jpg,T10,d14,405,a,3,T10_405,train,False
T10_d14_405_b_3.jpg,T10,d14,405,b,3,T10_405,train,False
T10_d14_406_a_4.jpg,T10,d14,406,a,4,T10_406,val,False
T10_d14_406_b_4.jpg,T10,d14,406,b,4,T10_406,val,False
T10_d14_408_a_3.jpg,T10,d14,408,a,3,T10_408,train,False
T10_d14_408_b_3.jpg,T10,d14,408,b,3,T10_408,train,False
T10_d14_410_a_3.jpg,T10,d14,410,a,3,T10_410,train,False
T10_d14_410_b_3.jpg,T10,d14,410,b,3,T10_410,train,False
T10_d14_411_a_3.jpg,T10,d14,411,a,3,T10_411,val,True
T10_d14_411_b_3.jpg,T10,d14,411,b,3,T10_411,val,False
T10_d14_413_a_3.jpg,T10,d14,413,a,3,T10_413,train,False
T10_d14_413_b_3.jpg,T10,d14,413,b,3,T10_413,train,False
T10_d14_414_a_3.jpg,T10,d14,414,a,3,T10_414,train,True
T10_d14_414_b_3.jpg,T10,d14,414,b,3,T10_414,train,False
T10_d14_415_a_3.jpg,T10,d14,415,a,3,T10_415,train,False
T10_d14_415_b_3.jpg,T10,d14,415,b,3,T10_415,train,False
T10_d14_420_a_3.jpg,T10,d14,420,a,3,T10_420,train,False
T10_d14_420_b_3.jpg,T10,d14,420,b,3,T10_420,train,False
T10_d14_422_a_4.jpg,T10,d14,422,a,4,T10_422,train,True
T10_d14_422_b_4.jpg,T10,d14,422,b,4,T10_422,train,False
T10_d14_425_a_3.jpg,T10,d14,425,a,3,T10_425,train,False
T10_d14_425_b_3.jpg,T10,d14,425,b,3,T10_425,train,False
T10_d14_429_a_3.jpg,T10,d14,429,a,3,T10_429,train,False
T10_d14_429_b_3.jpg,T10,d14,429,b,3,T10_429,train,False
T10_d14_430_a_3.jpg,T10,d14,430,a,3,T10_430,val,False
T10_d14_430_b_3.jpg,T10,d14,430,b,3,T10_430,val,False
T10_d14_442_a_3.jpg,T10,d14,442,a,3,T10_442,train,False
T10_d14_442_b_3.jpg,T10,d14,442,b,3,T10_442,train,False
T10_d14_444_a_4.jpg,T10,d14,444,a,4,T10_444,train,False
T10_d14_444_b_4.jpg,T10,d14,444,b,4,T10_444,train,False
T10_d14_445_a_3.jpg,T10,d14,445,a,3,T10_445,train,False
T10_d14_445_b_3.jpg,T10,d14,445,b,3,T10_445,train,True
T10_d14_446_a_4.jpg,T10,d14,446,a,4,T10_446,train,False
T10_d14_446_b_4.jpg,T10,d14,446,b,4,T10_446,train,False
T10_d14_447_a_3.jpg,T10,d14,447,a,3,T10_447,train,False
T10_d14_447_b_3.jpg,T10,d14,447,b,3,T10_447,train,False
T10_d14_448_a_4.jpg,T10,d14,448,a,4,T10_448,train,False
T10_d14_448_b_4.jpg,T10,d14,448,b,4,T10_448,train,False
T10_d14_449_a_3.jpg,T10,d14,449,a,3,T10_449,train,False
T10_d14_449_b_3.jpg,T10,d14,449,b,3,T10_449,train,False
T10_d14_450_a_3.jpg,T10,d14,450,a,3,T10_450,val,False
T10_d14_450_b_3.jpg,T10,d14,450,b,3,T10_450,val,False
T10_d14_451_a_3.jpg,T10,d14,451,a,3,T10_451,val,False
T10_d14_451_b_3.jpg,T10,d14,451,b,3,T10_451,val,True
T10_d14_452_a_3.jpg,T10,d14,452,a,3,T10_452,val,False
T10_d14_452_b_3.jpg,T10,d14,452,b,3,T10_452,val,True
T10_d14_454_a_3.jpg,T10,d14,454,a,3,T10_454,train,False
T10_d14_454_b_3.jpg,T10,d14,454,b,3,T10_454,train,False
T10_d14_458_a_3.jpg,T10,d14,458,a,3,T10_458,train,False
T10_d14_458_b_3.jpg,T10,d14,458,b,3,T10_458,train,False
T10_d14_459_a_3.jpg,T10,d14,459,a,3,T10_459,train,False
T10_d14_459_b_3.jpg,T10,d14,459,b,3,T10_459,train,False
T10_d14_470_a_4.jpg,T10,d14,470,a,4,T10_470,train,True
T10_d14_470_b_4.jpg,T10,d14,470,b,4,T10_470,train,False
T10_d14_471_a_3.jpg,T10,d14,471,a,3,T10_471,test,False
T10_d14_471_b_3.jpg,T10,d14,471,b,3,T10_471,test,False
T10_d14_475_a_4.jpg,T10,d14,475,a,4,T10_475,train,False
T10_d14_475_b_4.jpg,T10,d14,475,b,4,T10_475,train,False
T10_d14_478_a_3.jpg,T10,d14,478,a,3,T10_478,val,False
T10_d14_478_b_3.jpg,T10,d14,478,b,3,T10_478,val,False
T10_d15_002_a_4.jpg,T10,d15,002,a,4,T10_002,train,False
T10_d15_002_b_4.jpg,T10,d15,002,b,4,T10_002,train,False
T10_d15_003_a_4.jpg,T10,d15,003,a,4,T10_003,train,False
T10_d15_003_b_4.jpg,T10,d15,003,b,4,T10_003,train,False
T10_d15_007_a_3.jpg,T10,d15,007,a,3,T10_007,train,True
T10_d15_007_b_3.jpg,T10,d15,007,b,3,T10_007,train,False
T10_d15_011_a_3.jpg,T10,d15,011,a,3,T10_011,train,False
T10_d15_011_b_3.jpg,T10,d15,011,b,3,T10_011,train,False
T10_d15_012_a_4.jpg,T10,d15,012,a,4,T10_012,val,False
T10_d15_012_b_4.jpg,T10,d15,012,b,4,T10_012,val,False
T10_d15_013_a_3.jpg,T10,d15,013,a,3,T10_013,train,False
T10_d15_013_b_3.jpg,T10,d15,013,b,3,T10_013,train,False
T10_d15_014_a_3.jpg,T10,d15,014,a,3,T10_014,val,False
T10_d15_014_b_3.jpg,T10,d15,014,b,3,T10_014,val,False
T10_d15_015_a_4.jpg,T10,d15,015,a,4,T10_015,test,False
T10_d15_015_b_4.jpg,T10,d15,015,b,4,T10_015,test,False
T10_d15_018_a_4.jpg,T10,d15,018,a,4,T10_018,val,False
T10_d15_018_b_4.jpg,T10,d15,018,b,4,T10_018,val,False
T10_d15_021_a_3.jpg,T10,d15,021,a,3,T10_021,train,False
T10_d15_021_b_3.jpg,T10,d15,021,b,3,T10_021,train,False
T10_d15_022_a_4.jpg,T10,d15,022,a,4,T10_022,train,True
T10_d15_022_b_4.jpg,T10,d15,022,b,4,T10_022,train,False
T10_d15_026_a_4.jpg,T10,d15,026,a,4,T10_026,train,False
T10_d15_026_b_4.jpg,T10,d15,026,b,4,T10_026,train,True
T10_d15_027_a_4.jpg,T10,d15,027,a,4,T10_027,train,False
T10_d15_027_b_4.jpg,T10,d15,027,b,4,T10_027,train,False
T10_d15_034_a_4.jpg,T10,d15,034,a,4,T10_034,train,False
T10_d15_034_b_4.jpg,T10,d15,034,b,4,T10_034,train,False
T10_d15_035_a_4.jpg,T10,d15,035,a,4,T10_035,val,False
T10_d15_035_b_4.jpg,T10,d15,035,b,4,T10_035,val,False
T10_d15_041_a_4.jpg,T10,d15,041,a,4,T10_041,val,False
T10_d15_041_b_4.jpg,T10,d15,041,b,4,T10_041,val,False
T10_d15_046_a_4.jpg,T10,d15,046,a,4,T10_046,train,False
T10_d15_046_b_4.jpg,T10,d15,046,b,4,T10_046,train,False
T10_d15_047_a_2.jpg,T10,d15,047,a,2,T10_047,train,False
T10_d15_047_b_2.jpg,T10,d15,047,b,2,T10_047,train,False
T10_d15_048_a_3.jpg,T10,d15,048,a,3,T10_048,train,False
T10_d15_048_b_3.jpg,T10,d15,048,b,3,T10_048,train,True
T10_d15_055_a_3.jpg,T10,d15,055,a,3,T10_055,train,False
T10_d15_055_b_3.jpg,T10,d15,055,b,3,T10_055,train,False
T10_d15_058_a_3.jpg,T10,d15,058,a,3,T10_058,val,True
T10_d15_058_b_3.jpg,T10,d15,058,b,3,T10_058,val,False
T10_d15_061_a_3.jpg,T10,d15,061,a,3,T10_061,train,False
T10_d15_061_b_3.jpg,T10,d15,061,b,3,T10_061,train,False
T10_d15_067_a_3.jpg,T10,d15,067,a,3,T10_067,train,False
T10_d15_067_b_3.jpg,T10,d15,067,b,3,T10_067,train,False
T10_d15_069_a_4.jpg,T10,d15,069,a,4,T10_069,train,False
T10_d15_069_b_4.jpg,T10,d15,069,b,4,T10_069,train,False
T10_d15_072_a_3.jpg,T10,d15,072,a,3,T10_072,val,False
T10_d15_072_b_3.jpg,T10,d15,072,b,3,T10_072,val,False
T10_d15_080_a_3.jpg,T10,d15,080,a,3,T10_080,val,False
T10_d15_080_b_3.jpg,T10,d15,080,b,3,T10_080,val,False
T10_d15_083_a_3.jpg,T10,d15,083,a,3,T10_083,train,False
T10_d15_083_b_3.jpg,T10,d15,083,b,3,T10_083,train,False
T10_d15_087_a_4.jpg,T10,d15,087,a,4,T10_087,val,False
T10_d15_087_b_4.jpg,T10,d15,087,b,4,T10_087,val,False
T10_d15_089_a_3.jpg,T10,d15,089,a,3,T10_089,train,False
T10_d15_089_b_3.jpg,T10,d15,089,b,3,T10_089,train,False
T10_d15_092_a_3.jpg,T10,d15,092,a,3,T10_092,test,False
T10_d15_092_b_3.jpg,T10,d15,092,b,3,T10_092,test,False
T10_d15_093_a_3.jpg,T10,d15,093,a,3,T10_093,train,False
T10_d15_093_b_3.jpg,T10,d15,093,b,3,T10_093,train,False
T10_d15_094_a_3.jpg,T10,d15,094,a,3,T10_094,train,False
T10_d15_094_b_3.jpg,T10,d15,094,b,3,T10_094,train,False
T10_d15_096_a_2.jpg,T10,d15,096,a,2,T10_096,train,False
T10_d15_096_b_2.jpg,T10,d15,096,b,2,T10_096,train,False
T10_d15_097_a_3.jpg,T10,d15,097,a,3,T10_097,train,False
T10_d15_097_b_3.jpg,T10,d15,097,b,3,T10_097,train,False
T10_d15_098_a_3.jpg,T10,d15,098,a,3,T10_098,train,False
T10_d15_098_b_3.jpg,T10,d15,098,b,3,T10_098,train,False
T10_d15_099_a_3.jpg,T10,d15,099,a,3,T10_099,train,False
T10_d15_099_b_3.jpg,T10,d15,099,b,3,T10_099,train,False
T10_d15_108_a_3.jpg,T10,d15,108,a,3,T10_108,train,False
T10_d15_108_b_3.jpg,T10,d15,108,b,3,T10_108,train,False
T10_d15_110_a_3.jpg,T10,d15,110,a,3,T10_110,train,False
T10_d15_110_b_3.jpg,T10,d15,110,b,3,T10_110,train,False
T10_d15_111_a_3.jpg,T10,d15,111,a,3,T10_111,val,False
T10_d15_111_b_3.jpg,T10,d15,111,b,3,T10_111,val,False
T10_d15_113_a_3.jpg,T10,d15,113,a,3,T10_113,train,False
T10_d15_113_b_3.jpg,T10,d15,113,b,3,T10_113,train,False
T10_d15_118_a_3.jpg,T10,d15,118,a,3,T10_118,train,False
T10_d15_118_b_3.jpg,T10,d15,118,b,3,T10_118,train,False
T10_d15_122_a_3.jpg,T10,d15,122,a,3,T10_122,train,False
T10_d15_122_b_3.jpg,T10,d15,122,b,3,T10_122,train,False
T10_d15_125_a_3.jpg,T10,d15,125,a,3,T10_125,train,False
T10_d15_125_b_3.jpg,T10,d15,125,b,3,T10_125,train,False
T10_d15_128_a_3.jpg,T10,d15,128,a,3,T10_128,train,False
T10_d15_128_b_3.jpg,T10,d15,128,b,3,T10_128,train,False
T10_d15_129_a_3.jpg,T10,d15,129,a,3,T10_129,train,False
T10_d15_129_b_3.jpg,T10,d15,129,b,3,T10_129,train,False
T10_d15_130_a_3.jpg,T10,d15,130,a,3,T10_130,train,False
T10_d15_130_b_3.jpg,T10,d15,130,b,3,T10_130,train,False
T10_d15_131_a_3.jpg,T10,d15,131,a,3,T10_131,train,False
T10_d15_131_b_3.jpg,T10,d15,131,b,3,T10_131,train,False
T10_d15_133_a_3.jpg,T10,d15,133,a,3,T10_133,train,False
T10_d15_133_b_3.jpg,T10,d15,133,b,3,T10_133,train,False
T10_d15_136_a_3.jpg,T10,d15,136,a,3,T10_136,val,False
T10_d15_136_b_3.jpg,T10,d15,136,b,3,T10_136,val,False
T10_d15_138_a_3.jpg,T10,d15,138,a,3,T10_138,train,False
T10_d15_138_b_3.jpg,T10,d15,138,b,3,T10_138,train,False
T10_d15_145_a_3.jpg,T10,d15,145,a,3,T10_145,train,False
T10_d15_145_b_3.jpg,T10,d15,145,b,3,T10_145,train,False
T10_d15_149_a_3.jpg,T10,d15,149,a,3,T10_149,train,False
T10_d15_149_b_3.jpg,T10,d15,149,b,3,T10_149,train,False
T10_d15_152_a_3.jpg,T10,d15,152,a,3,T10_152,train,False
T10_d15_152_b_3.jpg,T10,d15,152,b,3,T10_152,train,True
T10_d15_156_a_3.jpg,T10,d15,156,a,3,T10_156,train,False
T10_d15_156_b_3.jpg,T10,d15,156,b,3,T10_156,train,True
T10_d15_163_a_3.jpg,T10,d15,163,a,3,T10_163,train,False
T10_d15_163_b_3.jpg,T10,d15,163,b,3,T10_163,train,False
T10_d15_165_a_3.jpg,T10,d15,165,a,3,T10_165,train,False
T10_d15_165_b_3.jpg,T10,d15,165,b,3,T10_165,train,False
T10_d15_166_a_3.jpg,T10,d15,166,a,3,T10_166,train,True
T10_d15_166_b_3.jpg,T10,d15,166,b,3,T10_166,train,False
T10_d15_167_a_3.jpg,T10,d15,167,a,3,T10_167,train,False
T10_d15_167_b_3.jpg,T10,d15,167,b,3,T10_167,train,False
T10_d15_168_a_4.jpg,T10,d15,168,a,4,T10_168,train,False
T10_d15_168_b_4.jpg,T10,d15,168,b,4,T10_168,train,False
T10_d15_172_a_4.jpg,T10,d15,172,a,4,T10_172,train,False
T10_d15_172_b_4.jpg,T10,d15,172,b,4,T10_172,train,False
T10_d15_181_a_3.jpg,T10,d15,181,a,3,T10_181,train,False
T10_d15_181_b_3.jpg,T10,d15,181,b,3,T10_181,train,False
T10_d15_186_a_3.jpg,T10,d15,186,a,3,T10_186,val,False
T10_d15_186_b_3.jpg,T10,d15,186,b,3,T10_186,val,True
T10_d15_193_a_3.jpg,T10,d15,193,a,3,T10_193,train,False
T10_d15_193_b_3.jpg,T10,d15,193,b,3,T10_193,train,False
T10_d15_194_a_3.jpg,T10,d15,194,a,3,T10_194,train,False
T10_d15_194_b_3.jpg,T10,d15,194,b,3,T10_194,train,False
T10_d15_196_a_3.jpg,T10,d15,196,a,3,T10_196,train,False
T10_d15_196_b_3.jpg,T10,d15,196,b,3,T10_196,train,False
T10_d15_202_a_3.jpg,T10,d15,202,a,3,T10_202,train,False
T10_d15_202_b_3.jpg,T10,d15,202,b,3,T10_202,train,False
T10_d15_204_a_3.jpg,T10,d15,204,a,3,T10_204,train,False
T10_d15_204_b_3.jpg,T10,d15,204,b,3,T10_204,train,False
T10_d15_206_a_3.jpg,T10,d15,206,a,3,T10_206,train,True
T10_d15_206_b_3.jpg,T10,d15,206,b,3,T10_206,train,False
T10_d15_211_a_3.jpg,T10,d15,211,a,3,T10_211,train,False
T10_d15_211_b_3.jpg,T10,d15,211,b,3,T10_211,train,False
T10_d15_213_a_3.jpg,T10,d15,213,a,3,T10_213,train,False
T10_d15_213_b_3.jpg,T10,d15,213,b,3,T10_213,train,False
T10_d15_215_a_3.jpg,T10,d15,215,a,3,T10_215,train,False
T10_d15_215_b_3.jpg,T10,d15,215,b,3,T10_215,train,False
T10_d15_217_a_3.jpg,T10,d15,217,a,3,T10_217,train,False
T10_d15_217_b_3.jpg,T10,d15,217,b,3,T10_217,train,False
T10_d15_219_a_3.jpg,T10,d15,219,a,3,T10_219,test,False
T10_d15_219_b_3.jpg,T10,d15,219,b,3,T10_219,test,False
T10_d15_220_a_3.jpg,T10,d15,220,a,3,T10_220,val,True
T10_d15_220_b_3.jpg,T10,d15,220,b,3,T10_220,val,False
T10_d15_221_a_3.jpg,T10,d15,221,a,3,T10_221,train,False
T10_d15_221_b_3.jpg,T10,d15,221,b,3,T10_221,train,False
T10_d15_223_a_3.jpg,T10,d15,223,a,3,T10_223,train,False
T10_d15_223_b_3.jpg,T10,d15,223,b,3,T10_223,train,False
T10_d15_227_a_5.jpg,T10,d15,227,a,5,T10_227,train,False
T10_d15_227_b_5.jpg,T10,d15,227,b,5,T10_227,train,False
T10_d15_229_a_3.jpg,T10,d15,229,a,3,T10_229,train,False
T10_d15_229_b_3.jpg,T10,d15,229,b,3,T10_229,train,False
T10_d15_233_a_3.jpg,T10,d15,233,a,3,T10_233,train,False
T10_d15_233_b_3.jpg,T10,d15,233,b,3,T10_233,train,False
T10_d15_234_a_4.jpg,T10,d15,234,a,4,T10_234,train,False
T10_d15_234_b_4.jpg,T10,d15,234,b,4,T10_234,train,False
T10_d15_236_a_3.jpg,T10,d15,236,a,3,T10_236,train,False
T10_d15_236_b_3.jpg,T10,d15,236,b,3,T10_236,train,False
T10_d15_237_a_3.jpg,T10,d15,237,a,3,T10_237,train,False
T10_d15_237_b_3.jpg,T10,d15,237,b,3,T10_237,train,False
T10_d15_243_a_3.jpg,T10,d15,243,a,3,T10_243,train,False
T10_d15_243_b_3.jpg,T10,d15,243,b,3,T10_243,train,False
T10_d15_245_a_4.jpg,T10,d15,245,a,4,T10_245,train,True
T10_d15_245_b_4.jpg,T10,d15,245,b,4,T10_245,train,False
T10_d15_250_a_3.jpg,T10,d15,250,a,3,T10_250,train,False
T10_d15_250_b_3.jpg,T10,d15,250,b,3,T10_250,train,False
T10_d15_252_a_3.jpg,T10,d15,252,a,3,T10_252,train,False
T10_d15_252_b_3.jpg,T10,d15,252,b,3,T10_252,train,False
T10_d15_253_a_3.jpg,T10,d15,253,a,3,T10_253,val,False
T10_d15_253_b_3.jpg,T10,d15,253,b,3,T10_253,val,False
T10_d15_254_a_3.jpg,T10,d15,254,a,3,T10_254,val,False
T10_d15_254_b_3.jpg,T10,d15,254,b,3,T10_254,val,False
T10_d15_262_a_3.jpg,T10,d15,262,a,3,T10_262,train,True
T10_d15_262_b_3.jpg,T10,d15,262,b,3,T10_262,train,False
T10_d15_269_a_4.jpg,T10,d15,269,a,4,T10_269,train,False
T10_d15_269_b_4.jpg,T10,d15,269,b,4,T10_269,train,False
T10_d15_274_a_3.jpg,T10,d15,274,a,3,T10_274,nuevo,False
T10_d15_274_b_3.jpg,T10,d15,274,b,3,T10_274,nuevo,False
T10_d15_275_a_3.jpg,T10,d15,275,a,3,T10_275,test,False
T10_d15_275_b_3.jpg,T10,d15,275,b,3,T10_275,test,False
T10_d15_276_a_3.jpg,T10,d15,276,a,3,T10_276,train,False
T10_d15_276_b_3.jpg,T10,d15,276,b,3,T10_276,train,False
T10_d15_282_a_4.jpg,T10,d15,282,a,4,T10_282,train,False
T10_d15_282_b_4.jpg,T10,d15,282,b,4,T10_282,train,False
T10_d15_283_a_4.jpg,T10,d15,283,a,4,T10_283,train,False
T10_d15_283_b_4.jpg,T10,d15,283,b,4,T10_283,train,False
T10_d15_284_a_4.jpg,T10,d15,284,a,4,T10_284,train,False
T10_d15_284_b_4.jpg,T10,d15,284,b,4,T10_284,train,False
T10_d15_290_a_5.jpg,T10,d15,290,a,5,T10_290,train,False
T10_d15_290_b_5.jpg,T10,d15,290,b,5,T10_290,train,True
T10_d15_292_a_3.jpg,T10,d15,292,a,3,T10_292,val,False
T10_d15_292_b_3.jpg,T10,d15,292,b,3,T10_292,val,True
T10_d15_294_a_5.jpg,T10,d15,294,a,5,T10_294,train,False
T10_d15_294_b_5.jpg,T10,d15,294,b,5,T10_294,train,False
T10_d15_295_a_3.jpg,T10,d15,295,a,3,T10_295,train,False
T10_d15_295_b_3.jpg,T10,d15,295,b,3,T10_295,train,False
T10_d15_296_a_3.jpg,T10,d15,296,a,3,T10_296,train,False
T10_d15_296_b_3.jpg,T10,d15,296,b,3,T10_296,train,False
T10_d15_306_a_3.jpg,T10,d15,306,a,3,T10_306,train,False
T10_d15_306_b_3.jpg,T10,d15,306,b,3,T10_306,train,False
T10_d15_310_a_4.jpg,T10,d15,310,a,4,T10_310,val,False
T10_d15_310_b_4.jpg,T10,d15,310,b,4,T10_310,val,False
T10_d15_314_a_4.jpg,T10,d15,314,a,4,T10_314,nuevo,False
T10_d15_314_b_4.jpg,T10,d15,314,b,4,T10_314,nuevo,False
T10_d15_315_a_3.jpg,T10,d15,315,a,3,T10_315,train,False
T10_d15_315_b_3.jpg,T10,d15,315,b,3,T10_315,train,False
T10_d15_326_a_3.jpg,T10,d15,326,a,3,T10_326,train,False
T10_d15_326_b_3.jpg,T10,d15,326,b,3,T10_326,train,False
T10_d15_327_a_3.jpg,T10,d15,327,a,3,T10_327,train,False
T10_d15_327_b_3.jpg,T10,d15,327,b,3,T10_327,train,False
T10_d15_328_a_3.jpg,T10,d15,328,a,3,T10_328,train,False
T10_d15_328_b_3.jpg,T10,d15,328,b,3,T10_328,train,False
T10_d15_330_a_3.jpg,T10,d15,330,a,3,T10_330,train,False
T10_d15_330_b_3.jpg,T10,d15,330,b,3,T10_330,train,False
T10_d15_331_a_4.jpg,T10,d15,331,a,4,T10_331,test,False
T10_d15_331_b_4.jpg,T10,d15,331,b,4,T10_331,test,False
T10_d15_333_a_3.jpg,T10,d15,333,a,3,T10_333,train,False
T10_d15_333_b_3.jpg,T10,d15,333,b,3,T10_333,train,False
T10_d15_336_a_4.jpg,T10,d15,336,a,4,T10_336,train,False
T10_d15_336_b_4.jpg,T10,d15,336,b,4,T10_336,train,False
T10_d15_337_a_3.jpg,T10,d15,337,a,3,T10_337,train,False
T10_d15_337_b_3.jpg,T10,d15,337,b,3,T10_337,train,False
T10_d15_338_a_3.jpg,T10,d15,338,a,3,T10_338,train,False
T10_d15_338_b_3.jpg,T10,d15,338,b,3,T10_338,train,False
T10_d15_349_a_4.jpg,T10,d15,349,a,4,T10_349,train,False
T10_d15_349_b_4.jpg,T10,d15,349,b,4,T10_349,train,False
T10_d15_350_a_3.jpg,T10,d15,350,a,3,T10_350,train,False
T10_d15_350_b_3.jpg,T10,d15,350,b,3,T10_350,train,False
T10_d15_351_a_3.jpg,T10,d15,351,a,3,T10_351,train,False
T10_d15_351_b_3.jpg,T10,d15,351,b,3,T10_351,train,False
T10_d15_353_a_3.jpg,T10,d15,353,a,3,T10_353,val,False
T10_d15_353_b_3.jpg,T10,d15,353,b,3,T10_353,val,False
T10_d15_355_a_3.jpg,T10,d15,355,a,3,T10_355,train,False
T10_d15_355_b_3.jpg,T10,d15,355,b,3,T10_355,train,False
T10_d15_357_a_3.jpg,T10,d15,357,a,3,T10_357,train,False
T10_d15_357_b_3.jpg,T10,d15,357,b,3,T10_357,train,False
T10_d15_366_a_3.jpg,T10,d15,366,a,3,T10_366,train,False
T10_d15_366_b_3.jpg,T10,d15,366,b,3,T10_366,train,False
T10_d15_367_a_3.jpg,T10,d15,367,a,3,T10_367,train,False
T10_d15_367_b_3.jpg,T10,d15,367,b,3,T10_367,train,False
T10_d15_368_a_3.jpg,T10,d15,368,a,3,T10_368,val,True
T10_d15_368_b_3.jpg,T10,d15,368,b,3,T10_368,val,False
T10_d15_372_a_3.jpg,T10,d15,372,a,3,T10_372,train,False
T10_d15_372_b_3.jpg,T10,d15,372,b,3,T10_372,train,False
T10_d15_375_a_3.jpg,T10,d15,375,a,3,T10_375,val,False
T10_d15_375_b_3.jpg,T10,d15,375,b,3,T10_375,val,True
T10_d15_376_a_4.jpg,T10,d15,376,a,4,T10_376,train,False
T10_d15_376_b_4.jpg,T10,d15,376,b,4,T10_376,train,False
T10_d15_377_a_4.jpg,T10,d15,377,a,4,T10_377,train,False
T10_d15_377_b_4.jpg,T10,d15,377,b,4,T10_377,train,False
T10_d15_381_a_3.jpg,T10,d15,381,a,3,T10_381,train,False
T10_d15_381_b_3.jpg,T10,d15,381,b,3,T10_381,train,False
T10_d15_382_a_4.jpg,T10,d15,382,a,4,T10_382,train,False
T10_d15_382_b_4.jpg,T10,d15,382,b,4,T10_382,train,False
T10_d15_385_a_3.jpg,T10,d15,385,a,3,T10_385,val,False
T10_d15_385_b_3.jpg,T10,d15,385,b,3,T10_385,val,False
T10_d15_387_a_3.jpg,T10,d15,387,a,3,T10_387,train,False
T10_d15_387_b_3.jpg,T10,d15,387,b,3,T10_387,train,False
T10_d15_392_a_4.jpg,T10,d15,392,a,4,T10_392,test,False
T10_d15_392_b_4.jpg,T10,d15,392,b,4,T10_392,test,False
T10_d15_393_a_3.jpg,T10,d15,393,a,3,T10_393,val,False
T10_d15_393_b_3.jpg,T10,d15,393,b,3,T10_393,val,False
T10_d15_395_a_3.jpg,T10,d15,395,a,3,T10_395,test,False
T10_d15_395_b_3.jpg,T10,d15,395,b,3,T10_395,test,True
T10_d15_398_a_4.jpg,T10,d15,398,a,4,T10_398,val,False
T10_d15_398_b_4.jpg,T10,d15,398,b,4,T10_398,val,False
T10_d15_399_a_4.jpg,T10,d15,399,a,4,T10_399,val,False
T10_d15_399_b_4.jpg,T10,d15,399,b,4,T10_399,val,False
T10_d15_400_a_3.jpg,T10,d15,400,a,3,T10_400,train,False
T10_d15_400_b_3.jpg,T10,d15,400,b,3,T10_400,train,False
T10_d15_401_a_3.jpg,T10,d15,401,a,3,T10_401,train,False
T10_d15_401_b_3.jpg,T10,d15,401,b,3,T10_401,train,False
T10_d15_402_a_4.jpg,T10,d15,402,a,4,T10_402,val,False
T10_d15_402_b_4.jpg,T10,d15,402,b,4,T10_402,val,False
T10_d15_405_a_3.jpg,T10,d15,405,a,3,T10_405,train,False
T10_d15_405_b_3.jpg,T10,d15,405,b,3,T10_405,train,False
T10_d15_406_a_4.jpg,T10,d15,406,a,4,T10_406,val,False
T10_d15_406_b_4.jpg,T10,d15,406,b,4,T10_406,val,False
T10_d15_408_a_3.jpg,T10,d15,408,a,3,T10_408,train,False
T10_d15_408_b_3.jpg,T10,d15,408,b,3,T10_408,train,False
T10_d15_410_a_3.jpg,T10,d15,410,a,3,T10_410,train,False
T10_d15_410_b_3.jpg,T10,d15,410,b,3,T10_410,train,False
T10_d15_411_a_3.jpg,T10,d15,411,a,3,T10_411,val,False
T10_d15_411_b_3.jpg,T10,d15,411,b,3,T10_411,val,True
T10_d15_413_a_3.jpg,T10,d15,413,a,3,T10_413,train,False
T10_d15_413_b_3.jpg,T10,d15,413,b,3,T10_413,train,False
T10_d15_414_a_3.jpg,T10,d15,414,a,3,T10_414,train,False
T10_d15_414_b_3.jpg,T10,d15,414,b,3,T10_414,train,True
T10_d15_415_a_3.jpg,T10,d15,415,a,3,T10_415,train,False
T10_d15_415_b_3.jpg,T10,d15,415,b,3,T10_415,train,False
T10_d15_420_a_3.jpg,T10,d15,420,a,3,T10_420,train,False
T10_d15_420_b_3.jpg,T10,d15,420,b,3,T10_420,train,False
T10_d15_422_a_4.jpg,T10,d15,422,a,4,T10_422,train,False
T10_d15_422_b_4.jpg,T10,d15,422,b,4,T10_422,train,False
T10_d15_425_a_3.jpg,T10,d15,425,a,3,T10_425,train,False
T10_d15_425_b_3.jpg,T10,d15,425,b,3,T10_425,train,True
T10_d15_429_a_3.jpg,T10,d15,429,a,3,T10_429,train,False
T10_d15_429_b_3.jpg,T10,d15,429,b,3,T10_429,train,False
T10_d15_430_a_3.jpg,T10,d15,430,a,3,T10_430,val,False
T10_d15_430_b_3.jpg,T10,d15,430,b,3,T10_430,val,False
T10_d15_442_a_3.jpg,T10,d15,442,a,3,T10_442,train,False
T10_d15_442_b_3.jpg,T10,d15,442,b,3,T10_442,train,False
T10_d15_444_a_4.jpg,T10,d15,444,a,4,T10_444,train,False
T10_d15_444_b_4.jpg,T10,d15,444,b,4,T10_444,train,False
T10_d15_445_a_3.jpg,T10,d15,445,a,3,T10_445,train,False
T10_d15_445_b_3.jpg,T10,d15,445,b,3,T10_445,train,False
T10_d15_446_a_4.jpg,T10,d15,446,a,4,T10_446,train,False
T10_d15_446_b_4.jpg,T10,d15,446,b,4,T10_446,train,False
T10_d15_447_a_4.jpg,T10,d15,447,a,4,T10_447,train,False
T10_d15_447_b_4.jpg,T10,d15,447,b,4,T10_447,train,False
T10_d15_448_a_4.jpg,T10,d15,448,a,4,T10_448,train,False
T10_d15_448_b_4.jpg,T10,d15,448,b,4,T10_448,train,False
T10_d15_449_a_3.jpg,T10,d15,449,a,3,T10_449,train,False
T10_d15_449_b_3.jpg,T10,d15,449,b,3,T10_449,train,False
T10_d15_450_a_3.jpg,T10,d15,450,a,3,T10_450,val,False
T10_d15_450_b_3.jpg,T10,d15,450,b,3,T10_450,val,False
T10_d15_451_a_3.jpg,T10,d15,451,a,3,T10_451,val,False
T10_d15_451_b_3.jpg,T10,d15,451,b,3,T10_451,val,False
T10_d15_452_a_3.jpg,T10,d15,452,a,3,T10_452,val,False
T10_d15_452_b_3.jpg,T10,d15,452,b,3,T10_452,val,False
T10_d15_454_a_4.jpg,T10,d15,454,a,4,T10_454,train,True
T10_d15_454_b_4.jpg,T10,d15,454,b,4,T10_454,train,False
T10_d15_458_a_3.jpg,T10,d15,458,a,3,T10_458,train,False
T10_d15_458_b_3.jpg,T10,d15,458,b,3,T10_458,train,False
T10_d15_459_a_3.jpg,T10,d15,459,a,3,T10_459,train,False
T10_d15_459_b_3.jpg,T10,d15,459,b,3,T10_459,train,False
T10_d15_470_a_4.jpg,T10,d15,470,a,4,T10_470,train,True
T10_d15_470_b_4.jpg,T10,d15,470,b,4,T10_470,train,False
T10_d15_471_a_3.jpg,T10,d15,471,a,3,T10_471,test,False
T10_d15_471_b_3.jpg,T10,d15,471,b,3,T10_471,test,False
T10_d15_475_a_4.jpg,T10,d15,475,a,4,T10_475,train,False
T10_d15_475_b_4.jpg,T10,d15,475,b,4,T10_475,train,False
T10_d15_478_a_3.jpg,T10,d15,478,a,3,T10_478,val,False
T10_d15_478_b_3.jpg,T10,d15,478,b,3,T10_478,val,False
T10_d16_002_a_4.jpg,T10,d16,002,a,4,T10_002,train,False
T10_d16_002_b_4.jpg,T10,d16,002,b,4,T10_002,train,False
T10_d16_003_a_4.jpg,T10,d16,003,a,4,T10_003,train,False
T10_d16_003_b_4.jpg,T10,d16,003,b,4,T10_003,train,False
T10_d16_007_a_3.jpg,T10,d16,007,a,3,T10_007,train,False
T10_d16_007_b_3.jpg,T10,d16,007,b,3,T10_007,train,False
T10_d16_011_a_3.jpg,T10,d16,011,a,3,T10_011,train,False
T10_d16_011_b_3.jpg,T10,d16,011,b,3,T10_011,train,False
T10_d16_012_a_4.jpg,T10,d16,012,a,4,T10_012,val,False
T10_d16_012_b_4.jpg,T10,d16,012,b,4,T10_012,val,False
T10_d16_013_a_3.jpg,T10,d16,013,a,3,T10_013,train,False
T10_d16_013_b_3.jpg,T10,d16,013,b,3,T10_013,train,True
T10_d16_014_a_3.jpg,T10,d16,014,a,3,T10_014,val,False
T10_d16_014_b_3.jpg,T10,d16,014,b,3,T10_014,val,False
T10_d16_015_a_4.jpg,T10,d16,015,a,4,T10_015,test,False
T10_d16_015_b_4.jpg,T10,d16,015,b,4,T10_015,test,False
T10_d16_018_a_4.jpg,T10,d16,018,a,4,T10_018,val,False
T10_d16_018_b_4.jpg,T10,d16,018,b,4,T10_018,val,False
T10_d16_021_a_3.jpg,T10,d16,021,a,3,T10_021,train,False
T10_d16_021_b_3.jpg,T10,d16,021,b,3,T10_021,train,False
T10_d16_022_a_4.jpg,T10,d16,022,a,4,T10_022,train,False
T10_d16_022_b_4.jpg,T10,d16,022,b,4,T10_022,train,False
T10_d16_026_a_4.jpg,T10,d16,026,a,4,T10_026,train,True
T10_d16_026_b_4.jpg,T10,d16,026,b,4,T10_026,train,True
T10_d16_027_a_4.jpg,T10,d16,027,a,4,T10_027,train,False
T10_d16_027_b_4.jpg,T10,d16,027,b,4,T10_027,train,False
T10_d16_034_a_4.jpg,T10,d16,034,a,4,T10_034,train,True
T10_d16_034_b_4.jpg,T10,d16,034,b,4,T10_034,train,False
T10_d16_035_a_4.jpg,T10,d16,035,a,4,T10_035,val,False
T10_d16_035_b_4.jpg,T10,d16,035,b,4,T10_035,val,False
T10_d16_041_a_4.jpg,T10,d16,041,a,4,T10_041,val,False
T10_d16_041_b_4.jpg,T10,d16,041,b,4,T10_041,val,False
T10_d16_046_a_4.jpg,T10,d16,046,a,4,T10_046,train,False
T10_d16_046_b_4.jpg,T10,d16,046,b,4,T10_046,train,False
T10_d16_047_a_3.jpg,T10,d16,047,a,3,T10_047,train,False
T10_d16_047_b_3.jpg,T10,d16,047,b,3,T10_047,train,False
T10_d16_048_a_3.jpg,T10,d16,048,a,3,T10_048,train,False
T10_d16_048_b_3.jpg,T10,d16,048,b,3,T10_048,train,False
T10_d16_055_a_3.jpg,T10,d16,055,a,3,T10_055,train,True
T10_d16_055_b_3.jpg,T10,d16,055,b,3,T10_055,train,False
T10_d16_058_a_4.jpg,T10,d16,058,a,4,T10_058,val,False
T10_d16_058_b_4.jpg,T10,d16,058,b,4,T10_058,val,False
T10_d16_061_a_4.jpg,T10,d16,061,a,4,T10_061,train,True
T10_d16_061_b_4.jpg,T10,d16,061,b,4,T10_061,train,False
T10_d16_067_a_3.jpg,T10,d16,067,a,3,T10_067,train,False
T10_d16_067_b_3.jpg,T10,d16,067,b,3,T10_067,train,False
T10_d16_069_a_4.jpg,T10,d16,069,a,4,T10_069,train,False
T10_d16_069_b_4.jpg,T10,d16,069,b,4,T10_069,train,False
T10_d16_072_a_3.jpg,T10,d16,072,a,3,T10_072,val,False
T10_d16_072_b_3.jpg,T10,d16,072,b,3,T10_072,val,False
T10_d16_080_a_3.jpg,T10,d16,080,a,3,T10_080,val,False
T10_d16_080_b_3.jpg,T10,d16,080,b,3,T10_080,val,False
T10_d16_083_a_4.jpg,T10,d16,083,a,4,T10_083,train,False
T10_d16_083_b_4.jpg,T10,d16,083,b,4,T10_083,train,False
T10_d16_087_a_4.jpg,T10,d16,087,a,4,T10_087,val,False
T10_d16_087_b_4.jpg,T10,d16,087,b,4,T10_087,val,False
T10_d16_089_a_3.jpg,T10,d16,089,a,3,T10_089,train,False
T10_d16_089_b_3.jpg,T10,d16,089,b,3,T10_089,train,False
T10_d16_092_a_4.jpg,T10,d16,092,a,4,T10_092,test,False
T10_d16_092_b_4.jpg,T10,d16,092,b,4,T10_092,test,False
T10_d16_093_a_3.jpg,T10,d16,093,a,3,T10_093,train,False
T10_d16_093_b_3.jpg,T10,d16,093,b,3,T10_093,train,False
T10_d16_094_a_3.jpg,T10,d16,094,a,3,T10_094,train,False
T10_d16_094_b_3.jpg,T10,d16,094,b,3,T10_094,train,False
T10_d16_096_a_2.jpg,T10,d16,096,a,2,T10_096,train,False
T10_d16_096_b_2.jpg,T10,d16,096,b,2,T10_096,train,True
T10_d16_097_a_3.jpg,T10,d16,097,a,3,T10_097,train,False
T10_d16_097_b_3.jpg,T10,d16,097,b,3,T10_097,train,False
T10_d16_098_a_3.jpg,T10,d16,098,a,3,T10_098,train,False
T10_d16_098_b_3.jpg,T10,d16,098,b,3,T10_098,train,False
T10_d16_099_a_3.jpg,T10,d16,099,a,3,T10_099,train,False
T10_d16_099_b_3.jpg,T10,d16,099,b,3,T10_099,train,False
T10_d16_108_a_3.jpg,T10,d16,108,a,3,T10_108,train,False
T10_d16_108_b_3.jpg,T10,d16,108,b,3,T10_108,train,False
T10_d16_110_a_3.jpg,T10,d16,110,a,3,T10_110,train,False
T10_d16_110_b_3.jpg,T10,d16,110,b,3,T10_110,train,False
T10_d16_111_a_3.jpg,T10,d16,111,a,3,T10_111,val,False
T10_d16_111_b_3.jpg,T10,d16,111,b,3,T10_111,val,True
T10_d16_113_a_3.jpg,T10,d16,113,a,3,T10_113,train,False
T10_d16_113_b_3.jpg,T10,d16,113,b,3,T10_113,train,False
T10_d16_118_a_4.jpg,T10,d16,118,a,4,T10_118,train,False
T10_d16_118_b_4.jpg,T10,d16,118,b,4,T10_118,train,False
T10_d16_122_a_3.jpg,T10,d16,122,a,3,T10_122,train,True
T10_d16_122_b_3.jpg,T10,d16,122,b,3,T10_122,train,False
T10_d16_125_a_3.jpg,T10,d16,125,a,3,T10_125,train,False
T10_d16_125_b_3.jpg,T10,d16,125,b,3,T10_125,train,False
T10_d16_128_a_3.jpg,T10,d16,128,a,3,T10_128,train,False
T10_d16_128_b_3.jpg,T10,d16,128,b,3,T10_128,train,False
T10_d16_129_a_3.jpg,T10,d16,129,a,3,T10_129,train,True
T10_d16_129_b_3.jpg,T10,d16,129,b,3,T10_129,train,False
T10_d16_130_a_3.jpg,T10,d16,130,a,3,T10_130,train,False
T10_d16_130_b_3.jpg,T10,d16,130,b,3,T10_130,train,False
T10_d16_131_a_3.jpg,T10,d16,131,a,3,T10_131,train,False
T10_d16_131_b_3.jpg,T10,d16,131,b,3,T10_131,train,False
T10_d16_133_a_3.jpg,T10,d16,133,a,3,T10_133,train,False
T10_d16_133_b_3.jpg,T10,d16,133,b,3,T10_133,train,False
T10_d16_136_a_3.jpg,T10,d16,136,a,3,T10_136,val,False
T10_d16_136_b_3.jpg,T10,d16,136,b,3,T10_136,val,False
T10_d16_138_a_3.jpg,T10,d16,138,a,3,T10_138,train,True
T10_d16_138_b_3.jpg,T10,d16,138,b,3,T10_138,train,False
T10_d16_145_a_3.jpg,T10,d16,145,a,3,T10_145,train,False
T10_d16_145_b_3.jpg,T10,d16,145,b,3,T10_145,train,False
T10_d16_149_a_3.jpg,T10,d16,149,a,3,T10_149,train,False
T10_d16_149_b_3.jpg,T10,d16,149,b,3,T10_149,train,False
T10_d16_152_a_3.jpg,T10,d16,152,a,3,T10_152,train,False
T10_d16_152_b_3.jpg,T10,d16,152,b,3,T10_152,train,False
T10_d16_156_a_4.jpg,T10,d16,156,a,4,T10_156,train,False
T10_d16_156_b_4.jpg,T10,d16,156,b,4,T10_156,train,False
T10_d16_165_a_3.jpg,T10,d16,165,a,3,T10_165,train,False
T10_d16_165_b_3.jpg,T10,d16,165,b,3,T10_165,train,False
T10_d16_166_a_3.jpg,T10,d16,166,a,3,T10_166,train,False
T10_d16_166_b_3.jpg,T10,d16,166,b,3,T10_166,train,False
T10_d16_167_a_3.jpg,T10,d16,167,a,3,T10_167,train,False
T10_d16_167_b_3.jpg,T10,d16,167,b,3,T10_167,train,False
T10_d16_168_a_4.jpg,T10,d16,168,a,4,T10_168,train,False
T10_d16_168_b_4.jpg,T10,d16,168,b,4,T10_168,train,False
T10_d16_172_a_4.jpg,T10,d16,172,a,4,T10_172,train,False
T10_d16_172_b_4.jpg,T10,d16,172,b,4,T10_172,train,False
T10_d16_181_a_3.jpg,T10,d16,181,a,3,T10_181,train,False
T10_d16_181_b_3.jpg,T10,d16,181,b,3,T10_181,train,False
T10_d16_186_a_3.jpg,T10,d16,186,a,3,T10_186,val,False
T10_d16_186_b_3.jpg,T10,d16,186,b,3,T10_186,val,True
T10_d16_193_a_3.jpg,T10,d16,193,a,3,T10_193,train,False
T10_d16_193_b_3.jpg,T10,d16,193,b,3,T10_193,train,False
T10_d16_194_a_3.jpg,T10,d16,194,a,3,T10_194,train,False
T10_d16_194_b_3.jpg,T10,d16,194,b,3,T10_194,train,False
T10_d16_196_a_3.jpg,T10,d16,196,a,3,T10_196,train,False
T10_d16_196_b_3.jpg,T10,d16,196,b,3,T10_196,train,False
T10_d16_202_a_4.jpg,T10,d16,202,a,4,T10_202,train,True
T10_d16_202_b_4.jpg,T10,d16,202,b,4,T10_202,train,False
T10_d16_204_a_3.jpg,T10,d16,204,a,3,T10_204,train,False
T10_d16_204_b_3.jpg,T10,d16,204,b,3,T10_204,train,False
T10_d16_206_a_3.jpg,T10,d16,206,a,3,T10_206,train,False
T10_d16_206_b_3.jpg,T10,d16,206,b,3,T10_206,train,False
T10_d16_211_a_3.jpg,T10,d16,211,a,3,T10_211,train,False
T10_d16_211_b_3.jpg,T10,d16,211,b,3,T10_211,train,False
T10_d16_213_a_3.jpg,T10,d16,213,a,3,T10_213,train,False
T10_d16_213_b_3.jpg,T10,d16,213,b,3,T10_213,train,False
T10_d16_215_a_3.jpg,T10,d16,215,a,3,T10_215,train,False
T10_d16_215_b_3.jpg,T10,d16,215,b,3,T10_215,train,False
T10_d16_217_a_3.jpg,T10,d16,217,a,3,T10_217,train,False
T10_d16_217_b_3.jpg,T10,d16,217,b,3,T10_217,train,False
T10_d16_219_a_4.jpg,T10,d16,219,a,4,T10_219,test,False
T10_d16_219_b_4.jpg,T10,d16,219,b,4,T10_219,test,False
T10_d16_220_a_3.jpg,T10,d16,220,a,3,T10_220,val,False
T10_d16_220_b_3.jpg,T10,d16,220,b,3,T10_220,val,False
T10_d16_221_a_3.jpg,T10,d16,221,a,3,T10_221,train,False
T10_d16_221_b_3.jpg,T10,d16,221,b,3,T10_221,train,False
T10_d16_223_a_3.jpg,T10,d16,223,a,3,T10_223,train,False
T10_d16_223_b_3.jpg,T10,d16,223,b,3,T10_223,train,False
T10_d16_227_a_5.jpg,T10,d16,227,a,5,T10_227,train,False
T10_d16_227_b_5.jpg,T10,d16,227,b,5,T10_227,train,False
T10_d16_229_a_3.jpg,T10,d16,229,a,3,T10_229,train,False
T10_d16_229_b_3.jpg,T10,d16,229,b,3,T10_229,train,False
T10_d16_233_a_3.jpg,T10,d16,233,a,3,T10_233,train,False
T10_d16_233_b_3.jpg,T10,d16,233,b,3,T10_233,train,True
T10_d16_234_a_4.jpg,T10,d16,234,a,4,T10_234,train,False
T10_d16_234_b_4.jpg,T10,d16,234,b,4,T10_234,train,False
T10_d16_236_a_3.jpg,T10,d16,236,a,3,T10_236,train,False
T10_d16_236_b_3.jpg,T10,d16,236,b,3,T10_236,train,False
T10_d16_237_a_3.jpg,T10,d16,237,a,3,T10_237,train,True
T10_d16_237_b_3.jpg,T10,d16,237,b,3,T10_237,train,False
T10_d16_243_a_3.jpg,T10,d16,243,a,3,T10_243,train,False
T10_d16_243_b_3.jpg,T10,d16,243,b,3,T10_243,train,False
T10_d16_245_a_4.jpg,T10,d16,245,a,4,T10_245,train,False
T10_d16_245_b_4.jpg,T10,d16,245,b,4,T10_245,train,True
T10_d16_250_a_3.jpg,T10,d16,250,a,3,T10_250,train,False
T10_d16_250_b_3.jpg,T10,d16,250,b,3,T10_250,train,False
T10_d16_252_a_3.jpg,T10,d16,252,a,3,T10_252,train,False
T10_d16_252_b_3.jpg,T10,d16,252,b,3,T10_252,train,False
T10_d16_253_a_3.jpg,T10,d16,253,a,3,T10_253,val,False
T10_d16_253_b_3.jpg,T10,d16,253,b,3,T10_253,val,False
T10_d16_254_a_3.jpg,T10,d16,254,a,3,T10_254,val,False
T10_d16_254_b_3.jpg,T10,d16,254,b,3,T10_254,val,False
T10_d16_262_a_3.jpg,T10,d16,262,a,3,T10_262,train,False
T10_d16_262_b_3.jpg,T10,d16,262,b,3,T10_262,train,False
T10_d16_269_a_4.jpg,T10,d16,269,a,4,T10_269,train,False
T10_d16_269_b_4.jpg,T10,d16,269,b,4,T10_269,train,False
T10_d16_274_a_3.jpg,T10,d16,274,a,3,T10_274,nuevo,False
T10_d16_274_b_3.jpg,T10,d16,274,b,3,T10_274,nuevo,False
T10_d16_275_a_3.jpg,T10,d16,275,a,3,T10_275,test,False
T10_d16_275_b_3.jpg,T10,d16,275,b,3,T10_275,test,True
T10_d16_276_a_3.jpg,T10,d16,276,a,3,T10_276,train,True
T10_d16_276_b_3.jpg,T10,d16,276,b,3,T10_276,train,False
T10_d16_282_a_4.jpg,T10,d16,282,a,4,T10_282,train,False
T10_d16_282_b_4.jpg,T10,d16,282,b,4,T10_282,train,False
T10_d16_283_a_5.jpg,T10,d16,283,a,5,T10_283,train,False
T10_d16_283_b_5.jpg,T10,d16,283,b,5,T10_283,train,False
T10_d16_284_a_4.jpg,T10,d16,284,a,4,T10_284,train,False
T10_d16_284_b_4.jpg,T10,d16,284,b,4,T10_284,train,False
T10_d16_290_a_5.jpg,T10,d16,290,a,5,T10_290,train,False
T10_d16_290_b_5.jpg,T10,d16,290,b,5,T10_290,train,False
T10_d16_292_a_3.jpg,T10,d16,292,a,3,T10_292,val,False
T10_d16_292_b_3.jpg,T10,d16,292,b,3,T10_292,val,False
T10_d16_294_a_5.jpg,T10,d16,294,a,5,T10_294,train,False
T10_d16_294_b_5.jpg,T10,d16,294,b,5,T10_294,train,False
T10_d16_295_a_3.jpg,T10,d16,295,a,3,T10_295,train,False
T10_d16_295_b_3.jpg,T10,d16,295,b,3,T10_295,train,False
T10_d16_296_a_3.jpg,T10,d16,296,a,3,T10_296,train,False
T10_d16_296_b_3.jpg,T10,d16,296,b,3,T10_296,train,False
T10_d16_306_a_3.jpg,T10,d16,306,a,3,T10_306,train,False
T10_d16_306_b_3.jpg,T10,d16,306,b,3,T10_306,train,False
T10_d16_310_a_4.jpg,T10,d16,310,a,4,T10_310,val,False
T10_d16_310_b_4.jpg,T10,d16,310,b,4,T10_310,val,False
T10_d16_315_a_3.jpg,T10,d16,315,a,3,T10_315,train,False
T10_d16_315_b_3.jpg,T10,d16,315,b,3,T10_315,train,False
T10_d16_326_a_3.jpg,T10,d16,326,a,3,T10_326,train,False
T10_d16_326_b_3.jpg,T10,d16,326,b,3,T10_326,train,False
T10_d16_327_a_3.jpg,T10,d16,327,a,3,T10_327,train,False
T10_d16_327_b_3.jpg,T10,d16,327,b,3,T10_327,train,False
T10_d16_328_a_3.jpg,T10,d16,328,a,3,T10_328,train,False
T10_d16_328_b_3.jpg,T10,d16,328,b,3,T10_328,train,False
T10_d16_330_a_3.jpg,T10,d16,330,a,3,T10_330,train,False
T10_d16_330_b_3.jpg,T10,d16,330,b,3,T10_330,train,False
T10_d16_331_a_4.jpg,T10,d16,331,a,4,T10_331,test,False
T10_d16_331_b_4.jpg,T10,d16,331,b,4,T10_331,test,False
T10_d16_333_a_3.jpg,T10,d16,333,a,3,T10_333,train,False
T10_d16_333_b_3.jpg,T10,d16,333,b,3,T10_333,train,False
T10_d16_336_a_4.jpg,T10,d16,336,a,4,T10_336,train,False
T10_d16_336_b_4.jpg,T10,d16,336,b,4,T10_336,train,False
T10_d16_337_a_3.jpg,T10,d16,337,a,3,T10_337,train,False
T10_d16_337_b_3.jpg,T10,d16,337,b,3,T10_337,train,False
T10_d16_338_a_3.jpg,T10,d16,338,a,3,T10_338,train,False
T10_d16_338_b_3.jpg,T10,d16,338,b,3,T10_338,train,False
T10_d16_349_a_4.jpg,T10,d16,349,a,4,T10_349,train,False
T10_d16_349_b_4.jpg,T10,d16,349,b,4,T10_349,train,False
T10_d16_350_a_3.jpg,T10,d16,350,a,3,T10_350,train,False
T10_d16_350_b_3.jpg,T10,d16,350,b,3,T10_350,train,False
T10_d16_351_a_3.jpg,T10,d16,351,a,3,T10_351,train,False
T10_d16_351_b_3.jpg,T10,d16,351,b,3,T10_351,train,True
T10_d16_353_a_4.jpg,T10,d16,353,a,4,T10_353,val,False
T10_d16_353_b_4.jpg,T10,d16,353,b,4,T10_353,val,False
T10_d16_355_a_4.jpg,T10,d16,355,a,4,T10_355,train,False
T10_d16_355_b_4.jpg,T10,d16,355,b,4,T10_355,train,False
T10_d16_357_a_3.jpg,T10,d16,357,a,3,T10_357,train,False
T10_d16_357_b_3.jpg,T10,d16,357,b,3,T10_357,train,False
T10_d16_366_a_3.jpg,T10,d16,366,a,3,T10_366,train,False
T10_d16_366_b_3.jpg,T10,d16,366,b,3,T10_366,train,False
T10_d16_367_a_3.jpg,T10,d16,367,a,3,T10_367,train,False
T10_d16_367_b_3.jpg,T10,d16,367,b,3,T10_367,train,False
T10_d16_372_a_3.jpg,T10,d16,372,a,3,T10_372,train,False
T10_d16_372_b_3.jpg,T10,d16,372,b,3,T10_372,train,False
T10_d16_375_a_3.jpg,T10,d16,375,a,3,T10_375,val,False
T10_d16_375_b_3.jpg,T10,d16,375,b,3,T10_375,val,False
T10_d16_376_a_4.jpg,T10,d16,376,a,4,T10_376,train,False
T10_d16_376_b_4.jpg,T10,d16,376,b,4,T10_376,train,False
T10_d16_377_a_4.jpg,T10,d16,377,a,4,T10_377,train,False
T10_d16_377_b_4.jpg,T10,d16,377,b,4,T10_377,train,False
T10_d16_381_a_3.jpg,T10,d16,381,a,3,T10_381,train,False
T10_d16_381_b_3.jpg,T10,d16,381,b,3,T10_381,train,False
T10_d16_382_a_4.jpg,T10,d16,382,a,4,T10_382,train,False
T10_d16_382_b_4.jpg,T10,d16,382,b,4,T10_382,train,False
T10_d16_385_a_3.jpg,T10,d16,385,a,3,T10_385,val,False
T10_d16_385_b_3.jpg,T10,d16,385,b,3,T10_385,val,False
T10_d16_387_a_3.jpg,T10,d16,387,a,3,T10_387,train,False
T10_d16_387_b_3.jpg,T10,d16,387,b,3,T10_387,train,False
T10_d16_392_a_4.jpg,T10,d16,392,a,4,T10_392,test,False
T10_d16_392_b_4.jpg,T10,d16,392,b,4,T10_392,test,True
T10_d16_393_a_3.jpg,T10,d16,393,a,3,T10_393,val,False
T10_d16_393_b_3.jpg,T10,d16,393,b,3,T10_393,val,False
T10_d16_395_a_3.jpg,T10,d16,395,a,3,T10_395,test,False
T10_d16_395_b_3.jpg,T10,d16,395,b,3,T10_395,test,False
T10_d16_398_a_4.jpg,T10,d16,398,a,4,T10_398,val,False
T10_d16_398_b_4.jpg,T10,d16,398,b,4,T10_398,val,False
T10_d16_399_a_4.jpg,T10,d16,399,a,4,T10_399,val,False
T10_d16_399_b_4.jpg,T10,d16,399,b,4,T10_399,val,False
T10_d16_400_a_3.jpg,T10,d16,400,a,3,T10_400,train,False
T10_d16_400_b_3.jpg,T10,d16,400,b,3,T10_400,train,False
T10_d16_401_a_3.jpg,T10,d16,401,a,3,T10_401,train,False
T10_d16_401_b_3.jpg,T10,d16,401,b,3,T10_401,train,False
T10_d16_402_a_4.jpg,T10,d16,402,a,4,T10_402,val,False
T10_d16_402_b_4.jpg,T10,d16,402,b,4,T10_402,val,False
T10_d16_405_a_3.jpg,T10,d16,405,a,3,T10_405,train,True
T10_d16_405_b_3.jpg,T10,d16,405,b,3,T10_405,train,False
T10_d16_406_a_4.jpg,T10,d16,406,a,4,T10_406,val,False
T10_d16_406_b_4.jpg,T10,d16,406,b,4,T10_406,val,False
T10_d16_408_a_3.jpg,T10,d16,408,a,3,T10_408,train,False
T10_d16_408_b_3.jpg,T10,d16,408,b,3,T10_408,train,False
T10_d16_410_a_3.jpg,T10,d16,410,a,3,T10_410,train,False
T10_d16_410_b_3.jpg,T10,d16,410,b,3,T10_410,train,False
T10_d16_411_a_3.jpg,T10,d16,411,a,3,T10_411,val,False
T10_d16_411_b_3.jpg,T10,d16,411,b,3,T10_411,val,False
T10_d16_413_a_3.jpg,T10,d16,413,a,3,T10_413,train,False
T10_d16_413_b_3.jpg,T10,d16,413,b,3,T10_413,train,False
T10_d16_414_a_3.jpg,T10,d16,414,a,3,T10_414,train,False
T10_d16_414_b_3.jpg,T10,d16,414,b,3,T10_414,train,False
T10_d16_415_a_3.jpg,T10,d16,415,a,3,T10_415,train,False
T10_d16_415_b_3.jpg,T10,d16,415,b,3,T10_415,train,False
T10_d16_420_a_3.jpg,T10,d16,420,a,3,T10_420,train,False
T10_d16_420_b_3.jpg,T10,d16,420,b,3,T10_420,train,False
T10_d16_422_a_4.jpg,T10,d16,422,a,4,T10_422,train,False
T10_d16_422_b_4.jpg,T10,d16,422,b,4,T10_422,train,False
T10_d16_425_a_3.jpg,T10,d16,425,a,3,T10_425,train,False
T10_d16_425_b_3.jpg,T10,d16,425,b,3,T10_425,train,False
T10_d16_429_a_3.jpg,T10,d16,429,a,3,T10_429,train,True
T10_d16_429_b_3.jpg,T10,d16,429,b,3,T10_429,train,False
T10_d16_430_a_4.jpg,T10,d16,430,a,4,T10_430,val,False
T10_d16_430_b_4.jpg,T10,d16,430,b,4,T10_430,val,False
T10_d16_442_a_3.jpg,T10,d16,442,a,3,T10_442,train,False
T10_d16_442_b_3.jpg,T10,d16,442,b,3,T10_442,train,False
T10_d16_444_a_4.jpg,T10,d16,444,a,4,T10_444,train,False
T10_d16_444_b_4.jpg,T10,d16,444,b,4,T10_444,train,False
T10_d16_445_a_3.jpg,T10,d16,445,a,3,T10_445,train,False
T10_d16_445_b_3.jpg,T10,d16,445,b,3,T10_445,train,False
T10_d16_446_a_4.jpg,T10,d16,446,a,4,T10_446,train,False
T10_d16_446_b_4.jpg,T10,d16,446,b,4,T10_446,train,False
T10_d16_447_a_4.jpg,T10,d16,447,a,4,T10_447,train,True
T10_d16_447_b_4.jpg,T10,d16,447,b,4,T10_447,train,False
T10_d16_448_a_5.jpg,T10,d16,448,a,5,T10_448,train,False
T10_d16_448_b_5.jpg,T10,d16,448,b,5,T10_448,train,False
T10_d16_449_a_3.jpg,T10,d16,449,a,3,T10_449,train,False
T10_d16_449_b_3.jpg,T10,d16,449,b,3,T10_449,train,True
T10_d16_450_a_3.jpg,T10,d16,450,a,3,T10_450,val,False
T10_d16_450_b_3.jpg,T10,d16,450,b,3,T10_450,val,False
T10_d16_451_a_4.jpg,T10,d16,451,a,4,T10_451,val,False
T10_d16_451_b_4.jpg,T10,d16,451,b,4,T10_451,val,False
T10_d16_452_a_3.jpg,T10,d16,452,a,3,T10_452,val,False
T10_d16_452_b_3.jpg,T10,d16,452,b,3,T10_452,val,False
T10_d16_454_a_4.jpg,T10,d16,454,a,4,T10_454,train,False
T10_d16_454_b_4.jpg,T10,d16,454,b,4,T10_454,train,False
T10_d16_458_a_4.jpg,T10,d16,458,a,4,T10_458,train,False
T10_d16_458_b_4.jpg,T10,d16,458,b,4,T10_458,train,False
T10_d16_459_a_3.jpg,T10,d16,459,a,3,T10_459,train,False
T10_d16_459_b_3.jpg,T10,d16,459,b,3,T10_459,train,False
T10_d16_470_a_4.jpg,T10,d16,470,a,4,T10_470,train,False
T10_d16_470_b_4.jpg,T10,d16,470,b,4,T10_470,train,False
T10_d16_471_a_3.jpg,T10,d16,471,a,3,T10_471,test,False
T10_d16_471_b_3.jpg,T10,d16,471,b,3,T10_471,test,False
T10_d16_475_a_4.jpg,T10,d16,475,a,4,T10_475,train,False
T10_d16_475_b_4.jpg,T10,d16,475,b,4,T10_475,train,False
T10_d16_478_a_3.jpg,T10,d16,478,a,3,T10_478,val,False
T10_d16_478_b_3.jpg,T10,d16,478,b,3,T10_478,val,False
T10_d17_002_a_4.jpg,T10,d17,002,a,4,T10_002,train,False
T10_d17_002_b_4.jpg,T10,d17,002,b,4,T10_002,train,False
T10_d17_003_a_4.jpg,T10,d17,003,a,4,T10_003,train,False
T10_d17_003_b_4.jpg,T10,d17,003,b,4,T10_003,train,False
T10_d17_007_a_4.jpg,T10,d17,007,a,4,T10_007,train,False
T10_d17_007_b_4.jpg,T10,d17,007,b,4,T10_007,train,False
T10_d17_011_a_4.jpg,T10,d17,011,a,4,T10_011,train,False
T10_d17_011_b_4.jpg,T10,d17,011,b,4,T10_011,train,True
T10_d17_012_a_5.jpg,T10,d17,012,a,5,T10_012,val,False
T10_d17_012_b_5.jpg,T10,d17,012,b,5,T10_012,val,True
T10_d17_013_a_3.jpg,T10,d17,013,a,3,T10_013,train,False
T10_d17_013_b_3.jpg,T10,d17,013,b,3,T10_013,train,False
T10_d17_014_a_3.jpg,T10,d17,014,a,3,T10_014,val,False
T10_d17_014_b_3.jpg,T10,d17,014,b,3,T10_014,val,False
T10_d17_015_a_4.jpg,T10,d17,015,a,4,T10_015,test,False
T10_d17_015_b_4.jpg,T10,d17,015,b,4,T10_015,test,False
T10_d17_018_a_4.jpg,T10,d17,018,a,4,T10_018,val,False
T10_d17_018_b_4.jpg,T10,d17,018,b,4,T10_018,val,False
T10_d17_021_a_4.jpg,T10,d17,021,a,4,T10_021,train,False
T10_d17_021_b_4.jpg,T10,d17,021,b,4,T10_021,train,False
T10_d17_022_a_4.jpg,T10,d17,022,a,4,T10_022,train,False
T10_d17_022_b_4.jpg,T10,d17,022,b,4,T10_022,train,False
T10_d17_026_a_4.jpg,T10,d17,026,a,4,T10_026,train,False
T10_d17_026_b_4.jpg,T10,d17,026,b,4,T10_026,train,False
T10_d17_027_a_4.jpg,T10,d17,027,a,4,T10_027,train,False
T10_d17_027_b_4.jpg,T10,d17,027,b,4,T10_027,train,True
T10_d17_034_a_4.jpg,T10,d17,034,a,4,T10_034,train,False
T10_d17_034_b_4.jpg,T10,d17,034,b,4,T10_034,train,False
T10_d17_035_a_4.jpg,T10,d17,035,a,4,T10_035,val,False
T10_d17_035_b_4.jpg,T10,d17,035,b,4,T10_035,val,False
T10_d17_041_a_4.jpg,T10,d17,041,a,4,T10_041,val,False
T10_d17_041_b_4.jpg,T10,d17,041,b,4,T10_041,val,False
T10_d17_046_a_4.jpg,T10,d17,046,a,4,T10_046,train,False
T10_d17_046_b_4.jpg,T10,d17,046,b,4,T10_046,train,False
T10_d17_047_a_3.jpg,T10,d17,047,a,3,T10_047,train,True
T10_d17_047_b_3.jpg,T10,d17,047,b,3,T10_047,train,False
T10_d17_048_a_4.jpg,T10,d17,048,a,4,T10_048,train,False
T10_d17_048_b_4.jpg,T10,d17,048,b,4,T10_048,train,False
T10_d17_055_a_4.jpg,T10,d17,055,a,4,T10_055,train,False
T10_d17_055_b_4.jpg,T10,d17,055,b,4,T10_055,train,False
T10_d17_058_a_4.jpg,T10,d17,058,a,4,T10_058,val,False
T10_d17_058_b_4.jpg,T10,d17,058,b,4,T10_058,val,False
T10_d17_061_a_4.jpg,T10,d17,061,a,4,T10_061,train,True
T10_d17_061_b_4.jpg,T10,d17,061,b,4,T10_061,train,False
T10_d17_067_a_3.jpg,T10,d17,067,a,3,T10_067,train,False
T10_d17_067_b_3.jpg,T10,d17,067,b,3,T10_067,train,True
T10_d17_069_a_4.jpg,T10,d17,069,a,4,T10_069,train,False
T10_d17_069_b_4.jpg,T10,d17,069,b,4,T10_069,train,False
T10_d17_072_a_4.jpg,T10,d17,072,a,4,T10_072,val,False
T10_d17_072_b_4.jpg,T10,d17,072,b,4,T10_072,val,False
T10_d17_080_a_3.jpg,T10,d17,080,a,3,T10_080,val,False
T10_d17_080_b_3.jpg,T10,d17,080,b,3,T10_080,val,False
T10_d17_083_a_4.jpg,T10,d17,083,a,4,T10_083,train,False
T10_d17_083_b_4.jpg,T10,d17,083,b,4,T10_083,train,False
T10_d17_087_a_4.jpg,T10,d17,087,a,4,T10_087,val,False
T10_d17_087_b_4.jpg,T10,d17,087,b,4,T10_087,val,False
T10_d17_089_a_4.jpg,T10,d17,089,a,4,T10_089,train,False
T10_d17_089_b_4.jpg,T10,d17,089,b,4,T10_089,train,False
T10_d17_092_a_4.jpg,T10,d17,092,a,4,T10_092,test,False
T10_d17_092_b_4.jpg,T10,d17,092,b,4,T10_092,test,False
T10_d17_093_a_3.jpg,T10,d17,093,a,3,T10_093,train,False
T10_d17_093_b_3.jpg,T10,d17,093,b,3,T10_093,train,False
T10_d17_094_a_4.jpg,T10,d17,094,a,4,T10_094,train,True
T10_d17_094_b_4.jpg,T10,d17,094,b,4,T10_094,train,False
T10_d17_096_a_3.jpg,T10,d17,096,a,3,T10_096,train,False
T10_d17_096_b_3.jpg,T10,d17,096,b,3,T10_096,train,False
T10_d17_097_a_3.jpg,T10,d17,097,a,3,T10_097,train,False
T10_d17_097_b_3.jpg,T10,d17,097,b,3,T10_097,train,False
T10_d17_098_a_4.jpg,T10,d17,098,a,4,T10_098,train,False
T10_d17_098_b_4.jpg,T10,d17,098,b,4,T10_098,train,False
T10_d17_099_a_3.jpg,T10,d17,099,a,3,T10_099,train,False
T10_d17_099_b_3.jpg,T10,d17,099,b,3,T10_099,train,False
T10_d17_108_a_4.jpg,T10,d17,108,a,4,T10_108,train,False
T10_d17_108_b_4.jpg,T10,d17,108,b,4,T10_108,train,False
T10_d17_110_a_4.jpg,T10,d17,110,a,4,T10_110,train,False
T10_d17_110_b_4.jpg,T10,d17,110,b,4,T10_110,train,False
T10_d17_111_a_4.jpg,T10,d17,111,a,4,T10_111,val,False
T10_d17_111_b_4.jpg,T10,d17,111,b,4,T10_111,val,False
T10_d17_113_a_3.jpg,T10,d17,113,a,3,T10_113,train,False
T10_d17_113_b_3.jpg,T10,d17,113,b,3,T10_113,train,False
T10_d17_118_a_4.jpg,T10,d17,118,a,4,T10_118,train,False
T10_d17_118_b_4.jpg,T10,d17,118,b,4,T10_118,train,False
T10_d17_122_a_3.jpg,T10,d17,122,a,3,T10_122,train,False
T10_d17_122_b_3.jpg,T10,d17,122,b,3,T10_122,train,False
T10_d17_125_a_3.jpg,T10,d17,125,a,3,T10_125,train,False
T10_d17_125_b_3.jpg,T10,d17,125,b,3,T10_125,train,True
T10_d17_128_a_3.jpg,T10,d17,128,a,3,T10_128,train,True
T10_d17_128_b_3.jpg,T10,d17,128,b,3,T10_128,train,False
T10_d17_129_a_4.jpg,T10,d17,129,a,4,T10_129,train,False
T10_d17_129_b_4.jpg,T10,d17,129,b,4,T10_129,train,False
T10_d17_130_a_4.jpg,T10,d17,130,a,4,T10_130,train,False
T10_d17_130_b_4.jpg,T10,d17,130,b,4,T10_130,train,False
T10_d17_131_a_3.jpg,T10,d17,131,a,3,T10_131,train,False
T10_d17_131_b_3.jpg,T10,d17,131,b,3,T10_131,train,False
T10_d17_133_a_4.jpg,T10,d17,133,a,4,T10_133,train,True
T10_d17_133_b_4.jpg,T10,d17,133,b,4,T10_133,train,False
T10_d17_136_a_3.jpg,T10,d17,136,a,3,T10_136,val,False
T10_d17_136_b_3.jpg,T10,d17,136,b,3,T10_136,val,False
T10_d17_138_a_3.jpg,T10,d17,138,a,3,T10_138,train,False
T10_d17_138_b_3.jpg,T10,d17,138,b,3,T10_138,train,False
T10_d17_145_a_3.jpg,T10,d17,145,a,3,T10_145,train,False
T10_d17_145_b_3.jpg,T10,d17,145,b,3,T10_145,train,False
T10_d17_149_a_3.jpg,T10,d17,149,a,3,T10_149,train,False
T10_d17_149_b_3.jpg,T10,d17,149,b,3,T10_149,train,True
T10_d17_152_a_3.jpg,T10,d17,152,a,3,T10_152,train,False
T10_d17_152_b_3.jpg,T10,d17,152,b,3,T10_152,train,False
T10_d17_156_a_4.jpg,T10,d17,156,a,4,T10_156,train,False
T10_d17_156_b_4.jpg,T10,d17,156,b,4,T10_156,train,False
T10_d17_165_a_3.jpg,T10,d17,165,a,3,T10_165,train,False
T10_d17_165_b_3.jpg,T10,d17,165,b,3,T10_165,train,False
T10_d17_166_a_4.jpg,T10,d17,166,a,4,T10_166,train,False
T10_d17_166_b_4.jpg,T10,d17,166,b,4,T10_166,train,False
T10_d17_167_a_4.jpg,T10,d17,167,a,4,T10_167,train,False
T10_d17_167_b_4.jpg,T10,d17,167,b,4,T10_167,train,False
T10_d17_168_a_4.jpg,T10,d17,168,a,4,T10_168,train,False
T10_d17_168_b_4.jpg,T10,d17,168,b,4,T10_168,train,False
T10_d17_172_a_4.jpg,T10,d17,172,a,4,T10_172,train,False
T10_d17_172_b_4.jpg,T10,d17,172,b,4,T10_172,train,False
T10_d17_181_a_4.jpg,T10,d17,181,a,4,T10_181,train,False
T10_d17_181_b_4.jpg,T10,d17,181,b,4,T10_181,train,False
T10_d17_186_a_4.jpg,T10,d17,186,a,4,T10_186,val,False
T10_d17_186_b_4.jpg,T10,d17,186,b,4,T10_186,val,False
T10_d17_193_a_4.jpg,T10,d17,193,a,4,T10_193,train,False
T10_d17_193_b_4.jpg,T10,d17,193,b,4,T10_193,train,False
T10_d17_194_a_4.jpg,T10,d17,194,a,4,T10_194,train,True
T10_d17_194_b_4.jpg,T10,d17,194,b,4,T10_194,train,False
T10_d17_196_a_4.jpg,T10,d17,196,a,4,T10_196,train,False
T10_d17_196_b_4.jpg,T10,d17,196,b,4,T10_196,train,False
T10_d17_202_a_4.jpg,T10,d17,202,a,4,T10_202,train,False
T10_d17_202_b_4.jpg,T10,d17,202,b,4,T10_202,train,False
T10_d17_204_a_3.jpg,T10,d17,204,a,3,T10_204,train,True
T10_d17_204_b_3.jpg,T10,d17,204,b,3,T10_204,train,False
T10_d17_206_a_3.jpg,T10,d17,206,a,3,T10_206,train,False
T10_d17_206_b_3.jpg,T10,d17,206,b,3,T10_206,train,False
T10_d17_211_a_3.jpg,T10,d17,211,a,3,T10_211,train,False
T10_d17_211_b_3.jpg,T10,d17,211,b,3,T10_211,train,False
T10_d17_213_a_3.jpg,T10,d17,213,a,3,T10_213,train,False
T10_d17_213_b_3.jpg,T10,d17,213,b,3,T10_213,train,False
T10_d17_215_a_3.jpg,T10,d17,215,a,3,T10_215,train,False
T10_d17_215_b_3.jpg,T10,d17,215,b,3,T10_215,train,False
T10_d17_217_a_3.jpg,T10,d17,217,a,3,T10_217,train,False
T10_d17_217_b_3.jpg,T10,d17,217,b,3,T10_217,train,False
T10_d17_219_a_4.jpg,T10,d17,219,a,4,T10_219,test,False
T10_d17_219_b_4.jpg,T10,d17,219,b,4,T10_219,test,False
T10_d17_220_a_3.jpg,T10,d17,220,a,3,T10_220,val,False
T10_d17_220_b_3.jpg,T10,d17,220,b,3,T10_220,val,False
T10_d17_221_a_4.jpg,T10,d17,221,a,4,T10_221,train,False
T10_d17_221_b_4.jpg,T10,d17,221,b,4,T10_221,train,False
T10_d17_223_a_3.jpg,T10,d17,223,a,3,T10_223,train,False
T10_d17_223_b_3.jpg,T10,d17,223,b,3,T10_223,train,False
T10_d17_227_a_5.jpg,T10,d17,227,a,5,T10_227,train,False
T10_d17_227_b_5.jpg,T10,d17,227,b,5,T10_227,train,False
T10_d17_229_a_4.jpg,T10,d17,229,a,4,T10_229,train,False
T10_d17_229_b_4.jpg,T10,d17,229,b,4,T10_229,train,False
T10_d17_233_a_4.jpg,T10,d17,233,a,4,T10_233,train,False
T10_d17_233_b_4.jpg,T10,d17,233,b,4,T10_233,train,False
T10_d17_234_a_4.jpg,T10,d17,234,a,4,T10_234,train,False
T10_d17_234_b_4.jpg,T10,d17,234,b,4,T10_234,train,False
T10_d17_236_a_3.jpg,T10,d17,236,a,3,T10_236,train,False
T10_d17_236_b_3.jpg,T10,d17,236,b,3,T10_236,train,False
T10_d17_237_a_4.jpg,T10,d17,237,a,4,T10_237,train,False
T10_d17_237_b_4.jpg,T10,d17,237,b,4,T10_237,train,False
T10_d17_243_a_4.jpg,T10,d17,243,a,4,T10_243,train,False
T10_d17_243_b_4.jpg,T10,d17,243,b,4,T10_243,train,True
T10_d17_245_a_5.jpg,T10,d17,245,a,5,T10_245,train,False
T10_d17_245_b_5.jpg,T10,d17,245,b,5,T10_245,train,False
T10_d17_250_a_4.jpg,T10,d17,250,a,4,T10_250,train,False
T10_d17_250_b_4.jpg,T10,d17,250,b,4,T10_250,train,True
T10_d17_252_a_3.jpg,T10,d17,252,a,3,T10_252,train,False
T10_d17_252_b_3.jpg,T10,d17,252,b,3,T10_252,train,False
T10_d17_253_a_3.jpg,T10,d17,253,a,3,T10_253,val,False
T10_d17_253_b_3.jpg,T10,d17,253,b,3,T10_253,val,False
T10_d17_254_a_4.jpg,T10,d17,254,a,4,T10_254,val,False
T10_d17_254_b_4.jpg,T10,d17,254,b,4,T10_254,val,False
T10_d17_262_a_3.jpg,T10,d17,262,a,3,T10_262,train,False
T10_d17_262_b_3.jpg,T10,d17,262,b,3,T10_262,train,False
T10_d17_269_a_4.jpg,T10,d17,269,a,4,T10_269,train,False
T10_d17_269_b_4.jpg,T10,d17,269,b,4,T10_269,train,False
T10_d17_274_a_4.jpg,T10,d17,274,a,4,T10_274,nuevo,False
T10_d17_274_b_4.jpg,T10,d17,274,b,4,T10_274,nuevo,False
T10_d17_275_a_4.jpg,T10,d17,275,a,4,T10_275,test,False
T10_d17_275_b_4.jpg,T10,d17,275,b,4,T10_275,test,False
T10_d17_276_a_3.jpg,T10,d17,276,a,3,T10_276,train,False
T10_d17_276_b_3.jpg,T10,d17,276,b,3,T10_276,train,False
T10_d17_282_a_4.jpg,T10,d17,282,a,4,T10_282,train,False
T10_d17_282_b_4.jpg,T10,d17,282,b,4,T10_282,train,False
T10_d17_283_a_5.jpg,T10,d17,283,a,5,T10_283,train,False
T10_d17_283_b_5.jpg,T10,d17,283,b,5,T10_283,train,False
T10_d17_284_a_4.jpg,T10,d17,284,a,4,T10_284,train,False
T10_d17_284_b_4.jpg,T10,d17,284,b,4,T10_284,train,False
T10_d17_290_a_5.jpg,T10,d17,290,a,5,T10_290,train,False
T10_d17_290_b_5.jpg,T10,d17,290,b,5,T10_290,train,False
T10_d17_292_a_3.jpg,T10,d17,292,a,3,T10_292,val,False
T10_d17_292_b_3.jpg,T10,d17,292,b,3,T10_292,val,True
T10_d17_294_a_5.jpg,T10,d17,294,a,5,T10_294,train,False
T10_d17_294_b_5.jpg,T10,d17,294,b,5,T10_294,train,False
T10_d17_295_a_3.jpg,T10,d17,295,a,3,T10_295,train,True
T10_d17_295_b_3.jpg,T10,d17,295,b,3,T10_295,train,False
T10_d17_296_a_3.jpg,T10,d17,296,a,3,T10_296,train,False
T10_d17_296_b_3.jpg,T10,d17,296,b,3,T10_296,train,False
T10_d17_306_a_3.jpg,T10,d17,306,a,3,T10_306,train,True
T10_d17_306_b_3.jpg,T10,d17,306,b,3,T10_306,train,False
T10_d17_310_a_4.jpg,T10,d17,310,a,4,T10_310,val,False
T10_d17_310_b_4.jpg,T10,d17,310,b,4,T10_310,val,False
T10_d17_315_a_3.jpg,T10,d17,315,a,3,T10_315,train,True
T10_d17_315_b_3.jpg,T10,d17,315,b,3,T10_315,train,False
T10_d17_326_a_4.jpg,T10,d17,326,a,4,T10_326,train,False
T10_d17_326_b_4.jpg,T10,d17,326,b,4,T10_326,train,False
T10_d17_327_a_3.jpg,T10,d17,327,a,3,T10_327,train,False
T10_d17_327_b_3.jpg,T10,d17,327,b,3,T10_327,train,False
T10_d17_328_a_3.jpg,T10,d17,328,a,3,T10_328,train,False
T10_d17_328_b_3.jpg,T10,d17,328,b,3,T10_328,train,False
T10_d17_330_a_3.jpg,T10,d17,330,a,3,T10_330,train,False
T10_d17_330_b_3.jpg,T10,d17,330,b,3,T10_330,train,False
T10_d17_331_a_4.jpg,T10,d17,331,a,4,T10_331,test,False
T10_d17_331_b_4.jpg,T10,d17,331,b,4,T10_331,test,False
T10_d17_333_a_3.jpg,T10,d17,333,a,3,T10_333,train,False
T10_d17_333_b_3.jpg,T10,d17,333,b,3,T10_333,train,False
T10_d17_336_a_5.jpg,T10,d17,336,a,5,T10_336,train,False
T10_d17_336_b_5.jpg,T10,d17,336,b,5,T10_336,train,False
T10_d17_337_a_3.jpg,T10,d17,337,a,3,T10_337,train,False
T10_d17_337_b_3.jpg,T10,d17,337,b,3,T10_337,train,False
T10_d17_338_a_4.jpg,T10,d17,338,a,4,T10_338,train,False
T10_d17_338_b_4.jpg,T10,d17,338,b,4,T10_338,train,False
T10_d17_349_a_4.jpg,T10,d17,349,a,4,T10_349,train,False
T10_d17_349_b_4.jpg,T10,d17,349,b,4,T10_349,train,False
T10_d17_350_a_4.jpg,T10,d17,350,a,4,T10_350,train,False
T10_d17_350_b_4.jpg,T10,d17,350,b,4,T10_350,train,True
T10_d17_351_a_3.jpg,T10,d17,351,a,3,T10_351,train,False
T10_d17_351_b_3.jpg,T10,d17,351,b,3,T10_351,train,False
T10_d17_353_a_4.jpg,T10,d17,353,a,4,T10_353,val,False
T10_d17_353_b_4.jpg,T10,d17,353,b,4,T10_353,val,False
T10_d17_355_a_4.jpg,T10,d17,355,a,4,T10_355,train,False
T10_d17_355_b_4.jpg,T10,d17,355,b,4,T10_355,train,False
T10_d17_357_a_4.jpg,T10,d17,357,a,4,T10_357,train,False
T10_d17_357_b_4.jpg,T10,d17,357,b,4,T10_357,train,False
T10_d17_366_a_4.jpg,T10,d17,366,a,4,T10_366,train,False
T10_d17_366_b_4.jpg,T10,d17,366,b,4,T10_366,train,False
T10_d17_367_a_4.jpg,T10,d17,367,a,4,T10_367,train,False
T10_d17_367_b_4.jpg,T10,d17,367,b,4,T10_367,train,False
T10_d17_372_a_3.jpg,T10,d17,372,a,3,T10_372,train,False
T10_d17_372_b_3.jpg,T10,d17,372,b,3,T10_372,train,False
T10_d17_375_a_4.jpg,T10,d17,375,a,4,T10_375,val,False
T10_d17_375_b_4.jpg,T10,d17,375,b,4,T10_375,val,False
T10_d17_376_a_4.jpg,T10,d17,376,a,4,T10_376,train,True
T10_d17_376_b_4.jpg,T10,d17,376,b,4,T10_376,train,False
T10_d17_377_a_4.jpg,T10,d17,377,a,4,T10_377,train,False
T10_d17_377_b_4.jpg,T10,d17,377,b,4,T10_377,train,False
T10_d17_381_a_4.jpg,T10,d17,381,a,4,T10_381,train,False
T10_d17_381_b_4.jpg,T10,d17,381,b,4,T10_381,train,False
T10_d17_382_a_4.jpg,T10,d17,382,a,4,T10_382,train,True
T10_d17_382_b_4.jpg,T10,d17,382,b,4,T10_382,train,False
T10_d17_385_a_4.jpg,T10,d17,385,a,4,T10_385,val,False
T10_d17_385_b_4.jpg,T10,d17,385,b,4,T10_385,val,False
T10_d17_387_a_4.jpg,T10,d17,387,a,4,T10_387,train,False
T10_d17_387_b_4.jpg,T10,d17,387,b,4,T10_387,train,False
T10_d17_392_a_4.jpg,T10,d17,392,a,4,T10_392,test,True
T10_d17_392_b_4.jpg,T10,d17,392,b,4,T10_392,test,True
T10_d17_393_a_4.jpg,T10,d17,393,a,4,T10_393,val,False
T10_d17_393_b_4.jpg,T10,d17,393,b,4,T10_393,val,False
T10_d17_395_a_4.jpg,T10,d17,395,a,4,T10_395,test,False
T10_d17_395_b_4.jpg,T10,d17,395,b,4,T10_395,test,False
T10_d17_398_a_4.jpg,T10,d17,398,a,4,T10_398,val,False
T10_d17_398_b_4.jpg,T10,d17,398,b,4,T10_398,val,False
T10_d17_399_a_5.jpg,T10,d17,399,a,5,T10_399,val,False
T10_d17_399_b_5.jpg,T10,d17,399,b,5,T10_399,val,True
T10_d17_400_a_4.jpg,T10,d17,400,a,4,T10_400,train,True
T10_d17_400_b_4.jpg,T10,d17,400,b,4,T10_400,train,False
T10_d17_401_a_4.jpg,T10,d17,401,a,4,T10_401,train,False
T10_d17_401_b_4.jpg,T10,d17,401,b,4,T10_401,train,False
T10_d17_402_a_4.jpg,T10,d17,402,a,4,T10_402,val,False
T10_d17_402_b_4.jpg,T10,d17,402,b,4,T10_402,val,False
T10_d17_405_a_3.jpg,T10,d17,405,a,3,T10_405,train,False
T10_d17_405_b_3.jpg,T10,d17,405,b,3,T10_405,train,False
T10_d17_406_a_5.jpg,T10,d17,406,a,5,T10_406,val,False
T10_d17_406_b_5.jpg,T10,d17,406,b,5,T10_406,val,False
T10_d17_408_a_4.jpg,T10,d17,408,a,4,T10_408,train,False
T10_d17_408_b_4.jpg,T10,d17,408,b,4,T10_408,train,False
T10_d17_410_a_4.jpg,T10,d17,410,a,4,T10_410,train,False
T10_d17_410_b_4.jpg,T10,d17,410,b,4,T10_410,train,False
T10_d17_411_a_3.jpg,T10,d17,411,a,3,T10_411,val,True
T10_d17_411_b_3.jpg,T10,d17,411,b,3,T10_411,val,False
T10_d17_413_a_4.jpg,T10,d17,413,a,4,T10_413,train,False
T10_d17_413_b_4.jpg,T10,d17,413,b,4,T10_413,train,False
T10_d17_414_a_3.jpg,T10,d17,414,a,3,T10_414,train,True
T10_d17_414_b_3.jpg,T10,d17,414,b,3,T10_414,train,False
T10_d17_415_a_4.jpg,T10,d17,415,a,4,T10_415,train,False
T10_d17_415_b_4.jpg,T10,d17,415,b,4,T10_415,train,False
T10_d17_420_a_3.jpg,T10,d17,420,a,3,T10_420,train,False
T10_d17_420_b_3.jpg,T10,d17,420,b,3,T10_420,train,False
T10_d17_422_a_4.jpg,T10,d17,422,a,4,T10_422,train,False
T10_d17_422_b_4.jpg,T10,d17,422,b,4,T10_422,train,False
T10_d17_425_a_3.jpg,T10,d17,425,a,3,T10_425,train,False
T10_d17_425_b_3.jpg,T10,d17,425,b,3,T10_425,train,False
T10_d17_429_a_4.jpg,T10,d17,429,a,4,T10_429,train,False
T10_d17_429_b_4.jpg,T10,d17,429,b,4,T10_429,train,False
T10_d17_430_a_5.jpg,T10,d17,430,a,5,T10_430,val,False
T10_d17_430_b_5.jpg,T10,d17,430,b,5,T10_430,val,False
T10_d17_442_a_3.jpg,T10,d17,442,a,3,T10_442,train,False
T10_d17_442_b_3.jpg,T10,d17,442,b,3,T10_442,train,False
T10_d17_444_a_4.jpg,T10,d17,444,a,4,T10_444,train,False
T10_d17_444_b_4.jpg,T10,d17,444,b,4,T10_444,train,True
T10_d17_445_a_3.jpg,T10,d17,445,a,3,T10_445,train,False
T10_d17_445_b_3.jpg,T10,d17,445,b,3,T10_445,train,False
T10_d17_446_a_4.jpg,T10,d17,446,a,4,T10_446,train,False
T10_d17_446_b_4.jpg,T10,d17,446,b,4,T10_446,train,False
T10_d17_447_a_4.jpg,T10,d17,447,a,4,T10_447,train,False
T10_d17_447_b_4.jpg,T10,d17,447,b,4,T10_447,train,False
T10_d17_448_a_5.jpg,T10,d17,448,a,5,T10_448,train,False
T10_d17_448_b_5.jpg,T10,d17,448,b,5,T10_448,train,False
T10_d17_449_a_3.jpg,T10,d17,449,a,3,T10_449,train,False
T10_d17_449_b_3.jpg,T10,d17,449,b,3,T10_449,train,True
T10_d17_450_a_4.jpg,T10,d17,450,a,4,T10_450,val,False
T10_d17_450_b_4.jpg,T10,d17,450,b,4,T10_450,val,False
T10_d17_451_a_4.jpg,T10,d17,451,a,4,T10_451,val,False
T10_d17_451_b_4.jpg,T10,d17,451,b,4,T10_451,val,False
T10_d17_452_a_4.jpg,T10,d17,452,a,4,T10_452,val,False
T10_d17_452_b_4.jpg,T10,d17,452,b,4,T10_452,val,False
T10_d17_454_a_4.jpg,T10,d17,454,a,4,T10_454,train,False
T10_d17_454_b_4.jpg,T10,d17,454,b,4,T10_454,train,False
T10_d17_458_a_4.jpg,T10,d17,458,a,4,T10_458,train,False
T10_d17_458_b_4.jpg,T10,d17,458,b,4,T10_458,train,False
T10_d17_459_a_4.jpg,T10,d17,459,a,4,T10_459,train,False
T10_d17_459_b_4.jpg,T10,d17,459,b,4,T10_459,train,False
T10_d17_470_a_4.jpg,T10,d17,470,a,4,T10_470,train,False
T10_d17_470_b_4.jpg,T10,d17,470,b,4,T10_470,train,False
T10_d17_471_a_3.jpg,T10,d17,471,a,3,T10_471,test,False
T10_d17_471_b_3.jpg,T10,d17,471,b,3,T10_471,test,False
T10_d17_475_a_4.jpg,T10,d17,475,a,4,T10_475,train,False
T10_d17_475_b_4.jpg,T10,d17,475,b,4,T10_475,train,False
T10_d17_478_a_3.jpg,T10,d17,478,a,3,T10_478,val,False
T10_d17_478_b_3.jpg,T10,d17,478,b,3,T10_478,val,False
T10_d18_002_a_4.jpg,T10,d18,002,a,4,T10_002,train,False
T10_d18_002_b_4.jpg,T10,d18,002,b,4,T10_002,train,False
T10_d18_003_a_5.jpg,T10,d18,003,a,5,T10_003,train,False
T10_d18_003_b_5.jpg,T10,d18,003,b,5,T10_003,train,False
T10_d18_007_a_4.jpg,T10,d18,007,a,4,T10_007,train,False
T10_d18_007_b_4.jpg,T10,d18,007,b,4,T10_007,train,False
T10_d18_011_a_4.jpg,T10,d18,011,a,4,T10_011,train,False
T10_d18_011_b_4.jpg,T10,d18,011,b,4,T10_011,train,False
T10_d18_012_a_5.jpg,T10,d18,012,a,5,T10_012,val,False
T10_d18_012_b_5.jpg,T10,d18,012,b,5,T10_012,val,False
T10_d18_013_a_3.jpg,T10,d18,013,a,3,T10_013,train,False
T10_d18_013_b_3.jpg,T10,d18,013,b,3,T10_013,train,False
T10_d18_014_a_3.jpg,T10,d18,014,a,3,T10_014,val,False
T10_d18_014_b_3.jpg,T10,d18,014,b,3,T10_014,val,False
T10_d18_015_a_4.jpg,T10,d18,015,a,4,T10_015,test,False
T10_d18_015_b_4.jpg,T10,d18,015,b,4,T10_015,test,False
T10_d18_018_a_5.jpg,T10,d18,018,a,5,T10_018,val,False
T10_d18_018_b_5.jpg,T10,d18,018,b,5,T10_018,val,False
T10_d18_021_a_4.jpg,T10,d18,021,a,4,T10_021,train,False
T10_d18_021_b_4.jpg,T10,d18,021,b,4,T10_021,train,False
T10_d18_022_a_4.jpg,T10,d18,022,a,4,T10_022,train,False
T10_d18_022_b_4.jpg,T10,d18,022,b,4,T10_022,train,False
T10_d18_026_a_4.jpg,T10,d18,026,a,4,T10_026,train,False
T10_d18_026_b_4.jpg,T10,d18,026,b,4,T10_026,train,False
T10_d18_027_a_4.jpg,T10,d18,027,a,4,T10_027,train,False
T10_d18_027_b_4.jpg,T10,d18,027,b,4,T10_027,train,False
T10_d18_034_a_4.jpg,T10,d18,034,a,4,T10_034,train,False
T10_d18_034_b_4.jpg,T10,d18,034,b,4,T10_034,train,False
T10_d18_035_a_5.jpg,T10,d18,035,a,5,T10_035,val,False
T10_d18_035_b_5.jpg,T10,d18,035,b,5,T10_035,val,False
T10_d18_041_a_4.jpg,T10,d18,041,a,4,T10_041,val,False
T10_d18_041_b_4.jpg,T10,d18,041,b,4,T10_041,val,False
T10_d18_046_a_4.jpg,T10,d18,046,a,4,T10_046,train,False
T10_d18_046_b_4.jpg,T10,d18,046,b,4,T10_046,train,False
T10_d18_047_a_3.jpg,T10,d18,047,a,3,T10_047,train,False
T10_d18_047_b_3.jpg,T10,d18,047,b,3,T10_047,train,False
T10_d18_048_a_4.jpg,T10,d18,048,a,4,T10_048,train,False
T10_d18_048_b_4.jpg,T10,d18,048,b,4,T10_048,train,False
T10_d18_055_a_4.jpg,T10,d18,055,a,4,T10_055,train,False
T10_d18_055_b_4.jpg,T10,d18,055,b,4,T10_055,train,False
T10_d18_058_a_4.jpg,T10,d18,058,a,4,T10_058,val,False
T10_d18_058_b_4.jpg,T10,d18,058,b,4,T10_058,val,False
T10_d18_061_a_4.jpg,T10,d18,061,a,4,T10_061,train,False
T10_d18_061_b_4.jpg,T10,d18,061,b,4,T10_061,train,False
T10_d18_067_a_4.jpg,T10,d18,067,a,4,T10_067,train,False
T10_d18_067_b_4.jpg,T10,d18,067,b,4,T10_067,train,False
T10_d18_069_a_5.jpg,T10,d18,069,a,5,T10_069,train,False
T10_d18_069_b_5.jpg,T10,d18,069,b,5,T10_069,train,False
T10_d18_072_a_4.jpg,T10,d18,072,a,4,T10_072,val,False
T10_d18_072_b_4.jpg,T10,d18,072,b,4,T10_072,val,False
T10_d18_080_a_3.jpg,T10,d18,080,a,3,T10_080,val,False
T10_d18_080_b_3.jpg,T10,d18,080,b,3,T10_080,val,False
T10_d18_083_a_4.jpg,T10,d18,083,a,4,T10_083,train,False
T10_d18_083_b_4.jpg,T10,d18,083,b,4,T10_083,train,False
T10_d18_087_a_4.jpg,T10,d18,087,a,4,T10_087,val,True
T10_d18_087_b_4.jpg,T10,d18,087,b,4,T10_087,val,True
T10_d18_089_a_4.jpg,T10,d18,089,a,4,T10_089,train,False
T10_d18_089_b_4.jpg,T10,d18,089,b,4,T10_089,train,False
T10_d18_092_a_4.jpg,T10,d18,092,a,4,T10_092,test,False
T10_d18_092_b_4.jpg,T10,d18,092,b,4,T10_092,test,False
T10_d18_093_a_4.jpg,T10,d18,093,a,4,T10_093,train,False
T10_d18_093_b_4.jpg,T10,d18,093,b,4,T10_093,train,False
T10_d18_094_a_4.jpg,T10,d18,094,a,4,T10_094,train,False
T10_d18_094_b_4.jpg,T10,d18,094,b,4,T10_094,train,False
T10_d18_096_a_3.jpg,T10,d18,096,a,3,T10_096,train,False
T10_d18_096_b_3.jpg,T10,d18,096,b,3,T10_096,train,False
T10_d18_097_a_4.jpg,T10,d18,097,a,4,T10_097,train,True
T10_d18_097_b_4.jpg,T10,d18,097,b,4,T10_097,train,False
T10_d18_098_a_4.jpg,T10,d18,098,a,4,T10_098,train,False
T10_d18_098_b_4.jpg,T10,d18,098,b,4,T10_098,train,False
T10_d18_099_a_4.jpg,T10,d18,099,a,4,T10_099,train,False
T10_d18_099_b_4.jpg,T10,d18,099,b,4,T10_099,train,False
T10_d18_108_a_4.jpg,T10,d18,108,a,4,T10_108,train,False
T10_d18_108_b_4.jpg,T10,d18,108,b,4,T10_108,train,False
T10_d18_110_a_4.jpg,T10,d18,110,a,4,T10_110,train,True
T10_d18_110_b_4.jpg,T10,d18,110,b,4,T10_110,train,False
T10_d18_111_a_4.jpg,T10,d18,111,a,4,T10_111,val,True
T10_d18_111_b_4.jpg,T10,d18,111,b,4,T10_111,val,False
T10_d18_113_a_3.jpg,T10,d18,113,a,3,T10_113,train,False
T10_d18_113_b_3.jpg,T10,d18,113,b,3,T10_113,train,False
T10_d18_118_a_4.jpg,T10,d18,118,a,4,T10_118,train,False
T10_d18_118_b_4.jpg,T10,d18,118,b,4,T10_118,train,False
T10_d18_122_a_4.jpg,T10,d18,122,a,4,T10_122,train,False
T10_d18_122_b_4.jpg,T10,d18,122,b,4,T10_122,train,False
T10_d18_125_a_4.jpg,T10,d18,125,a,4,T10_125,train,False
T10_d18_125_b_4.jpg,T10,d18,125,b,4,T10_125,train,False
T10_d18_128_a_4.jpg,T10,d18,128,a,4,T10_128,train,False
T10_d18_128_b_4.jpg,T10,d18,128,b,4,T10_128,train,False
T10_d18_129_a_4.jpg,T10,d18,129,a,4,T10_129,train,False
T10_d18_129_b_4.jpg,T10,d18,129,b,4,T10_129,train,False
T10_d18_130_a_4.jpg,T10,d18,130,a,4,T10_130,train,False
T10_d18_130_b_4.jpg,T10,d18,130,b,4,T10_130,train,False
T10_d18_131_a_4.jpg,T10,d18,131,a,4,T10_131,train,False
T10_d18_131_b_4.jpg,T10,d18,131,b,4,T10_131,train,False
T10_d18_133_a_4.jpg,T10,d18,133,a,4,T10_133,train,False
T10_d18_133_b_4.jpg,T10,d18,133,b,4,T10_133,train,False
T10_d18_136_a_4.jpg,T10,d18,136,a,4,T10_136,val,False
T10_d18_136_b_4.jpg,T10,d18,136,b,4,T10_136,val,False
T10_d18_138_a_4.jpg,T10,d18,138,a,4,T10_138,train,False
T10_d18_138_b_4.jpg,T10,d18,138,b,4,T10_138,train,False
T10_d18_145_a_3.jpg,T10,d18,145,a,3,T10_145,train,False
T10_d18_145_b_3.jpg,T10,d18,145,b,3,T10_145,train,False
T10_d18_149_a_4.jpg,T10,d18,149,a,4,T10_149,train,False
T10_d18_149_b_4.jpg,T10,d18,149,b,4,T10_149,train,False
T10_d18_152_a_3.jpg,T10,d18,152,a,3,T10_152,train,True
T10_d18_152_b_3.jpg,T10,d18,152,b,3,T10_152,train,False
T10_d18_156_a_4.jpg,T10,d18,156,a,4,T10_156,train,False
T10_d18_156_b_4.jpg,T10,d18,156,b,4,T10_156,train,False
T10_d18_165_a_4.jpg,T10,d18,165,a,4,T10_165,train,False
T10_d18_165_b_4.jpg,T10,d18,165,b,4,T10_165,train,False
T10_d18_166_a_4.jpg,T10,d18,166,a,4,T10_166,train,False
T10_d18_166_b_4.jpg,T10,d18,166,b,4,T10_166,train,False
T10_d18_167_a_4.jpg,T10,d18,167,a,4,T10_167,train,False
T10_d18_167_b_4.jpg,T10,d18,167,b,4,T10_167,train,True
T10_d18_168_a_4.jpg,T10,d18,168,a,4,T10_168,train,False
T10_d18_168_b_4.jpg,T10,d18,168,b,4,T10_168,train,False
T10_d18_172_a_5.jpg,T10,d18,172,a,5,T10_172,train,False
T10_d18_172_b_5.jpg,T10,d18,172,b,5,T10_172,train,False
T10_d18_181_a_4.jpg,T10,d18,181,a,4,T10_181,train,False
T10_d18_181_b_4.jpg,T10,d18,181,b,4,T10_181,train,False
T10_d18_186_a_4.jpg,T10,d18,186,a,4,T10_186,val,False
T10_d18_186_b_4.jpg,T10,d18,186,b,4,T10_186,val,False
T10_d18_193_a_4.jpg,T10,d18,193,a,4,T10_193,train,False
T10_d18_193_b_4.jpg,T10,d18,193,b,4,T10_193,train,False
T10_d18_194_a_4.jpg,T10,d18,194,a,4,T10_194,train,False
T10_d18_194_b_4.jpg,T10,d18,194,b,4,T10_194,train,False
T10_d18_196_a_4.jpg,T10,d18,196,a,4,T10_196,train,False
T10_d18_196_b_4.jpg,T10,d18,196,b,4,T10_196,train,False
T10_d18_202_a_5.jpg,T10,d18,202,a,5,T10_202,train,False
T10_d18_202_b_5.jpg,T10,d18,202,b,5,T10_202,train,False
T10_d18_204_a_4.jpg,T10,d18,204,a,4,T10_204,train,False
T10_d18_204_b_4.jpg,T10,d18,204,b,4,T10_204,train,False
T10_d18_206_a_4.jpg,T10,d18,206,a,4,T10_206,train,False
T10_d18_206_b_4.jpg,T10,d18,206,b,4,T10_206,train,False
T10_d18_211_a_4.jpg,T10,d18,211,a,4,T10_211,train,False
T10_d18_211_b_4.jpg,T10,d18,211,b,4,T10_211,train,False
T10_d18_213_a_4.jpg,T10,d18,213,a,4,T10_213,train,False
T10_d18_213_b_4.jpg,T10,d18,213,b,4,T10_213,train,False
T10_d18_217_a_4.jpg,T10,d18,217,a,4,T10_217,train,False
T10_d18_217_b_4.jpg,T10,d18,217,b,4,T10_217,train,False
T10_d18_219_a_4.jpg,T10,d18,219,a,4,T10_219,test,False
T10_d18_219_b_4.jpg,T10,d18,219,b,4,T10_219,test,False
T10_d18_220_a_4.jpg,T10,d18,220,a,4,T10_220,val,False
T10_d18_220_b_4.jpg,T10,d18,220,b,4,T10_220,val,False
T10_d18_221_a_4.jpg,T10,d18,221,a,4,T10_221,train,False
T10_d18_221_b_4.jpg,T10,d18,221,b,4,T10_221,train,False
T10_d18_227_a_5.jpg,T10,d18,227,a,5,T10_227,train,False
T10_d18_227_b_5.jpg,T10,d18,227,b,5,T10_227,train,False
T10_d18_229_a_4.jpg,T10,d18,229,a,4,T10_229,train,False
T10_d18_229_b_4.jpg,T10,d18,229,b,4,T10_229,train,False
T10_d18_233_a_4.jpg,T10,d18,233,a,4,T10_233,train,False
T10_d18_233_b_4.jpg,T10,d18,233,b,4,T10_233,train,False
T10_d18_234_a_4.jpg,T10,d18,234,a,4,T10_234,train,False
T10_d18_234_b_4.jpg,T10,d18,234,b,4,T10_234,train,False
T10_d18_236_a_3.jpg,T10,d18,236,a,3,T10_236,train,False
T10_d18_236_b_3.jpg,T10,d18,236,b,3,T10_236,train,False
T10_d18_237_a_4.jpg,T10,d18,237,a,4,T10_237,train,False
T10_d18_237_b_4.jpg,T10,d18,237,b,4,T10_237,train,False
T10_d18_243_a_4.jpg,T10,d18,243,a,4,T10_243,train,False
T10_d18_243_b_4.jpg,T10,d18,243,b,4,T10_243,train,False
T10_d18_250_a_4.jpg,T10,d18,250,a,4,T10_250,train,False
T10_d18_250_b_4.jpg,T10,d18,250,b,4,T10_250,train,False
T10_d18_252_a_4.jpg,T10,d18,252,a,4,T10_252,train,False
T10_d18_252_b_4.jpg,T10,d18,252,b,4,T10_252,train,False
T10_d18_253_a_4.jpg,T10,d18,253,a,4,T10_253,val,False
T10_d18_253_b_4.jpg,T10,d18,253,b,4,T10_253,val,True
T10_d18_254_a_4.jpg,T10,d18,254,a,4,T10_254,val,False
T10_d18_254_b_4.jpg,T10,d18,254,b,4,T10_254,val,False
T10_d18_262_a_4.jpg,T10,d18,262,a,4,T10_262,train,False
T10_d18_262_b_4.jpg,T10,d18,262,b,4,T10_262,train,False
T10_d18_269_a_4.jpg,T10,d18,269,a,4,T10_269,train,False
T10_d18_269_b_4.jpg,T10,d18,269,b,4,T10_269,train,False
T10_d18_274_a_4.jpg,T10,d18,274,a,4,T10_274,nuevo,False
T10_d18_274_b_4.jpg,T10,d18,274,b,4,T10_274,nuevo,False
T10_d18_275_a_4.jpg,T10,d18,275,a,4,T10_275,test,False
T10_d18_275_b_4.jpg,T10,d18,275,b,4,T10_275,test,False
T10_d18_276_a_4.jpg,T10,d18,276,a,4,T10_276,train,False
T10_d18_276_b_4.jpg,T10,d18,276,b,4,T10_276,train,False
T10_d18_282_a_4.jpg,T10,d18,282,a,4,T10_282,train,False
T10_d18_282_b_4.jpg,T10,d18,282,b,4,T10_282,train,False
T10_d18_283_a_5.jpg,T10,d18,283,a,5,T10_283,train,False
T10_d18_283_b_5.jpg,T10,d18,283,b,5,T10_283,train,False
T10_d18_284_a_4.jpg,T10,d18,284,a,4,T10_284,train,False
T10_d18_284_b_4.jpg,T10,d18,284,b,4,T10_284,train,False
T10_d18_290_a_5.jpg,T10,d18,290,a,5,T10_290,train,False
T10_d18_290_b_5.jpg,T10,d18,290,b,5,T10_290,train,False
T10_d18_292_a_4.jpg,T10,d18,292,a,4,T10_292,val,True
T10_d18_292_b_4.jpg,T10,d18,292,b,4,T10_292,val,False
T10_d18_294_a_5.jpg,T10,d18,294,a,5,T10_294,train,False
T10_d18_294_b_5.jpg,T10,d18,294,b,5,T10_294,train,True
T10_d18_295_a_4.jpg,T10,d18,295,a,4,T10_295,train,False
T10_d18_295_b_4.jpg,T10,d18,295,b,4,T10_295,train,False
T10_d18_296_a_4.jpg,T10,d18,296,a,4,T10_296,train,False
T10_d18_296_b_4.jpg,T10,d18,296,b,4,T10_296,train,False
T10_d18_306_a_4.jpg,T10,d18,306,a,4,T10_306,train,False
T10_d18_306_b_4.jpg,T10,d18,306,b,4,T10_306,train,False
T10_d18_310_a_4.jpg,T10,d18,310,a,4,T10_310,val,True
T10_d18_310_b_4.jpg,T10,d18,310,b,4,T10_310,val,False
T10_d18_315_a_3.jpg,T10,d18,315,a,3,T10_315,train,False
T10_d18_315_b_3.jpg,T10,d18,315,b,3,T10_315,train,False
T10_d18_326_a_4.jpg,T10,d18,326,a,4,T10_326,train,False
T10_d18_326_b_4.jpg,T10,d18,326,b,4,T10_326,train,False
T10_d18_327_a_4.jpg,T10,d18,327,a,4,T10_327,train,False
T10_d18_327_b_4.jpg,T10,d18,327,b,4,T10_327,train,False
T10_d18_328_a_3.jpg,T10,d18,328,a,3,T10_328,train,False
T10_d18_328_b_3.jpg,T10,d18,328,b,3,T10_328,train,False
T10_d18_330_a_3.jpg,T10,d18,330,a,3,T10_330,train,False
T10_d18_330_b_3.jpg,T10,d18,330,b,3,T10_330,train,False
T10_d18_331_a_4.jpg,T10,d18,331,a,4,T10_331,test,False
T10_d18_331_b_4.jpg,T10,d18,331,b,4,T10_331,test,False
T10_d18_333_a_3.jpg,T10,d18,333,a,3,T10_333,train,False
T10_d18_333_b_3.jpg,T10,d18,333,b,3,T10_333,train,False
T10_d18_336_a_5.jpg,T10,d18,336,a,5,T10_336,train,True
T10_d18_336_b_5.jpg,T10,d18,336,b,5,T10_336,train,False
T10_d18_337_a_4.jpg,T10,d18,337,a,4,T10_337,train,False
T10_d18_337_b_4.jpg,T10,d18,337,b,4,T10_337,train,False
T10_d18_338_a_4.jpg,T10,d18,338,a,4,T10_338,train,False
T10_d18_338_b_4.jpg,T10,d18,338,b,4,T10_338,train,False
T10_d18_349_a_4.jpg,T10,d18,349,a,4,T10_349,train,False
T10_d18_349_b_4.jpg,T10,d18,349,b,4,T10_349,train,False
T10_d18_350_a_4.jpg,T10,d18,350,a,4,T10_350,train,False
T10_d18_350_b_4.jpg,T10,d18,350,b,4,T10_350,train,True
T10_d18_351_a_4.jpg,T10,d18,351,a,4,T10_351,train,False
T10_d18_351_b_4.jpg,T10,d18,351,b,4,T10_351,train,False
T10_d18_353_a_4.jpg,T10,d18,353,a,4,T10_353,val,False
T10_d18_353_b_4.jpg,T10,d18,353,b,4,T10_353,val,False
T10_d18_355_a_4.jpg,T10,d18,355,a,4,T10_355,train,False
T10_d18_355_b_4.jpg,T10,d18,355,b,4,T10_355,train,False
T10_d18_357_a_4.jpg,T10,d18,357,a,4,T10_357,train,False
T10_d18_357_b_4.jpg,T10,d18,357,b,4,T10_357,train,False
T10_d18_366_a_4.jpg,T10,d18,366,a,4,T10_366,train,False
T10_d18_366_b_4.jpg,T10,d18,366,b,4,T10_366,train,False
T10_d18_367_a_4.jpg,T10,d18,367,a,4,T10_367,train,False
T10_d18_367_b_4.jpg,T10,d18,367,b,4,T10_367,train,False
T10_d18_372_a_3.jpg,T10,d18,372,a,3,T10_372,train,False
T10_d18_372_b_3.jpg,T10,d18,372,b,3,T10_372,train,False
T10_d18_375_a_4.jpg,T10,d18,375,a,4,T10_375,val,False
T10_d18_375_b_4.jpg,T10,d18,375,b,4,T10_375,val,False
T10_d18_376_a_4.jpg,T10,d18,376,a,4,T10_376,train,False
T10_d18_376_b_4.jpg,T10,d18,376,b,4,T10_376,train,False
T10_d18_377_a_4.jpg,T10,d18,377,a,4,T10_377,train,False
T10_d18_377_b_4.jpg,T10,d18,377,b,4,T10_377,train,False
T10_d18_381_a_4.jpg,T10,d18,381,a,4,T10_381,train,False
T10_d18_381_b_4.jpg,T10,d18,381,b,4,T10_381,train,False
T10_d18_382_a_4.jpg,T10,d18,382,a,4,T10_382,train,False
T10_d18_382_b_4.jpg,T10,d18,382,b,4,T10_382,train,False
T10_d18_385_a_4.jpg,T10,d18,385,a,4,T10_385,val,False
T10_d18_385_b_4.jpg,T10,d18,385,b,4,T10_385,val,False
T10_d18_387_a_4.jpg,T10,d18,387,a,4,T10_387,train,False
T10_d18_387_b_4.jpg,T10,d18,387,b,4,T10_387,train,False
T10_d18_392_a_4.jpg,T10,d18,392,a,4,T10_392,test,False
T10_d18_392_b_4.jpg,T10,d18,392,b,4,T10_392,test,False
T10_d18_393_a_4.jpg,T10,d18,393,a,4,T10_393,val,False
T10_d18_393_b_4.jpg,T10,d18,393,b,4,T10_393,val,False
T10_d18_395_a_4.jpg,T10,d18,395,a,4,T10_395,test,False
T10_d18_395_b_4.jpg,T10,d18,395,b,4,T10_395,test,False
T10_d18_398_a_4.jpg,T10,d18,398,a,4,T10_398,val,False
T10_d18_398_b_4.jpg,T10,d18,398,b,4,T10_398,val,False
T10_d18_399_a_5.jpg,T10,d18,399,a,5,T10_399,val,False
T10_d18_399_b_5.jpg,T10,d18,399,b,5,T10_399,val,True
T10_d18_400_a_4.jpg,T10,d18,400,a,4,T10_400,train,False
T10_d18_400_b_4.jpg,T10,d18,400,b,4,T10_400,train,False
T10_d18_401_a_4.jpg,T10,d18,401,a,4,T10_401,train,False
T10_d18_401_b_4.jpg,T10,d18,401,b,4,T10_401,train,False
T10_d18_402_a_4.jpg,T10,d18,402,a,4,T10_402,val,False
T10_d18_402_b_4.jpg,T10,d18,402,b,4,T10_402,val,False
T10_d18_405_a_4.jpg,T10,d18,405,a,4,T10_405,train,False
T10_d18_405_b_4.jpg,T10,d18,405,b,4,T10_405,train,False
T10_d18_406_a_5.jpg,T10,d18,406,a,5,T10_406,val,False
T10_d18_406_b_5.jpg,T10,d18,406,b,5,T10_406,val,False
T10_d18_408_a_4.jpg,T10,d18,408,a,4,T10_408,train,False
T10_d18_408_b_4.jpg,T10,d18,408,b,4,T10_408,train,True
T10_d18_410_a_4.jpg,T10,d18,410,a,4,T10_410,train,False
T10_d18_410_b_4.jpg,T10,d18,410,b,4,T10_410,train,False
T10_d18_411_a_3.jpg,T10,d18,411,a,3,T10_411,val,False
T10_d18_411_b_3.jpg,T10,d18,411,b,3,T10_411,val,False
T10_d18_413_a_4.jpg,T10,d18,413,a,4,T10_413,train,False
T10_d18_413_b_4.jpg,T10,d18,413,b,4,T10_413,train,False
T10_d18_414_a_4.jpg,T10,d18,414,a,4,T10_414,train,False
T10_d18_414_b_4.jpg,T10,d18,414,b,4,T10_414,train,False
T10_d18_415_a_4.jpg,T10,d18,415,a,4,T10_415,train,True
T10_d18_415_b_4.jpg,T10,d18,415,b,4,T10_415,train,False
T10_d18_420_a_4.jpg,T10,d18,420,a,4,T10_420,train,False
T10_d18_420_b_4.jpg,T10,d18,420,b,4,T10_420,train,False
T10_d18_422_a_5.jpg,T10,d18,422,a,5,T10_422,train,False
T10_d18_422_b_5.jpg,T10,d18,422,b,5,T10_422,train,False
T10_d18_425_a_4.jpg,T10,d18,425,a,4,T10_425,train,False
T10_d18_425_b_4.jpg,T10,d18,425,b,4,T10_425,train,False
T10_d18_429_a_4.jpg,T10,d18,429,a,4,T10_429,train,False
T10_d18_429_b_4.jpg,T10,d18,429,b,4,T10_429,train,False
T10_d18_430_a_5.jpg,T10,d18,430,a,5,T10_430,val,False
T10_d18_430_b_5.jpg,T10,d18,430,b,5,T10_430,val,False
T10_d18_442_a_4.jpg,T10,d18,442,a,4,T10_442,train,False
T10_d18_442_b_4.jpg,T10,d18,442,b,4,T10_442,train,False
T10_d18_444_a_4.jpg,T10,d18,444,a,4,T10_444,train,False
T10_d18_444_b_4.jpg,T10,d18,444,b,4,T10_444,train,True
T10_d18_445_a_4.jpg,T10,d18,445,a,4,T10_445,train,False
T10_d18_445_b_4.jpg,T10,d18,445,b,4,T10_445,train,False
T10_d18_446_a_4.jpg,T10,d18,446,a,4,T10_446,train,False
T10_d18_446_b_4.jpg,T10,d18,446,b,4,T10_446,train,False
T10_d18_447_a_4.jpg,T10,d18,447,a,4,T10_447,train,False
T10_d18_447_b_4.jpg,T10,d18,447,b,4,T10_447,train,False
T10_d18_448_a_5.jpg,T10,d18,448,a,5,T10_448,train,False
T10_d18_448_b_5.jpg,T10,d18,448,b,5,T10_448,train,False
T10_d18_449_a_4.jpg,T10,d18,449,a,4,T10_449,train,False
T10_d18_449_b_4.jpg,T10,d18,449,b,4,T10_449,train,False
T10_d18_450_a_4.jpg,T10,d18,450,a,4,T10_450,val,False
T10_d18_450_b_4.jpg,T10,d18,450,b,4,T10_450,val,True
T10_d18_451_a_4.jpg,T10,d18,451,a,4,T10_451,val,False
T10_d18_451_b_4.jpg,T10,d18,451,b,4,T10_451,val,True
T10_d18_452_a_4.jpg,T10,d18,452,a,4,T10_452,val,True
T10_d18_452_b_4.jpg,T10,d18,452,b,4,T10_452,val,False
T10_d18_454_a_4.jpg,T10,d18,454,a,4,T10_454,train,False
T10_d18_454_b_4.jpg,T10,d18,454,b,4,T10_454,train,False
T10_d18_458_a_4.jpg,T10,d18,458,a,4,T10_458,train,False
T10_d18_458_b_4.jpg,T10,d18,458,b,4,T10_458,train,False
T10_d18_459_a_4.jpg,T10,d18,459,a,4,T10_459,train,False
T10_d18_459_b_4.jpg,T10,d18,459,b,4,T10_459,train,False
T10_d18_470_a_4.jpg,T10,d18,470,a,4,T10_470,train,True
T10_d18_470_b_4.jpg,T10,d18,470,b,4,T10_470,train,False
T10_d18_471_a_4.jpg,T10,d18,471,a,4,T10_471,test,False
T10_d18_471_b_4.jpg,T10,d18,471,b,4,T10_471,test,False
T10_d18_475_a_4.jpg,T10,d18,475,a,4,T10_475,train,False
T10_d18_475_b_4.jpg,T10,d18,475,b,4,T10_475,train,False
T10_d18_478_a_4.jpg,T10,d18,478,a,4,T10_478,val,False
T10_d18_478_b_4.jpg,T10,d18,478,b,4,T10_478,val,False
T10_d19_002_a_5.jpg,T10,d19,002,a,5,T10_002,train,False
T10_d19_002_b_5.jpg,T10,d19,002,b,5,T10_002,train,False
T10_d19_003_a_5.jpg,T10,d19,003,a,5,T10_003,train,True
T10_d19_003_b_5.jpg,T10,d19,003,b,5,T10_003,train,False
T10_d19_007_a_5.jpg,T10,d19,007,a,5,T10_007,train,False
T10_d19_007_b_5.jpg,T10,d19,007,b,5,T10_007,train,False
T10_d19_011_a_4.jpg,T10,d19,011,a,4,T10_011,train,False
T10_d19_011_b_4.jpg,T10,d19,011,b,4,T10_011,train,False
T10_d19_012_a_5.jpg,T10,d19,012,a,5,T10_012,val,False
T10_d19_012_b_5.jpg,T10,d19,012,b,5,T10_012,val,True
T10_d19_013_a_4.jpg,T10,d19,013,a,4,T10_013,train,False
T10_d19_013_b_4.jpg,T10,d19,013,b,4,T10_013,train,False
T10_d19_014_a_4.jpg,T10,d19,014,a,4,T10_014,val,False
T10_d19_014_b_4.jpg,T10,d19,014,b,4,T10_014,val,False
T10_d19_015_a_4.jpg,T10,d19,015,a,4,T10_015,test,False
T10_d19_015_b_4.jpg,T10,d19,015,b,4,T10_015,test,False
T10_d19_018_a_5.jpg,T10,d19,018,a,5,T10_018,val,False
T10_d19_018_b_5.jpg,T10,d19,018,b,5,T10_018,val,False
T10_d19_021_a_4.jpg,T10,d19,021,a,4,T10_021,train,False
T10_d19_021_b_4.jpg,T10,d19,021,b,4,T10_021,train,False
T10_d19_022_a_4.jpg,T10,d19,022,a,4,T10_022,train,True
T10_d19_022_b_4.jpg,T10,d19,022,b,4,T10_022,train,False
T10_d19_026_a_5.jpg,T10,d19,026,a,5,T10_026,train,False
T10_d19_026_b_5.jpg,T10,d19,026,b,5,T10_026,train,False
T10_d19_027_a_4.jpg,T10,d19,027,a,4,T10_027,train,False
T10_d19_027_b_4.jpg,T10,d19,027,b,4,T10_027,train,False
T10_d19_034_a_4.jpg,T10,d19,034,a,4,T10_034,train,False
T10_d19_034_b_4.jpg,T10,d19,034,b,4,T10_034,train,False
T10_d19_035_a_5.jpg,T10,d19,035,a,5,T10_035,val,False
T10_d19_035_b_5.jpg,T10,d19,035,b,5,T10_035,val,False
T10_d19_041_a_4.jpg,T10,d19,041,a,4,T10_041,val,False
T10_d19_041_b_4.jpg,T10,d19,041,b,4,T10_041,val,False
T10_d19_046_a_4.jpg,T10,d19,046,a,4,T10_046,train,False
T10_d19_046_b_4.jpg,T10,d19,046,b,4,T10_046,train,False
T10_d19_047_a_3.jpg,T10,d19,047,a,3,T10_047,train,False
T10_d19_047_b_3.jpg,T10,d19,047,b,3,T10_047,train,True
T10_d19_048_a_4.jpg,T10,d19,048,a,4,T10_048,train,False
T10_d19_048_b_4.jpg,T10,d19,048,b,4,T10_048,train,True
T10_d19_055_a_4.jpg,T10,d19,055,a,4,T10_055,train,False
T10_d19_055_b_4.jpg,T10,d19,055,b,4,T10_055,train,False
T10_d19_058_a_5.jpg,T10,d19,058,a,5,T10_058,val,False
T10_d19_058_b_5.jpg,T10,d19,058,b,5,T10_058,val,True
T10_d19_061_a_4.jpg,T10,d19,061,a,4,T10_061,train,False
T10_d19_061_b_4.jpg,T10,d19,061,b,4,T10_061,train,False
T10_d19_067_a_4.jpg,T10,d19,067,a,4,T10_067,train,False
T10_d19_067_b_4.jpg,T10,d19,067,b,4,T10_067,train,False
T10_d19_069_a_5.jpg,T10,d19,069,a,5,T10_069,train,False
T10_d19_069_b_5.jpg,T10,d19,069,b,5,T10_069,train,False
T10_d19_072_a_5.jpg,T10,d19,072,a,5,T10_072,val,False
T10_d19_072_b_5.jpg,T10,d19,072,b,5,T10_072,val,True
T10_d19_080_a_4.jpg,T10,d19,080,a,4,T10_080,val,False
T10_d19_080_b_4.jpg,T10,d19,080,b,4,T10_080,val,False
T10_d19_083_a_4.jpg,T10,d19,083,a,4,T10_083,train,False
T10_d19_083_b_4.jpg,T10,d19,083,b,4,T10_083,train,False
T10_d19_087_a_4.jpg,T10,d19,087,a,4,T10_087,val,False
T10_d19_087_b_4.jpg,T10,d19,087,b,4,T10_087,val,False
T10_d19_089_a_4.jpg,T10,d19,089,a,4,T10_089,train,False
T10_d19_089_b_4.jpg,T10,d19,089,b,4,T10_089,train,False
T10_d19_092_a_4.jpg,T10,d19,092,a,4,T10_092,test,False
T10_d19_092_b_4.jpg,T10,d19,092,b,4,T10_092,test,False
T10_d19_093_a_4.jpg,T10,d19,093,a,4,T10_093,train,False
T10_d19_093_b_4.jpg,T10,d19,093,b,4,T10_093,train,True
T10_d19_094_a_5.jpg,T10,d19,094,a,5,T10_094,train,False
T10_d19_094_b_5.jpg,T10,d19,094,b,5,T10_094,train,True
T10_d19_096_a_4.jpg,T10,d19,096,a,4,T10_096,train,False
T10_d19_096_b_4.jpg,T10,d19,096,b,4,T10_096,train,False
T10_d19_097_a_4.jpg,T10,d19,097,a,4,T10_097,train,False
T10_d19_097_b_4.jpg,T10,d19,097,b,4,T10_097,train,False
T10_d19_098_a_4.jpg,T10,d19,098,a,4,T10_098,train,False
T10_d19_098_b_4.jpg,T10,d19,098,b,4,T10_098,train,False
T10_d19_099_a_4.jpg,T10,d19,099,a,4,T10_099,train,False
T10_d19_099_b_4.jpg,T10,d19,099,b,4,T10_099,train,False
T10_d19_108_a_4.jpg,T10,d19,108,a,4,T10_108,train,False
T10_d19_108_b_4.jpg,T10,d19,108,b,4,T10_108,train,False
T10_d19_110_a_4.jpg,T10,d19,110,a,4,T10_110,train,False
T10_d19_110_b_4.jpg,T10,d19,110,b,4,T10_110,train,False
T10_d19_111_a_4.jpg,T10,d19,111,a,4,T10_111,val,False
T10_d19_111_b_4.jpg,T10,d19,111,b,4,T10_111,val,False
T10_d19_113_a_4.jpg,T10,d19,113,a,4,T10_113,train,True
T10_d19_113_b_4.jpg,T10,d19,113,b,4,T10_113,train,False
T10_d19_118_a_4.jpg,T10,d19,118,a,4,T10_118,train,False
T10_d19_118_b_4.jpg,T10,d19,118,b,4,T10_118,train,False
T10_d19_122_a_4.jpg,T10,d19,122,a,4,T10_122,train,False
T10_d19_122_b_4.jpg,T10,d19,122,b,4,T10_122,train,False
T10_d19_125_a_4.jpg,T10,d19,125,a,4,T10_125,train,False
T10_d19_125_b_4.jpg,T10,d19,125,b,4,T10_125,train,False
T10_d19_128_a_4.jpg,T10,d19,128,a,4,T10_128,train,False
T10_d19_128_b_4.jpg,T10,d19,128,b,4,T10_128,train,False
T10_d19_129_a_4.jpg,T10,d19,129,a,4,T10_129,train,False
T10_d19_129_b_4.jpg,T10,d19,129,b,4,T10_129,train,False
T10_d19_130_a_4.jpg,T10,d19,130,a,4,T10_130,train,False
T10_d19_130_b_4.jpg,T10,d19,130,b,4,T10_130,train,False
T10_d19_131_a_4.jpg,T10,d19,131,a,4,T10_131,train,False
T10_d19_131_b_4.jpg,T10,d19,131,b,4,T10_131,train,False
T10_d19_133_a_4.jpg,T10,d19,133,a,4,T10_133,train,False
T10_d19_133_b_4.jpg,T10,d19,133,b,4,T10_133,train,False
T10_d19_136_a_4.jpg,T10,d19,136,a,4,T10_136,val,False
T10_d19_136_b_4.jpg,T10,d19,136,b,4,T10_136,val,False
T10_d19_138_a_4.jpg,T10,d19,138,a,4,T10_138,train,False
T10_d19_138_b_4.jpg,T10,d19,138,b,4,T10_138,train,True
T10_d19_145_a_4.jpg,T10,d19,145,a,4,T10_145,train,False
T10_d19_145_b_4.jpg,T10,d19,145,b,4,T10_145,train,False
T10_d19_149_a_4.jpg,T10,d19,149,a,4,T10_149,train,False
T10_d19_149_b_4.jpg,T10,d19,149,b,4,T10_149,train,False
T10_d19_152_a_4.jpg,T10,d19,152,a,4,T10_152,train,False
T10_d19_152_b_4.jpg,T10,d19,152,b,4,T10_152,train,False
T10_d19_156_a_4.jpg,T10,d19,156,a,4,T10_156,train,False
T10_d19_156_b_4.jpg,T10,d19,156,b,4,T10_156,train,False
T10_d19_165_a_4.jpg,T10,d19,165,a,4,T10_165,train,False
T10_d19_165_b_4.jpg,T10,d19,165,b,4,T10_165,train,False
T10_d19_166_a_4.jpg,T10,d19,166,a,4,T10_166,train,False
T10_d19_166_b_4.jpg,T10,d19,166,b,4,T10_166,train,False
T10_d19_167_a_4.jpg,T10,d19,167,a,4,T10_167,train,False
T10_d19_167_b_4.jpg,T10,d19,167,b,4,T10_167,train,False
T10_d19_168_a_4.jpg,T10,d19,168,a,4,T10_168,train,False
T10_d19_168_b_4.jpg,T10,d19,168,b,4,T10_168,train,False
T10_d19_172_a_5.jpg,T10,d19,172,a,5,T10_172,train,True
T10_d19_172_b_5.jpg,T10,d19,172,b,5,T10_172,train,False
T10_d19_181_a_4.jpg,T10,d19,181,a,4,T10_181,train,False
T10_d19_181_b_4.jpg,T10,d19,181,b,4,T10_181,train,False
T10_d19_186_a_4.jpg,T10,d19,186,a,4,T10_186,val,False
T10_d19_186_b_4.jpg,T10,d19,186,b,4,T10_186,val,False
T10_d19_193_a_4.jpg,T10,d19,193,a,4,T10_193,train,False
T10_d19_193_b_4.jpg,T10,d19,193,b,4,T10_193,train,False
T10_d19_194_a_4.jpg,T10,d19,194,a,4,T10_194,train,False
T10_d19_194_b_4.jpg,T10,d19,194,b,4,T10_194,train,True
T10_d19_196_a_4.jpg,T10,d19,196,a,4,T10_196,train,False
T10_d19_196_b_4.jpg,T10,d19,196,b,4,T10_196,train,False
T10_d19_202_a_5.jpg,T10,d19,202,a,5,T10_202,train,False
T10_d19_202_b_5.jpg,T10,d19,202,b,5,T10_202,train,False
T10_d19_204_a_4.jpg,T10,d19,204,a,4,T10_204,train,False
T10_d19_204_b_4.jpg,T10,d19,204,b,4,T10_204,train,False
T10_d19_206_a_4.jpg,T10,d19,206,a,4,T10_206,train,False
T10_d19_206_b_4.jpg,T10,d19,206,b,4,T10_206,train,False
T10_d19_211_a_4.jpg,T10,d19,211,a,4,T10_211,train,False
T10_d19_211_b_4.jpg,T10,d19,211,b,4,T10_211,train,False
T10_d19_213_a_4.jpg,T10,d19,213,a,4,T10_213,train,False
T10_d19_213_b_4.jpg,T10,d19,213,b,4,T10_213,train,False
T10_d19_217_a_4.jpg,T10,d19,217,a,4,T10_217,train,False
T10_d19_217_b_4.jpg,T10,d19,217,b,4,T10_217,train,True
T10_d19_219_a_4.jpg,T10,d19,219,a,4,T10_219,test,False
T10_d19_219_b_4.jpg,T10,d19,219,b,4,T10_219,test,False
T10_d19_220_a_4.jpg,T10,d19,220,a,4,T10_220,val,False
T10_d19_220_b_4.jpg,T10,d19,220,b,4,T10_220,val,False
T10_d19_221_a_4.jpg,T10,d19,221,a,4,T10_221,train,False
T10_d19_221_b_4.jpg,T10,d19,221,b,4,T10_221,train,False
T10_d19_227_a_5.jpg,T10,d19,227,a,5,T10_227,train,False
T10_d19_227_b_5.jpg,T10,d19,227,b,5,T10_227,train,False
T10_d19_229_a_4.jpg,T10,d19,229,a,4,T10_229,train,False
T10_d19_229_b_4.jpg,T10,d19,229,b,4,T10_229,train,False
T10_d19_233_a_5.jpg,T10,d19,233,a,5,T10_233,train,False
T10_d19_233_b_5.jpg,T10,d19,233,b,5,T10_233,train,True
T10_d19_234_a_4.jpg,T10,d19,234,a,4,T10_234,train,False
T10_d19_234_b_4.jpg,T10,d19,234,b,4,T10_234,train,False
T10_d19_236_a_4.jpg,T10,d19,236,a,4,T10_236,train,False
T10_d19_236_b_4.jpg,T10,d19,236,b,4,T10_236,train,False
T10_d19_237_a_5.jpg,T10,d19,237,a,5,T10_237,train,False
T10_d19_237_b_5.jpg,T10,d19,237,b,5,T10_237,train,False
T10_d19_243_a_4.jpg,T10,d19,243,a,4,T10_243,train,False
T10_d19_243_b_4.jpg,T10,d19,243,b,4,T10_243,train,True
T10_d19_250_a_4.jpg,T10,d19,250,a,4,T10_250,train,False
T10_d19_250_b_4.jpg,T10,d19,250,b,4,T10_250,train,False
T10_d19_252_a_4.jpg,T10,d19,252,a,4,T10_252,train,False
T10_d19_252_b_4.jpg,T10,d19,252,b,4,T10_252,train,False
T10_d19_253_a_4.jpg,T10,d19,253,a,4,T10_253,val,False
T10_d19_253_b_4.jpg,T10,d19,253,b,4,T10_253,val,False
T10_d19_254_a_5.jpg,T10,d19,254,a,5,T10_254,val,False
T10_d19_254_b_5.jpg,T10,d19,254,b,5,T10_254,val,False
T10_d19_262_a_4.jpg,T10,d19,262,a,4,T10_262,train,False
T10_d19_262_b_4.jpg,T10,d19,262,b,4,T10_262,train,False
T10_d19_269_a_4.jpg,T10,d19,269,a,4,T10_269,train,False
T10_d19_269_b_4.jpg,T10,d19,269,b,4,T10_269,train,False
T10_d19_274_a_4.jpg,T10,d19,274,a,4,T10_274,nuevo,False
T10_d19_274_b_4.jpg,T10,d19,274,b,4,T10_274,nuevo,False
T10_d19_275_a_4.jpg,T10,d19,275,a,4,T10_275,test,False
T10_d19_275_b_4.jpg,T10,d19,275,b,4,T10_275,test,False
T10_d19_276_a_4.jpg,T10,d19,276,a,4,T10_276,train,False
T10_d19_276_b_4.jpg,T10,d19,276,b,4,T10_276,train,False
T10_d19_282_a_4.jpg,T10,d19,282,a,4,T10_282,train,False
T10_d19_282_b_4.jpg,T10,d19,282,b,4,T10_282,train,True
T10_d19_283_a_5.jpg,T10,d19,283,a,5,T10_283,train,False
T10_d19_283_b_5.jpg,T10,d19,283,b,5,T10_283,train,False
T10_d19_284_a_4.jpg,T10,d19,284,a,4,T10_284,train,False
T10_d19_284_b_4.jpg,T10,d19,284,b,4,T10_284,train,False
T10_d19_290_a_5.jpg,T10,d19,290,a,5,T10_290,train,False
T10_d19_290_b_5.jpg,T10,d19,290,b,5,T10_290,train,False
T10_d19_292_a_4.jpg,T10,d19,292,a,4,T10_292,val,False
T10_d19_292_b_4.jpg,T10,d19,292,b,4,T10_292,val,False
T10_d19_294_a_5.jpg,T10,d19,294,a,5,T10_294,train,True
T10_d19_294_b_5.jpg,T10,d19,294,b,5,T10_294,train,False
T10_d19_295_a_4.jpg,T10,d19,295,a,4,T10_295,train,True
T10_d19_295_b_4.jpg,T10,d19,295,b,4,T10_295,train,False
T10_d19_296_a_4.jpg,T10,d19,296,a,4,T10_296,train,False
T10_d19_296_b_4.jpg,T10,d19,296,b,4,T10_296,train,False
T10_d19_306_a_4.jpg,T10,d19,306,a,4,T10_306,train,False
T10_d19_306_b_4.jpg,T10,d19,306,b,4,T10_306,train,False
T10_d19_310_a_4.jpg,T10,d19,310,a,4,T10_310,val,False
T10_d19_310_b_4.jpg,T10,d19,310,b,4,T10_310,val,False
T10_d19_315_a_4.jpg,T10,d19,315,a,4,T10_315,train,True
T10_d19_315_b_4.jpg,T10,d19,315,b,4,T10_315,train,False
T10_d19_326_a_4.jpg,T10,d19,326,a,4,T10_326,train,False
T10_d19_326_b_4.jpg,T10,d19,326,b,4,T10_326,train,False
T10_d19_327_a_4.jpg,T10,d19,327,a,4,T10_327,train,False
T10_d19_327_b_4.jpg,T10,d19,327,b,4,T10_327,train,False
T10_d19_328_a_4.jpg,T10,d19,328,a,4,T10_328,train,False
T10_d19_328_b_4.jpg,T10,d19,328,b,4,T10_328,train,False
T10_d19_330_a_4.jpg,T10,d19,330,a,4,T10_330,train,False
T10_d19_330_b_4.jpg,T10,d19,330,b,4,T10_330,train,False
T10_d19_331_a_4.jpg,T10,d19,331,a,4,T10_331,test,False
T10_d19_331_b_4.jpg,T10,d19,331,b,4,T10_331,test,False
T10_d19_333_a_4.jpg,T10,d19,333,a,4,T10_333,train,False
T10_d19_333_b_4.jpg,T10,d19,333,b,4,T10_333,train,False
T10_d19_336_a_5.jpg,T10,d19,336,a,5,T10_336,train,False
T10_d19_336_b_5.jpg,T10,d19,336,b,5,T10_336,train,False
T10_d19_337_a_4.jpg,T10,d19,337,a,4,T10_337,train,False
T10_d19_337_b_4.jpg,T10,d19,337,b,4,T10_337,train,False
T10_d19_338_a_4.jpg,T10,d19,338,a,4,T10_338,train,False
T10_d19_338_b_4.jpg,T10,d19,338,b,4,T10_338,train,False
T10_d19_349_a_4.jpg,T10,d19,349,a,4,T10_349,train,False
T10_d19_349_b_4.jpg,T10,d19,349,b,4,T10_349,train,False
T10_d19_350_a_4.jpg,T10,d19,350,a,4,T10_350,train,True
T10_d19_350_b_4.jpg,T10,d19,350,b,4,T10_350,train,False
T10_d19_351_a_4.jpg,T10,d19,351,a,4,T10_351,train,False
T10_d19_351_b_4.jpg,T10,d19,351,b,4,T10_351,train,False
T10_d19_353_a_4.jpg,T10,d19,353,a,4,T10_353,val,False
T10_d19_353_b_4.jpg,T10,d19,353,b,4,T10_353,val,False
T10_d19_355_a_4.jpg,T10,d19,355,a,4,T10_355,train,False
T10_d19_355_b_4.jpg,T10,d19,355,b,4,T10_355,train,True
T10_d19_357_a_4.jpg,T10,d19,357,a,4,T10_357,train,False
T10_d19_357_b_4.jpg,T10,d19,357,b,4,T10_357,train,False
T10_d19_366_a_4.jpg,T10,d19,366,a,4,T10_366,train,True
T10_d19_366_b_4.jpg,T10,d19,366,b,4,T10_366,train,False
T10_d19_367_a_4.jpg,T10,d19,367,a,4,T10_367,train,False
T10_d19_367_b_4.jpg,T10,d19,367,b,4,T10_367,train,False
T10_d19_372_a_4.jpg,T10,d19,372,a,4,T10_372,train,False
T10_d19_372_b_4.jpg,T10,d19,372,b,4,T10_372,train,False
T10_d19_375_a_4.jpg,T10,d19,375,a,4,T10_375,val,False
T10_d19_375_b_4.jpg,T10,d19,375,b,4,T10_375,val,False
T10_d19_376_a_4.jpg,T10,d19,376,a,4,T10_376,train,False
T10_d19_376_b_4.jpg,T10,d19,376,b,4,T10_376,train,False
T10_d19_377_a_4.jpg,T10,d19,377,a,4,T10_377,train,True
T10_d19_377_b_4.jpg,T10,d19,377,b,4,T10_377,train,False
T10_d19_381_a_4.jpg,T10,d19,381,a,4,T10_381,train,False
T10_d19_381_b_4.jpg,T10,d19,381,b,4,T10_381,train,False
T10_d19_382_a_4.jpg,T10,d19,382,a,4,T10_382,train,False
T10_d19_382_b_4.jpg,T10,d19,382,b,4,T10_382,train,False
T10_d19_385_a_4.jpg,T10,d19,385,a,4,T10_385,val,False
T10_d19_385_b_4.jpg,T10,d19,385,b,4,T10_385,val,False
T10_d19_387_a_4.jpg,T10,d19,387,a,4,T10_387,train,True
T10_d19_387_b_4.jpg,T10,d19,387,b,4,T10_387,train,False
T10_d19_392_a_4.jpg,T10,d19,392,a,4,T10_392,test,False
T10_d19_392_b_4.jpg,T10,d19,392,b,4,T10_392,test,False
T10_d19_393_a_4.jpg,T10,d19,393,a,4,T10_393,val,False
T10_d19_393_b_4.jpg,T10,d19,393,b,4,T10_393,val,False
T10_d19_395_a_4.jpg,T10,d19,395,a,4,T10_395,test,False
T10_d19_395_b_4.jpg,T10,d19,395,b,4,T10_395,test,False
T10_d19_398_a_4.jpg,T10,d19,398,a,4,T10_398,val,False
T10_d19_398_b_4.jpg,T10,d19,398,b,4,T10_398,val,False
T10_d19_399_a_5.jpg,T10,d19,399,a,5,T10_399,val,False
T10_d19_399_b_5.jpg,T10,d19,399,b,5,T10_399,val,False
T10_d19_400_a_4.jpg,T10,d19,400,a,4,T10_400,train,False
T10_d19_400_b_4.jpg,T10,d19,400,b,4,T10_400,train,False
T10_d19_401_a_4.jpg,T10,d19,401,a,4,T10_401,train,True
T10_d19_401_b_4.jpg,T10,d19,401,b,4,T10_401,train,False
T10_d19_402_a_4.jpg,T10,d19,402,a,4,T10_402,val,False
T10_d19_402_b_4.jpg,T10,d19,402,b,4,T10_402,val,False
T10_d19_405_a_4.jpg,T10,d19,405,a,4,T10_405,train,False
T10_d19_405_b_4.jpg,T10,d19,405,b,4,T10_405,train,False
T10_d19_406_a_5.jpg,T10,d19,406,a,5,T10_406,val,False
T10_d19_406_b_5.jpg,T10,d19,406,b,5,T10_406,val,False
T10_d19_408_a_4.jpg,T10,d19,408,a,4,T10_408,train,False
T10_d19_408_b_4.jpg,T10,d19,408,b,4,T10_408,train,False
T10_d19_410_a_4.jpg,T10,d19,410,a,4,T10_410,train,False
T10_d19_410_b_4.jpg,T10,d19,410,b,4,T10_410,train,False
T10_d19_411_a_4.jpg,T10,d19,411,a,4,T10_411,val,False
T10_d19_411_b_4.jpg,T10,d19,411,b,4,T10_411,val,False
T10_d19_413_a_4.jpg,T10,d19,413,a,4,T10_413,train,True
T10_d19_413_b_4.jpg,T10,d19,413,b,4,T10_413,train,True
T10_d19_414_a_4.jpg,T10,d19,414,a,4,T10_414,train,False
T10_d19_414_b_4.jpg,T10,d19,414,b,4,T10_414,train,True
T10_d19_415_a_4.jpg,T10,d19,415,a,4,T10_415,train,False
T10_d19_415_b_4.jpg,T10,d19,415,b,4,T10_415,train,False
T10_d19_420_a_4.jpg,T10,d19,420,a,4,T10_420,train,True
T10_d19_420_b_4.jpg,T10,d19,420,b,4,T10_420,train,True
T10_d19_422_a_5.jpg,T10,d19,422,a,5,T10_422,train,False
T10_d19_422_b_5.jpg,T10,d19,422,b,5,T10_422,train,False
T10_d19_425_a_4.jpg,T10,d19,425,a,4,T10_425,train,False
T10_d19_425_b_4.jpg,T10,d19,425,b,4,T10_425,train,False
T10_d19_429_a_4.jpg,T10,d19,429,a,4,T10_429,train,False
T10_d19_429_b_4.jpg,T10,d19,429,b,4,T10_429,train,False
T10_d19_430_a_5.jpg,T10,d19,430,a,5,T10_430,val,False
T10_d19_430_b_5.jpg,T10,d19,430,b,5,T10_430,val,False
T10_d19_442_a_4.jpg,T10,d19,442,a,4,T10_442,train,False
T10_d19_442_b_4.jpg,T10,d19,442,b,4,T10_442,train,False
T10_d19_444_a_4.jpg,T10,d19,444,a,4,T10_444,train,False
T10_d19_444_b_4.jpg,T10,d19,444,b,4,T10_444,train,False
T10_d19_445_a_4.jpg,T10,d19,445,a,4,T10_445,train,False
T10_d19_445_b_4.jpg,T10,d19,445,b,4,T10_445,train,False
T10_d19_446_a_4.jpg,T10,d19,446,a,4,T10_446,train,False
T10_d19_446_b_4.jpg,T10,d19,446,b,4,T10_446,train,False
T10_d19_447_a_4.jpg,T10,d19,447,a,4,T10_447,train,False
T10_d19_447_b_4.jpg,T10,d19,447,b,4,T10_447,train,False
T10_d19_448_a_5.jpg,T10,d19,448,a,5,T10_448,train,False
T10_d19_448_b_5.jpg,T10,d19,448,b,5,T10_448,train,False
T10_d19_449_a_4.jpg,T10,d19,449,a,4,T10_449,train,True
T10_d19_449_b_4.jpg,T10,d19,449,b,4,T10_449,train,False
T10_d19_450_a_4.jpg,T10,d19,450,a,4,T10_450,val,False
T10_d19_450_b_4.jpg,T10,d19,450,b,4,T10_450,val,False
T10_d19_451_a_4.jpg,T10,d19,451,a,4,T10_451,val,False
T10_d19_451_b_4.jpg,T10,d19,451,b,4,T10_451,val,False
T10_d19_452_a_4.jpg,T10,d19,452,a,4,T10_452,val,False
T10_d19_452_b_4.jpg,T10,d19,452,b,4,T10_452,val,False
T10_d19_454_a_4.jpg,T10,d19,454,a,4,T10_454,train,False
T10_d19_454_b_4.jpg,T10,d19,454,b,4,T10_454,train,False
T10_d19_458_a_4.jpg,T10,d19,458,a,4,T10_458,train,False
T10_d19_458_b_4.jpg,T10,d19,458,b,4,T10_458,train,False
T10_d19_459_a_4.jpg,T10,d19,459,a,4,T10_459,train,False
T10_d19_459_b_4.jpg,T10,d19,459,b,4,T10_459,train,True
T10_d19_470_a_4.jpg,T10,d19,470,a,4,T10_470,train,False
T10_d19_470_b_4.jpg,T10,d19,470,b,4,T10_470,train,False
T10_d19_471_a_4.jpg,T10,d19,471,a,4,T10_471,test,False
T10_d19_471_b_4.jpg,T10,d19,471,b,4,T10_471,test,False
T10_d19_475_a_4.jpg,T10,d19,475,a,4,T10_475,train,False
T10_d19_475_b_4.jpg,T10,d19,475,b,4,T10_475,train,False
T10_d19_478_a_4.jpg,T10,d19,478,a,4,T10_478,val,False
T10_d19_478_b_4.jpg,T10,d19,478,b,4,T10_478,val,False
T10_d20_002_a_5.jpg,T10,d20,002,a,5,T10_002,train,False
T10_d20_002_b_5.jpg,T10,d20,002,b,5,T10_002,train,True
T10_d20_003_a_5.jpg,T10,d20,003,a,5,T10_003,train,False
T10_d20_003_b_5.jpg,T10,d20,003,b,5,T10_003,train,False
T10_d20_007_a_5.jpg,T10,d20,007,a,5,T10_007,train,False
T10_d20_007_b_5.jpg,T10,d20,007,b,5,T10_007,train,False
T10_d20_011_a_4.jpg,T10,d20,011,a,4,T10_011,train,False
T10_d20_011_b_4.jpg,T10,d20,011,b,4,T10_011,train,False
T10_d20_012_a_5.jpg,T10,d20,012,a,5,T10_012,val,False
T10_d20_012_b_5.jpg,T10,d20,012,b,5,T10_012,val,False
T10_d20_013_a_4.jpg,T10,d20,013,a,4,T10_013,train,False
T10_d20_013_b_4.jpg,T10,d20,013,b,4,T10_013,train,False
T10_d20_014_a_4.jpg,T10,d20,014,a,4,T10_014,val,False
T10_d20_014_b_4.jpg,T10,d20,014,b,4,T10_014,val,False
T10_d20_015_a_4.jpg,T10,d20,015,a,4,T10_015,test,False
T10_d20_015_b_4.jpg,T10,d20,015,b,4,T10_015,test,False
T10_d20_018_a_5.jpg,T10,d20,018,a,5,T10_018,val,False
T10_d20_018_b_5.jpg,T10,d20,018,b,5,T10_018,val,False
T10_d20_021_a_4.jpg,T10,d20,021,a,4,T10_021,train,False
T10_d20_021_b_4.jpg,T10,d20,021,b,4,T10_021,train,True
T10_d20_022_a_4.jpg,T10,d20,022,a,4,T10_022,train,False
T10_d20_022_b_4.jpg,T10,d20,022,b,4,T10_022,train,False
T10_d20_026_a_5.jpg,T10,d20,026,a,5,T10_026,train,True
T10_d20_026_b_5.jpg,T10,d20,026,b,5,T10_026,train,False
T10_d20_027_a_4.jpg,T10,d20,027,a,4,T10_027,train,False
T10_d20_027_b_4.jpg,T10,d20,027,b,4,T10_027,train,False
T10_d20_034_a_4.jpg,T10,d20,034,a,4,T10_034,train,False
T10_d20_034_b_4.jpg,T10,d20,034,b,4,T10_034,train,False
T10_d20_035_a_5.jpg,T10,d20,035,a,5,T10_035,val,True
T10_d20_035_b_5.jpg,T10,d20,035,b,5,T10_035,val,False
T10_d20_041_a_5.jpg,T10,d20,041,a,5,T10_041,val,False
T10_d20_041_b_5.jpg,T10,d20,041,b,5,T10_041,val,False
T10_d20_046_a_4.jpg,T10,d20,046,a,4,T10_046,train,False
T10_d20_046_b_4.jpg,T10,d20,046,b,4,T10_046,train,False
T10_d20_047_a_4.jpg,T10,d20,047,a,4,T10_047,train,False
T10_d20_047_b_4.jpg,T10,d20,047,b,4,T10_047,train,False
T10_d20_048_a_4.jpg,T10,d20,048,a,4,T10_048,train,False
T10_d20_048_b_4.jpg,T10,d20,048,b,4,T10_048,train,False
T10_d20_055_a_4.jpg,T10,d20,055,a,4,T10_055,train,False
T10_d20_055_b_4.jpg,T10,d20,055,b,4,T10_055,train,False
T10_d20_058_a_5.jpg,T10,d20,058,a,5,T10_058,val,False
T10_d20_058_b_5.jpg,T10,d20,058,b,5,T10_058,val,True
T10_d20_061_a_4.jpg,T10,d20,061,a,4,T10_061,train,False
T10_d20_061_b_4.jpg,T10,d20,061,b,4,T10_061,train,False
T10_d20_067_a_4.jpg,T10,d20,067,a,4,T10_067,train,False
T10_d20_067_b_4.jpg,T10,d20,067,b,4,T10_067,train,False
T10_d20_069_a_5.jpg,T10,d20,069,a,5,T10_069,train,False
T10_d20_069_b_5.jpg,T10,d20,069,b,5,T10_069,train,False
T10_d20_072_a_5.jpg,T10,d20,072,a,5,T10_072,val,False
T10_d20_072_b_5.jpg,T10,d20,072,b,5,T10_072,val,False
T10_d20_080_a_4.jpg,T10,d20,080,a,4,T10_080,val,False
T10_d20_080_b_4.jpg,T10,d20,080,b,4,T10_080,val,False
T10_d20_083_a_4.jpg,T10,d20,083,a,4,T10_083,train,True
T10_d20_083_b_4.jpg,T10,d20,083,b,4,T10_083,train,False
T10_d20_087_a_4.jpg,T10,d20,087,a,4,T10_087,val,False
T10_d20_087_b_4.jpg,T10,d20,087,b,4,T10_087,val,False
T10_d20_089_a_5.jpg,T10,d20,089,a,5,T10_089,train,False
T10_d20_089_b_5.jpg,T10,d20,089,b,5,T10_089,train,False
T10_d20_092_a_4.jpg,T10,d20,092,a,4,T10_092,test,False
T10_d20_092_b_4.jpg,T10,d20,092,b,4,T10_092,test,False
T10_d20_093_a_4.jpg,T10,d20,093,a,4,T10_093,train,False
T10_d20_093_b_4.jpg,T10,d20,093,b,4,T10_093,train,False
T10_d20_094_a_5.jpg,T10,d20,094,a,5,T10_094,train,False
T10_d20_094_b_5.jpg,T10,d20,094,b,5,T10_094,train,True
T10_d20_096_a_4.jpg,T10,d20,096,a,4,T10_096,train,False
T10_d20_096_b_4.jpg,T10,d20,096,b,4,T10_096,train,False
T10_d20_097_a_4.jpg,T10,d20,097,a,4,T10_097,train,False
T10_d20_097_b_4.jpg,T10,d20,097,b,4,T10_097,train,False
T10_d20_098_a_5.jpg,T10,d20,098,a,5,T10_098,train,False
T10_d20_098_b_5.jpg,T10,d20,098,b,5,T10_098,train,False
T10_d20_099_a_4.jpg,T10,d20,099,a,4,T10_099,train,False
T10_d20_099_b_4.jpg,T10,d20,099,b,4,T10_099,train,True
T10_d20_108_a_4.jpg,T10,d20,108,a,4,T10_108,train,False
T10_d20_108_b_4.jpg,T10,d20,108,b,4,T10_108,train,False
T10_d20_110_a_4.jpg,T10,d20,110,a,4,T10_110,train,False
T10_d20_110_b_4.jpg,T10,d20,110,b,4,T10_110,train,False
T10_d20_111_a_4.jpg,T10,d20,111,a,4,T10_111,val,False
T10_d20_111_b_4.jpg,T10,d20,111,b,4,T10_111,val,False
T10_d20_113_a_4.jpg,T10,d20,113,a,4,T10_113,train,False
T10_d20_113_b_4.jpg,T10,d20,113,b,4,T10_113,train,False
T10_d20_118_a_4.jpg,T10,d20,118,a,4,T10_118,train,False
T10_d20_118_b_4.jpg,T10,d20,118,b,4,T10_118,train,False
T10_d20_122_a_4.jpg,T10,d20,122,a,4,T10_122,train,False
T10_d20_122_b_4.jpg,T10,d20,122,b,4,T10_122,train,False
T10_d20_125_a_4.jpg,T10,d20,125,a,4,T10_125,train,True
T10_d20_125_b_4.jpg,T10,d20,125,b,4,T10_125,train,False
T10_d20_128_a_5.jpg,T10,d20,128,a,5,T10_128,train,True
T10_d20_128_b_5.jpg,T10,d20,128,b,5,T10_128,train,False
T10_d20_129_a_4.jpg,T10,d20,129,a,4,T10_129,train,False
T10_d20_129_b_4.jpg,T10,d20,129,b,4,T10_129,train,False
T10_d20_130_a_4.jpg,T10,d20,130,a,4,T10_130,train,False
T10_d20_130_b_4.jpg,T10,d20,130,b,4,T10_130,train,False
T10_d20_131_a_4.jpg,T10,d20,131,a,4,T10_131,train,False
T10_d20_131_b_4.jpg,T10,d20,131,b,4,T10_131,train,False
T10_d20_133_a_5.jpg,T10,d20,133,a,5,T10_133,train,False
T10_d20_133_b_5.jpg,T10,d20,133,b,5,T10_133,train,False
T10_d20_136_a_4.jpg,T10,d20,136,a,4,T10_136,val,False
T10_d20_136_b_4.jpg,T10,d20,136,b,4,T10_136,val,False
T10_d20_138_a_4.jpg,T10,d20,138,a,4,T10_138,train,False
T10_d20_138_b_4.jpg,T10,d20,138,b,4,T10_138,train,False
T10_d20_145_a_4.jpg,T10,d20,145,a,4,T10_145,train,False
T10_d20_145_b_4.jpg,T10,d20,145,b,4,T10_145,train,False
T10_d20_149_a_4.jpg,T10,d20,149,a,4,T10_149,train,False
T10_d20_149_b_4.jpg,T10,d20,149,b,4,T10_149,train,False
T10_d20_152_a_4.jpg,T10,d20,152,a,4,T10_152,train,False
T10_d20_152_b_4.jpg,T10,d20,152,b,4,T10_152,train,False
T10_d20_156_a_4.jpg,T10,d20,156,a,4,T10_156,train,False
T10_d20_156_b_4.jpg,T10,d20,156,b,4,T10_156,train,False
T10_d20_165_a_4.jpg,T10,d20,165,a,4,T10_165,train,False
T10_d20_165_b_4.jpg,T10,d20,165,b,4,T10_165,train,False
T10_d20_166_a_4.jpg,T10,d20,166,a,4,T10_166,train,False
T10_d20_166_b_4.jpg,T10,d20,166,b,4,T10_166,train,False
T10_d20_167_a_4.jpg,T10,d20,167,a,4,T10_167,train,False
T10_d20_167_b_4.jpg,T10,d20,167,b,4,T10_167,train,False
T10_d20_168_a_4.jpg,T10,d20,168,a,4,T10_168,train,False
T10_d20_168_b_4.jpg,T10,d20,168,b,4,T10_168,train,True
T10_d20_172_a_5.jpg,T10,d20,172,a,5,T10_172,train,True
T10_d20_172_b_5.jpg,T10,d20,172,b,5,T10_172,train,False
T10_d20_181_a_4.jpg,T10,d20,181,a,4,T10_181,train,False
T10_d20_181_b_4.jpg,T10,d20,181,b,4,T10_181,train,False
T10_d20_193_a_4.jpg,T10,d20,193,a,4,T10_193,train,False
T10_d20_193_b_4.jpg,T10,d20,193,b,4,T10_193,train,False
T10_d20_194_a_4.jpg,T10,d20,194,a,4,T10_194,train,False
T10_d20_194_b_4.jpg,T10,d20,194,b,4,T10_194,train,False
T10_d20_196_a_4.jpg,T10,d20,196,a,4,T10_196,train,False
T10_d20_196_b_4.jpg,T10,d20,196,b,4,T10_196,train,False
T10_d20_202_a_5.jpg,T10,d20,202,a,5,T10_202,train,False
T10_d20_202_b_5.jpg,T10,d20,202,b,5,T10_202,train,True
T10_d20_204_a_4.jpg,T10,d20,204,a,4,T10_204,train,False
T10_d20_204_b_4.jpg,T10,d20,204,b,4,T10_204,train,False
T10_d20_206_a_4.jpg,T10,d20,206,a,4,T10_206,train,False
T10_d20_206_b_4.jpg,T10,d20,206,b,4,T10_206,train,False
T10_d20_211_a_4.jpg,T10,d20,211,a,4,T10_211,train,True
T10_d20_211_b_4.jpg,T10,d20,211,b,4,T10_211,train,False
T10_d20_213_a_4.jpg,T10,d20,213,a,4,T10_213,train,False
T10_d20_213_b_4.jpg,T10,d20,213,b,4,T10_213,train,False
T10_d20_217_a_4.jpg,T10,d20,217,a,4,T10_217,train,False
T10_d20_217_b_4.jpg,T10,d20,217,b,4,T10_217,train,False
T10_d20_219_a_4.jpg,T10,d20,219,a,4,T10_219,test,True
T10_d20_219_b_4.jpg,T10,d20,219,b,4,T10_219,test,False
T10_d20_220_a_4.jpg,T10,d20,220,a,4,T10_220,val,True
T10_d20_220_b_4.jpg,T10,d20,220,b,4,T10_220,val,False
T10_d20_227_a_5.jpg,T10,d20,227,a,5,T10_227,train,False
T10_d20_227_b_5.jpg,T10,d20,227,b,5,T10_227,train,False
T10_d20_229_a_4.jpg,T10,d20,229,a,4,T10_229,train,False
T10_d20_229_b_4.jpg,T10,d20,229,b,4,T10_229,train,False
T10_d20_233_a_5.jpg,T10,d20,233,a,5,T10_233,train,False
T10_d20_233_b_5.jpg,T10,d20,233,b,5,T10_233,train,False
T10_d20_234_a_4.jpg,T10,d20,234,a,4,T10_234,train,False
T10_d20_234_b_4.jpg,T10,d20,234,b,4,T10_234,train,False
T10_d20_236_a_4.jpg,T10,d20,236,a,4,T10_236,train,False
T10_d20_236_b_4.jpg,T10,d20,236,b,4,T10_236,train,False
T10_d20_237_a_5.jpg,T10,d20,237,a,5,T10_237,train,False
T10_d20_237_b_5.jpg,T10,d20,237,b,5,T10_237,train,False
T10_d20_243_a_4.jpg,T10,d20,243,a,4,T10_243,train,False
T10_d20_243_b_4.jpg,T10,d20,243,b,4,T10_243,train,False
T10_d20_250_a_4.jpg,T10,d20,250,a,4,T10_250,train,False
T10_d20_250_b_4.jpg,T10,d20,250,b,4,T10_250,train,True
T10_d20_252_a_4.jpg,T10,d20,252,a,4,T10_252,train,False
T10_d20_252_b_4.jpg,T10,d20,252,b,4,T10_252,train,False
T10_d20_253_a_4.jpg,T10,d20,253,a,4,T10_253,val,False
T10_d20_253_b_4.jpg,T10,d20,253,b,4,T10_253,val,False
T10_d20_254_a_5.jpg,T10,d20,254,a,5,T10_254,val,False
T10_d20_254_b_5.jpg,T10,d20,254,b,5,T10_254,val,False
T10_d20_262_a_4.jpg,T10,d20,262,a,4,T10_262,train,False
T10_d20_262_b_4.jpg,T10,d20,262,b,4,T10_262,train,False
T10_d20_269_a_4.jpg,T10,d20,269,a,4,T10_269,train,False
T10_d20_269_b_4.jpg,T10,d20,269,b,4,T10_269,train,False
T10_d20_274_a_4.jpg,T10,d20,274,a,4,T10_274,nuevo,False
T10_d20_274_b_4.jpg,T10,d20,274,b,4,T10_274,nuevo,False
T10_d20_275_a_4.jpg,T10,d20,275,a,4,T10_275,test,False
T10_d20_275_b_4.jpg,T10,d20,275,b,4,T10_275,test,False
T10_d20_276_a_4.jpg,T10,d20,276,a,4,T10_276,train,False
T10_d20_276_b_4.jpg,T10,d20,276,b,4,T10_276,train,False
T10_d20_282_a_4.jpg,T10,d20,282,a,4,T10_282,train,False
T10_d20_282_b_4.jpg,T10,d20,282,b,4,T10_282,train,False
T10_d20_283_a_5.jpg,T10,d20,283,a,5,T10_283,train,False
T10_d20_283_b_5.jpg,T10,d20,283,b,5,T10_283,train,False
T10_d20_284_a_4.jpg,T10,d20,284,a,4,T10_284,train,False
T10_d20_284_b_4.jpg,T10,d20,284,b,4,T10_284,train,False
T10_d20_290_a_5.jpg,T10,d20,290,a,5,T10_290,train,False
T10_d20_290_b_5.jpg,T10,d20,290,b,5,T10_290,train,False
T10_d20_292_a_4.jpg,T10,d20,292,a,4,T10_292,val,False
T10_d20_292_b_4.jpg,T10,d20,292,b,4,T10_292,val,True
T10_d20_294_a_5.jpg,T10,d20,294,a,5,T10_294,train,False
T10_d20_294_b_5.jpg,T10,d20,294,b,5,T10_294,train,False
T10_d20_295_a_4.jpg,T10,d20,295,a,4,T10_295,train,False
T10_d20_295_b_4.jpg,T10,d20,295,b,4,T10_295,train,False
T10_d20_296_a_4.jpg,T10,d20,296,a,4,T10_296,train,False
T10_d20_296_b_4.jpg,T10,d20,296,b,4,T10_296,train,False
T10_d20_306_a_4.jpg,T10,d20,306,a,4,T10_306,train,False
T10_d20_306_b_4.jpg,T10,d20,306,b,4,T10_306,train,False
T10_d20_310_a_4.jpg,T10,d20,310,a,4,T10_310,val,False
T10_d20_310_b_4.jpg,T10,d20,310,b,4,T10_310,val,False
T10_d20_315_a_4.jpg,T10,d20,315,a,4,T10_315,train,False
T10_d20_315_b_4.jpg,T10,d20,315,b,4,T10_315,train,False
T10_d20_326_a_4.jpg,T10,d20,326,a,4,T10_326,train,False
T10_d20_326_b_4.jpg,T10,d20,326,b,4,T10_326,train,False
T10_d20_327_a_4.jpg,T10,d20,327,a,4,T10_327,train,False
T10_d20_327_b_4.jpg,T10,d20,327,b,4,T10_327,train,False
T10_d20_328_a_4.jpg,T10,d20,328,a,4,T10_328,train,False
T10_d20_328_b_4.jpg,T10,d20,328,b,4,T10_328,train,False
T10_d20_330_a_4.jpg,T10,d20,330,a,4,T10_330,train,False
T10_d20_330_b_4.jpg,T10,d20,330,b,4,T10_330,train,False
T10_d20_333_a_4.jpg,T10,d20,333,a,4,T10_333,train,True
T10_d20_333_b_4.jpg,T10,d20,333,b,4,T10_333,train,False
T10_d20_336_a_5.jpg,T10,d20,336,a,5,T10_336,train,False
T10_d20_336_b_5.jpg,T10,d20,336,b,5,T10_336,train,False
T10_d20_337_a_4.jpg,T10,d20,337,a,4,T10_337,train,True
T10_d20_337_b_4.jpg,T10,d20,337,b,4,T10_337,train,False
T10_d20_338_a_5.jpg,T10,d20,338,a,5,T10_338,train,False
T10_d20_338_b_5.jpg,T10,d20,338,b,5,T10_338,train,False
T10_d20_349_a_4.jpg,T10,d20,349,a,4,T10_349,train,False
T10_d20_349_b_4.jpg,T10,d20,349,b,4,T10_349,train,False
T10_d20_350_a_4.jpg,T10,d20,350,a,4,T10_350,train,False
T10_d20_350_b_4.jpg,T10,d20,350,b,4,T10_350,train,False
T10_d20_351_a_4.jpg,T10,d20,351,a,4,T10_351,train,True
T10_d20_351_b_4.jpg,T10,d20,351,b,4,T10_351,train,False
T10_d20_353_a_4.jpg,T10,d20,353,a,4,T10_353,val,False
T10_d20_353_b_4.jpg,T10,d20,353,b,4,T10_353,val,False
T10_d20_355_a_4.jpg,T10,d20,355,a,4,T10_355,train,False
T10_d20_355_b_4.jpg,T10,d20,355,b,4,T10_355,train,False
T10_d20_357_a_5.jpg,T10,d20,357,a,5,T10_357,train,False
T10_d20_357_b_5.jpg,T10,d20,357,b,5,T10_357,train,False
T10_d20_366_a_4.jpg,T10,d20,366,a,4,T10_366,train,False
T10_d20_366_b_4.jpg,T10,d20,366,b,4,T10_366,train,True
T10_d20_367_a_4.jpg,T10,d20,367,a,4,T10_367,train,False
T10_d20_367_b_4.jpg,T10,d20,367,b,4,T10_367,train,True
T10_d20_372_a_4.jpg,T10,d20,372,a,4,T10_372,train,False
T10_d20_372_b_4.jpg,T10,d20,372,b,4,T10_372,train,False
T10_d20_375_a_4.jpg,T10,d20,375,a,4,T10_375,val,False
T10_d20_375_b_4.jpg,T10,d20,375,b,4,T10_375,val,False
T10_d20_376_a_5.jpg,T10,d20,376,a,5,T10_376,train,False
T10_d20_376_b_5.jpg,T10,d20,376,b,5,T10_376,train,False
T10_d20_377_a_4.jpg,T10,d20,377,a,4,T10_377,train,False
T10_d20_377_b_4.jpg,T10,d20,377,b,4,T10_377,train,False
T10_d20_381_a_4.jpg,T10,d20,381,a,4,T10_381,train,False
T10_d20_381_b_4.jpg,T10,d20,381,b,4,T10_381,train,False
T10_d20_382_a_4.jpg,T10,d20,382,a,4,T10_382,train,False
T10_d20_382_b_4.jpg,T10,d20,382,b,4,T10_382,train,False
T10_d20_385_a_4.jpg,T10,d20,385,a,4,T10_385,val,False
T10_d20_385_b_4.jpg,T10,d20,385,b,4,T10_385,val,False
T10_d20_387_a_4.jpg,T10,d20,387,a,4,T10_387,train,False
T10_d20_387_b_4.jpg,T10,d20,387,b,4,T10_387,train,False
T10_d20_392_a_4.jpg,T10,d20,392,a,4,T10_392,test,False
T10_d20_392_b_4.jpg,T10,d20,392,b,4,T10_392,test,False
T10_d20_393_a_4.jpg,T10,d20,393,a,4,T10_393,val,False
T10_d20_393_b_4.jpg,T10,d20,393,b,4,T10_393,val,False
T10_d20_395_a_4.jpg,T10,d20,395,a,4,T10_395,test,False
T10_d20_395_b_4.jpg,T10,d20,395,b,4,T10_395,test,False
T10_d20_398_a_4.jpg,T10,d20,398,a,4,T10_398,val,True
T10_d20_398_b_4.jpg,T10,d20,398,b,4,T10_398,val,False
T10_d20_399_a_5.jpg,T10,d20,399,a,5,T10_399,val,False
T10_d20_399_b_5.jpg,T10,d20,399,b,5,T10_399,val,False
T10_d20_400_a_4.jpg,T10,d20,400,a,4,T10_400,train,False
T10_d20_400_b_4.jpg,T10,d20,400,b,4,T10_400,train,False
T10_d20_401_a_4.jpg,T10,d20,401,a,4,T10_401,train,False
T10_d20_401_b_4.jpg,T10,d20,401,b,4,T10_401,train,True
T10_d20_402_a_4.jpg,T10,d20,402,a,4,T10_402,val,False
T10_d20_402_b_4.jpg,T10,d20,402,b,4,T10_402,val,False
T10_d20_405_a_4.jpg,T10,d20,405,a,4,T10_405,train,False
T10_d20_405_b_4.jpg,T10,d20,405,b,4,T10_405,train,False
T10_d20_406_a_5.jpg,T10,d20,406,a,5,T10_406,val,False
T10_d20_406_b_5.jpg,T10,d20,406,b,5,T10_406,val,False
T10_d20_408_a_4.jpg,T10,d20,408,a,4,T10_408,train,False
T10_d20_408_b_4.jpg,T10,d20,408,b,4,T10_408,train,False
T10_d20_410_a_4.jpg,T10,d20,410,a,4,T10_410,train,False
T10_d20_410_b_4.jpg,T10,d20,410,b,4,T10_410,train,False
T10_d20_411_a_4.jpg,T10,d20,411,a,4,T10_411,val,False
T10_d20_411_b_4.jpg,T10,d20,411,b,4,T10_411,val,False
T10_d20_413_a_4.jpg,T10,d20,413,a,4,T10_413,train,False
T10_d20_413_b_4.jpg,T10,d20,413,b,4,T10_413,train,False
T10_d20_414_a_4.jpg,T10,d20,414,a,4,T10_414,train,True
T10_d20_414_b_4.jpg,T10,d20,414,b,4,T10_414,train,True
T10_d20_415_a_4.jpg,T10,d20,415,a,4,T10_415,train,False
T10_d20_415_b_4.jpg,T10,d20,415,b,4,T10_415,train,False
T10_d20_420_a_4.jpg,T10,d20,420,a,4,T10_420,train,False
T10_d20_420_b_4.jpg,T10,d20,420,b,4,T10_420,train,False
T10_d20_422_a_5.jpg,T10,d20,422,a,5,T10_422,train,False
T10_d20_422_b_5.jpg,T10,d20,422,b,5,T10_422,train,False
T10_d20_425_a_4.jpg,T10,d20,425,a,4,T10_425,train,False
T10_d20_425_b_4.jpg,T10,d20,425,b,4,T10_425,train,False
T10_d20_429_a_4.jpg,T10,d20,429,a,4,T10_429,train,False
T10_d20_429_b_4.jpg,T10,d20,429,b,4,T10_429,train,False
T10_d20_430_a_5.jpg,T10,d20,430,a,5,T10_430,val,False
T10_d20_430_b_5.jpg,T10,d20,430,b,5,T10_430,val,False
T10_d20_442_a_4.jpg,T10,d20,442,a,4,T10_442,train,False
T10_d20_442_b_4.jpg,T10,d20,442,b,4,T10_442,train,False
T10_d20_444_a_4.jpg,T10,d20,444,a,4,T10_444,train,False
T10_d20_444_b_4.jpg,T10,d20,444,b,4,T10_444,train,False
T10_d20_445_a_4.jpg,T10,d20,445,a,4,T10_445,train,False
T10_d20_445_b_4.jpg,T10,d20,445,b,4,T10_445,train,True
T10_d20_446_a_4.jpg,T10,d20,446,a,4,T10_446,train,False
T10_d20_446_b_4.jpg,T10,d20,446,b,4,T10_446,train,False
T10_d20_447_a_5.jpg,T10,d20,447,a,5,T10_447,train,False
T10_d20_447_b_5.jpg,T10,d20,447,b,5,T10_447,train,False
T10_d20_448_a_5.jpg,T10,d20,448,a,5,T10_448,train,False
T10_d20_448_b_5.jpg,T10,d20,448,b,5,T10_448,train,False
T10_d20_449_a_4.jpg,T10,d20,449,a,4,T10_449,train,False
T10_d20_449_b_4.jpg,T10,d20,449,b,4,T10_449,train,False
T10_d20_450_a_4.jpg,T10,d20,450,a,4,T10_450,val,False
T10_d20_450_b_4.jpg,T10,d20,450,b,4,T10_450,val,False
T10_d20_451_a_4.jpg,T10,d20,451,a,4,T10_451,val,False
T10_d20_451_b_4.jpg,T10,d20,451,b,4,T10_451,val,False
T10_d20_452_a_4.jpg,T10,d20,452,a,4,T10_452,val,False
T10_d20_452_b_4.jpg,T10,d20,452,b,4,T10_452,val,False
T10_d20_454_a_4.jpg,T10,d20,454,a,4,T10_454,train,False
T10_d20_454_b_4.jpg,T10,d20,454,b,4,T10_454,train,False
T10_d20_458_a_4.jpg,T10,d20,458,a,4,T10_458,train,False
T10_d20_458_b_4.jpg,T10,d20,458,b,4,T10_458,train,False
T10_d20_459_a_4.jpg,T10,d20,459,a,4,T10_459,train,False
T10_d20_459_b_4.jpg,T10,d20,459,b,4,T10_459,train,False
T10_d20_470_a_4.jpg,T10,d20,470,a,4,T10_470,train,False
T10_d20_470_b_4.jpg,T10,d20,470,b,4,T10_470,train,False
T10_d20_471_a_4.jpg,T10,d20,471,a,4,T10_471,test,False
T10_d20_471_b_4.jpg,T10,d20,471,b,4,T10_471,test,True
T10_d20_475_a_4.jpg,T10,d20,475,a,4,T10_475,train,False
T10_d20_475_b_4.jpg,T10,d20,475,b,4,T10_475,train,False
T10_d20_478_a_4.jpg,T10,d20,478,a,4,T10_478,val,False
T10_d20_478_b_4.jpg,T10,d20,478,b,4,T10_478,val,False
T10_d21_002_a_5.jpg,T10,d21,002,a,5,T10_002,train,True
T10_d21_002_b_5.jpg,T10,d21,002,b,5,T10_002,train,False
T10_d21_003_a_5.jpg,T10,d21,003,a,5,T10_003,train,False
T10_d21_003_b_5.jpg,T10,d21,003,b,5,T10_003,train,False
T10_d21_007_a_5.jpg,T10,d21,007,a,5,T10_007,train,False
T10_d21_007_b_5.jpg,T10,d21,007,b,5,T10_007,train,False
T10_d21_011_a_5.jpg,T10,d21,011,a,5,T10_011,train,False
T10_d21_011_b_5.jpg,T10,d21,011,b,5,T10_011,train,False
T10_d21_012_a_5.jpg,T10,d21,012,a,5,T10_012,val,True
T10_d21_012_b_5.jpg,T10,d21,012,b,5,T10_012,val,False
T10_d21_013_a_4.jpg,T10,d21,013,a,4,T10_013,train,False
T10_d21_013_b_4.jpg,T10,d21,013,b,4,T10_013,train,False
T10_d21_014_a_4.jpg,T10,d21,014,a,4,T10_014,val,False
T10_d21_014_b_4.jpg,T10,d21,014,b,4,T10_014,val,False
T10_d21_015_a_4.jpg,T10,d21,015,a,4,T10_015,test,False
T10_d21_015_b_4.jpg,T10,d21,015,b,4,T10_015,test,False
T10_d21_018_a_5.jpg,T10,d21,018,a,5,T10_018,val,False
T10_d21_018_b_5.jpg,T10,d21,018,b,5,T10_018,val,False
T10_d21_021_a_4.jpg,T10,d21,021,a,4,T10_021,train,False
T10_d21_021_b_4.jpg,T10,d21,021,b,4,T10_021,train,False
T10_d21_022_a_5.jpg,T10,d21,022,a,5,T10_022,train,False
T10_d21_022_b_5.jpg,T10,d21,022,b,5,T10_022,train,False
T10_d21_026_a_5.jpg,T10,d21,026,a,5,T10_026,train,False
T10_d21_026_b_5.jpg,T10,d21,026,b,5,T10_026,train,False
T10_d21_027_a_4.jpg,T10,d21,027,a,4,T10_027,train,False
T10_d21_027_b_4.jpg,T10,d21,027,b,4,T10_027,train,False
T10_d21_034_a_4.jpg,T10,d21,034,a,4,T10_034,train,False
T10_d21_034_b_4.jpg,T10,d21,034,b,4,T10_034,train,False
T10_d21_035_a_5.jpg,T10,d21,035,a,5,T10_035,val,False
T10_d21_035_b_5.jpg,T10,d21,035,b,5,T10_035,val,False
T10_d21_041_a_5.jpg,T10,d21,041,a,5,T10_041,val,False
T10_d21_041_b_5.jpg,T10,d21,041,b,5,T10_041,val,False
T10_d21_046_a_4.jpg,T10,d21,046,a,4,T10_046,train,True
T10_d21_046_b_4.jpg,T10,d21,046,b,4,T10_046,train,False
T10_d21_047_a_4.jpg,T10,d21,047,a,4,T10_047,train,False
T10_d21_047_b_4.jpg,T10,d21,047,b,4,T10_047,train,False
T10_d21_048_a_4.jpg,T10,d21,048,a,4,T10_048,train,False
T10_d21_048_b_4.jpg,T10,d21,048,b,4,T10_048,train,False
T10_d21_055_a_4.jpg,T10,d21,055,a,4,T10_055,train,False
T10_d21_055_b_4.jpg,T10,d21,055,b,4,T10_055,train,False
T10_d21_058_a_5.jpg,T10,d21,058,a,5,T10_058,val,False
T10_d21_058_b_5.jpg,T10,d21,058,b,5,T10_058,val,False
T10_d21_061_a_4.jpg,T10,d21,061,a,4,T10_061,train,False
T10_d21_061_b_4.jpg,T10,d21,061,b,4,T10_061,train,False
T10_d21_067_a_4.jpg,T10,d21,067,a,4,T10_067,train,False
T10_d21_067_b_4.jpg,T10,d21,067,b,4,T10_067,train,False
T10_d21_069_a_5.jpg,T10,d21,069,a,5,T10_069,train,False
T10_d21_069_b_5.jpg,T10,d21,069,b,5,T10_069,train,False
T10_d21_072_a_5.jpg,T10,d21,072,a,5,T10_072,val,False
T10_d21_072_b_5.jpg,T10,d21,072,b,5,T10_072,val,False
T10_d21_080_a_4.jpg,T10,d21,080,a,4,T10_080,val,False
T10_d21_080_b_4.jpg,T10,d21,080,b,4,T10_080,val,False
T10_d21_083_a_5.jpg,T10,d21,083,a,5,T10_083,train,False
T10_d21_083_b_5.jpg,T10,d21,083,b,5,T10_083,train,False
T10_d21_087_a_5.jpg,T10,d21,087,a,5,T10_087,val,False
T10_d21_087_b_5.jpg,T10,d21,087,b,5,T10_087,val,False
T10_d21_089_a_5.jpg,T10,d21,089,a,5,T10_089,train,False
T10_d21_089_b_5.jpg,T10,d21,089,b,5,T10_089,train,False
T10_d21_092_a_4.jpg,T10,d21,092,a,4,T10_092,test,False
T10_d21_092_b_4.jpg,T10,d21,092,b,4,T10_092,test,False
T10_d21_093_a_4.jpg,T10,d21,093,a,4,T10_093,train,True
T10_d21_093_b_4.jpg,T10,d21,093,b,4,T10_093,train,False
T10_d21_094_a_5.jpg,T10,d21,094,a,5,T10_094,train,False
T10_d21_094_b_5.jpg,T10,d21,094,b,5,T10_094,train,False
T10_d21_096_a_4.jpg,T10,d21,096,a,4,T10_096,train,True
T10_d21_096_b_4.jpg,T10,d21,096,b,4,T10_096,train,False
T10_d21_097_a_5.jpg,T10,d21,097,a,5,T10_097,train,False
T10_d21_097_b_5.jpg,T10,d21,097,b,5,T10_097,train,False
T10_d21_098_a_5.jpg,T10,d21,098,a,5,T10_098,train,False
T10_d21_098_b_5.jpg,T10,d21,098,b,5,T10_098,train,False
T10_d21_099_a_4.jpg,T10,d21,099,a,4,T10_099,train,False
T10_d21_099_b_4.jpg,T10,d21,099,b,4,T10_099,train,False
T10_d21_108_a_4.jpg,T10,d21,108,a,4,T10_108,train,False
T10_d21_108_b_4.jpg,T10,d21,108,b,4,T10_108,train,False
T10_d21_110_a_4.jpg,T10,d21,110,a,4,T10_110,train,False
T10_d21_110_b_4.jpg,T10,d21,110,b,4,T10_110,train,False
T10_d21_111_a_4.jpg,T10,d21,111,a,4,T10_111,val,False
T10_d21_111_b_4.jpg,T10,d21,111,b,4,T10_111,val,False
T10_d21_113_a_4.jpg,T10,d21,113,a,4,T10_113,train,False
T10_d21_113_b_4.jpg,T10,d21,113,b,4,T10_113,train,False
T10_d21_118_a_4.jpg,T10,d21,118,a,4,T10_118,train,False
T10_d21_118_b_4.jpg,T10,d21,118,b,4,T10_118,train,False
T10_d21_122_a_4.jpg,T10,d21,122,a,4,T10_122,train,False
T10_d21_122_b_4.jpg,T10,d21,122,b,4,T10_122,train,False
T10_d21_125_a_4.jpg,T10,d21,125,a,4,T10_125,train,False
T10_d21_125_b_4.jpg,T10,d21,125,b,4,T10_125,train,False
T10_d21_128_a_5.jpg,T10,d21,128,a,5,T10_128,train,False
T10_d21_128_b_5.jpg,T10,d21,128,b,5,T10_128,train,False
T10_d21_129_a_4.jpg,T10,d21,129,a,4,T10_129,train,False
T10_d21_129_b_4.jpg,T10,d21,129,b,4,T10_129,train,True
T10_d21_130_a_5.jpg,T10,d21,130,a,5,T10_130,train,False
T10_d21_130_b_5.jpg,T10,d21,130,b,5,T10_130,train,False
T10_d21_131_a_5.jpg,T10,d21,131,a,5,T10_131,train,False
T10_d21_131_b_5.jpg,T10,d21,131,b,5,T10_131,train,False
T10_d21_133_a_5.jpg,T10,d21,133,a,5,T10_133,train,False
T10_d21_133_b_5.jpg,T10,d21,133,b,5,T10_133,train,False
T10_d21_136_a_4.jpg,T10,d21,136,a,4,T10_136,val,False
T10_d21_136_b_4.jpg,T10,d21,136,b,4,T10_136,val,False
T10_d21_138_a_4.jpg,T10,d21,138,a,4,T10_138,train,False
T10_d21_138_b_4.jpg,T10,d21,138,b,4,T10_138,train,False
T10_d21_145_a_5.jpg,T10,d21,145,a,5,T10_145,train,False
T10_d21_145_b_5.jpg,T10,d21,145,b,5,T10_145,train,False
T10_d21_149_a_5.jpg,T10,d21,149,a,5,T10_149,train,False
T10_d21_149_b_5.jpg,T10,d21,149,b,5,T10_149,train,False
T10_d21_152_a_4.jpg,T10,d21,152,a,4,T10_152,train,False
T10_d21_152_b_4.jpg,T10,d21,152,b,4,T10_152,train,True
T10_d21_156_a_5.jpg,T10,d21,156,a,5,T10_156,train,True
T10_d21_156_b_5.jpg,T10,d21,156,b,5,T10_156,train,False
T10_d21_165_a_5.jpg,T10,d21,165,a,5,T10_165,train,False
T10_d21_165_b_5.jpg,T10,d21,165,b,5,T10_165,train,False
T10_d21_166_a_5.jpg,T10,d21,166,a,5,T10_166,train,False
T10_d21_166_b_5.jpg,T10,d21,166,b,5,T10_166,train,False
T10_d21_167_a_4.jpg,T10,d21,167,a,4,T10_167,train,False
T10_d21_167_b_4.jpg,T10,d21,167,b,4,T10_167,train,False
T10_d21_168_a_5.jpg,T10,d21,168,a,5,T10_168,train,False
T10_d21_168_b_5.jpg,T10,d21,168,b,5,T10_168,train,False
T10_d21_172_a_5.jpg,T10,d21,172,a,5,T10_172,train,True
T10_d21_172_b_5.jpg,T10,d21,172,b,5,T10_172,train,False
T10_d21_181_a_5.jpg,T10,d21,181,a,5,T10_181,train,False
T10_d21_181_b_5.jpg,T10,d21,181,b,5,T10_181,train,False
T10_d21_193_a_5.jpg,T10,d21,193,a,5,T10_193,train,False
T10_d21_193_b_5.jpg,T10,d21,193,b,5,T10_193,train,False
T10_d21_194_a_4.jpg,T10,d21,194,a,4,T10_194,train,False
T10_d21_194_b_4.jpg,T10,d21,194,b,4,T10_194,train,False
T10_d21_196_a_4.jpg,T10,d21,196,a,4,T10_196,train,False
T10_d21_196_b_4.jpg,T10,d21,196,b,4,T10_196,train,False
T10_d21_202_a_5.jpg,T10,d21,202,a,5,T10_202,train,False
T10_d21_202_b_5.jpg,T10,d21,202,b,5,T10_202,train,False
T10_d21_204_a_4.jpg,T10,d21,204,a,4,T10_204,train,False
T10_d21_204_b_4.jpg,T10,d21,204,b,4,T10_204,train,False
T10_d21_206_a_4.jpg,T10,d21,206,a,4,T10_206,train,False
T10_d21_206_b_4.jpg,T10,d21,206,b,4,T10_206,train,False
T10_d21_211_a_4.jpg,T10,d21,211,a,4,T10_211,train,False
T10_d21_211_b_4.jpg,T10,d21,211,b,4,T10_211,train,False
T10_d21_213_a_4.jpg,T10,d21,213,a,4,T10_213,train,False
T10_d21_213_b_4.jpg,T10,d21,213,b,4,T10_213,train,False
T10_d21_217_a_4.jpg,T10,d21,217,a,4,T10_217,train,False
T10_d21_217_b_4.jpg,T10,d21,217,b,4,T10_217,train,False
T10_d21_219_a_4.jpg,T10,d21,219,a,4,T10_219,test,False
T10_d21_219_b_4.jpg,T10,d21,219,b,4,T10_219,test,False
T10_d21_220_a_4.jpg,T10,d21,220,a,4,T10_220,val,False
T10_d21_220_b_4.jpg,T10,d21,220,b,4,T10_220,val,False
T10_d21_227_a_5.jpg,T10,d21,227,a,5,T10_227,train,False
T10_d21_227_b_5.jpg,T10,d21,227,b,5,T10_227,train,False
T10_d21_229_a_5.jpg,T10,d21,229,a,5,T10_229,train,True
T10_d21_229_b_5.jpg,T10,d21,229,b,5,T10_229,train,False
T10_d21_233_a_5.jpg,T10,d21,233,a,5,T10_233,train,False
T10_d21_233_b_5.jpg,T10,d21,233,b,5,T10_233,train,False
T10_d21_234_a_4.jpg,T10,d21,234,a,4,T10_234,train,False
T10_d21_234_b_4.jpg,T10,d21,234,b,4,T10_234,train,False
T10_d21_236_a_5.jpg,T10,d21,236,a,5,T10_236,train,False
T10_d21_236_b_5.jpg,T10,d21,236,b,5,T10_236,train,False
T10_d21_237_a_5.jpg,T10,d21,237,a,5,T10_237,train,False
T10_d21_237_b_5.jpg,T10,d21,237,b,5,T10_237,train,False
T10_d21_243_a_5.jpg,T10,d21,243,a,5,T10_243,train,False
T10_d21_243_b_5.jpg,T10,d21,243,b,5,T10_243,train,True
T10_d21_250_a_5.jpg,T10,d21,250,a,5,T10_250,train,True
T10_d21_250_b_5.jpg,T10,d21,250,b,5,T10_250,train,False
T10_d21_252_a_5.jpg,T10,d21,252,a,5,T10_252,train,False
T10_d21_252_b_5.jpg,T10,d21,252,b,5,T10_252,train,False
T10_d21_253_a_4.jpg,T10,d21,253,a,4,T10_253,val,False
T10_d21_253_b_4.jpg,T10,d21,253,b,4,T10_253,val,False
T10_d21_254_a_5.jpg,T10,d21,254,a,5,T10_254,val,False
T10_d21_254_b_5.jpg,T10,d21,254,b,5,T10_254,val,False
T10_d21_262_a_4.jpg,T10,d21,262,a,4,T10_262,train,False
T10_d21_262_b_4.jpg,T10,d21,262,b,4,T10_262,train,False
T10_d21_269_a_4.jpg,T10,d21,269,a,4,T10_269,train,False
T10_d21_269_b_4.jpg,T10,d21,269,b,4,T10_269,train,False
T10_d21_274_a_4.jpg,T10,d21,274,a,4,T10_274,nuevo,False
T10_d21_274_b_4.jpg,T10,d21,274,b,4,T10_274,nuevo,False
T10_d21_275_a_4.jpg,T10,d21,275,a,4,T10_275,test,False
T10_d21_275_b_4.jpg,T10,d21,275,b,4,T10_275,test,False
T10_d21_276_a_5.jpg,T10,d21,276,a,5,T10_276,train,False
T10_d21_276_b_5.jpg,T10,d21,276,b,5,T10_276,train,False
T10_d21_282_a_4.jpg,T10,d21,282,a,4,T10_282,train,False
T10_d21_282_b_4.jpg,T10,d21,282,b,4,T10_282,train,False
T10_d21_283_a_5.jpg,T10,d21,283,a,5,T10_283,train,False
T10_d21_283_b_5.jpg,T10,d21,283,b,5,T10_283,train,False
T10_d21_284_a_5.jpg,T10,d21,284,a,5,T10_284,train,False
T10_d21_284_b_5.jpg,T10,d21,284,b,5,T10_284,train,False
T10_d21_290_a_5.jpg,T10,d21,290,a,5,T10_290,train,False
T10_d21_290_b_5.jpg,T10,d21,290,b,5,T10_290,train,False
T10_d21_292_a_5.jpg,T10,d21,292,a,5,T10_292,val,True
T10_d21_292_b_5.jpg,T10,d21,292,b,5,T10_292,val,False
T10_d21_294_a_5.jpg,T10,d21,294,a,5,T10_294,train,False
T10_d21_294_b_5.jpg,T10,d21,294,b,5,T10_294,train,False
T10_d21_295_a_4.jpg,T10,d21,295,a,4,T10_295,train,False
T10_d21_295_b_4.jpg,T10,d21,295,b,4,T10_295,train,False
T10_d21_296_a_5.jpg,T10,d21,296,a,5,T10_296,train,False
T10_d21_296_b_5.jpg,T10,d21,296,b,5,T10_296,train,False
T10_d21_306_a_4.jpg,T10,d21,306,a,4,T10_306,train,False
T10_d21_306_b_4.jpg,T10,d21,306,b,4,T10_306,train,True
T10_d21_310_a_4.jpg,T10,d21,310,a,4,T10_310,val,False
T10_d21_310_b_4.jpg,T10,d21,310,b,4,T10_310,val,False
T10_d21_315_a_4.jpg,T10,d21,315,a,4,T10_315,train,False
T10_d21_315_b_4.jpg,T10,d21,315,b,4,T10_315,train,False
T10_d21_326_a_5.jpg,T10,d21,326,a,5,T10_326,train,False
T10_d21_326_b_5.jpg,T10,d21,326,b,5,T10_326,train,False
T10_d21_327_a_5.jpg,T10,d21,327,a,5,T10_327,train,False
T10_d21_327_b_5.jpg,T10,d21,327,b,5,T10_327,train,False
T10_d21_328_a_5.jpg,T10,d21,328,a,5,T10_328,train,False
T10_d21_328_b_5.jpg,T10,d21,328,b,5,T10_328,train,False
T10_d21_330_a_4.jpg,T10,d21,330,a,4,T10_330,train,False
T10_d21_330_b_4.jpg,T10,d21,330,b,4,T10_330,train,False
T10_d21_333_a_4.jpg,T10,d21,333,a,4,T10_333,train,False
T10_d21_333_b_4.jpg,T10,d21,333,b,4,T10_333,train,False
T10_d21_336_a_5.jpg,T10,d21,336,a,5,T10_336,train,False
T10_d21_336_b_5.jpg,T10,d21,336,b,5,T10_336,train,False
T10_d21_337_a_4.jpg,T10,d21,337,a,4,T10_337,train,False
T10_d21_337_b_4.jpg,T10,d21,337,b,4,T10_337,train,False
T10_d21_338_a_5.jpg,T10,d21,338,a,5,T10_338,train,False
T10_d21_338_b_5.jpg,T10,d21,338,b,5,T10_338,train,False
T10_d21_349_a_4.jpg,T10,d21,349,a,4,T10_349,train,False
T10_d21_349_b_4.jpg,T10,d21,349,b,4,T10_349,train,False
T10_d21_350_a_4.jpg,T10,d21,350,a,4,T10_350,train,False
T10_d21_350_b_4.jpg,T10,d21,350,b,4,T10_350,train,False
T10_d21_351_a_4.jpg,T10,d21,351,a,4,T10_351,train,False
T10_d21_351_b_4.jpg,T10,d21,351,b,4,T10_351,train,False
T10_d21_353_a_4.jpg,T10,d21,353,a,4,T10_353,val,False
T10_d21_353_b_4.jpg,T10,d21,353,b,4,T10_353,val,False
T10_d21_355_a_4.jpg,T10,d21,355,a,4,T10_355,train,False
T10_d21_355_b_4.jpg,T10,d21,355,b,4,T10_355,train,False
T10_d21_357_a_5.jpg,T10,d21,357,a,5,T10_357,train,True
T10_d21_357_b_5.jpg,T10,d21,357,b,5,T10_357,train,False
T10_d21_366_a_4.jpg,T10,d21,366,a,4,T10_366,train,False
T10_d21_366_b_4.jpg,T10,d21,366,b,4,T10_366,train,False
T10_d21_367_a_5.jpg,T10,d21,367,a,5,T10_367,train,False
T10_d21_367_b_5.jpg,T10,d21,367,b,5,T10_367,train,False
T10_d21_372_a_5.jpg,T10,d21,372,a,5,T10_372,train,False
T10_d21_372_b_5.jpg,T10,d21,372,b,5,T10_372,train,False
T10_d21_375_a_4.jpg,T10,d21,375,a,4,T10_375,val,False
T10_d21_375_b_4.jpg,T10,d21,375,b,4,T10_375,val,False
T10_d21_376_a_5.jpg,T10,d21,376,a,5,T10_376,train,True
T10_d21_376_b_5.jpg,T10,d21,376,b,5,T10_376,train,False
T10_d21_377_a_4.jpg,T10,d21,377,a,4,T10_377,train,False
T10_d21_377_b_4.jpg,T10,d21,377,b,4,T10_377,train,False
T10_d21_381_a_5.jpg,T10,d21,381,a,5,T10_381,train,False
T10_d21_381_b_5.jpg,T10,d21,381,b,5,T10_381,train,False
T10_d21_382_a_4.jpg,T10,d21,382,a,4,T10_382,train,False
T10_d21_382_b_4.jpg,T10,d21,382,b,4,T10_382,train,False
T10_d21_385_a_4.jpg,T10,d21,385,a,4,T10_385,val,False
T10_d21_385_b_4.jpg,T10,d21,385,b,4,T10_385,val,False
T10_d21_387_a_4.jpg,T10,d21,387,a,4,T10_387,train,False
T10_d21_387_b_4.jpg,T10,d21,387,b,4,T10_387,train,False
T10_d21_392_a_4.jpg,T10,d21,392,a,4,T10_392,test,False
T10_d21_392_b_4.jpg,T10,d21,392,b,4,T10_392,test,False
T10_d21_393_a_4.jpg,T10,d21,393,a,4,T10_393,val,False
T10_d21_393_b_4.jpg,T10,d21,393,b,4,T10_393,val,False
T10_d21_395_a_5.jpg,T10,d21,395,a,5,T10_395,test,False
T10_d21_395_b_5.jpg,T10,d21,395,b,5,T10_395,test,False
T10_d21_398_a_5.jpg,T10,d21,398,a,5,T10_398,val,False
T10_d21_398_b_5.jpg,T10,d21,398,b,5,T10_398,val,False
T10_d21_399_a_5.jpg,T10,d21,399,a,5,T10_399,val,False
T10_d21_399_b_5.jpg,T10,d21,399,b,5,T10_399,val,False
T10_d21_400_a_4.jpg,T10,d21,400,a,4,T10_400,train,False
T10_d21_400_b_4.jpg,T10,d21,400,b,4,T10_400,train,False
T10_d21_401_a_4.jpg,T10,d21,401,a,4,T10_401,train,False
T10_d21_401_b_4.jpg,T10,d21,401,b,4,T10_401,train,False
T10_d21_402_a_4.jpg,T10,d21,402,a,4,T10_402,val,False
T10_d21_402_b_4.jpg,T10,d21,402,b,4,T10_402,val,False
T10_d21_405_a_4.jpg,T10,d21,405,a,4,T10_405,train,False
T10_d21_405_b_4.jpg,T10,d21,405,b,4,T10_405,train,False
T10_d21_406_a_5.jpg,T10,d21,406,a,5,T10_406,val,False
T10_d21_406_b_5.jpg,T10,d21,406,b,5,T10_406,val,False
T10_d21_408_a_4.jpg,T10,d21,408,a,4,T10_408,train,False
T10_d21_408_b_4.jpg,T10,d21,408,b,4,T10_408,train,True
T10_d21_410_a_4.jpg,T10,d21,410,a,4,T10_410,train,False
T10_d21_410_b_4.jpg,T10,d21,410,b,4,T10_410,train,False
T10_d21_411_a_4.jpg,T10,d21,411,a,4,T10_411,val,False
T10_d21_411_b_4.jpg,T10,d21,411,b,4,T10_411,val,False
T10_d21_413_a_4.jpg,T10,d21,413,a,4,T10_413,train,False
T10_d21_413_b_4.jpg,T10,d21,413,b,4,T10_413,train,False
T10_d21_414_a_4.jpg,T10,d21,414,a,4,T10_414,train,False
T10_d21_414_b_4.jpg,T10,d21,414,b,4,T10_414,train,False
T10_d21_415_a_4.jpg,T10,d21,415,a,4,T10_415,train,False
T10_d21_415_b_4.jpg,T10,d21,415,b,4,T10_415,train,False
T10_d21_420_a_4.jpg,T10,d21,420,a,4,T10_420,train,False
T10_d21_420_b_4.jpg,T10,d21,420,b,4,T10_420,train,False
T10_d21_422_a_5.jpg,T10,d21,422,a,5,T10_422,train,False
T10_d21_422_b_5.jpg,T10,d21,422,b,5,T10_422,train,True
T10_d21_425_a_4.jpg,T10,d21,425,a,4,T10_425,train,False
T10_d21_425_b_4.jpg,T10,d21,425,b,4,T10_425,train,False
T10_d21_429_a_4.jpg,T10,d21,429,a,4,T10_429,train,False
T10_d21_429_b_4.jpg,T10,d21,429,b,4,T10_429,train,False
T10_d21_430_a_5.jpg,T10,d21,430,a,5,T10_430,val,False
T10_d21_430_b_5.jpg,T10,d21,430,b,5,T10_430,val,False
T10_d21_442_a_4.jpg,T10,d21,442,a,4,T10_442,train,False
T10_d21_442_b_4.jpg,T10,d21,442,b,4,T10_442,train,False
T10_d21_444_a_4.jpg,T10,d21,444,a,4,T10_444,train,False
T10_d21_444_b_4.jpg,T10,d21,444,b,4,T10_444,train,False
T10_d21_445_a_4.jpg,T10,d21,445,a,4,T10_445,train,False
T10_d21_445_b_4.jpg,T10,d21,445,b,4,T10_445,train,False
T10_d21_446_a_4.jpg,T10,d21,446,a,4,T10_446,train,False
T10_d21_446_b_4.jpg,T10,d21,446,b,4,T10_446,train,False
T10_d21_447_a_5.jpg,T10,d21,447,a,5,T10_447,train,False
T10_d21_447_b_5.jpg,T10,d21,447,b,5,T10_447,train,False
T10_d21_448_a_5.jpg,T10,d21,448,a,5,T10_448,train,True
T10_d21_448_b_5.jpg,T10,d21,448,b,5,T10_448,train,False
T10_d21_449_a_4.jpg,T10,d21,449,a,4,T10_449,train,False
T10_d21_449_b_4.jpg,T10,d21,449,b,4,T10_449,train,False
T10_d21_450_a_4.jpg,T10,d21,450,a,4,T10_450,val,False
T10_d21_450_b_4.jpg,T10,d21,450,b,4,T10_450,val,False
T10_d21_451_a_4.jpg,T10,d21,451,a,4,T10_451,val,False
T10_d21_451_b_4.jpg,T10,d21,451,b,4,T10_451,val,False
T10_d21_452_a_5.jpg,T10,d21,452,a,5,T10_452,val,False
T10_d21_452_b_5.jpg,T10,d21,452,b,5,T10_452,val,False
T10_d21_454_a_4.jpg,T10,d21,454,a,4,T10_454,train,True
T10_d21_454_b_4.jpg,T10,d21,454,b,4,T10_454,train,False
T10_d21_458_a_4.jpg,T10,d21,458,a,4,T10_458,train,False
T10_d21_458_b_4.jpg,T10,d21,458,b,4,T10_458,train,False
T10_d21_459_a_5.jpg,T10,d21,459,a,5,T10_459,train,False
T10_d21_459_b_5.jpg,T10,d21,459,b,5,T10_459,train,False
T10_d21_470_a_4.jpg,T10,d21,470,a,4,T10_470,train,False
T10_d21_470_b_4.jpg,T10,d21,470,b,4,T10_470,train,False
T10_d21_471_a_4.jpg,T10,d21,471,a,4,T10_471,test,False
T10_d21_471_b_4.jpg,T10,d21,471,b,4,T10_471,test,False
T10_d21_475_a_4.jpg,T10,d21,475,a,4,T10_475,train,False
T10_d21_475_b_4.jpg,T10,d21,475,b,4,T10_475,train,False
T10_d21_478_a_4.jpg,T10,d21,478,a,4,T10_478,val,False
T10_d21_478_b_4.jpg,T10,d21,478,b,4,T10_478,val,False
T10_d22_002_a_5.jpg,T10,d22,002,a,5,T10_002,train,False
T10_d22_002_b_5.jpg,T10,d22,002,b,5,T10_002,train,False
T10_d22_003_a_5.jpg,T10,d22,003,a,5,T10_003,train,True
T10_d22_003_b_5.jpg,T10,d22,003,b,5,T10_003,train,False
T10_d22_007_a_5.jpg,T10,d22,007,a,5,T10_007,train,False
T10_d22_007_b_5.jpg,T10,d22,007,b,5,T10_007,train,False
T10_d22_011_a_5.jpg,T10,d22,011,a,5,T10_011,train,False
T10_d22_011_b_5.jpg,T10,d22,011,b,5,T10_011,train,False
T10_d22_012_a_5.jpg,T10,d22,012,a,5,T10_012,val,False
T10_d22_012_b_5.jpg,T10,d22,012,b,5,T10_012,val,False
T10_d22_013_a_4.jpg,T10,d22,013,a,4,T10_013,train,False
T10_d22_013_b_4.jpg,T10,d22,013,b,4,T10_013,train,False
T10_d22_014_a_4.jpg,T10,d22,014,a,4,T10_014,val,False
T10_d22_014_b_4.jpg,T10,d22,014,b,4,T10_014,val,False
T10_d22_015_a_4.jpg,T10,d22,015,a,4,T10_015,test,False
T10_d22_015_b_4.jpg,T10,d22,015,b,4,T10_015,test,False
T10_d22_018_a_5.jpg,T10,d22,018,a,5,T10_018,val,False
T10_d22_018_b_5.jpg,T10,d22,018,b,5,T10_018,val,False
T10_d22_021_a_4.jpg,T10,d22,021,a,4,T10_021,train,False
T10_d22_021_b_4.jpg,T10,d22,021,b,4,T10_021,train,False
T10_d22_022_a_5.jpg,T10,d22,022,a,5,T10_022,train,False
T10_d22_022_b_5.jpg,T10,d22,022,b,5,T10_022,train,False
T10_d22_026_a_5.jpg,T10,d22,026,a,5,T10_026,train,False
T10_d22_026_b_5.jpg,T10,d22,026,b,5,T10_026,train,False
T10_d22_027_a_4.jpg,T10,d22,027,a,4,T10_027,train,False
T10_d22_027_b_4.jpg,T10,d22,027,b,4,T10_027,train,False
T10_d22_034_a_4.jpg,T10,d22,034,a,4,T10_034,train,False
T10_d22_034_b_4.jpg,T10,d22,034,b,4,T10_034,train,False
T10_d22_035_a_5.jpg,T10,d22,035,a,5,T10_035,val,False
T10_d22_035_b_5.jpg,T10,d22,035,b,5,T10_035,val,False
T10_d22_041_a_5.jpg,T10,d22,041,a,5,T10_041,val,False
T10_d22_041_b_5.jpg,T10,d22,041,b,5,T10_041,val,False
T10_d22_046_a_4.jpg,T10,d22,046,a,4,T10_046,train,False
T10_d22_046_b_4.jpg,T10,d22,046,b,4,T10_046,train,False
T10_d22_047_a_4.jpg,T10,d22,047,a,4,T10_047,train,False
T10_d22_047_b_4.jpg,T10,d22,047,b,4,T10_047,train,False
T10_d22_048_a_4.jpg,T10,d22,048,a,4,T10_048,train,False
T10_d22_048_b_4.jpg,T10,d22,048,b,4,T10_048,train,False
T10_d22_055_a_4.jpg,T10,d22,055,a,4,T10_055,train,False
T10_d22_055_b_4.jpg,T10,d22,055,b,4,T10_055,train,False
T10_d22_058_a_5.jpg,T10,d22,058,a,5,T10_058,val,False
T10_d22_058_b_5.jpg,T10,d22,058,b,5,T10_058,val,False
T10_d22_061_a_4.jpg,T10,d22,061,a,4,T10_061,train,False
T10_d22_061_b_4.jpg,T10,d22,061,b,4,T10_061,train,False
T10_d22_067_a_4.jpg,T10,d22,067,a,4,T10_067,train,False
T10_d22_067_b_4.jpg,T10,d22,067,b,4,T10_067,train,False
T10_d22_069_a_5.jpg,T10,d22,069,a,5,T10_069,train,False
T10_d22_069_b_5.jpg,T10,d22,069,b,5,T10_069,train,False
T10_d22_072_a_5.jpg,T10,d22,072,a,5,T10_072,val,False
T10_d22_072_b_5.jpg,T10,d22,072,b,5,T10_072,val,False
T10_d22_083_a_5.jpg,T10,d22,083,a,5,T10_083,train,False
T10_d22_083_b_5.jpg,T10,d22,083,b,5,T10_083,train,False
T10_d22_087_a_5.jpg,T10,d22,087,a,5,T10_087,val,False
T10_d22_087_b_5.jpg,T10,d22,087,b,5,T10_087,val,False
T10_d22_089_a_5.jpg,T10,d22,089,a,5,T10_089,train,False
T10_d22_089_b_5.jpg,T10,d22,089,b,5,T10_089,train,False
T10_d22_092_a_4.jpg,T10,d22,092,a,4,T10_092,test,False
T10_d22_092_b_4.jpg,T10,d22,092,b,4,T10_092,test,False
T10_d22_093_a_4.jpg,T10,d22,093,a,4,T10_093,train,False
T10_d22_093_b_4.jpg,T10,d22,093,b,4,T10_093,train,False
T10_d22_094_a_5.jpg,T10,d22,094,a,5,T10_094,train,False
T10_d22_094_b_5.jpg,T10,d22,094,b,5,T10_094,train,False
T10_d22_096_a_4.jpg,T10,d22,096,a,4,T10_096,train,False
T10_d22_096_b_4.jpg,T10,d22,096,b,4,T10_096,train,False
T10_d22_097_a_5.jpg,T10,d22,097,a,5,T10_097,train,False
T10_d22_097_b_5.jpg,T10,d22,097,b,5,T10_097,train,False
T10_d22_098_a_5.jpg,T10,d22,098,a,5,T10_098,train,False
T10_d22_098_b_5.jpg,T10,d22,098,b,5,T10_098,train,False
T10_d22_099_a_4.jpg,T10,d22,099,a,4,T10_099,train,False
T10_d22_099_b_4.jpg,T10,d22,099,b,4,T10_099,train,False
T10_d22_108_a_4.jpg,T10,d22,108,a,4,T10_108,train,False
T10_d22_108_b_4.jpg,T10,d22,108,b,4,T10_108,train,False
T10_d22_110_a_5.jpg,T10,d22,110,a,5,T10_110,train,False
T10_d22_110_b_5.jpg,T10,d22,110,b,5,T10_110,train,False
T10_d22_111_a_4.jpg,T10,d22,111,a,4,T10_111,val,False
T10_d22_111_b_4.jpg,T10,d22,111,b,4,T10_111,val,False
T10_d22_113_a_4.jpg,T10,d22,113,a,4,T10_113,train,False
T10_d22_113_b_4.jpg,T10,d22,113,b,4,T10_113,train,False
T10_d22_118_a_4.jpg,T10,d22,118,a,4,T10_118,train,False
T10_d22_118_b_4.jpg,T10,d22,118,b,4,T10_118,train,False
T10_d22_122_a_4.jpg,T10,d22,122,a,4,T10_122,train,False
T10_d22_122_b_4.jpg,T10,d22,122,b,4,T10_122,train,False
T10_d22_125_a_4.jpg,T10,d22,125,a,4,T10_125,train,False
T10_d22_125_b_4.jpg,T10,d22,125,b,4,T10_125,train,False
T10_d22_128_a_5.jpg,T10,d22,128,a,5,T10_128,train,False
T10_d22_128_b_5.jpg,T10,d22,128,b,5,T10_128,train,False
T10_d22_129_a_5.jpg,T10,d22,129,a,5,T10_129,train,False
T10_d22_129_b_5.jpg,T10,d22,129,b,5,T10_129,train,False
T10_d22_130_a_5.jpg,T10,d22,130,a,5,T10_130,train,False
T10_d22_130_b_5.jpg,T10,d22,130,b,5,T10_130,train,False
T10_d22_131_a_5.jpg,T10,d22,131,a,5,T10_131,train,False
T10_d22_131_b_5.jpg,T10,d22,131,b,5,T10_131,train,False
T10_d22_133_a_5.jpg,T10,d22,133,a,5,T10_133,train,False
T10_d22_133_b_5.jpg,T10,d22,133,b,5,T10_133,train,False
T10_d22_136_a_4.jpg,T10,d22,136,a,4,T10_136,val,False
T10_d22_136_b_4.jpg,T10,d22,136,b,4,T10_136,val,False
T10_d22_138_a_4.jpg,T10,d22,138,a,4,T10_138,train,False
T10_d22_138_b_4.jpg,T10,d22,138,b,4,T10_138,train,False
T10_d22_145_a_5.jpg,T10,d22,145,a,5,T10_145,train,False
T10_d22_145_b_5.jpg,T10,d22,145,b,5,T10_145,train,False
T10_d22_149_a_5.jpg,T10,d22,149,a,5,T10_149,train,False
T10_d22_149_b_5.jpg,T10,d22,149,b,5,T10_149,train,False
T10_d22_152_a_4.jpg,T10,d22,152,a,4,T10_152,train,False
T10_d22_152_b_4.jpg,T10,d22,152,b,4,T10_152,train,True
T10_d22_156_a_5.jpg,T10,d22,156,a,5,T10_156,train,False
T10_d22_156_b_5.jpg,T10,d22,156,b,5,T10_156,train,False
T10_d22_165_a_5.jpg,T10,d22,165,a,5,T10_165,train,False
T10_d22_165_b_5.jpg,T10,d22,165,b,5,T10_165,train,False
T10_d22_166_a_5.jpg,T10,d22,166,a,5,T10_166,train,False
T10_d22_166_b_5.jpg,T10,d22,166,b,5,T10_166,train,False
T10_d22_167_a_4.jpg,T10,d22,167,a,4,T10_167,train,False
T10_d22_167_b_4.jpg,T10,d22,167,b,4,T10_167,train,False
T10_d22_168_a_5.jpg,T10,d22,168,a,5,T10_168,train,False
T10_d22_168_b_5.jpg,T10,d22,168,b,5,T10_168,train,False
T10_d22_172_a_5.jpg,T10,d22,172,a,5,T10_172,train,False
T10_d22_172_b_5.jpg,T10,d22,172,b,5,T10_172,train,False
T10_d22_181_a_5.jpg,T10,d22,181,a,5,T10_181,train,False
T10_d22_181_b_5.jpg,T10,d22,181,b,5,T10_181,train,False
T10_d22_193_a_5.jpg,T10,d22,193,a,5,T10_193,train,False
T10_d22_193_b_5.jpg,T10,d22,193,b,5,T10_193,train,True
T10_d22_194_a_4.jpg,T10,d22,194,a,4,T10_194,train,False
T10_d22_194_b_4.jpg,T10,d22,194,b,4,T10_194,train,False
T10_d22_196_a_4.jpg,T10,d22,196,a,4,T10_196,train,False
T10_d22_196_b_4.jpg,T10,d22,196,b,4,T10_196,train,False
T10_d22_202_a_5.jpg,T10,d22,202,a,5,T10_202,train,False
T10_d22_202_b_5.jpg,T10,d22,202,b,5,T10_202,train,False
T10_d22_204_a_5.jpg,T10,d22,204,a,5,T10_204,train,False
T10_d22_204_b_5.jpg,T10,d22,204,b,5,T10_204,train,False
T10_d22_206_a_4.jpg,T10,d22,206,a,4,T10_206,train,False
T10_d22_206_b_4.jpg,T10,d22,206,b,4,T10_206,train,False
T10_d22_211_a_4.jpg,T10,d22,211,a,4,T10_211,train,False
T10_d22_211_b_4.jpg,T10,d22,211,b,4,T10_211,train,False
T10_d22_213_a_4.jpg,T10,d22,213,a,4,T10_213,train,False
T10_d22_213_b_4.jpg,T10,d22,213,b,4,T10_213,train,False
T10_d22_217_a_4.jpg,T10,d22,217,a,4,T10_217,train,False
T10_d22_217_b_4.jpg,T10,d22,217,b,4,T10_217,train,False
T10_d22_219_a_5.jpg,T10,d22,219,a,5,T10_219,test,False
T10_d22_219_b_5.jpg,T10,d22,219,b,5,T10_219,test,False
T10_d22_220_a_4.jpg,T10,d22,220,a,4,T10_220,val,False
T10_d22_220_b_4.jpg,T10,d22,220,b,4,T10_220,val,True
T10_d22_227_a_5.jpg,T10,d22,227,a,5,T10_227,train,False
T10_d22_227_b_5.jpg,T10,d22,227,b,5,T10_227,train,False
T10_d22_229_a_5.jpg,T10,d22,229,a,5,T10_229,train,False
T10_d22_229_b_5.jpg,T10,d22,229,b,5,T10_229,train,True
T10_d22_233_a_5.jpg,T10,d22,233,a,5,T10_233,train,False
T10_d22_233_b_5.jpg,T10,d22,233,b,5,T10_233,train,False
T10_d22_234_a_4.jpg,T10,d22,234,a,4,T10_234,train,False
T10_d22_234_b_4.jpg,T10,d22,234,b,4,T10_234,train,False
T10_d22_236_a_5.jpg,T10,d22,236,a,5,T10_236,train,False
T10_d22_236_b_5.jpg,T10,d22,236,b,5,T10_236,train,False
T10_d22_237_a_5.jpg,T10,d22,237,a,5,T10_237,train,False
T10_d22_237_b_5.jpg,T10,d22,237,b,5,T10_237,train,False
T10_d22_243_a_5.jpg,T10,d22,243,a,5,T10_243,train,False
T10_d22_243_b_5.jpg,T10,d22,243,b,5,T10_243,train,False
T10_d22_250_a_5.jpg,T10,d22,250,a,5,T10_250,train,False
T10_d22_250_b_5.jpg,T10,d22,250,b,5,T10_250,train,False
T10_d22_252_a_5.jpg,T10,d22,252,a,5,T10_252,train,True
T10_d22_252_b_5.jpg,T10,d22,252,b,5,T10_252,train,False
T10_d22_253_a_4.jpg,T10,d22,253,a,4,T10_253,val,False
T10_d22_253_b_4.jpg,T10,d22,253,b,4,T10_253,val,False
T10_d22_254_a_5.jpg,T10,d22,254,a,5,T10_254,val,True
T10_d22_254_b_5.jpg,T10,d22,254,b,5,T10_254,val,False
T10_d22_262_a_4.jpg,T10,d22,262,a,4,T10_262,train,True
T10_d22_262_b_4.jpg,T10,d22,262,b,4,T10_262,train,False
T10_d22_269_a_4.jpg,T10,d22,269,a,4,T10_269,train,False
T10_d22_269_b_4.jpg,T10,d22,269,b,4,T10_269,train,False
T10_d22_274_a_5.jpg,T10,d22,274,a,5,T10_274,nuevo,False
T10_d22_274_b_5.jpg,T10,d22,274,b,5,T10_274,nuevo,False
T10_d22_275_a_4.jpg,T10,d22,275,a,4,T10_275,test,False
T10_d22_275_b_4.jpg,T10,d22,275,b,4,T10_275,test,True
T10_d22_276_a_5.jpg,T10,d22,276,a,5,T10_276,train,True
T10_d22_276_b_5.jpg,T10,d22,276,b,5,T10_276,train,False
T10_d22_282_a_4.jpg,T10,d22,282,a,4,T10_282,train,False
T10_d22_282_b_4.jpg,T10,d22,282,b,4,T10_282,train,False
T10_d22_283_a_5.jpg,T10,d22,283,a,5,T10_283,train,False
T10_d22_283_b_5.jpg,T10,d22,283,b,5,T10_283,train,False
T10_d22_284_a_5.jpg,T10,d22,284,a,5,T10_284,train,False
T10_d22_284_b_5.jpg,T10,d22,284,b,5,T10_284,train,False
T10_d22_290_a_5.jpg,T10,d22,290,a,5,T10_290,train,False
T10_d22_290_b_5.jpg,T10,d22,290,b,5,T10_290,train,False
T10_d22_292_a_5.jpg,T10,d22,292,a,5,T10_292,val,False
T10_d22_292_b_5.jpg,T10,d22,292,b,5,T10_292,val,False
T10_d22_294_a_5.jpg,T10,d22,294,a,5,T10_294,train,True
T10_d22_294_b_5.jpg,T10,d22,294,b,5,T10_294,train,True
T10_d22_295_a_4.jpg,T10,d22,295,a,4,T10_295,train,False
T10_d22_295_b_4.jpg,T10,d22,295,b,4,T10_295,train,False
T10_d22_296_a_5.jpg,T10,d22,296,a,5,T10_296,train,False
T10_d22_296_b_5.jpg,T10,d22,296,b,5,T10_296,train,False
T10_d22_306_a_4.jpg,T10,d22,306,a,4,T10_306,train,False
T10_d22_306_b_4.jpg,T10,d22,306,b,4,T10_306,train,False
T10_d22_310_a_4.jpg,T10,d22,310,a,4,T10_310,val,False
T10_d22_310_b_4.jpg,T10,d22,310,b,4,T10_310,val,False
T10_d22_315_a_4.jpg,T10,d22,315,a,4,T10_315,train,False
T10_d22_315_b_4.jpg,T10,d22,315,b,4,T10_315,train,False
T10_d22_326_a_5.jpg,T10,d22,326,a,5,T10_326,train,False
T10_d22_326_b_5.jpg,T10,d22,326,b,5,T10_326,train,False
T10_d22_327_a_5.jpg,T10,d22,327,a,5,T10_327,train,False
T10_d22_327_b_5.jpg,T10,d22,327,b,5,T10_327,train,False
T10_d22_328_a_5.jpg,T10,d22,328,a,5,T10_328,train,False
T10_d22_328_b_5.jpg,T10,d22,328,b,5,T10_328,train,False
T10_d22_330_a_4.jpg,T10,d22,330,a,4,T10_330,train,False
T10_d22_330_b_4.jpg,T10,d22,330,b,4,T10_330,train,False
T10_d22_333_a_4.jpg,T10,d22,333,a,4,T10_333,train,False
T10_d22_333_b_4.jpg,T10,d22,333,b,4,T10_333,train,False
T10_d22_336_a_5.jpg,T10,d22,336,a,5,T10_336,train,False
T10_d22_336_b_5.jpg,T10,d22,336,b,5,T10_336,train,False
T10_d22_337_a_4.jpg,T10,d22,337,a,4,T10_337,train,False
T10_d22_337_b_4.jpg,T10,d22,337,b,4,T10_337,train,False
T10_d22_338_a_5.jpg,T10,d22,338,a,5,T10_338,train,False
T10_d22_338_b_5.jpg,T10,d22,338,b,5,T10_338,train,False
T10_d22_349_a_4.jpg,T10,d22,349,a,4,T10_349,train,False
T10_d22_349_b_4.jpg,T10,d22,349,b,4,T10_349,train,False
T10_d22_350_a_4.jpg,T10,d22,350,a,4,T10_350,train,False
T10_d22_350_b_4.jpg,T10,d22,350,b,4,T10_350,train,False
T10_d22_353_a_5.jpg,T10,d22,353,a,5,T10_353,val,True
T10_d22_353_b_5.jpg,T10,d22,353,b,5,T10_353,val,True
T10_d22_355_a_4.jpg,T10,d22,355,a,4,T10_355,train,False
T10_d22_355_b_4.jpg,T10,d22,355,b,4,T10_355,train,True
T10_d22_357_a_5.jpg,T10,d22,357,a,5,T10_357,train,False
T10_d22_357_b_5.jpg,T10,d22,357,b,5,T10_357,train,False
T10_d22_366_a_5.jpg,T10,d22,366,a,5,T10_366,train,False
T10_d22_366_b_5.jpg,T10,d22,366,b,5,T10_366,train,False
T10_d22_367_a_5.jpg,T10,d22,367,a,5,T10_367,train,False
T10_d22_367_b_5.jpg,T10,d22,367,b,5,T10_367,train,False
T10_d22_372_a_5.jpg,T10,d22,372,a,5,T10_372,train,False
T10_d22_372_b_5.jpg,T10,d22,372,b,5,T10_372,train,False
T10_d22_375_a_4.jpg,T10,d22,375,a,4,T10_375,val,False
T10_d22_375_b_4.jpg,T10,d22,375,b,4,T10_375,val,False
T10_d22_376_a_5.jpg,T10,d22,376,a,5,T10_376,train,False
T10_d22_376_b_5.jpg,T10,d22,376,b,5,T10_376,train,False
T10_d22_377_a_5.jpg,T10,d22,377,a,5,T10_377,train,False
T10_d22_377_b_5.jpg,T10,d22,377,b,5,T10_377,train,False
T10_d22_381_a_5.jpg,T10,d22,381,a,5,T10_381,train,False
T10_d22_381_b_5.jpg,T10,d22,381,b,5,T10_381,train,True
T10_d22_382_a_4.jpg,T10,d22,382,a,4,T10_382,train,False
T10_d22_382_b_4.jpg,T10,d22,382,b,4,T10_382,train,False
T10_d22_385_a_5.jpg,T10,d22,385,a,5,T10_385,val,True
T10_d22_385_b_5.jpg,T10,d22,385,b,5,T10_385,val,False
T10_d22_387_a_4.jpg,T10,d22,387,a,4,T10_387,train,False
T10_d22_387_b_4.jpg,T10,d22,387,b,4,T10_387,train,False
T10_d22_392_a_4.jpg,T10,d22,392,a,4,T10_392,test,False
T10_d22_392_b_4.jpg,T10,d22,392,b,4,T10_392,test,False
T10_d22_393_a_4.jpg,T10,d22,393,a,4,T10_393,val,False
T10_d22_393_b_4.jpg,T10,d22,393,b,4,T10_393,val,False
T10_d22_395_a_5.jpg,T10,d22,395,a,5,T10_395,test,False
T10_d22_395_b_5.jpg,T10,d22,395,b,5,T10_395,test,False
T10_d22_399_a_5.jpg,T10,d22,399,a,5,T10_399,val,False
T10_d22_399_b_5.jpg,T10,d22,399,b,5,T10_399,val,False
T10_d22_400_a_4.jpg,T10,d22,400,a,4,T10_400,train,False
T10_d22_400_b_4.jpg,T10,d22,400,b,4,T10_400,train,False
T10_d22_401_a_4.jpg,T10,d22,401,a,4,T10_401,train,False
T10_d22_401_b_4.jpg,T10,d22,401,b,4,T10_401,train,False
T10_d22_402_a_4.jpg,T10,d22,402,a,4,T10_402,val,False
T10_d22_402_b_4.jpg,T10,d22,402,b,4,T10_402,val,False
T10_d22_405_a_4.jpg,T10,d22,405,a,4,T10_405,train,False
T10_d22_405_b_4.jpg,T10,d22,405,b,4,T10_405,train,False
T10_d22_406_a_5.jpg,T10,d22,406,a,5,T10_406,val,False
T10_d22_406_b_5.jpg,T10,d22,406,b,5,T10_406,val,False
T10_d22_408_a_4.jpg,T10,d22,408,a,4,T10_408,train,False
T10_d22_408_b_4.jpg,T10,d22,408,b,4,T10_408,train,False
T10_d22_410_a_4.jpg,T10,d22,410,a,4,T10_410,train,False
T10_d22_410_b_4.jpg,T10,d22,410,b,4,T10_410,train,False
T10_d22_411_a_4.jpg,T10,d22,411,a,4,T10_411,val,False
T10_d22_411_b_4.jpg,T10,d22,411,b,4,T10_411,val,False
T10_d22_413_a_4.jpg,T10,d22,413,a,4,T10_413,train,False
T10_d22_413_b_4.jpg,T10,d22,413,b,4,T10_413,train,False
T10_d22_414_a_4.jpg,T10,d22,414,a,4,T10_414,train,False
T10_d22_414_b_4.jpg,T10,d22,414,b,4,T10_414,train,False
T10_d22_415_a_4.jpg,T10,d22,415,a,4,T10_415,train,False
T10_d22_415_b_4.jpg,T10,d22,415,b,4,T10_415,train,False
T10_d22_420_a_4.jpg,T10,d22,420,a,4,T10_420,train,False
T10_d22_420_b_4.jpg,T10,d22,420,b,4,T10_420,train,False
T10_d22_422_a_5.jpg,T10,d22,422,a,5,T10_422,train,False
T10_d22_422_b_5.jpg,T10,d22,422,b,5,T10_422,train,False
T10_d22_425_a_4.jpg,T10,d22,425,a,4,T10_425,train,False
T10_d22_425_b_4.jpg,T10,d22,425,b,4,T10_425,train,False
T10_d22_429_a_4.jpg,T10,d22,429,a,4,T10_429,train,False
T10_d22_429_b_4.jpg,T10,d22,429,b,4,T10_429,train,False
T10_d22_430_a_5.jpg,T10,d22,430,a,5,T10_430,val,False
T10_d22_430_b_5.jpg,T10,d22,430,b,5,T10_430,val,False
T10_d22_442_a_4.jpg,T10,d22,442,a,4,T10_442,train,False
T10_d22_442_b_4.jpg,T10,d22,442,b,4,T10_442,train,True
T10_d22_444_a_4.jpg,T10,d22,444,a,4,T10_444,train,False
T10_d22_444_b_4.jpg,T10,d22,444,b,4,T10_444,train,False
T10_d22_445_a_4.jpg,T10,d22,445,a,4,T10_445,train,False
T10_d22_445_b_4.jpg,T10,d22,445,b,4,T10_445,train,False
T10_d22_446_a_4.jpg,T10,d22,446,a,4,T10_446,train,False
T10_d22_446_b_4.jpg,T10,d22,446,b,4,T10_446,train,False
T10_d22_447_a_5.jpg,T10,d22,447,a,5,T10_447,train,False
T10_d22_447_b_5.jpg,T10,d22,447,b,5,T10_447,train,False
T10_d22_448_a_5.jpg,T10,d22,448,a,5,T10_448,train,False
T10_d22_448_b_5.jpg,T10,d22,448,b,5,T10_448,train,False
T10_d22_449_a_5.jpg,T10,d22,449,a,5,T10_449,train,False
T10_d22_449_b_5.jpg,T10,d22,449,b,5,T10_449,train,False
T10_d22_450_a_4.jpg,T10,d22,450,a,4,T10_450,val,False
T10_d22_450_b_4.jpg,T10,d22,450,b,4,T10_450,val,False
T10_d22_451_a_4.jpg,T10,d22,451,a,4,T10_451,val,False
T10_d22_451_b_4.jpg,T10,d22,451,b,4,T10_451,val,False
T10_d22_452_a_5.jpg,T10,d22,452,a,5,T10_452,val,False
T10_d22_452_b_5.jpg,T10,d22,452,b,5,T10_452,val,False
T10_d22_454_a_4.jpg,T10,d22,454,a,4,T10_454,train,False
T10_d22_454_b_4.jpg,T10,d22,454,b,4,T10_454,train,True
T10_d22_458_a_4.jpg,T10,d22,458,a,4,T10_458,train,False
T10_d22_458_b_4.jpg,T10,d22,458,b,4,T10_458,train,False
T10_d22_459_a_5.jpg,T10,d22,459,a,5,T10_459,train,False
T10_d22_459_b_5.jpg,T10,d22,459,b,5,T10_459,train,False
T10_d22_470_a_5.jpg,T10,d22,470,a,5,T10_470,train,False
T10_d22_470_b_5.jpg,T10,d22,470,b,5,T10_470,train,False
T10_d22_471_a_4.jpg,T10,d22,471,a,4,T10_471,test,False
T10_d22_471_b_4.jpg,T10,d22,471,b,4,T10_471,test,False
T10_d22_475_a_5.jpg,T10,d22,475,a,5,T10_475,train,False
T10_d22_475_b_5.jpg,T10,d22,475,b,5,T10_475,train,False
T10_d22_478_a_4.jpg,T10,d22,478,a,4,T10_478,val,False
T10_d22_478_b_4.jpg,T10,d22,478,b,4,T10_478,val,False
T10_d23_002_a_5.jpg,T10,d23,002,a,5,T10_002,train,True
T10_d23_002_b_5.jpg,T10,d23,002,b,5,T10_002,train,False
T10_d23_003_a_5.jpg,T10,d23,003,a,5,T10_003,train,False
T10_d23_003_b_5.jpg,T10,d23,003,b,5,T10_003,train,False
T10_d23_007_a_5.jpg,T10,d23,007,a,5,T10_007,train,False
T10_d23_007_b_5.jpg,T10,d23,007,b,5,T10_007,train,False
T10_d23_011_a_5.jpg,T10,d23,011,a,5,T10_011,train,False
T10_d23_011_b_5.jpg,T10,d23,011,b,5,T10_011,train,False
T10_d23_012_a_5.jpg,T10,d23,012,a,5,T10_012,val,True
T10_d23_012_b_5.jpg,T10,d23,012,b,5,T10_012,val,False
T10_d23_013_a_4.jpg,T10,d23,013,a,4,T10_013,train,False
T10_d23_013_b_4.jpg,T10,d23,013,b,4,T10_013,train,False
T10_d23_014_a_5.jpg,T10,d23,014,a,5,T10_014,val,False
T10_d23_014_b_5.jpg,T10,d23,014,b,5,T10_014,val,False
T10_d23_015_a_4.jpg,T10,d23,015,a,4,T10_015,test,False
T10_d23_015_b_4.jpg,T10,d23,015,b,4,T10_015,test,False
T10_d23_018_a_5.jpg,T10,d23,018,a,5,T10_018,val,False
T10_d23_018_b_5.jpg,T10,d23,018,b,5,T10_018,val,False
T10_d23_021_a_4.jpg,T10,d23,021,a,4,T10_021,train,False
T10_d23_021_b_4.jpg,T10,d23,021,b,4,T10_021,train,False
T10_d23_022_a_5.jpg,T10,d23,022,a,5,T10_022,train,False
T10_d23_022_b_5.jpg,T10,d23,022,b,5,T10_022,train,False
T10_d23_026_a_5.jpg,T10,d23,026,a,5,T10_026,train,False
T10_d23_026_b_5.jpg,T10,d23,026,b,5,T10_026,train,False
T10_d23_027_a_5.jpg,T10,d23,027,a,5,T10_027,train,False
T10_d23_027_b_5.jpg,T10,d23,027,b,5,T10_027,train,False
T10_d23_034_a_5.jpg,T10,d23,034,a,5,T10_034,train,False
T10_d23_034_b_5.jpg,T10,d23,034,b,5,T10_034,train,True
T10_d23_035_a_5.jpg,T10,d23,035,a,5,T10_035,val,False
T10_d23_035_b_5.jpg,T10,d23,035,b,5,T10_035,val,False
T10_d23_041_a_5.jpg,T10,d23,041,a,5,T10_041,val,True
T10_d23_041_b_5.jpg,T10,d23,041,b,5,T10_041,val,False
T10_d23_046_a_5.jpg,T10,d23,046,a,5,T10_046,train,False
T10_d23_046_b_5.jpg,T10,d23,046,b,5,T10_046,train,False
T10_d23_047_a_5.jpg,T10,d23,047,a,5,T10_047,train,False
T10_d23_047_b_5.jpg,T10,d23,047,b,5,T10_047,train,True
T10_d23_048_a_4.jpg,T10,d23,048,a,4,T10_048,train,False
T10_d23_048_b_4.jpg,T10,d23,048,b,4,T10_048,train,True
T10_d23_055_a_4.jpg,T10,d23,055,a,4,T10_055,train,False
T10_d23_055_b_4.jpg,T10,d23,055,b,4,T10_055,train,True
T10_d23_058_a_5.jpg,T10,d23,058,a,5,T10_058,val,False
T10_d23_058_b_5.jpg,T10,d23,058,b,5,T10_058,val,False
T10_d23_061_a_5.jpg,T10,d23,061,a,5,T10_061,train,False
T10_d23_061_b_5.jpg,T10,d23,061,b,5,T10_061,train,False
T10_d23_067_a_5.jpg,T10,d23,067,a,5,T10_067,train,False
T10_d23_067_b_5.jpg,T10,d23,067,b,5,T10_067,train,False
T10_d23_069_a_5.jpg,T10,d23,069,a,5,T10_069,train,False
T10_d23_069_b_5.jpg,T10,d23,069,b,5,T10_069,train,False
T10_d23_072_a_5.jpg,T10,d23,072,a,5,T10_072,val,False
T10_d23_072_b_5.jpg,T10,d23,072,b,5,T10_072,val,False
T10_d23_083_a_5.jpg,T10,d23,083,a,5,T10_083,train,False
T10_d23_083_b_5.jpg,T10,d23,083,b,5,T10_083,train,False
T10_d23_087_a_5.jpg,T10,d23,087,a,5,T10_087,val,False
T10_d23_087_b_5.jpg,T10,d23,087,b,5,T10_087,val,False
T10_d23_089_a_5.jpg,T10,d23,089,a,5,T10_089,train,False
T10_d23_089_b_5.jpg,T10,d23,089,b,5,T10_089,train,False
T10_d23_092_a_5.jpg,T10,d23,092,a,5,T10_092,test,False
T10_d23_092_b_5.jpg,T10,d23,092,b,5,T10_092,test,False
T10_d23_093_a_4.jpg,T10,d23,093,a,4,T10_093,train,False
T10_d23_093_b_4.jpg,T10,d23,093,b,4,T10_093,train,False
T10_d23_094_a_5.jpg,T10,d23,094,a,5,T10_094,train,False
T10_d23_094_b_5.jpg,T10,d23,094,b,5,T10_094,train,False
T10_d23_096_a_4.jpg,T10,d23,096,a,4,T10_096,train,False
T10_d23_096_b_4.jpg,T10,d23,096,b,4,T10_096,train,False
T10_d23_097_a_5.jpg,T10,d23,097,a,5,T10_097,train,False
T10_d23_097_b_5.jpg,T10,d23,097,b,5,T10_097,train,False
T10_d23_098_a_5.jpg,T10,d23,098,a,5,T10_098,train,False
T10_d23_098_b_5.jpg,T10,d23,098,b,5,T10_098,train,False
T10_d23_099_a_4.jpg,T10,d23,099,a,4,T10_099,train,False
T10_d23_099_b_4.jpg,T10,d23,099,b,4,T10_099,train,False
T10_d23_108_a_4.jpg,T10,d23,108,a,4,T10_108,train,False
T10_d23_108_b_4.jpg,T10,d23,108,b,4,T10_108,train,False
T10_d23_110_a_5.jpg,T10,d23,110,a,5,T10_110,train,False
T10_d23_110_b_5.jpg,T10,d23,110,b,5,T10_110,train,False
T10_d23_111_a_4.jpg,T10,d23,111,a,4,T10_111,val,True
T10_d23_111_b_4.jpg,T10,d23,111,b,4,T10_111,val,False
T10_d23_113_a_5.jpg,T10,d23,113,a,5,T10_113,train,False
T10_d23_113_b_5.jpg,T10,d23,113,b,5,T10_113,train,False
T10_d23_118_a_5.jpg,T10,d23,118,a,5,T10_118,train,False
T10_d23_118_b_5.jpg,T10,d23,118,b,5,T10_118,train,False
T10_d23_122_a_5.jpg,T10,d23,122,a,5,T10_122,train,False
T10_d23_122_b_5.jpg,T10,d23,122,b,5,T10_122,train,False
T10_d23_125_a_4.jpg,T10,d23,125,a,4,T10_125,train,False
T10_d23_125_b_4.jpg,T10,d23,125,b,4,T10_125,train,False
T10_d23_128_a_5.jpg,T10,d23,128,a,5,T10_128,train,True
T10_d23_128_b_5.jpg,T10,d23,128,b,5,T10_128,train,False
T10_d23_129_a_5.jpg,T10,d23,129,a,5,T10_129,train,False
T10_d23_129_b_5.jpg,T10,d23,129,b,5,T10_129,train,False
T10_d23_130_a_5.jpg,T10,d23,130,a,5,T10_130,train,False
T10_d23_130_b_5.jpg,T10,d23,130,b,5,T10_130,train,False
T10_d23_131_a_5.jpg,T10,d23,131,a,5,T10_131,train,False
T10_d23_131_b_5.jpg,T10,d23,131,b,5,T10_131,train,False
T10_d23_133_a_5.jpg,T10,d23,133,a,5,T10_133,train,False
T10_d23_133_b_5.jpg,T10,d23,133,b,5,T10_133,train,False
T10_d23_136_a_5.jpg,T10,d23,136,a,5,T10_136,val,False
T10_d23_136_b_5.jpg,T10,d23,136,b,5,T10_136,val,True
T10_d23_138_a_5.jpg,T10,d23,138,a,5,T10_138,train,False
T10_d23_138_b_5.jpg,T10,d23,138,b,5,T10_138,train,False
T10_d23_145_a_5.jpg,T10,d23,145,a,5,T10_145,train,False
T10_d23_145_b_5.jpg,T10,d23,145,b,5,T10_145,train,False
T10_d23_149_a_5.jpg,T10,d23,149,a,5,T10_149,train,False
T10_d23_149_b_5.jpg,T10,d23,149,b,5,T10_149,train,False
T10_d23_152_a_5.jpg,T10,d23,152,a,5,T10_152,train,False
T10_d23_152_b_5.jpg,T10,d23,152,b,5,T10_152,train,False
T10_d23_156_a_5.jpg,T10,d23,156,a,5,T10_156,train,False
T10_d23_156_b_5.jpg,T10,d23,156,b,5,T10_156,train,False
T10_d23_165_a_5.jpg,T10,d23,165,a,5,T10_165,train,False
T10_d23_165_b_5.jpg,T10,d23,165,b,5,T10_165,train,False
T10_d23_166_a_5.jpg,T10,d23,166,a,5,T10_166,train,False
T10_d23_166_b_5.jpg,T10,d23,166,b,5,T10_166,train,False
T10_d23_167_a_5.jpg,T10,d23,167,a,5,T10_167,train,False
T10_d23_167_b_5.jpg,T10,d23,167,b,5,T10_167,train,False
T10_d23_168_a_5.jpg,T10,d23,168,a,5,T10_168,train,False
T10_d23_168_b_5.jpg,T10,d23,168,b,5,T10_168,train,False
T10_d23_172_a_5.jpg,T10,d23,172,a,5,T10_172,train,True
T10_d23_172_b_5.jpg,T10,d23,172,b,5,T10_172,train,False
T10_d23_181_a_5.jpg,T10,d23,181,a,5,T10_181,train,False
T10_d23_181_b_5.jpg,T10,d23,181,b,5,T10_181,train,False
T10_d23_193_a_5.jpg,T10,d23,193,a,5,T10_193,train,True
T10_d23_193_b_5.jpg,T10,d23,193,b,5,T10_193,train,False
T10_d23_194_a_4.jpg,T10,d23,194,a,4,T10_194,train,False
T10_d23_194_b_4.jpg,T10,d23,194,b,4,T10_194,train,False
T10_d23_196_a_4.jpg,T10,d23,196,a,4,T10_196,train,False
T10_d23_196_b_4.jpg,T10,d23,196,b,4,T10_196,train,False
T10_d23_202_a_5.jpg,T10,d23,202,a,5,T10_202,train,False
T10_d23_202_b_5.jpg,T10,d23,202,b,5,T10_202,train,False
T10_d23_204_a_5.jpg,T10,d23,204,a,5,T10_204,train,False
T10_d23_204_b_5.jpg,T10,d23,204,b,5,T10_204,train,False
T10_d23_206_a_4.jpg,T10,d23,206,a,4,T10_206,train,False
T10_d23_206_b_4.jpg,T10,d23,206,b,4,T10_206,train,False
T10_d23_211_a_5.jpg,T10,d23,211,a,5,T10_211,train,False
T10_d23_211_b_5.jpg,T10,d23,211,b,5,T10_211,train,False
T10_d23_213_a_4.jpg,T10,d23,213,a,4,T10_213,train,False
T10_d23_213_b_4.jpg,T10,d23,213,b,4,T10_213,train,False
T10_d23_217_a_4.jpg,T10,d23,217,a,4,T10_217,train,False
T10_d23_217_b_4.jpg,T10,d23,217,b,4,T10_217,train,False
T10_d23_219_a_5.jpg,T10,d23,219,a,5,T10_219,test,False
T10_d23_219_b_5.jpg,T10,d23,219,b,5,T10_219,test,False
T10_d23_220_a_5.jpg,T10,d23,220,a,5,T10_220,val,False
T10_d23_220_b_5.jpg,T10,d23,220,b,5,T10_220,val,False
T10_d23_227_a_5.jpg,T10,d23,227,a,5,T10_227,train,False
T10_d23_227_b_5.jpg,T10,d23,227,b,5,T10_227,train,False
T10_d23_229_a_5.jpg,T10,d23,229,a,5,T10_229,train,False
T10_d23_229_b_5.jpg,T10,d23,229,b,5,T10_229,train,False
T10_d23_233_a_5.jpg,T10,d23,233,a,5,T10_233,train,False
T10_d23_233_b_5.jpg,T10,d23,233,b,5,T10_233,train,False
T10_d23_234_a_5.jpg,T10,d23,234,a,5,T10_234,train,False
T10_d23_234_b_5.jpg,T10,d23,234,b,5,T10_234,train,False
T10_d23_236_a_5.jpg,T10,d23,236,a,5,T10_236,train,False
T10_d23_236_b_5.jpg,T10,d23,236,b,5,T10_236,train,False
T10_d23_237_a_5.jpg,T10,d23,237,a,5,T10_237,train,False
T10_d23_237_b_5.jpg,T10,d23,237,b,5,T10_237,train,True
T10_d23_243_a_5.jpg,T10,d23,243,a,5,T10_243,train,False
T10_d23_243_b_5.jpg,T10,d23,243,b,5,T10_243,train,False
T10_d23_250_a_5.jpg,T10,d23,250,a,5,T10_250,train,False
T10_d23_250_b_5.jpg,T10,d23,250,b,5,T10_250,train,False
T10_d23_252_a_5.jpg,T10,d23,252,a,5,T10_252,train,False
T10_d23_252_b_5.jpg,T10,d23,252,b,5,T10_252,train,False
T10_d23_253_a_4.jpg,T10,d23,253,a,4,T10_253,val,False
T10_d23_253_b_4.jpg,T10,d23,253,b,4,T10_253,val,False
T10_d23_254_a_5.jpg,T10,d23,254,a,5,T10_254,val,False
T10_d23_254_b_5.jpg,T10,d23,254,b,5,T10_254,val,True
T10_d23_262_a_5.jpg,T10,d23,262,a,5,T10_262,train,False
T10_d23_262_b_5.jpg,T10,d23,262,b,5,T10_262,train,False
T10_d23_269_a_4.jpg,T10,d23,269,a,4,T10_269,train,False
T10_d23_269_b_4.jpg,T10,d23,269,b,4,T10_269,train,False
T10_d23_274_a_5.jpg,T10,d23,274,a,5,T10_274,nuevo,False
T10_d23_274_b_5.jpg,T10,d23,274,b,5,T10_274,nuevo,False
T10_d23_275_a_5.jpg,T10,d23,275,a,5,T10_275,test,False
T10_d23_275_b_5.jpg,T10,d23,275,b,5,T10_275,test,False
T10_d23_276_a_5.jpg,T10,d23,276,a,5,T10_276,train,True
T10_d23_276_b_5.jpg,T10,d23,276,b,5,T10_276,train,True
T10_d23_282_a_5.jpg,T10,d23,282,a,5,T10_282,train,True
T10_d23_282_b_5.jpg,T10,d23,282,b,5,T10_282,train,False
T10_d23_283_a_5.jpg,T10,d23,283,a,5,T10_283,train,True
T10_d23_283_b_5.jpg,T10,d23,283,b,5,T10_283,train,False
T10_d23_284_a_5.jpg,T10,d23,284,a,5,T10_284,train,False
T10_d23_284_b_5.jpg,T10,d23,284,b,5,T10_284,train,False
T10_d23_290_a_5.jpg,T10,d23,290,a,5,T10_290,train,False
T10_d23_290_b_5.jpg,T10,d23,290,b,5,T10_290,train,False
T10_d23_292_a_5.jpg,T10,d23,292,a,5,T10_292,val,False
T10_d23_292_b_5.jpg,T10,d23,292,b,5,T10_292,val,False
T10_d23_294_a_5.jpg,T10,d23,294,a,5,T10_294,train,False
T10_d23_294_b_5.jpg,T10,d23,294,b,5,T10_294,train,True
T10_d23_295_a_5.jpg,T10,d23,295,a,5,T10_295,train,False
T10_d23_295_b_5.jpg,T10,d23,295,b,5,T10_295,train,False
T10_d23_296_a_5.jpg,T10,d23,296,a,5,T10_296,train,False
T10_d23_296_b_5.jpg,T10,d23,296,b,5,T10_296,train,True
T10_d23_306_a_4.jpg,T10,d23,306,a,4,T10_306,train,False
T10_d23_306_b_4.jpg,T10,d23,306,b,4,T10_306,train,False
T10_d23_310_a_4.jpg,T10,d23,310,a,4,T10_310,val,False
T10_d23_310_b_4.jpg,T10,d23,310,b,4,T10_310,val,False
T10_d23_315_a_4.jpg,T10,d23,315,a,4,T10_315,train,False
T10_d23_315_b_4.jpg,T10,d23,315,b,4,T10_315,train,False
T10_d23_326_a_5.jpg,T10,d23,326,a,5,T10_326,train,False
T10_d23_326_b_5.jpg,T10,d23,326,b,5,T10_326,train,False
T10_d23_327_a_5.jpg,T10,d23,327,a,5,T10_327,train,False
T10_d23_327_b_5.jpg,T10,d23,327,b,5,T10_327,train,False
T10_d23_328_a_5.jpg,T10,d23,328,a,5,T10_328,train,False
T10_d23_328_b_5.jpg,T10,d23,328,b,5,T10_328,train,False
T10_d23_330_a_4.jpg,T10,d23,330,a,4,T10_330,train,False
T10_d23_330_b_4.jpg,T10,d23,330,b,4,T10_330,train,False
T10_d23_333_a_4.jpg,T10,d23,333,a,4,T10_333,train,True
T10_d23_333_b_4.jpg,T10,d23,333,b,4,T10_333,train,False
T10_d23_336_a_5.jpg,T10,d23,336,a,5,T10_336,train,False
T10_d23_336_b_5.jpg,T10,d23,336,b,5,T10_336,train,False
T10_d23_337_a_4.jpg,T10,d23,337,a,4,T10_337,train,False
T10_d23_337_b_4.jpg,T10,d23,337,b,4,T10_337,train,False
T10_d23_338_a_5.jpg,T10,d23,338,a,5,T10_338,train,False
T10_d23_338_b_5.jpg,T10,d23,338,b,5,T10_338,train,False
T10_d23_349_a_5.jpg,T10,d23,349,a,5,T10_349,train,False
T10_d23_349_b_5.jpg,T10,d23,349,b,5,T10_349,train,False
T10_d23_350_a_4.jpg,T10,d23,350,a,4,T10_350,train,False
T10_d23_350_b_4.jpg,T10,d23,350,b,4,T10_350,train,False
T10_d23_353_a_5.jpg,T10,d23,353,a,5,T10_353,val,False
T10_d23_353_b_5.jpg,T10,d23,353,b,5,T10_353,val,False
T10_d23_355_a_4.jpg,T10,d23,355,a,4,T10_355,train,False
T10_d23_355_b_4.jpg,T10,d23,355,b,4,T10_355,train,False
T10_d23_357_a_5.jpg,T10,d23,357,a,5,T10_357,train,False
T10_d23_357_b_5.jpg,T10,d23,357,b,5,T10_357,train,False
T10_d23_366_a_5.jpg,T10,d23,366,a,5,T10_366,train,False
T10_d23_366_b_5.jpg,T10,d23,366,b,5,T10_366,train,False
T10_d23_367_a_5.jpg,T10,d23,367,a,5,T10_367,train,False
T10_d23_367_b_5.jpg,T10,d23,367,b,5,T10_367,train,False
T10_d23_372_a_5.jpg,T10,d23,372,a,5,T10_372,train,False
T10_d23_372_b_5.jpg,T10,d23,372,b,5,T10_372,train,False
T10_d23_375_a_5.jpg,T10,d23,375,a,5,T10_375,val,False
T10_d23_375_b_5.jpg,T10,d23,375,b,5,T10_375,val,False
T10_d23_376_a_5.jpg,T10,d23,376,a,5,T10_376,train,False
T10_d23_376_b_5.jpg,T10,d23,376,b,5,T10_376,train,False
T10_d23_377_a_5.jpg,T10,d23,377,a,5,T10_377,train,False
T10_d23_377_b_5.jpg,T10,d23,377,b,5,T10_377,train,False
T10_d23_381_a_5.jpg,T10,d23,381,a,5,T10_381,train,False
T10_d23_381_b_5.jpg,T10,d23,381,b,5,T10_381,train,False
T10_d23_382_a_4.jpg,T10,d23,382,a,4,T10_382,train,False
T10_d23_382_b_4.jpg,T10,d23,382,b,4,T10_382,train,False
T10_d23_385_a_5.jpg,T10,d23,385,a,5,T10_385,val,False
T10_d23_385_b_5.jpg,T10,d23,385,b,5,T10_385,val,True
T10_d23_387_a_5.jpg,T10,d23,387,a,5,T10_387,train,False
T10_d23_387_b_5.jpg,T10,d23,387,b,5,T10_387,train,False
T10_d23_392_a_5.jpg,T10,d23,392,a,5,T10_392,test,False
T10_d23_392_b_5.jpg,T10,d23,392,b,5,T10_392,test,False
T10_d23_393_a_4.jpg,T10,d23,393,a,4,T10_393,val,False
T10_d23_393_b_4.jpg,T10,d23,393,b,4,T10_393,val,False
T10_d23_395_a_5.jpg,T10,d23,395,a,5,T10_395,test,False
T10_d23_395_b_5.jpg,T10,d23,395,b,5,T10_395,test,True
T10_d23_399_a_5.jpg,T10,d23,399,a,5,T10_399,val,False
T10_d23_399_b_5.jpg,T10,d23,399,b,5,T10_399,val,False
T10_d23_400_a_5.jpg,T10,d23,400,a,5,T10_400,train,False
T10_d23_400_b_5.jpg,T10,d23,400,b,5,T10_400,train,False
T10_d23_401_a_5.jpg,T10,d23,401,a,5,T10_401,train,False
T10_d23_401_b_5.jpg,T10,d23,401,b,5,T10_401,train,False
T10_d23_402_a_4.jpg,T10,d23,402,a,4,T10_402,val,False
T10_d23_402_b_4.jpg,T10,d23,402,b,4,T10_402,val,False
T10_d23_405_a_5.jpg,T10,d23,405,a,5,T10_405,train,False
T10_d23_405_b_5.jpg,T10,d23,405,b,5,T10_405,train,False
T10_d23_406_a_5.jpg,T10,d23,406,a,5,T10_406,val,False
T10_d23_406_b_5.jpg,T10,d23,406,b,5,T10_406,val,False
T10_d23_408_a_5.jpg,T10,d23,408,a,5,T10_408,train,True
T10_d23_408_b_5.jpg,T10,d23,408,b,5,T10_408,train,False
T10_d23_410_a_4.jpg,T10,d23,410,a,4,T10_410,train,False
T10_d23_410_b_4.jpg,T10,d23,410,b,4,T10_410,train,False
T10_d23_411_a_5.jpg,T10,d23,411,a,5,T10_411,val,False
T10_d23_411_b_5.jpg,T10,d23,411,b,5,T10_411,val,False
T10_d23_413_a_4.jpg,T10,d23,413,a,4,T10_413,train,False
T10_d23_413_b_4.jpg,T10,d23,413,b,4,T10_413,train,False
T10_d23_414_a_4.jpg,T10,d23,414,a,4,T10_414,train,False
T10_d23_414_b_4.jpg,T10,d23,414,b,4,T10_414,train,False
T10_d23_415_a_5.jpg,T10,d23,415,a,5,T10_415,train,False
T10_d23_415_b_5.jpg,T10,d23,415,b,5,T10_415,train,False
T10_d23_420_a_4.jpg,T10,d23,420,a,4,T10_420,train,False
T10_d23_420_b_4.jpg,T10,d23,420,b,4,T10_420,train,False
T10_d23_422_a_5.jpg,T10,d23,422,a,5,T10_422,train,False
T10_d23_422_b_5.jpg,T10,d23,422,b,5,T10_422,train,False
T10_d23_425_a_5.jpg,T10,d23,425,a,5,T10_425,train,False
T10_d23_425_b_5.jpg,T10,d23,425,b,5,T10_425,train,False
T10_d23_429_a_5.jpg,T10,d23,429,a,5,T10_429,train,False
T10_d23_429_b_5.jpg,T10,d23,429,b,5,T10_429,train,True
T10_d23_430_a_5.jpg,T10,d23,430,a,5,T10_430,val,False
T10_d23_430_b_5.jpg,T10,d23,430,b,5,T10_430,val,False
T10_d23_442_a_4.jpg,T10,d23,442,a,4,T10_442,train,False
T10_d23_442_b_4.jpg,T10,d23,442,b,4,T10_442,train,False
T10_d23_444_a_5.jpg,T10,d23,444,a,5,T10_444,train,False
T10_d23_444_b_5.jpg,T10,d23,444,b,5,T10_444,train,False
T10_d23_445_a_5.jpg,T10,d23,445,a,5,T10_445,train,False
T10_d23_445_b_5.jpg,T10,d23,445,b,5,T10_445,train,True
T10_d23_446_a_4.jpg,T10,d23,446,a,4,T10_446,train,False
T10_d23_446_b_4.jpg,T10,d23,446,b,4,T10_446,train,True
T10_d23_447_a_5.jpg,T10,d23,447,a,5,T10_447,train,False
T10_d23_447_b_5.jpg,T10,d23,447,b,5,T10_447,train,False
T10_d23_448_a_5.jpg,T10,d23,448,a,5,T10_448,train,True
T10_d23_448_b_5.jpg,T10,d23,448,b,5,T10_448,train,False
T10_d23_449_a_5.jpg,T10,d23,449,a,5,T10_449,train,False
T10_d23_449_b_5.jpg,T10,d23,449,b,5,T10_449,train,False
T10_d23_450_a_5.jpg,T10,d23,450,a,5,T10_450,val,False
T10_d23_450_b_5.jpg,T10,d23,450,b,5,T10_450,val,False
T10_d23_451_a_4.jpg,T10,d23,451,a,4,T10_451,val,False
T10_d23_451_b_4.jpg,T10,d23,451,b,4,T10_451,val,False
T10_d23_452_a_5.jpg,T10,d23,452,a,5,T10_452,val,False
T10_d23_452_b_5.jpg,T10,d23,452,b,5,T10_452,val,False
T10_d23_454_a_4.jpg,T10,d23,454,a,4,T10_454,train,False
T10_d23_454_b_4.jpg,T10,d23,454,b,4,T10_454,train,False
T10_d23_458_a_4.jpg,T10,d23,458,a,4,T10_458,train,False
T10_d23_458_b_4.jpg,T10,d23,458,b,4,T10_458,train,False
T10_d23_459_a_5.jpg,T10,d23,459,a,5,T10_459,train,False
T10_d23_459_b_5.jpg,T10,d23,459,b,5,T10_459,train,False
T10_d23_470_a_5.jpg,T10,d23,470,a,5,T10_470,train,False
T10_d23_470_b_5.jpg,T10,d23,470,b,5,T10_470,train,False
T10_d23_471_a_5.jpg,T10,d23,471,a,5,T10_471,test,False
T10_d23_471_b_5.jpg,T10,d23,471,b,5,T10_471,test,False
T10_d23_475_a_5.jpg,T10,d23,475,a,5,T10_475,train,False
T10_d23_475_b_5.jpg,T10,d23,475,b,5,T10_475,train,False
T10_d23_478_a_4.jpg,T10,d23,478,a,4,T10_478,val,False
T10_d23_478_b_4.jpg,T10,d23,478,b,4,T10_478,val,False
T10_d24_002_a_5.jpg,T10,d24,002,a,5,T10_002,train,False
T10_d24_002_b_5.jpg,T10,d24,002,b,5,T10_002,train,False
T10_d24_003_a_5.jpg,T10,d24,003,a,5,T10_003,train,False
T10_d24_003_b_5.jpg,T10,d24,003,b,5,T10_003,train,False
T10_d24_007_a_5.jpg,T10,d24,007,a,5,T10_007,train,False
T10_d24_007_b_5.jpg,T10,d24,007,b,5,T10_007,train,False
T10_d24_011_a_5.jpg,T10,d24,011,a,5,T10_011,train,False
T10_d24_011_b_5.jpg,T10,d24,011,b,5,T10_011,train,False
T10_d24_012_a_5.jpg,T10,d24,012,a,5,T10_012,val,False
T10_d24_012_b_5.jpg,T10,d24,012,b,5,T10_012,val,False
T10_d24_013_a_4.jpg,T10,d24,013,a,4,T10_013,train,False
T10_d24_013_b_4.jpg,T10,d24,013,b,4,T10_013,train,False
T10_d24_014_a_5.jpg,T10,d24,014,a,5,T10_014,val,False
T10_d24_014_b_5.jpg,T10,d24,014,b,5,T10_014,val,False
T10_d24_015_a_4.jpg,T10,d24,015,a,4,T10_015,test,False
T10_d24_015_b_4.jpg,T10,d24,015,b,4,T10_015,test,False
T10_d24_018_a_5.jpg,T10,d24,018,a,5,T10_018,val,False
T10_d24_018_b_5.jpg,T10,d24,018,b,5,T10_018,val,False
T10_d24_021_a_5.jpg,T10,d24,021,a,5,T10_021,train,False
T10_d24_021_b_5.jpg,T10,d24,021,b,5,T10_021,train,False
T10_d24_022_a_5.jpg,T10,d24,022,a,5,T10_022,train,False
T10_d24_022_b_5.jpg,T10,d24,022,b,5,T10_022,train,False
T10_d24_026_a_5.jpg,T10,d24,026,a,5,T10_026,train,False
T10_d24_026_b_5.jpg,T10,d24,026,b,5,T10_026,train,False
T10_d24_034_a_5.jpg,T10,d24,034,a,5,T10_034,train,False
T10_d24_034_b_5.jpg,T10,d24,034,b,5,T10_034,train,False
T10_d24_035_a_5.jpg,T10,d24,035,a,5,T10_035,val,False
T10_d24_035_b_5.jpg,T10,d24,035,b,5,T10_035,val,False
T10_d24_041_a_5.jpg,T10,d24,041,a,5,T10_041,val,True
T10_d24_041_b_5.jpg,T10,d24,041,b,5,T10_041,val,False
T10_d24_046_a_5.jpg,T10,d24,046,a,5,T10_046,train,False
T10_d24_046_b_5.jpg,T10,d24,046,b,5,T10_046,train,False
T10_d24_047_a_5.jpg,T10,d24,047,a,5,T10_047,train,True
T10_d24_047_b_5.jpg,T10,d24,047,b,5,T10_047,train,False
T10_d24_048_a_5.jpg,T10,d24,048,a,5,T10_048,train,False
T10_d24_048_b_5.jpg,T10,d24,048,b,5,T10_048,train,False
T10_d24_055_a_4.jpg,T10,d24,055,a,4,T10_055,train,False
T10_d24_055_b_4.jpg,T10,d24,055,b,4,T10_055,train,False
T10_d24_058_a_5.jpg,T10,d24,058,a,5,T10_058,val,False
T10_d24_058_b_5.jpg,T10,d24,058,b,5,T10_058,val,False
T10_d24_061_a_5.jpg,T10,d24,061,a,5,T10_061,train,False
T10_d24_061_b_5.jpg,T10,d24,061,b,5,T10_061,train,False
T10_d24_067_a_5.jpg,T10,d24,067,a,5,T10_067,train,False
T10_d24_067_b_5.jpg,T10,d24,067,b,5,T10_067,train,False
T10_d24_069_a_5.jpg,T10,d24,069,a,5,T10_069,train,False
T10_d24_069_b_5.jpg,T10,d24,069,b,5,T10_069,train,False
T10_d24_072_a_5.jpg,T10,d24,072,a,5,T10_072,val,False
T10_d24_072_b_5.jpg,T10,d24,072,b,5,T10_072,val,True
T10_d24_083_a_5.jpg,T10,d24,083,a,5,T10_083,train,False
T10_d24_083_b_5.jpg,T10,d24,083,b,5,T10_083,train,False
T10_d24_087_a_5.jpg,T10,d24,087,a,5,T10_087,val,False
T10_d24_087_b_5.jpg,T10,d24,087,b,5,T10_087,val,False
T10_d24_089_a_5.jpg,T10,d24,089,a,5,T10_089,train,False
T10_d24_089_b_5.jpg,T10,d24,089,b,5,T10_089,train,False
T10_d24_092_a_5.jpg,T10,d24,092,a,5,T10_092,test,False
T10_d24_092_b_5.jpg,T10,d24,092,b,5,T10_092,test,False
T10_d24_093_a_5.jpg,T10,d24,093,a,5,T10_093,train,False
T10_d24_093_b_5.jpg,T10,d24,093,b,5,T10_093,train,False
T10_d24_094_a_5.jpg,T10,d24,094,a,5,T10_094,train,False
T10_d24_094_b_5.jpg,T10,d24,094,b,5,T10_094,train,False
T10_d24_096_a_4.jpg,T10,d24,096,a,4,T10_096,train,True
T10_d24_096_b_4.jpg,T10,d24,096,b,4,T10_096,train,False
T10_d24_097_a_5.jpg,T10,d24,097,a,5,T10_097,train,False
T10_d24_097_b_5.jpg,T10,d24,097,b,5,T10_097,train,False
T10_d24_098_a_5.jpg,T10,d24,098,a,5,T10_098,train,False
T10_d24_098_b_5.jpg,T10,d24,098,b,5,T10_098,train,False
T10_d24_099_a_5.jpg,T10,d24,099,a,5,T10_099,train,False
T10_d24_099_b_5.jpg,T10,d24,099,b,5,T10_099,train,False
T10_d24_110_a_5.jpg,T10,d24,110,a,5,T10_110,train,False
T10_d24_110_b_5.jpg,T10,d24,110,b,5,T10_110,train,False
T10_d24_111_a_5.jpg,T10,d24,111,a,5,T10_111,val,False
T10_d24_111_b_5.jpg,T10,d24,111,b,5,T10_111,val,False
T10_d24_113_a_5.jpg,T10,d24,113,a,5,T10_113,train,False
T10_d24_113_b_5.jpg,T10,d24,113,b,5,T10_113,train,False
T10_d24_118_a_5.jpg,T10,d24,118,a,5,T10_118,train,False
T10_d24_118_b_5.jpg,T10,d24,118,b,5,T10_118,train,True
T10_d24_122_a_5.jpg,T10,d24,122,a,5,T10_122,train,False
T10_d24_122_b_5.jpg,T10,d24,122,b,5,T10_122,train,False
T10_d24_125_a_5.jpg,T10,d24,125,a,5,T10_125,train,False
T10_d24_125_b_5.jpg,T10,d24,125,b,5,T10_125,train,False
T10_d24_128_a_5.jpg,T10,d24,128,a,5,T10_128,train,False
T10_d24_128_b_5.jpg,T10,d24,128,b,5,T10_128,train,False
T10_d24_129_a_5.jpg,T10,d24,129,a,5,T10_129,train,False
T10_d24_129_b_5.jpg,T10,d24,129,b,5,T10_129,train,False
T10_d24_130_a_5.jpg,T10,d24,130,a,5,T10_130,train,False
T10_d24_130_b_5.jpg,T10,d24,130,b,5,T10_130,train,False
T10_d24_131_a_5.jpg,T10,d24,131,a,5,T10_131,train,False
T10_d24_131_b_5.jpg,T10,d24,131,b,5,T10_131,train,False
T10_d24_133_a_5.jpg,T10,d24,133,a,5,T10_133,train,False
T10_d24_133_b_5.jpg,T10,d24,133,b,5,T10_133,train,False
T10_d24_136_a_5.jpg,T10,d24,136,a,5,T10_136,val,False
T10_d24_136_b_5.jpg,T10,d24,136,b,5,T10_136,val,False
T10_d24_138_a_5.jpg,T10,d24,138,a,5,T10_138,train,False
T10_d24_138_b_5.jpg,T10,d24,138,b,5,T10_138,train,False
T10_d24_145_a_5.jpg,T10,d24,145,a,5,T10_145,train,False
T10_d24_145_b_5.jpg,T10,d24,145,b,5,T10_145,train,False
T10_d24_149_a_5.jpg,T10,d24,149,a,5,T10_149,train,False
T10_d24_149_b_5.jpg,T10,d24,149,b,5,T10_149,train,False
T10_d24_152_a_5.jpg,T10,d24,152,a,5,T10_152,train,False
T10_d24_152_b_5.jpg,T10,d24,152,b,5,T10_152,train,False
T10_d24_156_a_5.jpg,T10,d24,156,a,5,T10_156,train,False
T10_d24_156_b_5.jpg,T10,d24,156,b,5,T10_156,train,False
T10_d24_165_a_5.jpg,T10,d24,165,a,5,T10_165,train,False
T10_d24_165_b_5.jpg,T10,d24,165,b,5,T10_165,train,True
T10_d24_166_a_5.jpg,T10,d24,166,a,5,T10_166,train,False
T10_d24_166_b_5.jpg,T10,d24,166,b,5,T10_166,train,False
T10_d24_167_a_5.jpg,T10,d24,167,a,5,T10_167,train,False
T10_d24_167_b_5.jpg,T10,d24,167,b,5,T10_167,train,True
T10_d24_168_a_5.jpg,T10,d24,168,a,5,T10_168,train,False
T10_d24_168_b_5.jpg,T10,d24,168,b,5,T10_168,train,False
T10_d24_172_a_5.jpg,T10,d24,172,a,5,T10_172,train,False
T10_d24_172_b_5.jpg,T10,d24,172,b,5,T10_172,train,False
T10_d24_181_a_5.jpg,T10,d24,181,a,5,T10_181,train,False
T10_d24_181_b_5.jpg,T10,d24,181,b,5,T10_181,train,False
T10_d24_193_a_5.jpg,T10,d24,193,a,5,T10_193,train,False
T10_d24_193_b_5.jpg,T10,d24,193,b,5,T10_193,train,False
T10_d24_194_a_4.jpg,T10,d24,194,a,4,T10_194,train,False
T10_d24_194_b_4.jpg,T10,d24,194,b,4,T10_194,train,False
T10_d24_196_a_5.jpg,T10,d24,196,a,5,T10_196,train,False
T10_d24_196_b_5.jpg,T10,d24,196,b,5,T10_196,train,False
T10_d24_202_a_5.jpg,T10,d24,202,a,5,T10_202,train,True
T10_d24_202_b_5.jpg,T10,d24,202,b,5,T10_202,train,False
T10_d24_204_a_5.jpg,T10,d24,204,a,5,T10_204,train,False
T10_d24_204_b_5.jpg,T10,d24,204,b,5,T10_204,train,False
T10_d24_206_a_4.jpg,T10,d24,206,a,4,T10_206,train,False
T10_d24_206_b_4.jpg,T10,d24,206,b,4,T10_206,train,True
T10_d24_211_a_5.jpg,T10,d24,211,a,5,T10_211,train,False
T10_d24_211_b_5.jpg,T10,d24,211,b,5,T10_211,train,False
T10_d24_213_a_5.jpg,T10,d24,213,a,5,T10_213,train,False
T10_d24_213_b_5.jpg,T10,d24,213,b,5,T10_213,train,False
T10_d24_217_a_5.jpg,T10,d24,217,a,5,T10_217,train,False
T10_d24_217_b_5.jpg,T10,d24,217,b,5,T10_217,train,False
T10_d24_219_a_5.jpg,T10,d24,219,a,5,T10_219,test,False
T10_d24_219_b_5.jpg,T10,d24,219,b,5,T10_219,test,False
T10_d24_220_a_5.jpg,T10,d24,220,a,5,T10_220,val,False
T10_d24_220_b_5.jpg,T10,d24,220,b,5,T10_220,val,False
T10_d24_227_a_5.jpg,T10,d24,227,a,5,T10_227,train,False
T10_d24_227_b_5.jpg,T10,d24,227,b,5,T10_227,train,False
T10_d24_229_a_5.jpg,T10,d24,229,a,5,T10_229,train,False
T10_d24_229_b_5.jpg,T10,d24,229,b,5,T10_229,train,False
T10_d24_233_a_5.jpg,T10,d24,233,a,5,T10_233,train,False
T10_d24_233_b_5.jpg,T10,d24,233,b,5,T10_233,train,False
T10_d24_234_a_5.jpg,T10,d24,234,a,5,T10_234,train,False
T10_d24_234_b_5.jpg,T10,d24,234,b,5,T10_234,train,True
T10_d24_236_a_5.jpg,T10,d24,236,a,5,T10_236,train,False
T10_d24_236_b_5.jpg,T10,d24,236,b,5,T10_236,train,False
T10_d24_237_a_5.jpg,T10,d24,237,a,5,T10_237,train,False
T10_d24_237_b_5.jpg,T10,d24,237,b,5,T10_237,train,False
T10_d24_243_a_5.jpg,T10,d24,243,a,5,T10_243,train,False
T10_d24_243_b_5.jpg,T10,d24,243,b,5,T10_243,train,False
T10_d24_250_a_5.jpg,T10,d24,250,a,5,T10_250,train,False
T10_d24_250_b_5.jpg,T10,d24,250,b,5,T10_250,train,False
T10_d24_253_a_4.jpg,T10,d24,253,a,4,T10_253,val,False
T10_d24_253_b_4.jpg,T10,d24,253,b,4,T10_253,val,False
T10_d24_254_a_5.jpg,T10,d24,254,a,5,T10_254,val,False
T10_d24_254_b_5.jpg,T10,d24,254,b,5,T10_254,val,False
T10_d24_262_a_5.jpg,T10,d24,262,a,5,T10_262,train,False
T10_d24_262_b_5.jpg,T10,d24,262,b,5,T10_262,train,False
T10_d24_269_a_4.jpg,T10,d24,269,a,4,T10_269,train,False
T10_d24_269_b_4.jpg,T10,d24,269,b,4,T10_269,train,False
T10_d24_274_a_5.jpg,T10,d24,274,a,5,T10_274,nuevo,False
T10_d24_274_b_5.jpg,T10,d24,274,b,5,T10_274,nuevo,False
T10_d24_275_a_5.jpg,T10,d24,275,a,5,T10_275,test,False
T10_d24_275_b_5.jpg,T10,d24,275,b,5,T10_275,test,False
T10_d24_276_a_5.jpg,T10,d24,276,a,5,T10_276,train,False
T10_d24_276_b_5.jpg,T10,d24,276,b,5,T10_276,train,False
T10_d24_282_a_5.jpg,T10,d24,282,a,5,T10_282,train,True
T10_d24_282_b_5.jpg,T10,d24,282,b,5,T10_282,train,False
T10_d24_283_a_5.jpg,T10,d24,283,a,5,T10_283,train,False
T10_d24_283_b_5.jpg,T10,d24,283,b,5,T10_283,train,False
T10_d24_284_a_5.jpg,T10,d24,284,a,5,T10_284,train,False
T10_d24_284_b_5.jpg,T10,d24,284,b,5,T10_284,train,False
T10_d24_290_a_5.jpg,T10,d24,290,a,5,T10_290,train,False
T10_d24_290_b_5.jpg,T10,d24,290,b,5,T10_290,train,False
T10_d24_292_a_5.jpg,T10,d24,292,a,5,T10_292,val,False
T10_d24_292_b_5.jpg,T10,d24,292,b,5,T10_292,val,False
T10_d24_294_a_5.jpg,T10,d24,294,a,5,T10_294,train,True
T10_d24_294_b_5.jpg,T10,d24,294,b,5,T10_294,train,True
T10_d24_295_a_5.jpg,T10,d24,295,a,5,T10_295,train,False
T10_d24_295_b_5.jpg,T10,d24,295,b,5,T10_295,train,True
T10_d24_296_a_5.jpg,T10,d24,296,a,5,T10_296,train,False
T10_d24_296_b_5.jpg,T10,d24,296,b,5,T10_296,train,False
T10_d24_306_a_5.jpg,T10,d24,306,a,5,T10_306,train,False
T10_d24_306_b_5.jpg,T10,d24,306,b,5,T10_306,train,False
T10_d24_310_a_5.jpg,T10,d24,310,a,5,T10_310,val,False
T10_d24_310_b_5.jpg,T10,d24,310,b,5,T10_310,val,False
T10_d24_315_a_4.jpg,T10,d24,315,a,4,T10_315,train,False
T10_d24_315_b_4.jpg,T10,d24,315,b,4,T10_315,train,True
T10_d24_326_a_5.jpg,T10,d24,326,a,5,T10_326,train,False
T10_d24_326_b_5.jpg,T10,d24,326,b,5,T10_326,train,False
T10_d24_327_a_5.jpg,T10,d24,327,a,5,T10_327,train,False
T10_d24_327_b_5.jpg,T10,d24,327,b,5,T10_327,train,False
T10_d24_328_a_5.jpg,T10,d24,328,a,5,T10_328,train,False
T10_d24_328_b_5.jpg,T10,d24,328,b,5,T10_328,train,False
T10_d24_330_a_4.jpg,T10,d24,330,a,4,T10_330,train,False
T10_d24_330_b_4.jpg,T10,d24,330,b,4,T10_330,train,False
T10_d24_333_a_5.jpg,T10,d24,333,a,5,T10_333,train,False
T10_d24_333_b_5.jpg,T10,d24,333,b,5,T10_333,train,False
T10_d24_336_a_5.jpg,T10,d24,336,a,5,T10_336,train,True
T10_d24_336_b_5.jpg,T10,d24,336,b,5,T10_336,train,False
T10_d24_337_a_4.jpg,T10,d24,337,a,4,T10_337,train,False
T10_d24_337_b_4.jpg,T10,d24,337,b,4,T10_337,train,False
T10_d24_338_a_5.jpg,T10,d24,338,a,5,T10_338,train,False
T10_d24_338_b_5.jpg,T10,d24,338,b,5,T10_338,train,False
T10_d24_349_a_5.jpg,T10,d24,349,a,5,T10_349,train,True
T10_d24_349_b_5.jpg,T10,d24,349,b,5,T10_349,train,False
T10_d24_350_a_5.jpg,T10,d24,350,a,5,T10_350,train,False
T10_d24_350_b_5.jpg,T10,d24,350,b,5,T10_350,train,True
T10_d24_353_a_5.jpg,T10,d24,353,a,5,T10_353,val,False
T10_d24_353_b_5.jpg,T10,d24,353,b,5,T10_353,val,False
T10_d24_355_a_5.jpg,T10,d24,355,a,5,T10_355,train,False
T10_d24_355_b_5.jpg,T10,d24,355,b,5,T10_355,train,False
T10_d24_357_a_5.jpg,T10,d24,357,a,5,T10_357,train,True
T10_d24_357_b_5.jpg,T10,d24,357,b,5,T10_357,train,False
T10_d24_366_a_5.jpg,T10,d24,366,a,5,T10_366,train,False
T10_d24_366_b_5.jpg,T10,d24,366,b,5,T10_366,train,False
T10_d24_367_a_5.jpg,T10,d24,367,a,5,T10_367,train,False
T10_d24_367_b_5.jpg,T10,d24,367,b,5,T10_367,train,False
T10_d24_372_a_5.jpg,T10,d24,372,a,5,T10_372,train,False
T10_d24_372_b_5.jpg,T10,d24,372,b,5,T10_372,train,False
T10_d24_375_a_5.jpg,T10,d24,375,a,5,T10_375,val,False
T10_d24_375_b_5.jpg,T10,d24,375,b,5,T10_375,val,False
T10_d24_376_a_5.jpg,T10,d24,376,a,5,T10_376,train,False
T10_d24_376_b_5.jpg,T10,d24,376,b,5,T10_376,train,False
T10_d24_377_a_5.jpg,T10,d24,377,a,5,T10_377,train,False
T10_d24_377_b_5.jpg,T10,d24,377,b,5,T10_377,train,False
T10_d24_381_a_5.jpg,T10,d24,381,a,5,T10_381,train,False
T10_d24_381_b_5.jpg,T10,d24,381,b,5,T10_381,train,True
T10_d24_382_a_4.jpg,T10,d24,382,a,4,T10_382,train,False
T10_d24_382_b_4.jpg,T10,d24,382,b,4,T10_382,train,False
T10_d24_385_a_5.jpg,T10,d24,385,a,5,T10_385,val,False
T10_d24_385_b_5.jpg,T10,d24,385,b,5,T10_385,val,False
T10_d24_387_a_5.jpg,T10,d24,387,a,5,T10_387,train,False
T10_d24_387_b_5.jpg,T10,d24,387,b,5,T10_387,train,False
T10_d24_392_a_5.jpg,T10,d24,392,a,5,T10_392,test,False
T10_d24_392_b_5.jpg,T10,d24,392,b,5,T10_392,test,False
T10_d24_393_a_4.jpg,T10,d24,393,a,4,T10_393,val,False
T10_d24_393_b_4.jpg,T10,d24,393,b,4,T10_393,val,False
T10_d24_395_a_5.jpg,T10,d24,395,a,5,T10_395,test,False
T10_d24_395_b_5.jpg,T10,d24,395,b,5,T10_395,test,False
T10_d24_399_a_5.jpg,T10,d24,399,a,5,T10_399,val,False
T10_d24_399_b_5.jpg,T10,d24,399,b,5,T10_399,val,False
T10_d24_400_a_5.jpg,T10,d24,400,a,5,T10_400,train,False
T10_d24_400_b_5.jpg,T10,d24,400,b,5,T10_400,train,False
T10_d24_401_a_5.jpg,T10,d24,401,a,5,T10_401,train,False
T10_d24_401_b_5.jpg,T10,d24,401,b,5,T10_401,train,True
T10_d24_402_a_5.jpg,T10,d24,402,a,5,T10_402,val,False
T10_d24_402_b_5.jpg,T10,d24,402,b,5,T10_402,val,False
T10_d24_405_a_5.jpg,T10,d24,405,a,5,T10_405,train,False
T10_d24_405_b_5.jpg,T10,d24,405,b,5,T10_405,train,False
T10_d24_406_a_5.jpg,T10,d24,406,a,5,T10_406,val,False
T10_d24_406_b_5.jpg,T10,d24,406,b,5,T10_406,val,False
T10_d24_408_a_5.jpg,T10,d24,408,a,5,T10_408,train,False
T10_d24_408_b_5.jpg,T10,d24,408,b,5,T10_408,train,False
T10_d24_410_a_5.jpg,T10,d24,410,a,5,T10_410,train,False
T10_d24_410_b_5.jpg,T10,d24,410,b,5,T10_410,train,False
T10_d24_411_a_5.jpg,T10,d24,411,a,5,T10_411,val,False
T10_d24_411_b_5.jpg,T10,d24,411,b,5,T10_411,val,False
T10_d24_413_a_5.jpg,T10,d24,413,a,5,T10_413,train,False
T10_d24_413_b_5.jpg,T10,d24,413,b,5,T10_413,train,False
T10_d24_414_a_4.jpg,T10,d24,414,a,4,T10_414,train,False
T10_d24_414_b_4.jpg,T10,d24,414,b,4,T10_414,train,False
T10_d24_415_a_5.jpg,T10,d24,415,a,5,T10_415,train,False
T10_d24_415_b_5.jpg,T10,d24,415,b,5,T10_415,train,True
T10_d24_420_a_4.jpg,T10,d24,420,a,4,T10_420,train,False
T10_d24_420_b_4.jpg,T10,d24,420,b,4,T10_420,train,False
T10_d24_422_a_5.jpg,T10,d24,422,a,5,T10_422,train,False
T10_d24_422_b_5.jpg,T10,d24,422,b,5,T10_422,train,False
T10_d24_425_a_5.jpg,T10,d24,425,a,5,T10_425,train,False
T10_d24_425_b_5.jpg,T10,d24,425,b,5,T10_425,train,False
T10_d24_429_a_5.jpg,T10,d24,429,a,5,T10_429,train,False
T10_d24_429_b_5.jpg,T10,d24,429,b,5,T10_429,train,False
T10_d24_430_a_5.jpg,T10,d24,430,a,5,T10_430,val,False
T10_d24_430_b_5.jpg,T10,d24,430,b,5,T10_430,val,False
T10_d24_442_a_4.jpg,T10,d24,442,a,4,T10_442,train,True
T10_d24_442_b_4.jpg,T10,d24,442,b,4,T10_442,train,False
T10_d24_444_a_5.jpg,T10,d24,444,a,5,T10_444,train,False
T10_d24_444_b_5.jpg,T10,d24,444,b,5,T10_444,train,False
T10_d24_445_a_5.jpg,T10,d24,445,a,5,T10_445,train,False
T10_d24_445_b_5.jpg,T10,d24,445,b,5,T10_445,train,False
T10_d24_446_a_5.jpg,T10,d24,446,a,5,T10_446,train,True
T10_d24_446_b_5.jpg,T10,d24,446,b,5,T10_446,train,False
T10_d24_447_a_5.jpg,T10,d24,447,a,5,T10_447,train,False
T10_d24_447_b_5.jpg,T10,d24,447,b,5,T10_447,train,False
T10_d24_448_a_5.jpg,T10,d24,448,a,5,T10_448,train,False
T10_d24_448_b_5.jpg,T10,d24,448,b,5,T10_448,train,False
T10_d24_449_a_5.jpg,T10,d24,449,a,5,T10_449,train,False
T10_d24_449_b_5.jpg,T10,d24,449,b,5,T10_449,train,False
T10_d24_450_a_5.jpg,T10,d24,450,a,5,T10_450,val,False
T10_d24_450_b_5.jpg,T10,d24,450,b,5,T10_450,val,False
T10_d24_451_a_5.jpg,T10,d24,451,a,5,T10_451,val,False
T10_d24_451_b_5.jpg,T10,d24,451,b,5,T10_451,val,False
T10_d24_452_a_5.jpg,T10,d24,452,a,5,T10_452,val,False
T10_d24_452_b_5.jpg,T10,d24,452,b,5,T10_452,val,False
T10_d24_454_a_4.jpg,T10,d24,454,a,4,T10_454,train,False
T10_d24_454_b_4.jpg,T10,d24,454,b,4,T10_454,train,False
T10_d24_458_a_4.jpg,T10,d24,458,a,4,T10_458,train,False
T10_d24_458_b_4.jpg,T10,d24,458,b,4,T10_458,train,False
T10_d24_459_a_5.jpg,T10,d24,459,a,5,T10_459,train,False
T10_d24_459_b_5.jpg,T10,d24,459,b,5,T10_459,train,False
T10_d24_470_a_5.jpg,T10,d24,470,a,5,T10_470,train,False
T10_d24_470_b_5.jpg,T10,d24,470,b,5,T10_470,train,True
T10_d24_471_a_5.jpg,T10,d24,471,a,5,T10_471,test,True
T10_d24_471_b_5.jpg,T10,d24,471,b,5,T10_471,test,False
T10_d24_475_a_5.jpg,T10,d24,475,a,5,T10_475,train,True
T10_d24_475_b_5.jpg,T10,d24,475,b,5,T10_475,train,False
T10_d24_478_a_4.jpg,T10,d24,478,a,4,T10_478,val,True
T10_d24_478_b_4.jpg,T10,d24,478,b,4,T10_478,val,False
T10_d25_002_a_5.jpg,T10,d25,002,a,5,T10_002,train,False
T10_d25_002_b_5.jpg,T10,d25,002,b,5,T10_002,train,False
T10_d25_003_a_5.jpg,T10,d25,003,a,5,T10_003,train,True
T10_d25_003_b_5.jpg,T10,d25,003,b,5,T10_003,train,False
T10_d25_007_a_5.jpg,T10,d25,007,a,5,T10_007,train,False
T10_d25_007_b_5.jpg,T10,d25,007,b,5,T10_007,train,False
T10_d25_011_a_5.jpg,T10,d25,011,a,5,T10_011,train,False
T10_d25_011_b_5.jpg,T10,d25,011,b,5,T10_011,train,False
T10_d25_012_a_5.jpg,T10,d25,012,a,5,T10_012,val,False
T10_d25_012_b_5.jpg,T10,d25,012,b,5,T10_012,val,False
T10_d25_013_a_5.jpg,T10,d25,013,a,5,T10_013,train,False
T10_d25_013_b_5.jpg,T10,d25,013,b,5,T10_013,train,False
T10_d25_014_a_5.jpg,T10,d25,014,a,5,T10_014,val,False
T10_d25_014_b_5.jpg,T10,d25,014,b,5,T10_014,val,False
T10_d25_015_a_5.jpg,T10,d25,015,a,5,T10_015,test,True
T10_d25_015_b_5.jpg,T10,d25,015,b,5,T10_015,test,False
T10_d25_018_a_5.jpg,T10,d25,018,a,5,T10_018,val,False
T10_d25_018_b_5.jpg,T10,d25,018,b,5,T10_018,val,False
T10_d25_021_a_5.jpg,T10,d25,021,a,5,T10_021,train,False
T10_d25_021_b_5.jpg,T10,d25,021,b,5,T10_021,train,False
T10_d25_022_a_5.jpg,T10,d25,022,a,5,T10_022,train,False
T10_d25_022_b_5.jpg,T10,d25,022,b,5,T10_022,train,False
T10_d25_026_a_5.jpg,T10,d25,026,a,5,T10_026,train,False
T10_d25_026_b_5.jpg,T10,d25,026,b,5,T10_026,train,True
T10_d25_034_a_5.jpg,T10,d25,034,a,5,T10_034,train,False
T10_d25_034_b_5.jpg,T10,d25,034,b,5,T10_034,train,False
T10_d25_035_a_5.jpg,T10,d25,035,a,5,T10_035,val,False
T10_d25_035_b_5.jpg,T10,d25,035,b,5,T10_035,val,False
T10_d25_041_a_5.jpg,T10,d25,041,a,5,T10_041,val,False
T10_d25_041_b_5.jpg,T10,d25,041,b,5,T10_041,val,False
T10_d25_046_a_5.jpg,T10,d25,046,a,5,T10_046,train,False
T10_d25_046_b_5.jpg,T10,d25,046,b,5,T10_046,train,False
T10_d25_047_a_5.jpg,T10,d25,047,a,5,T10_047,train,False
T10_d25_047_b_5.jpg,T10,d25,047,b,5,T10_047,train,True
T10_d25_048_a_5.jpg,T10,d25,048,a,5,T10_048,train,False
T10_d25_048_b_5.jpg,T10,d25,048,b,5,T10_048,train,False
T10_d25_055_a_4.jpg,T10,d25,055,a,4,T10_055,train,False
T10_d25_055_b_4.jpg,T10,d25,055,b,4,T10_055,train,False
T10_d25_058_a_5.jpg,T10,d25,058,a,5,T10_058,val,False
T10_d25_058_b_5.jpg,T10,d25,058,b,5,T10_058,val,False
T10_d25_061_a_5.jpg,T10,d25,061,a,5,T10_061,train,False
T10_d25_061_b_5.jpg,T10,d25,061,b,5,T10_061,train,False
T10_d25_067_a_5.jpg,T10,d25,067,a,5,T10_067,train,False
T10_d25_067_b_5.jpg,T10,d25,067,b,5,T10_067,train,False
T10_d25_069_a_5.jpg,T10,d25,069,a,5,T10_069,train,False
T10_d25_069_b_5.jpg,T10,d25,069,b,5,T10_069,train,False
T10_d25_072_a_5.jpg,T10,d25,072,a,5,T10_072,val,False
T10_d25_072_b_5.jpg,T10,d25,072,b,5,T10_072,val,False
T10_d25_083_a_5.jpg,T10,d25,083,a,5,T10_083,train,False
T10_d25_083_b_5.jpg,T10,d25,083,b,5,T10_083,train,False
T10_d25_087_a_5.jpg,T10,d25,087,a,5,T10_087,val,False
T10_d25_087_b_5.jpg,T10,d25,087,b,5,T10_087,val,True
T10_d25_089_a_5.jpg,T10,d25,089,a,5,T10_089,train,False
T10_d25_089_b_5.jpg,T10,d25,089,b,5,T10_089,train,False
T10_d25_092_a_5.jpg,T10,d25,092,a,5,T10_092,test,True
T10_d25_092_b_5.jpg,T10,d25,092,b,5,T10_092,test,False
T10_d25_093_a_5.jpg,T10,d25,093,a,5,T10_093,train,False
T10_d25_093_b_5.jpg,T10,d25,093,b,5,T10_093,train,False
T10_d25_094_a_5.jpg,T10,d25,094,a,5,T10_094,train,True
T10_d25_094_b_5.jpg,T10,d25,094,b,5,T10_094,train,False
T10_d25_096_a_4.jpg,T10,d25,096,a,4,T10_096,train,False
T10_d25_096_b_4.jpg,T10,d25,096,b,4,T10_096,train,False
T10_d25_097_a_5.jpg,T10,d25,097,a,5,T10_097,train,False
T10_d25_097_b_5.jpg,T10,d25,097,b,5,T10_097,train,False
T10_d25_098_a_5.jpg,T10,d25,098,a,5,T10_098,train,False
T10_d25_098_b_5.jpg,T10,d25,098,b,5,T10_098,train,False
T10_d25_099_a_5.jpg,T10,d25,099,a,5,T10_099,train,False
T10_d25_099_b_5.jpg,T10,d25,099,b,5,T10_099,train,False
T10_d25_110_a_5.jpg,T10,d25,110,a,5,T10_110,train,False
T10_d25_110_b_5.jpg,T10,d25,110,b,5,T10_110,train,False
T10_d25_111_a_5.jpg,T10,d25,111,a,5,T10_111,val,False
T10_d25_111_b_5.jpg,T10,d25,111,b,5,T10_111,val,True
T10_d25_113_a_5.jpg,T10,d25,113,a,5,T10_113,train,False
T10_d25_113_b_5.jpg,T10,d25,113,b,5,T10_113,train,False
T10_d25_118_a_5.jpg,T10,d25,118,a,5,T10_118,train,False
T10_d25_118_b_5.jpg,T10,d25,118,b,5,T10_118,train,False
T10_d25_122_a_5.jpg,T10,d25,122,a,5,T10_122,train,True
T10_d25_122_b_5.jpg,T10,d25,122,b,5,T10_122,train,False
T10_d25_125_a_5.jpg,T10,d25,125,a,5,T10_125,train,True
T10_d25_125_b_5.jpg,T10,d25,125,b,5,T10_125,train,False
T10_d25_128_a_5.jpg,T10,d25,128,a,5,T10_128,train,False
T10_d25_128_b_5.jpg,T10,d25,128,b,5,T10_128,train,False
T10_d25_129_a_5.jpg,T10,d25,129,a,5,T10_129,train,False
T10_d25_129_b_5.jpg,T10,d25,129,b,5,T10_129,train,False
T10_d25_130_a_5.jpg,T10,d25,130,a,5,T10_130,train,False
T10_d25_130_b_5.jpg,T10,d25,130,b,5,T10_130,train,False
T10_d25_131_a_5.jpg,T10,d25,131,a,5,T10_131,train,False
T10_d25_131_b_5.jpg,T10,d25,131,b,5,T10_131,train,False
T10_d25_133_a_5.jpg,T10,d25,133,a,5,T10_133,train,False
T10_d25_133_b_5.jpg,T10,d25,133,b,5,T10_133,train,False
T10_d25_136_a_5.jpg,T10,d25,136,a,5,T10_136,val,False
T10_d25_136_b_5.jpg,T10,d25,136,b,5,T10_136,val,False
T10_d25_138_a_5.jpg,T10,d25,138,a,5,T10_138,train,False
T10_d25_138_b_5.jpg,T10,d25,138,b,5,T10_138,train,False
T10_d25_145_a_5.jpg,T10,d25,145,a,5,T10_145,train,True
T10_d25_145_b_5.jpg,T10,d25,145,b,5,T10_145,train,False
T10_d25_149_a_5.jpg,T10,d25,149,a,5,T10_149,train,False
T10_d25_149_b_5.jpg,T10,d25,149,b,5,T10_149,train,False
T10_d25_152_a_5.jpg,T10,d25,152,a,5,T10_152,train,False
T10_d25_152_b_5.jpg,T10,d25,152,b,5,T10_152,train,False
T10_d25_156_a_5.jpg,T10,d25,156,a,5,T10_156,train,False
T10_d25_156_b_5.jpg,T10,d25,156,b,5,T10_156,train,False
T10_d25_165_a_5.jpg,T10,d25,165,a,5,T10_165,train,False
T10_d25_165_b_5.jpg,T10,d25,165,b,5,T10_165,train,False
T10_d25_166_a_5.jpg,T10,d25,166,a,5,T10_166,train,False
T10_d25_166_b_5.jpg,T10,d25,166,b,5,T10_166,train,False
T10_d25_167_a_5.jpg,T10,d25,167,a,5,T10_167,train,False
T10_d25_167_b_5.jpg,T10,d25,167,b,5,T10_167,train,False
T10_d25_168_a_5.jpg,T10,d25,168,a,5,T10_168,train,False
T10_d25_168_b_5.jpg,T10,d25,168,b,5,T10_168,train,False
T10_d25_172_a_5.jpg,T10,d25,172,a,5,T10_172,train,False
T10_d25_172_b_5.jpg,T10,d25,172,b,5,T10_172,train,False
T10_d25_181_a_5.jpg,T10,d25,181,a,5,T10_181,train,False
T10_d25_181_b_5.jpg,T10,d25,181,b,5,T10_181,train,False
T10_d25_193_a_5.jpg,T10,d25,193,a,5,T10_193,train,False
T10_d25_193_b_5.jpg,T10,d25,193,b,5,T10_193,train,False
T10_d25_194_a_5.jpg,T10,d25,194,a,5,T10_194,train,False
T10_d25_194_b_5.jpg,T10,d25,194,b,5,T10_194,train,False
T10_d25_196_a_5.jpg,T10,d25,196,a,5,T10_196,train,False
T10_d25_196_b_5.jpg,T10,d25,196,b,5,T10_196,train,False
T10_d25_202_a_5.jpg,T10,d25,202,a,5,T10_202,train,False
T10_d25_202_b_5.jpg,T10,d25,202,b,5,T10_202,train,False
T10_d25_204_a_5.jpg,T10,d25,204,a,5,T10_204,train,False
T10_d25_204_b_5.jpg,T10,d25,204,b,5,T10_204,train,False
T10_d25_206_a_5.jpg,T10,d25,206,a,5,T10_206,train,False
T10_d25_206_b_5.jpg,T10,d25,206,b,5,T10_206,train,True
T10_d25_211_a_5.jpg,T10,d25,211,a,5,T10_211,train,False
T10_d25_211_b_5.jpg,T10,d25,211,b,5,T10_211,train,True
T10_d25_213_a_5.jpg,T10,d25,213,a,5,T10_213,train,False
T10_d25_213_b_5.jpg,T10,d25,213,b,5,T10_213,train,False
T10_d25_217_a_5.jpg,T10,d25,217,a,5,T10_217,train,False
T10_d25_217_b_5.jpg,T10,d25,217,b,5,T10_217,train,False
T10_d25_219_a_5.jpg,T10,d25,219,a,5,T10_219,test,False
T10_d25_219_b_5.jpg,T10,d25,219,b,5,T10_219,test,False
T10_d25_220_a_5.jpg,T10,d25,220,a,5,T10_220,val,False
T10_d25_220_b_5.jpg,T10,d25,220,b,5,T10_220,val,False
T10_d25_227_a_5.jpg,T10,d25,227,a,5,T10_227,train,False
T10_d25_227_b_5.jpg,T10,d25,227,b,5,T10_227,train,False
T10_d25_229_a_5.jpg,T10,d25,229,a,5,T10_229,train,False
T10_d25_229_b_5.jpg,T10,d25,229,b,5,T10_229,train,False
T10_d25_233_a_5.jpg,T10,d25,233,a,5,T10_233,train,False
T10_d25_233_b_5.jpg,T10,d25,233,b,5,T10_233,train,False
T10_d25_234_a_5.jpg,T10,d25,234,a,5,T10_234,train,False
T10_d25_234_b_5.jpg,T10,d25,234,b,5,T10_234,train,True
T10_d25_236_a_5.jpg,T10,d25,236,a,5,T10_236,train,False
T10_d25_236_b_5.jpg,T10,d25,236,b,5,T10_236,train,False
T10_d25_237_a_5.jpg,T10,d25,237,a,5,T10_237,train,False
T10_d25_237_b_5.jpg,T10,d25,237,b,5,T10_237,train,False
T10_d25_243_a_5.jpg,T10,d25,243,a,5,T10_243,train,True
T10_d25_243_b_5.jpg,T10,d25,243,b,5,T10_243,train,False
T10_d25_250_a_5.jpg,T10,d25,250,a,5,T10_250,train,False
T10_d25_250_b_5.jpg,T10,d25,250,b,5,T10_250,train,False
T10_d25_253_a_5.jpg,T10,d25,253,a,5,T10_253,val,False
T10_d25_253_b_5.jpg,T10,d25,253,b,5,T10_253,val,False
T10_d25_254_a_5.jpg,T10,d25,254,a,5,T10_254,val,False
T10_d25_254_b_5.jpg,T10,d25,254,b,5,T10_254,val,True
T10_d25_262_a_5.jpg,T10,d25,262,a,5,T10_262,train,False
T10_d25_262_b_5.jpg,T10,d25,262,b,5,T10_262,train,False
T10_d25_269_a_5.jpg,T10,d25,269,a,5,T10_269,train,False
T10_d25_269_b_5.jpg,T10,d25,269,b,5,T10_269,train,False
T10_d25_274_a_5.jpg,T10,d25,274,a,5,T10_274,nuevo,False
T10_d25_274_b_5.jpg,T10,d25,274,b,5,T10_274,nuevo,False
T10_d25_275_a_5.jpg,T10,d25,275,a,5,T10_275,test,False
T10_d25_275_b_5.jpg,T10,d25,275,b,5,T10_275,test,False
T10_d25_276_a_5.jpg,T10,d25,276,a,5,T10_276,train,False
T10_d25_276_b_5.jpg,T10,d25,276,b,5,T10_276,train,False
T10_d25_282_a_5.jpg,T10,d25,282,a,5,T10_282,train,False
T10_d25_282_b_5.jpg,T10,d25,282,b,5,T10_282,train,False
T10_d25_283_a_5.jpg,T10,d25,283,a,5,T10_283,train,False
T10_d25_283_b_5.jpg,T10,d25,283,b,5,T10_283,train,False
T10_d25_284_a_5.jpg,T10,d25,284,a,5,T10_284,train,True
T10_d25_284_b_5.jpg,T10,d25,284,b,5,T10_284,train,False
T10_d25_290_a_5.jpg,T10,d25,290,a,5,T10_290,train,False
T10_d25_290_b_5.jpg,T10,d25,290,b,5,T10_290,train,False
T10_d25_292_a_5.jpg,T10,d25,292,a,5,T10_292,val,False
T10_d25_292_b_5.jpg,T10,d25,292,b,5,T10_292,val,False
T10_d25_294_a_5.jpg,T10,d25,294,a,5,T10_294,train,False
T10_d25_294_b_5.jpg,T10,d25,294,b,5,T10_294,train,False
T10_d25_295_a_5.jpg,T10,d25,295,a,5,T10_295,train,False
T10_d25_295_b_5.jpg,T10,d25,295,b,5,T10_295,train,False
T10_d25_296_a_5.jpg,T10,d25,296,a,5,T10_296,train,False
T10_d25_296_b_5.jpg,T10,d25,296,b,5,T10_296,train,False
T10_d25_306_a_5.jpg,T10,d25,306,a,5,T10_306,train,False
T10_d25_306_b_5.jpg,T10,d25,306,b,5,T10_306,train,False
T10_d25_310_a_5.jpg,T10,d25,310,a,5,T10_310,val,False
T10_d25_310_b_5.jpg,T10,d25,310,b,5,T10_310,val,False
T10_d25_315_a_4.jpg,T10,d25,315,a,4,T10_315,train,False
T10_d25_315_b_4.jpg,T10,d25,315,b,4,T10_315,train,False
T10_d25_326_a_5.jpg,T10,d25,326,a,5,T10_326,train,False
T10_d25_326_b_5.jpg,T10,d25,326,b,5,T10_326,train,False
T10_d25_327_a_5.jpg,T10,d25,327,a,5,T10_327,train,False
T10_d25_327_b_5.jpg,T10,d25,327,b,5,T10_327,train,False
T10_d25_328_a_5.jpg,T10,d25,328,a,5,T10_328,train,False
T10_d25_328_b_5.jpg,T10,d25,328,b,5,T10_328,train,False
T10_d25_330_a_4.jpg,T10,d25,330,a,4,T10_330,train,False
T10_d25_330_b_4.jpg,T10,d25,330,b,4,T10_330,train,False
T10_d25_333_a_5.jpg,T10,d25,333,a,5,T10_333,train,False
T10_d25_333_b_5.jpg,T10,d25,333,b,5,T10_333,train,False
T10_d25_336_a_5.jpg,T10,d25,336,a,5,T10_336,train,False
T10_d25_336_b_5.jpg,T10,d25,336,b,5,T10_336,train,False
T10_d25_337_a_5.jpg,T10,d25,337,a,5,T10_337,train,False
T10_d25_337_b_5.jpg,T10,d25,337,b,5,T10_337,train,False
T10_d25_338_a_5.jpg,T10,d25,338,a,5,T10_338,train,False
T10_d25_338_b_5.jpg,T10,d25,338,b,5,T10_338,train,False
T10_d25_349_a_5.jpg,T10,d25,349,a,5,T10_349,train,False
T10_d25_349_b_5.jpg,T10,d25,349,b,5,T10_349,train,True
T10_d25_350_a_5.jpg,T10,d25,350,a,5,T10_350,train,False
T10_d25_350_b_5.jpg,T10,d25,350,b,5,T10_350,train,False
T10_d25_353_a_5.jpg,T10,d25,353,a,5,T10_353,val,False
T10_d25_353_b_5.jpg,T10,d25,353,b,5,T10_353,val,False
T10_d25_355_a_5.jpg,T10,d25,355,a,5,T10_355,train,False
T10_d25_355_b_5.jpg,T10,d25,355,b,5,T10_355,train,False
T10_d25_357_a_5.jpg,T10,d25,357,a,5,T10_357,train,False
T10_d25_357_b_5.jpg,T10,d25,357,b,5,T10_357,train,False
T10_d25_366_a_5.jpg,T10,d25,366,a,5,T10_366,train,False
T10_d25_366_b_5.jpg,T10,d25,366,b,5,T10_366,train,False
T10_d25_367_a_5.jpg,T10,d25,367,a,5,T10_367,train,False
T10_d25_367_b_5.jpg,T10,d25,367,b,5,T10_367,train,False
T10_d25_372_a_5.jpg,T10,d25,372,a,5,T10_372,train,False
T10_d25_372_b_5.jpg,T10,d25,372,b,5,T10_372,train,False
T10_d25_375_a_5.jpg,T10,d25,375,a,5,T10_375,val,False
T10_d25_375_b_5.jpg,T10,d25,375,b,5,T10_375,val,False
T10_d25_376_a_5.jpg,T10,d25,376,a,5,T10_376,train,False
T10_d25_376_b_5.jpg,T10,d25,376,b,5,T10_376,train,False
T10_d25_377_a_5.jpg,T10,d25,377,a,5,T10_377,train,False
T10_d25_377_b_5.jpg,T10,d25,377,b,5,T10_377,train,False
T10_d25_381_a_5.jpg,T10,d25,381,a,5,T10_381,train,False
T10_d25_381_b_5.jpg,T10,d25,381,b,5,T10_381,train,False
T10_d25_382_a_5.jpg,T10,d25,382,a,5,T10_382,train,False
T10_d25_382_b_5.jpg,T10,d25,382,b,5,T10_382,train,False
T10_d25_385_a_5.jpg,T10,d25,385,a,5,T10_385,val,False
T10_d25_385_b_5.jpg,T10,d25,385,b,5,T10_385,val,False
T10_d25_387_a_5.jpg,T10,d25,387,a,5,T10_387,train,False
T10_d25_387_b_5.jpg,T10,d25,387,b,5,T10_387,train,False
T10_d25_392_a_5.jpg,T10,d25,392,a,5,T10_392,test,False
T10_d25_392_b_5.jpg,T10,d25,392,b,5,T10_392,test,False
T10_d25_393_a_5.jpg,T10,d25,393,a,5,T10_393,val,False
T10_d25_393_b_5.jpg,T10,d25,393,b,5,T10_393,val,False
T10_d25_395_a_5.jpg,T10,d25,395,a,5,T10_395,test,True
T10_d25_395_b_5.jpg,T10,d25,395,b,5,T10_395,test,False
T10_d25_399_a_5.jpg,T10,d25,399,a,5,T10_399,val,False
T10_d25_399_b_5.jpg,T10,d25,399,b,5,T10_399,val,False
T10_d25_400_a_5.jpg,T10,d25,400,a,5,T10_400,train,False
T10_d25_400_b_5.jpg,T10,d25,400,b,5,T10_400,train,False
T10_d25_401_a_5.jpg,T10,d25,401,a,5,T10_401,train,False
T10_d25_401_b_5.jpg,T10,d25,401,b,5,T10_401,train,False
T10_d25_402_a_5.jpg,T10,d25,402,a,5,T10_402,val,False
T10_d25_402_b_5.jpg,T10,d25,402,b,5,T10_402,val,False
T10_d25_405_a_5.jpg,T10,d25,405,a,5,T10_405,train,False
T10_d25_405_b_5.jpg,T10,d25,405,b,5,T10_405,train,False
T10_d25_406_a_5.jpg,T10,d25,406,a,5,T10_406,val,True
T10_d25_406_b_5.jpg,T10,d25,406,b,5,T10_406,val,False
T10_d25_408_a_5.jpg,T10,d25,408,a,5,T10_408,train,False
T10_d25_408_b_5.jpg,T10,d25,408,b,5,T10_408,train,False
T10_d25_410_a_5.jpg,T10,d25,410,a,5,T10_410,train,False
T10_d25_410_b_5.jpg,T10,d25,410,b,5,T10_410,train,False
T10_d25_411_a_5.jpg,T10,d25,411,a,5,T10_411,val,False
T10_d25_411_b_5.jpg,T10,d25,411,b,5,T10_411,val,False
T10_d25_413_a_5.jpg,T10,d25,413,a,5,T10_413,train,False
T10_d25_413_b_5.jpg,T10,d25,413,b,5,T10_413,train,False
T10_d25_414_a_4.jpg,T10,d25,414,a,4,T10_414,train,False
T10_d25_414_b_4.jpg,T10,d25,414,b,4,T10_414,train,False
T10_d25_415_a_5.jpg,T10,d25,415,a,5,T10_415,train,True
T10_d25_415_b_5.jpg,T10,d25,415,b,5,T10_415,train,False
T10_d25_420_a_4.jpg,T10,d25,420,a,4,T10_420,train,False
T10_d25_420_b_4.jpg,T10,d25,420,b,4,T10_420,train,False
T10_d25_422_a_5.jpg,T10,d25,422,a,5,T10_422,train,False
T10_d25_422_b_5.jpg,T10,d25,422,b,5,T10_422,train,False
T10_d25_425_a_5.jpg,T10,d25,425,a,5,T10_425,train,False
T10_d25_425_b_5.jpg,T10,d25,425,b,5,T10_425,train,False
T10_d25_429_a_5.jpg,T10,d25,429,a,5,T10_429,train,False
T10_d25_429_b_5.jpg,T10,d25,429,b,5,T10_429,train,False
T10_d25_430_a_5.jpg,T10,d25,430,a,5,T10_430,val,False
T10_d25_430_b_5.jpg,T10,d25,430,b,5,T10_430,val,False
T10_d25_442_a_4.jpg,T10,d25,442,a,4,T10_442,train,False
T10_d25_442_b_4.jpg,T10,d25,442,b,4,T10_442,train,False
T10_d25_444_a_5.jpg,T10,d25,444,a,5,T10_444,train,False
T10_d25_444_b_5.jpg,T10,d25,444,b,5,T10_444,train,False
T10_d25_445_a_5.jpg,T10,d25,445,a,5,T10_445,train,True
T10_d25_445_b_5.jpg,T10,d25,445,b,5,T10_445,train,True
T10_d25_446_a_5.jpg,T10,d25,446,a,5,T10_446,train,False
T10_d25_446_b_5.jpg,T10,d25,446,b,5,T10_446,train,False
T10_d25_447_a_5.jpg,T10,d25,447,a,5,T10_447,train,False
T10_d25_447_b_5.jpg,T10,d25,447,b,5,T10_447,train,False
T10_d25_448_a_5.jpg,T10,d25,448,a,5,T10_448,train,False
T10_d25_448_b_5.jpg,T10,d25,448,b,5,T10_448,train,False
T10_d25_449_a_5.jpg,T10,d25,449,a,5,T10_449,train,False
T10_d25_449_b_5.jpg,T10,d25,449,b,5,T10_449,train,False
T10_d25_450_a_5.jpg,T10,d25,450,a,5,T10_450,val,False
T10_d25_450_b_5.jpg,T10,d25,450,b,5,T10_450,val,False
T10_d25_451_a_5.jpg,T10,d25,451,a,5,T10_451,val,False
T10_d25_451_b_5.jpg,T10,d25,451,b,5,T10_451,val,False
T10_d25_452_a_5.jpg,T10,d25,452,a,5,T10_452,val,False
T10_d25_452_b_5.jpg,T10,d25,452,b,5,T10_452,val,False
T10_d25_454_a_4.jpg,T10,d25,454,a,4,T10_454,train,False
T10_d25_454_b_4.jpg,T10,d25,454,b,4,T10_454,train,False
T10_d25_458_a_5.jpg,T10,d25,458,a,5,T10_458,train,False
T10_d25_458_b_5.jpg,T10,d25,458,b,5,T10_458,train,False
T10_d25_459_a_5.jpg,T10,d25,459,a,5,T10_459,train,False
T10_d25_459_b_5.jpg,T10,d25,459,b,5,T10_459,train,False
T10_d25_470_a_5.jpg,T10,d25,470,a,5,T10_470,train,False
T10_d25_470_b_5.jpg,T10,d25,470,b,5,T10_470,train,False
T10_d25_471_a_5.jpg,T10,d25,471,a,5,T10_471,test,False
T10_d25_471_b_5.jpg,T10,d25,471,b,5,T10_471,test,False
T10_d25_475_a_5.jpg,T10,d25,475,a,5,T10_475,train,False
T10_d25_475_b_5.jpg,T10,d25,475,b,5,T10_475,train,False
T10_d25_478_a_5.jpg,T10,d25,478,a,5,T10_478,val,False
T10_d25_478_b_5.jpg,T10,d25,478,b,5,T10_478,val,False
T10_d26_002_a_5.jpg,T10,d26,002,a,5,T10_002,train,False
T10_d26_002_b_5.jpg,T10,d26,002,b,5,T10_002,train,False
T10_d26_003_a_5.jpg,T10,d26,003,a,5,T10_003,train,False
T10_d26_003_b_5.jpg,T10,d26,003,b,5,T10_003,train,False
T10_d26_007_a_5.jpg,T10,d26,007,a,5,T10_007,train,False
T10_d26_007_b_5.jpg,T10,d26,007,b,5,T10_007,train,False
T10_d26_011_a_5.jpg,T10,d26,011,a,5,T10_011,train,False
T10_d26_011_b_5.jpg,T10,d26,011,b,5,T10_011,train,False
T10_d26_012_a_5.jpg,T10,d26,012,a,5,T10_012,val,False
T10_d26_012_b_5.jpg,T10,d26,012,b,5,T10_012,val,False
T10_d26_013_a_5.jpg,T10,d26,013,a,5,T10_013,train,False
T10_d26_013_b_5.jpg,T10,d26,013,b,5,T10_013,train,False
T10_d26_014_a_5.jpg,T10,d26,014,a,5,T10_014,val,True
T10_d26_014_b_5.jpg,T10,d26,014,b,5,T10_014,val,False
T10_d26_015_a_5.jpg,T10,d26,015,a,5,T10_015,test,False
T10_d26_015_b_5.jpg,T10,d26,015,b,5,T10_015,test,True
T10_d26_018_a_5.jpg,T10,d26,018,a,5,T10_018,val,False
T10_d26_018_b_5.jpg,T10,d26,018,b,5,T10_018,val,False
T10_d26_021_a_5.jpg,T10,d26,021,a,5,T10_021,train,False
T10_d26_021_b_5.jpg,T10,d26,021,b,5,T10_021,train,False
T10_d26_022_a_5.jpg,T10,d26,022,a,5,T10_022,train,False
T10_d26_022_b_5.jpg,T10,d26,022,b,5,T10_022,train,False
T10_d26_026_a_5.jpg,T10,d26,026,a,5,T10_026,train,False
T10_d26_026_b_5.jpg,T10,d26,026,b,5,T10_026,train,False
T10_d26_034_a_5.jpg,T10,d26,034,a,5,T10_034,train,False
T10_d26_034_b_5.jpg,T10,d26,034,b,5,T10_034,train,False
T10_d26_035_a_5.jpg,T10,d26,035,a,5,T10_035,val,False
T10_d26_035_b_5.jpg,T10,d26,035,b,5,T10_035,val,False
T10_d26_041_a_5.jpg,T10,d26,041,a,5,T10_041,val,False
T10_d26_041_b_5.jpg,T10,d26,041,b,5,T10_041,val,False
T10_d26_046_a_5.jpg,T10,d26,046,a,5,T10_046,train,False
T10_d26_046_b_5.jpg,T10,d26,046,b,5,T10_046,train,False
T10_d26_047_a_5.jpg,T10,d26,047,a,5,T10_047,train,True
T10_d26_047_b_5.jpg,T10,d26,047,b,5,T10_047,train,False
T10_d26_048_a_5.jpg,T10,d26,048,a,5,T10_048,train,False
T10_d26_048_b_5.jpg,T10,d26,048,b,5,T10_048,train,False
T10_d26_055_a_5.jpg,T10,d26,055,a,5,T10_055,train,False
T10_d26_055_b_5.jpg,T10,d26,055,b,5,T10_055,train,False
T10_d26_058_a_5.jpg,T10,d26,058,a,5,T10_058,val,False
T10_d26_058_b_5.jpg,T10,d26,058,b,5,T10_058,val,False
T10_d26_061_a_5.jpg,T10,d26,061,a,5,T10_061,train,False
T10_d26_061_b_5.jpg,T10,d26,061,b,5,T10_061,train,False
T10_d26_067_a_5.jpg,T10,d26,067,a,5,T10_067,train,False
T10_d26_067_b_5.jpg,T10,d26,067,b,5,T10_067,train,False
T10_d26_069_a_5.jpg,T10,d26,069,a,5,T10_069,train,True
T10_d26_069_b_5.jpg,T10,d26,069,b,5,T10_069,train,False
T10_d26_083_a_5.jpg,T10,d26,083,a,5,T10_083,train,False
T10_d26_083_b_5.jpg,T10,d26,083,b,5,T10_083,train,False
T10_d26_087_a_5.jpg,T10,d26,087,a,5,T10_087,val,True
T10_d26_087_b_5.jpg,T10,d26,087,b,5,T10_087,val,False
T10_d26_089_a_5.jpg,T10,d26,089,a,5,T10_089,train,True
T10_d26_089_b_5.jpg,T10,d26,089,b,5,T10_089,train,False
T10_d26_092_a_5.jpg,T10,d26,092,a,5,T10_092,test,False
T10_d26_092_b_5.jpg,T10,d26,092,b,5,T10_092,test,False
T10_d26_093_a_5.jpg,T10,d26,093,a,5,T10_093,train,True
T10_d26_093_b_5.jpg,T10,d26,093,b,5,T10_093,train,False
T10_d26_094_a_5.jpg,T10,d26,094,a,5,T10_094,train,False
T10_d26_094_b_5.jpg,T10,d26,094,b,5,T10_094,train,False
T10_d26_096_a_4.jpg,T10,d26,096,a,4,T10_096,train,False
T10_d26_096_b_4.jpg,T10,d26,096,b,4,T10_096,train,False
T10_d26_097_a_5.jpg,T10,d26,097,a,5,T10_097,train,False
T10_d26_097_b_5.jpg,T10,d26,097,b,5,T10_097,train,False
T10_d26_098_a_5.jpg,T10,d26,098,a,5,T10_098,train,False
T10_d26_098_b_5.jpg,T10,d26,098,b,5,T10_098,train,False
T10_d26_099_a_5.jpg,T10,d26,099,a,5,T10_099,train,False
T10_d26_099_b_5.jpg,T10,d26,099,b,5,T10_099,train,False
T10_d26_110_a_5.jpg,T10,d26,110,a,5,T10_110,train,False
T10_d26_110_b_5.jpg,T10,d26,110,b,5,T10_110,train,False
T10_d26_111_a_5.jpg,T10,d26,111,a,5,T10_111,val,False
T10_d26_111_b_5.jpg,T10,d26,111,b,5,T10_111,val,False
T10_d26_113_a_5.jpg,T10,d26,113,a,5,T10_113,train,False
T10_d26_113_b_5.jpg,T10,d26,113,b,5,T10_113,train,False
T10_d26_118_a_5.jpg,T10,d26,118,a,5,T10_118,train,False
T10_d26_118_b_5.jpg,T10,d26,118,b,5,T10_118,train,False
T10_d26_122_a_5.jpg,T10,d26,122,a,5,T10_122,train,False
T10_d26_122_b_5.jpg,T10,d26,122,b,5,T10_122,train,False
T10_d26_125_a_5.jpg,T10,d26,125,a,5,T10_125,train,False
T10_d26_125_b_5.jpg,T10,d26,125,b,5,T10_125,train,False
T10_d26_128_a_5.jpg,T10,d26,128,a,5,T10_128,train,False
T10_d26_128_b_5.jpg,T10,d26,128,b,5,T10_128,train,False
T10_d26_129_a_5.jpg,T10,d26,129,a,5,T10_129,train,False
T10_d26_129_b_5.jpg,T10,d26,129,b,5,T10_129,train,False
T10_d26_130_a_5.jpg,T10,d26,130,a,5,T10_130,train,True
T10_d26_130_b_5.jpg,T10,d26,130,b,5,T10_130,train,False
T10_d26_131_a_5.jpg,T10,d26,131,a,5,T10_131,train,True
T10_d26_131_b_5.jpg,T10,d26,131,b,5,T10_131,train,False
T10_d26_133_a_5.jpg,T10,d26,133,a,5,T10_133,train,False
T10_d26_133_b_5.jpg,T10,d26,133,b,5,T10_133,train,False
T10_d26_136_a_5.jpg,T10,d26,136,a,5,T10_136,val,False
T10_d26_136_b_5.jpg,T10,d26,136,b,5,T10_136,val,False
T10_d26_138_a_5.jpg,T10,d26,138,a,5,T10_138,train,False
T10_d26_138_b_5.jpg,T10,d26,138,b,5,T10_138,train,False
T10_d26_145_a_5.jpg,T10,d26,145,a,5,T10_145,train,False
T10_d26_145_b_5.jpg,T10,d26,145,b,5,T10_145,train,False
T10_d26_149_a_5.jpg,T10,d26,149,a,5,T10_149,train,False
T10_d26_149_b_5.jpg,T10,d26,149,b,5,T10_149,train,False
T10_d26_152_a_5.jpg,T10,d26,152,a,5,T10_152,train,False
T10_d26_152_b_5.jpg,T10,d26,152,b,5,T10_152,train,False
T10_d26_156_a_5.jpg,T10,d26,156,a,5,T10_156,train,False
T10_d26_156_b_5.jpg,T10,d26,156,b,5,T10_156,train,True
T10_d26_165_a_5.jpg,T10,d26,165,a,5,T10_165,train,False
T10_d26_165_b_5.jpg,T10,d26,165,b,5,T10_165,train,False
T10_d26_166_a_5.jpg,T10,d26,166,a,5,T10_166,train,False
T10_d26_166_b_5.jpg,T10,d26,166,b,5,T10_166,train,False
T10_d26_167_a_5.jpg,T10,d26,167,a,5,T10_167,train,False
T10_d26_167_b_5.jpg,T10,d26,167,b,5,T10_167,train,True
T10_d26_168_a_5.jpg,T10,d26,168,a,5,T10_168,train,False
T10_d26_168_b_5.jpg,T10,d26,168,b,5,T10_168,train,False
T10_d26_172_a_5.jpg,T10,d26,172,a,5,T10_172,train,False
T10_d26_172_b_5.jpg,T10,d26,172,b,5,T10_172,train,False
T10_d26_181_a_5.jpg,T10,d26,181,a,5,T10_181,train,False
T10_d26_181_b_5.jpg,T10,d26,181,b,5,T10_181,train,False
T10_d26_193_a_5.jpg,T10,d26,193,a,5,T10_193,train,False
T10_d26_193_b_5.jpg,T10,d26,193,b,5,T10_193,train,False
T10_d26_194_a_5.jpg,T10,d26,194,a,5,T10_194,train,False
T10_d26_194_b_5.jpg,T10,d26,194,b,5,T10_194,train,False
T10_d26_196_a_5.jpg,T10,d26,196,a,5,T10_196,train,False
T10_d26_196_b_5.jpg,T10,d26,196,b,5,T10_196,train,False
T10_d26_202_a_5.jpg,T10,d26,202,a,5,T10_202,train,False
T10_d26_202_b_5.jpg,T10,d26,202,b,5,T10_202,train,False
T10_d26_204_a_5.jpg,T10,d26,204,a,5,T10_204,train,True
T10_d26_204_b_5.jpg,T10,d26,204,b,5,T10_204,train,True
T10_d26_206_a_5.jpg,T10,d26,206,a,5,T10_206,train,True
T10_d26_206_b_5.jpg,T10,d26,206,b,5,T10_206,train,False
T10_d26_211_a_5.jpg,T10,d26,211,a,5,T10_211,train,False
T10_d26_211_b_5.jpg,T10,d26,211,b,5,T10_211,train,False
T10_d26_213_a_5.jpg,T10,d26,213,a,5,T10_213,train,False
T10_d26_213_b_5.jpg,T10,d26,213,b,5,T10_213,train,False
T10_d26_217_a_5.jpg,T10,d26,217,a,5,T10_217,train,True
T10_d26_217_b_5.jpg,T10,d26,217,b,5,T10_217,train,True
T10_d26_219_a_5.jpg,T10,d26,219,a,5,T10_219,test,False
T10_d26_219_b_5.jpg,T10,d26,219,b,5,T10_219,test,False
T10_d26_220_a_5.jpg,T10,d26,220,a,5,T10_220,val,False
T10_d26_220_b_5.jpg,T10,d26,220,b,5,T10_220,val,False
T10_d26_227_a_5.jpg,T10,d26,227,a,5,T10_227,train,False
T10_d26_227_b_5.jpg,T10,d26,227,b,5,T10_227,train,False
T10_d26_229_a_5.jpg,T10,d26,229,a,5,T10_229,train,False
T10_d26_229_b_5.jpg,T10,d26,229,b,5,T10_229,train,False
T10_d26_233_a_5.jpg,T10,d26,233,a,5,T10_233,train,True
T10_d26_233_b_5.jpg,T10,d26,233,b,5,T10_233,train,False
T10_d26_234_a_5.jpg,T10,d26,234,a,5,T10_234,train,False
T10_d26_234_b_5.jpg,T10,d26,234,b,5,T10_234,train,False
T10_d26_236_a_5.jpg,T10,d26,236,a,5,T10_236,train,False
T10_d26_236_b_5.jpg,T10,d26,236,b,5,T10_236,train,False
T10_d26_237_a_5.jpg,T10,d26,237,a,5,T10_237,train,False
T10_d26_237_b_5.jpg,T10,d26,237,b,5,T10_237,train,True
T10_d26_243_a_5.jpg,T10,d26,243,a,5,T10_243,train,False
T10_d26_243_b_5.jpg,T10,d26,243,b,5,T10_243,train,False
T10_d26_250_a_5.jpg,T10,d26,250,a,5,T10_250,train,False
T10_d26_250_b_5.jpg,T10,d26,250,b,5,T10_250,train,False
T10_d26_254_a_5.jpg,T10,d26,254,a,5,T10_254,val,False
T10_d26_254_b_5.jpg,T10,d26,254,b,5,T10_254,val,False
T10_d26_262_a_5.jpg,T10,d26,262,a,5,T10_262,train,False
T10_d26_262_b_5.jpg,T10,d26,262,b,5,T10_262,train,False
T10_d26_269_a_5.jpg,T10,d26,269,a,5,T10_269,train,False
T10_d26_269_b_5.jpg,T10,d26,269,b,5,T10_269,train,True
T10_d26_274_a_5.jpg,T10,d26,274,a,5,T10_274,nuevo,False
T10_d26_274_b_5.jpg,T10,d26,274,b,5,T10_274,nuevo,False
T10_d26_275_a_5.jpg,T10,d26,275,a,5,T10_275,test,False
T10_d26_275_b_5.jpg,T10,d26,275,b,5,T10_275,test,False
T10_d26_276_a_5.jpg,T10,d26,276,a,5,T10_276,train,False
T10_d26_276_b_5.jpg,T10,d26,276,b,5,T10_276,train,False
T10_d26_282_a_5.jpg,T10,d26,282,a,5,T10_282,train,False
T10_d26_282_b_5.jpg,T10,d26,282,b,5,T10_282,train,False
T10_d26_283_a_5.jpg,T10,d26,283,a,5,T10_283,train,False
T10_d26_283_b_5.jpg,T10,d26,283,b,5,T10_283,train,False
T10_d26_284_a_5.jpg,T10,d26,284,a,5,T10_284,train,False
T10_d26_284_b_5.jpg,T10,d26,284,b,5,T10_284,train,False
T10_d26_290_a_5.jpg,T10,d26,290,a,5,T10_290,train,False
T10_d26_290_b_5.jpg,T10,d26,290,b,5,T10_290,train,False
T10_d26_292_a_5.jpg,T10,d26,292,a,5,T10_292,val,False
T10_d26_292_b_5.jpg,T10,d26,292,b,5,T10_292,val,True
T10_d26_294_a_5.jpg,T10,d26,294,a,5,T10_294,train,False
T10_d26_294_b_5.jpg,T10,d26,294,b,5,T10_294,train,False
T10_d26_295_a_5.jpg,T10,d26,295,a,5,T10_295,train,False
T10_d26_295_b_5.jpg,T10,d26,295,b,5,T10_295,train,False
T10_d26_296_a_5.jpg,T10,d26,296,a,5,T10_296,train,False
T10_d26_296_b_5.jpg,T10,d26,296,b,5,T10_296,train,False
T10_d26_306_a_5.jpg,T10,d26,306,a,5,T10_306,train,False
T10_d26_306_b_5.jpg,T10,d26,306,b,5,T10_306,train,False
T10_d26_310_a_5.jpg,T10,d26,310,a,5,T10_310,val,False
T10_d26_310_b_5.jpg,T10,d26,310,b,5,T10_310,val,False
T10_d26_315_a_5.jpg,T10,d26,315,a,5,T10_315,train,True
T10_d26_315_b_5.jpg,T10,d26,315,b,5,T10_315,train,True
T10_d26_326_a_5.jpg,T10,d26,326,a,5,T10_326,train,False
T10_d26_326_b_5.jpg,T10,d26,326,b,5,T10_326,train,False
T10_d26_327_a_5.jpg,T10,d26,327,a,5,T10_327,train,False
T10_d26_327_b_5.jpg,T10,d26,327,b,5,T10_327,train,False
T10_d26_328_a_5.jpg,T10,d26,328,a,5,T10_328,train,False
T10_d26_328_b_5.jpg,T10,d26,328,b,5,T10_328,train,False
T10_d26_330_a_5.jpg,T10,d26,330,a,5,T10_330,train,True
T10_d26_330_b_5.jpg,T10,d26,330,b,5,T10_330,train,False
T10_d26_333_a_5.jpg,T10,d26,333,a,5,T10_333,train,False
T10_d26_333_b_5.jpg,T10,d26,333,b,5,T10_333,train,False
T10_d26_336_a_5.jpg,T10,d26,336,a,5,T10_336,train,False
T10_d26_336_b_5.jpg,T10,d26,336,b,5,T10_336,train,False
T10_d26_337_a_5.jpg,T10,d26,337,a,5,T10_337,train,False
T10_d26_337_b_5.jpg,T10,d26,337,b,5,T10_337,train,False
T10_d26_349_a_5.jpg,T10,d26,349,a,5,T10_349,train,False
T10_d26_349_b_5.jpg,T10,d26,349,b,5,T10_349,train,False
T10_d26_350_a_5.jpg,T10,d26,350,a,5,T10_350,train,False
T10_d26_350_b_5.jpg,T10,d26,350,b,5,T10_350,train,False
T10_d26_353_a_5.jpg,T10,d26,353,a,5,T10_353,val,True
T10_d26_353_b_5.jpg,T10,d26,353,b,5,T10_353,val,False
T10_d26_355_a_5.jpg,T10,d26,355,a,5,T10_355,train,False
T10_d26_355_b_5.jpg,T10,d26,355,b,5,T10_355,train,False
T10_d26_357_a_5.jpg,T10,d26,357,a,5,T10_357,train,False
T10_d26_357_b_5.jpg,T10,d26,357,b,5,T10_357,train,False
T10_d26_366_a_5.jpg,T10,d26,366,a,5,T10_366,train,False
T10_d26_366_b_5.jpg,T10,d26,366,b,5,T10_366,train,False
T10_d26_367_a_5.jpg,T10,d26,367,a,5,T10_367,train,False
T10_d26_367_b_5.jpg,T10,d26,367,b,5,T10_367,train,False
T10_d26_372_a_5.jpg,T10,d26,372,a,5,T10_372,train,False
T10_d26_372_b_5.jpg,T10,d26,372,b,5,T10_372,train,False
T10_d26_375_a_5.jpg,T10,d26,375,a,5,T10_375,val,False
T10_d26_375_b_5.jpg,T10,d26,375,b,5,T10_375,val,False
T10_d26_376_a_5.jpg,T10,d26,376,a,5,T10_376,train,False
T10_d26_376_b_5.jpg,T10,d26,376,b,5,T10_376,train,False
T10_d26_377_a_5.jpg,T10,d26,377,a,5,T10_377,train,False
T10_d26_377_b_5.jpg,T10,d26,377,b,5,T10_377,train,False
T10_d26_381_a_5.jpg,T10,d26,381,a,5,T10_381,train,False
T10_d26_381_b_5.jpg,T10,d26,381,b,5,T10_381,train,False
T10_d26_382_a_5.jpg,T10,d26,382,a,5,T10_382,train,False
T10_d26_382_b_5.jpg,T10,d26,382,b,5,T10_382,train,False
T10_d26_385_a_5.jpg,T10,d26,385,a,5,T10_385,val,False
T10_d26_385_b_5.jpg,T10,d26,385,b,5,T10_385,val,False
T10_d26_387_a_5.jpg,T10,d26,387,a,5,T10_387,train,False
T10_d26_387_b_5.jpg,T10,d26,387,b,5,T10_387,train,False
T10_d26_392_a_5.jpg,T10,d26,392,a,5,T10_392,test,False
T10_d26_392_b_5.jpg,T10,d26,392,b,5,T10_392,test,False
T10_d26_393_a_5.jpg,T10,d26,393,a,5,T10_393,val,False
T10_d26_393_b_5.jpg,T10,d26,393,b,5,T10_393,val,False
T10_d26_395_a_5.jpg,T10,d26,395,a,5,T10_395,test,False
T10_d26_395_b_5.jpg,T10,d26,395,b,5,T10_395,test,False
T10_d26_399_a_5.jpg,T10,d26,399,a,5,T10_399,val,True
T10_d26_399_b_5.jpg,T10,d26,399,b,5,T10_399,val,False
T10_d26_400_a_5.jpg,T10,d26,400,a,5,T10_400,train,False
T10_d26_400_b_5.jpg,T10,d26,400,b,5,T10_400,train,False
T10_d26_401_a_5.jpg,T10,d26,401,a,5,T10_401,train,False
T10_d26_401_b_5.jpg,T10,d26,401,b,5,T10_401,train,False
T10_d26_402_a_5.jpg,T10,d26,402,a,5,T10_402,val,False
T10_d26_402_b_5.jpg,T10,d26,402,b,5,T10_402,val,False
T10_d26_405_a_5.jpg,T10,d26,405,a,5,T10_405,train,False
T10_d26_405_b_5.jpg,T10,d26,405,b,5,T10_405,train,False
T10_d26_406_a_5.jpg,T10,d26,406,a,5,T10_406,val,False
T10_d26_406_b_5.jpg,T10,d26,406,b,5,T10_406,val,False
T10_d26_408_a_5.jpg,T10,d26,408,a,5,T10_408,train,False
T10_d26_408_b_5.jpg,T10,d26,408,b,5,T10_408,train,False
T10_d26_410_a_5.jpg,T10,d26,410,a,5,T10_410,train,False
T10_d26_410_b_5.jpg,T10,d26,410,b,5,T10_410,train,False
T10_d26_411_a_5.jpg,T10,d26,411,a,5,T10_411,val,False
T10_d26_411_b_5.jpg,T10,d26,411,b,5,T10_411,val,False
T10_d26_413_a_5.jpg,T10,d26,413,a,5,T10_413,train,False
T10_d26_413_b_5.jpg,T10,d26,413,b,5,T10_413,train,False
T10_d26_414_a_4.jpg,T10,d26,414,a,4,T10_414,train,True
T10_d26_414_b_4.jpg,T10,d26,414,b,4,T10_414,train,True
T10_d26_415_a_5.jpg,T10,d26,415,a,5,T10_415,train,False
T10_d26_415_b_5.jpg,T10,d26,415,b,5,T10_415,train,False
T10_d26_420_a_5.jpg,T10,d26,420,a,5,T10_420,train,True
T10_d26_420_b_5.jpg,T10,d26,420,b,5,T10_420,train,False
T10_d26_422_a_5.jpg,T10,d26,422,a,5,T10_422,train,False
T10_d26_422_b_5.jpg,T10,d26,422,b,5,T10_422,train,False
T10_d26_425_a_5.jpg,T10,d26,425,a,5,T10_425,train,False
T10_d26_425_b_5.jpg,T10,d26,425,b,5,T10_425,train,False
T10_d26_429_a_5.jpg,T10,d26,429,a,5,T10_429,train,True
T10_d26_429_b_5.jpg,T10,d26,429,b,5,T10_429,train,False
T10_d26_430_a_5.jpg,T10,d26,430,a,5,T10_430,val,False
T10_d26_430_b_5.jpg,T10,d26,430,b,5,T10_430,val,False
T10_d26_442_a_4.jpg,T10,d26,442,a,4,T10_442,train,False
T10_d26_442_b_4.jpg,T10,d26,442,b,4,T10_442,train,False
T10_d26_444_a_5.jpg,T10,d26,444,a,5,T10_444,train,False
T10_d26_444_b_5.jpg,T10,d26,444,b,5,T10_444,train,True
T10_d26_445_a_5.jpg,T10,d26,445,a,5,T10_445,train,False
T10_d26_445_b_5.jpg,T10,d26,445,b,5,T10_445,train,False
T10_d26_446_a_5.jpg,T10,d26,446,a,5,T10_446,train,True
T10_d26_446_b_5.jpg,T10,d26,446,b,5,T10_446,train,False
T10_d26_447_a_5.jpg,T10,d26,447,a,5,T10_447,train,False
T10_d26_447_b_5.jpg,T10,d26,447,b,5,T10_447,train,False
T10_d26_448_a_5.jpg,T10,d26,448,a,5,T10_448,train,False
T10_d26_448_b_5.jpg,T10,d26,448,b,5,T10_448,train,False
T10_d26_449_a_5.jpg,T10,d26,449,a,5,T10_449,train,False
T10_d26_449_b_5.jpg,T10,d26,449,b,5,T10_449,train,False
T10_d26_450_a_5.jpg,T10,d26,450,a,5,T10_450,val,False
T10_d26_450_b_5.jpg,T10,d26,450,b,5,T10_450,val,False
T10_d26_451_a_5.jpg,T10,d26,451,a,5,T10_451,val,False
T10_d26_451_b_5.jpg,T10,d26,451,b,5,T10_451,val,False
T10_d26_452_a_5.jpg,T10,d26,452,a,5,T10_452,val,False
T10_d26_452_b_5.jpg,T10,d26,452,b,5,T10_452,val,False
T10_d26_454_a_5.jpg,T10,d26,454,a,5,T10_454,train,False
T10_d26_454_b_5.jpg,T10,d26,454,b,5,T10_454,train,False
T10_d26_458_a_5.jpg,T10,d26,458,a,5,T10_458,train,False
T10_d26_458_b_5.jpg,T10,d26,458,b,5,T10_458,train,False
T10_d26_459_a_5.jpg,T10,d26,459,a,5,T10_459,train,False
T10_d26_459_b_5.jpg,T10,d26,459,b,5,T10_459,train,False
T10_d26_470_a_5.jpg,T10,d26,470,a,5,T10_470,train,True
T10_d26_470_b_5.jpg,T10,d26,470,b,5,T10_470,train,False
T10_d26_471_a_5.jpg,T10,d26,471,a,5,T10_471,test,False
T10_d26_471_b_5.jpg,T10,d26,471,b,5,T10_471,test,False
T10_d26_475_a_5.jpg,T10,d26,475,a,5,T10_475,train,False
T10_d26_475_b_5.jpg,T10,d26,475,b,5,T10_475,train,False
T10_d26_478_a_5.jpg,T10,d26,478,a,5,T10_478,val,False
T10_d26_478_b_5.jpg,T10,d26,478,b,5,T10_478,val,False
T20_d01_001_a_1.jpg,T20,d01,001,a,1,T20_001,train,False
T20_d01_001_b_1.jpg,T20,d01,001,b,1,T20_001,train,False
T20_d01_004_a_1.jpg,T20,d01,004,a,1,T20_004,train,False
T20_d01_004_b_1.jpg,T20,d01,004,b,1,T20_004,train,False
T20_d01_005_a_1.jpg,T20,d01,005,a,1,T20_005,train,False
T20_d01_005_b_1.jpg,T20,d01,005,b,1,T20_005,train,False
T20_d01_006_a_1.jpg,T20,d01,006,a,1,T20_006,val,False
T20_d01_006_b_1.jpg,T20,d01,006,b,1,T20_006,val,False
T20_d01_008_a_1.jpg,T20,d01,008,a,1,T20_008,train,False
T20_d01_008_b_1.jpg,T20,d01,008,b,1,T20_008,train,False
T20_d01_010_a_1.jpg,T20,d01,010,a,1,T20_010,val,False
T20_d01_010_b_1.jpg,T20,d01,010,b,1,T20_010,val,False
T20_d01_020_a_1.jpg,T20,d01,020,a,1,T20_020,test,False
T20_d01_020_b_1.jpg,T20,d01,020,b,1,T20_020,test,False
T20_d01_023_a_1.jpg,T20,d01,023,a,1,T20_023,nuevo,False
T20_d01_023_b_1.jpg,T20,d01,023,b,1,T20_023,nuevo,False
T20_d01_024_a_1.jpg,T20,d01,024,a,1,T20_024,nuevo,False
T20_d01_024_b_1.jpg,T20,d01,024,b,1,T20_024,nuevo,False
T20_d01_025_a_1.jpg,T20,d01,025,a,1,T20_025,train,True
T20_d01_025_b_1.jpg,T20,d01,025,b,1,T20_025,train,False
T20_d01_029_a_1.jpg,T20,d01,029,a,1,T20_029,train,False
T20_d01_029_b_1.jpg,T20,d01,029,b,1,T20_029,train,False
T20_d01_031_a_1.jpg,T20,d01,031,a,1,T20_031,nuevo,False
T20_d01_031_b_1.jpg,T20,d01,031,b,1,T20_031,nuevo,False
T20_d01_032_a_1.jpg,T20,d01,032,a,1,T20_032,train,False
T20_d01_032_b_1.jpg,T20,d01,032,b,1,T20_032,train,False
T20_d01_036_a_1.jpg,T20,d01,036,a,1,T20_036,nuevo,False
T20_d01_036_b_1.jpg,T20,d01,036,b,1,T20_036,nuevo,False
T20_d01_040_a_1.jpg,T20,d01,040,a,1,T20_040,train,True
T20_d01_040_b_1.jpg,T20,d01,040,b,1,T20_040,train,False
T20_d01_042_a_1.jpg,T20,d01,042,a,1,T20_042,train,False
T20_d01_042_b_1.jpg,T20,d01,042,b,1,T20_042,train,False
T20_d01_043_a_1.jpg,T20,d01,043,a,1,T20_043,nuevo,False
T20_d01_043_b_1.jpg,T20,d01,043,b,1,T20_043,nuevo,False
T20_d01_049_a_1.jpg,T20,d01,049,a,1,T20_049,train,False
T20_d01_049_b_1.jpg,T20,d01,049,b,1,T20_049,train,False
T20_d01_050_a_1.jpg,T20,d01,050,a,1,T20_050,train,False
T20_d01_050_b_1.jpg,T20,d01,050,b,1,T20_050,train,False
T20_d01_060_a_1.jpg,T20,d01,060,a,1,T20_060,train,False
T20_d01_060_b_1.jpg,T20,d01,060,b,1,T20_060,train,False
T20_d01_063_a_1.jpg,T20,d01,063,a,1,T20_063,val,False
T20_d01_063_b_1.jpg,T20,d01,063,b,1,T20_063,val,False
T20_d01_071_a_1.jpg,T20,d01,071,a,1,T20_071,train,False
T20_d01_071_b_1.jpg,T20,d01,071,b,1,T20_071,train,False
T20_d01_075_a_1.jpg,T20,d01,075,a,1,T20_075,val,False
T20_d01_075_b_1.jpg,T20,d01,075,b,1,T20_075,val,False
T20_d01_076_a_1.jpg,T20,d01,076,a,1,T20_076,train,False
T20_d01_076_b_1.jpg,T20,d01,076,b,1,T20_076,train,False
T20_d01_081_a_1.jpg,T20,d01,081,a,1,T20_081,nuevo,False
T20_d01_081_b_1.jpg,T20,d01,081,b,1,T20_081,nuevo,False
T20_d01_082_a_1.jpg,T20,d01,082,a,1,T20_082,nuevo,False
T20_d01_082_b_1.jpg,T20,d01,082,b,1,T20_082,nuevo,False
T20_d01_084_a_1.jpg,T20,d01,084,a,1,T20_084,train,False
T20_d01_084_b_1.jpg,T20,d01,084,b,1,T20_084,train,False
T20_d01_085_a_1.jpg,T20,d01,085,a,1,T20_085,test,False
T20_d01_085_b_1.jpg,T20,d01,085,b,1,T20_085,test,False
T20_d01_090_a_1.jpg,T20,d01,090,a,1,T20_090,train,False
T20_d01_090_b_1.jpg,T20,d01,090,b,1,T20_090,train,True
T20_d01_091_a_1.jpg,T20,d01,091,a,1,T20_091,train,True
T20_d01_091_b_1.jpg,T20,d01,091,b,1,T20_091,train,False
T20_d01_095_a_1.jpg,T20,d01,095,a,1,T20_095,train,False
T20_d01_095_b_1.jpg,T20,d01,095,b,1,T20_095,train,False
T20_d01_101_a_1.jpg,T20,d01,101,a,1,T20_101,nuevo,False
T20_d01_101_b_1.jpg,T20,d01,101,b,1,T20_101,nuevo,False
T20_d01_103_a_1.jpg,T20,d01,103,a,1,T20_103,train,False
T20_d01_103_b_1.jpg,T20,d01,103,b,1,T20_103,train,False
T20_d01_106_a_1.jpg,T20,d01,106,a,1,T20_106,train,False
T20_d01_106_b_1.jpg,T20,d01,106,b,1,T20_106,train,False
T20_d01_107_a_1.jpg,T20,d01,107,a,1,T20_107,train,False
T20_d01_107_b_1.jpg,T20,d01,107,b,1,T20_107,train,False
T20_d01_112_a_1.jpg,T20,d01,112,a,1,T20_112,train,False
T20_d01_112_b_1.jpg,T20,d01,112,b,1,T20_112,train,False
T20_d01_114_a_1.jpg,T20,d01,114,a,1,T20_114,train,False
T20_d01_114_b_1.jpg,T20,d01,114,b,1,T20_114,train,True
T20_d01_115_a_1.jpg,T20,d01,115,a,1,T20_115,train,False
T20_d01_115_b_1.jpg,T20,d01,115,b,1,T20_115,train,False
T20_d01_116_a_1.jpg,T20,d01,116,a,1,T20_116,nuevo,False
T20_d01_116_b_1.jpg,T20,d01,116,b,1,T20_116,nuevo,False
T20_d01_123_a_1.jpg,T20,d01,123,a,1,T20_123,nuevo,False
T20_d01_123_b_1.jpg,T20,d01,123,b,1,T20_123,nuevo,False
T20_d01_127_a_1.jpg,T20,d01,127,a,1,T20_127,nuevo,False
T20_d01_127_b_1.jpg,T20,d01,127,b,1,T20_127,nuevo,False
T20_d01_132_a_1.jpg,T20,d01,132,a,1,T20_132,train,False
T20_d01_132_b_1.jpg,T20,d01,132,b,1,T20_132,train,False
T20_d01_137_a_1.jpg,T20,d01,137,a,1,T20_137,train,False
T20_d01_137_b_1.jpg,T20,d01,137,b,1,T20_137,train,False
T20_d01_141_a_1.jpg,T20,d01,141,a,1,T20_141,test,False
T20_d01_141_b_1.jpg,T20,d01,141,b,1,T20_141,test,False
T20_d01_143_a_1.jpg,T20,d01,143,a,1,T20_143,train,False
T20_d01_143_b_1.jpg,T20,d01,143,b,1,T20_143,train,False
T20_d01_146_a_1.jpg,T20,d01,146,a,1,T20_146,train,False
T20_d01_146_b_1.jpg,T20,d01,146,b,1,T20_146,train,False
T20_d01_150_a_1.jpg,T20,d01,150,a,1,T20_150,train,False
T20_d01_150_b_1.jpg,T20,d01,150,b,1,T20_150,train,False
T20_d01_151_a_1.jpg,T20,d01,151,a,1,T20_151,val,False
T20_d01_151_b_1.jpg,T20,d01,151,b,1,T20_151,val,False
T20_d01_153_a_1.jpg,T20,d01,153,a,1,T20_153,val,False
T20_d01_153_b_1.jpg,T20,d01,153,b,1,T20_153,val,False
T20_d01_155_a_1.jpg,T20,d01,155,a,1,T20_155,train,False
T20_d01_155_b_1.jpg,T20,d01,155,b,1,T20_155,train,False
T20_d01_161_a_1.jpg,T20,d01,161,a,1,T20_161,test,True
T20_d01_161_b_1.jpg,T20,d01,161,b,1,T20_161,test,False
T20_d01_170_a_1.jpg,T20,d01,170,a,1,T20_170,train,False
T20_d01_170_b_1.jpg,T20,d01,170,b,1,T20_170,train,False
T20_d01_174_a_1.jpg,T20,d01,174,a,1,T20_174,train,False
T20_d01_174_b_1.jpg,T20,d01,174,b,1,T20_174,train,False
T20_d01_176_a_1.jpg,T20,d01,176,a,1,T20_176,val,False
T20_d01_176_b_1.jpg,T20,d01,176,b,1,T20_176,val,False
T20_d01_177_a_1.jpg,T20,d01,177,a,1,T20_177,train,True
T20_d01_177_b_1.jpg,T20,d01,177,b,1,T20_177,train,False
T20_d01_178_a_1.jpg,T20,d01,178,a,1,T20_178,nuevo,False
T20_d01_178_b_1.jpg,T20,d01,178,b,1,T20_178,nuevo,False
T20_d01_183_a_1.jpg,T20,d01,183,a,1,T20_183,train,False
T20_d01_183_b_1.jpg,T20,d01,183,b,1,T20_183,train,False
T20_d01_185_a_1.jpg,T20,d01,185,a,1,T20_185,train,False
T20_d01_185_b_1.jpg,T20,d01,185,b,1,T20_185,train,True
T20_d01_187_a_1.jpg,T20,d01,187,a,1,T20_187,train,False
T20_d01_187_b_1.jpg,T20,d01,187,b,1,T20_187,train,False
T20_d01_188_a_1.jpg,T20,d01,188,a,1,T20_188,train,False
T20_d01_188_b_1.jpg,T20,d01,188,b,1,T20_188,train,False
T20_d01_190_a_1.jpg,T20,d01,190,a,1,T20_190,test,False
T20_d01_190_b_1.jpg,T20,d01,190,b,1,T20_190,test,False
T20_d01_192_a_1.jpg,T20,d01,192,a,1,T20_192,nuevo,False
T20_d01_192_b_1.jpg,T20,d01,192,b,1,T20_192,nuevo,False
T20_d01_199_a_1.jpg,T20,d01,199,a,1,T20_199,val,False
T20_d01_199_b_1.jpg,T20,d01,199,b,1,T20_199,val,False
T20_d01_212_a_1.jpg,T20,d01,212,a,1,T20_212,train,False
T20_d01_212_b_1.jpg,T20,d01,212,b,1,T20_212,train,False
T20_d01_214_a_1.jpg,T20,d01,214,a,1,T20_214,train,True
T20_d01_214_b_1.jpg,T20,d01,214,b,1,T20_214,train,False
T20_d01_222_a_1.jpg,T20,d01,222,a,1,T20_222,train,False
T20_d01_222_b_1.jpg,T20,d01,222,b,1,T20_222,train,True
T20_d01_224_a_1.jpg,T20,d01,224,a,1,T20_224,val,False
T20_d01_224_b_1.jpg,T20,d01,224,b,1,T20_224,val,False
T20_d01_225_a_1.jpg,T20,d01,225,a,1,T20_225,train,False
T20_d01_225_b_1.jpg,T20,d01,225,b,1,T20_225,train,False
T20_d01_226_a_1.jpg,T20,d01,226,a,1,T20_226,train,False
T20_d01_226_b_1.jpg,T20,d01,226,b,1,T20_226,train,False
T20_d01_228_a_1.jpg,T20,d01,228,a,1,T20_228,test,False
T20_d01_228_b_1.jpg,T20,d01,228,b,1,T20_228,test,False
T20_d01_232_a_1.jpg,T20,d01,232,a,1,T20_232,nuevo,False
T20_d01_232_b_1.jpg,T20,d01,232,b,1,T20_232,nuevo,False
T20_d01_239_a_1.jpg,T20,d01,239,a,1,T20_239,val,False
T20_d01_239_b_1.jpg,T20,d01,239,b,1,T20_239,val,False
T20_d01_240_a_1.jpg,T20,d01,240,a,1,T20_240,test,False
T20_d01_240_b_1.jpg,T20,d01,240,b,1,T20_240,test,False
T20_d01_244_a_1.jpg,T20,d01,244,a,1,T20_244,train,False
T20_d01_244_b_1.jpg,T20,d01,244,b,1,T20_244,train,True
T20_d01_255_a_1.jpg,T20,d01,255,a,1,T20_255,train,False
T20_d01_255_b_1.jpg,T20,d01,255,b,1,T20_255,train,True
T20_d01_256_a_1.jpg,T20,d01,256,a,1,T20_256,train,False
T20_d01_256_b_1.jpg,T20,d01,256,b,1,T20_256,train,False
T20_d01_258_a_1.jpg,T20,d01,258,a,1,T20_258,train,False
T20_d01_258_b_1.jpg,T20,d01,258,b,1,T20_258,train,False
T20_d01_259_a_1.jpg,T20,d01,259,a,1,T20_259,train,False
T20_d01_259_b_1.jpg,T20,d01,259,b,1,T20_259,train,False
T20_d01_260_a_1.jpg,T20,d01,260,a,1,T20_260,train,False
T20_d01_260_b_1.jpg,T20,d01,260,b,1,T20_260,train,False
T20_d01_263_a_1.jpg,T20,d01,263,a,1,T20_263,train,False
T20_d01_263_b_1.jpg,T20,d01,263,b,1,T20_263,train,False
T20_d01_265_a_1.jpg,T20,d01,265,a,1,T20_265,train,False
T20_d01_265_b_1.jpg,T20,d01,265,b,1,T20_265,train,True
T20_d01_267_a_1.jpg,T20,d01,267,a,1,T20_267,train,True
T20_d01_267_b_1.jpg,T20,d01,267,b,1,T20_267,train,False
T20_d01_268_a_1.jpg,T20,d01,268,a,1,T20_268,train,False
T20_d01_268_b_1.jpg,T20,d01,268,b,1,T20_268,train,False
T20_d01_272_a_1.jpg,T20,d01,272,a,1,T20_272,train,False
T20_d01_272_b_1.jpg,T20,d01,272,b,1,T20_272,train,False
T20_d01_277_a_1.jpg,T20,d01,277,a,1,T20_277,train,False
T20_d01_277_b_1.jpg,T20,d01,277,b,1,T20_277,train,False
T20_d01_279_a_1.jpg,T20,d01,279,a,1,T20_279,test,False
T20_d01_279_b_1.jpg,T20,d01,279,b,1,T20_279,test,False
T20_d01_287_a_1.jpg,T20,d01,287,a,1,T20_287,train,False
T20_d01_287_b_1.jpg,T20,d01,287,b,1,T20_287,train,False
T20_d01_288_a_1.jpg,T20,d01,288,a,1,T20_288,train,False
T20_d01_288_b_1.jpg,T20,d01,288,b,1,T20_288,train,False
T20_d01_289_a_1.jpg,T20,d01,289,a,1,T20_289,test,False
T20_d01_289_b_1.jpg,T20,d01,289,b,1,T20_289,test,False
T20_d01_291_a_1.jpg,T20,d01,291,a,1,T20_291,val,False
T20_d01_291_b_1.jpg,T20,d01,291,b,1,T20_291,val,False
T20_d01_293_a_1.jpg,T20,d01,293,a,1,T20_293,train,False
T20_d01_293_b_1.jpg,T20,d01,293,b,1,T20_293,train,False
T20_d01_300_a_1.jpg,T20,d01,300,a,1,T20_300,train,False
T20_d01_300_b_1.jpg,T20,d01,300,b,1,T20_300,train,True
T20_d01_305_a_1.jpg,T20,d01,305,a,1,T20_305,nuevo,False
T20_d01_305_b_1.jpg,T20,d01,305,b,1,T20_305,nuevo,False
T20_d01_309_a_1.jpg,T20,d01,309,a,1,T20_309,val,False
T20_d01_309_b_1.jpg,T20,d01,309,b,1,T20_309,val,False
T20_d01_311_a_1.jpg,T20,d01,311,a,1,T20_311,train,False
T20_d01_311_b_1.jpg,T20,d01,311,b,1,T20_311,train,False
T20_d01_313_a_1.jpg,T20,d01,313,a,1,T20_313,test,True
T20_d01_313_b_1.jpg,T20,d01,313,b,1,T20_313,test,False
T20_d01_316_a_1.jpg,T20,d01,316,a,1,T20_316,train,False
T20_d01_316_b_1.jpg,T20,d01,316,b,1,T20_316,train,False
T20_d01_317_a_1.jpg,T20,d01,317,a,1,T20_317,nuevo,False
T20_d01_317_b_1.jpg,T20,d01,317,b,1,T20_317,nuevo,False
T20_d01_321_a_1.jpg,T20,d01,321,a,1,T20_321,val,False
T20_d01_321_b_1.jpg,T20,d01,321,b,1,T20_321,val,False
T20_d01_322_a_1.jpg,T20,d01,322,a,1,T20_322,train,False
T20_d01_322_b_1.jpg,T20,d01,322,b,1,T20_322,train,True
T20_d01_324_a_1.jpg,T20,d01,324,a,1,T20_324,train,False
T20_d01_324_b_1.jpg,T20,d01,324,b,1,T20_324,train,False
T20_d01_332_a_1.jpg,T20,d01,332,a,1,T20_332,train,False
T20_d01_332_b_1.jpg,T20,d01,332,b,1,T20_332,train,False
T20_d01_334_a_1.jpg,T20,d01,334,a,1,T20_334,val,False
T20_d01_334_b_1.jpg,T20,d01,334,b,1,T20_334,val,False
T20_d01_346_a_1.jpg,T20,d01,346,a,1,T20_346,train,False
T20_d01_346_b_1.jpg,T20,d01,346,b,1,T20_346,train,False
T20_d01_347_a_1.jpg,T20,d01,347,a,1,T20_347,train,False
T20_d01_347_b_1.jpg,T20,d01,347,b,1,T20_347,train,False
T20_d01_352_a_1.jpg,T20,d01,352,a,1,T20_352,nuevo,False
T20_d01_352_b_1.jpg,T20,d01,352,b,1,T20_352,nuevo,False
T20_d01_354_a_1.jpg,T20,d01,354,a,1,T20_354,train,False
T20_d01_354_b_1.jpg,T20,d01,354,b,1,T20_354,train,False
T20_d01_360_a_1.jpg,T20,d01,360,a,1,T20_360,test,True
T20_d01_360_b_1.jpg,T20,d01,360,b,1,T20_360,test,False
T20_d01_361_a_1.jpg,T20,d01,361,a,1,T20_361,nuevo,False
T20_d01_361_b_1.jpg,T20,d01,361,b,1,T20_361,nuevo,False
T20_d01_363_a_1.jpg,T20,d01,363,a,1,T20_363,val,False
T20_d01_363_b_1.jpg,T20,d01,363,b,1,T20_363,val,False
T20_d01_369_a_1.jpg,T20,d01,369,a,1,T20_369,train,False
T20_d01_369_b_1.jpg,T20,d01,369,b,1,T20_369,train,False
T20_d01_371_a_1.jpg,T20,d01,371,a,1,T20_371,val,False
T20_d01_371_b_1.jpg,T20,d01,371,b,1,T20_371,val,False
T20_d01_378_a_1.jpg,T20,d01,378,a,1,T20_378,train,False
T20_d01_378_b_1.jpg,T20,d01,378,b,1,T20_378,train,True
T20_d01_383_a_1.jpg,T20,d01,383,a,1,T20_383,val,False
T20_d01_383_b_1.jpg,T20,d01,383,b,1,T20_383,val,False
T20_d01_384_a_1.jpg,T20,d01,384,a,1,T20_384,train,False
T20_d01_384_b_1.jpg,T20,d01,384,b,1,T20_384,train,False
T20_d01_386_a_1.jpg,T20,d01,386,a,1,T20_386,train,False
T20_d01_386_b_1.jpg,T20,d01,386,b,1,T20_386,train,False
T20_d01_388_a_1.jpg,T20,d01,388,a,1,T20_388,train,False
T20_d01_388_b_1.jpg,T20,d01,388,b,1,T20_388,train,False
T20_d01_389_a_1.jpg,T20,d01,389,a,1,T20_389,train,False
T20_d01_389_b_1.jpg,T20,d01,389,b,1,T20_389,train,False
T20_d01_390_a_1.jpg,T20,d01,390,a,1,T20_390,train,False
T20_d01_390_b_1.jpg,T20,d01,390,b,1,T20_390,train,False
T20_d01_391_a_1.jpg,T20,d01,391,a,1,T20_391,train,False
T20_d01_391_b_1.jpg,T20,d01,391,b,1,T20_391,train,True
T20_d01_394_a_1.jpg,T20,d01,394,a,1,T20_394,nuevo,False
T20_d01_394_b_1.jpg,T20,d01,394,b,1,T20_394,nuevo,False
T20_d01_409_a_1.jpg,T20,d01,409,a,1,T20_409,train,False
T20_d01_409_b_1.jpg,T20,d01,409,b,1,T20_409,train,False
T20_d01_412_a_1.jpg,T20,d01,412,a,1,T20_412,nuevo,False
T20_d01_412_b_1.jpg,T20,d01,412,b,1,T20_412,nuevo,False
T20_d01_421_a_1.jpg,T20,d01,421,a,1,T20_421,train,False
T20_d01_421_b_1.jpg,T20,d01,421,b,1,T20_421,train,False
T20_d01_423_a_1.jpg,T20,d01,423,a,1,T20_423,train,False
T20_d01_423_b_1.jpg,T20,d01,423,b,1,T20_423,train,False
T20_d01_426_a_1.jpg,T20,d01,426,a,1,T20_426,train,False
T20_d01_426_b_1.jpg,T20,d01,426,b,1,T20_426,train,False
T20_d01_431_a_1.jpg,T20,d01,431,a,1,T20_431,train,False
T20_d01_431_b_1.jpg,T20,d01,431,b,1,T20_431,train,True
T20_d01_432_a_1.jpg,T20,d01,432,a,1,T20_432,nuevo,False
T20_d01_432_b_1.jpg,T20,d01,432,b,1,T20_432,nuevo,False
T20_d01_433_a_1.jpg,T20,d01,433,a,1,T20_433,nuevo,False
T20_d01_433_b_1.jpg,T20,d01,433,b,1,T20_433,nuevo,False
T20_d01_435_a_1.jpg,T20,d01,435,a,1,T20_435,train,False
T20_d01_435_b_1.jpg,T20,d01,435,b,1,T20_435,train,False
T20_d01_438_a_1.jpg,T20,d01,438,a,1,T20_438,train,False
T20_d01_438_b_1.jpg,T20,d01,438,b,1,T20_438,train,False
T20_d01_439_a_1.jpg,T20,d01,439,a,1,T20_439,train,False
T20_d01_439_b_1.jpg,T20,d01,439,b,1,T20_439,train,False
T20_d01_440_a_1.jpg,T20,d01,440,a,1,T20_440,nuevo,False
T20_d01_440_b_1.jpg,T20,d01,440,b,1,T20_440,nuevo,False
T20_d01_443_a_1.jpg,T20,d01,443,a,1,T20_443,train,False
T20_d01_443_b_1.jpg,T20,d01,443,b,1,T20_443,train,False
T20_d01_453_a_1.jpg,T20,d01,453,a,1,T20_453,val,False
T20_d01_453_b_1.jpg,T20,d01,453,b,1,T20_453,val,False
T20_d01_455_a_1.jpg,T20,d01,455,a,1,T20_455,nuevo,False
T20_d01_455_b_1.jpg,T20,d01,455,b,1,T20_455,nuevo,False
T20_d01_461_a_1.jpg,T20,d01,461,a,1,T20_461,train,False
T20_d01_461_b_1.jpg,T20,d01,461,b,1,T20_461,train,False
T20_d01_462_a_1.jpg,T20,d01,462,a,1,T20_462,test,False
T20_d01_462_b_1.jpg,T20,d01,462,b,1,T20_462,test,False
T20_d01_463_a_1.jpg,T20,d01,463,a,1,T20_463,train,False
T20_d01_463_b_1.jpg,T20,d01,463,b,1,T20_463,train,True
T20_d01_464_a_1.jpg,T20,d01,464,a,1,T20_464,train,False
T20_d01_464_b_1.jpg,T20,d01,464,b,1,T20_464,train,False
T20_d01_468_a_1.jpg,T20,d01,468,a,1,T20_468,test,False
T20_d01_468_b_1.jpg,T20,d01,468,b,1,T20_468,test,False
T20_d01_469_a_1.jpg,T20,d01,469,a,1,T20_469,train,False
T20_d01_469_b_1.jpg,T20,d01,469,b,1,T20_469,train,False
T20_d01_477_a_1.jpg,T20,d01,477,a,1,T20_477,train,False
T20_d01_477_b_1.jpg,T20,d01,477,b,1,T20_477,train,False
T20_d02_001_a_1.jpg,T20,d02,001,a,1,T20_001,train,False
T20_d02_001_b_1.jpg,T20,d02,001,b,1,T20_001,train,False
T20_d02_004_a_2.jpg,T20,d02,004,a,2,T20_004,train,False
T20_d02_004_b_2.jpg,T20,d02,004,b,2,T20_004,train,False
T20_d02_005_a_1.jpg,T20,d02,005,a,1,T20_005,train,False
T20_d02_005_b_1.jpg,T20,d02,005,b,1,T20_005,train,False
T20_d02_006_a_1.jpg,T20,d02,006,a,1,T20_006,val,False
T20_d02_006_b_1.jpg,T20,d02,006,b,1,T20_006,val,False
T20_d02_008_a_1.jpg,T20,d02,008,a,1,T20_008,train,False
T20_d02_008_b_1.jpg,T20,d02,008,b,1,T20_008,train,False
T20_d02_010_a_2.jpg,T20,d02,010,a,2,T20_010,val,True
T20_d02_010_b_2.jpg,T20,d02,010,b,2,T20_010,val,False
T20_d02_020_a_1.jpg,T20,d02,020,a,1,T20_020,test,False
T20_d02_020_b_1.jpg,T20,d02,020,b,1,T20_020,test,False
T20_d02_023_a_1.jpg,T20,d02,023,a,1,T20_023,nuevo,False
T20_d02_023_b_1.jpg,T20,d02,023,b,1,T20_023,nuevo,False
T20_d02_024_a_1.jpg,T20,d02,024,a,1,T20_024,nuevo,False
T20_d02_024_b_1.jpg,T20,d02,024,b,1,T20_024,nuevo,False
T20_d02_025_a_1.jpg,T20,d02,025,a,1,T20_025,train,False
T20_d02_025_b_1.jpg,T20,d02,025,b,1,T20_025,train,False
T20_d02_029_a_1.jpg,T20,d02,029,a,1,T20_029,train,False
T20_d02_029_b_1.jpg,T20,d02,029,b,1,T20_029,train,True
T20_d02_031_a_1.jpg,T20,d02,031,a,1,T20_031,nuevo,False
T20_d02_031_b_1.jpg,T20,d02,031,b,1,T20_031,nuevo,False
T20_d02_032_a_2.jpg,T20,d02,032,a,2,T20_032,train,False
T20_d02_032_b_2.jpg,T20,d02,032,b,2,T20_032,train,False
T20_d02_036_a_1.jpg,T20,d02,036,a,1,T20_036,nuevo,False
T20_d02_036_b_1.jpg,T20,d02,036,b,1,T20_036,nuevo,False
T20_d02_040_a_1.jpg,T20,d02,040,a,1,T20_040,train,False
T20_d02_040_b_1.jpg,T20,d02,040,b,1,T20_040,train,False
T20_d02_042_a_2.jpg,T20,d02,042,a,2,T20_042,train,False
T20_d02_042_b_2.jpg,T20,d02,042,b,2,T20_042,train,True
T20_d02_043_a_1.jpg,T20,d02,043,a,1,T20_043,nuevo,False
T20_d02_043_b_1.jpg,T20,d02,043,b,1,T20_043,nuevo,False
T20_d02_049_a_1.jpg,T20,d02,049,a,1,T20_049,train,False
T20_d02_049_b_1.jpg,T20,d02,049,b,1,T20_049,train,True
T20_d02_050_a_2.jpg,T20,d02,050,a,2,T20_050,train,False
T20_d02_050_b_2.jpg,T20,d02,050,b,2,T20_050,train,False
T20_d02_060_a_2.jpg,T20,d02,060,a,2,T20_060,train,False
T20_d02_060_b_2.jpg,T20,d02,060,b,2,T20_060,train,False
T20_d02_063_a_1.jpg,T20,d02,063,a,1,T20_063,val,False
T20_d02_063_b_1.jpg,T20,d02,063,b,1,T20_063,val,False
T20_d02_071_a_1.jpg,T20,d02,071,a,1,T20_071,train,False
T20_d02_071_b_1.jpg,T20,d02,071,b,1,T20_071,train,False
T20_d02_075_a_2.jpg,T20,d02,075,a,2,T20_075,val,False
T20_d02_075_b_2.jpg,T20,d02,075,b,2,T20_075,val,True
T20_d02_076_a_1.jpg,T20,d02,076,a,1,T20_076,train,False
T20_d02_076_b_1.jpg,T20,d02,076,b,1,T20_076,train,False
T20_d02_084_a_2.jpg,T20,d02,084,a,2,T20_084,train,True
T20_d02_084_b_2.jpg,T20,d02,084,b,2,T20_084,train,False
T20_d02_085_a_1.jpg,T20,d02,085,a,1,T20_085,test,False
T20_d02_085_b_1.jpg,T20,d02,085,b,1,T20_085,test,False
T20_d02_090_a_1.jpg,T20,d02,090,a,1,T20_090,train,False
T20_d02_090_b_1.jpg,T20,d02,090,b,1,T20_090,train,False
T20_d02_095_a_2.jpg,T20,d02,095,a,2,T20_095,train,True
T20_d02_095_b_2.jpg,T20,d02,095,b,2,T20_095,train,False
T20_d02_101_a_1.jpg,T20,d02,101,a,1,T20_101,nuevo,False
T20_d02_101_b_1.jpg,T20,d02,101,b,1,T20_101,nuevo,False
T20_d02_103_a_1.jpg,T20,d02,103,a,1,T20_103,train,True
T20_d02_103_b_1.jpg,T20,d02,103,b,1,T20_103,train,False
T20_d02_106_a_1.jpg,T20,d02,106,a,1,T20_106,train,True
T20_d02_106_b_1.jpg,T20,d02,106,b,1,T20_106,train,False
T20_d02_107_a_2.jpg,T20,d02,107,a,2,T20_107,train,False
T20_d02_107_b_2.jpg,T20,d02,107,b,2,T20_107,train,False
T20_d02_112_a_1.jpg,T20,d02,112,a,1,T20_112,train,False
T20_d02_112_b_1.jpg,T20,d02,112,b,1,T20_112,train,False
T20_d02_114_a_1.jpg,T20,d02,114,a,1,T20_114,train,False
T20_d02_114_b_1.jpg,T20,d02,114,b,1,T20_114,train,False
T20_d02_115_a_1.jpg,T20,d02,115,a,1,T20_115,train,True
T20_d02_115_b_1.jpg,T20,d02,115,b,1,T20_115,train,False
T20_d02_116_a_1.jpg,T20,d02,116,a,1,T20_116,nuevo,False
T20_d02_116_b_1.jpg,T20,d02,116,b,1,T20_116,nuevo,False
T20_d02_123_a_2.jpg,T20,d02,123,a,2,T20_123,nuevo,False
T20_d02_123_b_2.jpg,T20,d02,123,b,2,T20_123,nuevo,False
T20_d02_132_a_2.jpg,T20,d02,132,a,2,T20_132,train,True
T20_d02_132_b_2.jpg,T20,d02,132,b,2,T20_132,train,True
T20_d02_137_a_1.jpg,T20,d02,137,a,1,T20_137,train,False
T20_d02_137_b_1.jpg,T20,d02,137,b,1,T20_137,train,True
T20_d02_143_a_2.jpg,T20,d02,143,a,2,T20_143,train,False
T20_d02_143_b_2.jpg,T20,d02,143,b,2,T20_143,train,False
T20_d02_146_a_2.jpg,T20,d02,146,a,2,T20_146,train,False
T20_d02_146_b_2.jpg,T20,d02,146,b,2,T20_146,train,False
T20_d02_150_a_2.jpg,T20,d02,150,a,2,T20_150,train,False
T20_d02_150_b_2.jpg,T20,d02,150,b,2,T20_150,train,False
T20_d02_151_a_2.jpg,T20,d02,151,a,2,T20_151,val,True
T20_d02_151_b_2.jpg,T20,d02,151,b,2,T20_151,val,False
T20_d02_153_a_1.jpg,T20,d02,153,a,1,T20_153,val,True
T20_d02_153_b_1.jpg,T20,d02,153,b,1,T20_153,val,False
T20_d02_155_a_1.jpg,T20,d02,155,a,1,T20_155,train,False
T20_d02_155_b_1.jpg,T20,d02,155,b,1,T20_155,train,False
T20_d02_161_a_1.jpg,T20,d02,161,a,1,T20_161,test,False
T20_d02_161_b_1.jpg,T20,d02,161,b,1,T20_161,test,False
T20_d02_170_a_2.jpg,T20,d02,170,a,2,T20_170,train,False
T20_d02_170_b_2.jpg,T20,d02,170,b,2,T20_170,train,False
T20_d02_174_a_2.jpg,T20,d02,174,a,2,T20_174,train,True
T20_d02_174_b_2.jpg,T20,d02,174,b,2,T20_174,train,False
T20_d02_176_a_1.jpg,T20,d02,176,a,1,T20_176,val,False
T20_d02_176_b_1.jpg,T20,d02,176,b,1,T20_176,val,False
T20_d02_177_a_1.jpg,T20,d02,177,a,1,T20_177,train,False
T20_d02_177_b_1.jpg,T20,d02,177,b,1,T20_177,train,False
T20_d02_178_a_1.jpg,T20,d02,178,a,1,T20_178,nuevo,False
T20_d02_178_b_1.jpg,T20,d02,178,b,1,T20_178,nuevo,False
T20_d02_183_a_2.jpg,T20,d02,183,a,2,T20_183,train,False
T20_d02_183_b_2.jpg,T20,d02,183,b,2,T20_183,train,False
T20_d02_185_a_1.jpg,T20,d02,185,a,1,T20_185,train,False
T20_d02_185_b_1.jpg,T20,d02,185,b,1,T20_185,train,False
T20_d02_187_a_1.jpg,T20,d02,187,a,1,T20_187,train,True
T20_d02_187_b_1.jpg,T20,d02,187,b,1,T20_187,train,False
T20_d02_188_a_2.jpg,T20,d02,188,a,2,T20_188,train,False
T20_d02_188_b_2.jpg,T20,d02,188,b,2,T20_188,train,False
T20_d02_190_a_2.jpg,T20,d02,190,a,2,T20_190,test,False
T20_d02_190_b_2.jpg,T20,d02,190,b,2,T20_190,test,False
T20_d02_192_a_1.jpg,T20,d02,192,a,1,T20_192,nuevo,False
T20_d02_192_b_1.jpg,T20,d02,192,b,1,T20_192,nuevo,False
T20_d02_199_a_1.jpg,T20,d02,199,a,1,T20_199,val,False
T20_d02_199_b_1.jpg,T20,d02,199,b,1,T20_199,val,False
T20_d02_212_a_1.jpg,T20,d02,212,a,1,T20_212,train,False
T20_d02_212_b_1.jpg,T20,d02,212,b,1,T20_212,train,False
T20_d02_214_a_1.jpg,T20,d02,214,a,1,T20_214,train,False
T20_d02_214_b_1.jpg,T20,d02,214,b,1,T20_214,train,False
T20_d02_222_a_1.jpg,T20,d02,222,a,1,T20_222,train,False
T20_d02_222_b_1.jpg,T20,d02,222,b,1,T20_222,train,False
T20_d02_224_a_1.jpg,T20,d02,224,a,1,T20_224,val,False
T20_d02_224_b_1.jpg,T20,d02,224,b,1,T20_224,val,False
T20_d02_225_a_1.jpg,T20,d02,225,a,1,T20_225,train,False
T20_d02_225_b_1.jpg,T20,d02,225,b,1,T20_225,train,False
T20_d02_226_a_2.jpg,T20,d02,226,a,2,T20_226,train,False
T20_d02_226_b_2.jpg,T20,d02,226,b,2,T20_226,train,True
T20_d02_228_a_1.jpg,T20,d02,228,a,1,T20_228,test,False
T20_d02_228_b_1.jpg,T20,d02,228,b,1,T20_228,test,False
T20_d02_232_a_1.jpg,T20,d02,232,a,1,T20_232,nuevo,False
T20_d02_232_b_1.jpg,T20,d02,232,b,1,T20_232,nuevo,False
T20_d02_239_a_1.jpg,T20,d02,239,a,1,T20_239,val,False
T20_d02_239_b_1.jpg,T20,d02,239,b,1,T20_239,val,False
T20_d02_240_a_1.jpg,T20,d02,240,a,1,T20_240,test,False
T20_d02_240_b_1.jpg,T20,d02,240,b,1,T20_240,test,False
T20_d02_244_a_1.jpg,T20,d02,244,a,1,T20_244,train,False
T20_d02_244_b_1.jpg,T20,d02,244,b,1,T20_244,train,False
T20_d02_255_a_1.jpg,T20,d02,255,a,1,T20_255,train,False
T20_d02_255_b_1.jpg,T20,d02,255,b,1,T20_255,train,False
T20_d02_256_a_1.jpg,T20,d02,256,a,1,T20_256,train,False
T20_d02_256_b_1.jpg,T20,d02,256,b,1,T20_256,train,False
T20_d02_258_a_2.jpg,T20,d02,258,a,2,T20_258,train,False
T20_d02_258_b_2.jpg,T20,d02,258,b,2,T20_258,train,False
T20_d02_259_a_2.jpg,T20,d02,259,a,2,T20_259,train,False
T20_d02_259_b_2.jpg,T20,d02,259,b,2,T20_259,train,False
T20_d02_260_a_1.jpg,T20,d02,260,a,1,T20_260,train,False
T20_d02_260_b_1.jpg,T20,d02,260,b,1,T20_260,train,False
T20_d02_263_a_1.jpg,T20,d02,263,a,1,T20_263,train,True
T20_d02_263_b_1.jpg,T20,d02,263,b,1,T20_263,train,False
T20_d02_265_a_1.jpg,T20,d02,265,a,1,T20_265,train,False
T20_d02_265_b_1.jpg,T20,d02,265,b,1,T20_265,train,False
T20_d02_267_a_2.jpg,T20,d02,267,a,2,T20_267,train,False
T20_d02_267_b_2.jpg,T20,d02,267,b,2,T20_267,train,False
T20_d02_268_a_1.jpg,T20,d02,268,a,1,T20_268,train,False
T20_d02_268_b_1.jpg,T20,d02,268,b,1,T20_268,train,False
T20_d02_272_a_1.jpg,T20,d02,272,a,1,T20_272,train,False
T20_d02_272_b_1.jpg,T20,d02,272,b,1,T20_272,train,False
T20_d02_277_a_1.jpg,T20,d02,277,a,1,T20_277,train,False
T20_d02_277_b_1.jpg,T20,d02,277,b,1,T20_277,train,False
T20_d02_279_a_1.jpg,T20,d02,279,a,1,T20_279,test,True
T20_d02_279_b_1.jpg,T20,d02,279,b,1,T20_279,test,False
T20_d02_287_a_2.jpg,T20,d02,287,a,2,T20_287,train,False
T20_d02_287_b_2.jpg,T20,d02,287,b,2,T20_287,train,False
T20_d02_288_a_1.jpg,T20,d02,288,a,1,T20_288,train,False
T20_d02_288_b_1.jpg,T20,d02,288,b,1,T20_288,train,False
T20_d02_289_a_2.jpg,T20,d02,289,a,2,T20_289,test,False
T20_d02_289_b_2.jpg,T20,d02,289,b,2,T20_289,test,False
T20_d02_291_a_1.jpg,T20,d02,291,a,1,T20_291,val,False
T20_d02_291_b_1.jpg,T20,d02,291,b,1,T20_291,val,False
T20_d02_293_a_2.jpg,T20,d02,293,a,2,T20_293,train,False
T20_d02_293_b_2.jpg,T20,d02,293,b,2,T20_293,train,False
T20_d02_300_a_1.jpg,T20,d02,300,a,1,T20_300,train,False
T20_d02_300_b_1.jpg,T20,d02,300,b,1,T20_300,train,False
T20_d02_305_a_1.jpg,T20,d02,305,a,1,T20_305,nuevo,False
T20_d02_305_b_1.jpg,T20,d02,305,b,1,T20_305,nuevo,False
T20_d02_309_a_1.jpg,T20,d02,309,a,1,T20_309,val,False
T20_d02_309_b_1.jpg,T20,d02,309,b,1,T20_309,val,False
T20_d02_311_a_1.jpg,T20,d02,311,a,1,T20_311,train,False
T20_d02_311_b_1.jpg,T20,d02,311,b,1,T20_311,train,True
T20_d02_313_a_2.jpg,T20,d02,313,a,2,T20_313,test,False
T20_d02_313_b_2.jpg,T20,d02,313,b,2,T20_313,test,False
T20_d02_316_a_2.jpg,T20,d02,316,a,2,T20_316,train,False
T20_d02_316_b_2.jpg,T20,d02,316,b,2,T20_316,train,False
T20_d02_321_a_1.jpg,T20,d02,321,a,1,T20_321,val,False
T20_d02_321_b_1.jpg,T20,d02,321,b,1,T20_321,val,True
T20_d02_322_a_1.jpg,T20,d02,322,a,1,T20_322,train,False
T20_d02_322_b_1.jpg,T20,d02,322,b,1,T20_322,train,False
T20_d02_324_a_1.jpg,T20,d02,324,a,1,T20_324,train,False
T20_d02_324_b_1.jpg,T20,d02,324,b,1,T20_324,train,False
T20_d02_332_a_1.jpg,T20,d02,332,a,1,T20_332,train,False
T20_d02_332_b_1.jpg,T20,d02,332,b,1,T20_332,train,False
T20_d02_334_a_2.jpg,T20,d02,334,a,2,T20_334,val,False
T20_d02_334_b_2.jpg,T20,d02,334,b,2,T20_334,val,False
T20_d02_346_a_2.jpg,T20,d02,346,a,2,T20_346,train,False
T20_d02_346_b_2.jpg,T20,d02,346,b,2,T20_346,train,False
T20_d02_347_a_1.jpg,T20,d02,347,a,1,T20_347,train,False
T20_d02_347_b_1.jpg,T20,d02,347,b,1,T20_347,train,False
T20_d02_352_a_1.jpg,T20,d02,352,a,1,T20_352,nuevo,False
T20_d02_352_b_1.jpg,T20,d02,352,b,1,T20_352,nuevo,False
T20_d02_354_a_2.jpg,T20,d02,354,a,2,T20_354,train,False
T20_d02_354_b_2.jpg,T20,d02,354,b,2,T20_354,train,False
T20_d02_360_a_1.jpg,T20,d02,360,a,1,T20_360,test,True
T20_d02_360_b_1.jpg,T20,d02,360,b,1,T20_360,test,False
T20_d02_361_a_2.jpg,T20,d02,361,a,2,T20_361,nuevo,False
T20_d02_361_b_2.jpg,T20,d02,361,b,2,T20_361,nuevo,False
T20_d02_363_a_1.jpg,T20,d02,363,a,1,T20_363,val,False
T20_d02_363_b_1.jpg,T20,d02,363,b,1,T20_363,val,False
T20_d02_369_a_1.jpg,T20,d02,369,a,1,T20_369,train,False
T20_d02_369_b_1.jpg,T20,d02,369,b,1,T20_369,train,False
T20_d02_371_a_1.jpg,T20,d02,371,a,1,T20_371,val,False
T20_d02_371_b_1.jpg,T20,d02,371,b,1,T20_371,val,False
T20_d02_378_a_1.jpg,T20,d02,378,a,1,T20_378,train,False
T20_d02_378_b_1.jpg,T20,d02,378,b,1,T20_378,train,False
T20_d02_383_a_1.jpg,T20,d02,383,a,1,T20_383,val,False
T20_d02_383_b_1.jpg,T20,d02,383,b,1,T20_383,val,False
T20_d02_384_a_1.jpg,T20,d02,384,a,1,T20_384,train,False
T20_d02_384_b_1.jpg,T20,d02,384,b,1,T20_384,train,False
T20_d02_386_a_2.jpg,T20,d02,386,a,2,T20_386,train,False
T20_d02_386_b_2.jpg,T20,d02,386,b,2,T20_386,train,True
T20_d02_388_a_1.jpg,T20,d02,388,a,1,T20_388,train,False
T20_d02_388_b_1.jpg,T20,d02,388,b,1,T20_388,train,False
T20_d02_389_a_1.jpg,T20,d02,389,a,1,T20_389,train,False
T20_d02_389_b_1.jpg,T20,d02,389,b,1,T20_389,train,False
T20_d02_390_a_1.jpg,T20,d02,390,a,1,T20_390,train,False
T20_d02_390_b_1.jpg,T20,d02,390,b,1,T20_390,train,False
T20_d02_391_a_1.jpg,T20,d02,391,a,1,T20_391,train,True
T20_d02_391_b_1.jpg,T20,d02,391,b,1,T20_391,train,False
T20_d02_394_a_2.jpg,T20,d02,394,a,2,T20_394,nuevo,False
T20_d02_394_b_2.jpg,T20,d02,394,b,2,T20_394,nuevo,False
T20_d02_409_a_1.jpg,T20,d02,409,a,1,T20_409,train,False
T20_d02_409_b_1.jpg,T20,d02,409,b,1,T20_409,train,False
T20_d02_412_a_2.jpg,T20,d02,412,a,2,T20_412,nuevo,False
T20_d02_412_b_2.jpg,T20,d02,412,b,2,T20_412,nuevo,False
T20_d02_421_a_2.jpg,T20,d02,421,a,2,T20_421,train,False
T20_d02_421_b_2.jpg,T20,d02,421,b,2,T20_421,train,False
T20_d02_423_a_1.jpg,T20,d02,423,a,1,T20_423,train,False
T20_d02_423_b_1.jpg,T20,d02,423,b,1,T20_423,train,False
T20_d02_426_a_2.jpg,T20,d02,426,a,2,T20_426,train,True
T20_d02_426_b_2.jpg,T20,d02,426,b,2,T20_426,train,True
T20_d02_431_a_2.jpg,T20,d02,431,a,2,T20_431,train,False
T20_d02_431_b_2.jpg,T20,d02,431,b,2,T20_431,train,False
T20_d02_432_a_1.jpg,T20,d02,432,a,1,T20_432,nuevo,False
T20_d02_432_b_1.jpg,T20,d02,432,b,1,T20_432,nuevo,False
T20_d02_433_a_1.jpg,T20,d02,433,a,1,T20_433,nuevo,False
T20_d02_433_b_1.jpg,T20,d02,433,b,1,T20_433,nuevo,False
T20_d02_435_a_2.jpg,T20,d02,435,a,2,T20_435,train,False
T20_d02_435_b_2.jpg,T20,d02,435,b,2,T20_435,train,False
T20_d02_438_a_1.jpg,T20,d02,438,a,1,T20_438,train,False
T20_d02_438_b_1.jpg,T20,d02,438,b,1,T20_438,train,False
T20_d02_439_a_1.jpg,T20,d02,439,a,1,T20_439,train,False
T20_d02_439_b_1.jpg,T20,d02,439,b,1,T20_439,train,False
T20_d02_440_a_1.jpg,T20,d02,440,a,1,T20_440,nuevo,False
T20_d02_440_b_1.jpg,T20,d02,440,b,1,T20_440,nuevo,False
T20_d02_443_a_1.jpg,T20,d02,443,a,1,T20_443,train,False
T20_d02_443_b_1.jpg,T20,d02,443,b,1,T20_443,train,False
T20_d02_453_a_2.jpg,T20,d02,453,a,2,T20_453,val,False
T20_d02_453_b_2.jpg,T20,d02,453,b,2,T20_453,val,True
T20_d02_455_a_2.jpg,T20,d02,455,a,2,T20_455,nuevo,False
T20_d02_455_b_2.jpg,T20,d02,455,b,2,T20_455,nuevo,False
T20_d02_461_a_1.jpg,T20,d02,461,a,1,T20_461,train,False
T20_d02_461_b_1.jpg,T20,d02,461,b,1,T20_461,train,False
T20_d02_462_a_1.jpg,T20,d02,462,a,1,T20_462,test,False
T20_d02_462_b_1.jpg,T20,d02,462,b,1,T20_462,test,False
T20_d02_463_a_1.jpg,T20,d02,463,a,1,T20_463,train,False
T20_d02_463_b_1.jpg,T20,d02,463,b,1,T20_463,train,False
T20_d02_464_a_2.jpg,T20,d02,464,a,2,T20_464,train,False
T20_d02_464_b_2.jpg,T20,d02,464,b,2,T20_464,train,False
T20_d02_468_a_2.jpg,T20,d02,468,a,2,T20_468,test,False
T20_d02_468_b_2.jpg,T20,d02,468,b,2,T20_468,test,False
T20_d02_469_a_1.jpg,T20,d02,469,a,1,T20_469,train,False
T20_d02_469_b_1.jpg,T20,d02,469,b,1,T20_469,train,False
T20_d02_477_a_1.jpg,T20,d02,477,a,1,T20_477,train,False
T20_d02_477_b_1.jpg,T20,d02,477,b,1,T20_477,train,False
T20_d03_001_a_2.jpg,T20,d03,001,a,2,T20_001,train,False
T20_d03_001_b_2.jpg,T20,d03,001,b,2,T20_001,train,False
T20_d03_004_a_2.jpg,T20,d03,004,a,2,T20_004,train,False
T20_d03_004_b_2.jpg,T20,d03,004,b,2,T20_004,train,False
T20_d03_005_a_2.jpg,T20,d03,005,a,2,T20_005,train,False
T20_d03_005_b_2.jpg,T20,d03,005,b,2,T20_005,train,False
T20_d03_006_a_2.jpg,T20,d03,006,a,2,T20_006,val,False
T20_d03_006_b_2.jpg,T20,d03,006,b,2,T20_006,val,False
T20_d03_008_a_2.jpg,T20,d03,008,a,2,T20_008,train,False
T20_d03_008_b_2.jpg,T20,d03,008,b,2,T20_008,train,False
T20_d03_010_a_2.jpg,T20,d03,010,a,2,T20_010,val,False
T20_d03_010_b_2.jpg,T20,d03,010,b,2,T20_010,val,False
T20_d03_020_a_1.jpg,T20,d03,020,a,1,T20_020,test,True
T20_d03_020_b_1.jpg,T20,d03,020,b,1,T20_020,test,True
T20_d03_023_a_2.jpg,T20,d03,023,a,2,T20_023,nuevo,False
T20_d03_023_b_2.jpg,T20,d03,023,b,2,T20_023,nuevo,False
T20_d03_024_a_2.jpg,T20,d03,024,a,2,T20_024,nuevo,False
T20_d03_024_b_2.jpg,T20,d03,024,b,2,T20_024,nuevo,False
T20_d03_025_a_2.jpg,T20,d03,025,a,2,T20_025,train,False
T20_d03_025_b_2.jpg,T20,d03,025,b,2,T20_025,train,False
T20_d03_029_a_2.jpg,T20,d03,029,a,2,T20_029,train,False
T20_d03_029_b_2.jpg,T20,d03,029,b,2,T20_029,train,False
T20_d03_031_a_2.jpg,T20,d03,031,a,2,T20_031,nuevo,False
T20_d03_031_b_2.jpg,T20,d03,031,b,2,T20_031,nuevo,False
T20_d03_032_a_2.jpg,T20,d03,032,a,2,T20_032,train,False
T20_d03_032_b_2.jpg,T20,d03,032,b,2,T20_032,train,False
T20_d03_036_a_2.jpg,T20,d03,036,a,2,T20_036,nuevo,False
T20_d03_036_b_2.jpg,T20,d03,036,b,2,T20_036,nuevo,False
T20_d03_040_a_2.jpg,T20,d03,040,a,2,T20_040,train,False
T20_d03_040_b_2.jpg,T20,d03,040,b,2,T20_040,train,False
T20_d03_042_a_2.jpg,T20,d03,042,a,2,T20_042,train,False
T20_d03_042_b_2.jpg,T20,d03,042,b,2,T20_042,train,False
T20_d03_043_a_2.jpg,T20,d03,043,a,2,T20_043,nuevo,False
T20_d03_043_b_2.jpg,T20,d03,043,b,2,T20_043,nuevo,False
T20_d03_049_a_2.jpg,T20,d03,049,a,2,T20_049,train,False
T20_d03_049_b_2.jpg,T20,d03,049,b,2,T20_049,train,False
T20_d03_050_a_2.jpg,T20,d03,050,a,2,T20_050,train,False
T20_d03_050_b_2.jpg,T20,d03,050,b,2,T20_050,train,False
T20_d03_060_a_2.jpg,T20,d03,060,a,2,T20_060,train,False
T20_d03_060_b_2.jpg,T20,d03,060,b,2,T20_060,train,False
T20_d03_063_a_2.jpg,T20,d03,063,a,2,T20_063,val,False
T20_d03_063_b_2.jpg,T20,d03,063,b,2,T20_063,val,False
T20_d03_071_a_2.jpg,T20,d03,071,a,2,T20_071,train,False
T20_d03_071_b_2.jpg,T20,d03,071,b,2,T20_071,train,True
T20_d03_075_a_2.jpg,T20,d03,075,a,2,T20_075,val,False
T20_d03_075_b_2.jpg,T20,d03,075,b,2,T20_075,val,False
T20_d03_076_a_2.jpg,T20,d03,076,a,2,T20_076,train,False
T20_d03_076_b_2.jpg,T20,d03,076,b,2,T20_076,train,False
T20_d03_084_a_2.jpg,T20,d03,084,a,2,T20_084,train,False
T20_d03_084_b_2.jpg,T20,d03,084,b,2,T20_084,train,False
T20_d03_085_a_2.jpg,T20,d03,085,a,2,T20_085,test,False
T20_d03_085_b_2.jpg,T20,d03,085,b,2,T20_085,test,False
T20_d03_090_a_2.jpg,T20,d03,090,a,2,T20_090,train,True
T20_d03_090_b_2.jpg,T20,d03,090,b,2,T20_090,train,False
T20_d03_095_a_2.jpg,T20,d03,095,a,2,T20_095,train,False
T20_d03_095_b_2.jpg,T20,d03,095,b,2,T20_095,train,False
T20_d03_101_a_2.jpg,T20,d03,101,a,2,T20_101,nuevo,False
T20_d03_101_b_2.jpg,T20,d03,101,b,2,T20_101,nuevo,False
T20_d03_103_a_2.jpg,T20,d03,103,a,2,T20_103,train,False
T20_d03_103_b_2.jpg,T20,d03,103,b,2,T20_103,train,False
T20_d03_106_a_2.jpg,T20,d03,106,a,2,T20_106,train,False
T20_d03_106_b_2.jpg,T20,d03,106,b,2,T20_106,train,False
T20_d03_107_a_2.jpg,T20,d03,107,a,2,T20_107,train,False
T20_d03_107_b_2.jpg,T20,d03,107,b,2,T20_107,train,False
T20_d03_112_a_2.jpg,T20,d03,112,a,2,T20_112,train,False
T20_d03_112_b_2.jpg,T20,d03,112,b,2,T20_112,train,False
T20_d03_114_a_1.jpg,T20,d03,114,a,1,T20_114,train,False
T20_d03_114_b_1.jpg,T20,d03,114,b,1,T20_114,train,False
T20_d03_115_a_1.jpg,T20,d03,115,a,1,T20_115,train,False
T20_d03_115_b_1.jpg,T20,d03,115,b,1,T20_115,train,False
T20_d03_116_a_2.jpg,T20,d03,116,a,2,T20_116,nuevo,False
T20_d03_116_b_2.jpg,T20,d03,116,b,2,T20_116,nuevo,False
T20_d03_123_a_2.jpg,T20,d03,123,a,2,T20_123,nuevo,False
T20_d03_123_b_2.jpg,T20,d03,123,b,2,T20_123,nuevo,False
T20_d03_132_a_2.jpg,T20,d03,132,a,2,T20_132,train,False
T20_d03_132_b_2.jpg,T20,d03,132,b,2,T20_132,train,False
T20_d03_137_a_2.jpg,T20,d03,137,a,2,T20_137,train,True
T20_d03_137_b_2.jpg,T20,d03,137,b,2,T20_137,train,True
T20_d03_141_a_2.jpg,T20,d03,141,a,2,T20_141,test,False
T20_d03_141_b_2.jpg,T20,d03,141,b,2,T20_141,test,False
T20_d03_143_a_2.jpg,T20,d03,143,a,2,T20_143,train,False
T20_d03_143_b_2.jpg,T20,d03,143,b,2,T20_143,train,False
T20_d03_146_a_2.jpg,T20,d03,146,a,2,T20_146,train,False
T20_d03_146_b_2.jpg,T20,d03,146,b,2,T20_146,train,False
T20_d03_150_a_2.jpg,T20,d03,150,a,2,T20_150,train,False
T20_d03_150_b_2.jpg,T20,d03,150,b,2,T20_150,train,False
T20_d03_151_a_2.jpg,T20,d03,151,a,2,T20_151,val,False
T20_d03_151_b_2.jpg,T20,d03,151,b,2,T20_151,val,False
T20_d03_153_a_2.jpg,T20,d03,153,a,2,T20_153,val,False
T20_d03_153_b_2.jpg,T20,d03,153,b,2,T20_153,val,False
T20_d03_155_a_2.jpg,T20,d03,155,a,2,T20_155,train,False
T20_d03_155_b_2.jpg,T20,d03,155,b,2,T20_155,train,False
T20_d03_161_a_2.jpg,T20,d03,161,a,2,T20_161,test,False
T20_d03_161_b_2.jpg,T20,d03,161,b,2,T20_161,test,False
T20_d03_170_a_2.jpg,T20,d03,170,a,2,T20_170,train,False
T20_d03_170_b_2.jpg,T20,d03,170,b,2,T20_170,train,False
T20_d03_174_a_2.jpg,T20,d03,174,a,2,T20_174,train,False
T20_d03_174_b_2.jpg,T20,d03,174,b,2,T20_174,train,False
T20_d03_176_a_1.jpg,T20,d03,176,a,1,T20_176,val,False
T20_d03_176_b_1.jpg,T20,d03,176,b,1,T20_176,val,False
T20_d03_177_a_2.jpg,T20,d03,177,a,2,T20_177,train,False
T20_d03_177_b_2.jpg,T20,d03,177,b,2,T20_177,train,False
T20_d03_178_a_2.jpg,T20,d03,178,a,2,T20_178,nuevo,False
T20_d03_178_b_2.jpg,T20,d03,178,b,2,T20_178,nuevo,False
T20_d03_183_a_2.jpg,T20,d03,183,a,2,T20_183,train,False
T20_d03_183_b_2.jpg,T20,d03,183,b,2,T20_183,train,False
T20_d03_185_a_2.jpg,T20,d03,185,a,2,T20_185,train,False
T20_d03_185_b_2.jpg,T20,d03,185,b,2,T20_185,train,False
T20_d03_187_a_2.jpg,T20,d03,187,a,2,T20_187,train,False
T20_d03_187_b_2.jpg,T20,d03,187,b,2,T20_187,train,False
T20_d03_188_a_2.jpg,T20,d03,188,a,2,T20_188,train,False
T20_d03_188_b_2.jpg,T20,d03,188,b,2,T20_188,train,False
T20_d03_190_a_2.jpg,T20,d03,190,a,2,T20_190,test,False
T20_d03_190_b_2.jpg,T20,d03,190,b,2,T20_190,test,True
T20_d03_199_a_2.jpg,T20,d03,199,a,2,T20_199,val,False
T20_d03_199_b_2.jpg,T20,d03,199,b,2,T20_199,val,True
T20_d03_214_a_2.jpg,T20,d03,214,a,2,T20_214,train,False
T20_d03_214_b_2.jpg,T20,d03,214,b,2,T20_214,train,False
T20_d03_222_a_1.jpg,T20,d03,222,a,1,T20_222,train,False
T20_d03_222_b_1.jpg,T20,d03,222,b,1,T20_222,train,True
T20_d03_224_a_2.jpg,T20,d03,224,a,2,T20_224,val,False
T20_d03_224_b_2.jpg,T20,d03,224,b,2,T20_224,val,False
T20_d03_225_a_2.jpg,T20,d03,225,a,2,T20_225,train,False
T20_d03_225_b_2.jpg,T20,d03,225,b,2,T20_225,train,False
T20_d03_226_a_2.jpg,T20,d03,226,a,2,T20_226,train,False
T20_d03_226_b_2.jpg,T20,d03,226,b,2,T20_226,train,False
T20_d03_228_a_1.jpg,T20,d03,228,a,1,T20_228,test,False
T20_d03_228_b_1.jpg,T20,d03,228,b,1,T20_228,test,False
T20_d03_232_a_2.jpg,T20,d03,232,a,2,T20_232,nuevo,False
T20_d03_232_b_2.jpg,T20,d03,232,b,2,T20_232,nuevo,False
T20_d03_239_a_2.jpg,T20,d03,239,a,2,T20_239,val,False
T20_d03_239_b_2.jpg,T20,d03,239,b,2,T20_239,val,True
T20_d03_240_a_2.jpg,T20,d03,240,a,2,T20_240,test,False
T20_d03_240_b_2.jpg,T20,d03,240,b,2,T20_240,test,False
T20_d03_244_a_2.jpg,T20,d03,244,a,2,T20_244,train,False
T20_d03_244_b_2.jpg,T20,d03,244,b,2,T20_244,train,False
T20_d03_255_a_2.jpg,T20,d03,255,a,2,T20_255,train,True
T20_d03_255_b_2.jpg,T20,d03,255,b,2,T20_255,train,False
T20_d03_256_a_2.jpg,T20,d03,256,a,2,T20_256,train,False
T20_d03_256_b_2.jpg,T20,d03,256,b,2,T20_256,train,True
T20_d03_258_a_2.jpg,T20,d03,258,a,2,T20_258,train,False
T20_d03_258_b_2.jpg,T20,d03,258,b,2,T20_258,train,False
T20_d03_259_a_2.jpg,T20,d03,259,a,2,T20_259,train,False
T20_d03_259_b_2.jpg,T20,d03,259,b,2,T20_259,train,False
T20_d03_260_a_2.jpg,T20,d03,260,a,2,T20_260,train,False
T20_d03_260_b_2.jpg,T20,d03,260,b,2,T20_260,train,False
T20_d03_263_a_2.jpg,T20,d03,263,a,2,T20_263,train,False
T20_d03_263_b_2.jpg,T20,d03,263,b,2,T20_263,train,False
T20_d03_265_a_2.jpg,T20,d03,265,a,2,T20_265,train,True
T20_d03_265_b_2.jpg,T20,d03,265,b,2,T20_265,train,False
T20_d03_267_a_2.jpg,T20,d03,267,a,2,T20_267,train,False
T20_d03_267_b_2.jpg,T20,d03,267,b,2,T20_267,train,False
T20_d03_268_a_1.jpg,T20,d03,268,a,1,T20_268,train,False
T20_d03_268_b_1.jpg,T20,d03,268,b,1,T20_268,train,False
T20_d03_272_a_2.jpg,T20,d03,272,a,2,T20_272,train,True
T20_d03_272_b_2.jpg,T20,d03,272,b,2,T20_272,train,False
T20_d03_277_a_2.jpg,T20,d03,277,a,2,T20_277,train,False
T20_d03_277_b_2.jpg,T20,d03,277,b,2,T20_277,train,False
T20_d03_279_a_2.jpg,T20,d03,279,a,2,T20_279,test,False
T20_d03_279_b_2.jpg,T20,d03,279,b,2,T20_279,test,False
T20_d03_287_a_2.jpg,T20,d03,287,a,2,T20_287,train,False
T20_d03_287_b_2.jpg,T20,d03,287,b,2,T20_287,train,False
T20_d03_288_a_2.jpg,T20,d03,288,a,2,T20_288,train,False
T20_d03_288_b_2.jpg,T20,d03,288,b,2,T20_288,train,False
T20_d03_289_a_2.jpg,T20,d03,289,a,2,T20_289,test,False
T20_d03_289_b_2.jpg,T20,d03,289,b,2,T20_289,test,False
T20_d03_291_a_2.jpg,T20,d03,291,a,2,T20_291,val,False
T20_d03_291_b_2.jpg,T20,d03,291,b,2,T20_291,val,False
T20_d03_293_a_2.jpg,T20,d03,293,a,2,T20_293,train,False
T20_d03_293_b_2.jpg,T20,d03,293,b,2,T20_293,train,False
T20_d03_300_a_2.jpg,T20,d03,300,a,2,T20_300,train,False
T20_d03_300_b_2.jpg,T20,d03,300,b,2,T20_300,train,False
T20_d03_305_a_2.jpg,T20,d03,305,a,2,T20_305,nuevo,False
T20_d03_305_b_2.jpg,T20,d03,305,b,2,T20_305,nuevo,False
T20_d03_309_a_2.jpg,T20,d03,309,a,2,T20_309,val,False
T20_d03_309_b_2.jpg,T20,d03,309,b,2,T20_309,val,False
T20_d03_311_a_2.jpg,T20,d03,311,a,2,T20_311,train,False
T20_d03_311_b_2.jpg,T20,d03,311,b,2,T20_311,train,False
T20_d03_313_a_2.jpg,T20,d03,313,a,2,T20_313,test,False
T20_d03_313_b_2.jpg,T20,d03,313,b,2,T20_313,test,False
T20_d03_316_a_2.jpg,T20,d03,316,a,2,T20_316,train,True
T20_d03_316_b_2.jpg,T20,d03,316,b,2,T20_316,train,False
T20_d03_321_a_2.jpg,T20,d03,321,a,2,T20_321,val,False
T20_d03_321_b_2.jpg,T20,d03,321,b,2,T20_321,val,False
T20_d03_322_a_2.jpg,T20,d03,322,a,2,T20_322,train,False
T20_d03_322_b_2.jpg,T20,d03,322,b,2,T20_322,train,False
T20_d03_324_a_2.jpg,T20,d03,324,a,2,T20_324,train,False
T20_d03_324_b_2.jpg,T20,d03,324,b,2,T20_324,train,False
T20_d03_332_a_2.jpg,T20,d03,332,a,2,T20_332,train,False
T20_d03_332_b_2.jpg,T20,d03,332,b,2,T20_332,train,True
T20_d03_334_a_2.jpg,T20,d03,334,a,2,T20_334,val,True
T20_d03_334_b_2.jpg,T20,d03,334,b,2,T20_334,val,False
T20_d03_346_a_2.jpg,T20,d03,346,a,2,T20_346,train,False
T20_d03_346_b_2.jpg,T20,d03,346,b,2,T20_346,train,False
T20_d03_347_a_1.jpg,T20,d03,347,a,1,T20_347,train,False
T20_d03_347_b_1.jpg,T20,d03,347,b,1,T20_347,train,False
T20_d03_352_a_2.jpg,T20,d03,352,a,2,T20_352,nuevo,False
T20_d03_352_b_2.jpg,T20,d03,352,b,2,T20_352,nuevo,False
T20_d03_354_a_2.jpg,T20,d03,354,a,2,T20_354,train,False
T20_d03_354_b_2.jpg,T20,d03,354,b,2,T20_354,train,False
T20_d03_360_a_2.jpg,T20,d03,360,a,2,T20_360,test,False
T20_d03_360_b_2.jpg,T20,d03,360,b,2,T20_360,test,True
T20_d03_361_a_2.jpg,T20,d03,361,a,2,T20_361,nuevo,False
T20_d03_361_b_2.jpg,T20,d03,361,b,2,T20_361,nuevo,False
T20_d03_363_a_2.jpg,T20,d03,363,a,2,T20_363,val,False
T20_d03_363_b_2.jpg,T20,d03,363,b,2,T20_363,val,False
T20_d03_369_a_2.jpg,T20,d03,369,a,2,T20_369,train,False
T20_d03_369_b_2.jpg,T20,d03,369,b,2,T20_369,train,False
T20_d03_371_a_2.jpg,T20,d03,371,a,2,T20_371,val,False
T20_d03_371_b_2.jpg,T20,d03,371,b,2,T20_371,val,True
T20_d03_378_a_1.jpg,T20,d03,378,a,1,T20_378,train,False
T20_d03_378_b_1.jpg,T20,d03,378,b,1,T20_378,train,True
T20_d03_383_a_1.jpg,T20,d03,383,a,1,T20_383,val,False
T20_d03_383_b_1.jpg,T20,d03,383,b,1,T20_383,val,False
T20_d03_384_a_1.jpg,T20,d03,384,a,1,T20_384,train,False
T20_d03_384_b_1.jpg,T20,d03,384,b,1,T20_384,train,True
T20_d03_386_a_2.jpg,T20,d03,386,a,2,T20_386,train,False
T20_d03_386_b_2.jpg,T20,d03,386,b,2,T20_386,train,False
T20_d03_388_a_2.jpg,T20,d03,388,a,2,T20_388,train,False
T20_d03_388_b_2.jpg,T20,d03,388,b,2,T20_388,train,False
T20_d03_389_a_2.jpg,T20,d03,389,a,2,T20_389,train,False
T20_d03_389_b_2.jpg,T20,d03,389,b,2,T20_389,train,False
T20_d03_390_a_1.jpg,T20,d03,390,a,1,T20_390,train,False
T20_d03_390_b_1.jpg,T20,d03,390,b,1,T20_390,train,False
T20_d03_391_a_2.jpg,T20,d03,391,a,2,T20_391,train,False
T20_d03_391_b_2.jpg,T20,d03,391,b,2,T20_391,train,False
T20_d03_394_a_2.jpg,T20,d03,394,a,2,T20_394,nuevo,False
T20_d03_394_b_2.jpg,T20,d03,394,b,2,T20_394,nuevo,False
T20_d03_409_a_2.jpg,T20,d03,409,a,2,T20_409,train,False
T20_d03_409_b_2.jpg,T20,d03,409,b,2,T20_409,train,False
T20_d03_412_a_2.jpg,T20,d03,412,a,2,T20_412,nuevo,False
T20_d03_412_b_2.jpg,T20,d03,412,b,2,T20_412,nuevo,False
T20_d03_421_a_2.jpg,T20,d03,421,a,2,T20_421,train,False
T20_d03_421_b_2.jpg,T20,d03,421,b,2,T20_421,train,False
T20_d03_423_a_1.jpg,T20,d03,423,a,1,T20_423,train,False
T20_d03_423_b_1.jpg,T20,d03,423,b,1,T20_423,train,False
T20_d03_426_a_2.jpg,T20,d03,426,a,2,T20_426,train,False
T20_d03_426_b_2.jpg,T20,d03,426,b,2,T20_426,train,False
T20_d03_431_a_2.jpg,T20,d03,431,a,2,T20_431,train,False
T20_d03_431_b_2.jpg,T20,d03,431,b,2,T20_431,train,False
T20_d03_432_a_2.jpg,T20,d03,432,a,2,T20_432,nuevo,False
T20_d03_432_b_2.jpg,T20,d03,432,b,2,T20_432,nuevo,False
T20_d03_433_a_2.jpg,T20,d03,433,a,2,T20_433,nuevo,False
T20_d03_433_b_2.jpg,T20,d03,433,b,2,T20_433,nuevo,False
T20_d03_435_a_2.jpg,T20,d03,435,a,2,T20_435,train,False
T20_d03_435_b_2.jpg,T20,d03,435,b,2,T20_435,train,False
T20_d03_438_a_2.jpg,T20,d03,438,a,2,T20_438,train,False
T20_d03_438_b_2.jpg,T20,d03,438,b,2,T20_438,train,False
T20_d03_439_a_1.jpg,T20,d03,439,a,1,T20_439,train,False
T20_d03_439_b_1.jpg,T20,d03,439,b,1,T20_439,train,False
T20_d03_440_a_2.jpg,T20,d03,440,a,2,T20_440,nuevo,False
T20_d03_440_b_2.jpg,T20,d03,440,b,2,T20_440,nuevo,False
T20_d03_443_a_2.jpg,T20,d03,443,a,2,T20_443,train,False
T20_d03_443_b_2.jpg,T20,d03,443,b,2,T20_443,train,False
T20_d03_453_a_2.jpg,T20,d03,453,a,2,T20_453,val,False
T20_d03_453_b_2.jpg,T20,d03,453,b,2,T20_453,val,False
T20_d03_455_a_2.jpg,T20,d03,455,a,2,T20_455,nuevo,False
T20_d03_455_b_2.jpg,T20,d03,455,b,2,T20_455,nuevo,False
T20_d03_461_a_2.jpg,T20,d03,461,a,2,T20_461,train,False
T20_d03_461_b_2.jpg,T20,d03,461,b,2,T20_461,train,False
T20_d03_462_a_2.jpg,T20,d03,462,a,2,T20_462,test,False
T20_d03_462_b_2.jpg,T20,d03,462,b,2,T20_462,test,False
T20_d03_463_a_1.jpg,T20,d03,463,a,1,T20_463,train,False
T20_d03_463_b_1.jpg,T20,d03,463,b,1,T20_463,train,False
T20_d03_464_a_2.jpg,T20,d03,464,a,2,T20_464,train,False
T20_d03_464_b_2.jpg,T20,d03,464,b,2,T20_464,train,False
T20_d03_468_a_2.jpg,T20,d03,468,a,2,T20_468,test,True
T20_d03_468_b_2.jpg,T20,d03,468,b,2,T20_468,test,False
T20_d03_469_a_2.jpg,T20,d03,469,a,2,T20_469,train,False
T20_d03_469_b_2.jpg,T20,d03,469,b,2,T20_469,train,False
T20_d03_477_a_2.jpg,T20,d03,477,a,2,T20_477,train,False
T20_d03_477_b_2.jpg,T20,d03,477,b,2,T20_477,train,True
T20_d04_001_a_2.jpg,T20,d04,001,a,2,T20_001,train,False
T20_d04_001_b_2.jpg,T20,d04,001,b,2,T20_001,train,False
T20_d04_004_a_2.jpg,T20,d04,004,a,2,T20_004,train,False
T20_d04_004_b_2.jpg,T20,d04,004,b,2,T20_004,train,False
T20_d04_005_a_2.jpg,T20,d04,005,a,2,T20_005,train,False
T20_d04_005_b_2.jpg,T20,d04,005,b,2,T20_005,train,False
T20_d04_006_a_2.jpg,T20,d04,006,a,2,T20_006,val,False
T20_d04_006_b_2.jpg,T20,d04,006,b,2,T20_006,val,False
T20_d04_008_a_2.jpg,T20,d04,008,a,2,T20_008,train,False
T20_d04_008_b_2.jpg,T20,d04,008,b,2,T20_008,train,False
T20_d04_010_a_3.jpg,T20,d04,010,a,3,T20_010,val,False
T20_d04_010_b_3.jpg,T20,d04,010,b,3,T20_010,val,False
T20_d04_020_a_1.jpg,T20,d04,020,a,1,T20_020,test,False
T20_d04_020_b_1.jpg,T20,d04,020,b,1,T20_020,test,False
T20_d04_023_a_2.jpg,T20,d04,023,a,2,T20_023,nuevo,False
T20_d04_023_b_2.jpg,T20,d04,023,b,2,T20_023,nuevo,False
T20_d04_024_a_2.jpg,T20,d04,024,a,2,T20_024,nuevo,False
T20_d04_024_b_2.jpg,T20,d04,024,b,2,T20_024,nuevo,False
T20_d04_025_a_2.jpg,T20,d04,025,a,2,T20_025,train,False
T20_d04_025_b_2.jpg,T20,d04,025,b,2,T20_025,train,False
T20_d04_029_a_2.jpg,T20,d04,029,a,2,T20_029,train,False
T20_d04_029_b_2.jpg,T20,d04,029,b,2,T20_029,train,False
T20_d04_031_a_2.jpg,T20,d04,031,a,2,T20_031,nuevo,False
T20_d04_031_b_2.jpg,T20,d04,031,b,2,T20_031,nuevo,False
T20_d04_032_a_2.jpg,T20,d04,032,a,2,T20_032,train,False
T20_d04_032_b_2.jpg,T20,d04,032,b,2,T20_032,train,True
T20_d04_036_a_2.jpg,T20,d04,036,a,2,T20_036,nuevo,False
T20_d04_036_b_2.jpg,T20,d04,036,b,2,T20_036,nuevo,False
T20_d04_040_a_2.jpg,T20,d04,040,a,2,T20_040,train,False
T20_d04_040_b_2.jpg,T20,d04,040,b,2,T20_040,train,False
T20_d04_042_a_3.jpg,T20,d04,042,a,3,T20_042,train,False
T20_d04_042_b_3.jpg,T20,d04,042,b,3,T20_042,train,False
T20_d04_049_a_2.jpg,T20,d04,049,a,2,T20_049,train,False
T20_d04_049_b_2.jpg,T20,d04,049,b,2,T20_049,train,False
T20_d04_050_a_3.jpg,T20,d04,050,a,3,T20_050,train,False
T20_d04_050_b_3.jpg,T20,d04,050,b,3,T20_050,train,False
T20_d04_060_a_3.jpg,T20,d04,060,a,3,T20_060,train,False
T20_d04_060_b_3.jpg,T20,d04,060,b,3,T20_060,train,False
T20_d04_063_a_2.jpg,T20,d04,063,a,2,T20_063,val,False
T20_d04_063_b_2.jpg,T20,d04,063,b,2,T20_063,val,False
T20_d04_071_a_2.jpg,T20,d04,071,a,2,T20_071,train,False
T20_d04_071_b_2.jpg,T20,d04,071,b,2,T20_071,train,False
T20_d04_075_a_3.jpg,T20,d04,075,a,3,T20_075,val,False
T20_d04_075_b_3.jpg,T20,d04,075,b,3,T20_075,val,False
T20_d04_076_a_2.jpg,T20,d04,076,a,2,T20_076,train,False
T20_d04_076_b_2.jpg,T20,d04,076,b,2,T20_076,train,False
T20_d04_084_a_3.jpg,T20,d04,084,a,3,T20_084,train,False
T20_d04_084_b_3.jpg,T20,d04,084,b,3,T20_084,train,False
T20_d04_085_a_2.jpg,T20,d04,085,a,2,T20_085,test,False
T20_d04_085_b_2.jpg,T20,d04,085,b,2,T20_085,test,False
T20_d04_090_a_2.jpg,T20,d04,090,a,2,T20_090,train,False
T20_d04_090_b_2.jpg,T20,d04,090,b,2,T20_090,train,False
T20_d04_095_a_2.jpg,T20,d04,095,a,2,T20_095,train,False
T20_d04_095_b_2.jpg,T20,d04,095,b,2,T20_095,train,False
T20_d04_101_a_2.jpg,T20,d04,101,a,2,T20_101,nuevo,False
T20_d04_101_b_2.jpg,T20,d04,101,b,2,T20_101,nuevo,False
T20_d04_103_a_2.jpg,T20,d04,103,a,2,T20_103,train,False
T20_d04_103_b_2.jpg,T20,d04,103,b,2,T20_103,train,False
T20_d04_106_a_2.jpg,T20,d04,106,a,2,T20_106,train,False
T20_d04_106_b_2.jpg,T20,d04,106,b,2,T20_106,train,False
T20_d04_107_a_3.jpg,T20,d04,107,a,3,T20_107,train,False
T20_d04_107_b_3.jpg,T20,d04,107,b,3,T20_107,train,True
T20_d04_112_a_2.jpg,T20,d04,112,a,2,T20_112,train,False
T20_d04_112_b_2.jpg,T20,d04,112,b,2,T20_112,train,False
T20_d04_114_a_1.jpg,T20,d04,114,a,1,T20_114,train,False
T20_d04_114_b_1.jpg,T20,d04,114,b,1,T20_114,train,False
T20_d04_115_a_1.jpg,T20,d04,115,a,1,T20_115,train,False
T20_d04_115_b_1.jpg,T20,d04,115,b,1,T20_115,train,False
T20_d04_116_a_2.jpg,T20,d04,116,a,2,T20_116,nuevo,False
T20_d04_116_b_2.jpg,T20,d04,116,b,2,T20_116,nuevo,False
T20_d04_123_a_3.jpg,T20,d04,123,a,3,T20_123,nuevo,False
T20_d04_123_b_3.jpg,T20,d04,123,b,3,T20_123,nuevo,False
T20_d04_132_a_3.jpg,T20,d04,132,a,3,T20_132,train,False
T20_d04_132_b_3.jpg,T20,d04,132,b,3,T20_132,train,True
T20_d04_137_a_2.jpg,T20,d04,137,a,2,T20_137,train,False
T20_d04_137_b_2.jpg,T20,d04,137,b,2,T20_137,train,False
T20_d04_141_a_3.jpg,T20,d04,141,a,3,T20_141,test,False
T20_d04_141_b_3.jpg,T20,d04,141,b,3,T20_141,test,False
T20_d04_143_a_3.jpg,T20,d04,143,a,3,T20_143,train,False
T20_d04_143_b_3.jpg,T20,d04,143,b,3,T20_143,train,False
T20_d04_146_a_3.jpg,T20,d04,146,a,3,T20_146,train,False
T20_d04_146_b_3.jpg,T20,d04,146,b,3,T20_146,train,False
T20_d04_150_a_2.jpg,T20,d04,150,a,2,T20_150,train,True
T20_d04_150_b_2.jpg,T20,d04,150,b,2,T20_150,train,False
T20_d04_151_a_3.jpg,T20,d04,151,a,3,T20_151,val,False
T20_d04_151_b_3.jpg,T20,d04,151,b,3,T20_151,val,False
T20_d04_153_a_2.jpg,T20,d04,153,a,2,T20_153,val,False
T20_d04_153_b_2.jpg,T20,d04,153,b,2,T20_153,val,False
T20_d04_155_a_2.jpg,T20,d04,155,a,2,T20_155,train,False
T20_d04_155_b_2.jpg,T20,d04,155,b,2,T20_155,train,True
T20_d04_161_a_2.jpg,T20,d04,161,a,2,T20_161,test,False
T20_d04_161_b_2.jpg,T20,d04,161,b,2,T20_161,test,False
T20_d04_170_a_3.jpg,T20,d04,170,a,3,T20_170,train,True
T20_d04_170_b_3.jpg,T20,d04,170,b,3,T20_170,train,False
T20_d04_174_a_2.jpg,T20,d04,174,a,2,T20_174,train,False
T20_d04_174_b_2.jpg,T20,d04,174,b,2,T20_174,train,True
T20_d04_176_a_1.jpg,T20,d04,176,a,1,T20_176,val,False
T20_d04_176_b_1.jpg,T20,d04,176,b,1,T20_176,val,False
T20_d04_178_a_2.jpg,T20,d04,178,a,2,T20_178,nuevo,False
T20_d04_178_b_2.jpg,T20,d04,178,b,2,T20_178,nuevo,False
T20_d04_183_a_2.jpg,T20,d04,183,a,2,T20_183,train,False
T20_d04_183_b_2.jpg,T20,d04,183,b,2,T20_183,train,False
T20_d04_185_a_2.jpg,T20,d04,185,a,2,T20_185,train,False
T20_d04_185_b_2.jpg,T20,d04,185,b,2,T20_185,train,False
T20_d04_187_a_2.jpg,T20,d04,187,a,2,T20_187,train,False
T20_d04_187_b_2.jpg,T20,d04,187,b,2,T20_187,train,False
T20_d04_188_a_2.jpg,T20,d04,188,a,2,T20_188,train,False
T20_d04_188_b_2.jpg,T20,d04,188,b,2,T20_188,train,False
T20_d04_190_a_3.jpg,T20,d04,190,a,3,T20_190,test,False
T20_d04_190_b_3.jpg,T20,d04,190,b,3,T20_190,test,False
T20_d04_192_a_2.jpg,T20,d04,192,a,2,T20_192,nuevo,False
T20_d04_192_b_2.jpg,T20,d04,192,b,2,T20_192,nuevo,False
T20_d04_199_a_2.jpg,T20,d04,199,a,2,T20_199,val,False
T20_d04_199_b_2.jpg,T20,d04,199,b,2,T20_199,val,False
T20_d04_212_a_2.jpg,T20,d04,212,a,2,T20_212,train,False
T20_d04_212_b_2.jpg,T20,d04,212,b,2,T20_212,train,False
T20_d04_214_a_2.jpg,T20,d04,214,a,2,T20_214,train,False
T20_d04_214_b_2.jpg,T20,d04,214,b,2,T20_214,train,False
T20_d04_222_a_1.jpg,T20,d04,222,a,1,T20_222,train,False
T20_d04_222_b_1.jpg,T20,d04,222,b,1,T20_222,train,False
T20_d04_224_a_2.jpg,T20,d04,224,a,2,T20_224,val,False
T20_d04_224_b_2.jpg,T20,d04,224,b,2,T20_224,val,False
T20_d04_225_a_2.jpg,T20,d04,225,a,2,T20_225,train,False
T20_d04_225_b_2.jpg,T20,d04,225,b,2,T20_225,train,False
T20_d04_226_a_3.jpg,T20,d04,226,a,3,T20_226,train,False
T20_d04_226_b_3.jpg,T20,d04,226,b,3,T20_226,train,False
T20_d04_228_a_1.jpg,T20,d04,228,a,1,T20_228,test,False
T20_d04_228_b_1.jpg,T20,d04,228,b,1,T20_228,test,False
T20_d04_232_a_3.jpg,T20,d04,232,a,3,T20_232,nuevo,False
T20_d04_232_b_3.jpg,T20,d04,232,b,3,T20_232,nuevo,False
T20_d04_239_a_2.jpg,T20,d04,239,a,2,T20_239,val,False
T20_d04_239_b_2.jpg,T20,d04,239,b,2,T20_239,val,False
T20_d04_240_a_2.jpg,T20,d04,240,a,2,T20_240,test,False
T20_d04_240_b_2.jpg,T20,d04,240,b,2,T20_240,test,False
T20_d04_244_a_2.jpg,T20,d04,244,a,2,T20_244,train,True
T20_d04_244_b_2.jpg,T20,d04,244,b,2,T20_244,train,False
T20_d04_255_a_2.jpg,T20,d04,255,a,2,T20_255,train,False
T20_d04_255_b_2.jpg,T20,d04,255,b,2,T20_255,train,False
T20_d04_256_a_2.jpg,T20,d04,256,a,2,T20_256,train,True
T20_d04_256_b_2.jpg,T20,d04,256,b,2,T20_256,train,False
T20_d04_258_a_3.jpg,T20,d04,258,a,3,T20_258,train,False
T20_d04_258_b_3.jpg,T20,d04,258,b,3,T20_258,train,True
T20_d04_259_a_3.jpg,T20,d04,259,a,3,T20_259,train,False
T20_d04_259_b_3.jpg,T20,d04,259,b,3,T20_259,train,False
T20_d04_260_a_2.jpg,T20,d04,260,a,2,T20_260,train,False
T20_d04_260_b_2.jpg,T20,d04,260,b,2,T20_260,train,False
T20_d04_263_a_2.jpg,T20,d04,263,a,2,T20_263,train,False
T20_d04_263_b_2.jpg,T20,d04,263,b,2,T20_263,train,False
T20_d04_265_a_2.jpg,T20,d04,265,a,2,T20_265,train,False
T20_d04_265_b_2.jpg,T20,d04,265,b,2,T20_265,train,False
T20_d04_267_a_3.jpg,T20,d04,267,a,3,T20_267,train,False
T20_d04_267_b_3.jpg,T20,d04,267,b,3,T20_267,train,False
T20_d04_268_a_1.jpg,T20,d04,268,a,1,T20_268,train,False
T20_d04_268_b_1.jpg,T20,d04,268,b,1,T20_268,train,False
T20_d04_272_a_2.jpg,T20,d04,272,a,2,T20_272,train,False
T20_d04_272_b_2.jpg,T20,d04,272,b,2,T20_272,train,False
T20_d04_277_a_3.jpg,T20,d04,277,a,3,T20_277,train,False
T20_d04_277_b_3.jpg,T20,d04,277,b,3,T20_277,train,False
T20_d04_279_a_2.jpg,T20,d04,279,a,2,T20_279,test,False
T20_d04_279_b_2.jpg,T20,d04,279,b,2,T20_279,test,False
T20_d04_287_a_4.jpg,T20,d04,287,a,4,T20_287,train,False
T20_d04_287_b_4.jpg,T20,d04,287,b,4,T20_287,train,False
T20_d04_288_a_2.jpg,T20,d04,288,a,2,T20_288,train,False
T20_d04_288_b_2.jpg,T20,d04,288,b,2,T20_288,train,False
T20_d04_289_a_4.jpg,T20,d04,289,a,4,T20_289,test,False
T20_d04_289_b_4.jpg,T20,d04,289,b,4,T20_289,test,False
T20_d04_291_a_2.jpg,T20,d04,291,a,2,T20_291,val,False
T20_d04_291_b_2.jpg,T20,d04,291,b,2,T20_291,val,False
T20_d04_293_a_3.jpg,T20,d04,293,a,3,T20_293,train,False
T20_d04_293_b_3.jpg,T20,d04,293,b,3,T20_293,train,False
T20_d04_300_a_2.jpg,T20,d04,300,a,2,T20_300,train,False
T20_d04_300_b_2.jpg,T20,d04,300,b,2,T20_300,train,False
T20_d04_305_a_2.jpg,T20,d04,305,a,2,T20_305,nuevo,False
T20_d04_305_b_2.jpg,T20,d04,305,b,2,T20_305,nuevo,False
T20_d04_309_a_2.jpg,T20,d04,309,a,2,T20_309,val,False
T20_d04_309_b_2.jpg,T20,d04,309,b,2,T20_309,val,False
T20_d04_311_a_2.jpg,T20,d04,311,a,2,T20_311,train,False
T20_d04_311_b_2.jpg,T20,d04,311,b,2,T20_311,train,False
T20_d04_313_a_2.jpg,T20,d04,313,a,2,T20_313,test,False
T20_d04_313_b_2.jpg,T20,d04,313,b,2,T20_313,test,False
T20_d04_316_a_3.jpg,T20,d04,316,a,3,T20_316,train,False
T20_d04_316_b_3.jpg,T20,d04,316,b,3,T20_316,train,False
T20_d04_321_a_2.jpg,T20,d04,321,a,2,T20_321,val,False
T20_d04_321_b_2.jpg,T20,d04,321,b,2,T20_321,val,False
T20_d04_322_a_2.jpg,T20,d04,322,a,2,T20_322,train,False
T20_d04_322_b_2.jpg,T20,d04,322,b,2,T20_322,train,True
T20_d04_324_a_2.jpg,T20,d04,324,a,2,T20_324,train,False
T20_d04_324_b_2.jpg,T20,d04,324,b,2,T20_324,train,False
T20_d04_332_a_2.jpg,T20,d04,332,a,2,T20_332,train,False
T20_d04_332_b_2.jpg,T20,d04,332,b,2,T20_332,train,False
T20_d04_334_a_2.jpg,T20,d04,334,a,2,T20_334,val,False
T20_d04_334_b_2.jpg,T20,d04,334,b,2,T20_334,val,False
T20_d04_346_a_3.jpg,T20,d04,346,a,3,T20_346,train,True
T20_d04_346_b_3.jpg,T20,d04,346,b,3,T20_346,train,True
T20_d04_347_a_2.jpg,T20,d04,347,a,2,T20_347,train,False
T20_d04_347_b_2.jpg,T20,d04,347,b,2,T20_347,train,False
T20_d04_352_a_2.jpg,T20,d04,352,a,2,T20_352,nuevo,False
T20_d04_352_b_2.jpg,T20,d04,352,b,2,T20_352,nuevo,False
T20_d04_354_a_2.jpg,T20,d04,354,a,2,T20_354,train,False
T20_d04_354_b_2.jpg,T20,d04,354,b,2,T20_354,train,False
T20_d04_360_a_2.jpg,T20,d04,360,a,2,T20_360,test,False
T20_d04_360_b_2.jpg,T20,d04,360,b,2,T20_360,test,True
T20_d04_361_a_3.jpg,T20,d04,361,a,3,T20_361,nuevo,False
T20_d04_361_b_3.jpg,T20,d04,361,b,3,T20_361,nuevo,False
T20_d04_363_a_2.jpg,T20,d04,363,a,2,T20_363,val,False
T20_d04_363_b_2.jpg,T20,d04,363,b,2,T20_363,val,True
T20_d04_369_a_2.jpg,T20,d04,369,a,2,T20_369,train,False
T20_d04_369_b_2.jpg,T20,d04,369,b,2,T20_369,train,False
T20_d04_371_a_2.jpg,T20,d04,371,a,2,T20_371,val,False
T20_d04_371_b_2.jpg,T20,d04,371,b,2,T20_371,val,False
T20_d04_378_a_2.jpg,T20,d04,378,a,2,T20_378,train,False
T20_d04_378_b_2.jpg,T20,d04,378,b,2,T20_378,train,False
T20_d04_383_a_1.jpg,T20,d04,383,a,1,T20_383,val,False
T20_d04_383_b_1.jpg,T20,d04,383,b,1,T20_383,val,False
T20_d04_384_a_1.jpg,T20,d04,384,a,1,T20_384,train,False
T20_d04_384_b_1.jpg,T20,d04,384,b,1,T20_384,train,False
T20_d04_386_a_3.jpg,T20,d04,386,a,3,T20_386,train,False
T20_d04_386_b_3.jpg,T20,d04,386,b,3,T20_386,train,False
T20_d04_388_a_2.jpg,T20,d04,388,a,2,T20_388,train,False
T20_d04_388_b_2.jpg,T20,d04,388,b,2,T20_388,train,False
T20_d04_389_a_2.jpg,T20,d04,389,a,2,T20_389,train,False
T20_d04_389_b_2.jpg,T20,d04,389,b,2,T20_389,train,False
T20_d04_390_a_2.jpg,T20,d04,390,a,2,T20_390,train,False
T20_d04_390_b_2.jpg,T20,d04,390,b,2,T20_390,train,False
T20_d04_391_a_2.jpg,T20,d04,391,a,2,T20_391,train,False
T20_d04_391_b_2.jpg,T20,d04,391,b,2,T20_391,train,False
T20_d04_394_a_3.jpg,T20,d04,394,a,3,T20_394,nuevo,False
T20_d04_394_b_3.jpg,T20,d04,394,b,3,T20_394,nuevo,False
T20_d04_409_a_2.jpg,T20,d04,409,a,2,T20_409,train,False
T20_d04_409_b_2.jpg,T20,d04,409,b,2,T20_409,train,False
T20_d04_412_a_3.jpg,T20,d04,412,a,3,T20_412,nuevo,False
T20_d04_412_b_3.jpg,T20,d04,412,b,3,T20_412,nuevo,False
T20_d04_421_a_3.jpg,T20,d04,421,a,3,T20_421,train,False
T20_d04_421_b_3.jpg,T20,d04,421,b,3,T20_421,train,False
T20_d04_423_a_2.jpg,T20,d04,423,a,2,T20_423,train,False
T20_d04_423_b_2.jpg,T20,d04,423,b,2,T20_423,train,False
T20_d04_426_a_3.jpg,T20,d04,426,a,3,T20_426,train,False
T20_d04_426_b_3.jpg,T20,d04,426,b,3,T20_426,train,False
T20_d04_431_a_3.jpg,T20,d04,431,a,3,T20_431,train,False
T20_d04_431_b_3.jpg,T20,d04,431,b,3,T20_431,train,True
T20_d04_432_a_2.jpg,T20,d04,432,a,2,T20_432,nuevo,False
T20_d04_432_b_2.jpg,T20,d04,432,b,2,T20_432,nuevo,False
T20_d04_435_a_3.jpg,T20,d04,435,a,3,T20_435,train,False
T20_d04_435_b_3.jpg,T20,d04,435,b,3,T20_435,train,True
T20_d04_438_a_2.jpg,T20,d04,438,a,2,T20_438,train,True
T20_d04_438_b_2.jpg,T20,d04,438,b,2,T20_438,train,False
T20_d04_439_a_2.jpg,T20,d04,439,a,2,T20_439,train,True
T20_d04_439_b_2.jpg,T20,d04,439,b,2,T20_439,train,False
T20_d04_440_a_2.jpg,T20,d04,440,a,2,T20_440,nuevo,False
T20_d04_440_b_2.jpg,T20,d04,440,b,2,T20_440,nuevo,False
T20_d04_443_a_2.jpg,T20,d04,443,a,2,T20_443,train,False
T20_d04_443_b_2.jpg,T20,d04,443,b,2,T20_443,train,False
T20_d04_453_a_3.jpg,T20,d04,453,a,3,T20_453,val,False
T20_d04_453_b_3.jpg,T20,d04,453,b,3,T20_453,val,False
T20_d04_455_a_3.jpg,T20,d04,455,a,3,T20_455,nuevo,False
T20_d04_455_b_3.jpg,T20,d04,455,b,3,T20_455,nuevo,False
T20_d04_461_a_2.jpg,T20,d04,461,a,2,T20_461,train,False
T20_d04_461_b_2.jpg,T20,d04,461,b,2,T20_461,train,False
T20_d04_462_a_2.jpg,T20,d04,462,a,2,T20_462,test,False
T20_d04_462_b_2.jpg,T20,d04,462,b,2,T20_462,test,True
T20_d04_463_a_1.jpg,T20,d04,463,a,1,T20_463,train,False
T20_d04_463_b_1.jpg,T20,d04,463,b,1,T20_463,train,False
T20_d04_464_a_3.jpg,T20,d04,464,a,3,T20_464,train,False
T20_d04_464_b_3.jpg,T20,d04,464,b,3,T20_464,train,False
T20_d04_468_a_3.jpg,T20,d04,468,a,3,T20_468,test,False
T20_d04_468_b_3.jpg,T20,d04,468,b,3,T20_468,test,False
T20_d04_469_a_2.jpg,T20,d04,469,a,2,T20_469,train,False
T20_d04_469_b_2.jpg,T20,d04,469,b,2,T20_469,train,False
T20_d04_477_a_2.jpg,T20,d04,477,a,2,T20_477,train,False
T20_d04_477_b_2.jpg,T20,d04,477,b,2,T20_477,train,False
T20_d05_001_a_3.jpg,T20,d05,001,a,3,T20_001,train,False
T20_d05_001_b_3.jpg,T20,d05,001,b,3,T20_001,train,False
T20_d05_004_a_4.jpg,T20,d05,004,a,4,T20_004,train,False
T20_d05_004_b_4.jpg,T20,d05,004,b,4,T20_004,train,False
T20_d05_005_a_3.jpg,T20,d05,005,a,3,T20_005,train,False
T20_d05_005_b_3.jpg,T20,d05,005,b,3,T20_005,train,False
T20_d05_006_a_3.jpg,T20,d05,006,a,3,T20_006,val,False
T20_d05_006_b_3.jpg,T20,d05,006,b,3,T20_006,val,False
T20_d05_008_a_3.jpg,T20,d05,008,a,3,T20_008,train,True
T20_d05_008_b_3.jpg,T20,d05,008,b,3,T20_008,train,False
T20_d05_010_a_3.jpg,T20,d05,010,a,3,T20_010,val,False
T20_d05_010_b_3.jpg,T20,d05,010,b,3,T20_010,val,False
T20_d05_020_a_2.jpg,T20,d05,020,a,2,T20_020,test,False
T20_d05_020_b_2.jpg,T20,d05,020,b,2,T20_020,test,False
T20_d05_023_a_3.jpg,T20,d05,023,a,3,T20_023,nuevo,False
T20_d05_023_b_3.jpg,T20,d05,023,b,3,T20_023,nuevo,False
T20_d05_024_a_3.jpg,T20,d05,024,a,3,T20_024,nuevo,False
T20_d05_024_b_3.jpg,T20,d05,024,b,3,T20_024,nuevo,False
T20_d05_025_a_3.jpg,T20,d05,025,a,3,T20_025,train,False
T20_d05_025_b_3.jpg,T20,d05,025,b,3,T20_025,train,False
T20_d05_029_a_3.jpg,T20,d05,029,a,3,T20_029,train,False
T20_d05_029_b_3.jpg,T20,d05,029,b,3,T20_029,train,False
T20_d05_031_a_3.jpg,T20,d05,031,a,3,T20_031,nuevo,False
T20_d05_031_b_3.jpg,T20,d05,031,b,3,T20_031,nuevo,False
T20_d05_032_a_3.jpg,T20,d05,032,a,3,T20_032,train,True
T20_d05_032_b_3.jpg,T20,d05,032,b,3,T20_032,train,False
T20_d05_036_a_3.jpg,T20,d05,036,a,3,T20_036,nuevo,False
T20_d05_036_b_3.jpg,T20,d05,036,b,3,T20_036,nuevo,False
T20_d05_040_a_3.jpg,T20,d05,040,a,3,T20_040,train,False
T20_d05_040_b_3.jpg,T20,d05,040,b,3,T20_040,train,False
T20_d05_042_a_3.jpg,T20,d05,042,a,3,T20_042,train,False
T20_d05_042_b_3.jpg,T20,d05,042,b,3,T20_042,train,False
T20_d05_049_a_3.jpg,T20,d05,049,a,3,T20_049,train,False
T20_d05_049_b_3.jpg,T20,d05,049,b,3,T20_049,train,False
T20_d05_050_a_4.jpg,T20,d05,050,a,4,T20_050,train,False
T20_d05_050_b_4.jpg,T20,d05,050,b,4,T20_050,train,False
T20_d05_060_a_4.jpg,T20,d05,060,a,4,T20_060,train,False
T20_d05_060_b_4.jpg,T20,d05,060,b,4,T20_060,train,False
T20_d05_063_a_3.jpg,T20,d05,063,a,3,T20_063,val,False
T20_d05_063_b_3.jpg,T20,d05,063,b,3,T20_063,val,False
T20_d05_071_a_3.jpg,T20,d05,071,a,3,T20_071,train,False
T20_d05_071_b_3.jpg,T20,d05,071,b,3,T20_071,train,False
T20_d05_075_a_3.jpg,T20,d05,075,a,3,T20_075,val,False
T20_d05_075_b_3.jpg,T20,d05,075,b,3,T20_075,val,False
T20_d05_076_a_3.jpg,T20,d05,076,a,3,T20_076,train,False
T20_d05_076_b_3.jpg,T20,d05,076,b,3,T20_076,train,False
T20_d05_084_a_4.jpg,T20,d05,084,a,4,T20_084,train,False
T20_d05_084_b_4.jpg,T20,d05,084,b,4,T20_084,train,False
T20_d05_085_a_3.jpg,T20,d05,085,a,3,T20_085,test,True
T20_d05_085_b_3.jpg,T20,d05,085,b,3,T20_085,test,False
T20_d05_090_a_3.jpg,T20,d05,090,a,3,T20_090,train,False
T20_d05_090_b_3.jpg,T20,d05,090,b,3,T20_090,train,False
T20_d05_095_a_3.jpg,T20,d05,095,a,3,T20_095,train,False
T20_d05_095_b_3.jpg,T20,d05,095,b,3,T20_095,train,False
T20_d05_101_a_3.jpg,T20,d05,101,a,3,T20_101,nuevo,False
T20_d05_101_b_3.jpg,T20,d05,101,b,3,T20_101,nuevo,False
T20_d05_103_a_3.jpg,T20,d05,103,a,3,T20_103,train,False
T20_d05_103_b_3.jpg,T20,d05,103,b,3,T20_103,train,False
T20_d05_106_a_3.jpg,T20,d05,106,a,3,T20_106,train,False
T20_d05_106_b_3.jpg,T20,d05,106,b,3,T20_106,train,False
T20_d05_107_a_3.jpg,T20,d05,107,a,3,T20_107,train,False
T20_d05_107_b_3.jpg,T20,d05,107,b,3,T20_107,train,False
T20_d05_112_a_3.jpg,T20,d05,112,a,3,T20_112,train,False
T20_d05_112_b_3.jpg,T20,d05,112,b,3,T20_112,train,False
T20_d05_114_a_2.jpg,T20,d05,114,a,2,T20_114,train,False
T20_d05_114_b_2.jpg,T20,d05,114,b,2,T20_114,train,False
T20_d05_115_a_2.jpg,T20,d05,115,a,2,T20_115,train,False
T20_d05_115_b_2.jpg,T20,d05,115,b,2,T20_115,train,False
T20_d05_116_a_3.jpg,T20,d05,116,a,3,T20_116,nuevo,False
T20_d05_116_b_3.jpg,T20,d05,116,b,3,T20_116,nuevo,False
T20_d05_123_a_3.jpg,T20,d05,123,a,3,T20_123,nuevo,False
T20_d05_123_b_3.jpg,T20,d05,123,b,3,T20_123,nuevo,False
T20_d05_132_a_4.jpg,T20,d05,132,a,4,T20_132,train,False
T20_d05_132_b_4.jpg,T20,d05,132,b,4,T20_132,train,False
T20_d05_137_a_3.jpg,T20,d05,137,a,3,T20_137,train,False
T20_d05_137_b_3.jpg,T20,d05,137,b,3,T20_137,train,False
T20_d05_141_a_3.jpg,T20,d05,141,a,3,T20_141,test,False
T20_d05_141_b_3.jpg,T20,d05,141,b,3,T20_141,test,False
T20_d05_143_a_4.jpg,T20,d05,143,a,4,T20_143,train,False
T20_d05_143_b_4.jpg,T20,d05,143,b,4,T20_143,train,False
T20_d05_146_a_4.jpg,T20,d05,146,a,4,T20_146,train,False
T20_d05_146_b_4.jpg,T20,d05,146,b,4,T20_146,train,False
T20_d05_150_a_2.jpg,T20,d05,150,a,2,T20_150,train,False
T20_d05_150_b_2.jpg,T20,d05,150,b,2,T20_150,train,False
T20_d05_151_a_4.jpg,T20,d05,151,a,4,T20_151,val,False
T20_d05_151_b_4.jpg,T20,d05,151,b,4,T20_151,val,True
T20_d05_153_a_3.jpg,T20,d05,153,a,3,T20_153,val,True
T20_d05_153_b_3.jpg,T20,d05,153,b,3,T20_153,val,True
T20_d05_155_a_3.jpg,T20,d05,155,a,3,T20_155,train,False
T20_d05_155_b_3.jpg,T20,d05,155,b,3,T20_155,train,False
T20_d05_161_a_4.jpg,T20,d05,161,a,4,T20_161,test,False
T20_d05_161_b_4.jpg,T20,d05,161,b,4,T20_161,test,True
T20_d05_170_a_3.jpg,T20,d05,170,a,3,T20_170,train,False
T20_d05_170_b_3.jpg,T20,d05,170,b,3,T20_170,train,False
T20_d05_174_a_3.jpg,T20,d05,174,a,3,T20_174,train,False
T20_d05_174_b_3.jpg,T20,d05,174,b,3,T20_174,train,False
T20_d05_176_a_2.jpg,T20,d05,176,a,2,T20_176,val,True
T20_d05_176_b_2.jpg,T20,d05,176,b,2,T20_176,val,False
T20_d05_178_a_3.jpg,T20,d05,178,a,3,T20_178,nuevo,False
T20_d05_178_b_3.jpg,T20,d05,178,b,3,T20_178,nuevo,False
T20_d05_183_a_3.jpg,T20,d05,183,a,3,T20_183,train,False
T20_d05_183_b_3.jpg,T20,d05,183,b,3,T20_183,train,True
T20_d05_185_a_3.jpg,T20,d05,185,a,3,T20_185,train,False
T20_d05_185_b_3.jpg,T20,d05,185,b,3,T20_185,train,False
T20_d05_187_a_3.jpg,T20,d05,187,a,3,T20_187,train,False
T20_d05_187_b_3.jpg,T20,d05,187,b,3,T20_187,train,False
T20_d05_188_a_3.jpg,T20,d05,188,a,3,T20_188,train,True
T20_d05_188_b_3.jpg,T20,d05,188,b,3,T20_188,train,False
T20_d05_190_a_4.jpg,T20,d05,190,a,4,T20_190,test,True
T20_d05_190_b_4.jpg,T20,d05,190,b,4,T20_190,test,False
T20_d05_192_a_3.jpg,T20,d05,192,a,3,T20_192,nuevo,False
T20_d05_192_b_3.jpg,T20,d05,192,b,3,T20_192,nuevo,False
T20_d05_199_a_3.jpg,T20,d05,199,a,3,T20_199,val,False
T20_d05_199_b_3.jpg,T20,d05,199,b,3,T20_199,val,False
T20_d05_212_a_4.jpg,T20,d05,212,a,4,T20_212,train,True
T20_d05_212_b_4.jpg,T20,d05,212,b,4,T20_212,train,False
T20_d05_214_a_3.jpg,T20,d05,214,a,3,T20_214,train,False
T20_d05_214_b_3.jpg,T20,d05,214,b,3,T20_214,train,False
T20_d05_222_a_2.jpg,T20,d05,222,a,2,T20_222,train,False
T20_d05_222_b_2.jpg,T20,d05,222,b,2,T20_222,train,False
T20_d05_224_a_3.jpg,T20,d05,224,a,3,T20_224,val,True
T20_d05_224_b_3.jpg,T20,d05,224,b,3,T20_224,val,False
T20_d05_225_a_3.jpg,T20,d05,225,a,3,T20_225,train,False
T20_d05_225_b_3.jpg,T20,d05,225,b,3,T20_225,train,False
T20_d05_226_a_3.jpg,T20,d05,226,a,3,T20_226,train,False
T20_d05_226_b_3.jpg,T20,d05,226,b,3,T20_226,train,False
T20_d05_228_a_2.jpg,T20,d05,228,a,2,T20_228,test,False
T20_d05_228_b_2.jpg,T20,d05,228,b,2,T20_228,test,False
T20_d05_232_a_4.jpg,T20,d05,232,a,4,T20_232,nuevo,False
T20_d05_232_b_4.jpg,T20,d05,232,b,4,T20_232,nuevo,False
T20_d05_239_a_2.jpg,T20,d05,239,a,2,T20_239,val,False
T20_d05_239_b_2.jpg,T20,d05,239,b,2,T20_239,val,False
T20_d05_240_a_3.jpg,T20,d05,240,a,3,T20_240,test,False
T20_d05_240_b_3.jpg,T20,d05,240,b,3,T20_240,test,False
T20_d05_244_a_3.jpg,T20,d05,244,a,3,T20_244,train,False
T20_d05_244_b_3.jpg,T20,d05,244,b,3,T20_244,train,False
T20_d05_255_a_3.jpg,T20,d05,255,a,3,T20_255,train,False
T20_d05_255_b_3.jpg,T20,d05,255,b,3,T20_255,train,True
T20_d05_256_a_3.jpg,T20,d05,256,a,3,T20_256,train,False
T20_d05_256_b_3.jpg,T20,d05,256,b,3,T20_256,train,False
T20_d05_258_a_4.jpg,T20,d05,258,a,4,T20_258,train,False
T20_d05_258_b_4.jpg,T20,d05,258,b,4,T20_258,train,True
T20_d05_259_a_3.jpg,T20,d05,259,a,3,T20_259,train,False
T20_d05_259_b_3.jpg,T20,d05,259,b,3,T20_259,train,False
T20_d05_260_a_2.jpg,T20,d05,260,a,2,T20_260,train,False
T20_d05_260_b_2.jpg,T20,d05,260,b,2,T20_260,train,False
T20_d05_263_a_3.jpg,T20,d05,263,a,3,T20_263,train,False
T20_d05_263_b_3.jpg,T20,d05,263,b,3,T20_263,train,False
T20_d05_265_a_3.jpg,T20,d05,265,a,3,T20_265,train,False
T20_d05_265_b_3.jpg,T20,d05,265,b,3,T20_265,train,False
T20_d05_267_a_3.jpg,T20,d05,267,a,3,T20_267,train,False
T20_d05_267_b_3.jpg,T20,d05,267,b,3,T20_267,train,False
T20_d05_268_a_2.jpg,T20,d05,268,a,2,T20_268,train,False
T20_d05_268_b_2.jpg,T20,d05,268,b,2,T20_268,train,False
T20_d05_272_a_2.jpg,T20,d05,272,a,2,T20_272,train,False
T20_d05_272_b_2.jpg,T20,d05,272,b,2,T20_272,train,False
T20_d05_277_a_3.jpg,T20,d05,277,a,3,T20_277,train,False
T20_d05_277_b_3.jpg,T20,d05,277,b,3,T20_277,train,False
T20_d05_279_a_3.jpg,T20,d05,279,a,3,T20_279,test,False
T20_d05_279_b_3.jpg,T20,d05,279,b,3,T20_279,test,False
T20_d05_287_a_4.jpg,T20,d05,287,a,4,T20_287,train,False
T20_d05_287_b_4.jpg,T20,d05,287,b,4,T20_287,train,False
T20_d05_288_a_3.jpg,T20,d05,288,a,3,T20_288,train,False
T20_d05_288_b_3.jpg,T20,d05,288,b,3,T20_288,train,False
T20_d05_289_a_4.jpg,T20,d05,289,a,4,T20_289,test,False
T20_d05_289_b_4.jpg,T20,d05,289,b,4,T20_289,test,False
T20_d05_291_a_3.jpg,T20,d05,291,a,3,T20_291,val,True
T20_d05_291_b_3.jpg,T20,d05,291,b,3,T20_291,val,True
T20_d05_293_a_3.jpg,T20,d05,293,a,3,T20_293,train,False
T20_d05_293_b_3.jpg,T20,d05,293,b,3,T20_293,train,False
T20_d05_300_a_3.jpg,T20,d05,300,a,3,T20_300,train,False
T20_d05_300_b_3.jpg,T20,d05,300,b,3,T20_300,train,True
T20_d05_305_a_3.jpg,T20,d05,305,a,3,T20_305,nuevo,False
T20_d05_305_b_3.jpg,T20,d05,305,b,3,T20_305,nuevo,False
T20_d05_309_a_3.jpg,T20,d05,309,a,3,T20_309,val,False
T20_d05_309_b_3.jpg,T20,d05,309,b,3,T20_309,val,False
T20_d05_311_a_3.jpg,T20,d05,311,a,3,T20_311,train,False
T20_d05_311_b_3.jpg,T20,d05,311,b,3,T20_311,train,False
T20_d05_313_a_3.jpg,T20,d05,313,a,3,T20_313,test,False
T20_d05_313_b_3.jpg,T20,d05,313,b,3,T20_313,test,False
T20_d05_316_a_4.jpg,T20,d05,316,a,4,T20_316,train,False
T20_d05_316_b_4.jpg,T20,d05,316,b,4,T20_316,train,False
T20_d05_321_a_3.jpg,T20,d05,321,a,3,T20_321,val,False
T20_d05_321_b_3.jpg,T20,d05,321,b,3,T20_321,val,False
T20_d05_322_a_3.jpg,T20,d05,322,a,3,T20_322,train,False
T20_d05_322_b_3.jpg,T20,d05,322,b,3,T20_322,train,False
T20_d05_324_a_3.jpg,T20,d05,324,a,3,T20_324,train,True
T20_d05_324_b_3.jpg,T20,d05,324,b,3,T20_324,train,False
T20_d05_332_a_3.jpg,T20,d05,332,a,3,T20_332,train,False
T20_d05_332_b_3.jpg,T20,d05,332,b,3,T20_332,train,False
T20_d05_334_a_3.jpg,T20,d05,334,a,3,T20_334,val,False
T20_d05_334_b_3.jpg,T20,d05,334,b,3,T20_334,val,False
T20_d05_346_a_3.jpg,T20,d05,346,a,3,T20_346,train,False
T20_d05_346_b_3.jpg,T20,d05,346,b,3,T20_346,train,False
T20_d05_347_a_2.jpg,T20,d05,347,a,2,T20_347,train,False
T20_d05_347_b_2.jpg,T20,d05,347,b,2,T20_347,train,False
T20_d05_352_a_3.jpg,T20,d05,352,a,3,T20_352,nuevo,False
T20_d05_352_b_3.jpg,T20,d05,352,b,3,T20_352,nuevo,False
T20_d05_354_a_4.jpg,T20,d05,354,a,4,T20_354,train,False
T20_d05_354_b_4.jpg,T20,d05,354,b,4,T20_354,train,False
T20_d05_360_a_3.jpg,T20,d05,360,a,3,T20_360,test,False
T20_d05_360_b_3.jpg,T20,d05,360,b,3,T20_360,test,False
T20_d05_361_a_3.jpg,T20,d05,361,a,3,T20_361,nuevo,False
T20_d05_361_b_3.jpg,T20,d05,361,b,3,T20_361,nuevo,False
T20_d05_363_a_3.jpg,T20,d05,363,a,3,T20_363,val,False
T20_d05_363_b_3.jpg,T20,d05,363,b,3,T20_363,val,False
T20_d05_369_a_3.jpg,T20,d05,369,a,3,T20_369,train,False
T20_d05_369_b_3.jpg,T20,d05,369,b,3,T20_369,train,False
T20_d05_371_a_2.jpg,T20,d05,371,a,2,T20_371,val,False
T20_d05_371_b_2.jpg,T20,d05,371,b,2,T20_371,val,False
T20_d05_378_a_2.jpg,T20,d05,378,a,2,T20_378,train,False
T20_d05_378_b_2.jpg,T20,d05,378,b,2,T20_378,train,False
T20_d05_383_a_2.jpg,T20,d05,383,a,2,T20_383,val,False
T20_d05_383_b_2.jpg,T20,d05,383,b,2,T20_383,val,False
T20_d05_384_a_2.jpg,T20,d05,384,a,2,T20_384,train,True
T20_d05_384_b_2.jpg,T20,d05,384,b,2,T20_384,train,False
T20_d05_386_a_4.jpg,T20,d05,386,a,4,T20_386,train,True
T20_d05_386_b_4.jpg,T20,d05,386,b,4,T20_386,train,False
T20_d05_388_a_3.jpg,T20,d05,388,a,3,T20_388,train,False
T20_d05_388_b_3.jpg,T20,d05,388,b,3,T20_388,train,False
T20_d05_389_a_3.jpg,T20,d05,389,a,3,T20_389,train,False
T20_d05_389_b_3.jpg,T20,d05,389,b,3,T20_389,train,False
T20_d05_390_a_3.jpg,T20,d05,390,a,3,T20_390,train,False
T20_d05_390_b_3.jpg,T20,d05,390,b,3,T20_390,train,False
T20_d05_391_a_2.jpg,T20,d05,391,a,2,T20_391,train,True
T20_d05_391_b_2.jpg,T20,d05,391,b,2,T20_391,train,False
T20_d05_394_a_4.jpg,T20,d05,394,a,4,T20_394,nuevo,False
T20_d05_394_b_4.jpg,T20,d05,394,b,4,T20_394,nuevo,False
T20_d05_409_a_2.jpg,T20,d05,409,a,2,T20_409,train,False
T20_d05_409_b_2.jpg,T20,d05,409,b,2,T20_409,train,False
T20_d05_412_a_3.jpg,T20,d05,412,a,3,T20_412,nuevo,False
T20_d05_412_b_3.jpg,T20,d05,412,b,3,T20_412,nuevo,False
T20_d05_421_a_3.jpg,T20,d05,421,a,3,T20_421,train,False
T20_d05_421_b_3.jpg,T20,d05,421,b,3,T20_421,train,False
T20_d05_423_a_2.jpg,T20,d05,423,a,2,T20_423,train,False
T20_d05_423_b_2.jpg,T20,d05,423,b,2,T20_423,train,False
T20_d05_426_a_3.jpg,T20,d05,426,a,3,T20_426,train,False
T20_d05_426_b_3.jpg,T20,d05,426,b,3,T20_426,train,False
T20_d05_431_a_4.jpg,T20,d05,431,a,4,T20_431,train,False
T20_d05_431_b_4.jpg,T20,d05,431,b,4,T20_431,train,False
T20_d05_432_a_3.jpg,T20,d05,432,a,3,T20_432,nuevo,False
T20_d05_432_b_3.jpg,T20,d05,432,b,3,T20_432,nuevo,False
T20_d05_435_a_3.jpg,T20,d05,435,a,3,T20_435,train,False
T20_d05_435_b_3.jpg,T20,d05,435,b,3,T20_435,train,False
T20_d05_438_a_3.jpg,T20,d05,438,a,3,T20_438,train,False
T20_d05_438_b_3.jpg,T20,d05,438,b,3,T20_438,train,False
T20_d05_439_a_3.jpg,T20,d05,439,a,3,T20_439,train,False
T20_d05_439_b_3.jpg,T20,d05,439,b,3,T20_439,train,False
T20_d05_440_a_3.jpg,T20,d05,440,a,3,T20_440,nuevo,False
T20_d05_440_b_3.jpg,T20,d05,440,b,3,T20_440,nuevo,False
T20_d05_443_a_3.jpg,T20,d05,443,a,3,T20_443,train,False
T20_d05_443_b_3.jpg,T20,d05,443,b,3,T20_443,train,False
T20_d05_453_a_4.jpg,T20,d05,453,a,4,T20_453,val,False
T20_d05_453_b_4.jpg,T20,d05,453,b,4,T20_453,val,False
T20_d05_455_a_3.jpg,T20,d05,455,a,3,T20_455,nuevo,False
T20_d05_455_b_3.jpg,T20,d05,455,b,3,T20_455,nuevo,False
T20_d05_461_a_3.jpg,T20,d05,461,a,3,T20_461,train,False
T20_d05_461_b_3.jpg,T20,d05,461,b,3,T20_461,train,False
T20_d05_462_a_3.jpg,T20,d05,462,a,3,T20_462,test,False
T20_d05_462_b_3.jpg,T20,d05,462,b,3,T20_462,test,False
T20_d05_463_a_2.jpg,T20,d05,463,a,2,T20_463,train,False
T20_d05_463_b_2.jpg,T20,d05,463,b,2,T20_463,train,False
T20_d05_464_a_4.jpg,T20,d05,464,a,4,T20_464,train,False
T20_d05_464_b_4.jpg,T20,d05,464,b,4,T20_464,train,False
T20_d05_468_a_3.jpg,T20,d05,468,a,3,T20_468,test,False
T20_d05_468_b_3.jpg,T20,d05,468,b,3,T20_468,test,False
T20_d05_469_a_3.jpg,T20,d05,469,a,3,T20_469,train,False
T20_d05_469_b_3.jpg,T20,d05,469,b,3,T20_469,train,False
T20_d05_477_a_3.jpg,T20,d05,477,a,3,T20_477,train,False
T20_d05_477_b_3.jpg,T20,d05,477,b,3,T20_477,train,False
T20_d06_001_a_4.jpg,T20,d06,001,a,4,T20_001,train,False
T20_d06_001_b_4.jpg,T20,d06,001,b,4,T20_001,train,False
T20_d06_004_a_4.jpg,T20,d06,004,a,4,T20_004,train,False
T20_d06_004_b_4.jpg,T20,d06,004,b,4,T20_004,train,False
T20_d06_005_a_4.jpg,T20,d06,005,a,4,T20_005,train,False
T20_d06_005_b_4.jpg,T20,d06,005,b,4,T20_005,train,False
T20_d06_006_a_4.jpg,T20,d06,006,a,4,T20_006,val,False
T20_d06_006_b_4.jpg,T20,d06,006,b,4,T20_006,val,True
T20_d06_008_a_3.jpg,T20,d06,008,a,3,T20_008,train,False
T20_d06_008_b_3.jpg,T20,d06,008,b,3,T20_008,train,False
T20_d06_010_a_4.jpg,T20,d06,010,a,4,T20_010,val,False
T20_d06_010_b_4.jpg,T20,d06,010,b,4,T20_010,val,False
T20_d06_020_a_3.jpg,T20,d06,020,a,3,T20_020,test,False
T20_d06_020_b_3.jpg,T20,d06,020,b,3,T20_020,test,False
T20_d06_023_a_4.jpg,T20,d06,023,a,4,T20_023,nuevo,False
T20_d06_023_b_4.jpg,T20,d06,023,b,4,T20_023,nuevo,False
T20_d06_024_a_4.jpg,T20,d06,024,a,4,T20_024,nuevo,False
T20_d06_024_b_4.jpg,T20,d06,024,b,4,T20_024,nuevo,False
T20_d06_025_a_3.jpg,T20,d06,025,a,3,T20_025,train,False
T20_d06_025_b_3.jpg,T20,d06,025,b,3,T20_025,train,False
T20_d06_029_a_3.jpg,T20,d06,029,a,3,T20_029,train,False
T20_d06_029_b_3.jpg,T20,d06,029,b,3,T20_029,train,False
T20_d06_031_a_4.jpg,T20,d06,031,a,4,T20_031,nuevo,False
T20_d06_031_b_4.jpg,T20,d06,031,b,4,T20_031,nuevo,False
T20_d06_032_a_3.jpg,T20,d06,032,a,3,T20_032,train,False
T20_d06_032_b_3.jpg,T20,d06,032,b,3,T20_032,train,False
T20_d06_036_a_3.jpg,T20,d06,036,a,3,T20_036,nuevo,False
T20_d06_036_b_3.jpg,T20,d06,036,b,3,T20_036,nuevo,False
T20_d06_042_a_3.jpg,T20,d06,042,a,3,T20_042,train,False
T20_d06_042_b_3.jpg,T20,d06,042,b,3,T20_042,train,False
T20_d06_049_a_3.jpg,T20,d06,049,a,3,T20_049,train,False
T20_d06_049_b_3.jpg,T20,d06,049,b,3,T20_049,train,False
T20_d06_050_a_4.jpg,T20,d06,050,a,4,T20_050,train,False
T20_d06_050_b_4.jpg,T20,d06,050,b,4,T20_050,train,False
T20_d06_060_a_4.jpg,T20,d06,060,a,4,T20_060,train,False
T20_d06_060_b_4.jpg,T20,d06,060,b,4,T20_060,train,False
T20_d06_063_a_4.jpg,T20,d06,063,a,4,T20_063,val,False
T20_d06_063_b_4.jpg,T20,d06,063,b,4,T20_063,val,False
T20_d06_071_a_3.jpg,T20,d06,071,a,3,T20_071,train,False
T20_d06_071_b_3.jpg,T20,d06,071,b,3,T20_071,train,False
T20_d06_075_a_3.jpg,T20,d06,075,a,3,T20_075,val,False
T20_d06_075_b_3.jpg,T20,d06,075,b,3,T20_075,val,False
T20_d06_076_a_3.jpg,T20,d06,076,a,3,T20_076,train,True
T20_d06_076_b_3.jpg,T20,d06,076,b,3,T20_076,train,False
T20_d06_084_a_4.jpg,T20,d06,084,a,4,T20_084,train,False
T20_d06_084_b_4.jpg,T20,d06,084,b,4,T20_084,train,False
T20_d06_085_a_3.jpg,T20,d06,085,a,3,T20_085,test,False
T20_d06_085_b_3.jpg,T20,d06,085,b,3,T20_085,test,False
T20_d06_090_a_3.jpg,T20,d06,090,a,3,T20_090,train,False
T20_d06_090_b_3.jpg,T20,d06,090,b,3,T20_090,train,False
T20_d06_095_a_4.jpg,T20,d06,095,a,4,T20_095,train,False
T20_d06_095_b_4.jpg,T20,d06,095,b,4,T20_095,train,False
T20_d06_101_a_3.jpg,T20,d06,101,a,3,T20_101,nuevo,False
T20_d06_101_b_3.jpg,T20,d06,101,b,3,T20_101,nuevo,False
T20_d06_103_a_3.jpg,T20,d06,103,a,3,T20_103,train,False
T20_d06_103_b_3.jpg,T20,d06,103,b,3,T20_103,train,False
T20_d06_106_a_3.jpg,T20,d06,106,a,3,T20_106,train,False
T20_d06_106_b_3.jpg,T20,d06,106,b,3,T20_106,train,False
T20_d06_107_a_3.jpg,T20,d06,107,a,3,T20_107,train,False
T20_d06_107_b_3.jpg,T20,d06,107,b,3,T20_107,train,False
T20_d06_112_a_3.jpg,T20,d06,112,a,3,T20_112,train,False
T20_d06_112_b_3.jpg,T20,d06,112,b,3,T20_112,train,False
T20_d06_114_a_2.jpg,T20,d06,114,a,2,T20_114,train,False
T20_d06_114_b_2.jpg,T20,d06,114,b,2,T20_114,train,False
T20_d06_115_a_2.jpg,T20,d06,115,a,2,T20_115,train,False
T20_d06_115_b_2.jpg,T20,d06,115,b,2,T20_115,train,False
T20_d06_116_a_3.jpg,T20,d06,116,a,3,T20_116,nuevo,False
T20_d06_116_b_3.jpg,T20,d06,116,b,3,T20_116,nuevo,False
T20_d06_132_a_4.jpg,T20,d06,132,a,4,T20_132,train,False
T20_d06_132_b_4.jpg,T20,d06,132,b,4,T20_132,train,False
T20_d06_137_a_3.jpg,T20,d06,137,a,3,T20_137,train,False
T20_d06_137_b_3.jpg,T20,d06,137,b,3,T20_137,train,False
T20_d06_141_a_3.jpg,T20,d06,141,a,3,T20_141,test,False
T20_d06_141_b_3.jpg,T20,d06,141,b,3,T20_141,test,False
T20_d06_143_a_4.jpg,T20,d06,143,a,4,T20_143,train,False
T20_d06_143_b_4.jpg,T20,d06,143,b,4,T20_143,train,True
T20_d06_146_a_4.jpg,T20,d06,146,a,4,T20_146,train,False
T20_d06_146_b_4.jpg,T20,d06,146,b,4,T20_146,train,False
T20_d06_150_a_2.jpg,T20,d06,150,a,2,T20_150,train,False
T20_d06_150_b_2.jpg,T20,d06,150,b,2,T20_150,train,False
T20_d06_151_a_4.jpg,T20,d06,151,a,4,T20_151,val,False
T20_d06_151_b_4.jpg,T20,d06,151,b,4,T20_151,val,True
T20_d06_153_a_3.jpg,T20,d06,153,a,3,T20_153,val,False
T20_d06_153_b_3.jpg,T20,d06,153,b,3,T20_153,val,False
T20_d06_155_a_3.jpg,T20,d06,155,a,3,T20_155,train,False
T20_d06_155_b_3.jpg,T20,d06,155,b,3,T20_155,train,True
T20_d06_161_a_4.jpg,T20,d06,161,a,4,T20_161,test,False
T20_d06_161_b_4.jpg,T20,d06,161,b,4,T20_161,test,False
T20_d06_170_a_3.jpg,T20,d06,170,a,3,T20_170,train,False
T20_d06_170_b_3.jpg,T20,d06,170,b,3,T20_170,train,False
T20_d06_174_a_4.jpg,T20,d06,174,a,4,T20_174,train,False
T20_d06_174_b_4.jpg,T20,d06,174,b,4,T20_174,train,False
T20_d06_176_a_2.jpg,T20,d06,176,a,2,T20_176,val,False
T20_d06_176_b_2.jpg,T20,d06,176,b,2,T20_176,val,False
T20_d06_178_a_3.jpg,T20,d06,178,a,3,T20_178,nuevo,False
T20_d06_178_b_3.jpg,T20,d06,178,b,3,T20_178,nuevo,False
T20_d06_183_a_4.jpg,T20,d06,183,a,4,T20_183,train,False
T20_d06_183_b_4.jpg,T20,d06,183,b,4,T20_183,train,False
T20_d06_185_a_3.jpg,T20,d06,185,a,3,T20_185,train,False
T20_d06_185_b_3.jpg,T20,d06,185,b,3,T20_185,train,False
T20_d06_187_a_3.jpg,T20,d06,187,a,3,T20_187,train,False
T20_d06_187_b_3.jpg,T20,d06,187,b,3,T20_187,train,False
T20_d06_188_a_4.jpg,T20,d06,188,a,4,T20_188,train,False
T20_d06_188_b_4.jpg,T20,d06,188,b,4,T20_188,train,False
T20_d06_190_a_4.jpg,T20,d06,190,a,4,T20_190,test,False
T20_d06_190_b_4.jpg,T20,d06,190,b,4,T20_190,test,False
T20_d06_192_a_3.jpg,T20,d06,192,a,3,T20_192,nuevo,False
T20_d06_192_b_3.jpg,T20,d06,192,b,3,T20_192,nuevo,False
T20_d06_199_a_4.jpg,T20,d06,199,a,4,T20_199,val,False
T20_d06_199_b_4.jpg,T20,d06,199,b,4,T20_199,val,False
T20_d06_212_a_4.jpg,T20,d06,212,a,4,T20_212,train,False
T20_d06_212_b_4.jpg,T20,d06,212,b,4,T20_212,train,False
T20_d06_214_a_4.jpg,T20,d06,214,a,4,T20_214,train,False
T20_d06_214_b_4.jpg,T20,d06,214,b,4,T20_214,train,False
T20_d06_222_a_3.jpg,T20,d06,222,a,3,T20_222,train,False
T20_d06_222_b_3.jpg,T20,d06,222,b,3,T20_222,train,False
T20_d06_224_a_4.jpg,T20,d06,224,a,4,T20_224,val,False
T20_d06_224_b_4.jpg,T20,d06,224,b,4,T20_224,val,False
T20_d06_225_a_4.jpg,T20,d06,225,a,4,T20_225,train,False
T20_d06_225_b_4.jpg,T20,d06,225,b,4,T20_225,train,False
T20_d06_226_a_3.jpg,T20,d06,226,a,3,T20_226,train,False
T20_d06_226_b_3.jpg,T20,d06,226,b,3,T20_226,train,False
T20_d06_228_a_2.jpg,T20,d06,228,a,2,T20_228,test,False
T20_d06_228_b_2.jpg,T20,d06,228,b,2,T20_228,test,False
T20_d06_232_a_4.jpg,T20,d06,232,a,4,T20_232,nuevo,False
T20_d06_232_b_4.jpg,T20,d06,232,b,4,T20_232,nuevo,False
T20_d06_239_a_3.jpg,T20,d06,239,a,3,T20_239,val,False
T20_d06_239_b_3.jpg,T20,d06,239,b,3,T20_239,val,False
T20_d06_240_a_4.jpg,T20,d06,240,a,4,T20_240,test,True
T20_d06_240_b_4.jpg,T20,d06,240,b,4,T20_240,test,False
T20_d06_244_a_4.jpg,T20,d06,244,a,4,T20_244,train,False
T20_d06_244_b_4.jpg,T20,d06,244,b,4,T20_244,train,False
T20_d06_255_a_3.jpg,T20,d06,255,a,3,T20_255,train,False
T20_d06_255_b_3.jpg,T20,d06,255,b,3,T20_255,train,False
T20_d06_256_a_3.jpg,T20,d06,256,a,3,T20_256,train,False
T20_d06_256_b_3.jpg,T20,d06,256,b,3,T20_256,train,False
T20_d06_258_a_4.jpg,T20,d06,258,a,4,T20_258,train,False
T20_d06_258_b_4.jpg,T20,d06,258,b,4,T20_258,train,False
T20_d06_259_a_3.jpg,T20,d06,259,a,3,T20_259,train,False
T20_d06_259_b_3.jpg,T20,d06,259,b,3,T20_259,train,False
T20_d06_260_a_2.jpg,T20,d06,260,a,2,T20_260,train,False
T20_d06_260_b_2.jpg,T20,d06,260,b,2,T20_260,train,False
T20_d06_263_a_3.jpg,T20,d06,263,a,3,T20_263,train,False
T20_d06_263_b_3.jpg,T20,d06,263,b,3,T20_263,train,False
T20_d06_265_a_3.jpg,T20,d06,265,a,3,T20_265,train,False
T20_d06_265_b_3.jpg,T20,d06,265,b,3,T20_265,train,False
T20_d06_267_a_4.jpg,T20,d06,267,a,4,T20_267,train,False
T20_d06_267_b_4.jpg,T20,d06,267,b,4,T20_267,train,False
T20_d06_268_a_2.jpg,T20,d06,268,a,2,T20_268,train,True
T20_d06_268_b_2.jpg,T20,d06,268,b,2,T20_268,train,False
T20_d06_272_a_2.jpg,T20,d06,272,a,2,T20_272,train,True
T20_d06_272_b_2.jpg,T20,d06,272,b,2,T20_272,train,False
T20_d06_277_a_4.jpg,T20,d06,277,a,4,T20_277,train,False
T20_d06_277_b_4.jpg,T20,d06,277,b,4,T20_277,train,False
T20_d06_279_a_4.jpg,T20,d06,279,a,4,T20_279,test,False
T20_d06_279_b_4.jpg,T20,d06,279,b,4,T20_279,test,True
T20_d06_287_a_4.jpg,T20,d06,287,a,4,T20_287,train,True
T20_d06_287_b_4.jpg,T20,d06,287,b,4,T20_287,train,True
T20_d06_288_a_4.jpg,T20,d06,288,a,4,T20_288,train,False
T20_d06_288_b_4.jpg,T20,d06,288,b,4,T20_288,train,False
T20_d06_289_a_4.jpg,T20,d06,289,a,4,T20_289,test,False
T20_d06_289_b_4.jpg,T20,d06,289,b,4,T20_289,test,False
T20_d06_291_a_3.jpg,T20,d06,291,a,3,T20_291,val,False
T20_d06_291_b_3.jpg,T20,d06,291,b,3,T20_291,val,False
T20_d06_293_a_4.jpg,T20,d06,293,a,4,T20_293,train,False
T20_d06_293_b_4.jpg,T20,d06,293,b,4,T20_293,train,False
T20_d06_305_a_3.jpg,T20,d06,305,a,3,T20_305,nuevo,False
T20_d06_305_b_3.jpg,T20,d06,305,b,3,T20_305,nuevo,False
T20_d06_309_a_4.jpg,T20,d06,309,a,4,T20_309,val,False
T20_d06_309_b_4.jpg,T20,d06,309,b,4,T20_309,val,False
T20_d06_311_a_3.jpg,T20,d06,311,a,3,T20_311,train,False
T20_d06_311_b_3.jpg,T20,d06,311,b,3,T20_311,train,False
T20_d06_313_a_3.jpg,T20,d06,313,a,3,T20_313,test,False
T20_d06_313_b_3.jpg,T20,d06,313,b,3,T20_313,test,False
T20_d06_316_a_4.jpg,T20,d06,316,a,4,T20_316,train,False
T20_d06_316_b_4.jpg,T20,d06,316,b,4,T20_316,train,False
T20_d06_321_a_3.jpg,T20,d06,321,a,3,T20_321,val,False
T20_d06_321_b_3.jpg,T20,d06,321,b,3,T20_321,val,False
T20_d06_322_a_3.jpg,T20,d06,322,a,3,T20_322,train,False
T20_d06_322_b_3.jpg,T20,d06,322,b,3,T20_322,train,False
T20_d06_324_a_3.jpg,T20,d06,324,a,3,T20_324,train,False
T20_d06_324_b_3.jpg,T20,d06,324,b,3,T20_324,train,False
T20_d06_332_a_3.jpg,T20,d06,332,a,3,T20_332,train,False
T20_d06_332_b_3.jpg,T20,d06,332,b,3,T20_332,train,False
T20_d06_334_a_3.jpg,T20,d06,334,a,3,T20_334,val,False
T20_d06_334_b_3.jpg,T20,d06,334,b,3,T20_334,val,False
T20_d06_346_a_3.jpg,T20,d06,346,a,3,T20_346,train,True
T20_d06_346_b_3.jpg,T20,d06,346,b,3,T20_346,train,False
T20_d06_347_a_3.jpg,T20,d06,347,a,3,T20_347,train,True
T20_d06_347_b_3.jpg,T20,d06,347,b,3,T20_347,train,False
T20_d06_352_a_4.jpg,T20,d06,352,a,4,T20_352,nuevo,False
T20_d06_352_b_4.jpg,T20,d06,352,b,4,T20_352,nuevo,False
T20_d06_354_a_4.jpg,T20,d06,354,a,4,T20_354,train,False
T20_d06_354_b_4.jpg,T20,d06,354,b,4,T20_354,train,False
T20_d06_360_a_3.jpg,T20,d06,360,a,3,T20_360,test,False
T20_d06_360_b_3.jpg,T20,d06,360,b,3,T20_360,test,False
T20_d06_361_a_3.jpg,T20,d06,361,a,3,T20_361,nuevo,False
T20_d06_361_b_3.jpg,T20,d06,361,b,3,T20_361,nuevo,False
T20_d06_363_a_3.jpg,T20,d06,363,a,3,T20_363,val,False
T20_d06_363_b_3.jpg,T20,d06,363,b,3,T20_363,val,False
T20_d06_369_a_3.jpg,T20,d06,369,a,3,T20_369,train,False
T20_d06_369_b_3.jpg,T20,d06,369,b,3,T20_369,train,False
T20_d06_371_a_3.jpg,T20,d06,371,a,3,T20_371,val,False
T20_d06_371_b_3.jpg,T20,d06,371,b,3,T20_371,val,False
T20_d06_378_a_2.jpg,T20,d06,378,a,2,T20_378,train,False
T20_d06_378_b_2.jpg,T20,d06,378,b,2,T20_378,train,False
T20_d06_383_a_2.jpg,T20,d06,383,a,2,T20_383,val,False
T20_d06_383_b_2.jpg,T20,d06,383,b,2,T20_383,val,False
T20_d06_384_a_2.jpg,T20,d06,384,a,2,T20_384,train,False
T20_d06_384_b_2.jpg,T20,d06,384,b,2,T20_384,train,False
T20_d06_386_a_4.jpg,T20,d06,386,a,4,T20_386,train,False
T20_d06_386_b_4.jpg,T20,d06,386,b,4,T20_386,train,False
T20_d06_388_a_3.jpg,T20,d06,388,a,3,T20_388,train,False
T20_d06_388_b_3.jpg,T20,d06,388,b,3,T20_388,train,False
T20_d06_389_a_3.jpg,T20,d06,389,a,3,T20_389,train,True
T20_d06_389_b_3.jpg,T20,d06,389,b,3,T20_389,train,False
T20_d06_390_a_3.jpg,T20,d06,390,a,3,T20_390,train,False
T20_d06_390_b_3.jpg,T20,d06,390,b,3,T20_390,train,False
T20_d06_391_a_2.jpg,T20,d06,391,a,2,T20_391,train,False
T20_d06_391_b_2.jpg,T20,d06,391,b,2,T20_391,train,False
T20_d06_394_a_4.jpg,T20,d06,394,a,4,T20_394,nuevo,False
T20_d06_394_b_4.jpg,T20,d06,394,b,4,T20_394,nuevo,False
T20_d06_409_a_3.jpg,T20,d06,409,a,3,T20_409,train,False
T20_d06_409_b_3.jpg,T20,d06,409,b,3,T20_409,train,False
T20_d06_412_a_3.jpg,T20,d06,412,a,3,T20_412,nuevo,False
T20_d06_412_b_3.jpg,T20,d06,412,b,3,T20_412,nuevo,False
T20_d06_421_a_4.jpg,T20,d06,421,a,4,T20_421,train,False
T20_d06_421_b_4.jpg,T20,d06,421,b,4,T20_421,train,False
T20_d06_423_a_2.jpg,T20,d06,423,a,2,T20_423,train,False
T20_d06_423_b_2.jpg,T20,d06,423,b,2,T20_423,train,True
T20_d06_426_a_3.jpg,T20,d06,426,a,3,T20_426,train,False
T20_d06_426_b_3.jpg,T20,d06,426,b,3,T20_426,train,False
T20_d06_431_a_4.jpg,T20,d06,431,a,4,T20_431,train,False
T20_d06_431_b_4.jpg,T20,d06,431,b,4,T20_431,train,False
T20_d06_432_a_4.jpg,T20,d06,432,a,4,T20_432,nuevo,False
T20_d06_432_b_4.jpg,T20,d06,432,b,4,T20_432,nuevo,False
T20_d06_435_a_3.jpg,T20,d06,435,a,3,T20_435,train,False
T20_d06_435_b_3.jpg,T20,d06,435,b,3,T20_435,train,False
T20_d06_438_a_3.jpg,T20,d06,438,a,3,T20_438,train,False
T20_d06_438_b_3.jpg,T20,d06,438,b,3,T20_438,train,False
T20_d06_439_a_3.jpg,T20,d06,439,a,3,T20_439,train,False
T20_d06_439_b_3.jpg,T20,d06,439,b,3,T20_439,train,False
T20_d06_440_a_4.jpg,T20,d06,440,a,4,T20_440,nuevo,False
T20_d06_440_b_4.jpg,T20,d06,440,b,4,T20_440,nuevo,False
T20_d06_443_a_3.jpg,T20,d06,443,a,3,T20_443,train,False
T20_d06_443_b_3.jpg,T20,d06,443,b,3,T20_443,train,False
T20_d06_453_a_4.jpg,T20,d06,453,a,4,T20_453,val,False
T20_d06_453_b_4.jpg,T20,d06,453,b,4,T20_453,val,False
T20_d06_455_a_3.jpg,T20,d06,455,a,3,T20_455,nuevo,False
T20_d06_455_b_3.jpg,T20,d06,455,b,3,T20_455,nuevo,False
T20_d06_461_a_4.jpg,T20,d06,461,a,4,T20_461,train,False
T20_d06_461_b_4.jpg,T20,d06,461,b,4,T20_461,train,False
T20_d06_462_a_3.jpg,T20,d06,462,a,3,T20_462,test,False
T20_d06_462_b_3.jpg,T20,d06,462,b,3,T20_462,test,False
T20_d06_463_a_2.jpg,T20,d06,463,a,2,T20_463,train,True
T20_d06_463_b_2.jpg,T20,d06,463,b,2,T20_463,train,True
T20_d06_464_a_4.jpg,T20,d06,464,a,4,T20_464,train,False
T20_d06_464_b_4.jpg,T20,d06,464,b,4,T20_464,train,False
T20_d06_468_a_4.jpg,T20,d06,468,a,4,T20_468,test,False
T20_d06_468_b_4.jpg,T20,d06,468,b,4,T20_468,test,True
T20_d06_469_a_3.jpg,T20,d06,469,a,3,T20_469,train,False
T20_d06_469_b_3.jpg,T20,d06,469,b,3,T20_469,train,False
T20_d06_477_a_4.jpg,T20,d06,477,a,4,T20_477,train,False
T20_d06_477_b_4.jpg,T20,d06,477,b,4,T20_477,train,True
T20_d07_001_a_4.jpg,T20,d07,001,a,4,T20_001,train,False
T20_d07_001_b_4.jpg,T20,d07,001,b,4,T20_001,train,False
T20_d07_004_a_4.jpg,T20,d07,004,a,4,T20_004,train,False
T20_d07_004_b_4.jpg,T20,d07,004,b,4,T20_004,train,False
T20_d07_005_a_4.jpg,T20,d07,005,a,4,T20_005,train,True
T20_d07_005_b_4.jpg,T20,d07,005,b,4,T20_005,train,False
T20_d07_006_a_4.jpg,T20,d07,006,a,4,T20_006,val,True
T20_d07_006_b_4.jpg,T20,d07,006,b,4,T20_006,val,False
T20_d07_008_a_3.jpg,T20,d07,008,a,3,T20_008,train,False
T20_d07_008_b_3.jpg,T20,d07,008,b,3,T20_008,train,False
T20_d07_010_a_4.jpg,T20,d07,010,a,4,T20_010,val,False
T20_d07_010_b_4.jpg,T20,d07,010,b,4,T20_010,val,False
T20_d07_020_a_3.jpg,T20,d07,020,a,3,T20_020,test,False
T20_d07_020_b_3.jpg,T20,d07,020,b,3,T20_020,test,False
T20_d07_023_a_4.jpg,T20,d07,023,a,4,T20_023,nuevo,False
T20_d07_023_b_4.jpg,T20,d07,023,b,4,T20_023,nuevo,False
T20_d07_024_a_4.jpg,T20,d07,024,a,4,T20_024,nuevo,False
T20_d07_024_b_4.jpg,T20,d07,024,b,4,T20_024,nuevo,False
T20_d07_025_a_4.jpg,T20,d07,025,a,4,T20_025,train,False
T20_d07_025_b_4.jpg,T20,d07,025,b,4,T20_025,train,False
T20_d07_029_a_4.jpg,T20,d07,029,a,4,T20_029,train,False
T20_d07_029_b_4.jpg,T20,d07,029,b,4,T20_029,train,False
T20_d07_031_a_4.jpg,T20,d07,031,a,4,T20_031,nuevo,False
T20_d07_031_b_4.jpg,T20,d07,031,b,4,T20_031,nuevo,False
T20_d07_032_a_4.jpg,T20,d07,032,a,4,T20_032,train,False
T20_d07_032_b_4.jpg,T20,d07,032,b,4,T20_032,train,False
T20_d07_036_a_3.jpg,T20,d07,036,a,3,T20_036,nuevo,False
T20_d07_036_b_3.jpg,T20,d07,036,b,3,T20_036,nuevo,False
T20_d07_042_a_4.jpg,T20,d07,042,a,4,T20_042,train,False
T20_d07_042_b_4.jpg,T20,d07,042,b,4,T20_042,train,False
T20_d07_049_a_4.jpg,T20,d07,049,a,4,T20_049,train,False
T20_d07_049_b_4.jpg,T20,d07,049,b,4,T20_049,train,False
T20_d07_050_a_4.jpg,T20,d07,050,a,4,T20_050,train,False
T20_d07_050_b_4.jpg,T20,d07,050,b,4,T20_050,train,False
T20_d07_060_a_4.jpg,T20,d07,060,a,4,T20_060,train,False
T20_d07_060_b_4.jpg,T20,d07,060,b,4,T20_060,train,False
T20_d07_063_a_4.jpg,T20,d07,063,a,4,T20_063,val,False
T20_d07_063_b_4.jpg,T20,d07,063,b,4,T20_063,val,False
T20_d07_071_a_4.jpg,T20,d07,071,a,4,T20_071,train,False
T20_d07_071_b_4.jpg,T20,d07,071,b,4,T20_071,train,False
T20_d07_075_a_4.jpg,T20,d07,075,a,4,T20_075,val,False
T20_d07_075_b_4.jpg,T20,d07,075,b,4,T20_075,val,False
T20_d07_076_a_4.jpg,T20,d07,076,a,4,T20_076,train,False
T20_d07_076_b_4.jpg,T20,d07,076,b,4,T20_076,train,False
T20_d07_084_a_4.jpg,T20,d07,084,a,4,T20_084,train,False
T20_d07_084_b_4.jpg,T20,d07,084,b,4,T20_084,train,False
T20_d07_085_a_3.jpg,T20,d07,085,a,3,T20_085,test,True
T20_d07_085_b_3.jpg,T20,d07,085,b,3,T20_085,test,False
T20_d07_090_a_4.jpg,T20,d07,090,a,4,T20_090,train,False
T20_d07_090_b_4.jpg,T20,d07,090,b,4,T20_090,train,False
T20_d07_095_a_4.jpg,T20,d07,095,a,4,T20_095,train,False
T20_d07_095_b_4.jpg,T20,d07,095,b,4,T20_095,train,False
T20_d07_101_a_3.jpg,T20,d07,101,a,3,T20_101,nuevo,False
T20_d07_101_b_3.jpg,T20,d07,101,b,3,T20_101,nuevo,False
T20_d07_103_a_4.jpg,T20,d07,103,a,4,T20_103,train,False
T20_d07_103_b_4.jpg,T20,d07,103,b,4,T20_103,train,False
T20_d07_106_a_4.jpg,T20,d07,106,a,4,T20_106,train,False
T20_d07_106_b_4.jpg,T20,d07,106,b,4,T20_106,train,False
T20_d07_107_a_4.jpg,T20,d07,107,a,4,T20_107,train,False
T20_d07_107_b_4.jpg,T20,d07,107,b,4,T20_107,train,False
T20_d07_112_a_3.jpg,T20,d07,112,a,3,T20_112,train,False
T20_d07_112_b_3.jpg,T20,d07,112,b,3,T20_112,train,False
T20_d07_114_a_4.jpg,T20,d07,114,a,4,T20_114,train,False
T20_d07_114_b_4.jpg,T20,d07,114,b,4,T20_114,train,False
T20_d07_115_a_3.jpg,T20,d07,115,a,3,T20_115,train,False
T20_d07_115_b_3.jpg,T20,d07,115,b,3,T20_115,train,False
T20_d07_116_a_3.jpg,T20,d07,116,a,3,T20_116,nuevo,False
T20_d07_116_b_3.jpg,T20,d07,116,b,3,T20_116,nuevo,False
T20_d07_132_a_4.jpg,T20,d07,132,a,4,T20_132,train,False
T20_d07_132_b_4.jpg,T20,d07,132,b,4,T20_132,train,False
T20_d07_137_a_3.jpg,T20,d07,137,a,3,T20_137,train,False
T20_d07_137_b_3.jpg,T20,d07,137,b,3,T20_137,train,False
T20_d07_141_a_3.jpg,T20,d07,141,a,3,T20_141,test,True
T20_d07_141_b_3.jpg,T20,d07,141,b,3,T20_141,test,False
T20_d07_143_a_4.jpg,T20,d07,143,a,4,T20_143,train,False
T20_d07_143_b_4.jpg,T20,d07,143,b,4,T20_143,train,False
T20_d07_146_a_4.jpg,T20,d07,146,a,4,T20_146,train,False
T20_d07_146_b_4.jpg,T20,d07,146,b,4,T20_146,train,True
T20_d07_150_a_3.jpg,T20,d07,150,a,3,T20_150,train,False
T20_d07_150_b_3.jpg,T20,d07,150,b,3,T20_150,train,False
T20_d07_151_a_4.jpg,T20,d07,151,a,4,T20_151,val,False
T20_d07_151_b_4.jpg,T20,d07,151,b,4,T20_151,val,False
T20_d07_153_a_4.jpg,T20,d07,153,a,4,T20_153,val,False
T20_d07_153_b_4.jpg,T20,d07,153,b,4,T20_153,val,False
T20_d07_155_a_4.jpg,T20,d07,155,a,4,T20_155,train,False
T20_d07_155_b_4.jpg,T20,d07,155,b,4,T20_155,train,False
T20_d07_161_a_4.jpg,T20,d07,161,a,4,T20_161,test,False
T20_d07_161_b_4.jpg,T20,d07,161,b,4,T20_161,test,False
T20_d07_170_a_4.jpg,T20,d07,170,a,4,T20_170,train,False
T20_d07_170_b_4.jpg,T20,d07,170,b,4,T20_170,train,False
T20_d07_174_a_4.jpg,T20,d07,174,a,4,T20_174,train,True
T20_d07_174_b_4.jpg,T20,d07,174,b,4,T20_174,train,False
T20_d07_176_a_4.jpg,T20,d07,176,a,4,T20_176,val,True
T20_d07_176_b_4.jpg,T20,d07,176,b,4,T20_176,val,False
T20_d07_178_a_4.jpg,T20,d07,178,a,4,T20_178,nuevo,False
T20_d07_178_b_4.jpg,T20,d07,178,b,4,T20_178,nuevo,False
T20_d07_183_a_4.jpg,T20,d07,183,a,4,T20_183,train,False
T20_d07_183_b_4.jpg,T20,d07,183,b,4,T20_183,train,False
T20_d07_185_a_4.jpg,T20,d07,185,a,4,T20_185,train,False
T20_d07_185_b_4.jpg,T20,d07,185,b,4,T20_185,train,False
T20_d07_187_a_3.jpg,T20,d07,187,a,3,T20_187,train,False
T20_d07_187_b_3.jpg,T20,d07,187,b,3,T20_187,train,False
T20_d07_188_a_4.jpg,T20,d07,188,a,4,T20_188,train,True
T20_d07_188_b_4.jpg,T20,d07,188,b,4,T20_188,train,False
T20_d07_190_a_4.jpg,T20,d07,190,a,4,T20_190,test,False
T20_d07_190_b_4.jpg,T20,d07,190,b,4,T20_190,test,False
T20_d07_192_a_4.jpg,T20,d07,192,a,4,T20_192,nuevo,False
T20_d07_192_b_4.jpg,T20,d07,192,b,4,T20_192,nuevo,False
T20_d07_199_a_4.jpg,T20,d07,199,a,4,T20_199,val,False
T20_d07_199_b_4.jpg,T20,d07,199,b,4,T20_199,val,False
T20_d07_212_a_4.jpg,T20,d07,212,a,4,T20_212,train,False
T20_d07_212_b_4.jpg,T20,d07,212,b,4,T20_212,train,False
T20_d07_214_a_4.jpg,T20,d07,214,a,4,T20_214,train,True
T20_d07_214_b_4.jpg,T20,d07,214,b,4,T20_214,train,False
T20_d07_222_a_3.jpg,T20,d07,222,a,3,T20_222,train,True
T20_d07_222_b_3.jpg,T20,d07,222,b,3,T20_222,train,False
T20_d07_224_a_4.jpg,T20,d07,224,a,4,T20_224,val,False
T20_d07_224_b_4.jpg,T20,d07,224,b,4,T20_224,val,False
T20_d07_225_a_4.jpg,T20,d07,225,a,4,T20_225,train,False
T20_d07_225_b_4.jpg,T20,d07,225,b,4,T20_225,train,False
T20_d07_226_a_3.jpg,T20,d07,226,a,3,T20_226,train,False
T20_d07_226_b_3.jpg,T20,d07,226,b,3,T20_226,train,False
T20_d07_228_a_3.jpg,T20,d07,228,a,3,T20_228,test,False
T20_d07_228_b_3.jpg,T20,d07,228,b,3,T20_228,test,False
T20_d07_232_a_4.jpg,T20,d07,232,a,4,T20_232,nuevo,False
T20_d07_232_b_4.jpg,T20,d07,232,b,4,T20_232,nuevo,False
T20_d07_239_a_3.jpg,T20,d07,239,a,3,T20_239,val,True
T20_d07_239_b_3.jpg,T20,d07,239,b,3,T20_239,val,False
T20_d07_240_a_4.jpg,T20,d07,240,a,4,T20_240,test,False
T20_d07_240_b_4.jpg,T20,d07,240,b,4,T20_240,test,False
T20_d07_244_a_4.jpg,T20,d07,244,a,4,T20_244,train,False
T20_d07_244_b_4.jpg,T20,d07,244,b,4,T20_244,train,False
T20_d07_255_a_4.jpg,T20,d07,255,a,4,T20_255,train,False
T20_d07_255_b_4.jpg,T20,d07,255,b,4,T20_255,train,False
T20_d07_256_a_3.jpg,T20,d07,256,a,3,T20_256,train,False
T20_d07_256_b_3.jpg,T20,d07,256,b,3,T20_256,train,False
T20_d07_258_a_4.jpg,T20,d07,258,a,4,T20_258,train,False
T20_d07_258_b_4.jpg,T20,d07,258,b,4,T20_258,train,False
T20_d07_259_a_3.jpg,T20,d07,259,a,3,T20_259,train,False
T20_d07_259_b_3.jpg,T20,d07,259,b,3,T20_259,train,True
T20_d07_260_a_3.jpg,T20,d07,260,a,3,T20_260,train,False
T20_d07_260_b_3.jpg,T20,d07,260,b,3,T20_260,train,False
T20_d07_263_a_4.jpg,T20,d07,263,a,4,T20_263,train,False
T20_d07_263_b_4.jpg,T20,d07,263,b,4,T20_263,train,False
T20_d07_265_a_3.jpg,T20,d07,265,a,3,T20_265,train,False
T20_d07_265_b_3.jpg,T20,d07,265,b,3,T20_265,train,False
T20_d07_267_a_4.jpg,T20,d07,267,a,4,T20_267,train,False
T20_d07_267_b_4.jpg,T20,d07,267,b,4,T20_267,train,False
T20_d07_268_a_3.jpg,T20,d07,268,a,3,T20_268,train,False
T20_d07_268_b_3.jpg,T20,d07,268,b,3,T20_268,train,False
T20_d07_272_a_3.jpg,T20,d07,272,a,3,T20_272,train,False
T20_d07_272_b_3.jpg,T20,d07,272,b,3,T20_272,train,False
T20_d07_277_a_4.jpg,T20,d07,277,a,4,T20_277,train,False
T20_d07_277_b_4.jpg,T20,d07,277,b,4,T20_277,train,False
T20_d07_279_a_4.jpg,T20,d07,279,a,4,T20_279,test,False
T20_d07_279_b_4.jpg,T20,d07,279,b,4,T20_279,test,False
T20_d07_287_a_4.jpg,T20,d07,287,a,4,T20_287,train,False
T20_d07_287_b_4.jpg,T20,d07,287,b,4,T20_287,train,False
T20_d07_288_a_4.jpg,T20,d07,288,a,4,T20_288,train,False
T20_d07_288_b_4.jpg,T20,d07,288,b,4,T20_288,train,False
T20_d07_289_a_4.jpg,T20,d07,289,a,4,T20_289,test,False
T20_d07_289_b_4.jpg,T20,d07,289,b,4,T20_289,test,False
T20_d07_291_a_4.jpg,T20,d07,291,a,4,T20_291,val,False
T20_d07_291_b_4.jpg,T20,d07,291,b,4,T20_291,val,False
T20_d07_293_a_4.jpg,T20,d07,293,a,4,T20_293,train,False
T20_d07_293_b_4.jpg,T20,d07,293,b,4,T20_293,train,False
T20_d07_305_a_3.jpg,T20,d07,305,a,3,T20_305,nuevo,False
T20_d07_305_b_3.jpg,T20,d07,305,b,3,T20_305,nuevo,False
T20_d07_309_a_4.jpg,T20,d07,309,a,4,T20_309,val,False
T20_d07_309_b_4.jpg,T20,d07,309,b,4,T20_309,val,False
T20_d07_311_a_4.jpg,T20,d07,311,a,4,T20_311,train,False
T20_d07_311_b_4.jpg,T20,d07,311,b,4,T20_311,train,False
T20_d07_313_a_3.jpg,T20,d07,313,a,3,T20_313,test,False
T20_d07_313_b_3.jpg,T20,d07,313,b,3,T20_313,test,False
T20_d07_316_a_4.jpg,T20,d07,316,a,4,T20_316,train,False
T20_d07_316_b_4.jpg,T20,d07,316,b,4,T20_316,train,False
T20_d07_321_a_4.jpg,T20,d07,321,a,4,T20_321,val,False
T20_d07_321_b_4.jpg,T20,d07,321,b,4,T20_321,val,False
T20_d07_322_a_3.jpg,T20,d07,322,a,3,T20_322,train,False
T20_d07_322_b_3.jpg,T20,d07,322,b,3,T20_322,train,False
T20_d07_324_a_4.jpg,T20,d07,324,a,4,T20_324,train,False
T20_d07_324_b_4.jpg,T20,d07,324,b,4,T20_324,train,True
T20_d07_332_a_3.jpg,T20,d07,332,a,3,T20_332,train,False
T20_d07_332_b_3.jpg,T20,d07,332,b,3,T20_332,train,False
T20_d07_334_a_3.jpg,T20,d07,334,a,3,T20_334,val,False
T20_d07_334_b_3.jpg,T20,d07,334,b,3,T20_334,val,False
T20_d07_346_a_4.jpg,T20,d07,346,a,4,T20_346,train,False
T20_d07_346_b_4.jpg,T20,d07,346,b,4,T20_346,train,False
T20_d07_347_a_4.jpg,T20,d07,347,a,4,T20_347,train,False
T20_d07_347_b_4.jpg,T20,d07,347,b,4,T20_347,train,False
T20_d07_352_a_4.jpg,T20,d07,352,a,4,T20_352,nuevo,False
T20_d07_352_b_4.jpg,T20,d07,352,b,4,T20_352,nuevo,False
T20_d07_354_a_4.jpg,T20,d07,354,a,4,T20_354,train,False
T20_d07_354_b_4.jpg,T20,d07,354,b,4,T20_354,train,True
T20_d07_360_a_3.jpg,T20,d07,360,a,3,T20_360,test,False
T20_d07_360_b_3.jpg,T20,d07,360,b,3,T20_360,test,False
T20_d07_361_a_3.jpg,T20,d07,361,a,3,T20_361,nuevo,False
T20_d07_361_b_3.jpg,T20,d07,361,b,3,T20_361,nuevo,False
T20_d07_363_a_3.jpg,T20,d07,363,a,3,T20_363,val,False
T20_d07_363_b_3.jpg,T20,d07,363,b,3,T20_363,val,False
T20_d07_369_a_4.jpg,T20,d07,369,a,4,T20_369,train,False
T20_d07_369_b_4.jpg,T20,d07,369,b,4,T20_369,train,False
T20_d07_371_a_3.jpg,T20,d07,371,a,3,T20_371,val,True
T20_d07_371_b_3.jpg,T20,d07,371,b,3,T20_371,val,False
T20_d07_378_a_3.jpg,T20,d07,378,a,3,T20_378,train,False
T20_d07_378_b_3.jpg,T20,d07,378,b,3,T20_378,train,False
T20_d07_383_a_3.jpg,T20,d07,383,a,3,T20_383,val,True
T20_d07_383_b_3.jpg,T20,d07,383,b,3,T20_383,val,False
T20_d07_384_a_3.jpg,T20,d07,384,a,3,T20_384,train,False
T20_d07_384_b_3.jpg,T20,d07,384,b,3,T20_384,train,False
T20_d07_386_a_4.jpg,T20,d07,386,a,4,T20_386,train,True
T20_d07_386_b_4.jpg,T20,d07,386,b,4,T20_386,train,False
T20_d07_388_a_3.jpg,T20,d07,388,a,3,T20_388,train,False
T20_d07_388_b_3.jpg,T20,d07,388,b,3,T20_388,train,False
T20_d07_389_a_4.jpg,T20,d07,389,a,4,T20_389,train,False
T20_d07_389_b_4.jpg,T20,d07,389,b,4,T20_389,train,False
T20_d07_390_a_3.jpg,T20,d07,390,a,3,T20_390,train,False
T20_d07_390_b_3.jpg,T20,d07,390,b,3,T20_390,train,False
T20_d07_391_a_3.jpg,T20,d07,391,a,3,T20_391,train,False
T20_d07_391_b_3.jpg,T20,d07,391,b,3,T20_391,train,False
T20_d07_394_a_4.jpg,T20,d07,394,a,4,T20_394,nuevo,False
T20_d07_394_b_4.jpg,T20,d07,394,b,4,T20_394,nuevo,False
T20_d07_409_a_4.jpg,T20,d07,409,a,4,T20_409,train,False
T20_d07_409_b_4.jpg,T20,d07,409,b,4,T20_409,train,False
T20_d07_412_a_4.jpg,T20,d07,412,a,4,T20_412,nuevo,False
T20_d07_412_b_4.jpg,T20,d07,412,b,4,T20_412,nuevo,False
T20_d07_421_a_4.jpg,T20,d07,421,a,4,T20_421,train,False
T20_d07_421_b_4.jpg,T20,d07,421,b,4,T20_421,train,False
T20_d07_423_a_3.jpg,T20,d07,423,a,3,T20_423,train,False
T20_d07_423_b_3.jpg,T20,d07,423,b,3,T20_423,train,False
T20_d07_426_a_3.jpg,T20,d07,426,a,3,T20_426,train,False
T20_d07_426_b_3.jpg,T20,d07,426,b,3,T20_426,train,False
T20_d07_431_a_4.jpg,T20,d07,431,a,4,T20_431,train,False
T20_d07_431_b_4.jpg,T20,d07,431,b,4,T20_431,train,False
T20_d07_432_a_4.jpg,T20,d07,432,a,4,T20_432,nuevo,False
T20_d07_432_b_4.jpg,T20,d07,432,b,4,T20_432,nuevo,False
T20_d07_435_a_4.jpg,T20,d07,435,a,4,T20_435,train,True
T20_d07_435_b_4.jpg,T20,d07,435,b,4,T20_435,train,True
T20_d07_438_a_3.jpg,T20,d07,438,a,3,T20_438,train,True
T20_d07_438_b_3.jpg,T20,d07,438,b,3,T20_438,train,False
T20_d07_439_a_3.jpg,T20,d07,439,a,3,T20_439,train,False
T20_d07_439_b_3.jpg,T20,d07,439,b,3,T20_439,train,False
T20_d07_440_a_4.jpg,T20,d07,440,a,4,T20_440,nuevo,False
T20_d07_440_b_4.jpg,T20,d07,440,b,4,T20_440,nuevo,False
T20_d07_443_a_3.jpg,T20,d07,443,a,3,T20_443,train,False
T20_d07_443_b_3.jpg,T20,d07,443,b,3,T20_443,train,False
T20_d07_453_a_4.jpg,T20,d07,453,a,4,T20_453,val,False
T20_d07_453_b_4.jpg,T20,d07,453,b,4,T20_453,val,False
T20_d07_455_a_3.jpg,T20,d07,455,a,3,T20_455,nuevo,False
T20_d07_455_b_3.jpg,T20,d07,455,b,3,T20_455,nuevo,False
T20_d07_461_a_4.jpg,T20,d07,461,a,4,T20_461,train,True
T20_d07_461_b_4.jpg,T20,d07,461,b,4,T20_461,train,False
T20_d07_462_a_3.jpg,T20,d07,462,a,3,T20_462,test,True
T20_d07_462_b_3.jpg,T20,d07,462,b,3,T20_462,test,False
T20_d07_463_a_3.jpg,T20,d07,463,a,3,T20_463,train,False
T20_d07_463_b_3.jpg,T20,d07,463,b,3,T20_463,train,False
T20_d07_464_a_4.jpg,T20,d07,464,a,4,T20_464,train,False
T20_d07_464_b_4.jpg,T20,d07,464,b,4,T20_464,train,False
T20_d07_468_a_4.jpg,T20,d07,468,a,4,T20_468,test,False
T20_d07_468_b_4.jpg,T20,d07,468,b,4,T20_468,test,False
T20_d07_469_a_3.jpg,T20,d07,469,a,3,T20_469,train,False
T20_d07_469_b_3.jpg,T20,d07,469,b,3,T20_469,train,False
T20_d07_477_a_4.jpg,T20,d07,477,a,4,T20_477,train,False
T20_d07_477_b_4.jpg,T20,d07,477,b,4,T20_477,train,False
T20_d08_001_a_4.jpg,T20,d08,001,a,4,T20_001,train,False
T20_d08_001_b_4.jpg,T20,d08,001,b,4,T20_001,train,True
T20_d08_004_a_4.jpg,T20,d08,004,a,4,T20_004,train,False
T20_d08_004_b_4.jpg,T20,d08,004,b,4,T20_004,train,False
T20_d08_005_a_4.jpg,T20,d08,005,a,4,T20_005,train,False
T20_d08_005_b_4.jpg,T20,d08,005,b,4,T20_005,train,False
T20_d08_006_a_4.jpg,T20,d08,006,a,4,T20_006,val,True
T20_d08_006_b_4.jpg,T20,d08,006,b,4,T20_006,val,False
T20_d08_008_a_4.jpg,T20,d08,008,a,4,T20_008,train,False
T20_d08_008_b_4.jpg,T20,d08,008,b,4,T20_008,train,False
T20_d08_010_a_5.jpg,T20,d08,010,a,5,T20_010,val,False
T20_d08_010_b_5.jpg,T20,d08,010,b,5,T20_010,val,False
T20_d08_020_a_4.jpg,T20,d08,020,a,4,T20_020,test,False
T20_d08_020_b_4.jpg,T20,d08,020,b,4,T20_020,test,False
T20_d08_023_a_4.jpg,T20,d08,023,a,4,T20_023,nuevo,False
T20_d08_023_b_4.jpg,T20,d08,023,b,4,T20_023,nuevo,False
T20_d08_024_a_4.jpg,T20,d08,024,a,4,T20_024,nuevo,False
T20_d08_024_b_4.jpg,T20,d08,024,b,4,T20_024,nuevo,False
T20_d08_025_a_4.jpg,T20,d08,025,a,4,T20_025,train,True
T20_d08_025_b_4.jpg,T20,d08,025,b,4,T20_025,train,False
T20_d08_031_a_4.jpg,T20,d08,031,a,4,T20_031,nuevo,False
T20_d08_031_b_4.jpg,T20,d08,031,b,4,T20_031,nuevo,False
T20_d08_032_a_4.jpg,T20,d08,032,a,4,T20_032,train,False
T20_d08_032_b_4.jpg,T20,d08,032,b,4,T20_032,train,False
T20_d08_036_a_4.jpg,T20,d08,036,a,4,T20_036,nuevo,False
T20_d08_036_b_4.jpg,T20,d08,036,b,4,T20_036,nuevo,False
T20_d08_042_a_4.jpg,T20,d08,042,a,4,T20_042,train,True
T20_d08_042_b_4.jpg,T20,d08,042,b,4,T20_042,train,False
T20_d08_049_a_4.jpg,T20,d08,049,a,4,T20_049,train,False
T20_d08_049_b_4.jpg,T20,d08,049,b,4,T20_049,train,False
T20_d08_050_a_4.jpg,T20,d08,050,a,4,T20_050,train,True
T20_d08_050_b_4.jpg,T20,d08,050,b,4,T20_050,train,False
T20_d08_060_a_4.jpg,T20,d08,060,a,4,T20_060,train,False
T20_d08_060_b_4.jpg,T20,d08,060,b,4,T20_060,train,False
T20_d08_063_a_4.jpg,T20,d08,063,a,4,T20_063,val,False
T20_d08_063_b_4.jpg,T20,d08,063,b,4,T20_063,val,False
T20_d08_071_a_4.jpg,T20,d08,071,a,4,T20_071,train,False
T20_d08_071_b_4.jpg,T20,d08,071,b,4,T20_071,train,False
T20_d08_075_a_4.jpg,T20,d08,075,a,4,T20_075,val,False
T20_d08_075_b_4.jpg,T20,d08,075,b,4,T20_075,val,False
T20_d08_076_a_4.jpg,T20,d08,076,a,4,T20_076,train,False
T20_d08_076_b_4.jpg,T20,d08,076,b,4,T20_076,train,False
T20_d08_084_a_5.jpg,T20,d08,084,a,5,T20_084,train,False
T20_d08_084_b_5.jpg,T20,d08,084,b,5,T20_084,train,False
T20_d08_085_a_4.jpg,T20,d08,085,a,4,T20_085,test,False
T20_d08_085_b_4.jpg,T20,d08,085,b,4,T20_085,test,False
T20_d08_090_a_4.jpg,T20,d08,090,a,4,T20_090,train,False
T20_d08_090_b_4.jpg,T20,d08,090,b,4,T20_090,train,False
T20_d08_095_a_4.jpg,T20,d08,095,a,4,T20_095,train,False
T20_d08_095_b_4.jpg,T20,d08,095,b,4,T20_095,train,False
T20_d08_101_a_4.jpg,T20,d08,101,a,4,T20_101,nuevo,False
T20_d08_101_b_4.jpg,T20,d08,101,b,4,T20_101,nuevo,False
T20_d08_103_a_4.jpg,T20,d08,103,a,4,T20_103,train,False
T20_d08_103_b_4.jpg,T20,d08,103,b,4,T20_103,train,False
T20_d08_106_a_4.jpg,T20,d08,106,a,4,T20_106,train,False
T20_d08_106_b_4.jpg,T20,d08,106,b,4,T20_106,train,True
T20_d08_107_a_4.jpg,T20,d08,107,a,4,T20_107,train,False
T20_d08_107_b_4.jpg,T20,d08,107,b,4,T20_107,train,False
T20_d08_112_a_4.jpg,T20,d08,112,a,4,T20_112,train,False
T20_d08_112_b_4.jpg,T20,d08,112,b,4,T20_112,train,False
T20_d08_114_a_4.jpg,T20,d08,114,a,4,T20_114,train,False
T20_d08_114_b_4.jpg,T20,d08,114,b,4,T20_114,train,False
T20_d08_115_a_4.jpg,T20,d08,115,a,4,T20_115,train,False
T20_d08_115_b_4.jpg,T20,d08,115,b,4,T20_115,train,False
T20_d08_116_a_4.jpg,T20,d08,116,a,4,T20_116,nuevo,False
T20_d08_116_b_4.jpg,T20,d08,116,b,4,T20_116,nuevo,False
T20_d08_132_a_4.jpg,T20,d08,132,a,4,T20_132,train,False
T20_d08_132_b_4.jpg,T20,d08,132,b,4,T20_132,train,False
T20_d08_137_a_4.jpg,T20,d08,137,a,4,T20_137,train,False
T20_d08_137_b_4.jpg,T20,d08,137,b,4,T20_137,train,False
T20_d08_141_a_4.jpg,T20,d08,141,a,4,T20_141,test,False
T20_d08_141_b_4.jpg,T20,d08,141,b,4,T20_141,test,False
T20_d08_143_a_4.jpg,T20,d08,143,a,4,T20_143,train,False
T20_d08_143_b_4.jpg,T20,d08,143,b,4,T20_143,train,False
T20_d08_146_a_4.jpg,T20,d08,146,a,4,T20_146,train,False
T20_d08_146_b_4.jpg,T20,d08,146,b,4,T20_146,train,False
T20_d08_150_a_4.jpg,T20,d08,150,a,4,T20_150,train,True
T20_d08_150_b_4.jpg,T20,d08,150,b,4,T20_150,train,False
T20_d08_151_a_4.jpg,T20,d08,151,a,4,T20_151,val,False
T20_d08_151_b_4.jpg,T20,d08,151,b,4,T20_151,val,False
T20_d08_153_a_4.jpg,T20,d08,153,a,4,T20_153,val,False
T20_d08_153_b_4.jpg,T20,d08,153,b,4,T20_153,val,False
T20_d08_155_a_4.jpg,T20,d08,155,a,4,T20_155,train,False
T20_d08_155_b_4.jpg,T20,d08,155,b,4,T20_155,train,False
T20_d08_161_a_4.jpg,T20,d08,161,a,4,T20_161,test,False
T20_d08_161_b_4.jpg,T20,d08,161,b,4,T20_161,test,False
T20_d08_170_a_4.jpg,T20,d08,170,a,4,T20_170,train,False
T20_d08_170_b_4.jpg,T20,d08,170,b,4,T20_170,train,False
T20_d08_174_a_5.jpg,T20,d08,174,a,5,T20_174,train,False
T20_d08_174_b_5.jpg,T20,d08,174,b,5,T20_174,train,False
T20_d08_176_a_4.jpg,T20,d08,176,a,4,T20_176,val,False
T20_d08_176_b_4.jpg,T20,d08,176,b,4,T20_176,val,False
T20_d08_178_a_4.jpg,T20,d08,178,a,4,T20_178,nuevo,False
T20_d08_178_b_4.jpg,T20,d08,178,b,4,T20_178,nuevo,False
T20_d08_183_a_4.jpg,T20,d08,183,a,4,T20_183,train,False
T20_d08_183_b_4.jpg,T20,d08,183,b,4,T20_183,train,False
T20_d08_185_a_4.jpg,T20,d08,185,a,4,T20_185,train,False
T20_d08_185_b_4.jpg,T20,d08,185,b,4,T20_185,train,False
T20_d08_187_a_4.jpg,T20,d08,187,a,4,T20_187,train,True
T20_d08_187_b_4.jpg,T20,d08,187,b,4,T20_187,train,False
T20_d08_188_a_4.jpg,T20,d08,188,a,4,T20_188,train,False
T20_d08_188_b_4.jpg,T20,d08,188,b,4,T20_188,train,False
T20_d08_190_a_4.jpg,T20,d08,190,a,4,T20_190,test,False
T20_d08_190_b_4.jpg,T20,d08,190,b,4,T20_190,test,True
T20_d08_192_a_4.jpg,T20,d08,192,a,4,T20_192,nuevo,False
T20_d08_192_b_4.jpg,T20,d08,192,b,4,T20_192,nuevo,False
T20_d08_199_a_4.jpg,T20,d08,199,a,4,T20_199,val,False
T20_d08_199_b_4.jpg,T20,d08,199,b,4,T20_199,val,False
T20_d08_212_a_4.jpg,T20,d08,212,a,4,T20_212,train,False
T20_d08_212_b_4.jpg,T20,d08,212,b,4,T20_212,train,False
T20_d08_214_a_4.jpg,T20,d08,214,a,4,T20_214,train,True
T20_d08_214_b_4.jpg,T20,d08,214,b,4,T20_214,train,False
T20_d08_222_a_4.jpg,T20,d08,222,a,4,T20_222,train,False
T20_d08_222_b_4.jpg,T20,d08,222,b,4,T20_222,train,False
T20_d08_224_a_4.jpg,T20,d08,224,a,4,T20_224,val,False
T20_d08_224_b_4.jpg,T20,d08,224,b,4,T20_224,val,False
T20_d08_225_a_4.jpg,T20,d08,225,a,4,T20_225,train,False
T20_d08_225_b_4.jpg,T20,d08,225,b,4,T20_225,train,False
T20_d08_226_a_4.jpg,T20,d08,226,a,4,T20_226,train,False
T20_d08_226_b_4.jpg,T20,d08,226,b,4,T20_226,train,False
T20_d08_228_a_4.jpg,T20,d08,228,a,4,T20_228,test,False
T20_d08_228_b_4.jpg,T20,d08,228,b,4,T20_228,test,False
T20_d08_232_a_4.jpg,T20,d08,232,a,4,T20_232,nuevo,False
T20_d08_232_b_4.jpg,T20,d08,232,b,4,T20_232,nuevo,False
T20_d08_239_a_4.jpg,T20,d08,239,a,4,T20_239,val,False
T20_d08_239_b_4.jpg,T20,d08,239,b,4,T20_239,val,False
T20_d08_240_a_4.jpg,T20,d08,240,a,4,T20_240,test,False
T20_d08_240_b_4.jpg,T20,d08,240,b,4,T20_240,test,False
T20_d08_244_a_4.jpg,T20,d08,244,a,4,T20_244,train,False
T20_d08_244_b_4.jpg,T20,d08,244,b,4,T20_244,train,False
T20_d08_255_a_4.jpg,T20,d08,255,a,4,T20_255,train,False
T20_d08_255_b_4.jpg,T20,d08,255,b,4,T20_255,train,False
T20_d08_256_a_4.jpg,T20,d08,256,a,4,T20_256,train,False
T20_d08_256_b_4.jpg,T20,d08,256,b,4,T20_256,train,False
T20_d08_258_a_4.jpg,T20,d08,258,a,4,T20_258,train,False
T20_d08_258_b_4.jpg,T20,d08,258,b,4,T20_258,train,False
T20_d08_259_a_4.jpg,T20,d08,259,a,4,T20_259,train,False
T20_d08_259_b_4.jpg,T20,d08,259,b,4,T20_259,train,False
T20_d08_260_a_4.jpg,T20,d08,260,a,4,T20_260,train,True
T20_d08_260_b_4.jpg,T20,d08,260,b,4,T20_260,train,False
T20_d08_263_a_4.jpg,T20,d08,263,a,4,T20_263,train,False
T20_d08_263_b_4.jpg,T20,d08,263,b,4,T20_263,train,False
T20_d08_265_a_4.jpg,T20,d08,265,a,4,T20_265,train,False
T20_d08_265_b_4.jpg,T20,d08,265,b,4,T20_265,train,False
T20_d08_267_a_4.jpg,T20,d08,267,a,4,T20_267,train,False
T20_d08_267_b_4.jpg,T20,d08,267,b,4,T20_267,train,False
T20_d08_268_a_4.jpg,T20,d08,268,a,4,T20_268,train,False
T20_d08_268_b_4.jpg,T20,d08,268,b,4,T20_268,train,True
T20_d08_272_a_4.jpg,T20,d08,272,a,4,T20_272,train,False
T20_d08_272_b_4.jpg,T20,d08,272,b,4,T20_272,train,False
T20_d08_277_a_4.jpg,T20,d08,277,a,4,T20_277,train,False
T20_d08_277_b_4.jpg,T20,d08,277,b,4,T20_277,train,True
T20_d08_279_a_4.jpg,T20,d08,279,a,4,T20_279,test,False
T20_d08_279_b_4.jpg,T20,d08,279,b,4,T20_279,test,False
T20_d08_287_a_4.jpg,T20,d08,287,a,4,T20_287,train,False
T20_d08_287_b_4.jpg,T20,d08,287,b,4,T20_287,train,False
T20_d08_288_a_4.jpg,T20,d08,288,a,4,T20_288,train,False
T20_d08_288_b_4.jpg,T20,d08,288,b,4,T20_288,train,False
T20_d08_289_a_4.jpg,T20,d08,289,a,4,T20_289,test,False
T20_d08_289_b_4.jpg,T20,d08,289,b,4,T20_289,test,False
T20_d08_291_a_4.jpg,T20,d08,291,a,4,T20_291,val,False
T20_d08_291_b_4.jpg,T20,d08,291,b,4,T20_291,val,False
T20_d08_293_a_4.jpg,T20,d08,293,a,4,T20_293,train,False
T20_d08_293_b_4.jpg,T20,d08,293,b,4,T20_293,train,False
T20_d08_309_a_4.jpg,T20,d08,309,a,4,T20_309,val,False
T20_d08_309_b_4.jpg,T20,d08,309,b,4,T20_309,val,True
T20_d08_311_a_4.jpg,T20,d08,311,a,4,T20_311,train,False
T20_d08_311_b_4.jpg,T20,d08,311,b,4,T20_311,train,False
T20_d08_313_a_3.jpg,T20,d08,313,a,3,T20_313,test,False
T20_d08_313_b_3.jpg,T20,d08,313,b,3,T20_313,test,True
T20_d08_316_a_4.jpg,T20,d08,316,a,4,T20_316,train,False
T20_d08_316_b_4.jpg,T20,d08,316,b,4,T20_316,train,False
T20_d08_321_a_4.jpg,T20,d08,321,a,4,T20_321,val,False
T20_d08_321_b_4.jpg,T20,d08,321,b,4,T20_321,val,False
T20_d08_322_a_3.jpg,T20,d08,322,a,3,T20_322,train,False
T20_d08_322_b_3.jpg,T20,d08,322,b,3,T20_322,train,False
T20_d08_324_a_4.jpg,T20,d08,324,a,4,T20_324,train,False
T20_d08_324_b_4.jpg,T20,d08,324,b,4,T20_324,train,False
T20_d08_332_a_4.jpg,T20,d08,332,a,4,T20_332,train,False
T20_d08_332_b_4.jpg,T20,d08,332,b,4,T20_332,train,False
T20_d08_334_a_4.jpg,T20,d08,334,a,4,T20_334,val,False
T20_d08_334_b_4.jpg,T20,d08,334,b,4,T20_334,val,False
T20_d08_346_a_4.jpg,T20,d08,346,a,4,T20_346,train,True
T20_d08_346_b_4.jpg,T20,d08,346,b,4,T20_346,train,False
T20_d08_347_a_4.jpg,T20,d08,347,a,4,T20_347,train,False
T20_d08_347_b_4.jpg,T20,d08,347,b,4,T20_347,train,False
T20_d08_352_a_4.jpg,T20,d08,352,a,4,T20_352,nuevo,False
T20_d08_352_b_4.jpg,T20,d08,352,b,4,T20_352,nuevo,False
T20_d08_354_a_5.jpg,T20,d08,354,a,5,T20_354,train,False
T20_d08_354_b_5.jpg,T20,d08,354,b,5,T20_354,train,True
T20_d08_360_a_4.jpg,T20,d08,360,a,4,T20_360,test,False
T20_d08_360_b_4.jpg,T20,d08,360,b,4,T20_360,test,False
T20_d08_361_a_4.jpg,T20,d08,361,a,4,T20_361,nuevo,False
T20_d08_361_b_4.jpg,T20,d08,361,b,4,T20_361,nuevo,False
T20_d08_363_a_4.jpg,T20,d08,363,a,4,T20_363,val,False
T20_d08_363_b_4.jpg,T20,d08,363,b,4,T20_363,val,False
T20_d08_369_a_4.jpg,T20,d08,369,a,4,T20_369,train,False
T20_d08_369_b_4.jpg,T20,d08,369,b,4,T20_369,train,True
T20_d08_378_a_4.jpg,T20,d08,378,a,4,T20_378,train,False
T20_d08_378_b_4.jpg,T20,d08,378,b,4,T20_378,train,False
T20_d08_383_a_3.jpg,T20,d08,383,a,3,T20_383,val,False
T20_d08_383_b_3.jpg,T20,d08,383,b,3,T20_383,val,False
T20_d08_384_a_4.jpg,T20,d08,384,a,4,T20_384,train,False
T20_d08_384_b_4.jpg,T20,d08,384,b,4,T20_384,train,False
T20_d08_386_a_4.jpg,T20,d08,386,a,4,T20_386,train,False
T20_d08_386_b_4.jpg,T20,d08,386,b,4,T20_386,train,True
T20_d08_388_a_4.jpg,T20,d08,388,a,4,T20_388,train,False
T20_d08_388_b_4.jpg,T20,d08,388,b,4,T20_388,train,False
T20_d08_389_a_4.jpg,T20,d08,389,a,4,T20_389,train,False
T20_d08_389_b_4.jpg,T20,d08,389,b,4,T20_389,train,False
T20_d08_390_a_4.jpg,T20,d08,390,a,4,T20_390,train,False
T20_d08_390_b_4.jpg,T20,d08,390,b,4,T20_390,train,True
T20_d08_391_a_4.jpg,T20,d08,391,a,4,T20_391,train,False
T20_d08_391_b_4.jpg,T20,d08,391,b,4,T20_391,train,False
T20_d08_394_a_4.jpg,T20,d08,394,a,4,T20_394,nuevo,False
T20_d08_394_b_4.jpg,T20,d08,394,b,4,T20_394,nuevo,False
T20_d08_409_a_4.jpg,T20,d08,409,a,4,T20_409,train,False
T20_d08_409_b_4.jpg,T20,d08,409,b,4,T20_409,train,False
T20_d08_412_a_4.jpg,T20,d08,412,a,4,T20_412,nuevo,False
T20_d08_412_b_4.jpg,T20,d08,412,b,4,T20_412,nuevo,False
T20_d08_421_a_4.jpg,T20,d08,421,a,4,T20_421,train,False
T20_d08_421_b_4.jpg,T20,d08,421,b,4,T20_421,train,False
T20_d08_423_a_4.jpg,T20,d08,423,a,4,T20_423,train,False
T20_d08_423_b_4.jpg,T20,d08,423,b,4,T20_423,train,False
T20_d08_426_a_4.jpg,T20,d08,426,a,4,T20_426,train,False
T20_d08_426_b_4.jpg,T20,d08,426,b,4,T20_426,train,False
T20_d08_431_a_5.jpg,T20,d08,431,a,5,T20_431,train,False
T20_d08_431_b_5.jpg,T20,d08,431,b,5,T20_431,train,False
T20_d08_432_a_4.jpg,T20,d08,432,a,4,T20_432,nuevo,False
T20_d08_432_b_4.jpg,T20,d08,432,b,4,T20_432,nuevo,False
T20_d08_435_a_4.jpg,T20,d08,435,a,4,T20_435,train,False
T20_d08_435_b_4.jpg,T20,d08,435,b,4,T20_435,train,False
T20_d08_438_a_4.jpg,T20,d08,438,a,4,T20_438,train,True
T20_d08_438_b_4.jpg,T20,d08,438,b,4,T20_438,train,False
T20_d08_439_a_4.jpg,T20,d08,439,a,4,T20_439,train,False
T20_d08_439_b_4.jpg,T20,d08,439,b,4,T20_439,train,False
T20_d08_440_a_4.jpg,T20,d08,440,a,4,T20_440,nuevo,False
T20_d08_440_b_4.jpg,T20,d08,440,b,4,T20_440,nuevo,False
T20_d08_443_a_4.jpg,T20,d08,443,a,4,T20_443,train,False
T20_d08_443_b_4.jpg,T20,d08,443,b,4,T20_443,train,False
T20_d08_453_a_4.jpg,T20,d08,453,a,4,T20_453,val,False
T20_d08_453_b_4.jpg,T20,d08,453,b,4,T20_453,val,False
T20_d08_455_a_4.jpg,T20,d08,455,a,4,T20_455,nuevo,False
T20_d08_455_b_4.jpg,T20,d08,455,b,4,T20_455,nuevo,False
T20_d08_461_a_4.jpg,T20,d08,461,a,4,T20_461,train,False
T20_d08_461_b_4.jpg,T20,d08,461,b,4,T20_461,train,False
T20_d08_462_a_4.jpg,T20,d08,462,a,4,T20_462,test,False
T20_d08_462_b_4.jpg,T20,d08,462,b,4,T20_462,test,False
T20_d08_463_a_4.jpg,T20,d08,463,a,4,T20_463,train,False
T20_d08_463_b_4.jpg,T20,d08,463,b,4,T20_463,train,False
T20_d08_464_a_4.jpg,T20,d08,464,a,4,T20_464,train,False
T20_d08_464_b_4.jpg,T20,d08,464,b,4,T20_464,train,True
T20_d08_468_a_4.jpg,T20,d08,468,a,4,T20_468,test,False
T20_d08_468_b_4.jpg,T20,d08,468,b,4,T20_468,test,False
T20_d08_469_a_4.jpg,T20,d08,469,a,4,T20_469,train,False
T20_d08_469_b_4.jpg,T20,d08,469,b,4,T20_469,train,False
T20_d08_477_a_4.jpg,T20,d08,477,a,4,T20_477,train,False
T20_d08_477_b_4.jpg,T20,d08,477,b,4,T20_477,train,False
T20_d09_001_a_5.jpg,T20,d09,001,a,5,T20_001,train,False
T20_d09_001_b_5.jpg,T20,d09,001,b,5,T20_001,train,False
T20_d09_004_a_5.jpg,T20,d09,004,a,5,T20_004,train,False
T20_d09_004_b_5.jpg,T20,d09,004,b,5,T20_004,train,True
T20_d09_005_a_5.jpg,T20,d09,005,a,5,T20_005,train,False
T20_d09_005_b_5.jpg,T20,d09,005,b,5,T20_005,train,False
T20_d09_006_a_4.jpg,T20,d09,006,a,4,T20_006,val,False
T20_d09_006_b_4.jpg,T20,d09,006,b,4,T20_006,val,False
T20_d09_008_a_4.jpg,T20,d09,008,a,4,T20_008,train,False
T20_d09_008_b_4.jpg,T20,d09,008,b,4,T20_008,train,False
T20_d09_010_a_5.jpg,T20,d09,010,a,5,T20_010,val,False
T20_d09_010_b_5.jpg,T20,d09,010,b,5,T20_010,val,False
T20_d09_020_a_4.jpg,T20,d09,020,a,4,T20_020,test,False
T20_d09_020_b_4.jpg,T20,d09,020,b,4,T20_020,test,False
T20_d09_023_a_4.jpg,T20,d09,023,a,4,T20_023,nuevo,False
T20_d09_023_b_4.jpg,T20,d09,023,b,4,T20_023,nuevo,False
T20_d09_024_a_4.jpg,T20,d09,024,a,4,T20_024,nuevo,False
T20_d09_024_b_4.jpg,T20,d09,024,b,4,T20_024,nuevo,False
T20_d09_025_a_4.jpg,T20,d09,025,a,4,T20_025,train,False
T20_d09_025_b_4.jpg,T20,d09,025,b,4,T20_025,train,False
T20_d09_031_a_4.jpg,T20,d09,031,a,4,T20_031,nuevo,False
T20_d09_031_b_4.jpg,T20,d09,031,b,4,T20_031,nuevo,False
T20_d09_032_a_4.jpg,T20,d09,032,a,4,T20_032,train,False
T20_d09_032_b_4.jpg,T20,d09,032,b,4,T20_032,train,False
T20_d09_036_a_4.jpg,T20,d09,036,a,4,T20_036,nuevo,False
T20_d09_036_b_4.jpg,T20,d09,036,b,4,T20_036,nuevo,False
T20_d09_042_a_4.jpg,T20,d09,042,a,4,T20_042,train,False
T20_d09_042_b_4.jpg,T20,d09,042,b,4,T20_042,train,True
T20_d09_049_a_4.jpg,T20,d09,049,a,4,T20_049,train,True
T20_d09_049_b_4.jpg,T20,d09,049,b,4,T20_049,train,True
T20_d09_050_a_5.jpg,T20,d09,050,a,5,T20_050,train,False
T20_d09_050_b_5.jpg,T20,d09,050,b,5,T20_050,train,False
T20_d09_060_a_4.jpg,T20,d09,060,a,4,T20_060,train,False
T20_d09_060_b_4.jpg,T20,d09,060,b,4,T20_060,train,False
T20_d09_063_a_4.jpg,T20,d09,063,a,4,T20_063,val,False
T20_d09_063_b_4.jpg,T20,d09,063,b,4,T20_063,val,True
T20_d09_071_a_4.jpg,T20,d09,071,a,4,T20_071,train,False
T20_d09_071_b_4.jpg,T20,d09,071,b,4,T20_071,train,False
T20_d09_075_a_4.jpg,T20,d09,075,a,4,T20_075,val,False
T20_d09_075_b_4.jpg,T20,d09,075,b,4,T20_075,val,False
T20_d09_076_a_5.jpg,T20,d09,076,a,5,T20_076,train,False
T20_d09_076_b_5.jpg,T20,d09,076,b,5,T20_076,train,False
T20_d09_084_a_5.jpg,T20,d09,084,a,5,T20_084,train,False
T20_d09_084_b_5.jpg,T20,d09,084,b,5,T20_084,train,True
T20_d09_085_a_4.jpg,T20,d09,085,a,4,T20_085,test,False
T20_d09_085_b_4.jpg,T20,d09,085,b,4,T20_085,test,False
T20_d09_090_a_5.jpg,T20,d09,090,a,5,T20_090,train,True
T20_d09_090_b_5.jpg,T20,d09,090,b,5,T20_090,train,False
T20_d09_095_a_4.jpg,T20,d09,095,a,4,T20_095,train,False
T20_d09_095_b_4.jpg,T20,d09,095,b,4,T20_095,train,False
T20_d09_101_a_4.jpg,T20,d09,101,a,4,T20_101,nuevo,False
T20_d09_101_b_4.jpg,T20,d09,101,b,4,T20_101,nuevo,False
T20_d09_103_a_4.jpg,T20,d09,103,a,4,T20_103,train,False
T20_d09_103_b_4.jpg,T20,d09,103,b,4,T20_103,train,False
T20_d09_106_a_5.jpg,T20,d09,106,a,5,T20_106,train,False
T20_d09_106_b_5.jpg,T20,d09,106,b,5,T20_106,train,False
T20_d09_107_a_4.jpg,T20,d09,107,a,4,T20_107,train,False
T20_d09_107_b_4.jpg,T20,d09,107,b,4,T20_107,train,True
T20_d09_112_a_4.jpg,T20,d09,112,a,4,T20_112,train,False
T20_d09_112_b_4.jpg,T20,d09,112,b,4,T20_112,train,False
T20_d09_114_a_4.jpg,T20,d09,114,a,4,T20_114,train,False
T20_d09_114_b_4.jpg,T20,d09,114,b,4,T20_114,train,False
T20_d09_115_a_4.jpg,T20,d09,115,a,4,T20_115,train,False
T20_d09_115_b_4.jpg,T20,d09,115,b,4,T20_115,train,False
T20_d09_116_a_4.jpg,T20,d09,116,a,4,T20_116,nuevo,False
T20_d09_116_b_4.jpg,T20,d09,116,b,4,T20_116,nuevo,False
T20_d09_132_a_4.jpg,T20,d09,132,a,4,T20_132,train,False
T20_d09_132_b_4.jpg,T20,d09,132,b,4,T20_132,train,False
T20_d09_137_a_4.jpg,T20,d09,137,a,4,T20_137,train,False
T20_d09_137_b_4.jpg,T20,d09,137,b,4,T20_137,train,False
T20_d09_141_a_4.jpg,T20,d09,141,a,4,T20_141,test,False
T20_d09_141_b_4.jpg,T20,d09,141,b,4,T20_141,test,False
T20_d09_143_a_4.jpg,T20,d09,143,a,4,T20_143,train,False
T20_d09_143_b_4.jpg,T20,d09,143,b,4,T20_143,train,False
T20_d09_146_a_5.jpg,T20,d09,146,a,5,T20_146,train,False
T20_d09_146_b_5.jpg,T20,d09,146,b,5,T20_146,train,True
T20_d09_150_a_5.jpg,T20,d09,150,a,5,T20_150,train,False
T20_d09_150_b_5.jpg,T20,d09,150,b,5,T20_150,train,False
T20_d09_151_a_4.jpg,T20,d09,151,a,4,T20_151,val,False
T20_d09_151_b_4.jpg,T20,d09,151,b,4,T20_151,val,False
T20_d09_153_a_4.jpg,T20,d09,153,a,4,T20_153,val,False
T20_d09_153_b_4.jpg,T20,d09,153,b,4,T20_153,val,False
T20_d09_155_a_4.jpg,T20,d09,155,a,4,T20_155,train,False
T20_d09_155_b_4.jpg,T20,d09,155,b,4,T20_155,train,True
T20_d09_161_a_5.jpg,T20,d09,161,a,5,T20_161,test,False
T20_d09_161_b_5.jpg,T20,d09,161,b,5,T20_161,test,False
T20_d09_170_a_4.jpg,T20,d09,170,a,4,T20_170,train,False
T20_d09_170_b_4.jpg,T20,d09,170,b,4,T20_170,train,False
T20_d09_174_a_5.jpg,T20,d09,174,a,5,T20_174,train,False
T20_d09_174_b_5.jpg,T20,d09,174,b,5,T20_174,train,False
T20_d09_176_a_4.jpg,T20,d09,176,a,4,T20_176,val,False
T20_d09_176_b_4.jpg,T20,d09,176,b,4,T20_176,val,False
T20_d09_178_a_4.jpg,T20,d09,178,a,4,T20_178,nuevo,False
T20_d09_178_b_4.jpg,T20,d09,178,b,4,T20_178,nuevo,False
T20_d09_183_a_4.jpg,T20,d09,183,a,4,T20_183,train,False
T20_d09_183_b_4.jpg,T20,d09,183,b,4,T20_183,train,False
T20_d09_185_a_4.jpg,T20,d09,185,a,4,T20_185,train,False
T20_d09_185_b_4.jpg,T20,d09,185,b,4,T20_185,train,False
T20_d09_187_a_4.jpg,T20,d09,187,a,4,T20_187,train,False
T20_d09_187_b_4.jpg,T20,d09,187,b,4,T20_187,train,False
T20_d09_188_a_4.jpg,T20,d09,188,a,4,T20_188,train,False
T20_d09_188_b_4.jpg,T20,d09,188,b,4,T20_188,train,False
T20_d09_190_a_4.jpg,T20,d09,190,a,4,T20_190,test,False
T20_d09_190_b_4.jpg,T20,d09,190,b,4,T20_190,test,False
T20_d09_192_a_4.jpg,T20,d09,192,a,4,T20_192,nuevo,False
T20_d09_192_b_4.jpg,T20,d09,192,b,4,T20_192,nuevo,False
T20_d09_199_a_4.jpg,T20,d09,199,a,4,T20_199,val,False
T20_d09_199_b_4.jpg,T20,d09,199,b,4,T20_199,val,False
T20_d09_212_a_4.jpg,T20,d09,212,a,4,T20_212,train,False
T20_d09_212_b_4.jpg,T20,d09,212,b,4,T20_212,train,False
T20_d09_214_a_4.jpg,T20,d09,214,a,4,T20_214,train,False
T20_d09_214_b_4.jpg,T20,d09,214,b,4,T20_214,train,False
T20_d09_222_a_4.jpg,T20,d09,222,a,4,T20_222,train,False
T20_d09_222_b_4.jpg,T20,d09,222,b,4,T20_222,train,False
T20_d09_224_a_4.jpg,T20,d09,224,a,4,T20_224,val,False
T20_d09_224_b_4.jpg,T20,d09,224,b,4,T20_224,val,True
T20_d09_225_a_4.jpg,T20,d09,225,a,4,T20_225,train,False
T20_d09_225_b_4.jpg,T20,d09,225,b,4,T20_225,train,False
T20_d09_226_a_4.jpg,T20,d09,226,a,4,T20_226,train,False
T20_d09_226_b_4.jpg,T20,d09,226,b,4,T20_226,train,False
T20_d09_228_a_4.jpg,T20,d09,228,a,4,T20_228,test,False
T20_d09_228_b_4.jpg,T20,d09,228,b,4,T20_228,test,False
T20_d09_232_a_4.jpg,T20,d09,232,a,4,T20_232,nuevo,False
T20_d09_232_b_4.jpg,T20,d09,232,b,4,T20_232,nuevo,False
T20_d09_239_a_5.jpg,T20,d09,239,a,5,T20_239,val,False
T20_d09_239_b_5.jpg,T20,d09,239,b,5,T20_239,val,False
T20_d09_240_a_4.jpg,T20,d09,240,a,4,T20_240,test,False
T20_d09_240_b_4.jpg,T20,d09,240,b,4,T20_240,test,False
T20_d09_244_a_4.jpg,T20,d09,244,a,4,T20_244,train,False
T20_d09_244_b_4.jpg,T20,d09,244,b,4,T20_244,train,False
T20_d09_255_a_4.jpg,T20,d09,255,a,4,T20_255,train,False
T20_d09_255_b_4.jpg,T20,d09,255,b,4,T20_255,train,False
T20_d09_256_a_4.jpg,T20,d09,256,a,4,T20_256,train,True
T20_d09_256_b_4.jpg,T20,d09,256,b,4,T20_256,train,False
T20_d09_258_a_4.jpg,T20,d09,258,a,4,T20_258,train,False
T20_d09_258_b_4.jpg,T20,d09,258,b,4,T20_258,train,False
T20_d09_259_a_4.jpg,T20,d09,259,a,4,T20_259,train,False
T20_d09_259_b_4.jpg,T20,d09,259,b,4,T20_259,train,False
T20_d09_260_a_4.jpg,T20,d09,260,a,4,T20_260,train,False
T20_d09_260_b_4.jpg,T20,d09,260,b,4,T20_260,train,False
T20_d09_263_a_4.jpg,T20,d09,263,a,4,T20_263,train,False
T20_d09_263_b_4.jpg,T20,d09,263,b,4,T20_263,train,False
T20_d09_265_a_4.jpg,T20,d09,265,a,4,T20_265,train,False
T20_d09_265_b_4.jpg,T20,d09,265,b,4,T20_265,train,False
T20_d09_267_a_4.jpg,T20,d09,267,a,4,T20_267,train,False
T20_d09_267_b_4.jpg,T20,d09,267,b,4,T20_267,train,False
T20_d09_268_a_4.jpg,T20,d09,268,a,4,T20_268,train,False
T20_d09_268_b_4.jpg,T20,d09,268,b,4,T20_268,train,False
T20_d09_272_a_4.jpg,T20,d09,272,a,4,T20_272,train,True
T20_d09_272_b_4.jpg,T20,d09,272,b,4,T20_272,train,False
T20_d09_277_a_4.jpg,T20,d09,277,a,4,T20_277,train,False
T20_d09_277_b_4.jpg,T20,d09,277,b,4,T20_277,train,False
T20_d09_279_a_4.jpg,T20,d09,279,a,4,T20_279,test,False
T20_d09_279_b_4.jpg,T20,d09,279,b,4,T20_279,test,False
T20_d09_287_a_4.jpg,T20,d09,287,a,4,T20_287,train,False
T20_d09_287_b_4.jpg,T20,d09,287,b,4,T20_287,train,False
T20_d09_288_a_4.jpg,T20,d09,288,a,4,T20_288,train,True
T20_d09_288_b_4.jpg,T20,d09,288,b,4,T20_288,train,False
T20_d09_289_a_4.jpg,T20,d09,289,a,4,T20_289,test,False
T20_d09_289_b_4.jpg,T20,d09,289,b,4,T20_289,test,False
T20_d09_291_a_4.jpg,T20,d09,291,a,4,T20_291,val,False
T20_d09_291_b_4.jpg,T20,d09,291,b,4,T20_291,val,False
T20_d09_293_a_4.jpg,T20,d09,293,a,4,T20_293,train,False
T20_d09_293_b_4.jpg,T20,d09,293,b,4,T20_293,train,False
T20_d09_309_a_4.jpg,T20,d09,309,a,4,T20_309,val,False
T20_d09_309_b_4.jpg,T20,d09,309,b,4,T20_309,val,False
T20_d09_311_a_4.jpg,T20,d09,311,a,4,T20_311,train,False
T20_d09_311_b_4.jpg,T20,d09,311,b,4,T20_311,train,False
T20_d09_313_a_4.jpg,T20,d09,313,a,4,T20_313,test,False
T20_d09_313_b_4.jpg,T20,d09,313,b,4,T20_313,test,False
T20_d09_316_a_4.jpg,T20,d09,316,a,4,T20_316,train,False
T20_d09_316_b_4.jpg,T20,d09,316,b,4,T20_316,train,False
T20_d09_321_a_4.jpg,T20,d09,321,a,4,T20_321,val,False
T20_d09_321_b_4.jpg,T20,d09,321,b,4,T20_321,val,False
T20_d09_322_a_4.jpg,T20,d09,322,a,4,T20_322,train,False
T20_d09_322_b_4.jpg,T20,d09,322,b,4,T20_322,train,False
T20_d09_324_a_4.jpg,T20,d09,324,a,4,T20_324,train,False
T20_d09_324_b_4.jpg,T20,d09,324,b,4,T20_324,train,False
T20_d09_332_a_4.jpg,T20,d09,332,a,4,T20_332,train,False
T20_d09_332_b_4.jpg,T20,d09,332,b,4,T20_332,train,True
T20_d09_334_a_4.jpg,T20,d09,334,a,4,T20_334,val,True
T20_d09_334_b_4.jpg,T20,d09,334,b,4,T20_334,val,False
T20_d09_346_a_5.jpg,T20,d09,346,a,5,T20_346,train,False
T20_d09_346_b_5.jpg,T20,d09,346,b,5,T20_346,train,False
T20_d09_347_a_5.jpg,T20,d09,347,a,5,T20_347,train,False
T20_d09_347_b_5.jpg,T20,d09,347,b,5,T20_347,train,False
T20_d09_352_a_5.jpg,T20,d09,352,a,5,T20_352,nuevo,False
T20_d09_352_b_5.jpg,T20,d09,352,b,5,T20_352,nuevo,False
T20_d09_354_a_5.jpg,T20,d09,354,a,5,T20_354,train,False
T20_d09_354_b_5.jpg,T20,d09,354,b,5,T20_354,train,False
T20_d09_360_a_4.jpg,T20,d09,360,a,4,T20_360,test,False
T20_d09_360_b_4.jpg,T20,d09,360,b,4,T20_360,test,False
T20_d09_361_a_4.jpg,T20,d09,361,a,4,T20_361,nuevo,False
T20_d09_361_b_4.jpg,T20,d09,361,b,4,T20_361,nuevo,False
T20_d09_363_a_4.jpg,T20,d09,363,a,4,T20_363,val,False
T20_d09_363_b_4.jpg,T20,d09,363,b,4,T20_363,val,False
T20_d09_369_a_4.jpg,T20,d09,369,a,4,T20_369,train,False
T20_d09_369_b_4.jpg,T20,d09,369,b,4,T20_369,train,False
T20_d09_378_a_4.jpg,T20,d09,378,a,4,T20_378,train,False
T20_d09_378_b_4.jpg,T20,d09,378,b,4,T20_378,train,False
T20_d09_383_a_4.jpg,T20,d09,383,a,4,T20_383,val,False
T20_d09_383_b_4.jpg,T20,d09,383,b,4,T20_383,val,False
T20_d09_384_a_4.jpg,T20,d09,384,a,4,T20_384,train,False
T20_d09_384_b_4.jpg,T20,d09,384,b,4,T20_384,train,False
T20_d09_386_a_4.jpg,T20,d09,386,a,4,T20_386,train,False
T20_d09_386_b_4.jpg,T20,d09,386,b,4,T20_386,train,False
T20_d09_388_a_4.jpg,T20,d09,388,a,4,T20_388,train,False
T20_d09_388_b_4.jpg,T20,d09,388,b,4,T20_388,train,True
T20_d09_389_a_4.jpg,T20,d09,389,a,4,T20_389,train,False
T20_d09_389_b_4.jpg,T20,d09,389,b,4,T20_389,train,False
T20_d09_390_a_4.jpg,T20,d09,390,a,4,T20_390,train,False
T20_d09_390_b_4.jpg,T20,d09,390,b,4,T20_390,train,False
T20_d09_391_a_4.jpg,T20,d09,391,a,4,T20_391,train,False
T20_d09_391_b_4.jpg,T20,d09,391,b,4,T20_391,train,True
T20_d09_394_a_4.jpg,T20,d09,394,a,4,T20_394,nuevo,False
T20_d09_394_b_4.jpg,T20,d09,394,b,4,T20_394,nuevo,False
T20_d09_409_a_4.jpg,T20,d09,409,a,4,T20_409,train,False
T20_d09_409_b_4.jpg,T20,d09,409,b,4,T20_409,train,True
T20_d09_412_a_5.jpg,T20,d09,412,a,5,T20_412,nuevo,False
T20_d09_412_b_5.jpg,T20,d09,412,b,5,T20_412,nuevo,False
T20_d09_421_a_4.jpg,T20,d09,421,a,4,T20_421,train,True
T20_d09_421_b_4.jpg,T20,d09,421,b,4,T20_421,train,False
T20_d09_423_a_4.jpg,T20,d09,423,a,4,T20_423,train,False
T20_d09_423_b_4.jpg,T20,d09,423,b,4,T20_423,train,False
T20_d09_426_a_4.jpg,T20,d09,426,a,4,T20_426,train,False
T20_d09_426_b_4.jpg,T20,d09,426,b,4,T20_426,train,False
T20_d09_431_a_5.jpg,T20,d09,431,a,5,T20_431,train,False
T20_d09_431_b_5.jpg,T20,d09,431,b,5,T20_431,train,True
T20_d09_432_a_4.jpg,T20,d09,432,a,4,T20_432,nuevo,False
T20_d09_432_b_4.jpg,T20,d09,432,b,4,T20_432,nuevo,False
T20_d09_435_a_4.jpg,T20,d09,435,a,4,T20_435,train,False
T20_d09_435_b_4.jpg,T20,d09,435,b,4,T20_435,train,True
T20_d09_438_a_4.jpg,T20,d09,438,a,4,T20_438,train,False
T20_d09_438_b_4.jpg,T20,d09,438,b,4,T20_438,train,False
T20_d09_439_a_4.jpg,T20,d09,439,a,4,T20_439,train,False
T20_d09_439_b_4.jpg,T20,d09,439,b,4,T20_439,train,False
T20_d09_440_a_4.jpg,T20,d09,440,a,4,T20_440,nuevo,False
T20_d09_440_b_4.jpg,T20,d09,440,b,4,T20_440,nuevo,False
T20_d09_443_a_4.jpg,T20,d09,443,a,4,T20_443,train,False
T20_d09_443_b_4.jpg,T20,d09,443,b,4,T20_443,train,False
T20_d09_453_a_4.jpg,T20,d09,453,a,4,T20_453,val,False
T20_d09_453_b_4.jpg,T20,d09,453,b,4,T20_453,val,False
T20_d09_455_a_4.jpg,T20,d09,455,a,4,T20_455,nuevo,False
T20_d09_455_b_4.jpg,T20,d09,455,b,4,T20_455,nuevo,False
T20_d09_461_a_4.jpg,T20,d09,461,a,4,T20_461,train,False
T20_d09_461_b_4.jpg,T20,d09,461,b,4,T20_461,train,False
T20_d09_462_a_4.jpg,T20,d09,462,a,4,T20_462,test,True
T20_d09_462_b_4.jpg,T20,d09,462,b,4,T20_462,test,False
T20_d09_463_a_4.jpg,T20,d09,463,a,4,T20_463,train,False
T20_d09_463_b_4.jpg,T20,d09,463,b,4,T20_463,train,False
T20_d09_464_a_5.jpg,T20,d09,464,a,5,T20_464,train,False
T20_d09_464_b_5.jpg,T20,d09,464,b,5,T20_464,train,False
T20_d09_468_a_5.jpg,T20,d09,468,a,5,T20_468,test,True
T20_d09_468_b_5.jpg,T20,d09,468,b,5,T20_468,test,False
T20_d09_469_a_4.jpg,T20,d09,469,a,4,T20_469,train,False
T20_d09_469_b_4.jpg,T20,d09,469,b,4,T20_469,train,False
T20_d09_477_a_4.jpg,T20,d09,477,a,4,T20_477,train,False
T20_d09_477_b_4.jpg,T20,d09,477,b,4,T20_477,train,False
T20_d10_001_a_5.jpg,T20,d10,001,a,5,T20_001,train,True
T20_d10_001_b_5.jpg,T20,d10,001,b,5,T20_001,train,False
T20_d10_004_a_5.jpg,T20,d10,004,a,5,T20_004,train,True
T20_d10_004_b_5.jpg,T20,d10,004,b,5,T20_004,train,False
T20_d10_005_a_5.jpg,T20,d10,005,a,5,T20_005,train,False
T20_d10_005_b_5.jpg,T20,d10,005,b,5,T20_005,train,False
T20_d10_008_a_4.jpg,T20,d10,008,a,4,T20_008,train,False
T20_d10_008_b_4.jpg,T20,d10,008,b,4,T20_008,train,False
T20_d10_010_a_5.jpg,T20,d10,010,a,5,T20_010,val,False
T20_d10_010_b_5.jpg,T20,d10,010,b,5,T20_010,val,False
T20_d10_020_a_5.jpg,T20,d10,020,a,5,T20_020,test,False
T20_d10_020_b_5.jpg,T20,d10,020,b,5,T20_020,test,False
T20_d10_023_a_5.jpg,T20,d10,023,a,5,T20_023,nuevo,False
T20_d10_023_b_5.jpg,T20,d10,023,b,5,T20_023,nuevo,False
T20_d10_024_a_4.jpg,T20,d10,024,a,4,T20_024,nuevo,False
T20_d10_024_b_4.jpg,T20,d10,024,b,4,T20_024,nuevo,False
T20_d10_025_a_5.jpg,T20,d10,025,a,5,T20_025,train,False
T20_d10_025_b_5.jpg,T20,d10,025,b,5,T20_025,train,False
T20_d10_031_a_5.jpg,T20,d10,031,a,5,T20_031,nuevo,False
T20_d10_031_b_5.jpg,T20,d10,031,b,5,T20_031,nuevo,False
T20_d10_032_a_5.jpg,T20,d10,032,a,5,T20_032,train,False
T20_d10_032_b_5.jpg,T20,d10,032,b,5,T20_032,train,True
T20_d10_036_a_5.jpg,T20,d10,036,a,5,T20_036,nuevo,False
T20_d10_036_b_5.jpg,T20,d10,036,b,5,T20_036,nuevo,False
T20_d10_042_a_5.jpg,T20,d10,042,a,5,T20_042,train,False
T20_d10_042_b_5.jpg,T20,d10,042,b,5,T20_042,train,False
T20_d10_049_a_5.jpg,T20,d10,049,a,5,T20_049,train,False
T20_d10_049_b_5.jpg,T20,d10,049,b,5,T20_049,train,False
T20_d10_050_a_5.jpg,T20,d10,050,a,5,T20_050,train,True
T20_d10_050_b_5.jpg,T20,d10,050,b,5,T20_050,train,False
T20_d10_060_a_5.jpg,T20,d10,060,a,5,T20_060,train,True
T20_d10_060_b_5.jpg,T20,d10,060,b,5,T20_060,train,False
T20_d10_063_a_5.jpg,T20,d10,063,a,5,T20_063,val,False
T20_d10_063_b_5.jpg,T20,d10,063,b,5,T20_063,val,False
T20_d10_071_a_5.jpg,T20,d10,071,a,5,T20_071,train,True
T20_d10_071_b_5.jpg,T20,d10,071,b,5,T20_071,train,False
T20_d10_075_a_5.jpg,T20,d10,075,a,5,T20_075,val,False
T20_d10_075_b_5.jpg,T20,d10,075,b,5,T20_075,val,False
T20_d10_076_a_5.jpg,T20,d10,076,a,5,T20_076,train,False
T20_d10_076_b_5.jpg,T20,d10,076,b,5,T20_076,train,False
T20_d10_084_a_5.jpg,T20,d10,084,a,5,T20_084,train,False
T20_d10_084_b_5.jpg,T20,d10,084,b,5,T20_084,train,False
T20_d10_085_a_4.jpg,T20,d10,085,a,4,T20_085,test,False
T20_d10_085_b_4.jpg,T20,d10,085,b,4,T20_085,test,False
T20_d10_090_a_5.jpg,T20,d10,090,a,5,T20_090,train,False
T20_d10_090_b_5.jpg,T20,d10,090,b,5,T20_090,train,False
T20_d10_095_a_5.jpg,T20,d10,095,a,5,T20_095,train,False
T20_d10_095_b_5.jpg,T20,d10,095,b,5,T20_095,train,False
T20_d10_101_a_5.jpg,T20,d10,101,a,5,T20_101,nuevo,False
T20_d10_101_b_5.jpg,T20,d10,101,b,5,T20_101,nuevo,False
T20_d10_103_a_5.jpg,T20,d10,103,a,5,T20_103,train,False
T20_d10_103_b_5.jpg,T20,d10,103,b,5,T20_103,train,False
T20_d10_106_a_5.jpg,T20,d10,106,a,5,T20_106,train,False
T20_d10_106_b_5.jpg,T20,d10,106,b,5,T20_106,train,False
T20_d10_107_a_5.jpg,T20,d10,107,a,5,T20_107,train,False
T20_d10_107_b_5.jpg,T20,d10,107,b,5,T20_107,train,False
T20_d10_112_a_5.jpg,T20,d10,112,a,5,T20_112,train,False
T20_d10_112_b_5.jpg,T20,d10,112,b,5,T20_112,train,False
T20_d10_114_a_5.jpg,T20,d10,114,a,5,T20_114,train,False
T20_d10_114_b_5.jpg,T20,d10,114,b,5,T20_114,train,False
T20_d10_115_a_5.jpg,T20,d10,115,a,5,T20_115,train,False
T20_d10_115_b_5.jpg,T20,d10,115,b,5,T20_115,train,False
T20_d10_116_a_5.jpg,T20,d10,116,a,5,T20_116,nuevo,False
T20_d10_116_b_5.jpg,T20,d10,116,b,5,T20_116,nuevo,False
T20_d10_132_a_5.jpg,T20,d10,132,a,5,T20_132,train,False
T20_d10_132_b_5.jpg,T20,d10,132,b,5,T20_132,train,False
T20_d10_137_a_5.jpg,T20,d10,137,a,5,T20_137,train,False
T20_d10_137_b_5.jpg,T20,d10,137,b,5,T20_137,train,False
T20_d10_141_a_5.jpg,T20,d10,141,a,5,T20_141,test,True
T20_d10_141_b_5.jpg,T20,d10,141,b,5,T20_141,test,False
T20_d10_143_a_5.jpg,T20,d10,143,a,5,T20_143,train,False
T20_d10_143_b_5.jpg,T20,d10,143,b,5,T20_143,train,False
T20_d10_146_a_5.jpg,T20,d10,146,a,5,T20_146,train,False
T20_d10_146_b_5.jpg,T20,d10,146,b,5,T20_146,train,False
T20_d10_150_a_5.jpg,T20,d10,150,a,5,T20_150,train,False
T20_d10_150_b_5.jpg,T20,d10,150,b,5,T20_150,train,False
T20_d10_151_a_5.jpg,T20,d10,151,a,5,T20_151,val,False
T20_d10_151_b_5.jpg,T20,d10,151,b,5,T20_151,val,False
T20_d10_153_a_5.jpg,T20,d10,153,a,5,T20_153,val,False
T20_d10_153_b_5.jpg,T20,d10,153,b,5,T20_153,val,False
T20_d10_155_a_5.jpg,T20,d10,155,a,5,T20_155,train,False
T20_d10_155_b_5.jpg,T20,d10,155,b,5,T20_155,train,True
T20_d10_161_a_5.jpg,T20,d10,161,a,5,T20_161,test,False
T20_d10_161_b_5.jpg,T20,d10,161,b,5,T20_161,test,False
T20_d10_170_a_5.jpg,T20,d10,170,a,5,T20_170,train,False
T20_d10_170_b_5.jpg,T20,d10,170,b,5,T20_170,train,False
T20_d10_174_a_5.jpg,T20,d10,174,a,5,T20_174,train,False
T20_d10_174_b_5.jpg,T20,d10,174,b,5,T20_174,train,False
T20_d10_176_a_5.jpg,T20,d10,176,a,5,T20_176,val,False
T20_d10_176_b_5.jpg,T20,d10,176,b,5,T20_176,val,False
T20_d10_178_a_5.jpg,T20,d10,178,a,5,T20_178,nuevo,False
T20_d10_178_b_5.jpg,T20,d10,178,b,5,T20_178,nuevo,False
T20_d10_183_a_5.jpg,T20,d10,183,a,5,T20_183,train,False
T20_d10_183_b_5.jpg,T20,d10,183,b,5,T20_183,train,False
T20_d10_185_a_5.jpg,T20,d10,185,a,5,T20_185,train,False
T20_d10_185_b_5.jpg,T20,d10,185,b,5,T20_185,train,True
T20_d10_187_a_5.jpg,T20,d10,187,a,5,T20_187,train,False
T20_d10_187_b_5.jpg,T20,d10,187,b,5,T20_187,train,False
T20_d10_188_a_5.jpg,T20,d10,188,a,5,T20_188,train,False
T20_d10_188_b_5.jpg,T20,d10,188,b,5,T20_188,train,False
T20_d10_190_a_5.jpg,T20,d10,190,a,5,T20_190,test,False
T20_d10_190_b_5.jpg,T20,d10,190,b,5,T20_190,test,False
T20_d10_192_a_5.jpg,T20,d10,192,a,5,T20_192,nuevo,False
T20_d10_192_b_5.jpg,T20,d10,192,b,5,T20_192,nuevo,False
T20_d10_199_a_4.jpg,T20,d10,199,a,4,T20_199,val,False
T20_d10_199_b_4.jpg,T20,d10,199,b,4,T20_199,val,False
T20_d10_212_a_5.jpg,T20,d10,212,a,5,T20_212,train,True
T20_d10_212_b_5.jpg,T20,d10,212,b,5,T20_212,train,False
T20_d10_214_a_5.jpg,T20,d10,214,a,5,T20_214,train,False
T20_d10_214_b_5.jpg,T20,d10,214,b,5,T20_214,train,False
T20_d10_222_a_5.jpg,T20,d10,222,a,5,T20_222,train,False
T20_d10_222_b_5.jpg,T20,d10,222,b,5,T20_222,train,False
T20_d10_224_a_5.jpg,T20,d10,224,a,5,T20_224,val,False
T20_d10_224_b_5.jpg,T20,d10,224,b,5,T20_224,val,False
T20_d10_225_a_5.jpg,T20,d10,225,a,5,T20_225,train,False
T20_d10_225_b_5.jpg,T20,d10,225,b,5,T20_225,train,True
T20_d10_226_a_5.jpg,T20,d10,226,a,5,T20_226,train,False
T20_d10_226_b_5.jpg,T20,d10,226,b,5,T20_226,train,False
T20_d10_228_a_5.jpg,T20,d10,228,a,5,T20_228,test,False
T20_d10_228_b_5.jpg,T20,d10,228,b,5,T20_228,test,True
T20_d10_232_a_5.jpg,T20,d10,232,a,5,T20_232,nuevo,False
T20_d10_232_b_5.jpg,T20,d10,232,b,5,T20_232,nuevo,False
T20_d10_239_a_5.jpg,T20,d10,239,a,5,T20_239,val,False
T20_d10_239_b_5.jpg,T20,d10,239,b,5,T20_239,val,False
T20_d10_240_a_5.jpg,T20,d10,240,a,5,T20_240,test,False
T20_d10_240_b_5.jpg,T20,d10,240,b,5,T20_240,test,True
T20_d10_244_a_5.jpg,T20,d10,244,a,5,T20_244,train,False
T20_d10_244_b_5.jpg,T20,d10,244,b,5,T20_244,train,False
T20_d10_255_a_5.jpg,T20,d10,255,a,5,T20_255,train,False
T20_d10_255_b_5.jpg,T20,d10,255,b,5,T20_255,train,False
T20_d10_256_a_5.jpg,T20,d10,256,a,5,T20_256,train,False
T20_d10_256_b_5.jpg,T20,d10,256,b,5,T20_256,train,False
T20_d10_258_a_5.jpg,T20,d10,258,a,5,T20_258,train,False
T20_d10_258_b_5.jpg,T20,d10,258,b,5,T20_258,train,True
T20_d10_259_a_5.jpg,T20,d10,259,a,5,T20_259,train,False
T20_d10_259_b_5.jpg,T20,d10,259,b,5,T20_259,train,True
T20_d10_260_a_5.jpg,T20,d10,260,a,5,T20_260,train,False
T20_d10_260_b_5.jpg,T20,d10,260,b,5,T20_260,train,False
T20_d10_263_a_5.jpg,T20,d10,263,a,5,T20_263,train,False
T20_d10_263_b_5.jpg,T20,d10,263,b,5,T20_263,train,True
T20_d10_265_a_5.jpg,T20,d10,265,a,5,T20_265,train,False
T20_d10_265_b_5.jpg,T20,d10,265,b,5,T20_265,train,False
T20_d10_267_a_5.jpg,T20,d10,267,a,5,T20_267,train,False
T20_d10_267_b_5.jpg,T20,d10,267,b,5,T20_267,train,False
T20_d10_272_a_5.jpg,T20,d10,272,a,5,T20_272,train,False
T20_d10_272_b_5.jpg,T20,d10,272,b,5,T20_272,train,True
T20_d10_277_a_5.jpg,T20,d10,277,a,5,T20_277,train,False
T20_d10_277_b_5.jpg,T20,d10,277,b,5,T20_277,train,False
T20_d10_279_a_5.jpg,T20,d10,279,a,5,T20_279,test,False
T20_d10_279_b_5.jpg,T20,d10,279,b,5,T20_279,test,False
T20_d10_287_a_5.jpg,T20,d10,287,a,5,T20_287,train,False
T20_d10_287_b_5.jpg,T20,d10,287,b,5,T20_287,train,False
T20_d10_288_a_5.jpg,T20,d10,288,a,5,T20_288,train,False
T20_d10_288_b_5.jpg,T20,d10,288,b,5,T20_288,train,False
T20_d10_289_a_5.jpg,T20,d10,289,a,5,T20_289,test,False
T20_d10_289_b_5.jpg,T20,d10,289,b,5,T20_289,test,True
T20_d10_291_a_5.jpg,T20,d10,291,a,5,T20_291,val,False
T20_d10_291_b_5.jpg,T20,d10,291,b,5,T20_291,val,False
T20_d10_293_a_5.jpg,T20,d10,293,a,5,T20_293,train,False
T20_d10_293_b_5.jpg,T20,d10,293,b,5,T20_293,train,False
T20_d10_309_a_5.jpg,T20,d10,309,a,5,T20_309,val,False
T20_d10_309_b_5.jpg,T20,d10,309,b,5,T20_309,val,False
T20_d10_311_a_4.jpg,T20,d10,311,a,4,T20_311,train,True
T20_d10_311_b_4.jpg,T20,d10,311,b,4,T20_311,train,False
T20_d10_313_a_5.jpg,T20,d10,313,a,5,T20_313,test,False
T20_d10_313_b_5.jpg,T20,d10,313,b,5,T20_313,test,False
T20_d10_316_a_5.jpg,T20,d10,316,a,5,T20_316,train,False
T20_d10_316_b_5.jpg,T20,d10,316,b,5,T20_316,train,False
T20_d10_321_a_5.jpg,T20,d10,321,a,5,T20_321,val,False
T20_d10_321_b_5.jpg,T20,d10,321,b,5,T20_321,val,False
T20_d10_322_a_5.jpg,T20,d10,322,a,5,T20_322,train,False
T20_d10_322_b_5.jpg,T20,d10,322,b,5,T20_322,train,False
T20_d10_324_a_5.jpg,T20,d10,324,a,5,T20_324,train,False
T20_d10_324_b_5.jpg,T20,d10,324,b,5,T20_324,train,False
T20_d10_332_a_5.jpg,T20,d10,332,a,5,T20_332,train,False
T20_d10_332_b_5.jpg,T20,d10,332,b,5,T20_332,train,False
T20_d10_334_a_5.jpg,T20,d10,334,a,5,T20_334,val,True
T20_d10_334_b_5.jpg,T20,d10,334,b,5,T20_334,val,True
T20_d10_346_a_5.jpg,T20,d10,346,a,5,T20_346,train,False
T20_d10_346_b_5.jpg,T20,d10,346,b,5,T20_346,train,False
T20_d10_347_a_5.jpg,T20,d10,347,a,5,T20_347,train,False
T20_d10_347_b_5.jpg,T20,d10,347,b,5,T20_347,train,False
T20_d10_352_a_5.jpg,T20,d10,352,a,5,T20_352,nuevo,False
T20_d10_352_b_5.jpg,T20,d10,352,b,5,T20_352,nuevo,False
T20_d10_354_a_5.jpg,T20,d10,354,a,5,T20_354,train,False
T20_d10_354_b_5.jpg,T20,d10,354,b,5,T20_354,train,False
T20_d10_360_a_5.jpg,T20,d10,360,a,5,T20_360,test,False
T20_d10_360_b_5.jpg,T20,d10,360,b,5,T20_360,test,False
T20_d10_361_a_5.jpg,T20,d10,361,a,5,T20_361,nuevo,False
T20_d10_361_b_5.jpg,T20,d10,361,b,5,T20_361,nuevo,False
T20_d10_363_a_5.jpg,T20,d10,363,a,5,T20_363,val,False
T20_d10_363_b_5.jpg,T20,d10,363,b,5,T20_363,val,False
T20_d10_369_a_5.jpg,T20,d10,369,a,5,T20_369,train,False
T20_d10_369_b_5.jpg,T20,d10,369,b,5,T20_369,train,False
T20_d10_378_a_5.jpg,T20,d10,378,a,5,T20_378,train,False
T20_d10_378_b_5.jpg,T20,d10,378,b,5,T20_378,train,False
T20_d10_383_a_5.jpg,T20,d10,383,a,5,T20_383,val,False
T20_d10_383_b_5.jpg,T20,d10,383,b,5,T20_383,val,True
T20_d10_384_a_5.jpg,T20,d10,384,a,5,T20_384,train,False
T20_d10_384_b_5.jpg,T20,d10,384,b,5,T20_384,train,False
T20_d10_386_a_5.jpg,T20,d10,386,a,5,T20_386,train,False
T20_d10_386_b_5.jpg,T20,d10,386,b,5,T20_386,train,False
T20_d10_388_a_5.jpg,T20,d10,388,a,5,T20_388,train,False
T20_d10_388_b_5.jpg,T20,d10,388,b,5,T20_388,train,False
T20_d10_389_a_5.jpg,T20,d10,389,a,5,T20_389,train,False
T20_d10_389_b_5.jpg,T20,d10,389,b,5,T20_389,train,False
T20_d10_390_a_5.jpg,T20,d10,390,a,5,T20_390,train,False
T20_d10_390_b_5.jpg,T20,d10,390,b,5,T20_390,train,True
T20_d10_391_a_5.jpg,T20,d10,391,a,5,T20_391,train,False
T20_d10_391_b_5.jpg,T20,d10,391,b,5,T20_391,train,False
T20_d10_394_a_5.jpg,T20,d10,394,a,5,T20_394,nuevo,False
T20_d10_394_b_5.jpg,T20,d10,394,b,5,T20_394,nuevo,False
T20_d10_409_a_5.jpg,T20,d10,409,a,5,T20_409,train,False
T20_d10_409_b_5.jpg,T20,d10,409,b,5,T20_409,train,False
T20_d10_412_a_5.jpg,T20,d10,412,a,5,T20_412,nuevo,False
T20_d10_412_b_5.jpg,T20,d10,412,b,5,T20_412,nuevo,False
T20_d10_421_a_5.jpg,T20,d10,421,a,5,T20_421,train,False
T20_d10_421_b_5.jpg,T20,d10,421,b,5,T20_421,train,False
T20_d10_423_a_5.jpg,T20,d10,423,a,5,T20_423,train,False
T20_d10_423_b_5.jpg,T20,d10,423,b,5,T20_423,train,False
T20_d10_426_a_5.jpg,T20,d10,426,a,5,T20_426,train,False
T20_d10_426_b_5.jpg,T20,d10,426,b,5,T20_426,train,False
T20_d10_431_a_5.jpg,T20,d10,431,a,5,T20_431,train,False
T20_d10_431_b_5.jpg,T20,d10,431,b,5,T20_431,train,True
T20_d10_432_a_5.jpg,T20,d10,432,a,5,T20_432,nuevo,False
T20_d10_432_b_5.jpg,T20,d10,432,b,5,T20_432,nuevo,False
T20_d10_435_a_5.jpg,T20,d10,435,a,5,T20_435,train,False
T20_d10_435_b_5.jpg,T20,d10,435,b,5,T20_435,train,False
T20_d10_438_a_4.jpg,T20,d10,438,a,4,T20_438,train,False
T20_d10_438_b_4.jpg,T20,d10,438,b,4,T20_438,train,False
T20_d10_439_a_5.jpg,T20,d10,439,a,5,T20_439,train,False
T20_d10_439_b_5.jpg,T20,d10,439,b,5,T20_439,train,False
T20_d10_440_a_5.jpg,T20,d10,440,a,5,T20_440,nuevo,False
T20_d10_440_b_5.jpg,T20,d10,440,b,5,T20_440,nuevo,False
T20_d10_443_a_5.jpg,T20,d10,443,a,5,T20_443,train,False
T20_d10_443_b_5.jpg,T20,d10,443,b,5,T20_443,train,True
T20_d10_453_a_5.jpg,T20,d10,453,a,5,T20_453,val,False
T20_d10_453_b_5.jpg,T20,d10,453,b,5,T20_453,val,False
T20_d10_455_a_5.jpg,T20,d10,455,a,5,T20_455,nuevo,False
T20_d10_455_b_5.jpg,T20,d10,455,b,5,T20_455,nuevo,False
T20_d10_461_a_5.jpg,T20,d10,461,a,5,T20_461,train,False
T20_d10_461_b_5.jpg,T20,d10,461,b,5,T20_461,train,False
T20_d10_462_a_5.jpg,T20,d10,462,a,5,T20_462,test,False
T20_d10_462_b_5.jpg,T20,d10,462,b,5,T20_462,test,False
T20_d10_463_a_5.jpg,T20,d10,463,a,5,T20_463,train,False
T20_d10_463_b_5.jpg,T20,d10,463,b,5,T20_463,train,False
T20_d10_464_a_5.jpg,T20,d10,464,a,5,T20_464,train,False
T20_d10_464_b_5.jpg,T20,d10,464,b,5,T20_464,train,False
T20_d10_469_a_5.jpg,T20,d10,469,a,5,T20_469,train,False
T20_d10_469_b_5.jpg,T20,d10,469,b,5,T20_469,train,False
T20_d10_477_a_5.jpg,T20,d10,477,a,5,T20_477,train,False
T20_d10_477_b_5.jpg,T20,d10,477,b,5,T20_477,train,False
T20_d11_001_a_5.jpg,T20,d11,001,a,5,T20_001,train,False
T20_d11_001_b_5.jpg,T20,d11,001,b,5,T20_001,train,False
T20_d11_004_a_5.jpg,T20,d11,004,a,5,T20_004,train,False
T20_d11_004_b_5.jpg,T20,d11,004,b,5,T20_004,train,False
T20_d11_005_a_5.jpg,T20,d11,005,a,5,T20_005,train,False
T20_d11_005_b_5.jpg,T20,d11,005,b,5,T20_005,train,False
T20_d11_008_a_5.jpg,T20,d11,008,a,5,T20_008,train,False
T20_d11_008_b_5.jpg,T20,d11,008,b,5,T20_008,train,False
T20_d11_010_a_5.jpg,T20,d11,010,a,5,T20_010,val,False
T20_d11_010_b_5.jpg,T20,d11,010,b,5,T20_010,val,False
T20_d11_020_a_5.jpg,T20,d11,020,a,5,T20_020,test,False
T20_d11_020_b_5.jpg,T20,d11,020,b,5,T20_020,test,False
T20_d11_023_a_5.jpg,T20,d11,023,a,5,T20_023,nuevo,False
T20_d11_023_b_5.jpg,T20,d11,023,b,5,T20_023,nuevo,False
T20_d11_024_a_5.jpg,T20,d11,024,a,5,T20_024,nuevo,False
T20_d11_024_b_5.jpg,T20,d11,024,b,5,T20_024,nuevo,False
T20_d11_025_a_5.jpg,T20,d11,025,a,5,T20_025,train,False
T20_d11_025_b_5.jpg,T20,d11,025,b,5,T20_025,train,False
T20_d11_031_a_5.jpg,T20,d11,031,a,5,T20_031,nuevo,False
T20_d11_031_b_5.jpg,T20,d11,031,b,5,T20_031,nuevo,False
T20_d11_032_a_5.jpg,T20,d11,032,a,5,T20_032,train,False
T20_d11_032_b_5.jpg,T20,d11,032,b,5,T20_032,train,False
T20_d11_036_a_5.jpg,T20,d11,036,a,5,T20_036,nuevo,False
T20_d11_036_b_5.jpg,T20,d11,036,b,5,T20_036,nuevo,False
T20_d11_042_a_5.jpg,T20,d11,042,a,5,T20_042,train,False
T20_d11_042_b_5.jpg,T20,d11,042,b,5,T20_042,train,True
T20_d11_049_a_5.jpg,T20,d11,049,a,5,T20_049,train,False
T20_d11_049_b_5.jpg,T20,d11,049,b,5,T20_049,train,False
T20_d11_050_a_5.jpg,T20,d11,050,a,5,T20_050,train,False
T20_d11_050_b_5.jpg,T20,d11,050,b,5,T20_050,train,False
T20_d11_060_a_5.jpg,T20,d11,060,a,5,T20_060,train,False
T20_d11_060_b_5.jpg,T20,d11,060,b,5,T20_060,train,False
T20_d11_063_a_5.jpg,T20,d11,063,a,5,T20_063,val,False
T20_d11_063_b_5.jpg,T20,d11,063,b,5,T20_063,val,False
T20_d11_071_a_5.jpg,T20,d11,071,a,5,T20_071,train,False
T20_d11_071_b_5.jpg,T20,d11,071,b,5,T20_071,train,False
T20_d11_075_a_5.jpg,T20,d11,075,a,5,T20_075,val,True
T20_d11_075_b_5.jpg,T20,d11,075,b,5,T20_075,val,False
T20_d11_076_a_5.jpg,T20,d11,076,a,5,T20_076,train,False
T20_d11_076_b_5.jpg,T20,d11,076,b,5,T20_076,train,False
T20_d11_084_a_5.jpg,T20,d11,084,a,5,T20_084,train,False
T20_d11_084_b_5.jpg,T20,d11,084,b,5,T20_084,train,False
T20_d11_085_a_5.jpg,T20,d11,085,a,5,T20_085,test,False
T20_d11_085_b_5.jpg,T20,d11,085,b,5,T20_085,test,False
T20_d11_090_a_5.jpg,T20,d11,090,a,5,T20_090,train,False
T20_d11_090_b_5.jpg,T20,d11,090,b,5,T20_090,train,False
T20_d11_095_a_5.jpg,T20,d11,095,a,5,T20_095,train,False
T20_d11_095_b_5.jpg,T20,d11,095,b,5,T20_095,train,False
T20_d11_101_a_5.jpg,T20,d11,101,a,5,T20_101,nuevo,False
T20_d11_101_b_5.jpg,T20,d11,101,b,5,T20_101,nuevo,False
T20_d11_103_a_5.jpg,T20,d11,103,a,5,T20_103,train,False
T20_d11_103_b_5.jpg,T20,d11,103,b,5,T20_103,train,False
T20_d11_106_a_5.jpg,T20,d11,106,a,5,T20_106,train,False
T20_d11_106_b_5.jpg,T20,d11,106,b,5,T20_106,train,False
T20_d11_107_a_5.jpg,T20,d11,107,a,5,T20_107,train,False
T20_d11_107_b_5.jpg,T20,d11,107,b,5,T20_107,train,False
T20_d11_112_a_5.jpg,T20,d11,112,a,5,T20_112,train,False
T20_d11_112_b_5.jpg,T20,d11,112,b,5,T20_112,train,True
T20_d11_114_a_5.jpg,T20,d11,114,a,5,T20_114,train,False
T20_d11_114_b_5.jpg,T20,d11,114,b,5,T20_114,train,False
T20_d11_115_a_5.jpg,T20,d11,115,a,5,T20_115,train,False
T20_d11_115_b_5.jpg,T20,d11,115,b,5,T20_115,train,False
T20_d11_116_a_5.jpg,T20,d11,116,a,5,T20_116,nuevo,False
T20_d11_116_b_5.jpg,T20,d11,116,b,5,T20_116,nuevo,False
T20_d11_132_a_5.jpg,T20,d11,132,a,5,T20_132,train,False
T20_d11_132_b_5.jpg,T20,d11,132,b,5,T20_132,train,True
T20_d11_137_a_5.jpg,T20,d11,137,a,5,T20_137,train,False
T20_d11_137_b_5.jpg,T20,d11,137,b,5,T20_137,train,False
T20_d11_141_a_5.jpg,T20,d11,141,a,5,T20_141,test,False
T20_d11_141_b_5.jpg,T20,d11,141,b,5,T20_141,test,False
T20_d11_143_a_5.jpg,T20,d11,143,a,5,T20_143,train,False
T20_d11_143_b_5.jpg,T20,d11,143,b,5,T20_143,train,False
T20_d11_146_a_5.jpg,T20,d11,146,a,5,T20_146,train,False
T20_d11_146_b_5.jpg,T20,d11,146,b,5,T20_146,train,False
T20_d11_150_a_5.jpg,T20,d11,150,a,5,T20_150,train,False
T20_d11_150_b_5.jpg,T20,d11,150,b,5,T20_150,train,False
T20_d11_151_a_5.jpg,T20,d11,151,a,5,T20_151,val,False
T20_d11_151_b_5.jpg,T20,d11,151,b,5,T20_151,val,False
T20_d11_153_a_5.jpg,T20,d11,153,a,5,T20_153,val,True
T20_d11_153_b_5.jpg,T20,d11,153,b,5,T20_153,val,False
T20_d11_155_a_5.jpg,T20,d11,155,a,5,T20_155,train,False
T20_d11_155_b_5.jpg,T20,d11,155,b,5,T20_155,train,False
T20_d11_161_a_5.jpg,T20,d11,161,a,5,T20_161,test,True
T20_d11_161_b_5.jpg,T20,d11,161,b,5,T20_161,test,False
T20_d11_170_a_5.jpg,T20,d11,170,a,5,T20_170,train,False
T20_d11_170_b_5.jpg,T20,d11,170,b,5,T20_170,train,False
T20_d11_174_a_5.jpg,T20,d11,174,a,5,T20_174,train,False
T20_d11_174_b_5.jpg,T20,d11,174,b,5,T20_174,train,False
T20_d11_176_a_5.jpg,T20,d11,176,a,5,T20_176,val,True
T20_d11_176_b_5.jpg,T20,d11,176,b,5,T20_176,val,False
T20_d11_178_a_5.jpg,T20,d11,178,a,5,T20_178,nuevo,False
T20_d11_178_b_5.jpg,T20,d11,178,b,5,T20_178,nuevo,False
T20_d11_183_a_5.jpg,T20,d11,183,a,5,T20_183,train,False
T20_d11_183_b_5.jpg,T20,d11,183,b,5,T20_183,train,False
T20_d11_185_a_5.jpg,T20,d11,185,a,5,T20_185,train,False
T20_d11_185_b_5.jpg,T20,d11,185,b,5,T20_185,train,False
T20_d11_187_a_5.jpg,T20,d11,187,a,5,T20_187,train,False
T20_d11_187_b_5.jpg,T20,d11,187,b,5,T20_187,train,False
T20_d11_188_a_5.jpg,T20,d11,188,a,5,T20_188,train,False
T20_d11_188_b_5.jpg,T20,d11,188,b,5,T20_188,train,False
T20_d11_190_a_5.jpg,T20,d11,190,a,5,T20_190,test,True
T20_d11_190_b_5.jpg,T20,d11,190,b,5,T20_190,test,False
T20_d11_192_a_5.jpg,T20,d11,192,a,5,T20_192,nuevo,False
T20_d11_192_b_5.jpg,T20,d11,192,b,5,T20_192,nuevo,False
T20_d11_199_a_5.jpg,T20,d11,199,a,5,T20_199,val,False
T20_d11_199_b_5.jpg,T20,d11,199,b,5,T20_199,val,False
T20_d11_212_a_5.jpg,T20,d11,212,a,5,T20_212,train,False
T20_d11_212_b_5.jpg,T20,d11,212,b,5,T20_212,train,False
T20_d11_214_a_5.jpg,T20,d11,214,a,5,T20_214,train,False
T20_d11_214_b_5.jpg,T20,d11,214,b,5,T20_214,train,False
T20_d11_222_a_5.jpg,T20,d11,222,a,5,T20_222,train,False
T20_d11_222_b_5.jpg,T20,d11,222,b,5,T20_222,train,False
T20_d11_224_a_5.jpg,T20,d11,224,a,5,T20_224,val,False
T20_d11_224_b_5.jpg,T20,d11,224,b,5,T20_224,val,True
T20_d11_225_a_5.jpg,T20,d11,225,a,5,T20_225,train,False
T20_d11_225_b_5.jpg,T20,d11,225,b,5,T20_225,train,False
T20_d11_226_a_5.jpg,T20,d11,226,a,5,T20_226,train,False
T20_d11_226_b_5.jpg,T20,d11,226,b,5,T20_226,train,False
T20_d11_228_a_5.jpg,T20,d11,228,a,5,T20_228,test,False
T20_d11_228_b_5.jpg,T20,d11,228,b,5,T20_228,test,False
T20_d11_232_a_5.jpg,T20,d11,232,a,5,T20_232,nuevo,False
T20_d11_232_b_5.jpg,T20,d11,232,b,5,T20_232,nuevo,False
T20_d11_239_a_5.jpg,T20,d11,239,a,5,T20_239,val,False
T20_d11_239_b_5.jpg,T20,d11,239,b,5,T20_239,val,False
T20_d11_240_a_5.jpg,T20,d11,240,a,5,T20_240,test,False
T20_d11_240_b_5.jpg,T20,d11,240,b,5,T20_240,test,False
T20_d11_244_a_5.jpg,T20,d11,244,a,5,T20_244,train,False
T20_d11_244_b_5.jpg,T20,d11,244,b,5,T20_244,train,True
T20_d11_255_a_5.jpg,T20,d11,255,a,5,T20_255,train,False
T20_d11_255_b_5.jpg,T20,d11,255,b,5,T20_255,train,False
T20_d11_256_a_5.jpg,T20,d11,256,a,5,T20_256,train,False
T20_d11_256_b_5.jpg,T20,d11,256,b,5,T20_256,train,False
T20_d11_258_a_5.jpg,T20,d11,258,a,5,T20_258,train,False
T20_d11_258_b_5.jpg,T20,d11,258,b,5,T20_258,train,False
T20_d11_259_a_5.jpg,T20,d11,259,a,5,T20_259,train,False
T20_d11_259_b_5.jpg,T20,d11,259,b,5,T20_259,train,False
T20_d11_260_a_5.jpg,T20,d11,260,a,5,T20_260,train,False
T20_d11_260_b_5.jpg,T20,d11,260,b,5,T20_260,train,False
T20_d11_263_a_5.jpg,T20,d11,263,a,5,T20_263,train,False
T20_d11_263_b_5.jpg,T20,d11,263,b,5,T20_263,train,False
T20_d11_265_a_5.jpg,T20,d11,265,a,5,T20_265,train,False
T20_d11_265_b_5.jpg,T20,d11,265,b,5,T20_265,train,False
T20_d11_267_a_5.jpg,T20,d11,267,a,5,T20_267,train,False
T20_d11_267_b_5.jpg,T20,d11,267,b,5,T20_267,train,False
T20_d11_272_a_5.jpg,T20,d11,272,a,5,T20_272,train,False
T20_d11_272_b_5.jpg,T20,d11,272,b,5,T20_272,train,False
T20_d11_277_a_5.jpg,T20,d11,277,a,5,T20_277,train,False
T20_d11_277_b_5.jpg,T20,d11,277,b,5,T20_277,train,False
T20_d11_279_a_5.jpg,T20,d11,279,a,5,T20_279,test,False
T20_d11_279_b_5.jpg,T20,d11,279,b,5,T20_279,test,False
T20_d11_287_a_5.jpg,T20,d11,287,a,5,T20_287,train,False
T20_d11_287_b_5.jpg,T20,d11,287,b,5,T20_287,train,False
T20_d11_288_a_5.jpg,T20,d11,288,a,5,T20_288,train,False
T20_d11_288_b_5.jpg,T20,d11,288,b,5,T20_288,train,False
T20_d11_289_a_5.jpg,T20,d11,289,a,5,T20_289,test,False
T20_d11_289_b_5.jpg,T20,d11,289,b,5,T20_289,test,False
T20_d11_291_a_5.jpg,T20,d11,291,a,5,T20_291,val,False
T20_d11_291_b_5.jpg,T20,d11,291,b,5,T20_291,val,False
T20_d11_293_a_5.jpg,T20,d11,293,a,5,T20_293,train,True
T20_d11_293_b_5.jpg,T20,d11,293,b,5,T20_293,train,False
T20_d11_309_a_5.jpg,T20,d11,309,a,5,T20_309,val,False
T20_d11_309_b_5.jpg,T20,d11,309,b,5,T20_309,val,False
T20_d11_311_a_5.jpg,T20,d11,311,a,5,T20_311,train,False
T20_d11_311_b_5.jpg,T20,d11,311,b,5,T20_311,train,True
T20_d11_313_a_5.jpg,T20,d11,313,a,5,T20_313,test,False
T20_d11_313_b_5.jpg,T20,d11,313,b,5,T20_313,test,False
T20_d11_316_a_5.jpg,T20,d11,316,a,5,T20_316,train,False
T20_d11_316_b_5.jpg,T20,d11,316,b,5,T20_316,train,False
T20_d11_321_a_5.jpg,T20,d11,321,a,5,T20_321,val,False
T20_d11_321_b_5.jpg,T20,d11,321,b,5,T20_321,val,False
T20_d11_322_a_5.jpg,T20,d11,322,a,5,T20_322,train,False
T20_d11_322_b_5.jpg,T20,d11,322,b,5,T20_322,train,False
T20_d11_324_a_5.jpg,T20,d11,324,a,5,T20_324,train,False
T20_d11_324_b_5.jpg,T20,d11,324,b,5,T20_324,train,True
T20_d11_332_a_5.jpg,T20,d11,332,a,5,T20_332,train,False
T20_d11_332_b_5.jpg,T20,d11,332,b,5,T20_332,train,False
T20_d11_334_a_5.jpg,T20,d11,334,a,5,T20_334,val,False
T20_d11_334_b_5.jpg,T20,d11,334,b,5,T20_334,val,False
T20_d11_346_a_5.jpg,T20,d11,346,a,5,T20_346,train,False
T20_d11_346_b_5.jpg,T20,d11,346,b,5,T20_346,train,False
T20_d11_347_a_5.jpg,T20,d11,347,a,5,T20_347,train,False
T20_d11_347_b_5.jpg,T20,d11,347,b,5,T20_347,train,True
T20_d11_352_a_5.jpg,T20,d11,352,a,5,T20_352,nuevo,False
T20_d11_352_b_5.jpg,T20,d11,352,b,5,T20_352,nuevo,False
T20_d11_354_a_5.jpg,T20,d11,354,a,5,T20_354,train,True
T20_d11_354_b_5.jpg,T20,d11,354,b,5,T20_354,train,False
T20_d11_360_a_5.jpg,T20,d11,360,a,5,T20_360,test,False
T20_d11_360_b_5.jpg,T20,d11,360,b,5,T20_360,test,False
T20_d11_361_a_5.jpg,T20,d11,361,a,5,T20_361,nuevo,False
T20_d11_361_b_5.jpg,T20,d11,361,b,5,T20_361,nuevo,False
T20_d11_363_a_5.jpg,T20,d11,363,a,5,T20_363,val,False
T20_d11_363_b_5.jpg,T20,d11,363,b,5,T20_363,val,False
T20_d11_369_a_5.jpg,T20,d11,369,a,5,T20_369,train,True
T20_d11_369_b_5.jpg,T20,d11,369,b,5,T20_369,train,False
T20_d11_378_a_5.jpg,T20,d11,378,a,5,T20_378,train,False
T20_d11_378_b_5.jpg,T20,d11,378,b,5,T20_378,train,False
T20_d11_383_a_5.jpg,T20,d11,383,a,5,T20_383,val,False
T20_d11_383_b_5.jpg,T20,d11,383,b,5,T20_383,val,False
T20_d11_384_a_5.jpg,T20,d11,384,a,5,T20_384,train,False
T20_d11_384_b_5.jpg,T20,d11,384,b,5,T20_384,train,False
T20_d11_386_a_5.jpg,T20,d11,386,a,5,T20_386,train,False
T20_d11_386_b_5.jpg,T20,d11,386,b,5,T20_386,train,False
T20_d11_388_a_5.jpg,T20,d11,388,a,5,T20_388,train,False
T20_d11_388_b_5.jpg,T20,d11,388,b,5,T20_388,train,False
T20_d11_389_a_5.jpg,T20,d11,389,a,5,T20_389,train,False
T20_d11_389_b_5.jpg,T20,d11,389,b,5,T20_389,train,False
T20_d11_390_a_5.jpg,T20,d11,390,a,5,T20_390,train,False
T20_d11_390_b_5.jpg,T20,d11,390,b,5,T20_390,train,False
T20_d11_391_a_5.jpg,T20,d11,391,a,5,T20_391,train,False
T20_d11_391_b_5.jpg,T20,d11,391,b,5,T20_391,train,False
T20_d11_394_a_5.jpg,T20,d11,394,a,5,T20_394,nuevo,False
T20_d11_394_b_5.jpg,T20,d11,394,b,5,T20_394,nuevo,False
T20_d11_409_a_5.jpg,T20,d11,409,a,5,T20_409,train,False
T20_d11_409_b_5.jpg,T20,d11,409,b,5,T20_409,train,False
T20_d11_412_a_5.jpg,T20,d11,412,a,5,T20_412,nuevo,False
T20_d11_412_b_5.jpg,T20,d11,412,b,5,T20_412,nuevo,False
T20_d11_421_a_5.jpg,T20,d11,421,a,5,T20_421,train,False
T20_d11_421_b_5.jpg,T20,d11,421,b,5,T20_421,train,False
T20_d11_423_a_5.jpg,T20,d11,423,a,5,T20_423,train,False
T20_d11_423_b_5.jpg,T20,d11,423,b,5,T20_423,train,False
T20_d11_426_a_5.jpg,T20,d11,426,a,5,T20_426,train,False
T20_d11_426_b_5.jpg,T20,d11,426,b,5,T20_426,train,False
T20_d11_431_a_5.jpg,T20,d11,431,a,5,T20_431,train,False
T20_d11_431_b_5.jpg,T20,d11,431,b,5,T20_431,train,False
T20_d11_432_a_5.jpg,T20,d11,432,a,5,T20_432,nuevo,False
T20_d11_432_b_5.jpg,T20,d11,432,b,5,T20_432,nuevo,False
T20_d11_435_a_5.jpg,T20,d11,435,a,5,T20_435,train,False
T20_d11_435_b_5.jpg,T20,d11,435,b,5,T20_435,train,True
T20_d11_438_a_5.jpg,T20,d11,438,a,5,T20_438,train,False
T20_d11_438_b_5.jpg,T20,d11,438,b,5,T20_438,train,False
T20_d11_439_a_5.jpg,T20,d11,439,a,5,T20_439,train,False
T20_d11_439_b_5.jpg,T20,d11,439,b,5,T20_439,train,False
T20_d11_440_a_5.jpg,T20,d11,440,a,5,T20_440,nuevo,False
T20_d11_440_b_5.jpg,T20,d11,440,b,5,T20_440,nuevo,False
T20_d11_443_a_5.jpg,T20,d11,443,a,5,T20_443,train,False
T20_d11_443_b_5.jpg,T20,d11,443,b,5,T20_443,train,False
T20_d11_453_a_5.jpg,T20,d11,453,a,5,T20_453,val,False
T20_d11_453_b_5.jpg,T20,d11,453,b,5,T20_453,val,False
T20_d11_455_a_5.jpg,T20,d11,455,a,5,T20_455,nuevo,False
T20_d11_455_b_5.jpg,T20,d11,455,b,5,T20_455,nuevo,False
T20_d11_461_a_5.jpg,T20,d11,461,a,5,T20_461,train,False
T20_d11_461_b_5.jpg,T20,d11,461,b,5,T20_461,train,False
T20_d11_462_a_5.jpg,T20,d11,462,a,5,T20_462,test,False
T20_d11_462_b_5.jpg,T20,d11,462,b,5,T20_462,test,False
T20_d11_463_a_5.jpg,T20,d11,463,a,5,T20_463,train,False
T20_d11_463_b_5.jpg,T20,d11,463,b,5,T20_463,train,False
T20_d11_464_a_5.jpg,T20,d11,464,a,5,T20_464,train,False
T20_d11_464_b_5.jpg,T20,d11,464,b,5,T20_464,train,False
T20_d11_469_a_5.jpg,T20,d11,469,a,5,T20_469,train,False
T20_d11_469_b_5.jpg,T20,d11,469,b,5,T20_469,train,True
T20_d11_477_a_5.jpg,T20,d11,477,a,5,T20_477,train,False
T20_d11_477_b_5.jpg,T20,d11,477,b,5,T20_477,train,False
Tam_d01_009_a_1.jpg,Tam,d01,009,a,1,Tam_009,train,False
Tam_d01_009_b_1.jpg,Tam,d01,009,b,1,Tam_009,train,False
Tam_d01_016_a_1.jpg,Tam,d01,016,a,1,Tam_016,nuevo,False
Tam_d01_016_b_1.jpg,Tam,d01,016,b,1,Tam_016,nuevo,False
Tam_d01_017_a_1.jpg,Tam,d01,017,a,1,Tam_017,nuevo,False
Tam_d01_017_b_1.jpg,Tam,d01,017,b,1,Tam_017,nuevo,False
Tam_d01_019_a_1.jpg,Tam,d01,019,a,1,Tam_019,val,False
Tam_d01_019_b_1.jpg,Tam,d01,019,b,1,Tam_019,val,True
Tam_d01_028_a_1.jpg,Tam,d01,028,a,1,Tam_028,train,False
Tam_d01_028_b_1.jpg,Tam,d01,028,b,1,Tam_028,train,True
Tam_d01_030_a_1.jpg,Tam,d01,030,a,1,Tam_030,nuevo,False
Tam_d01_030_b_1.jpg,Tam,d01,030,b,1,Tam_030,nuevo,False
Tam_d01_039_a_1.jpg,Tam,d01,039,a,1,Tam_039,train,False
Tam_d01_039_b_1.jpg,Tam,d01,039,b,1,Tam_039,train,False
Tam_d01_051_a_1.jpg,Tam,d01,051,a,1,Tam_051,train,False
Tam_d01_051_b_1.jpg,Tam,d01,051,b,1,Tam_051,train,False
Tam_d01_052_a_1.jpg,Tam,d01,052,a,1,Tam_052,nuevo,False
Tam_d01_052_b_1.jpg,Tam,d01,052,b,1,Tam_052,nuevo,False
Tam_d01_053_a_1.jpg,Tam,d01,053,a,1,Tam_053,train,False
Tam_d01_053_b_1.jpg,Tam,d01,053,b,1,Tam_053,train,False
Tam_d01_056_a_1.jpg,Tam,d01,056,a,1,Tam_056,nuevo,False
Tam_d01_056_b_1.jpg,Tam,d01,056,b,1,Tam_056,nuevo,False
Tam_d01_057_a_1.jpg,Tam,d01,057,a,1,Tam_057,nuevo,False
Tam_d01_057_b_1.jpg,Tam,d01,057,b,1,Tam_057,nuevo,False
Tam_d01_059_a_1.jpg,Tam,d01,059,a,1,Tam_059,train,False
Tam_d01_059_b_1.jpg,Tam,d01,059,b,1,Tam_059,train,False
Tam_d01_062_a_1.jpg,Tam,d01,062,a,1,Tam_062,val,False
Tam_d01_062_b_1.jpg,Tam,d01,062,b,1,Tam_062,val,False
Tam_d01_064_a_1.jpg,Tam,d01,064,a,1,Tam_064,nuevo,False
Tam_d01_064_b_1.jpg,Tam,d01,064,b,1,Tam_064,nuevo,False
Tam_d01_066_a_1.jpg,Tam,d01,066,a,1,Tam_066,nuevo,False
Tam_d01_066_b_1.jpg,Tam,d01,066,b,1,Tam_066,nuevo,False
Tam_d01_068_a_1.jpg,Tam,d01,068,a,1,Tam_068,val,False
Tam_d01_068_b_1.jpg,Tam,d01,068,b,1,Tam_068,val,False
Tam_d01_070_a_1.jpg,Tam,d01,070,a,1,Tam_070,val,False
Tam_d01_070_b_1.jpg,Tam,d01,070,b,1,Tam_070,val,False
Tam_d01_073_a_1.jpg,Tam,d01,073,a,1,Tam_073,val,False
Tam_d01_073_b_1.jpg,Tam,d01,073,b,1,Tam_073,val,True
Tam_d01_074_a_1.jpg,Tam,d01,074,a,1,Tam_074,train,False
Tam_d01_074_b_1.jpg,Tam,d01,074,b,1,Tam_074,train,False
Tam_d01_077_a_1.jpg,Tam,d01,077,a,1,Tam_077,nuevo,False
Tam_d01_077_b_1.jpg,Tam,d01,077,b,1,Tam_077,nuevo,False
Tam_d01_078_a_1.jpg,Tam,d01,078,a,1,Tam_078,test,True
Tam_d01_078_b_1.jpg,Tam,d01,078,b,1,Tam_078,test,False
Tam_d01_079_a_1.jpg,Tam,d01,079,a,1,Tam_079,val,False
Tam_d01_079_b_1.jpg,Tam,d01,079,b,1,Tam_079,val,False
Tam_d01_086_a_1.jpg,Tam,d01,086,a,1,Tam_086,nuevo,False
Tam_d01_086_b_1.jpg,Tam,d01,086,b,1,Tam_086,nuevo,False
Tam_d01_088_a_1.jpg,Tam,d01,088,a,1,Tam_088,val,False
Tam_d01_088_b_1.jpg,Tam,d01,088,b,1,Tam_088,val,False
Tam_d01_102_a_1.jpg,Tam,d01,102,a,1,Tam_102,train,False
Tam_d01_102_b_1.jpg,Tam,d01,102,b,1,Tam_102,train,False
Tam_d01_105_a_1.jpg,Tam,d01,105,a,1,Tam_105,train,False
Tam_d01_105_b_1.jpg,Tam,d01,105,b,1,Tam_105,train,False
Tam_d01_117_a_1.jpg,Tam,d01,117,a,1,Tam_117,train,False
Tam_d01_117_b_1.jpg,Tam,d01,117,b,1,Tam_117,train,True
Tam_d01_119_a_1.jpg,Tam,d01,119,a,1,Tam_119,train,False
Tam_d01_119_b_1.jpg,Tam,d01,119,b,1,Tam_119,train,False
Tam_d01_121_a_1.jpg,Tam,d01,121,a,1,Tam_121,train,False
Tam_d01_121_b_1.jpg,Tam,d01,121,b,1,Tam_121,train,True
Tam_d01_124_a_1.jpg,Tam,d01,124,a,1,Tam_124,train,False
Tam_d01_124_b_1.jpg,Tam,d01,124,b,1,Tam_124,train,True
Tam_d01_126_a_1.jpg,Tam,d01,126,a,1,Tam_126,test,False
Tam_d01_126_b_1.jpg,Tam,d01,126,b,1,Tam_126,test,False
Tam_d01_134_a_1.jpg,Tam,d01,134,a,1,Tam_134,nuevo,False
Tam_d01_134_b_1.jpg,Tam,d01,134,b,1,Tam_134,nuevo,False
Tam_d01_135_a_1.jpg,Tam,d01,135,a,1,Tam_135,test,False
Tam_d01_135_b_1.jpg,Tam,d01,135,b,1,Tam_135,test,False
Tam_d01_139_a_1.jpg,Tam,d01,139,a,1,Tam_139,nuevo,False
Tam_d01_139_b_1.jpg,Tam,d01,139,b,1,Tam_139,nuevo,False
Tam_d01_140_a_1.jpg,Tam,d01,140,a,1,Tam_140,test,False
Tam_d01_140_b_1.jpg,Tam,d01,140,b,1,Tam_140,test,False
Tam_d01_142_a_1.jpg,Tam,d01,142,a,1,Tam_142,train,False
Tam_d01_142_b_1.jpg,Tam,d01,142,b,1,Tam_142,train,False
Tam_d01_144_a_1.jpg,Tam,d01,144,a,1,Tam_144,train,True
Tam_d01_144_b_1.jpg,Tam,d01,144,b,1,Tam_144,train,False
Tam_d01_147_a_1.jpg,Tam,d01,147,a,1,Tam_147,train,False
Tam_d01_147_b_1.jpg,Tam,d01,147,b,1,Tam_147,train,False
Tam_d01_154_a_1.jpg,Tam,d01,154,a,1,Tam_154,train,False
Tam_d01_154_b_1.jpg,Tam,d01,154,b,1,Tam_154,train,False
Tam_d01_157_a_1.jpg,Tam,d01,157,a,1,Tam_157,train,False
Tam_d01_157_b_1.jpg,Tam,d01,157,b,1,Tam_157,train,False
Tam_d01_158_a_1.jpg,Tam,d01,158,a,1,Tam_158,train,True
Tam_d01_158_b_1.jpg,Tam,d01,158,b,1,Tam_158,train,False
Tam_d01_159_a_1.jpg,Tam,d01,159,a,1,Tam_159,train,False
Tam_d01_159_b_1.jpg,Tam,d01,159,b,1,Tam_159,train,False
Tam_d01_160_a_1.jpg,Tam,d01,160,a,1,Tam_160,train,False
Tam_d01_160_b_1.jpg,Tam,d01,160,b,1,Tam_160,train,False
Tam_d01_164_a_1.jpg,Tam,d01,164,a,1,Tam_164,test,False
Tam_d01_164_b_1.jpg,Tam,d01,164,b,1,Tam_164,test,False
Tam_d01_169_a_1.jpg,Tam,d01,169,a,1,Tam_169,train,False
Tam_d01_169_b_1.jpg,Tam,d01,169,b,1,Tam_169,train,False
Tam_d01_171_a_1.jpg,Tam,d01,171,a,1,Tam_171,train,False
Tam_d01_171_b_1.jpg,Tam,d01,171,b,1,Tam_171,train,False
Tam_d01_173_a_1.jpg,Tam,d01,173,a,1,Tam_173,val,False
Tam_d01_173_b_1.jpg,Tam,d01,173,b,1,Tam_173,val,False
Tam_d01_175_a_1.jpg,Tam,d01,175,a,1,Tam_175,val,False
Tam_d01_175_b_1.jpg,Tam,d01,175,b,1,Tam_175,val,False
Tam_d01_179_a_1.jpg,Tam,d01,179,a,1,Tam_179,train,False
Tam_d01_179_b_1.jpg,Tam,d01,179,b,1,Tam_179,train,False
Tam_d01_182_a_1.jpg,Tam,d01,182,a,1,Tam_182,train,True
Tam_d01_182_b_1.jpg,Tam,d01,182,b,1,Tam_182,train,False
Tam_d01_184_a_1.jpg,Tam,d01,184,a,1,Tam_184,val,False
Tam_d01_184_b_1.jpg,Tam,d01,184,b,1,Tam_184,val,False
Tam_d01_189_a_1.jpg,Tam,d01,189,a,1,Tam_189,train,False
Tam_d01_189_b_1.jpg,Tam,d01,189,b,1,Tam_189,train,False
Tam_d01_191_a_1.jpg,Tam,d01,191,a,1,Tam_191,train,False
Tam_d01_191_b_1.jpg,Tam,d01,191,b,1,Tam_191,train,False
Tam_d01_195_a_1.jpg,Tam,d01,195,a,1,Tam_195,train,False
Tam_d01_195_b_1.jpg,Tam,d01,195,b,1,Tam_195,train,False
Tam_d01_197_a_1.jpg,Tam,d01,197,a,1,Tam_197,val,False
Tam_d01_197_b_1.jpg,Tam,d01,197,b,1,Tam_197,val,False
Tam_d01_198_a_1.jpg,Tam,d01,198,a,1,Tam_198,train,False
Tam_d01_198_b_1.jpg,Tam,d01,198,b,1,Tam_198,train,False
Tam_d01_200_a_1.jpg,Tam,d01,200,a,1,Tam_200,train,False
Tam_d01_200_b_1.jpg,Tam,d01,200,b,1,Tam_200,train,False
Tam_d01_201_a_1.jpg,Tam,d01,201,a,1,Tam_201,val,False
Tam_d01_201_b_1.jpg,Tam,d01,201,b,1,Tam_201,val,False
Tam_d01_203_a_1.jpg,Tam,d01,203,a,1,Tam_203,nuevo,False
Tam_d01_203_b_1.jpg,Tam,d01,203,b,1,Tam_203,nuevo,False
Tam_d01_205_a_1.jpg,Tam,d01,205,a,1,Tam_205,train,False
Tam_d01_205_b_1.jpg,Tam,d01,205,b,1,Tam_205,train,False
Tam_d01_207_a_1.jpg,Tam,d01,207,a,1,Tam_207,nuevo,False
Tam_d01_207_b_1.jpg,Tam,d01,207,b,1,Tam_207,nuevo,False
Tam_d01_208_a_1.jpg,Tam,d01,208,a,1,Tam_208,train,False
Tam_d01_208_b_1.jpg,Tam,d01,208,b,1,Tam_208,train,False
Tam_d01_209_a_1.jpg,Tam,d01,209,a,1,Tam_209,test,False
Tam_d01_209_b_1.jpg,Tam,d01,209,b,1,Tam_209,test,False
Tam_d01_210_a_1.jpg,Tam,d01,210,a,1,Tam_210,train,False
Tam_d01_210_b_1.jpg,Tam,d01,210,b,1,Tam_210,train,False
Tam_d01_216_a_1.jpg,Tam,d01,216,a,1,Tam_216,train,False
Tam_d01_216_b_1.jpg,Tam,d01,216,b,1,Tam_216,train,False
Tam_d01_218_a_1.jpg,Tam,d01,218,a,1,Tam_218,train,True
Tam_d01_218_b_1.jpg,Tam,d01,218,b,1,Tam_218,train,False
Tam_d01_230_a_1.jpg,Tam,d01,230,a,1,Tam_230,val,False
Tam_d01_230_b_1.jpg,Tam,d01,230,b,1,Tam_230,val,False
Tam_d01_231_a_1.jpg,Tam,d01,231,a,1,Tam_231,test,False
Tam_d01_231_b_1.jpg,Tam,d01,231,b,1,Tam_231,test,False
Tam_d01_235_a_1.jpg,Tam,d01,235,a,1,Tam_235,nuevo,False
Tam_d01_235_b_1.jpg,Tam,d01,235,b,1,Tam_235,nuevo,False
Tam_d01_238_a_1.jpg,Tam,d01,238,a,1,Tam_238,test,False
Tam_d01_238_b_1.jpg,Tam,d01,238,b,1,Tam_238,test,False
Tam_d01_241_a_1.jpg,Tam,d01,241,a,1,Tam_241,train,False
Tam_d01_241_b_1.jpg,Tam,d01,241,b,1,Tam_241,train,False
Tam_d01_242_a_1.jpg,Tam,d01,242,a,1,Tam_242,train,False
Tam_d01_242_b_1.jpg,Tam,d01,242,b,1,Tam_242,train,False
Tam_d01_246_a_1.jpg,Tam,d01,246,a,1,Tam_246,nuevo,False
Tam_d01_246_b_1.jpg,Tam,d01,246,b,1,Tam_246,nuevo,False
Tam_d01_247_a_1.jpg,Tam,d01,247,a,1,Tam_247,train,False
Tam_d01_247_b_1.jpg,Tam,d01,247,b,1,Tam_247,train,False
Tam_d01_248_a_1.jpg,Tam,d01,248,a,1,Tam_248,train,False
Tam_d01_248_b_1.jpg,Tam,d01,248,b,1,Tam_248,train,True
Tam_d01_249_a_1.jpg,Tam,d01,249,a,1,Tam_249,train,False
Tam_d01_249_b_1.jpg,Tam,d01,249,b,1,Tam_249,train,False
Tam_d01_251_a_1.jpg,Tam,d01,251,a,1,Tam_251,train,False
Tam_d01_251_b_1.jpg,Tam,d01,251,b,1,Tam_251,train,False
Tam_d01_257_a_1.jpg,Tam,d01,257,a,1,Tam_257,train,False
Tam_d01_257_b_1.jpg,Tam,d01,257,b,1,Tam_257,train,False
Tam_d01_261_a_1.jpg,Tam,d01,261,a,1,Tam_261,train,False
Tam_d01_261_b_1.jpg,Tam,d01,261,b,1,Tam_261,train,False
Tam_d01_264_a_1.jpg,Tam,d01,264,a,1,Tam_264,nuevo,False
Tam_d01_264_b_1.jpg,Tam,d01,264,b,1,Tam_264,nuevo,False
Tam_d01_270_a_1.jpg,Tam,d01,270,a,1,Tam_270,train,False
Tam_d01_270_b_1.jpg,Tam,d01,270,b,1,Tam_270,train,False
Tam_d01_271_a_1.jpg,Tam,d01,271,a,1,Tam_271,nuevo,False
Tam_d01_271_b_1.jpg,Tam,d01,271,b,1,Tam_271,nuevo,False
Tam_d01_273_a_1.jpg,Tam,d01,273,a,1,Tam_273,train,False
Tam_d01_273_b_1.jpg,Tam,d01,273,b,1,Tam_273,train,False
Tam_d01_278_a_1.jpg,Tam,d01,278,a,1,Tam_278,train,False
Tam_d01_278_b_1.jpg,Tam,d01,278,b,1,Tam_278,train,False
Tam_d01_280_a_1.jpg,Tam,d01,280,a,1,Tam_280,train,False
Tam_d01_280_b_1.jpg,Tam,d01,280,b,1,Tam_280,train,True
Tam_d01_281_a_1.jpg,Tam,d01,281,a,1,Tam_281,test,False
Tam_d01_281_b_1.jpg,Tam,d01,281,b,1,Tam_281,test,False
Tam_d01_285_a_1.jpg,Tam,d01,285,a,1,Tam_285,train,False
Tam_d01_285_b_1.jpg,Tam,d01,285,b,1,Tam_285,train,False
Tam_d01_286_a_1.jpg,Tam,d01,286,a,1,Tam_286,nuevo,False
Tam_d01_286_b_1.jpg,Tam,d01,286,b,1,Tam_286,nuevo,False
Tam_d01_297_a_1.jpg,Tam,d01,297,a,1,Tam_297,train,False
Tam_d01_297_b_1.jpg,Tam,d01,297,b,1,Tam_297,train,False
Tam_d01_299_a_1.jpg,Tam,d01,299,a,1,Tam_299,train,False
Tam_d01_299_b_1.jpg,Tam,d01,299,b,1,Tam_299,train,False
Tam_d01_301_a_1.jpg,Tam,d01,301,a,1,Tam_301,val,False
Tam_d01_301_b_1.jpg,Tam,d01,301,b,1,Tam_301,val,False
Tam_d01_302_a_1.jpg,Tam,d01,302,a,1,Tam_302,train,False
Tam_d01_302_b_1.jpg,Tam,d01,302,b,1,Tam_302,train,False
Tam_d01_303_a_1.jpg,Tam,d01,303,a,1,Tam_303,train,False
Tam_d01_303_b_1.jpg,Tam,d01,303,b,1,Tam_303,train,False
Tam_d01_304_a_1.jpg,Tam,d01,304,a,1,Tam_304,train,False
Tam_d01_304_b_1.jpg,Tam,d01,304,b,1,Tam_304,train,False
Tam_d01_307_a_1.jpg,Tam,d01,307,a,1,Tam_307,train,True
Tam_d01_307_b_1.jpg,Tam,d01,307,b,1,Tam_307,train,False
Tam_d01_308_a_1.jpg,Tam,d01,308,a,1,Tam_308,train,False
Tam_d01_308_b_1.jpg,Tam,d01,308,b,1,Tam_308,train,False
Tam_d01_312_a_1.jpg,Tam,d01,312,a,1,Tam_312,train,False
Tam_d01_312_b_1.jpg,Tam,d01,312,b,1,Tam_312,train,False
Tam_d01_318_a_1.jpg,Tam,d01,318,a,1,Tam_318,train,False
Tam_d01_318_b_1.jpg,Tam,d01,318,b,1,Tam_318,train,False
Tam_d01_319_a_1.jpg,Tam,d01,319,a,1,Tam_319,train,False
Tam_d01_319_b_1.jpg,Tam,d01,319,b,1,Tam_319,train,False
Tam_d01_320_a_1.jpg,Tam,d01,320,a,1,Tam_320,nuevo,False
Tam_d01_320_b_1.jpg,Tam,d01,320,b,1,Tam_320,nuevo,False
Tam_d01_323_a_1.jpg,Tam,d01,323,a,1,Tam_323,train,True
Tam_d01_323_b_1.jpg,Tam,d01,323,b,1,Tam_323,train,False
Tam_d01_329_a_1.jpg,Tam,d01,329,a,1,Tam_329,train,False
Tam_d01_329_b_1.jpg,Tam,d01,329,b,1,Tam_329,train,False
Tam_d01_335_a_1.jpg,Tam,d01,335,a,1,Tam_335,nuevo,False
Tam_d01_335_b_1.jpg,Tam,d01,335,b,1,Tam_335,nuevo,False
Tam_d01_339_a_1.jpg,Tam,d01,339,a,1,Tam_339,test,False
Tam_d01_339_b_1.jpg,Tam,d01,339,b,1,Tam_339,test,False
Tam_d01_340_a_1.jpg,Tam,d01,340,a,1,Tam_340,val,False
Tam_d01_340_b_1.jpg,Tam,d01,340,b,1,Tam_340,val,False
Tam_d01_341_a_1.jpg,Tam,d01,341,a,1,Tam_341,val,False
Tam_d01_341_b_1.jpg,Tam,d01,341,b,1,Tam_341,val,False
Tam_d01_342_a_1.jpg,Tam,d01,342,a,1,Tam_342,train,False
Tam_d01_342_b_1.jpg,Tam,d01,342,b,1,Tam_342,train,False
Tam_d01_343_a_1.jpg,Tam,d01,343,a,1,Tam_343,train,False
Tam_d01_343_b_1.jpg,Tam,d01,343,b,1,Tam_343,train,False
Tam_d01_344_a_1.jpg,Tam,d01,344,a,1,Tam_344,test,False
Tam_d01_344_b_1.jpg,Tam,d01,344,b,1,Tam_344,test,False
Tam_d01_345_a_1.jpg,Tam,d01,345,a,1,Tam_345,val,False
Tam_d01_345_b_1.jpg,Tam,d01,345,b,1,Tam_345,val,False
Tam_d01_348_a_1.jpg,Tam,d01,348,a,1,Tam_348,train,False
Tam_d01_348_b_1.jpg,Tam,d01,348,b,1,Tam_348,train,False
Tam_d01_356_a_1.jpg,Tam,d01,356,a,1,Tam_356,train,False
Tam_d01_356_b_1.jpg,Tam,d01,356,b,1,Tam_356,train,False
Tam_d01_362_a_1.jpg,Tam,d01,362,a,1,Tam_362,test,False
Tam_d01_362_b_1.jpg,Tam,d01,362,b,1,Tam_362,test,False
Tam_d01_364_a_1.jpg,Tam,d01,364,a,1,Tam_364,val,False
Tam_d01_364_b_1.jpg,Tam,d01,364,b,1,Tam_364,val,False
Tam_d01_370_a_1.jpg,Tam,d01,370,a,1,Tam_370,train,False
Tam_d01_370_b_1.jpg,Tam,d01,370,b,1,Tam_370,train,False
Tam_d01_374_a_1.jpg,Tam,d01,374,a,1,Tam_374,test,False
Tam_d01_374_b_1.jpg,Tam,d01,374,b,1,Tam_374,test,False
Tam_d01_379_a_1.jpg,Tam,d01,379,a,1,Tam_379,train,True
Tam_d01_379_b_1.jpg,Tam,d01,379,b,1,Tam_379,train,False
Tam_d01_380_a_1.jpg,Tam,d01,380,a,1,Tam_380,train,False
Tam_d01_380_b_1.jpg,Tam,d01,380,b,1,Tam_380,train,False
Tam_d01_396_a_1.jpg,Tam,d01,396,a,1,Tam_396,test,False
Tam_d01_396_b_1.jpg,Tam,d01,396,b,1,Tam_396,test,True
Tam_d01_397_a_1.jpg,Tam,d01,397,a,1,Tam_397,val,False
Tam_d01_397_b_1.jpg,Tam,d01,397,b,1,Tam_397,val,False
Tam_d01_403_a_1.jpg,Tam,d01,403,a,1,Tam_403,val,False
Tam_d01_403_b_1.jpg,Tam,d01,403,b,1,Tam_403,val,False
Tam_d01_404_a_1.jpg,Tam,d01,404,a,1,Tam_404,train,False
Tam_d01_404_b_1.jpg,Tam,d01,404,b,1,Tam_404,train,False
Tam_d01_407_a_1.jpg,Tam,d01,407,a,1,Tam_407,val,False
Tam_d01_407_b_1.jpg,Tam,d01,407,b,1,Tam_407,val,False
Tam_d01_416_a_1.jpg,Tam,d01,416,a,1,Tam_416,test,False
Tam_d01_416_b_1.jpg,Tam,d01,416,b,1,Tam_416,test,True
Tam_d01_417_a_1.jpg,Tam,d01,417,a,1,Tam_417,train,False
Tam_d01_417_b_1.jpg,Tam,d01,417,b,1,Tam_417,train,False
Tam_d01_419_a_1.jpg,Tam,d01,419,a,1,Tam_419,train,False
Tam_d01_419_b_1.jpg,Tam,d01,419,b,1,Tam_419,train,False
Tam_d01_424_a_1.jpg,Tam,d01,424,a,1,Tam_424,val,False
Tam_d01_424_b_1.jpg,Tam,d01,424,b,1,Tam_424,val,False
Tam_d01_427_a_1.jpg,Tam,d01,427,a,1,Tam_427,train,False
Tam_d01_427_b_1.jpg,Tam,d01,427,b,1,Tam_427,train,False
Tam_d01_428_a_1.jpg,Tam,d01,428,a,1,Tam_428,val,False
Tam_d01_428_b_1.jpg,Tam,d01,428,b,1,Tam_428,val,False
Tam_d01_434_a_1.jpg,Tam,d01,434,a,1,Tam_434,train,False
Tam_d01_434_b_1.jpg,Tam,d01,434,b,1,Tam_434,train,False
Tam_d01_436_a_1.jpg,Tam,d01,436,a,1,Tam_436,train,False
Tam_d01_436_b_1.jpg,Tam,d01,436,b,1,Tam_436,train,False
Tam_d01_437_a_1.jpg,Tam,d01,437,a,1,Tam_437,nuevo,False
Tam_d01_437_b_1.jpg,Tam,d01,437,b,1,Tam_437,nuevo,False
Tam_d01_441_a_1.jpg,Tam,d01,441,a,1,Tam_441,train,False
Tam_d01_441_b_1.jpg,Tam,d01,441,b,1,Tam_441,train,False
Tam_d01_456_a_1.jpg,Tam,d01,456,a,1,Tam_456,nuevo,False
Tam_d01_456_b_1.jpg,Tam,d01,456,b,1,Tam_456,nuevo,False
Tam_d01_457_a_1.jpg,Tam,d01,457,a,1,Tam_457,train,False
Tam_d01_457_b_1.jpg,Tam,d01,457,b,1,Tam_457,train,False
Tam_d01_460_a_1.jpg,Tam,d01,460,a,1,Tam_460,nuevo,False
Tam_d01_460_b_1.jpg,Tam,d01,460,b,1,Tam_460,nuevo,False
Tam_d01_465_a_1.jpg,Tam,d01,465,a,1,Tam_465,nuevo,False
Tam_d01_465_b_1.jpg,Tam,d01,465,b,1,Tam_465,nuevo,False
Tam_d01_466_a_1.jpg,Tam,d01,466,a,1,Tam_466,nuevo,False
Tam_d01_466_b_1.jpg,Tam,d01,466,b,1,Tam_466,nuevo,False
Tam_d01_467_a_1.jpg,Tam,d01,467,a,1,Tam_467,train,False
Tam_d01_467_b_1.jpg,Tam,d01,467,b,1,Tam_467,train,False
Tam_d01_472_a_1.jpg,Tam,d01,472,a,1,Tam_472,test,False
Tam_d01_472_b_1.jpg,Tam,d01,472,b,1,Tam_472,test,False
Tam_d01_473_a_1.jpg,Tam,d01,473,a,1,Tam_473,val,False
Tam_d01_473_b_1.jpg,Tam,d01,473,b,1,Tam_473,val,False
Tam_d01_474_a_1.jpg,Tam,d01,474,a,1,Tam_474,val,False
Tam_d01_474_b_1.jpg,Tam,d01,474,b,1,Tam_474,val,False
Tam_d02_009_a_2.jpg,Tam,d02,009,a,2,Tam_009,train,False
Tam_d02_009_b_2.jpg,Tam,d02,009,b,2,Tam_009,train,False
Tam_d02_016_a_2.jpg,Tam,d02,016,a,2,Tam_016,nuevo,False
Tam_d02_016_b_2.jpg,Tam,d02,016,b,2,Tam_016,nuevo,False
Tam_d02_017_a_2.jpg,Tam,d02,017,a,2,Tam_017,nuevo,False
Tam_d02_017_b_2.jpg,Tam,d02,017,b,2,Tam_017,nuevo,False
Tam_d02_019_a_1.jpg,Tam,d02,019,a,1,Tam_019,val,False
Tam_d02_019_b_1.jpg,Tam,d02,019,b,1,Tam_019,val,False
Tam_d02_028_a_2.jpg,Tam,d02,028,a,2,Tam_028,train,False
Tam_d02_028_b_2.jpg,Tam,d02,028,b,2,Tam_028,train,True
Tam_d02_030_a_2.jpg,Tam,d02,030,a,2,Tam_030,nuevo,False
Tam_d02_030_b_2.jpg,Tam,d02,030,b,2,Tam_030,nuevo,False
Tam_d02_039_a_2.jpg,Tam,d02,039,a,2,Tam_039,train,False
Tam_d02_039_b_2.jpg,Tam,d02,039,b,2,Tam_039,train,False
Tam_d02_051_a_1.jpg,Tam,d02,051,a,1,Tam_051,train,False
Tam_d02_051_b_1.jpg,Tam,d02,051,b,1,Tam_051,train,False
Tam_d02_053_a_2.jpg,Tam,d02,053,a,2,Tam_053,train,False
Tam_d02_053_b_2.jpg,Tam,d02,053,b,2,Tam_053,train,True
Tam_d02_057_a_2.jpg,Tam,d02,057,a,2,Tam_057,nuevo,False
Tam_d02_057_b_2.jpg,Tam,d02,057,b,2,Tam_057,nuevo,False
Tam_d02_059_a_1.jpg,Tam,d02,059,a,1,Tam_059,train,False
Tam_d02_059_b_1.jpg,Tam,d02,059,b,1,Tam_059,train,False
Tam_d02_062_a_2.jpg,Tam,d02,062,a,2,Tam_062,val,False
Tam_d02_062_b_2.jpg,Tam,d02,062,b,2,Tam_062,val,False
Tam_d02_064_a_2.jpg,Tam,d02,064,a,2,Tam_064,nuevo,False
Tam_d02_064_b_2.jpg,Tam,d02,064,b,2,Tam_064,nuevo,False
Tam_d02_066_a_2.jpg,Tam,d02,066,a,2,Tam_066,nuevo,False
Tam_d02_066_b_2.jpg,Tam,d02,066,b,2,Tam_066,nuevo,False
Tam_d02_068_a_1.jpg,Tam,d02,068,a,1,Tam_068,val,False
Tam_d02_068_b_1.jpg,Tam,d02,068,b,1,Tam_068,val,False
Tam_d02_070_a_1.jpg,Tam,d02,070,a,1,Tam_070,val,False
Tam_d02_070_b_1.jpg,Tam,d02,070,b,1,Tam_070,val,False
Tam_d02_073_a_2.jpg,Tam,d02,073,a,2,Tam_073,val,False
Tam_d02_073_b_2.jpg,Tam,d02,073,b,2,Tam_073,val,False
Tam_d02_074_a_1.jpg,Tam,d02,074,a,1,Tam_074,train,False
Tam_d02_074_b_1.jpg,Tam,d02,074,b,1,Tam_074,train,False
Tam_d02_077_a_1.jpg,Tam,d02,077,a,1,Tam_077,nuevo,False
Tam_d02_077_b_1.jpg,Tam,d02,077,b,1,Tam_077,nuevo,False
Tam_d02_078_a_2.jpg,Tam,d02,078,a,2,Tam_078,test,False
Tam_d02_078_b_2.jpg,Tam,d02,078,b,2,Tam_078,test,False
Tam_d02_079_a_2.jpg,Tam,d02,079,a,2,Tam_079,val,False
Tam_d02_079_b_2.jpg,Tam,d02,079,b,2,Tam_079,val,False
Tam_d02_086_a_1.jpg,Tam,d02,086,a,1,Tam_086,nuevo,False
Tam_d02_086_b_1.jpg,Tam,d02,086,b,1,Tam_086,nuevo,False
Tam_d02_088_a_1.jpg,Tam,d02,088,a,1,Tam_088,val,False
Tam_d02_088_b_1.jpg,Tam,d02,088,b,1,Tam_088,val,False
Tam_d02_102_a_1.jpg,Tam,d02,102,a,1,Tam_102,train,False
Tam_d02_102_b_1.jpg,Tam,d02,102,b,1,Tam_102,train,False
Tam_d02_105_a_1.jpg,Tam,d02,105,a,1,Tam_105,train,False
Tam_d02_105_b_1.jpg,Tam,d02,105,b,1,Tam_105,train,False
Tam_d02_119_a_1.jpg,Tam,d02,119,a,1,Tam_119,train,False
Tam_d02_119_b_1.jpg,Tam,d02,119,b,1,Tam_119,train,False
Tam_d02_121_a_1.jpg,Tam,d02,121,a,1,Tam_121,train,False
Tam_d02_121_b_1.jpg,Tam,d02,121,b,1,Tam_121,train,False
Tam_d02_124_a_1.jpg,Tam,d02,124,a,1,Tam_124,train,False
Tam_d02_124_b_1.jpg,Tam,d02,124,b,1,Tam_124,train,False
Tam_d02_126_a_1.jpg,Tam,d02,126,a,1,Tam_126,test,False
Tam_d02_126_b_1.jpg,Tam,d02,126,b,1,Tam_126,test,False
Tam_d02_134_a_2.jpg,Tam,d02,134,a,2,Tam_134,nuevo,False
Tam_d02_134_b_2.jpg,Tam,d02,134,b,2,Tam_134,nuevo,False
Tam_d02_135_a_2.jpg,Tam,d02,135,a,2,Tam_135,test,False
Tam_d02_135_b_2.jpg,Tam,d02,135,b,2,Tam_135,test,False
Tam_d02_139_a_2.jpg,Tam,d02,139,a,2,Tam_139,nuevo,False
Tam_d02_139_b_2.jpg,Tam,d02,139,b,2,Tam_139,nuevo,False
Tam_d02_140_a_2.jpg,Tam,d02,140,a,2,Tam_140,test,False
Tam_d02_140_b_2.jpg,Tam,d02,140,b,2,Tam_140,test,False
Tam_d02_142_a_2.jpg,Tam,d02,142,a,2,Tam_142,train,True
Tam_d02_142_b_2.jpg,Tam,d02,142,b,2,Tam_142,train,False
Tam_d02_144_a_2.jpg,Tam,d02,144,a,2,Tam_144,train,False
Tam_d02_144_b_2.jpg,Tam,d02,144,b,2,Tam_144,train,False
Tam_d02_147_a_1.jpg,Tam,d02,147,a,1,Tam_147,train,False
Tam_d02_147_b_1.jpg,Tam,d02,147,b,1,Tam_147,train,False
Tam_d02_154_a_1.jpg,Tam,d02,154,a,1,Tam_154,train,False
Tam_d02_154_b_1.jpg,Tam,d02,154,b,1,Tam_154,train,False
Tam_d02_157_a_2.jpg,Tam,d02,157,a,2,Tam_157,train,False
Tam_d02_157_b_2.jpg,Tam,d02,157,b,2,Tam_157,train,False
Tam_d02_158_a_1.jpg,Tam,d02,158,a,1,Tam_158,train,False
Tam_d02_158_b_1.jpg,Tam,d02,158,b,1,Tam_158,train,False
Tam_d02_159_a_1.jpg,Tam,d02,159,a,1,Tam_159,train,False
Tam_d02_159_b_1.jpg,Tam,d02,159,b,1,Tam_159,train,False
Tam_d02_160_a_2.jpg,Tam,d02,160,a,2,Tam_160,train,False
Tam_d02_160_b_2.jpg,Tam,d02,160,b,2,Tam_160,train,False
Tam_d02_164_a_1.jpg,Tam,d02,164,a,1,Tam_164,test,True
Tam_d02_164_b_1.jpg,Tam,d02,164,b,1,Tam_164,test,False
Tam_d02_169_a_1.jpg,Tam,d02,169,a,1,Tam_169,train,False
Tam_d02_169_b_1.jpg,Tam,d02,169,b,1,Tam_169,train,True
Tam_d02_171_a_1.jpg,Tam,d02,171,a,1,Tam_171,train,False
Tam_d02_171_b_1.jpg,Tam,d02,171,b,1,Tam_171,train,False
Tam_d02_173_a_1.jpg,Tam,d02,173,a,1,Tam_173,val,False
Tam_d02_173_b_1.jpg,Tam,d02,173,b,1,Tam_173,val,True
Tam_d02_175_a_1.jpg,Tam,d02,175,a,1,Tam_175,val,False
Tam_d02_175_b_1.jpg,Tam,d02,175,b,1,Tam_175,val,True
Tam_d02_179_a_2.jpg,Tam,d02,179,a,2,Tam_179,train,False
Tam_d02_179_b_2.jpg,Tam,d02,179,b,2,Tam_179,train,False
Tam_d02_182_a_1.jpg,Tam,d02,182,a,1,Tam_182,train,False
Tam_d02_182_b_1.jpg,Tam,d02,182,b,1,Tam_182,train,False
Tam_d02_184_a_1.jpg,Tam,d02,184,a,1,Tam_184,val,False
Tam_d02_184_b_1.jpg,Tam,d02,184,b,1,Tam_184,val,False
Tam_d02_189_a_2.jpg,Tam,d02,189,a,2,Tam_189,train,False
Tam_d02_189_b_2.jpg,Tam,d02,189,b,2,Tam_189,train,False
Tam_d02_191_a_2.jpg,Tam,d02,191,a,2,Tam_191,train,False
Tam_d02_191_b_2.jpg,Tam,d02,191,b,2,Tam_191,train,False
Tam_d02_195_a_1.jpg,Tam,d02,195,a,1,Tam_195,train,False
Tam_d02_195_b_1.jpg,Tam,d02,195,b,1,Tam_195,train,False
Tam_d02_197_a_1.jpg,Tam,d02,197,a,1,Tam_197,val,False
Tam_d02_197_b_1.jpg,Tam,d02,197,b,1,Tam_197,val,False
Tam_d02_198_a_2.jpg,Tam,d02,198,a,2,Tam_198,train,False
Tam_d02_198_b_2.jpg,Tam,d02,198,b,2,Tam_198,train,False
Tam_d02_200_a_1.jpg,Tam,d02,200,a,1,Tam_200,train,False
Tam_d02_200_b_1.jpg,Tam,d02,200,b,1,Tam_200,train,True
Tam_d02_201_a_1.jpg,Tam,d02,201,a,1,Tam_201,val,False
Tam_d02_201_b_1.jpg,Tam,d02,201,b,1,Tam_201,val,False
Tam_d02_203_a_1.jpg,Tam,d02,203,a,1,Tam_203,nuevo,False
Tam_d02_203_b_1.jpg,Tam,d02,203,b,1,Tam_203,nuevo,False
Tam_d02_205_a_1.jpg,Tam,d02,205,a,1,Tam_205,train,False
Tam_d02_205_b_1.jpg,Tam,d02,205,b,1,Tam_205,train,False
Tam_d02_208_a_2.jpg,Tam,d02,208,a,2,Tam_208,train,False
Tam_d02_208_b_2.jpg,Tam,d02,208,b,2,Tam_208,train,False
Tam_d02_209_a_1.jpg,Tam,d02,209,a,1,Tam_209,test,True
Tam_d02_209_b_1.jpg,Tam,d02,209,b,1,Tam_209,test,False
Tam_d02_210_a_1.jpg,Tam,d02,210,a,1,Tam_210,train,False
Tam_d02_210_b_1.jpg,Tam,d02,210,b,1,Tam_210,train,False
Tam_d02_216_a_2.jpg,Tam,d02,216,a,2,Tam_216,train,False
Tam_d02_216_b_2.jpg,Tam,d02,216,b,2,Tam_216,train,False
Tam_d02_218_a_2.jpg,Tam,d02,218,a,2,Tam_218,train,False
Tam_d02_218_b_2.jpg,Tam,d02,218,b,2,Tam_218,train,False
Tam_d02_230_a_1.jpg,Tam,d02,230,a,1,Tam_230,val,False
Tam_d02_230_b_1.jpg,Tam,d02,230,b,1,Tam_230,val,False
Tam_d02_231_a_2.jpg,Tam,d02,231,a,2,Tam_231,test,False
Tam_d02_231_b_2.jpg,Tam,d02,231,b,2,Tam_231,test,False
Tam_d02_238_a_2.jpg,Tam,d02,238,a,2,Tam_238,test,False
Tam_d02_238_b_2.jpg,Tam,d02,238,b,2,Tam_238,test,False
Tam_d02_241_a_1.jpg,Tam,d02,241,a,1,Tam_241,train,False
Tam_d02_241_b_1.jpg,Tam,d02,241,b,1,Tam_241,train,False
Tam_d02_242_a_2.jpg,Tam,d02,242,a,2,Tam_242,train,False
Tam_d02_242_b_2.jpg,Tam,d02,242,b,2,Tam_242,train,False
Tam_d02_246_a_2.jpg,Tam,d02,246,a,2,Tam_246,nuevo,False
Tam_d02_246_b_2.jpg,Tam,d02,246,b,2,Tam_246,nuevo,False
Tam_d02_247_a_1.jpg,Tam,d02,247,a,1,Tam_247,train,False
Tam_d02_247_b_1.jpg,Tam,d02,247,b,1,Tam_247,train,False
Tam_d02_248_a_2.jpg,Tam,d02,248,a,2,Tam_248,train,False
Tam_d02_248_b_2.jpg,Tam,d02,248,b,2,Tam_248,train,False
Tam_d02_249_a_2.jpg,Tam,d02,249,a,2,Tam_249,train,False
Tam_d02_249_b_2.jpg,Tam,d02,249,b,2,Tam_249,train,False
Tam_d02_251_a_2.jpg,Tam,d02,251,a,2,Tam_251,train,False
Tam_d02_251_b_2.jpg,Tam,d02,251,b,2,Tam_251,train,True
Tam_d02_257_a_2.jpg,Tam,d02,257,a,2,Tam_257,train,False
Tam_d02_257_b_2.jpg,Tam,d02,257,b,2,Tam_257,train,False
Tam_d02_261_a_2.jpg,Tam,d02,261,a,2,Tam_261,train,False
Tam_d02_261_b_2.jpg,Tam,d02,261,b,2,Tam_261,train,False
Tam_d02_264_a_2.jpg,Tam,d02,264,a,2,Tam_264,nuevo,False
Tam_d02_264_b_2.jpg,Tam,d02,264,b,2,Tam_264,nuevo,False
Tam_d02_270_a_1.jpg,Tam,d02,270,a,1,Tam_270,train,False
Tam_d02_270_b_1.jpg,Tam,d02,270,b,1,Tam_270,train,False
Tam_d02_273_a_1.jpg,Tam,d02,273,a,1,Tam_273,train,False
Tam_d02_273_b_1.jpg,Tam,d02,273,b,1,Tam_273,train,False
Tam_d02_278_a_2.jpg,Tam,d02,278,a,2,Tam_278,train,False
Tam_d02_278_b_2.jpg,Tam,d02,278,b,2,Tam_278,train,True
Tam_d02_280_a_1.jpg,Tam,d02,280,a,1,Tam_280,train,False
Tam_d02_280_b_1.jpg,Tam,d02,280,b,1,Tam_280,train,False
Tam_d02_281_a_1.jpg,Tam,d02,281,a,1,Tam_281,test,False
Tam_d02_281_b_1.jpg,Tam,d02,281,b,1,Tam_281,test,False
Tam_d02_285_a_2.jpg,Tam,d02,285,a,2,Tam_285,train,False
Tam_d02_285_b_2.jpg,Tam,d02,285,b,2,Tam_285,train,False
Tam_d02_286_a_1.jpg,Tam,d02,286,a,1,Tam_286,nuevo,False
Tam_d02_286_b_1.jpg,Tam,d02,286,b,1,Tam_286,nuevo,False
Tam_d02_297_a_2.jpg,Tam,d02,297,a,2,Tam_297,train,False
Tam_d02_297_b_2.jpg,Tam,d02,297,b,2,Tam_297,train,False
Tam_d02_299_a_1.jpg,Tam,d02,299,a,1,Tam_299,train,False
Tam_d02_299_b_1.jpg,Tam,d02,299,b,1,Tam_299,train,False
Tam_d02_301_a_1.jpg,Tam,d02,301,a,1,Tam_301,val,False
Tam_d02_301_b_1.jpg,Tam,d02,301,b,1,Tam_301,val,False
Tam_d02_302_a_2.jpg,Tam,d02,302,a,2,Tam_302,train,False
Tam_d02_302_b_2.jpg,Tam,d02,302,b,2,Tam_302,train,False
Tam_d02_303_a_2.jpg,Tam,d02,303,a,2,Tam_303,train,True
Tam_d02_303_b_2.jpg,Tam,d02,303,b,2,Tam_303,train,False
Tam_d02_304_a_1.jpg,Tam,d02,304,a,1,Tam_304,train,False
Tam_d02_304_b_1.jpg,Tam,d02,304,b,1,Tam_304,train,False
Tam_d02_307_a_1.jpg,Tam,d02,307,a,1,Tam_307,train,False
Tam_d02_307_b_1.jpg,Tam,d02,307,b,1,Tam_307,train,False
Tam_d02_308_a_2.jpg,Tam,d02,308,a,2,Tam_308,train,False
Tam_d02_308_b_2.jpg,Tam,d02,308,b,2,Tam_308,train,False
Tam_d02_312_a_1.jpg,Tam,d02,312,a,1,Tam_312,train,False
Tam_d02_312_b_1.jpg,Tam,d02,312,b,1,Tam_312,train,False
Tam_d02_318_a_1.jpg,Tam,d02,318,a,1,Tam_318,train,False
Tam_d02_318_b_1.jpg,Tam,d02,318,b,1,Tam_318,train,False
Tam_d02_319_a_1.jpg,Tam,d02,319,a,1,Tam_319,train,False
Tam_d02_319_b_1.jpg,Tam,d02,319,b,1,Tam_319,train,False
Tam_d02_320_a_1.jpg,Tam,d02,320,a,1,Tam_320,nuevo,False
Tam_d02_320_b_1.jpg,Tam,d02,320,b,1,Tam_320,nuevo,False
Tam_d02_323_a_2.jpg,Tam,d02,323,a,2,Tam_323,train,True
Tam_d02_323_b_2.jpg,Tam,d02,323,b,2,Tam_323,train,False
Tam_d02_329_a_2.jpg,Tam,d02,329,a,2,Tam_329,train,False
Tam_d02_329_b_2.jpg,Tam,d02,329,b,2,Tam_329,train,True
Tam_d02_335_a_1.jpg,Tam,d02,335,a,1,Tam_335,nuevo,False
Tam_d02_335_b_1.jpg,Tam,d02,335,b,1,Tam_335,nuevo,False
Tam_d02_339_a_1.jpg,Tam,d02,339,a,1,Tam_339,test,False
Tam_d02_339_b_1.jpg,Tam,d02,339,b,1,Tam_339,test,False
Tam_d02_340_a_1.jpg,Tam,d02,340,a,1,Tam_340,val,False
Tam_d02_340_b_1.jpg,Tam,d02,340,b,1,Tam_340,val,False
Tam_d02_341_a_2.jpg,Tam,d02,341,a,2,Tam_341,val,False
Tam_d02_341_b_2.jpg,Tam,d02,341,b,2,Tam_341,val,False
Tam_d02_342_a_1.jpg,Tam,d02,342,a,1,Tam_342,train,False
Tam_d02_342_b_1.jpg,Tam,d02,342,b,1,Tam_342,train,False
Tam_d02_343_a_2.jpg,Tam,d02,343,a,2,Tam_343,train,False
Tam_d02_343_b_2.jpg,Tam,d02,343,b,2,Tam_343,train,True
Tam_d02_344_a_2.jpg,Tam,d02,344,a,2,Tam_344,test,False
Tam_d02_344_b_2.jpg,Tam,d02,344,b,2,Tam_344,test,False
Tam_d02_345_a_1.jpg,Tam,d02,345,a,1,Tam_345,val,False
Tam_d02_345_b_1.jpg,Tam,d02,345,b,1,Tam_345,val,True
Tam_d02_348_a_2.jpg,Tam,d02,348,a,2,Tam_348,train,False
Tam_d02_348_b_2.jpg,Tam,d02,348,b,2,Tam_348,train,False
Tam_d02_356_a_2.jpg,Tam,d02,356,a,2,Tam_356,train,False
Tam_d02_356_b_2.jpg,Tam,d02,356,b,2,Tam_356,train,True
Tam_d02_362_a_1.jpg,Tam,d02,362,a,1,Tam_362,test,False
Tam_d02_362_b_1.jpg,Tam,d02,362,b,1,Tam_362,test,False
Tam_d02_364_a_1.jpg,Tam,d02,364,a,1,Tam_364,val,False
Tam_d02_364_b_1.jpg,Tam,d02,364,b,1,Tam_364,val,False
Tam_d02_370_a_2.jpg,Tam,d02,370,a,2,Tam_370,train,False
Tam_d02_370_b_2.jpg,Tam,d02,370,b,2,Tam_370,train,False
Tam_d02_374_a_1.jpg,Tam,d02,374,a,1,Tam_374,test,False
Tam_d02_374_b_1.jpg,Tam,d02,374,b,1,Tam_374,test,False
Tam_d02_379_a_1.jpg,Tam,d02,379,a,1,Tam_379,train,False
Tam_d02_379_b_1.jpg,Tam,d02,379,b,1,Tam_379,train,False
Tam_d02_380_a_2.jpg,Tam,d02,380,a,2,Tam_380,train,True
Tam_d02_380_b_2.jpg,Tam,d02,380,b,2,Tam_380,train,False
Tam_d02_396_a_1.jpg,Tam,d02,396,a,1,Tam_396,test,False
Tam_d02_396_b_1.jpg,Tam,d02,396,b,1,Tam_396,test,True
Tam_d02_397_a_2.jpg,Tam,d02,397,a,2,Tam_397,val,False
Tam_d02_397_b_2.jpg,Tam,d02,397,b,2,Tam_397,val,False
Tam_d02_403_a_2.jpg,Tam,d02,403,a,2,Tam_403,val,False
Tam_d02_403_b_2.jpg,Tam,d02,403,b,2,Tam_403,val,False
Tam_d02_404_a_1.jpg,Tam,d02,404,a,1,Tam_404,train,False
Tam_d02_404_b_1.jpg,Tam,d02,404,b,1,Tam_404,train,False
Tam_d02_407_a_1.jpg,Tam,d02,407,a,1,Tam_407,val,False
Tam_d02_407_b_1.jpg,Tam,d02,407,b,1,Tam_407,val,False
Tam_d02_416_a_1.jpg,Tam,d02,416,a,1,Tam_416,test,False
Tam_d02_416_b_1.jpg,Tam,d02,416,b,1,Tam_416,test,False
Tam_d02_417_a_1.jpg,Tam,d02,417,a,1,Tam_417,train,False
Tam_d02_417_b_1.jpg,Tam,d02,417,b,1,Tam_417,train,False
Tam_d02_419_a_1.jpg,Tam,d02,419,a,1,Tam_419,train,False
Tam_d02_419_b_1.jpg,Tam,d02,419,b,1,Tam_419,train,False
Tam_d02_424_a_1.jpg,Tam,d02,424,a,1,Tam_424,val,False
Tam_d02_424_b_1.jpg,Tam,d02,424,b,1,Tam_424,val,False
Tam_d02_427_a_2.jpg,Tam,d02,427,a,2,Tam_427,train,False
Tam_d02_427_b_2.jpg,Tam,d02,427,b,2,Tam_427,train,False
Tam_d02_428_a_1.jpg,Tam,d02,428,a,1,Tam_428,val,False
Tam_d02_428_b_1.jpg,Tam,d02,428,b,1,Tam_428,val,False
Tam_d02_434_a_1.jpg,Tam,d02,434,a,1,Tam_434,train,False
Tam_d02_434_b_1.jpg,Tam,d02,434,b,1,Tam_434,train,False
Tam_d02_436_a_2.jpg,Tam,d02,436,a,2,Tam_436,train,False
Tam_d02_436_b_2.jpg,Tam,d02,436,b,2,Tam_436,train,False
Tam_d02_437_a_2.jpg,Tam,d02,437,a,2,Tam_437,nuevo,False
Tam_d02_437_b_2.jpg,Tam,d02,437,b,2,Tam_437,nuevo,False
Tam_d02_441_a_2.jpg,Tam,d02,441,a,2,Tam_441,train,True
Tam_d02_441_b_2.jpg,Tam,d02,441,b,2,Tam_441,train,False
Tam_d02_456_a_2.jpg,Tam,d02,456,a,2,Tam_456,nuevo,False
Tam_d02_456_b_2.jpg,Tam,d02,456,b,2,Tam_456,nuevo,False
Tam_d02_457_a_2.jpg,Tam,d02,457,a,2,Tam_457,train,False
Tam_d02_457_b_2.jpg,Tam,d02,457,b,2,Tam_457,train,True
Tam_d02_460_a_1.jpg,Tam,d02,460,a,1,Tam_460,nuevo,False
Tam_d02_460_b_1.jpg,Tam,d02,460,b,1,Tam_460,nuevo,False
Tam_d02_465_a_1.jpg,Tam,d02,465,a,1,Tam_465,nuevo,False
Tam_d02_465_b_1.jpg,Tam,d02,465,b,1,Tam_465,nuevo,False
Tam_d02_466_a_2.jpg,Tam,d02,466,a,2,Tam_466,nuevo,False
Tam_d02_466_b_2.jpg,Tam,d02,466,b,2,Tam_466,nuevo,False
Tam_d02_467_a_2.jpg,Tam,d02,467,a,2,Tam_467,train,False
Tam_d02_467_b_2.jpg,Tam,d02,467,b,2,Tam_467,train,False
Tam_d02_472_a_2.jpg,Tam,d02,472,a,2,Tam_472,test,False
Tam_d02_472_b_2.jpg,Tam,d02,472,b,2,Tam_472,test,False
Tam_d02_473_a_1.jpg,Tam,d02,473,a,1,Tam_473,val,False
Tam_d02_473_b_1.jpg,Tam,d02,473,b,1,Tam_473,val,True
Tam_d02_474_a_1.jpg,Tam,d02,474,a,1,Tam_474,val,False
Tam_d02_474_b_1.jpg,Tam,d02,474,b,1,Tam_474,val,False
Tam_d03_009_a_2.jpg,Tam,d03,009,a,2,Tam_009,train,False
Tam_d03_009_b_2.jpg,Tam,d03,009,b,2,Tam_009,train,False
Tam_d03_016_a_2.jpg,Tam,d03,016,a,2,Tam_016,nuevo,False
Tam_d03_016_b_2.jpg,Tam,d03,016,b,2,Tam_016,nuevo,False
Tam_d03_017_a_2.jpg,Tam,d03,017,a,2,Tam_017,nuevo,False
Tam_d03_017_b_2.jpg,Tam,d03,017,b,2,Tam_017,nuevo,False
Tam_d03_019_a_2.jpg,Tam,d03,019,a,2,Tam_019,val,False
Tam_d03_019_b_2.jpg,Tam,d03,019,b,2,Tam_019,val,False
Tam_d03_028_a_2.jpg,Tam,d03,028,a,2,Tam_028,train,False
Tam_d03_028_b_2.jpg,Tam,d03,028,b,2,Tam_028,train,False
Tam_d03_030_a_2.jpg,Tam,d03,030,a,2,Tam_030,nuevo,False
Tam_d03_030_b_2.jpg,Tam,d03,030,b,2,Tam_030,nuevo,False
Tam_d03_039_a_2.jpg,Tam,d03,039,a,2,Tam_039,train,False
Tam_d03_039_b_2.jpg,Tam,d03,039,b,2,Tam_039,train,False
Tam_d03_051_a_2.jpg,Tam,d03,051,a,2,Tam_051,train,True
Tam_d03_051_b_2.jpg,Tam,d03,051,b,2,Tam_051,train,False
Tam_d03_052_a_2.jpg,Tam,d03,052,a,2,Tam_052,nuevo,False
Tam_d03_052_b_2.jpg,Tam,d03,052,b,2,Tam_052,nuevo,False
Tam_d03_053_a_2.jpg,Tam,d03,053,a,2,Tam_053,train,False
Tam_d03_053_b_2.jpg,Tam,d03,053,b,2,Tam_053,train,False
Tam_d03_057_a_2.jpg,Tam,d03,057,a,2,Tam_057,nuevo,False
Tam_d03_057_b_2.jpg,Tam,d03,057,b,2,Tam_057,nuevo,False
Tam_d03_059_a_1.jpg,Tam,d03,059,a,1,Tam_059,train,False
Tam_d03_059_b_1.jpg,Tam,d03,059,b,1,Tam_059,train,False
Tam_d03_062_a_2.jpg,Tam,d03,062,a,2,Tam_062,val,False
Tam_d03_062_b_2.jpg,Tam,d03,062,b,2,Tam_062,val,False
Tam_d03_064_a_2.jpg,Tam,d03,064,a,2,Tam_064,nuevo,False
Tam_d03_064_b_2.jpg,Tam,d03,064,b,2,Tam_064,nuevo,False
Tam_d03_066_a_2.jpg,Tam,d03,066,a,2,Tam_066,nuevo,False
Tam_d03_066_b_2.jpg,Tam,d03,066,b,2,Tam_066,nuevo,False
Tam_d03_068_a_2.jpg,Tam,d03,068,a,2,Tam_068,val,True
Tam_d03_068_b_2.jpg,Tam,d03,068,b,2,Tam_068,val,False
Tam_d03_070_a_2.jpg,Tam,d03,070,a,2,Tam_070,val,False
Tam_d03_070_b_2.jpg,Tam,d03,070,b,2,Tam_070,val,False
Tam_d03_073_a_2.jpg,Tam,d03,073,a,2,Tam_073,val,False
Tam_d03_073_b_2.jpg,Tam,d03,073,b,2,Tam_073,val,False
Tam_d03_074_a_1.jpg,Tam,d03,074,a,1,Tam_074,train,False
Tam_d03_074_b_1.jpg,Tam,d03,074,b,1,Tam_074,train,False
Tam_d03_077_a_2.jpg,Tam,d03,077,a,2,Tam_077,nuevo,False
Tam_d03_077_b_2.jpg,Tam,d03,077,b,2,Tam_077,nuevo,False
Tam_d03_078_a_2.jpg,Tam,d03,078,a,2,Tam_078,test,False
Tam_d03_078_b_2.jpg,Tam,d03,078,b,2,Tam_078,test,False
Tam_d03_079_a_2.jpg,Tam,d03,079,a,2,Tam_079,val,False
Tam_d03_079_b_2.jpg,Tam,d03,079,b,2,Tam_079,val,False
Tam_d03_086_a_1.jpg,Tam,d03,086,a,1,Tam_086,nuevo,False
Tam_d03_086_b_1.jpg,Tam,d03,086,b,1,Tam_086,nuevo,False
Tam_d03_088_a_2.jpg,Tam,d03,088,a,2,Tam_088,val,True
Tam_d03_088_b_2.jpg,Tam,d03,088,b,2,Tam_088,val,True
Tam_d03_102_a_1.jpg,Tam,d03,102,a,1,Tam_102,train,False
Tam_d03_102_b_1.jpg,Tam,d03,102,b,1,Tam_102,train,True
Tam_d03_105_a_2.jpg,Tam,d03,105,a,2,Tam_105,train,False
Tam_d03_105_b_2.jpg,Tam,d03,105,b,2,Tam_105,train,False
Tam_d03_119_a_2.jpg,Tam,d03,119,a,2,Tam_119,train,True
Tam_d03_119_b_2.jpg,Tam,d03,119,b,2,Tam_119,train,True
Tam_d03_121_a_1.jpg,Tam,d03,121,a,1,Tam_121,train,False
Tam_d03_121_b_1.jpg,Tam,d03,121,b,1,Tam_121,train,False
Tam_d03_124_a_2.jpg,Tam,d03,124,a,2,Tam_124,train,True
Tam_d03_124_b_2.jpg,Tam,d03,124,b,2,Tam_124,train,False
Tam_d03_126_a_2.jpg,Tam,d03,126,a,2,Tam_126,test,False
Tam_d03_126_b_2.jpg,Tam,d03,126,b,2,Tam_126,test,False
Tam_d03_134_a_2.jpg,Tam,d03,134,a,2,Tam_134,nuevo,False
Tam_d03_134_b_2.jpg,Tam,d03,134,b,2,Tam_134,nuevo,False
Tam_d03_135_a_2.jpg,Tam,d03,135,a,2,Tam_135,test,False
Tam_d03_135_b_2.jpg,Tam,d03,135,b,2,Tam_135,test,False
Tam_d03_139_a_2.jpg,Tam,d03,139,a,2,Tam_139,nuevo,False
Tam_d03_139_b_2.jpg,Tam,d03,139,b,2,Tam_139,nuevo,False
Tam_d03_140_a_2.jpg,Tam,d03,140,a,2,Tam_140,test,False
Tam_d03_140_b_2.jpg,Tam,d03,140,b,2,Tam_140,test,False
Tam_d03_142_a_2.jpg,Tam,d03,142,a,2,Tam_142,train,False
Tam_d03_142_b_2.jpg,Tam,d03,142,b,2,Tam_142,train,False
Tam_d03_144_a_2.jpg,Tam,d03,144,a,2,Tam_144,train,False
Tam_d03_144_b_2.jpg,Tam,d03,144,b,2,Tam_144,train,False
Tam_d03_147_a_2.jpg,Tam,d03,147,a,2,Tam_147,train,False
Tam_d03_147_b_2.jpg,Tam,d03,147,b,2,Tam_147,train,False
Tam_d03_154_a_2.jpg,Tam,d03,154,a,2,Tam_154,train,False
Tam_d03_154_b_2.jpg,Tam,d03,154,b,2,Tam_154,train,False
Tam_d03_157_a_2.jpg,Tam,d03,157,a,2,Tam_157,train,False
Tam_d03_157_b_2.jpg,Tam,d03,157,b,2,Tam_157,train,False
Tam_d03_158_a_1.jpg,Tam,d03,158,a,1,Tam_158,train,False
Tam_d03_158_b_1.jpg,Tam,d03,158,b,1,Tam_158,train,False
Tam_d03_159_a_2.jpg,Tam,d03,159,a,2,Tam_159,train,False
Tam_d03_159_b_2.jpg,Tam,d03,159,b,2,Tam_159,train,False
Tam_d03_160_a_2.jpg,Tam,d03,160,a,2,Tam_160,train,False
Tam_d03_160_b_2.jpg,Tam,d03,160,b,2,Tam_160,train,False
Tam_d03_164_a_2.jpg,Tam,d03,164,a,2,Tam_164,test,False
Tam_d03_164_b_2.jpg,Tam,d03,164,b,2,Tam_164,test,False
Tam_d03_169_a_1.jpg,Tam,d03,169,a,1,Tam_169,train,False
Tam_d03_169_b_1.jpg,Tam,d03,169,b,1,Tam_169,train,False
Tam_d03_171_a_1.jpg,Tam,d03,171,a,1,Tam_171,train,False
Tam_d03_171_b_1.jpg,Tam,d03,171,b,1,Tam_171,train,False
Tam_d03_173_a_2.jpg,Tam,d03,173,a,2,Tam_173,val,False
Tam_d03_173_b_2.jpg,Tam,d03,173,b,2,Tam_173,val,False
Tam_d03_175_a_2.jpg,Tam,d03,175,a,2,Tam_175,val,False
Tam_d03_175_b_2.jpg,Tam,d03,175,b,2,Tam_175,val,True
Tam_d03_179_a_2.jpg,Tam,d03,179,a,2,Tam_179,train,False
Tam_d03_179_b_2.jpg,Tam,d03,179,b,2,Tam_179,train,False
Tam_d03_182_a_2.jpg,Tam,d03,182,a,2,Tam_182,train,False
Tam_d03_182_b_2.jpg,Tam,d03,182,b,2,Tam_182,train,False
Tam_d03_184_a_1.jpg,Tam,d03,184,a,1,Tam_184,val,False
Tam_d03_184_b_1.jpg,Tam,d03,184,b,1,Tam_184,val,True
Tam_d03_189_a_2.jpg,Tam,d03,189,a,2,Tam_189,train,False
Tam_d03_189_b_2.jpg,Tam,d03,189,b,2,Tam_189,train,False
Tam_d03_191_a_2.jpg,Tam,d03,191,a,2,Tam_191,train,False
Tam_d03_191_b_2.jpg,Tam,d03,191,b,2,Tam_191,train,False
Tam_d03_195_a_2.jpg,Tam,d03,195,a,2,Tam_195,train,False
Tam_d03_195_b_2.jpg,Tam,d03,195,b,2,Tam_195,train,False
Tam_d03_197_a_2.jpg,Tam,d03,197,a,2,Tam_197,val,False
Tam_d03_197_b_2.jpg,Tam,d03,197,b,2,Tam_197,val,False
Tam_d03_198_a_2.jpg,Tam,d03,198,a,2,Tam_198,train,False
Tam_d03_198_b_2.jpg,Tam,d03,198,b,2,Tam_198,train,False
Tam_d03_200_a_1.jpg,Tam,d03,200,a,1,Tam_200,train,False
Tam_d03_200_b_1.jpg,Tam,d03,200,b,1,Tam_200,train,False
Tam_d03_201_a_2.jpg,Tam,d03,201,a,2,Tam_201,val,True
Tam_d03_201_b_2.jpg,Tam,d03,201,b,2,Tam_201,val,True
Tam_d03_203_a_2.jpg,Tam,d03,203,a,2,Tam_203,nuevo,False
Tam_d03_203_b_2.jpg,Tam,d03,203,b,2,Tam_203,nuevo,False
Tam_d03_205_a_1.jpg,Tam,d03,205,a,1,Tam_205,train,False
Tam_d03_205_b_1.jpg,Tam,d03,205,b,1,Tam_205,train,False
Tam_d03_208_a_2.jpg,Tam,d03,208,a,2,Tam_208,train,False
Tam_d03_208_b_2.jpg,Tam,d03,208,b,2,Tam_208,train,False
Tam_d03_209_a_1.jpg,Tam,d03,209,a,1,Tam_209,test,False
Tam_d03_209_b_1.jpg,Tam,d03,209,b,1,Tam_209,test,False
Tam_d03_210_a_2.jpg,Tam,d03,210,a,2,Tam_210,train,False
Tam_d03_210_b_2.jpg,Tam,d03,210,b,2,Tam_210,train,False
Tam_d03_216_a_3.jpg,Tam,d03,216,a,3,Tam_216,train,False
Tam_d03_216_b_3.jpg,Tam,d03,216,b,3,Tam_216,train,True
Tam_d03_218_a_2.jpg,Tam,d03,218,a,2,Tam_218,train,False
Tam_d03_218_b_2.jpg,Tam,d03,218,b,2,Tam_218,train,False
Tam_d03_230_a_1.jpg,Tam,d03,230,a,1,Tam_230,val,False
Tam_d03_230_b_1.jpg,Tam,d03,230,b,1,Tam_230,val,False
Tam_d03_231_a_2.jpg,Tam,d03,231,a,2,Tam_231,test,False
Tam_d03_231_b_2.jpg,Tam,d03,231,b,2,Tam_231,test,False
Tam_d03_238_a_2.jpg,Tam,d03,238,a,2,Tam_238,test,False
Tam_d03_238_b_2.jpg,Tam,d03,238,b,2,Tam_238,test,False
Tam_d03_241_a_2.jpg,Tam,d03,241,a,2,Tam_241,train,False
Tam_d03_241_b_2.jpg,Tam,d03,241,b,2,Tam_241,train,True
Tam_d03_242_a_2.jpg,Tam,d03,242,a,2,Tam_242,train,False
Tam_d03_242_b_2.jpg,Tam,d03,242,b,2,Tam_242,train,False
Tam_d03_246_a_2.jpg,Tam,d03,246,a,2,Tam_246,nuevo,False
Tam_d03_246_b_2.jpg,Tam,d03,246,b,2,Tam_246,nuevo,False
Tam_d03_247_a_2.jpg,Tam,d03,247,a,2,Tam_247,train,False
Tam_d03_247_b_2.jpg,Tam,d03,247,b,2,Tam_247,train,True
Tam_d03_248_a_3.jpg,Tam,d03,248,a,3,Tam_248,train,False
Tam_d03_248_b_3.jpg,Tam,d03,248,b,3,Tam_248,train,False
Tam_d03_249_a_2.jpg,Tam,d03,249,a,2,Tam_249,train,False
Tam_d03_249_b_2.jpg,Tam,d03,249,b,2,Tam_249,train,False
Tam_d03_251_a_2.jpg,Tam,d03,251,a,2,Tam_251,train,False
Tam_d03_251_b_2.jpg,Tam,d03,251,b,2,Tam_251,train,False
Tam_d03_257_a_3.jpg,Tam,d03,257,a,3,Tam_257,train,False
Tam_d03_257_b_3.jpg,Tam,d03,257,b,3,Tam_257,train,False
Tam_d03_261_a_2.jpg,Tam,d03,261,a,2,Tam_261,train,False
Tam_d03_261_b_2.jpg,Tam,d03,261,b,2,Tam_261,train,False
Tam_d03_264_a_2.jpg,Tam,d03,264,a,2,Tam_264,nuevo,False
Tam_d03_264_b_2.jpg,Tam,d03,264,b,2,Tam_264,nuevo,False
Tam_d03_270_a_2.jpg,Tam,d03,270,a,2,Tam_270,train,False
Tam_d03_270_b_2.jpg,Tam,d03,270,b,2,Tam_270,train,False
Tam_d03_273_a_2.jpg,Tam,d03,273,a,2,Tam_273,train,False
Tam_d03_273_b_2.jpg,Tam,d03,273,b,2,Tam_273,train,False
Tam_d03_278_a_2.jpg,Tam,d03,278,a,2,Tam_278,train,False
Tam_d03_278_b_2.jpg,Tam,d03,278,b,2,Tam_278,train,True
Tam_d03_280_a_2.jpg,Tam,d03,280,a,2,Tam_280,train,False
Tam_d03_280_b_2.jpg,Tam,d03,280,b,2,Tam_280,train,False
Tam_d03_281_a_2.jpg,Tam,d03,281,a,2,Tam_281,test,True
Tam_d03_281_b_2.jpg,Tam,d03,281,b,2,Tam_281,test,False
Tam_d03_285_a_2.jpg,Tam,d03,285,a,2,Tam_285,train,False
Tam_d03_285_b_2.jpg,Tam,d03,285,b,2,Tam_285,train,False
Tam_d03_286_a_2.jpg,Tam,d03,286,a,2,Tam_286,nuevo,False
Tam_d03_286_b_2.jpg,Tam,d03,286,b,2,Tam_286,nuevo,False
Tam_d03_297_a_2.jpg,Tam,d03,297,a,2,Tam_297,train,False
Tam_d03_297_b_2.jpg,Tam,d03,297,b,2,Tam_297,train,False
Tam_d03_299_a_2.jpg,Tam,d03,299,a,2,Tam_299,train,False
Tam_d03_299_b_2.jpg,Tam,d03,299,b,2,Tam_299,train,False
Tam_d03_301_a_2.jpg,Tam,d03,301,a,2,Tam_301,val,False
Tam_d03_301_b_2.jpg,Tam,d03,301,b,2,Tam_301,val,False
Tam_d03_302_a_2.jpg,Tam,d03,302,a,2,Tam_302,train,False
Tam_d03_302_b_2.jpg,Tam,d03,302,b,2,Tam_302,train,False
Tam_d03_303_a_2.jpg,Tam,d03,303,a,2,Tam_303,train,False
Tam_d03_303_b_2.jpg,Tam,d03,303,b,2,Tam_303,train,False
Tam_d03_304_a_2.jpg,Tam,d03,304,a,2,Tam_304,train,False
Tam_d03_304_b_2.jpg,Tam,d03,304,b,2,Tam_304,train,False
Tam_d03_307_a_2.jpg,Tam,d03,307,a,2,Tam_307,train,False
Tam_d03_307_b_2.jpg,Tam,d03,307,b,2,Tam_307,train,False
Tam_d03_308_a_2.jpg,Tam,d03,308,a,2,Tam_308,train,False
Tam_d03_308_b_2.jpg,Tam,d03,308,b,2,Tam_308,train,True
Tam_d03_312_a_2.jpg,Tam,d03,312,a,2,Tam_312,train,False
Tam_d03_312_b_2.jpg,Tam,d03,312,b,2,Tam_312,train,True
Tam_d03_318_a_2.jpg,Tam,d03,318,a,2,Tam_318,train,False
Tam_d03_318_b_2.jpg,Tam,d03,318,b,2,Tam_318,train,False
Tam_d03_319_a_2.jpg,Tam,d03,319,a,2,Tam_319,train,False
Tam_d03_319_b_2.jpg,Tam,d03,319,b,2,Tam_319,train,False
Tam_d03_320_a_2.jpg,Tam,d03,320,a,2,Tam_320,nuevo,False
Tam_d03_320_b_2.jpg,Tam,d03,320,b,2,Tam_320,nuevo,False
Tam_d03_323_a_2.jpg,Tam,d03,323,a,2,Tam_323,train,False
Tam_d03_323_b_2.jpg,Tam,d03,323,b,2,Tam_323,train,False
Tam_d03_329_a_2.jpg,Tam,d03,329,a,2,Tam_329,train,False
Tam_d03_329_b_2.jpg,Tam,d03,329,b,2,Tam_329,train,False
Tam_d03_335_a_1.jpg,Tam,d03,335,a,1,Tam_335,nuevo,False
Tam_d03_335_b_1.jpg,Tam,d03,335,b,1,Tam_335,nuevo,False
Tam_d03_339_a_2.jpg,Tam,d03,339,a,2,Tam_339,test,False
Tam_d03_339_b_2.jpg,Tam,d03,339,b,2,Tam_339,test,True
Tam_d03_340_a_1.jpg,Tam,d03,340,a,1,Tam_340,val,False
Tam_d03_340_b_1.jpg,Tam,d03,340,b,1,Tam_340,val,False
Tam_d03_341_a_2.jpg,Tam,d03,341,a,2,Tam_341,val,False
Tam_d03_341_b_2.jpg,Tam,d03,341,b,2,Tam_341,val,False
Tam_d03_342_a_1.jpg,Tam,d03,342,a,1,Tam_342,train,False
Tam_d03_342_b_1.jpg,Tam,d03,342,b,1,Tam_342,train,False
Tam_d03_343_a_2.jpg,Tam,d03,343,a,2,Tam_343,train,False
Tam_d03_343_b_2.jpg,Tam,d03,343,b,2,Tam_343,train,False
Tam_d03_344_a_3.jpg,Tam,d03,344,a,3,Tam_344,test,False
Tam_d03_344_b_3.jpg,Tam,d03,344,b,3,Tam_344,test,False
Tam_d03_345_a_2.jpg,Tam,d03,345,a,2,Tam_345,val,False
Tam_d03_345_b_2.jpg,Tam,d03,345,b,2,Tam_345,val,False
Tam_d03_348_a_2.jpg,Tam,d03,348,a,2,Tam_348,train,False
Tam_d03_348_b_2.jpg,Tam,d03,348,b,2,Tam_348,train,False
Tam_d03_356_a_2.jpg,Tam,d03,356,a,2,Tam_356,train,True
Tam_d03_356_b_2.jpg,Tam,d03,356,b,2,Tam_356,train,False
Tam_d03_362_a_1.jpg,Tam,d03,362,a,1,Tam_362,test,False
Tam_d03_362_b_1.jpg,Tam,d03,362,b,1,Tam_362,test,True
Tam_d03_364_a_1.jpg,Tam,d03,364,a,1,Tam_364,val,False
Tam_d03_364_b_1.jpg,Tam,d03,364,b,1,Tam_364,val,False
Tam_d03_370_a_2.jpg,Tam,d03,370,a,2,Tam_370,train,False
Tam_d03_370_b_2.jpg,Tam,d03,370,b,2,Tam_370,train,False
Tam_d03_374_a_1.jpg,Tam,d03,374,a,1,Tam_374,test,False
Tam_d03_374_b_1.jpg,Tam,d03,374,b,1,Tam_374,test,False
Tam_d03_379_a_1.jpg,Tam,d03,379,a,1,Tam_379,train,False
Tam_d03_379_b_1.jpg,Tam,d03,379,b,1,Tam_379,train,False
Tam_d03_380_a_2.jpg,Tam,d03,380,a,2,Tam_380,train,False
Tam_d03_380_b_2.jpg,Tam,d03,380,b,2,Tam_380,train,True
Tam_d03_396_a_1.jpg,Tam,d03,396,a,1,Tam_396,test,False
Tam_d03_396_b_1.jpg,Tam,d03,396,b,1,Tam_396,test,False
Tam_d03_397_a_2.jpg,Tam,d03,397,a,2,Tam_397,val,True
Tam_d03_397_b_2.jpg,Tam,d03,397,b,2,Tam_397,val,False
Tam_d03_403_a_2.jpg,Tam,d03,403,a,2,Tam_403,val,False
Tam_d03_403_b_2.jpg,Tam,d03,403,b,2,Tam_403,val,False
Tam_d03_404_a_2.jpg,Tam,d03,404,a,2,Tam_404,train,False
Tam_d03_404_b_2.jpg,Tam,d03,404,b,2,Tam_404,train,False
Tam_d03_407_a_2.jpg,Tam,d03,407,a,2,Tam_407,val,False
Tam_d03_407_b_2.jpg,Tam,d03,407,b,2,Tam_407,val,False
Tam_d03_416_a_1.jpg,Tam,d03,416,a,1,Tam_416,test,False
Tam_d03_416_b_1.jpg,Tam,d03,416,b,1,Tam_416,test,False
Tam_d03_417_a_2.jpg,Tam,d03,417,a,2,Tam_417,train,False
Tam_d03_417_b_2.jpg,Tam,d03,417,b,2,Tam_417,train,False
Tam_d03_419_a_1.jpg,Tam,d03,419,a,1,Tam_419,train,False
Tam_d03_419_b_1.jpg,Tam,d03,419,b,1,Tam_419,train,False
Tam_d03_424_a_1.jpg,Tam,d03,424,a,1,Tam_424,val,False
Tam_d03_424_b_1.jpg,Tam,d03,424,b,1,Tam_424,val,False
Tam_d03_427_a_2.jpg,Tam,d03,427,a,2,Tam_427,train,False
Tam_d03_427_b_2.jpg,Tam,d03,427,b,2,Tam_427,train,False
Tam_d03_428_a_1.jpg,Tam,d03,428,a,1,Tam_428,val,False
Tam_d03_428_b_1.jpg,Tam,d03,428,b,1,Tam_428,val,False
Tam_d03_434_a_2.jpg,Tam,d03,434,a,2,Tam_434,train,False
Tam_d03_434_b_2.jpg,Tam,d03,434,b,2,Tam_434,train,False
Tam_d03_436_a_2.jpg,Tam,d03,436,a,2,Tam_436,train,False
Tam_d03_436_b_2.jpg,Tam,d03,436,b,2,Tam_436,train,False
Tam_d03_437_a_3.jpg,Tam,d03,437,a,3,Tam_437,nuevo,False
Tam_d03_437_b_3.jpg,Tam,d03,437,b,3,Tam_437,nuevo,False
Tam_d03_441_a_2.jpg,Tam,d03,441,a,2,Tam_441,train,False
Tam_d03_441_b_2.jpg,Tam,d03,441,b,2,Tam_441,train,False
Tam_d03_456_a_2.jpg,Tam,d03,456,a,2,Tam_456,nuevo,False
Tam_d03_456_b_2.jpg,Tam,d03,456,b,2,Tam_456,nuevo,False
Tam_d03_457_a_3.jpg,Tam,d03,457,a,3,Tam_457,train,False
Tam_d03_457_b_3.jpg,Tam,d03,457,b,3,Tam_457,train,False
Tam_d03_460_a_1.jpg,Tam,d03,460,a,1,Tam_460,nuevo,False
Tam_d03_460_b_1.jpg,Tam,d03,460,b,1,Tam_460,nuevo,False
Tam_d03_465_a_2.jpg,Tam,d03,465,a,2,Tam_465,nuevo,False
Tam_d03_465_b_2.jpg,Tam,d03,465,b,2,Tam_465,nuevo,False
Tam_d03_466_a_3.jpg,Tam,d03,466,a,3,Tam_466,nuevo,False
Tam_d03_466_b_3.jpg,Tam,d03,466,b,3,Tam_466,nuevo,False
Tam_d03_467_a_2.jpg,Tam,d03,467,a,2,Tam_467,train,False
Tam_d03_467_b_2.jpg,Tam,d03,467,b,2,Tam_467,train,False
Tam_d03_472_a_2.jpg,Tam,d03,472,a,2,Tam_472,test,False
Tam_d03_472_b_2.jpg,Tam,d03,472,b,2,Tam_472,test,False
Tam_d03_473_a_1.jpg,Tam,d03,473,a,1,Tam_473,val,False
Tam_d03_473_b_1.jpg,Tam,d03,473,b,1,Tam_473,val,True
Tam_d03_474_a_1.jpg,Tam,d03,474,a,1,Tam_474,val,False
Tam_d03_474_b_1.jpg,Tam,d03,474,b,1,Tam_474,val,True
Tam_d04_009_a_3.jpg,Tam,d04,009,a,3,Tam_009,train,False
Tam_d04_009_b_3.jpg,Tam,d04,009,b,3,Tam_009,train,False
Tam_d04_016_a_3.jpg,Tam,d04,016,a,3,Tam_016,nuevo,False
Tam_d04_016_b_3.jpg,Tam,d04,016,b,3,Tam_016,nuevo,False
Tam_d04_017_a_3.jpg,Tam,d04,017,a,3,Tam_017,nuevo,False
Tam_d04_017_b_3.jpg,Tam,d04,017,b,3,Tam_017,nuevo,False
Tam_d04_019_a_2.jpg,Tam,d04,019,a,2,Tam_019,val,False
Tam_d04_019_b_2.jpg,Tam,d04,019,b,2,Tam_019,val,False
Tam_d04_028_a_3.jpg,Tam,d04,028,a,3,Tam_028,train,False
Tam_d04_028_b_3.jpg,Tam,d04,028,b,3,Tam_028,train,False
Tam_d04_030_a_3.jpg,Tam,d04,030,a,3,Tam_030,nuevo,False
Tam_d04_030_b_3.jpg,Tam,d04,030,b,3,Tam_030,nuevo,False
Tam_d04_039_a_3.jpg,Tam,d04,039,a,3,Tam_039,train,True
Tam_d04_039_b_3.jpg,Tam,d04,039,b,3,Tam_039,train,False
Tam_d04_051_a_2.jpg,Tam,d04,051,a,2,Tam_051,train,False
Tam_d04_051_b_2.jpg,Tam,d04,051,b,2,Tam_051,train,False
Tam_d04_052_a_3.jpg,Tam,d04,052,a,3,Tam_052,nuevo,False
Tam_d04_052_b_3.jpg,Tam,d04,052,b,3,Tam_052,nuevo,False
Tam_d04_053_a_3.jpg,Tam,d04,053,a,3,Tam_053,train,False
Tam_d04_053_b_3.jpg,Tam,d04,053,b,3,Tam_053,train,False
Tam_d04_057_a_3.jpg,Tam,d04,057,a,3,Tam_057,nuevo,False
Tam_d04_057_b_3.jpg,Tam,d04,057,b,3,Tam_057,nuevo,False
Tam_d04_059_a_1.jpg,Tam,d04,059,a,1,Tam_059,train,False
Tam_d04_059_b_1.jpg,Tam,d04,059,b,1,Tam_059,train,False
Tam_d04_062_a_3.jpg,Tam,d04,062,a,3,Tam_062,val,False
Tam_d04_062_b_3.jpg,Tam,d04,062,b,3,Tam_062,val,True
Tam_d04_064_a_3.jpg,Tam,d04,064,a,3,Tam_064,nuevo,False
Tam_d04_064_b_3.jpg,Tam,d04,064,b,3,Tam_064,nuevo,False
Tam_d04_066_a_3.jpg,Tam,d04,066,a,3,Tam_066,nuevo,False
Tam_d04_066_b_3.jpg,Tam,d04,066,b,3,Tam_066,nuevo,False
Tam_d04_068_a_2.jpg,Tam,d04,068,a,2,Tam_068,val,False
Tam_d04_068_b_2.jpg,Tam,d04,068,b,2,Tam_068,val,True
Tam_d04_070_a_2.jpg,Tam,d04,070,a,2,Tam_070,val,False
Tam_d04_070_b_2.jpg,Tam,d04,070,b,2,Tam_070,val,False
Tam_d04_073_a_3.jpg,Tam,d04,073,a,3,Tam_073,val,False
Tam_d04_073_b_3.jpg,Tam,d04,073,b,3,Tam_073,val,False
Tam_d04_074_a_2.jpg,Tam,d04,074,a,2,Tam_074,train,False
Tam_d04_074_b_2.jpg,Tam,d04,074,b,2,Tam_074,train,False
Tam_d04_077_a_2.jpg,Tam,d04,077,a,2,Tam_077,nuevo,False
Tam_d04_077_b_2.jpg,Tam,d04,077,b,2,Tam_077,nuevo,False
Tam_d04_078_a_3.jpg,Tam,d04,078,a,3,Tam_078,test,False
Tam_d04_078_b_3.jpg,Tam,d04,078,b,3,Tam_078,test,False
Tam_d04_079_a_3.jpg,Tam,d04,079,a,3,Tam_079,val,False
Tam_d04_079_b_3.jpg,Tam,d04,079,b,3,Tam_079,val,False
Tam_d04_086_a_2.jpg,Tam,d04,086,a,2,Tam_086,nuevo,False
Tam_d04_086_b_2.jpg,Tam,d04,086,b,2,Tam_086,nuevo,False
Tam_d04_088_a_2.jpg,Tam,d04,088,a,2,Tam_088,val,False
Tam_d04_088_b_2.jpg,Tam,d04,088,b,2,Tam_088,val,False
Tam_d04_102_a_2.jpg,Tam,d04,102,a,2,Tam_102,train,False
Tam_d04_102_b_2.jpg,Tam,d04,102,b,2,Tam_102,train,False
Tam_d04_105_a_2.jpg,Tam,d04,105,a,2,Tam_105,train,True
Tam_d04_105_b_2.jpg,Tam,d04,105,b,2,Tam_105,train,False
Tam_d04_119_a_2.jpg,Tam,d04,119,a,2,Tam_119,train,False
Tam_d04_119_b_2.jpg,Tam,d04,119,b,2,Tam_119,train,False
Tam_d04_121_a_2.jpg,Tam,d04,121,a,2,Tam_121,train,False
Tam_d04_121_b_2.jpg,Tam,d04,121,b,2,Tam_121,train,False
Tam_d04_124_a_2.jpg,Tam,d04,124,a,2,Tam_124,train,True
Tam_d04_124_b_2.jpg,Tam,d04,124,b,2,Tam_124,train,False
Tam_d04_126_a_2.jpg,Tam,d04,126,a,2,Tam_126,test,False
Tam_d04_126_b_2.jpg,Tam,d04,126,b,2,Tam_126,test,False
Tam_d04_134_a_3.jpg,Tam,d04,134,a,3,Tam_134,nuevo,False
Tam_d04_134_b_3.jpg,Tam,d04,134,b,3,Tam_134,nuevo,False
Tam_d04_135_a_3.jpg,Tam,d04,135,a,3,Tam_135,test,False
Tam_d04_135_b_3.jpg,Tam,d04,135,b,3,Tam_135,test,False
Tam_d04_139_a_3.jpg,Tam,d04,139,a,3,Tam_139,nuevo,False
Tam_d04_139_b_3.jpg,Tam,d04,139,b,3,Tam_139,nuevo,False
Tam_d04_140_a_3.jpg,Tam,d04,140,a,3,Tam_140,test,True
Tam_d04_140_b_3.jpg,Tam,d04,140,b,3,Tam_140,test,False
Tam_d04_142_a_3.jpg,Tam,d04,142,a,3,Tam_142,train,False
Tam_d04_142_b_3.jpg,Tam,d04,142,b,3,Tam_142,train,False
Tam_d04_144_a_3.jpg,Tam,d04,144,a,3,Tam_144,train,False
Tam_d04_144_b_3.jpg,Tam,d04,144,b,3,Tam_144,train,False
Tam_d04_147_a_2.jpg,Tam,d04,147,a,2,Tam_147,train,False
Tam_d04_147_b_2.jpg,Tam,d04,147,b,2,Tam_147,train,True
Tam_d04_154_a_2.jpg,Tam,d04,154,a,2,Tam_154,train,True
Tam_d04_154_b_2.jpg,Tam,d04,154,b,2,Tam_154,train,False
Tam_d04_157_a_3.jpg,Tam,d04,157,a,3,Tam_157,train,False
Tam_d04_157_b_3.jpg,Tam,d04,157,b,3,Tam_157,train,False
Tam_d04_158_a_1.jpg,Tam,d04,158,a,1,Tam_158,train,False
Tam_d04_158_b_1.jpg,Tam,d04,158,b,1,Tam_158,train,False
Tam_d04_159_a_2.jpg,Tam,d04,159,a,2,Tam_159,train,False
Tam_d04_159_b_2.jpg,Tam,d04,159,b,2,Tam_159,train,False
Tam_d04_160_a_3.jpg,Tam,d04,160,a,3,Tam_160,train,False
Tam_d04_160_b_3.jpg,Tam,d04,160,b,3,Tam_160,train,True
Tam_d04_164_a_2.jpg,Tam,d04,164,a,2,Tam_164,test,False
Tam_d04_164_b_2.jpg,Tam,d04,164,b,2,Tam_164,test,False
Tam_d04_169_a_2.jpg,Tam,d04,169,a,2,Tam_169,train,False
Tam_d04_169_b_2.jpg,Tam,d04,169,b,2,Tam_169,train,False
Tam_d04_171_a_2.jpg,Tam,d04,171,a,2,Tam_171,train,False
Tam_d04_171_b_2.jpg,Tam,d04,171,b,2,Tam_171,train,False
Tam_d04_173_a_2.jpg,Tam,d04,173,a,2,Tam_173,val,False
Tam_d04_173_b_2.jpg,Tam,d04,173,b,2,Tam_173,val,False
Tam_d04_175_a_2.jpg,Tam,d04,175,a,2,Tam_175,val,False
Tam_d04_175_b_2.jpg,Tam,d04,175,b,2,Tam_175,val,False
Tam_d04_179_a_3.jpg,Tam,d04,179,a,3,Tam_179,train,False
Tam_d04_179_b_3.jpg,Tam,d04,179,b,3,Tam_179,train,False
Tam_d04_182_a_2.jpg,Tam,d04,182,a,2,Tam_182,train,False
Tam_d04_182_b_2.jpg,Tam,d04,182,b,2,Tam_182,train,False
Tam_d04_184_a_2.jpg,Tam,d04,184,a,2,Tam_184,val,False
Tam_d04_184_b_2.jpg,Tam,d04,184,b,2,Tam_184,val,False
Tam_d04_189_a_3.jpg,Tam,d04,189,a,3,Tam_189,train,False
Tam_d04_189_b_3.jpg,Tam,d04,189,b,3,Tam_189,train,True
Tam_d04_191_a_3.jpg,Tam,d04,191,a,3,Tam_191,train,False
Tam_d04_191_b_3.jpg,Tam,d04,191,b,3,Tam_191,train,False
Tam_d04_195_a_2.jpg,Tam,d04,195,a,2,Tam_195,train,False
Tam_d04_195_b_2.jpg,Tam,d04,195,b,2,Tam_195,train,True
Tam_d04_197_a_2.jpg,Tam,d04,197,a,2,Tam_197,val,True
Tam_d04_197_b_2.jpg,Tam,d04,197,b,2,Tam_197,val,True
Tam_d04_198_a_3.jpg,Tam,d04,198,a,3,Tam_198,train,True
Tam_d04_198_b_3.jpg,Tam,d04,198,b,3,Tam_198,train,False
Tam_d04_200_a_1.jpg,Tam,d04,200,a,1,Tam_200,train,False
Tam_d04_200_b_1.jpg,Tam,d04,200,b,1,Tam_200,train,False
Tam_d04_201_a_2.jpg,Tam,d04,201,a,2,Tam_201,val,False
Tam_d04_201_b_2.jpg,Tam,d04,201,b,2,Tam_201,val,False
Tam_d04_203_a_2.jpg,Tam,d04,203,a,2,Tam_203,nuevo,False
Tam_d04_203_b_2.jpg,Tam,d04,203,b,2,Tam_203,nuevo,False
Tam_d04_205_a_2.jpg,Tam,d04,205,a,2,Tam_205,train,False
Tam_d04_205_b_2.jpg,Tam,d04,205,b,2,Tam_205,train,False
Tam_d04_208_a_2.jpg,Tam,d04,208,a,2,Tam_208,train,False
Tam_d04_208_b_2.jpg,Tam,d04,208,b,2,Tam_208,train,False
Tam_d04_209_a_2.jpg,Tam,d04,209,a,2,Tam_209,test,True
Tam_d04_209_b_2.jpg,Tam,d04,209,b,2,Tam_209,test,False
Tam_d04_210_a_2.jpg,Tam,d04,210,a,2,Tam_210,train,False
Tam_d04_210_b_2.jpg,Tam,d04,210,b,2,Tam_210,train,False
Tam_d04_218_a_3.jpg,Tam,d04,218,a,3,Tam_218,train,False
Tam_d04_218_b_3.jpg,Tam,d04,218,b,3,Tam_218,train,False
Tam_d04_230_a_1.jpg,Tam,d04,230,a,1,Tam_230,val,False
Tam_d04_230_b_1.jpg,Tam,d04,230,b,1,Tam_230,val,False
Tam_d04_231_a_3.jpg,Tam,d04,231,a,3,Tam_231,test,False
Tam_d04_231_b_3.jpg,Tam,d04,231,b,3,Tam_231,test,True
Tam_d04_238_a_3.jpg,Tam,d04,238,a,3,Tam_238,test,True
Tam_d04_238_b_3.jpg,Tam,d04,238,b,3,Tam_238,test,False
Tam_d04_241_a_2.jpg,Tam,d04,241,a,2,Tam_241,train,False
Tam_d04_241_b_2.jpg,Tam,d04,241,b,2,Tam_241,train,False
Tam_d04_242_a_3.jpg,Tam,d04,242,a,3,Tam_242,train,False
Tam_d04_242_b_3.jpg,Tam,d04,242,b,3,Tam_242,train,False
Tam_d04_246_a_3.jpg,Tam,d04,246,a,3,Tam_246,nuevo,False
Tam_d04_246_b_3.jpg,Tam,d04,246,b,3,Tam_246,nuevo,False
Tam_d04_247_a_2.jpg,Tam,d04,247,a,2,Tam_247,train,True
Tam_d04_247_b_2.jpg,Tam,d04,247,b,2,Tam_247,train,False
Tam_d04_248_a_4.jpg,Tam,d04,248,a,4,Tam_248,train,False
Tam_d04_248_b_4.jpg,Tam,d04,248,b,4,Tam_248,train,True
Tam_d04_249_a_3.jpg,Tam,d04,249,a,3,Tam_249,train,False
Tam_d04_249_b_3.jpg,Tam,d04,249,b,3,Tam_249,train,False
Tam_d04_251_a_3.jpg,Tam,d04,251,a,3,Tam_251,train,False
Tam_d04_251_b_3.jpg,Tam,d04,251,b,3,Tam_251,train,False
Tam_d04_257_a_4.jpg,Tam,d04,257,a,4,Tam_257,train,False
Tam_d04_257_b_4.jpg,Tam,d04,257,b,4,Tam_257,train,False
Tam_d04_261_a_3.jpg,Tam,d04,261,a,3,Tam_261,train,False
Tam_d04_261_b_3.jpg,Tam,d04,261,b,3,Tam_261,train,False
Tam_d04_264_a_3.jpg,Tam,d04,264,a,3,Tam_264,nuevo,False
Tam_d04_264_b_3.jpg,Tam,d04,264,b,3,Tam_264,nuevo,False
Tam_d04_270_a_2.jpg,Tam,d04,270,a,2,Tam_270,train,False
Tam_d04_270_b_2.jpg,Tam,d04,270,b,2,Tam_270,train,False
Tam_d04_273_a_2.jpg,Tam,d04,273,a,2,Tam_273,train,False
Tam_d04_273_b_2.jpg,Tam,d04,273,b,2,Tam_273,train,False
Tam_d04_278_a_3.jpg,Tam,d04,278,a,3,Tam_278,train,False
Tam_d04_278_b_3.jpg,Tam,d04,278,b,3,Tam_278,train,False
Tam_d04_280_a_2.jpg,Tam,d04,280,a,2,Tam_280,train,True
Tam_d04_280_b_2.jpg,Tam,d04,280,b,2,Tam_280,train,False
Tam_d04_281_a_2.jpg,Tam,d04,281,a,2,Tam_281,test,False
Tam_d04_281_b_2.jpg,Tam,d04,281,b,2,Tam_281,test,False
Tam_d04_285_a_3.jpg,Tam,d04,285,a,3,Tam_285,train,False
Tam_d04_285_b_3.jpg,Tam,d04,285,b,3,Tam_285,train,False
Tam_d04_286_a_2.jpg,Tam,d04,286,a,2,Tam_286,nuevo,False
Tam_d04_286_b_2.jpg,Tam,d04,286,b,2,Tam_286,nuevo,False
Tam_d04_297_a_3.jpg,Tam,d04,297,a,3,Tam_297,train,False
Tam_d04_297_b_3.jpg,Tam,d04,297,b,3,Tam_297,train,False
Tam_d04_299_a_2.jpg,Tam,d04,299,a,2,Tam_299,train,True
Tam_d04_299_b_2.jpg,Tam,d04,299,b,2,Tam_299,train,False
Tam_d04_301_a_2.jpg,Tam,d04,301,a,2,Tam_301,val,False
Tam_d04_301_b_2.jpg,Tam,d04,301,b,2,Tam_301,val,False
Tam_d04_302_a_3.jpg,Tam,d04,302,a,3,Tam_302,train,False
Tam_d04_302_b_3.jpg,Tam,d04,302,b,3,Tam_302,train,False
Tam_d04_303_a_3.jpg,Tam,d04,303,a,3,Tam_303,train,False
Tam_d04_303_b_3.jpg,Tam,d04,303,b,3,Tam_303,train,True
Tam_d04_304_a_2.jpg,Tam,d04,304,a,2,Tam_304,train,False
Tam_d04_304_b_2.jpg,Tam,d04,304,b,2,Tam_304,train,False
Tam_d04_307_a_2.jpg,Tam,d04,307,a,2,Tam_307,train,False
Tam_d04_307_b_2.jpg,Tam,d04,307,b,2,Tam_307,train,False
Tam_d04_308_a_3.jpg,Tam,d04,308,a,3,Tam_308,train,False
Tam_d04_308_b_3.jpg,Tam,d04,308,b,3,Tam_308,train,False
Tam_d04_312_a_2.jpg,Tam,d04,312,a,2,Tam_312,train,False
Tam_d04_312_b_2.jpg,Tam,d04,312,b,2,Tam_312,train,True
Tam_d04_318_a_2.jpg,Tam,d04,318,a,2,Tam_318,train,False
Tam_d04_318_b_2.jpg,Tam,d04,318,b,2,Tam_318,train,False
Tam_d04_319_a_2.jpg,Tam,d04,319,a,2,Tam_319,train,False
Tam_d04_319_b_2.jpg,Tam,d04,319,b,2,Tam_319,train,False
Tam_d04_323_a_3.jpg,Tam,d04,323,a,3,Tam_323,train,False
Tam_d04_323_b_3.jpg,Tam,d04,323,b,3,Tam_323,train,True
Tam_d04_329_a_3.jpg,Tam,d04,329,a,3,Tam_329,train,False
Tam_d04_329_b_3.jpg,Tam,d04,329,b,3,Tam_329,train,False
Tam_d04_335_a_2.jpg,Tam,d04,335,a,2,Tam_335,nuevo,False
Tam_d04_335_b_2.jpg,Tam,d04,335,b,2,Tam_335,nuevo,False
Tam_d04_339_a_2.jpg,Tam,d04,339,a,2,Tam_339,test,False
Tam_d04_339_b_2.jpg,Tam,d04,339,b,2,Tam_339,test,False
Tam_d04_340_a_2.jpg,Tam,d04,340,a,2,Tam_340,val,False
Tam_d04_340_b_2.jpg,Tam,d04,340,b,2,Tam_340,val,False
Tam_d04_341_a_3.jpg,Tam,d04,341,a,3,Tam_341,val,False
Tam_d04_341_b_3.jpg,Tam,d04,341,b,3,Tam_341,val,False
Tam_d04_342_a_1.jpg,Tam,d04,342,a,1,Tam_342,train,True
Tam_d04_342_b_1.jpg,Tam,d04,342,b,1,Tam_342,train,False
Tam_d04_343_a_3.jpg,Tam,d04,343,a,3,Tam_343,train,True
Tam_d04_343_b_3.jpg,Tam,d04,343,b,3,Tam_343,train,False
Tam_d04_344_a_4.jpg,Tam,d04,344,a,4,Tam_344,test,False
Tam_d04_344_b_4.jpg,Tam,d04,344,b,4,Tam_344,test,False
Tam_d04_348_a_3.jpg,Tam,d04,348,a,3,Tam_348,train,False
Tam_d04_348_b_3.jpg,Tam,d04,348,b,3,Tam_348,train,False
Tam_d04_356_a_3.jpg,Tam,d04,356,a,3,Tam_356,train,False
Tam_d04_356_b_3.jpg,Tam,d04,356,b,3,Tam_356,train,True
Tam_d04_362_a_1.jpg,Tam,d04,362,a,1,Tam_362,test,False
Tam_d04_362_b_1.jpg,Tam,d04,362,b,1,Tam_362,test,False
Tam_d04_364_a_2.jpg,Tam,d04,364,a,2,Tam_364,val,False
Tam_d04_364_b_2.jpg,Tam,d04,364,b,2,Tam_364,val,False
Tam_d04_370_a_3.jpg,Tam,d04,370,a,3,Tam_370,train,False
Tam_d04_370_b_3.jpg,Tam,d04,370,b,3,Tam_370,train,False
Tam_d04_374_a_2.jpg,Tam,d04,374,a,2,Tam_374,test,False
Tam_d04_374_b_2.jpg,Tam,d04,374,b,2,Tam_374,test,False
Tam_d04_379_a_2.jpg,Tam,d04,379,a,2,Tam_379,train,False
Tam_d04_379_b_2.jpg,Tam,d04,379,b,2,Tam_379,train,False
Tam_d04_380_a_3.jpg,Tam,d04,380,a,3,Tam_380,train,False
Tam_d04_380_b_3.jpg,Tam,d04,380,b,3,Tam_380,train,False
Tam_d04_396_a_2.jpg,Tam,d04,396,a,2,Tam_396,test,True
Tam_d04_396_b_2.jpg,Tam,d04,396,b,2,Tam_396,test,True
Tam_d04_397_a_3.jpg,Tam,d04,397,a,3,Tam_397,val,False
Tam_d04_397_b_3.jpg,Tam,d04,397,b,3,Tam_397,val,False
Tam_d04_403_a_3.jpg,Tam,d04,403,a,3,Tam_403,val,False
Tam_d04_403_b_3.jpg,Tam,d04,403,b,3,Tam_403,val,False
Tam_d04_404_a_2.jpg,Tam,d04,404,a,2,Tam_404,train,True
Tam_d04_404_b_2.jpg,Tam,d04,404,b,2,Tam_404,train,True
Tam_d04_407_a_2.jpg,Tam,d04,407,a,2,Tam_407,val,False
Tam_d04_407_b_2.jpg,Tam,d04,407,b,2,Tam_407,val,False
Tam_d04_416_a_2.jpg,Tam,d04,416,a,2,Tam_416,test,True
Tam_d04_416_b_2.jpg,Tam,d04,416,b,2,Tam_416,test,False
Tam_d04_417_a_2.jpg,Tam,d04,417,a,2,Tam_417,train,False
Tam_d04_417_b_2.jpg,Tam,d04,417,b,2,Tam_417,train,False
Tam_d04_419_a_2.jpg,Tam,d04,419,a,2,Tam_419,train,False
Tam_d04_419_b_2.jpg,Tam,d04,419,b,2,Tam_419,train,True
Tam_d04_424_a_2.jpg,Tam,d04,424,a,2,Tam_424,val,False
Tam_d04_424_b_2.jpg,Tam,d04,424,b,2,Tam_424,val,False
Tam_d04_427_a_3.jpg,Tam,d04,427,a,3,Tam_427,train,True
Tam_d04_427_b_3.jpg,Tam,d04,427,b,3,Tam_427,train,False
Tam_d04_428_a_2.jpg,Tam,d04,428,a,2,Tam_428,val,False
Tam_d04_428_b_2.jpg,Tam,d04,428,b,2,Tam_428,val,True
Tam_d04_434_a_2.jpg,Tam,d04,434,a,2,Tam_434,train,False
Tam_d04_434_b_2.jpg,Tam,d04,434,b,2,Tam_434,train,False
Tam_d04_436_a_3.jpg,Tam,d04,436,a,3,Tam_436,train,False
Tam_d04_436_b_3.jpg,Tam,d04,436,b,3,Tam_436,train,True
Tam_d04_437_a_4.jpg,Tam,d04,437,a,4,Tam_437,nuevo,False
Tam_d04_437_b_4.jpg,Tam,d04,437,b,4,Tam_437,nuevo,False
Tam_d04_441_a_3.jpg,Tam,d04,441,a,3,Tam_441,train,True
Tam_d04_441_b_3.jpg,Tam,d04,441,b,3,Tam_441,train,False
Tam_d04_456_a_3.jpg,Tam,d04,456,a,3,Tam_456,nuevo,False
Tam_d04_456_b_3.jpg,Tam,d04,456,b,3,Tam_456,nuevo,False
Tam_d04_457_a_3.jpg,Tam,d04,457,a,3,Tam_457,train,False
Tam_d04_457_b_3.jpg,Tam,d04,457,b,3,Tam_457,train,False
Tam_d04_460_a_2.jpg,Tam,d04,460,a,2,Tam_460,nuevo,False
Tam_d04_460_b_2.jpg,Tam,d04,460,b,2,Tam_460,nuevo,False
Tam_d04_465_a_2.jpg,Tam,d04,465,a,2,Tam_465,nuevo,False
Tam_d04_465_b_2.jpg,Tam,d04,465,b,2,Tam_465,nuevo,False
Tam_d04_466_a_4.jpg,Tam,d04,466,a,4,Tam_466,nuevo,False
Tam_d04_466_b_4.jpg,Tam,d04,466,b,4,Tam_466,nuevo,False
Tam_d04_467_a_3.jpg,Tam,d04,467,a,3,Tam_467,train,False
Tam_d04_467_b_3.jpg,Tam,d04,467,b,3,Tam_467,train,False
Tam_d04_472_a_3.jpg,Tam,d04,472,a,3,Tam_472,test,False
Tam_d04_472_b_3.jpg,Tam,d04,472,b,3,Tam_472,test,False
Tam_d04_473_a_2.jpg,Tam,d04,473,a,2,Tam_473,val,False
Tam_d04_473_b_2.jpg,Tam,d04,473,b,2,Tam_473,val,False
Tam_d04_474_a_2.jpg,Tam,d04,474,a,2,Tam_474,val,False
Tam_d04_474_b_2.jpg,Tam,d04,474,b,2,Tam_474,val,False
Tam_d05_009_a_4.jpg,Tam,d05,009,a,4,Tam_009,train,False
Tam_d05_009_b_4.jpg,Tam,d05,009,b,4,Tam_009,train,False
Tam_d05_016_a_3.jpg,Tam,d05,016,a,3,Tam_016,nuevo,False
Tam_d05_016_b_3.jpg,Tam,d05,016,b,3,Tam_016,nuevo,False
Tam_d05_017_a_3.jpg,Tam,d05,017,a,3,Tam_017,nuevo,False
Tam_d05_017_b_3.jpg,Tam,d05,017,b,3,Tam_017,nuevo,False
Tam_d05_019_a_3.jpg,Tam,d05,019,a,3,Tam_019,val,False
Tam_d05_019_b_3.jpg,Tam,d05,019,b,3,Tam_019,val,False
Tam_d05_028_a_3.jpg,Tam,d05,028,a,3,Tam_028,train,True
Tam_d05_028_b_3.jpg,Tam,d05,028,b,3,Tam_028,train,False
Tam_d05_030_a_3.jpg,Tam,d05,030,a,3,Tam_030,nuevo,False
Tam_d05_030_b_3.jpg,Tam,d05,030,b,3,Tam_030,nuevo,False
Tam_d05_039_a_4.jpg,Tam,d05,039,a,4,Tam_039,train,False
Tam_d05_039_b_4.jpg,Tam,d05,039,b,4,Tam_039,train,False
Tam_d05_051_a_3.jpg,Tam,d05,051,a,3,Tam_051,train,False
Tam_d05_051_b_3.jpg,Tam,d05,051,b,3,Tam_051,train,False
Tam_d05_052_a_3.jpg,Tam,d05,052,a,3,Tam_052,nuevo,False
Tam_d05_052_b_3.jpg,Tam,d05,052,b,3,Tam_052,nuevo,False
Tam_d05_053_a_3.jpg,Tam,d05,053,a,3,Tam_053,train,False
Tam_d05_053_b_3.jpg,Tam,d05,053,b,3,Tam_053,train,False
Tam_d05_057_a_3.jpg,Tam,d05,057,a,3,Tam_057,nuevo,False
Tam_d05_057_b_3.jpg,Tam,d05,057,b,3,Tam_057,nuevo,False
Tam_d05_059_a_1.jpg,Tam,d05,059,a,1,Tam_059,train,False
Tam_d05_059_b_1.jpg,Tam,d05,059,b,1,Tam_059,train,False
Tam_d05_062_a_3.jpg,Tam,d05,062,a,3,Tam_062,val,False
Tam_d05_062_b_3.jpg,Tam,d05,062,b,3,Tam_062,val,False
Tam_d05_064_a_3.jpg,Tam,d05,064,a,3,Tam_064,nuevo,False
Tam_d05_064_b_3.jpg,Tam,d05,064,b,3,Tam_064,nuevo,False
Tam_d05_066_a_3.jpg,Tam,d05,066,a,3,Tam_066,nuevo,False
Tam_d05_066_b_3.jpg,Tam,d05,066,b,3,Tam_066,nuevo,False
Tam_d05_068_a_2.jpg,Tam,d05,068,a,2,Tam_068,val,False
Tam_d05_068_b_2.jpg,Tam,d05,068,b,2,Tam_068,val,False
Tam_d05_070_a_3.jpg,Tam,d05,070,a,3,Tam_070,val,False
Tam_d05_070_b_3.jpg,Tam,d05,070,b,3,Tam_070,val,False
Tam_d05_073_a_4.jpg,Tam,d05,073,a,4,Tam_073,val,False
Tam_d05_073_b_4.jpg,Tam,d05,073,b,4,Tam_073,val,False
Tam_d05_074_a_2.jpg,Tam,d05,074,a,2,Tam_074,train,False
Tam_d05_074_b_2.jpg,Tam,d05,074,b,2,Tam_074,train,False
Tam_d05_077_a_3.jpg,Tam,d05,077,a,3,Tam_077,nuevo,False
Tam_d05_077_b_3.jpg,Tam,d05,077,b,3,Tam_077,nuevo,False
Tam_d05_078_a_4.jpg,Tam,d05,078,a,4,Tam_078,test,False
Tam_d05_078_b_4.jpg,Tam,d05,078,b,4,Tam_078,test,False
Tam_d05_079_a_3.jpg,Tam,d05,079,a,3,Tam_079,val,False
Tam_d05_079_b_3.jpg,Tam,d05,079,b,3,Tam_079,val,False
Tam_d05_086_a_3.jpg,Tam,d05,086,a,3,Tam_086,nuevo,False
Tam_d05_086_b_3.jpg,Tam,d05,086,b,3,Tam_086,nuevo,False
Tam_d05_088_a_3.jpg,Tam,d05,088,a,3,Tam_088,val,False
Tam_d05_088_b_3.jpg,Tam,d05,088,b,3,Tam_088,val,False
Tam_d05_102_a_2.jpg,Tam,d05,102,a,2,Tam_102,train,False
Tam_d05_102_b_2.jpg,Tam,d05,102,b,2,Tam_102,train,False
Tam_d05_105_a_3.jpg,Tam,d05,105,a,3,Tam_105,train,False
Tam_d05_105_b_3.jpg,Tam,d05,105,b,3,Tam_105,train,False
Tam_d05_119_a_3.jpg,Tam,d05,119,a,3,Tam_119,train,False
Tam_d05_119_b_3.jpg,Tam,d05,119,b,3,Tam_119,train,False
Tam_d05_121_a_2.jpg,Tam,d05,121,a,2,Tam_121,train,False
Tam_d05_121_b_2.jpg,Tam,d05,121,b,2,Tam_121,train,False
Tam_d05_124_a_2.jpg,Tam,d05,124,a,2,Tam_124,train,False
Tam_d05_124_b_2.jpg,Tam,d05,124,b,2,Tam_124,train,True
Tam_d05_126_a_3.jpg,Tam,d05,126,a,3,Tam_126,test,False
Tam_d05_126_b_3.jpg,Tam,d05,126,b,3,Tam_126,test,False
Tam_d05_134_a_4.jpg,Tam,d05,134,a,4,Tam_134,nuevo,False
Tam_d05_134_b_4.jpg,Tam,d05,134,b,4,Tam_134,nuevo,False
Tam_d05_135_a_4.jpg,Tam,d05,135,a,4,Tam_135,test,False
Tam_d05_135_b_4.jpg,Tam,d05,135,b,4,Tam_135,test,False
Tam_d05_139_a_3.jpg,Tam,d05,139,a,3,Tam_139,nuevo,False
Tam_d05_139_b_3.jpg,Tam,d05,139,b,3,Tam_139,nuevo,False
Tam_d05_140_a_3.jpg,Tam,d05,140,a,3,Tam_140,test,False
Tam_d05_140_b_3.jpg,Tam,d05,140,b,3,Tam_140,test,False
Tam_d05_142_a_3.jpg,Tam,d05,142,a,3,Tam_142,train,True
Tam_d05_142_b_3.jpg,Tam,d05,142,b,3,Tam_142,train,False
Tam_d05_144_a_3.jpg,Tam,d05,144,a,3,Tam_144,train,False
Tam_d05_144_b_3.jpg,Tam,d05,144,b,3,Tam_144,train,False
Tam_d05_147_a_3.jpg,Tam,d05,147,a,3,Tam_147,train,False
Tam_d05_147_b_3.jpg,Tam,d05,147,b,3,Tam_147,train,False
Tam_d05_154_a_3.jpg,Tam,d05,154,a,3,Tam_154,train,False
Tam_d05_154_b_3.jpg,Tam,d05,154,b,3,Tam_154,train,True
Tam_d05_157_a_3.jpg,Tam,d05,157,a,3,Tam_157,train,False
Tam_d05_157_b_3.jpg,Tam,d05,157,b,3,Tam_157,train,False
Tam_d05_158_a_2.jpg,Tam,d05,158,a,2,Tam_158,train,False
Tam_d05_158_b_2.jpg,Tam,d05,158,b,2,Tam_158,train,False
Tam_d05_159_a_2.jpg,Tam,d05,159,a,2,Tam_159,train,False
Tam_d05_159_b_2.jpg,Tam,d05,159,b,2,Tam_159,train,False
Tam_d05_160_a_3.jpg,Tam,d05,160,a,3,Tam_160,train,False
Tam_d05_160_b_3.jpg,Tam,d05,160,b,3,Tam_160,train,False
Tam_d05_164_a_3.jpg,Tam,d05,164,a,3,Tam_164,test,False
Tam_d05_164_b_3.jpg,Tam,d05,164,b,3,Tam_164,test,False
Tam_d05_169_a_2.jpg,Tam,d05,169,a,2,Tam_169,train,False
Tam_d05_169_b_2.jpg,Tam,d05,169,b,2,Tam_169,train,False
Tam_d05_171_a_2.jpg,Tam,d05,171,a,2,Tam_171,train,False
Tam_d05_171_b_2.jpg,Tam,d05,171,b,2,Tam_171,train,True
Tam_d05_173_a_2.jpg,Tam,d05,173,a,2,Tam_173,val,False
Tam_d05_173_b_2.jpg,Tam,d05,173,b,2,Tam_173,val,False
Tam_d05_175_a_3.jpg,Tam,d05,175,a,3,Tam_175,val,True
Tam_d05_175_b_3.jpg,Tam,d05,175,b,3,Tam_175,val,False
Tam_d05_179_a_4.jpg,Tam,d05,179,a,4,Tam_179,train,False
Tam_d05_179_b_4.jpg,Tam,d05,179,b,4,Tam_179,train,False
Tam_d05_182_a_2.jpg,Tam,d05,182,a,2,Tam_182,train,False
Tam_d05_182_b_2.jpg,Tam,d05,182,b,2,Tam_182,train,False
Tam_d05_184_a_2.jpg,Tam,d05,184,a,2,Tam_184,val,False
Tam_d05_184_b_2.jpg,Tam,d05,184,b,2,Tam_184,val,False
Tam_d05_189_a_3.jpg,Tam,d05,189,a,3,Tam_189,train,False
Tam_d05_189_b_3.jpg,Tam,d05,189,b,3,Tam_189,train,False
Tam_d05_191_a_4.jpg,Tam,d05,191,a,4,Tam_191,train,True
Tam_d05_191_b_4.jpg,Tam,d05,191,b,4,Tam_191,train,False
Tam_d05_195_a_3.jpg,Tam,d05,195,a,3,Tam_195,train,False
Tam_d05_195_b_3.jpg,Tam,d05,195,b,3,Tam_195,train,True
Tam_d05_197_a_3.jpg,Tam,d05,197,a,3,Tam_197,val,False
Tam_d05_197_b_3.jpg,Tam,d05,197,b,3,Tam_197,val,False
Tam_d05_198_a_3.jpg,Tam,d05,198,a,3,Tam_198,train,False
Tam_d05_198_b_3.jpg,Tam,d05,198,b,3,Tam_198,train,False
Tam_d05_200_a_2.jpg,Tam,d05,200,a,2,Tam_200,train,False
Tam_d05_200_b_2.jpg,Tam,d05,200,b,2,Tam_200,train,False
Tam_d05_201_a_3.jpg,Tam,d05,201,a,3,Tam_201,val,False
Tam_d05_201_b_3.jpg,Tam,d05,201,b,3,Tam_201,val,False
Tam_d05_203_a_2.jpg,Tam,d05,203,a,2,Tam_203,nuevo,False
Tam_d05_203_b_2.jpg,Tam,d05,203,b,2,Tam_203,nuevo,False
Tam_d05_205_a_2.jpg,Tam,d05,205,a,2,Tam_205,train,False
Tam_d05_205_b_2.jpg,Tam,d05,205,b,2,Tam_205,train,False
Tam_d05_208_a_2.jpg,Tam,d05,208,a,2,Tam_208,train,False
Tam_d05_208_b_2.jpg,Tam,d05,208,b,2,Tam_208,train,False
Tam_d05_209_a_2.jpg,Tam,d05,209,a,2,Tam_209,test,False
Tam_d05_209_b_2.jpg,Tam,d05,209,b,2,Tam_209,test,False
Tam_d05_210_a_3.jpg,Tam,d05,210,a,3,Tam_210,train,False
Tam_d05_210_b_3.jpg,Tam,d05,210,b,3,Tam_210,train,False
Tam_d05_218_a_3.jpg,Tam,d05,218,a,3,Tam_218,train,False
Tam_d05_218_b_3.jpg,Tam,d05,218,b,3,Tam_218,train,False
Tam_d05_230_a_2.jpg,Tam,d05,230,a,2,Tam_230,val,False
Tam_d05_230_b_2.jpg,Tam,d05,230,b,2,Tam_230,val,False
Tam_d05_231_a_3.jpg,Tam,d05,231,a,3,Tam_231,test,False
Tam_d05_231_b_3.jpg,Tam,d05,231,b,3,Tam_231,test,False
Tam_d05_238_a_3.jpg,Tam,d05,238,a,3,Tam_238,test,False
Tam_d05_238_b_3.jpg,Tam,d05,238,b,3,Tam_238,test,False
Tam_d05_241_a_3.jpg,Tam,d05,241,a,3,Tam_241,train,False
Tam_d05_241_b_3.jpg,Tam,d05,241,b,3,Tam_241,train,False
Tam_d05_242_a_3.jpg,Tam,d05,242,a,3,Tam_242,train,False
Tam_d05_242_b_3.jpg,Tam,d05,242,b,3,Tam_242,train,False
Tam_d05_246_a_4.jpg,Tam,d05,246,a,4,Tam_246,nuevo,False
Tam_d05_246_b_4.jpg,Tam,d05,246,b,4,Tam_246,nuevo,False
Tam_d05_247_a_3.jpg,Tam,d05,247,a,3,Tam_247,train,False
Tam_d05_247_b_3.jpg,Tam,d05,247,b,3,Tam_247,train,False
Tam_d05_248_a_4.jpg,Tam,d05,248,a,4,Tam_248,train,False
Tam_d05_248_b_4.jpg,Tam,d05,248,b,4,Tam_248,train,False
Tam_d05_249_a_3.jpg,Tam,d05,249,a,3,Tam_249,train,False
Tam_d05_249_b_3.jpg,Tam,d05,249,b,3,Tam_249,train,False
Tam_d05_251_a_3.jpg,Tam,d05,251,a,3,Tam_251,train,False
Tam_d05_251_b_3.jpg,Tam,d05,251,b,3,Tam_251,train,False
Tam_d05_257_a_4.jpg,Tam,d05,257,a,4,Tam_257,train,False
Tam_d05_257_b_4.jpg,Tam,d05,257,b,4,Tam_257,train,False
Tam_d05_261_a_3.jpg,Tam,d05,261,a,3,Tam_261,train,False
Tam_d05_261_b_3.jpg,Tam,d05,261,b,3,Tam_261,train,False
Tam_d05_264_a_4.jpg,Tam,d05,264,a,4,Tam_264,nuevo,False
Tam_d05_264_b_4.jpg,Tam,d05,264,b,4,Tam_264,nuevo,False
Tam_d05_270_a_3.jpg,Tam,d05,270,a,3,Tam_270,train,False
Tam_d05_270_b_3.jpg,Tam,d05,270,b,3,Tam_270,train,False
Tam_d05_273_a_2.jpg,Tam,d05,273,a,2,Tam_273,train,False
Tam_d05_273_b_2.jpg,Tam,d05,273,b,2,Tam_273,train,False
Tam_d05_278_a_3.jpg,Tam,d05,278,a,3,Tam_278,train,False
Tam_d05_278_b_3.jpg,Tam,d05,278,b,3,Tam_278,train,False
Tam_d05_280_a_3.jpg,Tam,d05,280,a,3,Tam_280,train,False
Tam_d05_280_b_3.jpg,Tam,d05,280,b,3,Tam_280,train,False
Tam_d05_281_a_2.jpg,Tam,d05,281,a,2,Tam_281,test,False
Tam_d05_281_b_2.jpg,Tam,d05,281,b,2,Tam_281,test,True
Tam_d05_285_a_3.jpg,Tam,d05,285,a,3,Tam_285,train,False
Tam_d05_285_b_3.jpg,Tam,d05,285,b,3,Tam_285,train,False
Tam_d05_286_a_2.jpg,Tam,d05,286,a,2,Tam_286,nuevo,False
Tam_d05_286_b_2.jpg,Tam,d05,286,b,2,Tam_286,nuevo,False
Tam_d05_297_a_3.jpg,Tam,d05,297,a,3,Tam_297,train,False
Tam_d05_297_b_3.jpg,Tam,d05,297,b,3,Tam_297,train,False
Tam_d05_299_a_2.jpg,Tam,d05,299,a,2,Tam_299,train,False
Tam_d05_299_b_2.jpg,Tam,d05,299,b,2,Tam_299,train,False
Tam_d05_301_a_3.jpg,Tam,d05,301,a,3,Tam_301,val,False
Tam_d05_301_b_3.jpg,Tam,d05,301,b,3,Tam_301,val,False
Tam_d05_302_a_3.jpg,Tam,d05,302,a,3,Tam_302,train,False
Tam_d05_302_b_3.jpg,Tam,d05,302,b,3,Tam_302,train,False
Tam_d05_303_a_3.jpg,Tam,d05,303,a,3,Tam_303,train,False
Tam_d05_303_b_3.jpg,Tam,d05,303,b,3,Tam_303,train,False
Tam_d05_304_a_2.jpg,Tam,d05,304,a,2,Tam_304,train,False
Tam_d05_304_b_2.jpg,Tam,d05,304,b,2,Tam_304,train,False
Tam_d05_307_a_3.jpg,Tam,d05,307,a,3,Tam_307,train,False
Tam_d05_307_b_3.jpg,Tam,d05,307,b,3,Tam_307,train,False
Tam_d05_308_a_4.jpg,Tam,d05,308,a,4,Tam_308,train,False
Tam_d05_308_b_4.jpg,Tam,d05,308,b,4,Tam_308,train,False
Tam_d05_312_a_2.jpg,Tam,d05,312,a,2,Tam_312,train,False
Tam_d05_312_b_2.jpg,Tam,d05,312,b,2,Tam_312,train,False
Tam_d05_318_a_2.jpg,Tam,d05,318,a,2,Tam_318,train,True
Tam_d05_318_b_2.jpg,Tam,d05,318,b,2,Tam_318,train,False
Tam_d05_319_a_3.jpg,Tam,d05,319,a,3,Tam_319,train,True
Tam_d05_319_b_3.jpg,Tam,d05,319,b,3,Tam_319,train,False
Tam_d05_323_a_3.jpg,Tam,d05,323,a,3,Tam_323,train,False
Tam_d05_323_b_3.jpg,Tam,d05,323,b,3,Tam_323,train,False
Tam_d05_329_a_3.jpg,Tam,d05,329,a,3,Tam_329,train,False
Tam_d05_329_b_3.jpg,Tam,d05,329,b,3,Tam_329,train,False
Tam_d05_335_a_2.jpg,Tam,d05,335,a,2,Tam_335,nuevo,False
Tam_d05_335_b_2.jpg,Tam,d05,335,b,2,Tam_335,nuevo,False
Tam_d05_339_a_2.jpg,Tam,d05,339,a,2,Tam_339,test,False
Tam_d05_339_b_2.jpg,Tam,d05,339,b,2,Tam_339,test,False
Tam_d05_340_a_2.jpg,Tam,d05,340,a,2,Tam_340,val,False
Tam_d05_340_b_2.jpg,Tam,d05,340,b,2,Tam_340,val,False
Tam_d05_341_a_3.jpg,Tam,d05,341,a,3,Tam_341,val,False
Tam_d05_341_b_3.jpg,Tam,d05,341,b,3,Tam_341,val,False
Tam_d05_342_a_1.jpg,Tam,d05,342,a,1,Tam_342,train,False
Tam_d05_342_b_1.jpg,Tam,d05,342,b,1,Tam_342,train,False
Tam_d05_343_a_3.jpg,Tam,d05,343,a,3,Tam_343,train,True
Tam_d05_343_b_3.jpg,Tam,d05,343,b,3,Tam_343,train,False
Tam_d05_344_a_4.jpg,Tam,d05,344,a,4,Tam_344,test,True
Tam_d05_344_b_4.jpg,Tam,d05,344,b,4,Tam_344,test,False
Tam_d05_348_a_3.jpg,Tam,d05,348,a,3,Tam_348,train,False
Tam_d05_348_b_3.jpg,Tam,d05,348,b,3,Tam_348,train,False
Tam_d05_356_a_3.jpg,Tam,d05,356,a,3,Tam_356,train,False
Tam_d05_356_b_3.jpg,Tam,d05,356,b,3,Tam_356,train,False
Tam_d05_362_a_2.jpg,Tam,d05,362,a,2,Tam_362,test,False
Tam_d05_362_b_2.jpg,Tam,d05,362,b,2,Tam_362,test,False
Tam_d05_364_a_2.jpg,Tam,d05,364,a,2,Tam_364,val,False
Tam_d05_364_b_2.jpg,Tam,d05,364,b,2,Tam_364,val,True
Tam_d05_370_a_4.jpg,Tam,d05,370,a,4,Tam_370,train,True
Tam_d05_370_b_4.jpg,Tam,d05,370,b,4,Tam_370,train,False
Tam_d05_374_a_2.jpg,Tam,d05,374,a,2,Tam_374,test,False
Tam_d05_374_b_2.jpg,Tam,d05,374,b,2,Tam_374,test,False
Tam_d05_379_a_2.jpg,Tam,d05,379,a,2,Tam_379,train,False
Tam_d05_379_b_2.jpg,Tam,d05,379,b,2,Tam_379,train,False
Tam_d05_380_a_3.jpg,Tam,d05,380,a,3,Tam_380,train,False
Tam_d05_380_b_3.jpg,Tam,d05,380,b,3,Tam_380,train,False
Tam_d05_396_a_2.jpg,Tam,d05,396,a,2,Tam_396,test,False
Tam_d05_396_b_2.jpg,Tam,d05,396,b,2,Tam_396,test,True
Tam_d05_397_a_4.jpg,Tam,d05,397,a,4,Tam_397,val,False
Tam_d05_397_b_4.jpg,Tam,d05,397,b,4,Tam_397,val,False
Tam_d05_403_a_4.jpg,Tam,d05,403,a,4,Tam_403,val,False
Tam_d05_403_b_4.jpg,Tam,d05,403,b,4,Tam_403,val,False
Tam_d05_404_a_2.jpg,Tam,d05,404,a,2,Tam_404,train,False
Tam_d05_404_b_2.jpg,Tam,d05,404,b,2,Tam_404,train,False
Tam_d05_407_a_2.jpg,Tam,d05,407,a,2,Tam_407,val,False
Tam_d05_407_b_2.jpg,Tam,d05,407,b,2,Tam_407,val,False
Tam_d05_416_a_2.jpg,Tam,d05,416,a,2,Tam_416,test,True
Tam_d05_416_b_2.jpg,Tam,d05,416,b,2,Tam_416,test,True
Tam_d05_417_a_3.jpg,Tam,d05,417,a,3,Tam_417,train,False
Tam_d05_417_b_3.jpg,Tam,d05,417,b,3,Tam_417,train,False
Tam_d05_419_a_2.jpg,Tam,d05,419,a,2,Tam_419,train,True
Tam_d05_419_b_2.jpg,Tam,d05,419,b,2,Tam_419,train,False
Tam_d05_424_a_2.jpg,Tam,d05,424,a,2,Tam_424,val,False
Tam_d05_424_b_2.jpg,Tam,d05,424,b,2,Tam_424,val,False
Tam_d05_427_a_3.jpg,Tam,d05,427,a,3,Tam_427,train,False
Tam_d05_427_b_3.jpg,Tam,d05,427,b,3,Tam_427,train,False
Tam_d05_428_a_2.jpg,Tam,d05,428,a,2,Tam_428,val,False
Tam_d05_428_b_2.jpg,Tam,d05,428,b,2,Tam_428,val,False
Tam_d05_434_a_2.jpg,Tam,d05,434,a,2,Tam_434,train,False
Tam_d05_434_b_2.jpg,Tam,d05,434,b,2,Tam_434,train,True
Tam_d05_436_a_3.jpg,Tam,d05,436,a,3,Tam_436,train,False
Tam_d05_436_b_3.jpg,Tam,d05,436,b,3,Tam_436,train,False
Tam_d05_437_a_4.jpg,Tam,d05,437,a,4,Tam_437,nuevo,False
Tam_d05_437_b_4.jpg,Tam,d05,437,b,4,Tam_437,nuevo,False
Tam_d05_441_a_4.jpg,Tam,d05,441,a,4,Tam_441,train,False
Tam_d05_441_b_4.jpg,Tam,d05,441,b,4,Tam_441,train,False
Tam_d05_456_a_4.jpg,Tam,d05,456,a,4,Tam_456,nuevo,False
Tam_d05_456_b_4.jpg,Tam,d05,456,b,4,Tam_456,nuevo,False
Tam_d05_457_a_4.jpg,Tam,d05,457,a,4,Tam_457,train,True
Tam_d05_457_b_4.jpg,Tam,d05,457,b,4,Tam_457,train,False
Tam_d05_460_a_2.jpg,Tam,d05,460,a,2,Tam_460,nuevo,False
Tam_d05_460_b_2.jpg,Tam,d05,460,b,2,Tam_460,nuevo,False
Tam_d05_465_a_3.jpg,Tam,d05,465,a,3,Tam_465,nuevo,False
Tam_d05_465_b_3.jpg,Tam,d05,465,b,3,Tam_465,nuevo,False
Tam_d05_466_a_4.jpg,Tam,d05,466,a,4,Tam_466,nuevo,False
Tam_d05_466_b_4.jpg,Tam,d05,466,b,4,Tam_466,nuevo,False
Tam_d05_467_a_3.jpg,Tam,d05,467,a,3,Tam_467,train,False
Tam_d05_467_b_3.jpg,Tam,d05,467,b,3,Tam_467,train,False
Tam_d05_472_a_3.jpg,Tam,d05,472,a,3,Tam_472,test,False
Tam_d05_472_b_3.jpg,Tam,d05,472,b,3,Tam_472,test,False
Tam_d05_473_a_2.jpg,Tam,d05,473,a,2,Tam_473,val,False
Tam_d05_473_b_2.jpg,Tam,d05,473,b,2,Tam_473,val,False
Tam_d05_474_a_2.jpg,Tam,d05,474,a,2,Tam_474,val,False
Tam_d05_474_b_2.jpg,Tam,d05,474,b,2,Tam_474,val,True
Tam_d06_009_a_4.jpg,Tam,d06,009,a,4,Tam_009,train,False
Tam_d06_009_b_4.jpg,Tam,d06,009,b,4,Tam_009,train,False
Tam_d06_016_a_3.jpg,Tam,d06,016,a,3,Tam_016,nuevo,False
Tam_d06_016_b_3.jpg,Tam,d06,016,b,3,Tam_016,nuevo,False
Tam_d06_017_a_4.jpg,Tam,d06,017,a,4,Tam_017,nuevo,False
Tam_d06_017_b_4.jpg,Tam,d06,017,b,4,Tam_017,nuevo,False
Tam_d06_019_a_3.jpg,Tam,d06,019,a,3,Tam_019,val,False
Tam_d06_019_b_3.jpg,Tam,d06,019,b,3,Tam_019,val,False
Tam_d06_028_a_4.jpg,Tam,d06,028,a,4,Tam_028,train,True
Tam_d06_028_b_4.jpg,Tam,d06,028,b,4,Tam_028,train,False
Tam_d06_030_a_4.jpg,Tam,d06,030,a,4,Tam_030,nuevo,False
Tam_d06_030_b_4.jpg,Tam,d06,030,b,4,Tam_030,nuevo,False
Tam_d06_039_a_4.jpg,Tam,d06,039,a,4,Tam_039,train,False
Tam_d06_039_b_4.jpg,Tam,d06,039,b,4,Tam_039,train,False
Tam_d06_051_a_4.jpg,Tam,d06,051,a,4,Tam_051,train,False
Tam_d06_051_b_4.jpg,Tam,d06,051,b,4,Tam_051,train,False
Tam_d06_053_a_4.jpg,Tam,d06,053,a,4,Tam_053,train,False
Tam_d06_053_b_4.jpg,Tam,d06,053,b,4,Tam_053,train,False
Tam_d06_057_a_3.jpg,Tam,d06,057,a,3,Tam_057,nuevo,False
Tam_d06_057_b_3.jpg,Tam,d06,057,b,3,Tam_057,nuevo,False
Tam_d06_059_a_2.jpg,Tam,d06,059,a,2,Tam_059,train,False
Tam_d06_059_b_2.jpg,Tam,d06,059,b,2,Tam_059,train,False
Tam_d06_062_a_4.jpg,Tam,d06,062,a,4,Tam_062,val,False
Tam_d06_062_b_4.jpg,Tam,d06,062,b,4,Tam_062,val,False
Tam_d06_066_a_4.jpg,Tam,d06,066,a,4,Tam_066,nuevo,False
Tam_d06_066_b_4.jpg,Tam,d06,066,b,4,Tam_066,nuevo,False
Tam_d06_068_a_3.jpg,Tam,d06,068,a,3,Tam_068,val,False
Tam_d06_068_b_3.jpg,Tam,d06,068,b,3,Tam_068,val,False
Tam_d06_070_a_3.jpg,Tam,d06,070,a,3,Tam_070,val,False
Tam_d06_070_b_3.jpg,Tam,d06,070,b,3,Tam_070,val,False
Tam_d06_073_a_4.jpg,Tam,d06,073,a,4,Tam_073,val,False
Tam_d06_073_b_4.jpg,Tam,d06,073,b,4,Tam_073,val,False
Tam_d06_074_a_3.jpg,Tam,d06,074,a,3,Tam_074,train,False
Tam_d06_074_b_3.jpg,Tam,d06,074,b,3,Tam_074,train,False
Tam_d06_077_a_3.jpg,Tam,d06,077,a,3,Tam_077,nuevo,False
Tam_d06_077_b_3.jpg,Tam,d06,077,b,3,Tam_077,nuevo,False
Tam_d06_078_a_4.jpg,Tam,d06,078,a,4,Tam_078,test,False
Tam_d06_078_b_4.jpg,Tam,d06,078,b,4,Tam_078,test,True
Tam_d06_079_a_4.jpg,Tam,d06,079,a,4,Tam_079,val,False
Tam_d06_079_b_4.jpg,Tam,d06,079,b,4,Tam_079,val,False
Tam_d06_088_a_3.jpg,Tam,d06,088,a,3,Tam_088,val,True
Tam_d06_088_b_3.jpg,Tam,d06,088,b,3,Tam_088,val,False
Tam_d06_102_a_3.jpg,Tam,d06,102,a,3,Tam_102,train,False
Tam_d06_102_b_3.jpg,Tam,d06,102,b,3,Tam_102,train,False
Tam_d06_105_a_3.jpg,Tam,d06,105,a,3,Tam_105,train,False
Tam_d06_105_b_3.jpg,Tam,d06,105,b,3,Tam_105,train,False
Tam_d06_119_a_3.jpg,Tam,d06,119,a,3,Tam_119,train,False
Tam_d06_119_b_3.jpg,Tam,d06,119,b,3,Tam_119,train,False
Tam_d06_121_a_2.jpg,Tam,d06,121,a,2,Tam_121,train,False
Tam_d06_121_b_2.jpg,Tam,d06,121,b,2,Tam_121,train,False
Tam_d06_124_a_3.jpg,Tam,d06,124,a,3,Tam_124,train,False
Tam_d06_124_b_3.jpg,Tam,d06,124,b,3,Tam_124,train,False
Tam_d06_126_a_3.jpg,Tam,d06,126,a,3,Tam_126,test,False
Tam_d06_126_b_3.jpg,Tam,d06,126,b,3,Tam_126,test,False
Tam_d06_134_a_4.jpg,Tam,d06,134,a,4,Tam_134,nuevo,False
Tam_d06_134_b_4.jpg,Tam,d06,134,b,4,Tam_134,nuevo,False
Tam_d06_135_a_4.jpg,Tam,d06,135,a,4,Tam_135,test,False
Tam_d06_135_b_4.jpg,Tam,d06,135,b,4,Tam_135,test,False
Tam_d06_139_a_3.jpg,Tam,d06,139,a,3,Tam_139,nuevo,False
Tam_d06_139_b_3.jpg,Tam,d06,139,b,3,Tam_139,nuevo,False
Tam_d06_140_a_3.jpg,Tam,d06,140,a,3,Tam_140,test,True
Tam_d06_140_b_3.jpg,Tam,d06,140,b,3,Tam_140,test,False
Tam_d06_142_a_3.jpg,Tam,d06,142,a,3,Tam_142,train,False
Tam_d06_142_b_3.jpg,Tam,d06,142,b,3,Tam_142,train,False
Tam_d06_144_a_4.jpg,Tam,d06,144,a,4,Tam_144,train,False
Tam_d06_144_b_4.jpg,Tam,d06,144,b,4,Tam_144,train,False
Tam_d06_147_a_3.jpg,Tam,d06,147,a,3,Tam_147,train,False
Tam_d06_147_b_3.jpg,Tam,d06,147,b,3,Tam_147,train,False
Tam_d06_154_a_3.jpg,Tam,d06,154,a,3,Tam_154,train,False
Tam_d06_154_b_3.jpg,Tam,d06,154,b,3,Tam_154,train,False
Tam_d06_157_a_4.jpg,Tam,d06,157,a,4,Tam_157,train,False
Tam_d06_157_b_4.jpg,Tam,d06,157,b,4,Tam_157,train,False
Tam_d06_158_a_2.jpg,Tam,d06,158,a,2,Tam_158,train,False
Tam_d06_158_b_2.jpg,Tam,d06,158,b,2,Tam_158,train,False
Tam_d06_159_a_3.jpg,Tam,d06,159,a,3,Tam_159,train,False
Tam_d06_159_b_3.jpg,Tam,d06,159,b,3,Tam_159,train,False
Tam_d06_160_a_3.jpg,Tam,d06,160,a,3,Tam_160,train,False
Tam_d06_160_b_3.jpg,Tam,d06,160,b,3,Tam_160,train,False
Tam_d06_164_a_3.jpg,Tam,d06,164,a,3,Tam_164,test,False
Tam_d06_164_b_3.jpg,Tam,d06,164,b,3,Tam_164,test,False
Tam_d06_169_a_3.jpg,Tam,d06,169,a,3,Tam_169,train,False
Tam_d06_169_b_3.jpg,Tam,d06,169,b,3,Tam_169,train,True
Tam_d06_171_a_2.jpg,Tam,d06,171,a,2,Tam_171,train,False
Tam_d06_171_b_2.jpg,Tam,d06,171,b,2,Tam_171,train,False
Tam_d06_173_a_3.jpg,Tam,d06,173,a,3,Tam_173,val,False
Tam_d06_173_b_3.jpg,Tam,d06,173,b,3,Tam_173,val,False
Tam_d06_175_a_3.jpg,Tam,d06,175,a,3,Tam_175,val,False
Tam_d06_175_b_3.jpg,Tam,d06,175,b,3,Tam_175,val,False
Tam_d06_179_a_5.jpg,Tam,d06,179,a,5,Tam_179,train,False
Tam_d06_179_b_5.jpg,Tam,d06,179,b,5,Tam_179,train,False
Tam_d06_182_a_3.jpg,Tam,d06,182,a,3,Tam_182,train,False
Tam_d06_182_b_3.jpg,Tam,d06,182,b,3,Tam_182,train,False
Tam_d06_184_a_2.jpg,Tam,d06,184,a,2,Tam_184,val,False
Tam_d06_184_b_2.jpg,Tam,d06,184,b,2,Tam_184,val,False
Tam_d06_189_a_3.jpg,Tam,d06,189,a,3,Tam_189,train,False
Tam_d06_189_b_3.jpg,Tam,d06,189,b,3,Tam_189,train,False
Tam_d06_191_a_4.jpg,Tam,d06,191,a,4,Tam_191,train,False
Tam_d06_191_b_4.jpg,Tam,d06,191,b,4,Tam_191,train,False
Tam_d06_195_a_3.jpg,Tam,d06,195,a,3,Tam_195,train,False
Tam_d06_195_b_3.jpg,Tam,d06,195,b,3,Tam_195,train,False
Tam_d06_197_a_3.jpg,Tam,d06,197,a,3,Tam_197,val,False
Tam_d06_197_b_3.jpg,Tam,d06,197,b,3,Tam_197,val,False
Tam_d06_198_a_3.jpg,Tam,d06,198,a,3,Tam_198,train,False
Tam_d06_198_b_3.jpg,Tam,d06,198,b,3,Tam_198,train,False
Tam_d06_200_a_3.jpg,Tam,d06,200,a,3,Tam_200,train,False
Tam_d06_200_b_3.jpg,Tam,d06,200,b,3,Tam_200,train,False
Tam_d06_201_a_3.jpg,Tam,d06,201,a,3,Tam_201,val,False
Tam_d06_201_b_3.jpg,Tam,d06,201,b,3,Tam_201,val,False
Tam_d06_203_a_3.jpg,Tam,d06,203,a,3,Tam_203,nuevo,False
Tam_d06_203_b_3.jpg,Tam,d06,203,b,3,Tam_203,nuevo,False
Tam_d06_205_a_3.jpg,Tam,d06,205,a,3,Tam_205,train,False
Tam_d06_205_b_3.jpg,Tam,d06,205,b,3,Tam_205,train,False
Tam_d06_208_a_3.jpg,Tam,d06,208,a,3,Tam_208,train,False
Tam_d06_208_b_3.jpg,Tam,d06,208,b,3,Tam_208,train,False
Tam_d06_209_a_3.jpg,Tam,d06,209,a,3,Tam_209,test,False
Tam_d06_209_b_3.jpg,Tam,d06,209,b,3,Tam_209,test,False
Tam_d06_210_a_3.jpg,Tam,d06,210,a,3,Tam_210,train,False
Tam_d06_210_b_3.jpg,Tam,d06,210,b,3,Tam_210,train,False
Tam_d06_218_a_4.jpg,Tam,d06,218,a,4,Tam_218,train,False
Tam_d06_218_b_4.jpg,Tam,d06,218,b,4,Tam_218,train,False
Tam_d06_230_a_2.jpg,Tam,d06,230,a,2,Tam_230,val,False
Tam_d06_230_b_2.jpg,Tam,d06,230,b,2,Tam_230,val,True
Tam_d06_231_a_3.jpg,Tam,d06,231,a,3,Tam_231,test,False
Tam_d06_231_b_3.jpg,Tam,d06,231,b,3,Tam_231,test,False
Tam_d06_238_a_3.jpg,Tam,d06,238,a,3,Tam_238,test,True
Tam_d06_238_b_3.jpg,Tam,d06,238,b,3,Tam_238,test,False
Tam_d06_241_a_3.jpg,Tam,d06,241,a,3,Tam_241,train,False
Tam_d06_241_b_3.jpg,Tam,d06,241,b,3,Tam_241,train,False
Tam_d06_242_a_3.jpg,Tam,d06,242,a,3,Tam_242,train,False
Tam_d06_242_b_3.jpg,Tam,d06,242,b,3,Tam_242,train,False
Tam_d06_246_a_4.jpg,Tam,d06,246,a,4,Tam_246,nuevo,False
Tam_d06_246_b_4.jpg,Tam,d06,246,b,4,Tam_246,nuevo,False
Tam_d06_247_a_4.jpg,Tam,d06,247,a,4,Tam_247,train,False
Tam_d06_247_b_4.jpg,Tam,d06,247,b,4,Tam_247,train,True
Tam_d06_248_a_4.jpg,Tam,d06,248,a,4,Tam_248,train,False
Tam_d06_248_b_4.jpg,Tam,d06,248,b,4,Tam_248,train,False
Tam_d06_249_a_4.jpg,Tam,d06,249,a,4,Tam_249,train,False
Tam_d06_249_b_4.jpg,Tam,d06,249,b,4,Tam_249,train,False
Tam_d06_251_a_4.jpg,Tam,d06,251,a,4,Tam_251,train,False
Tam_d06_251_b_4.jpg,Tam,d06,251,b,4,Tam_251,train,False
Tam_d06_257_a_4.jpg,Tam,d06,257,a,4,Tam_257,train,False
Tam_d06_257_b_4.jpg,Tam,d06,257,b,4,Tam_257,train,True
Tam_d06_261_a_4.jpg,Tam,d06,261,a,4,Tam_261,train,False
Tam_d06_261_b_4.jpg,Tam,d06,261,b,4,Tam_261,train,False
Tam_d06_264_a_4.jpg,Tam,d06,264,a,4,Tam_264,nuevo,False
Tam_d06_264_b_4.jpg,Tam,d06,264,b,4,Tam_264,nuevo,False
Tam_d06_270_a_3.jpg,Tam,d06,270,a,3,Tam_270,train,True
Tam_d06_270_b_3.jpg,Tam,d06,270,b,3,Tam_270,train,False
Tam_d06_273_a_3.jpg,Tam,d06,273,a,3,Tam_273,train,True
Tam_d06_273_b_3.jpg,Tam,d06,273,b,3,Tam_273,train,False
Tam_d06_278_a_3.jpg,Tam,d06,278,a,3,Tam_278,train,False
Tam_d06_278_b_3.jpg,Tam,d06,278,b,3,Tam_278,train,False
Tam_d06_280_a_3.jpg,Tam,d06,280,a,3,Tam_280,train,False
Tam_d06_280_b_3.jpg,Tam,d06,280,b,3,Tam_280,train,False
Tam_d06_281_a_3.jpg,Tam,d06,281,a,3,Tam_281,test,False
Tam_d06_281_b_3.jpg,Tam,d06,281,b,3,Tam_281,test,False
Tam_d06_285_a_3.jpg,Tam,d06,285,a,3,Tam_285,train,True
Tam_d06_285_b_3.jpg,Tam,d06,285,b,3,Tam_285,train,False
Tam_d06_286_a_2.jpg,Tam,d06,286,a,2,Tam_286,nuevo,False
Tam_d06_286_b_2.jpg,Tam,d06,286,b,2,Tam_286,nuevo,False
Tam_d06_297_a_3.jpg,Tam,d06,297,a,3,Tam_297,train,False
Tam_d06_297_b_3.jpg,Tam,d06,297,b,3,Tam_297,train,False
Tam_d06_299_a_3.jpg,Tam,d06,299,a,3,Tam_299,train,False
Tam_d06_299_b_3.jpg,Tam,d06,299,b,3,Tam_299,train,False
Tam_d06_301_a_3.jpg,Tam,d06,301,a,3,Tam_301,val,False
Tam_d06_301_b_3.jpg,Tam,d06,301,b,3,Tam_301,val,False
Tam_d06_302_a_3.jpg,Tam,d06,302,a,3,Tam_302,train,False
Tam_d06_302_b_3.jpg,Tam,d06,302,b,3,Tam_302,train,False
Tam_d06_303_a_4.jpg,Tam,d06,303,a,4,Tam_303,train,False
Tam_d06_303_b_4.jpg,Tam,d06,303,b,4,Tam_303,train,False
Tam_d06_304_a_3.jpg,Tam,d06,304,a,3,Tam_304,train,False
Tam_d06_304_b_3.jpg,Tam,d06,304,b,3,Tam_304,train,False
Tam_d06_307_a_3.jpg,Tam,d06,307,a,3,Tam_307,train,False
Tam_d06_307_b_3.jpg,Tam,d06,307,b,3,Tam_307,train,False
Tam_d06_308_a_4.jpg,Tam,d06,308,a,4,Tam_308,train,False
Tam_d06_308_b_4.jpg,Tam,d06,308,b,4,Tam_308,train,True
Tam_d06_312_a_2.jpg,Tam,d06,312,a,2,Tam_312,train,True
Tam_d06_312_b_2.jpg,Tam,d06,312,b,2,Tam_312,train,False
Tam_d06_318_a_3.jpg,Tam,d06,318,a,3,Tam_318,train,False
Tam_d06_318_b_3.jpg,Tam,d06,318,b,3,Tam_318,train,False
Tam_d06_319_a_3.jpg,Tam,d06,319,a,3,Tam_319,train,False
Tam_d06_319_b_3.jpg,Tam,d06,319,b,3,Tam_319,train,False
Tam_d06_323_a_3.jpg,Tam,d06,323,a,3,Tam_323,train,False
Tam_d06_323_b_3.jpg,Tam,d06,323,b,3,Tam_323,train,False
Tam_d06_329_a_4.jpg,Tam,d06,329,a,4,Tam_329,train,False
Tam_d06_329_b_4.jpg,Tam,d06,329,b,4,Tam_329,train,False
Tam_d06_335_a_2.jpg,Tam,d06,335,a,2,Tam_335,nuevo,False
Tam_d06_335_b_2.jpg,Tam,d06,335,b,2,Tam_335,nuevo,False
Tam_d06_339_a_3.jpg,Tam,d06,339,a,3,Tam_339,test,False
Tam_d06_339_b_3.jpg,Tam,d06,339,b,3,Tam_339,test,False
Tam_d06_340_a_2.jpg,Tam,d06,340,a,2,Tam_340,val,False
Tam_d06_340_b_2.jpg,Tam,d06,340,b,2,Tam_340,val,True
Tam_d06_341_a_3.jpg,Tam,d06,341,a,3,Tam_341,val,False
Tam_d06_341_b_3.jpg,Tam,d06,341,b,3,Tam_341,val,False
Tam_d06_342_a_2.jpg,Tam,d06,342,a,2,Tam_342,train,True
Tam_d06_342_b_2.jpg,Tam,d06,342,b,2,Tam_342,train,True
Tam_d06_343_a_4.jpg,Tam,d06,343,a,4,Tam_343,train,False
Tam_d06_343_b_4.jpg,Tam,d06,343,b,4,Tam_343,train,False
Tam_d06_344_a_4.jpg,Tam,d06,344,a,4,Tam_344,test,False
Tam_d06_344_b_4.jpg,Tam,d06,344,b,4,Tam_344,test,False
Tam_d06_348_a_3.jpg,Tam,d06,348,a,3,Tam_348,train,False
Tam_d06_348_b_3.jpg,Tam,d06,348,b,3,Tam_348,train,True
Tam_d06_356_a_4.jpg,Tam,d06,356,a,4,Tam_356,train,False
Tam_d06_356_b_4.jpg,Tam,d06,356,b,4,Tam_356,train,False
Tam_d06_362_a_2.jpg,Tam,d06,362,a,2,Tam_362,test,False
Tam_d06_362_b_2.jpg,Tam,d06,362,b,2,Tam_362,test,False
Tam_d06_364_a_3.jpg,Tam,d06,364,a,3,Tam_364,val,False
Tam_d06_364_b_3.jpg,Tam,d06,364,b,3,Tam_364,val,False
Tam_d06_370_a_4.jpg,Tam,d06,370,a,4,Tam_370,train,False
Tam_d06_370_b_4.jpg,Tam,d06,370,b,4,Tam_370,train,False
Tam_d06_374_a_2.jpg,Tam,d06,374,a,2,Tam_374,test,False
Tam_d06_374_b_2.jpg,Tam,d06,374,b,2,Tam_374,test,False
Tam_d06_379_a_2.jpg,Tam,d06,379,a,2,Tam_379,train,False
Tam_d06_379_b_2.jpg,Tam,d06,379,b,2,Tam_379,train,False
Tam_d06_380_a_3.jpg,Tam,d06,380,a,3,Tam_380,train,False
Tam_d06_380_b_3.jpg,Tam,d06,380,b,3,Tam_380,train,False
Tam_d06_396_a_2.jpg,Tam,d06,396,a,2,Tam_396,test,False
Tam_d06_396_b_2.jpg,Tam,d06,396,b,2,Tam_396,test,False
Tam_d06_397_a_4.jpg,Tam,d06,397,a,4,Tam_397,val,False
Tam_d06_397_b_4.jpg,Tam,d06,397,b,4,Tam_397,val,False
Tam_d06_403_a_4.jpg,Tam,d06,403,a,4,Tam_403,val,False
Tam_d06_403_b_4.jpg,Tam,d06,403,b,4,Tam_403,val,True
Tam_d06_404_a_3.jpg,Tam,d06,404,a,3,Tam_404,train,True
Tam_d06_404_b_3.jpg,Tam,d06,404,b,3,Tam_404,train,False
Tam_d06_407_a_2.jpg,Tam,d06,407,a,2,Tam_407,val,False
Tam_d06_407_b_2.jpg,Tam,d06,407,b,2,Tam_407,val,True
Tam_d06_416_a_2.jpg,Tam,d06,416,a,2,Tam_416,test,False
Tam_d06_416_b_2.jpg,Tam,d06,416,b,2,Tam_416,test,False
Tam_d06_417_a_3.jpg,Tam,d06,417,a,3,Tam_417,train,False
Tam_d06_417_b_3.jpg,Tam,d06,417,b,3,Tam_417,train,False
Tam_d06_419_a_2.jpg,Tam,d06,419,a,2,Tam_419,train,False
Tam_d06_419_b_2.jpg,Tam,d06,419,b,2,Tam_419,train,False
Tam_d06_424_a_3.jpg,Tam,d06,424,a,3,Tam_424,val,False
Tam_d06_424_b_3.jpg,Tam,d06,424,b,3,Tam_424,val,False
Tam_d06_427_a_4.jpg,Tam,d06,427,a,4,Tam_427,train,False
Tam_d06_427_b_4.jpg,Tam,d06,427,b,4,Tam_427,train,False
Tam_d06_428_a_3.jpg,Tam,d06,428,a,3,Tam_428,val,False
Tam_d06_428_b_3.jpg,Tam,d06,428,b,3,Tam_428,val,False
Tam_d06_434_a_3.jpg,Tam,d06,434,a,3,Tam_434,train,False
Tam_d06_434_b_3.jpg,Tam,d06,434,b,3,Tam_434,train,False
Tam_d06_436_a_3.jpg,Tam,d06,436,a,3,Tam_436,train,False
Tam_d06_436_b_3.jpg,Tam,d06,436,b,3,Tam_436,train,False
Tam_d06_437_a_4.jpg,Tam,d06,437,a,4,Tam_437,nuevo,False
Tam_d06_437_b_4.jpg,Tam,d06,437,b,4,Tam_437,nuevo,False
Tam_d06_441_a_4.jpg,Tam,d06,441,a,4,Tam_441,train,False
Tam_d06_441_b_4.jpg,Tam,d06,441,b,4,Tam_441,train,False
Tam_d06_456_a_4.jpg,Tam,d06,456,a,4,Tam_456,nuevo,False
Tam_d06_456_b_4.jpg,Tam,d06,456,b,4,Tam_456,nuevo,False
Tam_d06_457_a_4.jpg,Tam,d06,457,a,4,Tam_457,train,False
Tam_d06_457_b_4.jpg,Tam,d06,457,b,4,Tam_457,train,True
Tam_d06_460_a_3.jpg,Tam,d06,460,a,3,Tam_460,nuevo,False
Tam_d06_460_b_3.jpg,Tam,d06,460,b,3,Tam_460,nuevo,False
Tam_d06_465_a_4.jpg,Tam,d06,465,a,4,Tam_465,nuevo,False
Tam_d06_465_b_4.jpg,Tam,d06,465,b,4,Tam_465,nuevo,False
Tam_d06_466_a_4.jpg,Tam,d06,466,a,4,Tam_466,nuevo,False
Tam_d06_466_b_4.jpg,Tam,d06,466,b,4,Tam_466,nuevo,False
Tam_d06_467_a_3.jpg,Tam,d06,467,a,3,Tam_467,train,False
Tam_d06_467_b_3.jpg,Tam,d06,467,b,3,Tam_467,train,False
Tam_d06_472_a_3.jpg,Tam,d06,472,a,3,Tam_472,test,False
Tam_d06_472_b_3.jpg,Tam,d06,472,b,3,Tam_472,test,False
Tam_d06_473_a_2.jpg,Tam,d06,473,a,2,Tam_473,val,False
Tam_d06_473_b_2.jpg,Tam,d06,473,b,2,Tam_473,val,False
Tam_d06_474_a_3.jpg,Tam,d06,474,a,3,Tam_474,val,True
Tam_d06_474_b_3.jpg,Tam,d06,474,b,3,Tam_474,val,True
Tam_d07_009_a_4.jpg,Tam,d07,009,a,4,Tam_009,train,False
Tam_d07_009_b_4.jpg,Tam,d07,009,b,4,Tam_009,train,True
Tam_d07_016_a_4.jpg,Tam,d07,016,a,4,Tam_016,nuevo,False
Tam_d07_016_b_4.jpg,Tam,d07,016,b,4,Tam_016,nuevo,False
Tam_d07_017_a_4.jpg,Tam,d07,017,a,4,Tam_017,nuevo,False
Tam_d07_017_b_4.jpg,Tam,d07,017,b,4,Tam_017,nuevo,False
Tam_d07_019_a_3.jpg,Tam,d07,019,a,3,Tam_019,val,False
Tam_d07_019_b_3.jpg,Tam,d07,019,b,3,Tam_019,val,False
Tam_d07_028_a_4.jpg,Tam,d07,028,a,4,Tam_028,train,False
Tam_d07_028_b_4.jpg,Tam,d07,028,b,4,Tam_028,train,False
Tam_d07_030_a_4.jpg,Tam,d07,030,a,4,Tam_030,nuevo,False
Tam_d07_030_b_4.jpg,Tam,d07,030,b,4,Tam_030,nuevo,False
Tam_d07_039_a_4.jpg,Tam,d07,039,a,4,Tam_039,train,False
Tam_d07_039_b_4.jpg,Tam,d07,039,b,4,Tam_039,train,False
Tam_d07_051_a_4.jpg,Tam,d07,051,a,4,Tam_051,train,True
Tam_d07_051_b_4.jpg,Tam,d07,051,b,4,Tam_051,train,False
Tam_d07_053_a_4.jpg,Tam,d07,053,a,4,Tam_053,train,False
Tam_d07_053_b_4.jpg,Tam,d07,053,b,4,Tam_053,train,False
Tam_d07_057_a_4.jpg,Tam,d07,057,a,4,Tam_057,nuevo,False
Tam_d07_057_b_4.jpg,Tam,d07,057,b,4,Tam_057,nuevo,False
Tam_d07_059_a_2.jpg,Tam,d07,059,a,2,Tam_059,train,False
Tam_d07_059_b_2.jpg,Tam,d07,059,b,2,Tam_059,train,False
Tam_d07_062_a_4.jpg,Tam,d07,062,a,4,Tam_062,val,False
Tam_d07_062_b_4.jpg,Tam,d07,062,b,4,Tam_062,val,False
Tam_d07_066_a_4.jpg,Tam,d07,066,a,4,Tam_066,nuevo,False
Tam_d07_066_b_4.jpg,Tam,d07,066,b,4,Tam_066,nuevo,False
Tam_d07_068_a_4.jpg,Tam,d07,068,a,4,Tam_068,val,False
Tam_d07_068_b_4.jpg,Tam,d07,068,b,4,Tam_068,val,False
Tam_d07_070_a_4.jpg,Tam,d07,070,a,4,Tam_070,val,False
Tam_d07_070_b_4.jpg,Tam,d07,070,b,4,Tam_070,val,False
Tam_d07_073_a_4.jpg,Tam,d07,073,a,4,Tam_073,val,False
Tam_d07_073_b_4.jpg,Tam,d07,073,b,4,Tam_073,val,False
Tam_d07_074_a_3.jpg,Tam,d07,074,a,3,Tam_074,train,False
Tam_d07_074_b_3.jpg,Tam,d07,074,b,3,Tam_074,train,True
Tam_d07_077_a_4.jpg,Tam,d07,077,a,4,Tam_077,nuevo,False
Tam_d07_077_b_4.jpg,Tam,d07,077,b,4,Tam_077,nuevo,False
Tam_d07_078_a_4.jpg,Tam,d07,078,a,4,Tam_078,test,False
Tam_d07_078_b_4.jpg,Tam,d07,078,b,4,Tam_078,test,True
Tam_d07_079_a_4.jpg,Tam,d07,079,a,4,Tam_079,val,False
Tam_d07_079_b_4.jpg,Tam,d07,079,b,4,Tam_079,val,True
Tam_d07_088_a_4.jpg,Tam,d07,088,a,4,Tam_088,val,True
Tam_d07_088_b_4.jpg,Tam,d07,088,b,4,Tam_088,val,True
Tam_d07_102_a_3.jpg,Tam,d07,102,a,3,Tam_102,train,False
Tam_d07_102_b_3.jpg,Tam,d07,102,b,3,Tam_102,train,False
Tam_d07_105_a_4.jpg,Tam,d07,105,a,4,Tam_105,train,False
Tam_d07_105_b_4.jpg,Tam,d07,105,b,4,Tam_105,train,False
Tam_d07_119_a_4.jpg,Tam,d07,119,a,4,Tam_119,train,True
Tam_d07_119_b_4.jpg,Tam,d07,119,b,4,Tam_119,train,False
Tam_d07_121_a_3.jpg,Tam,d07,121,a,3,Tam_121,train,False
Tam_d07_121_b_3.jpg,Tam,d07,121,b,3,Tam_121,train,False
Tam_d07_124_a_4.jpg,Tam,d07,124,a,4,Tam_124,train,False
Tam_d07_124_b_4.jpg,Tam,d07,124,b,4,Tam_124,train,False
Tam_d07_126_a_4.jpg,Tam,d07,126,a,4,Tam_126,test,False
Tam_d07_126_b_4.jpg,Tam,d07,126,b,4,Tam_126,test,False
Tam_d07_134_a_4.jpg,Tam,d07,134,a,4,Tam_134,nuevo,False
Tam_d07_134_b_4.jpg,Tam,d07,134,b,4,Tam_134,nuevo,False
Tam_d07_135_a_4.jpg,Tam,d07,135,a,4,Tam_135,test,True
Tam_d07_135_b_4.jpg,Tam,d07,135,b,4,Tam_135,test,False
Tam_d07_139_a_3.jpg,Tam,d07,139,a,3,Tam_139,nuevo,False
Tam_d07_139_b_3.jpg,Tam,d07,139,b,3,Tam_139,nuevo,False
Tam_d07_140_a_4.jpg,Tam,d07,140,a,4,Tam_140,test,False
Tam_d07_140_b_4.jpg,Tam,d07,140,b,4,Tam_140,test,True
Tam_d07_142_a_4.jpg,Tam,d07,142,a,4,Tam_142,train,False
Tam_d07_142_b_4.jpg,Tam,d07,142,b,4,Tam_142,train,False
Tam_d07_144_a_4.jpg,Tam,d07,144,a,4,Tam_144,train,False
Tam_d07_144_b_4.jpg,Tam,d07,144,b,4,Tam_144,train,False
Tam_d07_147_a_4.jpg,Tam,d07,147,a,4,Tam_147,train,False
Tam_d07_147_b_4.jpg,Tam,d07,147,b,4,Tam_147,train,False
Tam_d07_154_a_4.jpg,Tam,d07,154,a,4,Tam_154,train,False
Tam_d07_154_b_4.jpg,Tam,d07,154,b,4,Tam_154,train,False
Tam_d07_157_a_4.jpg,Tam,d07,157,a,4,Tam_157,train,False
Tam_d07_157_b_4.jpg,Tam,d07,157,b,4,Tam_157,train,False
Tam_d07_158_a_3.jpg,Tam,d07,158,a,3,Tam_158,train,False
Tam_d07_158_b_3.jpg,Tam,d07,158,b,3,Tam_158,train,True
Tam_d07_159_a_4.jpg,Tam,d07,159,a,4,Tam_159,train,False
Tam_d07_159_b_4.jpg,Tam,d07,159,b,4,Tam_159,train,True
Tam_d07_160_a_4.jpg,Tam,d07,160,a,4,Tam_160,train,False
Tam_d07_160_b_4.jpg,Tam,d07,160,b,4,Tam_160,train,False
Tam_d07_164_a_4.jpg,Tam,d07,164,a,4,Tam_164,test,False
Tam_d07_164_b_4.jpg,Tam,d07,164,b,4,Tam_164,test,False
Tam_d07_169_a_4.jpg,Tam,d07,169,a,4,Tam_169,train,False
Tam_d07_169_b_4.jpg,Tam,d07,169,b,4,Tam_169,train,False
Tam_d07_171_a_4.jpg,Tam,d07,171,a,4,Tam_171,train,False
Tam_d07_171_b_4.jpg,Tam,d07,171,b,4,Tam_171,train,False
Tam_d07_173_a_3.jpg,Tam,d07,173,a,3,Tam_173,val,False
Tam_d07_173_b_3.jpg,Tam,d07,173,b,3,Tam_173,val,False
Tam_d07_175_a_4.jpg,Tam,d07,175,a,4,Tam_175,val,True
Tam_d07_175_b_4.jpg,Tam,d07,175,b,4,Tam_175,val,False
Tam_d07_179_a_5.jpg,Tam,d07,179,a,5,Tam_179,train,False
Tam_d07_179_b_5.jpg,Tam,d07,179,b,5,Tam_179,train,False
Tam_d07_182_a_4.jpg,Tam,d07,182,a,4,Tam_182,train,False
Tam_d07_182_b_4.jpg,Tam,d07,182,b,4,Tam_182,train,False
Tam_d07_184_a_4.jpg,Tam,d07,184,a,4,Tam_184,val,False
Tam_d07_184_b_4.jpg,Tam,d07,184,b,4,Tam_184,val,False
Tam_d07_189_a_4.jpg,Tam,d07,189,a,4,Tam_189,train,False
Tam_d07_189_b_4.jpg,Tam,d07,189,b,4,Tam_189,train,False
Tam_d07_191_a_4.jpg,Tam,d07,191,a,4,Tam_191,train,False
Tam_d07_191_b_4.jpg,Tam,d07,191,b,4,Tam_191,train,False
Tam_d07_195_a_3.jpg,Tam,d07,195,a,3,Tam_195,train,False
Tam_d07_195_b_3.jpg,Tam,d07,195,b,3,Tam_195,train,True
Tam_d07_197_a_4.jpg,Tam,d07,197,a,4,Tam_197,val,False
Tam_d07_197_b_4.jpg,Tam,d07,197,b,4,Tam_197,val,False
Tam_d07_198_a_3.jpg,Tam,d07,198,a,3,Tam_198,train,False
Tam_d07_198_b_3.jpg,Tam,d07,198,b,3,Tam_198,train,False
Tam_d07_200_a_4.jpg,Tam,d07,200,a,4,Tam_200,train,True
Tam_d07_200_b_4.jpg,Tam,d07,200,b,4,Tam_200,train,False
Tam_d07_201_a_4.jpg,Tam,d07,201,a,4,Tam_201,val,False
Tam_d07_201_b_4.jpg,Tam,d07,201,b,4,Tam_201,val,False
Tam_d07_203_a_3.jpg,Tam,d07,203,a,3,Tam_203,nuevo,False
Tam_d07_203_b_3.jpg,Tam,d07,203,b,3,Tam_203,nuevo,False
Tam_d07_205_a_4.jpg,Tam,d07,205,a,4,Tam_205,train,False
Tam_d07_205_b_4.jpg,Tam,d07,205,b,4,Tam_205,train,False
Tam_d07_208_a_4.jpg,Tam,d07,208,a,4,Tam_208,train,False
Tam_d07_208_b_4.jpg,Tam,d07,208,b,4,Tam_208,train,True
Tam_d07_209_a_3.jpg,Tam,d07,209,a,3,Tam_209,test,False
Tam_d07_209_b_3.jpg,Tam,d07,209,b,3,Tam_209,test,False
Tam_d07_210_a_4.jpg,Tam,d07,210,a,4,Tam_210,train,False
Tam_d07_210_b_4.jpg,Tam,d07,210,b,4,Tam_210,train,False
Tam_d07_218_a_4.jpg,Tam,d07,218,a,4,Tam_218,train,False
Tam_d07_218_b_4.jpg,Tam,d07,218,b,4,Tam_218,train,False
Tam_d07_230_a_3.jpg,Tam,d07,230,a,3,Tam_230,val,False
Tam_d07_230_b_3.jpg,Tam,d07,230,b,3,Tam_230,val,False
Tam_d07_231_a_4.jpg,Tam,d07,231,a,4,Tam_231,test,False
Tam_d07_231_b_4.jpg,Tam,d07,231,b,4,Tam_231,test,False
Tam_d07_238_a_4.jpg,Tam,d07,238,a,4,Tam_238,test,False
Tam_d07_238_b_4.jpg,Tam,d07,238,b,4,Tam_238,test,False
Tam_d07_241_a_4.jpg,Tam,d07,241,a,4,Tam_241,train,False
Tam_d07_241_b_4.jpg,Tam,d07,241,b,4,Tam_241,train,False
Tam_d07_242_a_4.jpg,Tam,d07,242,a,4,Tam_242,train,False
Tam_d07_242_b_4.jpg,Tam,d07,242,b,4,Tam_242,train,True
Tam_d07_246_a_4.jpg,Tam,d07,246,a,4,Tam_246,nuevo,False
Tam_d07_246_b_4.jpg,Tam,d07,246,b,4,Tam_246,nuevo,False
Tam_d07_247_a_4.jpg,Tam,d07,247,a,4,Tam_247,train,False
Tam_d07_247_b_4.jpg,Tam,d07,247,b,4,Tam_247,train,False
Tam_d07_248_a_4.jpg,Tam,d07,248,a,4,Tam_248,train,False
Tam_d07_248_b_4.jpg,Tam,d07,248,b,4,Tam_248,train,False
Tam_d07_249_a_4.jpg,Tam,d07,249,a,4,Tam_249,train,False
Tam_d07_249_b_4.jpg,Tam,d07,249,b,4,Tam_249,train,False
Tam_d07_251_a_4.jpg,Tam,d07,251,a,4,Tam_251,train,False
Tam_d07_251_b_4.jpg,Tam,d07,251,b,4,Tam_251,train,False
Tam_d07_257_a_4.jpg,Tam,d07,257,a,4,Tam_257,train,False
Tam_d07_257_b_4.jpg,Tam,d07,257,b,4,Tam_257,train,False
Tam_d07_261_a_4.jpg,Tam,d07,261,a,4,Tam_261,train,False
Tam_d07_261_b_4.jpg,Tam,d07,261,b,4,Tam_261,train,False
Tam_d07_264_a_4.jpg,Tam,d07,264,a,4,Tam_264,nuevo,False
Tam_d07_264_b_4.jpg,Tam,d07,264,b,4,Tam_264,nuevo,False
Tam_d07_270_a_4.jpg,Tam,d07,270,a,4,Tam_270,train,False
Tam_d07_270_b_4.jpg,Tam,d07,270,b,4,Tam_270,train,False
Tam_d07_273_a_4.jpg,Tam,d07,273,a,4,Tam_273,train,False
Tam_d07_273_b_4.jpg,Tam,d07,273,b,4,Tam_273,train,False
Tam_d07_278_a_4.jpg,Tam,d07,278,a,4,Tam_278,train,False
Tam_d07_278_b_4.jpg,Tam,d07,278,b,4,Tam_278,train,False
Tam_d07_280_a_4.jpg,Tam,d07,280,a,4,Tam_280,train,False
Tam_d07_280_b_4.jpg,Tam,d07,280,b,4,Tam_280,train,False
Tam_d07_281_a_4.jpg,Tam,d07,281,a,4,Tam_281,test,False
Tam_d07_281_b_4.jpg,Tam,d07,281,b,4,Tam_281,test,False
Tam_d07_285_a_3.jpg,Tam,d07,285,a,3,Tam_285,train,False
Tam_d07_285_b_3.jpg,Tam,d07,285,b,3,Tam_285,train,False
Tam_d07_286_a_3.jpg,Tam,d07,286,a,3,Tam_286,nuevo,False
Tam_d07_286_b_3.jpg,Tam,d07,286,b,3,Tam_286,nuevo,False
Tam_d07_297_a_3.jpg,Tam,d07,297,a,3,Tam_297,train,False
Tam_d07_297_b_3.jpg,Tam,d07,297,b,3,Tam_297,train,False
Tam_d07_299_a_4.jpg,Tam,d07,299,a,4,Tam_299,train,False
Tam_d07_299_b_4.jpg,Tam,d07,299,b,4,Tam_299,train,True
Tam_d07_301_a_4.jpg,Tam,d07,301,a,4,Tam_301,val,False
Tam_d07_301_b_4.jpg,Tam,d07,301,b,4,Tam_301,val,False
Tam_d07_302_a_4.jpg,Tam,d07,302,a,4,Tam_302,train,True
Tam_d07_302_b_4.jpg,Tam,d07,302,b,4,Tam_302,train,False
Tam_d07_303_a_4.jpg,Tam,d07,303,a,4,Tam_303,train,False
Tam_d07_303_b_4.jpg,Tam,d07,303,b,4,Tam_303,train,False
Tam_d07_304_a_4.jpg,Tam,d07,304,a,4,Tam_304,train,False
Tam_d07_304_b_4.jpg,Tam,d07,304,b,4,Tam_304,train,False
Tam_d07_307_a_4.jpg,Tam,d07,307,a,4,Tam_307,train,False
Tam_d07_307_b_4.jpg,Tam,d07,307,b,4,Tam_307,train,False
Tam_d07_308_a_4.jpg,Tam,d07,308,a,4,Tam_308,train,False
Tam_d07_308_b_4.jpg,Tam,d07,308,b,4,Tam_308,train,False
Tam_d07_312_a_4.jpg,Tam,d07,312,a,4,Tam_312,train,False
Tam_d07_312_b_4.jpg,Tam,d07,312,b,4,Tam_312,train,False
Tam_d07_318_a_4.jpg,Tam,d07,318,a,4,Tam_318,train,False
Tam_d07_318_b_4.jpg,Tam,d07,318,b,4,Tam_318,train,False
Tam_d07_319_a_3.jpg,Tam,d07,319,a,3,Tam_319,train,True
Tam_d07_319_b_3.jpg,Tam,d07,319,b,3,Tam_319,train,False
Tam_d07_323_a_4.jpg,Tam,d07,323,a,4,Tam_323,train,False
Tam_d07_323_b_4.jpg,Tam,d07,323,b,4,Tam_323,train,False
Tam_d07_329_a_4.jpg,Tam,d07,329,a,4,Tam_329,train,False
Tam_d07_329_b_4.jpg,Tam,d07,329,b,4,Tam_329,train,False
Tam_d07_335_a_3.jpg,Tam,d07,335,a,3,Tam_335,nuevo,False
Tam_d07_335_b_3.jpg,Tam,d07,335,b,3,Tam_335,nuevo,False
Tam_d07_339_a_3.jpg,Tam,d07,339,a,3,Tam_339,test,False
Tam_d07_339_b_3.jpg,Tam,d07,339,b,3,Tam_339,test,False
Tam_d07_340_a_4.jpg,Tam,d07,340,a,4,Tam_340,val,False
Tam_d07_340_b_4.jpg,Tam,d07,340,b,4,Tam_340,val,False
Tam_d07_341_a_4.jpg,Tam,d07,341,a,4,Tam_341,val,False
Tam_d07_341_b_4.jpg,Tam,d07,341,b,4,Tam_341,val,True
Tam_d07_342_a_3.jpg,Tam,d07,342,a,3,Tam_342,train,False
Tam_d07_342_b_3.jpg,Tam,d07,342,b,3,Tam_342,train,False
Tam_d07_343_a_4.jpg,Tam,d07,343,a,4,Tam_343,train,False
Tam_d07_343_b_4.jpg,Tam,d07,343,b,4,Tam_343,train,False
Tam_d07_344_a_4.jpg,Tam,d07,344,a,4,Tam_344,test,False
Tam_d07_344_b_4.jpg,Tam,d07,344,b,4,Tam_344,test,False
Tam_d07_348_a_3.jpg,Tam,d07,348,a,3,Tam_348,train,False
Tam_d07_348_b_3.jpg,Tam,d07,348,b,3,Tam_348,train,False
Tam_d07_356_a_4.jpg,Tam,d07,356,a,4,Tam_356,train,False
Tam_d07_356_b_4.jpg,Tam,d07,356,b,4,Tam_356,train,True
Tam_d07_362_a_3.jpg,Tam,d07,362,a,3,Tam_362,test,False
Tam_d07_362_b_3.jpg,Tam,d07,362,b,3,Tam_362,test,False
Tam_d07_364_a_3.jpg,Tam,d07,364,a,3,Tam_364,val,False
Tam_d07_364_b_3.jpg,Tam,d07,364,b,3,Tam_364,val,False
Tam_d07_370_a_4.jpg,Tam,d07,370,a,4,Tam_370,train,False
Tam_d07_370_b_4.jpg,Tam,d07,370,b,4,Tam_370,train,False
Tam_d07_374_a_3.jpg,Tam,d07,374,a,3,Tam_374,test,True
Tam_d07_374_b_3.jpg,Tam,d07,374,b,3,Tam_374,test,False
Tam_d07_379_a_4.jpg,Tam,d07,379,a,4,Tam_379,train,False
Tam_d07_379_b_4.jpg,Tam,d07,379,b,4,Tam_379,train,False
Tam_d07_380_a_4.jpg,Tam,d07,380,a,4,Tam_380,train,False
Tam_d07_380_b_4.jpg,Tam,d07,380,b,4,Tam_380,train,False
Tam_d07_396_a_3.jpg,Tam,d07,396,a,3,Tam_396,test,False
Tam_d07_396_b_3.jpg,Tam,d07,396,b,3,Tam_396,test,True
Tam_d07_397_a_4.jpg,Tam,d07,397,a,4,Tam_397,val,False
Tam_d07_397_b_4.jpg,Tam,d07,397,b,4,Tam_397,val,False
Tam_d07_403_a_4.jpg,Tam,d07,403,a,4,Tam_403,val,True
Tam_d07_403_b_4.jpg,Tam,d07,403,b,4,Tam_403,val,False
Tam_d07_404_a_4.jpg,Tam,d07,404,a,4,Tam_404,train,True
Tam_d07_404_b_4.jpg,Tam,d07,404,b,4,Tam_404,train,False
Tam_d07_407_a_3.jpg,Tam,d07,407,a,3,Tam_407,val,False
Tam_d07_407_b_3.jpg,Tam,d07,407,b,3,Tam_407,val,False
Tam_d07_416_a_4.jpg,Tam,d07,416,a,4,Tam_416,test,False
Tam_d07_416_b_4.jpg,Tam,d07,416,b,4,Tam_416,test,True
Tam_d07_417_a_4.jpg,Tam,d07,417,a,4,Tam_417,train,False
Tam_d07_417_b_4.jpg,Tam,d07,417,b,4,Tam_417,train,False
Tam_d07_419_a_3.jpg,Tam,d07,419,a,3,Tam_419,train,False
Tam_d07_419_b_3.jpg,Tam,d07,419,b,3,Tam_419,train,False
Tam_d07_424_a_4.jpg,Tam,d07,424,a,4,Tam_424,val,False
Tam_d07_424_b_4.jpg,Tam,d07,424,b,4,Tam_424,val,False
Tam_d07_427_a_4.jpg,Tam,d07,427,a,4,Tam_427,train,False
Tam_d07_427_b_4.jpg,Tam,d07,427,b,4,Tam_427,train,False
Tam_d07_428_a_4.jpg,Tam,d07,428,a,4,Tam_428,val,False
Tam_d07_428_b_4.jpg,Tam,d07,428,b,4,Tam_428,val,False
Tam_d07_434_a_3.jpg,Tam,d07,434,a,3,Tam_434,train,False
Tam_d07_434_b_3.jpg,Tam,d07,434,b,3,Tam_434,train,False
Tam_d07_436_a_4.jpg,Tam,d07,436,a,4,Tam_436,train,False
Tam_d07_436_b_4.jpg,Tam,d07,436,b,4,Tam_436,train,False
Tam_d07_437_a_4.jpg,Tam,d07,437,a,4,Tam_437,nuevo,False
Tam_d07_437_b_4.jpg,Tam,d07,437,b,4,Tam_437,nuevo,False
Tam_d07_441_a_4.jpg,Tam,d07,441,a,4,Tam_441,train,False
Tam_d07_441_b_4.jpg,Tam,d07,441,b,4,Tam_441,train,False
Tam_d07_456_a_4.jpg,Tam,d07,456,a,4,Tam_456,nuevo,False
Tam_d07_456_b_4.jpg,Tam,d07,456,b,4,Tam_456,nuevo,False
Tam_d07_457_a_4.jpg,Tam,d07,457,a,4,Tam_457,train,False
Tam_d07_457_b_4.jpg,Tam,d07,457,b,4,Tam_457,train,False
Tam_d07_460_a_4.jpg,Tam,d07,460,a,4,Tam_460,nuevo,False
Tam_d07_460_b_4.jpg,Tam,d07,460,b,4,Tam_460,nuevo,False
Tam_d07_465_a_4.jpg,Tam,d07,465,a,4,Tam_465,nuevo,False
Tam_d07_465_b_4.jpg,Tam,d07,465,b,4,Tam_465,nuevo,False
Tam_d07_466_a_4.jpg,Tam,d07,466,a,4,Tam_466,nuevo,False
Tam_d07_466_b_4.jpg,Tam,d07,466,b,4,Tam_466,nuevo,False
Tam_d07_467_a_4.jpg,Tam,d07,467,a,4,Tam_467,train,False
Tam_d07_467_b_4.jpg,Tam,d07,467,b,4,Tam_467,train,False
Tam_d07_472_a_4.jpg,Tam,d07,472,a,4,Tam_472,test,False
Tam_d07_472_b_4.jpg,Tam,d07,472,b,4,Tam_472,test,False
Tam_d07_473_a_4.jpg,Tam,d07,473,a,4,Tam_473,val,False
Tam_d07_473_b_4.jpg,Tam,d07,473,b,4,Tam_473,val,False
Tam_d07_474_a_4.jpg,Tam,d07,474,a,4,Tam_474,val,False
Tam_d07_474_b_4.jpg,Tam,d07,474,b,4,Tam_474,val,False
Tam_d08_009_a_5.jpg,Tam,d08,009,a,5,Tam_009,train,False
Tam_d08_009_b_5.jpg,Tam,d08,009,b,5,Tam_009,train,False
Tam_d08_016_a_4.jpg,Tam,d08,016,a,4,Tam_016,nuevo,False
Tam_d08_016_b_4.jpg,Tam,d08,016,b,4,Tam_016,nuevo,False
Tam_d08_017_a_4.jpg,Tam,d08,017,a,4,Tam_017,nuevo,False
Tam_d08_017_b_4.jpg,Tam,d08,017,b,4,Tam_017,nuevo,False
Tam_d08_019_a_4.jpg,Tam,d08,019,a,4,Tam_019,val,False
Tam_d08_019_b_4.jpg,Tam,d08,019,b,4,Tam_019,val,False
Tam_d08_028_a_4.jpg,Tam,d08,028,a,4,Tam_028,train,False
Tam_d08_028_b_4.jpg,Tam,d08,028,b,4,Tam_028,train,False
Tam_d08_030_a_5.jpg,Tam,d08,030,a,5,Tam_030,nuevo,False
Tam_d08_030_b_5.jpg,Tam,d08,030,b,5,Tam_030,nuevo,False
Tam_d08_039_a_4.jpg,Tam,d08,039,a,4,Tam_039,train,False
Tam_d08_039_b_4.jpg,Tam,d08,039,b,4,Tam_039,train,False
Tam_d08_051_a_4.jpg,Tam,d08,051,a,4,Tam_051,train,False
Tam_d08_051_b_4.jpg,Tam,d08,051,b,4,Tam_051,train,False
Tam_d08_053_a_4.jpg,Tam,d08,053,a,4,Tam_053,train,False
Tam_d08_053_b_4.jpg,Tam,d08,053,b,4,Tam_053,train,False
Tam_d08_059_a_3.jpg,Tam,d08,059,a,3,Tam_059,train,False
Tam_d08_059_b_3.jpg,Tam,d08,059,b,3,Tam_059,train,False
Tam_d08_062_a_4.jpg,Tam,d08,062,a,4,Tam_062,val,False
Tam_d08_062_b_4.jpg,Tam,d08,062,b,4,Tam_062,val,True
Tam_d08_066_a_4.jpg,Tam,d08,066,a,4,Tam_066,nuevo,False
Tam_d08_066_b_4.jpg,Tam,d08,066,b,4,Tam_066,nuevo,False
Tam_d08_068_a_4.jpg,Tam,d08,068,a,4,Tam_068,val,False
Tam_d08_068_b_4.jpg,Tam,d08,068,b,4,Tam_068,val,False
Tam_d08_070_a_4.jpg,Tam,d08,070,a,4,Tam_070,val,False
Tam_d08_070_b_4.jpg,Tam,d08,070,b,4,Tam_070,val,False
Tam_d08_073_a_4.jpg,Tam,d08,073,a,4,Tam_073,val,False
Tam_d08_073_b_4.jpg,Tam,d08,073,b,4,Tam_073,val,False
Tam_d08_074_a_4.jpg,Tam,d08,074,a,4,Tam_074,train,False
Tam_d08_074_b_4.jpg,Tam,d08,074,b,4,Tam_074,train,False
Tam_d08_077_a_4.jpg,Tam,d08,077,a,4,Tam_077,nuevo,False
Tam_d08_077_b_4.jpg,Tam,d08,077,b,4,Tam_077,nuevo,False
Tam_d08_078_a_4.jpg,Tam,d08,078,a,4,Tam_078,test,False
Tam_d08_078_b_4.jpg,Tam,d08,078,b,4,Tam_078,test,False
Tam_d08_079_a_4.jpg,Tam,d08,079,a,4,Tam_079,val,False
Tam_d08_079_b_4.jpg,Tam,d08,079,b,4,Tam_079,val,False
Tam_d08_088_a_4.jpg,Tam,d08,088,a,4,Tam_088,val,False
Tam_d08_088_b_4.jpg,Tam,d08,088,b,4,Tam_088,val,False
Tam_d08_102_a_4.jpg,Tam,d08,102,a,4,Tam_102,train,False
Tam_d08_102_b_4.jpg,Tam,d08,102,b,4,Tam_102,train,False
Tam_d08_105_a_4.jpg,Tam,d08,105,a,4,Tam_105,train,False
Tam_d08_105_b_4.jpg,Tam,d08,105,b,4,Tam_105,train,False
Tam_d08_119_a_4.jpg,Tam,d08,119,a,4,Tam_119,train,False
Tam_d08_119_b_4.jpg,Tam,d08,119,b,4,Tam_119,train,False
Tam_d08_121_a_4.jpg,Tam,d08,121,a,4,Tam_121,train,False
Tam_d08_121_b_4.jpg,Tam,d08,121,b,4,Tam_121,train,False
Tam_d08_124_a_5.jpg,Tam,d08,124,a,5,Tam_124,train,False
Tam_d08_124_b_5.jpg,Tam,d08,124,b,5,Tam_124,train,False
Tam_d08_126_a_4.jpg,Tam,d08,126,a,4,Tam_126,test,False
Tam_d08_126_b_4.jpg,Tam,d08,126,b,4,Tam_126,test,False
Tam_d08_134_a_5.jpg,Tam,d08,134,a,5,Tam_134,nuevo,False
Tam_d08_134_b_5.jpg,Tam,d08,134,b,5,Tam_134,nuevo,False
Tam_d08_135_a_5.jpg,Tam,d08,135,a,5,Tam_135,test,False
Tam_d08_135_b_5.jpg,Tam,d08,135,b,5,Tam_135,test,False
Tam_d08_139_a_4.jpg,Tam,d08,139,a,4,Tam_139,nuevo,False
Tam_d08_139_b_4.jpg,Tam,d08,139,b,4,Tam_139,nuevo,False
Tam_d08_140_a_4.jpg,Tam,d08,140,a,4,Tam_140,test,False
Tam_d08_140_b_4.jpg,Tam,d08,140,b,4,Tam_140,test,False
Tam_d08_142_a_4.jpg,Tam,d08,142,a,4,Tam_142,train,False
Tam_d08_142_b_4.jpg,Tam,d08,142,b,4,Tam_142,train,False
Tam_d08_144_a_5.jpg,Tam,d08,144,a,5,Tam_144,train,False
Tam_d08_144_b_5.jpg,Tam,d08,144,b,5,Tam_144,train,False
Tam_d08_147_a_4.jpg,Tam,d08,147,a,4,Tam_147,train,False
Tam_d08_147_b_4.jpg,Tam,d08,147,b,4,Tam_147,train,False
Tam_d08_154_a_4.jpg,Tam,d08,154,a,4,Tam_154,train,False
Tam_d08_154_b_4.jpg,Tam,d08,154,b,4,Tam_154,train,False
Tam_d08_157_a_4.jpg,Tam,d08,157,a,4,Tam_157,train,True
Tam_d08_157_b_4.jpg,Tam,d08,157,b,4,Tam_157,train,True
Tam_d08_159_a_4.jpg,Tam,d08,159,a,4,Tam_159,train,False
Tam_d08_159_b_4.jpg,Tam,d08,159,b,4,Tam_159,train,False
Tam_d08_160_a_4.jpg,Tam,d08,160,a,4,Tam_160,train,False
Tam_d08_160_b_4.jpg,Tam,d08,160,b,4,Tam_160,train,True
Tam_d08_164_a_4.jpg,Tam,d08,164,a,4,Tam_164,test,False
Tam_d08_164_b_4.jpg,Tam,d08,164,b,4,Tam_164,test,True
Tam_d08_169_a_4.jpg,Tam,d08,169,a,4,Tam_169,train,False
Tam_d08_169_b_4.jpg,Tam,d08,169,b,4,Tam_169,train,False
Tam_d08_171_a_4.jpg,Tam,d08,171,a,4,Tam_171,train,False
Tam_d08_171_b_4.jpg,Tam,d08,171,b,4,Tam_171,train,False
Tam_d08_173_a_4.jpg,Tam,d08,173,a,4,Tam_173,val,False
Tam_d08_173_b_4.jpg,Tam,d08,173,b,4,Tam_173,val,False
Tam_d08_175_a_4.jpg,Tam,d08,175,a,4,Tam_175,val,False
Tam_d08_175_b_4.jpg,Tam,d08,175,b,4,Tam_175,val,False
Tam_d08_179_a_5.jpg,Tam,d08,179,a,5,Tam_179,train,False
Tam_d08_179_b_5.jpg,Tam,d08,179,b,5,Tam_179,train,False
Tam_d08_182_a_4.jpg,Tam,d08,182,a,4,Tam_182,train,False
Tam_d08_182_b_4.jpg,Tam,d08,182,b,4,Tam_182,train,False
Tam_d08_184_a_4.jpg,Tam,d08,184,a,4,Tam_184,val,False
Tam_d08_184_b_4.jpg,Tam,d08,184,b,4,Tam_184,val,False
Tam_d08_189_a_5.jpg,Tam,d08,189,a,5,Tam_189,train,False
Tam_d08_189_b_5.jpg,Tam,d08,189,b,5,Tam_189,train,False
Tam_d08_191_a_4.jpg,Tam,d08,191,a,4,Tam_191,train,False
Tam_d08_191_b_4.jpg,Tam,d08,191,b,4,Tam_191,train,False
Tam_d08_195_a_4.jpg,Tam,d08,195,a,4,Tam_195,train,False
Tam_d08_195_b_4.jpg,Tam,d08,195,b,4,Tam_195,train,False
Tam_d08_197_a_4.jpg,Tam,d08,197,a,4,Tam_197,val,False
Tam_d08_197_b_4.jpg,Tam,d08,197,b,4,Tam_197,val,False
Tam_d08_198_a_4.jpg,Tam,d08,198,a,4,Tam_198,train,False
Tam_d08_198_b_4.jpg,Tam,d08,198,b,4,Tam_198,train,False
Tam_d08_200_a_4.jpg,Tam,d08,200,a,4,Tam_200,train,False
Tam_d08_200_b_4.jpg,Tam,d08,200,b,4,Tam_200,train,False
Tam_d08_201_a_4.jpg,Tam,d08,201,a,4,Tam_201,val,False
Tam_d08_201_b_4.jpg,Tam,d08,201,b,4,Tam_201,val,False
Tam_d08_203_a_4.jpg,Tam,d08,203,a,4,Tam_203,nuevo,False
Tam_d08_203_b_4.jpg,Tam,d08,203,b,4,Tam_203,nuevo,False
Tam_d08_205_a_4.jpg,Tam,d08,205,a,4,Tam_205,train,False
Tam_d08_205_b_4.jpg,Tam,d08,205,b,4,Tam_205,train,False
Tam_d08_208_a_4.jpg,Tam,d08,208,a,4,Tam_208,train,False
Tam_d08_208_b_4.jpg,Tam,d08,208,b,4,Tam_208,train,False
Tam_d08_209_a_3.jpg,Tam,d08,209,a,3,Tam_209,test,False
Tam_d08_209_b_3.jpg,Tam,d08,209,b,3,Tam_209,test,False
Tam_d08_210_a_4.jpg,Tam,d08,210,a,4,Tam_210,train,False
Tam_d08_210_b_4.jpg,Tam,d08,210,b,4,Tam_210,train,True
Tam_d08_218_a_4.jpg,Tam,d08,218,a,4,Tam_218,train,False
Tam_d08_218_b_4.jpg,Tam,d08,218,b,4,Tam_218,train,False
Tam_d08_230_a_4.jpg,Tam,d08,230,a,4,Tam_230,val,False
Tam_d08_230_b_4.jpg,Tam,d08,230,b,4,Tam_230,val,False
Tam_d08_231_a_5.jpg,Tam,d08,231,a,5,Tam_231,test,False
Tam_d08_231_b_5.jpg,Tam,d08,231,b,5,Tam_231,test,False
Tam_d08_238_a_4.jpg,Tam,d08,238,a,4,Tam_238,test,True
Tam_d08_238_b_4.jpg,Tam,d08,238,b,4,Tam_238,test,False
Tam_d08_241_a_4.jpg,Tam,d08,241,a,4,Tam_241,train,False
Tam_d08_241_b_4.jpg,Tam,d08,241,b,4,Tam_241,train,False
Tam_d08_242_a_4.jpg,Tam,d08,242,a,4,Tam_242,train,False
Tam_d08_242_b_4.jpg,Tam,d08,242,b,4,Tam_242,train,False
Tam_d08_246_a_4.jpg,Tam,d08,246,a,4,Tam_246,nuevo,False
Tam_d08_246_b_4.jpg,Tam,d08,246,b,4,Tam_246,nuevo,False
Tam_d08_247_a_4.jpg,Tam,d08,247,a,4,Tam_247,train,False
Tam_d08_247_b_4.jpg,Tam,d08,247,b,4,Tam_247,train,False
Tam_d08_248_a_5.jpg,Tam,d08,248,a,5,Tam_248,train,False
Tam_d08_248_b_5.jpg,Tam,d08,248,b,5,Tam_248,train,False
Tam_d08_249_a_4.jpg,Tam,d08,249,a,4,Tam_249,train,False
Tam_d08_249_b_4.jpg,Tam,d08,249,b,4,Tam_249,train,False
Tam_d08_251_a_5.jpg,Tam,d08,251,a,5,Tam_251,train,False
Tam_d08_251_b_5.jpg,Tam,d08,251,b,5,Tam_251,train,False
Tam_d08_257_a_5.jpg,Tam,d08,257,a,5,Tam_257,train,False
Tam_d08_257_b_5.jpg,Tam,d08,257,b,5,Tam_257,train,False
Tam_d08_261_a_4.jpg,Tam,d08,261,a,4,Tam_261,train,False
Tam_d08_261_b_4.jpg,Tam,d08,261,b,4,Tam_261,train,False
Tam_d08_264_a_4.jpg,Tam,d08,264,a,4,Tam_264,nuevo,False
Tam_d08_264_b_4.jpg,Tam,d08,264,b,4,Tam_264,nuevo,False
Tam_d08_270_a_4.jpg,Tam,d08,270,a,4,Tam_270,train,False
Tam_d08_270_b_4.jpg,Tam,d08,270,b,4,Tam_270,train,False
Tam_d08_273_a_4.jpg,Tam,d08,273,a,4,Tam_273,train,False
Tam_d08_273_b_4.jpg,Tam,d08,273,b,4,Tam_273,train,False
Tam_d08_278_a_4.jpg,Tam,d08,278,a,4,Tam_278,train,False
Tam_d08_278_b_4.jpg,Tam,d08,278,b,4,Tam_278,train,False
Tam_d08_280_a_4.jpg,Tam,d08,280,a,4,Tam_280,train,False
Tam_d08_280_b_4.jpg,Tam,d08,280,b,4,Tam_280,train,False
Tam_d08_281_a_4.jpg,Tam,d08,281,a,4,Tam_281,test,False
Tam_d08_281_b_4.jpg,Tam,d08,281,b,4,Tam_281,test,False
Tam_d08_285_a_4.jpg,Tam,d08,285,a,4,Tam_285,train,False
Tam_d08_285_b_4.jpg,Tam,d08,285,b,4,Tam_285,train,False
Tam_d08_286_a_3.jpg,Tam,d08,286,a,3,Tam_286,nuevo,False
Tam_d08_286_b_3.jpg,Tam,d08,286,b,3,Tam_286,nuevo,False
Tam_d08_297_a_4.jpg,Tam,d08,297,a,4,Tam_297,train,False
Tam_d08_297_b_4.jpg,Tam,d08,297,b,4,Tam_297,train,False
Tam_d08_299_a_4.jpg,Tam,d08,299,a,4,Tam_299,train,True
Tam_d08_299_b_4.jpg,Tam,d08,299,b,4,Tam_299,train,False
Tam_d08_301_a_4.jpg,Tam,d08,301,a,4,Tam_301,val,False
Tam_d08_301_b_4.jpg,Tam,d08,301,b,4,Tam_301,val,False
Tam_d08_302_a_5.jpg,Tam,d08,302,a,5,Tam_302,train,False
Tam_d08_302_b_5.jpg,Tam,d08,302,b,5,Tam_302,train,False
Tam_d08_303_a_4.jpg,Tam,d08,303,a,4,Tam_303,train,True
Tam_d08_303_b_4.jpg,Tam,d08,303,b,4,Tam_303,train,False
Tam_d08_304_a_4.jpg,Tam,d08,304,a,4,Tam_304,train,False
Tam_d08_304_b_4.jpg,Tam,d08,304,b,4,Tam_304,train,False
Tam_d08_307_a_4.jpg,Tam,d08,307,a,4,Tam_307,train,False
Tam_d08_307_b_4.jpg,Tam,d08,307,b,4,Tam_307,train,False
Tam_d08_308_a_5.jpg,Tam,d08,308,a,5,Tam_308,train,False
Tam_d08_308_b_5.jpg,Tam,d08,308,b,5,Tam_308,train,False
Tam_d08_312_a_4.jpg,Tam,d08,312,a,4,Tam_312,train,False
Tam_d08_312_b_4.jpg,Tam,d08,312,b,4,Tam_312,train,False
Tam_d08_318_a_4.jpg,Tam,d08,318,a,4,Tam_318,train,False
Tam_d08_318_b_4.jpg,Tam,d08,318,b,4,Tam_318,train,False
Tam_d08_319_a_4.jpg,Tam,d08,319,a,4,Tam_319,train,False
Tam_d08_319_b_4.jpg,Tam,d08,319,b,4,Tam_319,train,False
Tam_d08_323_a_4.jpg,Tam,d08,323,a,4,Tam_323,train,False
Tam_d08_323_b_4.jpg,Tam,d08,323,b,4,Tam_323,train,False
Tam_d08_329_a_4.jpg,Tam,d08,329,a,4,Tam_329,train,False
Tam_d08_329_b_4.jpg,Tam,d08,329,b,4,Tam_329,train,False
Tam_d08_335_a_4.jpg,Tam,d08,335,a,4,Tam_335,nuevo,False
Tam_d08_335_b_4.jpg,Tam,d08,335,b,4,Tam_335,nuevo,False
Tam_d08_339_a_4.jpg,Tam,d08,339,a,4,Tam_339,test,False
Tam_d08_339_b_4.jpg,Tam,d08,339,b,4,Tam_339,test,False
Tam_d08_340_a_4.jpg,Tam,d08,340,a,4,Tam_340,val,False
Tam_d08_340_b_4.jpg,Tam,d08,340,b,4,Tam_340,val,True
Tam_d08_341_a_4.jpg,Tam,d08,341,a,4,Tam_341,val,False
Tam_d08_341_b_4.jpg,Tam,d08,341,b,4,Tam_341,val,False
Tam_d08_342_a_4.jpg,Tam,d08,342,a,4,Tam_342,train,False
Tam_d08_342_b_4.jpg,Tam,d08,342,b,4,Tam_342,train,False
Tam_d08_343_a_5.jpg,Tam,d08,343,a,5,Tam_343,train,False
Tam_d08_343_b_5.jpg,Tam,d08,343,b,5,Tam_343,train,False
Tam_d08_344_a_4.jpg,Tam,d08,344,a,4,Tam_344,test,False
Tam_d08_344_b_4.jpg,Tam,d08,344,b,4,Tam_344,test,False
Tam_d08_348_a_4.jpg,Tam,d08,348,a,4,Tam_348,train,True
Tam_d08_348_b_4.jpg,Tam,d08,348,b,4,Tam_348,train,False
Tam_d08_356_a_4.jpg,Tam,d08,356,a,4,Tam_356,train,False
Tam_d08_356_b_4.jpg,Tam,d08,356,b,4,Tam_356,train,False
Tam_d08_362_a_4.jpg,Tam,d08,362,a,4,Tam_362,test,False
Tam_d08_362_b_4.jpg,Tam,d08,362,b,4,Tam_362,test,False
Tam_d08_370_a_4.jpg,Tam,d08,370,a,4,Tam_370,train,False
Tam_d08_370_b_4.jpg,Tam,d08,370,b,4,Tam_370,train,False
Tam_d08_374_a_4.jpg,Tam,d08,374,a,4,Tam_374,test,False
Tam_d08_374_b_4.jpg,Tam,d08,374,b,4,Tam_374,test,False
Tam_d08_379_a_4.jpg,Tam,d08,379,a,4,Tam_379,train,False
Tam_d08_379_b_4.jpg,Tam,d08,379,b,4,Tam_379,train,False
Tam_d08_380_a_4.jpg,Tam,d08,380,a,4,Tam_380,train,False
Tam_d08_380_b_4.jpg,Tam,d08,380,b,4,Tam_380,train,False
Tam_d08_396_a_4.jpg,Tam,d08,396,a,4,Tam_396,test,False
Tam_d08_396_b_4.jpg,Tam,d08,396,b,4,Tam_396,test,False
Tam_d08_397_a_4.jpg,Tam,d08,397,a,4,Tam_397,val,False
Tam_d08_397_b_4.jpg,Tam,d08,397,b,4,Tam_397,val,False
Tam_d08_403_a_5.jpg,Tam,d08,403,a,5,Tam_403,val,False
Tam_d08_403_b_5.jpg,Tam,d08,403,b,5,Tam_403,val,False
Tam_d08_404_a_4.jpg,Tam,d08,404,a,4,Tam_404,train,True
Tam_d08_404_b_4.jpg,Tam,d08,404,b,4,Tam_404,train,False
Tam_d08_407_a_4.jpg,Tam,d08,407,a,4,Tam_407,val,False
Tam_d08_407_b_4.jpg,Tam,d08,407,b,4,Tam_407,val,False
Tam_d08_416_a_4.jpg,Tam,d08,416,a,4,Tam_416,test,False
Tam_d08_416_b_4.jpg,Tam,d08,416,b,4,Tam_416,test,False
Tam_d08_417_a_4.jpg,Tam,d08,417,a,4,Tam_417,train,False
Tam_d08_417_b_4.jpg,Tam,d08,417,b,4,Tam_417,train,False
Tam_d08_419_a_4.jpg,Tam,d08,419,a,4,Tam_419,train,False
Tam_d08_419_b_4.jpg,Tam,d08,419,b,4,Tam_419,train,False
Tam_d08_424_a_4.jpg,Tam,d08,424,a,4,Tam_424,val,False
Tam_d08_424_b_4.jpg,Tam,d08,424,b,4,Tam_424,val,True
Tam_d08_427_a_4.jpg,Tam,d08,427,a,4,Tam_427,train,True
Tam_d08_427_b_4.jpg,Tam,d08,427,b,4,Tam_427,train,False
Tam_d08_428_a_4.jpg,Tam,d08,428,a,4,Tam_428,val,False
Tam_d08_428_b_4.jpg,Tam,d08,428,b,4,Tam_428,val,True
Tam_d08_434_a_4.jpg,Tam,d08,434,a,4,Tam_434,train,False
Tam_d08_434_b_4.jpg,Tam,d08,434,b,4,Tam_434,train,False
Tam_d08_436_a_4.jpg,Tam,d08,436,a,4,Tam_436,train,False
Tam_d08_436_b_4.jpg,Tam,d08,436,b,4,Tam_436,train,False
Tam_d08_437_a_4.jpg,Tam,d08,437,a,4,Tam_437,nuevo,False
Tam_d08_437_b_4.jpg,Tam,d08,437,b,4,Tam_437,nuevo,False
Tam_d08_441_a_5.jpg,Tam,d08,441,a,5,Tam_441,train,False
Tam_d08_441_b_5.jpg,Tam,d08,441,b,5,Tam_441,train,False
Tam_d08_456_a_5.jpg,Tam,d08,456,a,5,Tam_456,nuevo,False
Tam_d08_456_b_5.jpg,Tam,d08,456,b,5,Tam_456,nuevo,False
Tam_d08_457_a_4.jpg,Tam,d08,457,a,4,Tam_457,train,False
Tam_d08_457_b_4.jpg,Tam,d08,457,b,4,Tam_457,train,False
Tam_d08_460_a_4.jpg,Tam,d08,460,a,4,Tam_460,nuevo,False
Tam_d08_460_b_4.jpg,Tam,d08,460,b,4,Tam_460,nuevo,False
Tam_d08_465_a_4.jpg,Tam,d08,465,a,4,Tam_465,nuevo,False
Tam_d08_465_b_4.jpg,Tam,d08,465,b,4,Tam_465,nuevo,False
Tam_d08_466_a_5.jpg,Tam,d08,466,a,5,Tam_466,nuevo,False
Tam_d08_466_b_5.jpg,Tam,d08,466,b,5,Tam_466,nuevo,False
Tam_d08_467_a_5.jpg,Tam,d08,467,a,5,Tam_467,train,True
Tam_d08_467_b_5.jpg,Tam,d08,467,b,5,Tam_467,train,False
Tam_d08_472_a_4.jpg,Tam,d08,472,a,4,Tam_472,test,False
Tam_d08_472_b_4.jpg,Tam,d08,472,b,4,Tam_472,test,True
Tam_d08_473_a_4.jpg,Tam,d08,473,a,4,Tam_473,val,False
Tam_d08_473_b_4.jpg,Tam,d08,473,b,4,Tam_473,val,False
Tam_d08_474_a_4.jpg,Tam,d08,474,a,4,Tam_474,val,False
Tam_d08_474_b_4.jpg,Tam,d08,474,b,4,Tam_474,val,False
Tam_d09_009_a_5.jpg,Tam,d09,009,a,5,Tam_009,train,False
Tam_d09_009_b_5.jpg,Tam,d09,009,b,5,Tam_009,train,False
Tam_d09_016_a_5.jpg,Tam,d09,016,a,5,Tam_016,nuevo,False
Tam_d09_016_b_5.jpg,Tam,d09,016,b,5,Tam_016,nuevo,False
Tam_d09_017_a_5.jpg,Tam,d09,017,a,5,Tam_017,nuevo,False
Tam_d09_017_b_5.jpg,Tam,d09,017,b,5,Tam_017,nuevo,False
Tam_d09_019_a_5.jpg,Tam,d09,019,a,5,Tam_019,val,False
Tam_d09_019_b_5.jpg,Tam,d09,019,b,5,Tam_019,val,True
Tam_d09_028_a_5.jpg,Tam,d09,028,a,5,Tam_028,train,False
Tam_d09_028_b_5.jpg,Tam,d09,028,b,5,Tam_028,train,False
Tam_d09_030_a_5.jpg,Tam,d09,030,a,5,Tam_030,nuevo,False
Tam_d09_030_b_5.jpg,Tam,d09,030,b,5,Tam_030,nuevo,False
Tam_d09_039_a_4.jpg,Tam,d09,039,a,4,Tam_039,train,False
Tam_d09_039_b_4.jpg,Tam,d09,039,b,4,Tam_039,train,False
Tam_d09_051_a_4.jpg,Tam,d09,051,a,4,Tam_051,train,False
Tam_d09_051_b_4.jpg,Tam,d09,051,b,4,Tam_051,train,False
Tam_d09_053_a_5.jpg,Tam,d09,053,a,5,Tam_053,train,False
Tam_d09_053_b_5.jpg,Tam,d09,053,b,5,Tam_053,train,False
Tam_d09_059_a_4.jpg,Tam,d09,059,a,4,Tam_059,train,False
Tam_d09_059_b_4.jpg,Tam,d09,059,b,4,Tam_059,train,False
Tam_d09_062_a_5.jpg,Tam,d09,062,a,5,Tam_062,val,False
Tam_d09_062_b_5.jpg,Tam,d09,062,b,5,Tam_062,val,False
Tam_d09_066_a_5.jpg,Tam,d09,066,a,5,Tam_066,nuevo,False
Tam_d09_066_b_5.jpg,Tam,d09,066,b,5,Tam_066,nuevo,False
Tam_d09_068_a_5.jpg,Tam,d09,068,a,5,Tam_068,val,True
Tam_d09_068_b_5.jpg,Tam,d09,068,b,5,Tam_068,val,False
Tam_d09_070_a_4.jpg,Tam,d09,070,a,4,Tam_070,val,False
Tam_d09_070_b_4.jpg,Tam,d09,070,b,4,Tam_070,val,False
Tam_d09_073_a_4.jpg,Tam,d09,073,a,4,Tam_073,val,False
Tam_d09_073_b_4.jpg,Tam,d09,073,b,4,Tam_073,val,False
Tam_d09_074_a_4.jpg,Tam,d09,074,a,4,Tam_074,train,False
Tam_d09_074_b_4.jpg,Tam,d09,074,b,4,Tam_074,train,False
Tam_d09_077_a_5.jpg,Tam,d09,077,a,5,Tam_077,nuevo,False
Tam_d09_077_b_5.jpg,Tam,d09,077,b,5,Tam_077,nuevo,False
Tam_d09_078_a_4.jpg,Tam,d09,078,a,4,Tam_078,test,False
Tam_d09_078_b_4.jpg,Tam,d09,078,b,4,Tam_078,test,False
Tam_d09_079_a_5.jpg,Tam,d09,079,a,5,Tam_079,val,False
Tam_d09_079_b_5.jpg,Tam,d09,079,b,5,Tam_079,val,False
Tam_d09_088_a_5.jpg,Tam,d09,088,a,5,Tam_088,val,False
Tam_d09_088_b_5.jpg,Tam,d09,088,b,5,Tam_088,val,False
Tam_d09_102_a_4.jpg,Tam,d09,102,a,4,Tam_102,train,False
Tam_d09_102_b_4.jpg,Tam,d09,102,b,4,Tam_102,train,False
Tam_d09_105_a_4.jpg,Tam,d09,105,a,4,Tam_105,train,False
Tam_d09_105_b_4.jpg,Tam,d09,105,b,4,Tam_105,train,False
Tam_d09_119_a_4.jpg,Tam,d09,119,a,4,Tam_119,train,False
Tam_d09_119_b_4.jpg,Tam,d09,119,b,4,Tam_119,train,False
Tam_d09_121_a_4.jpg,Tam,d09,121,a,4,Tam_121,train,False
Tam_d09_121_b_4.jpg,Tam,d09,121,b,4,Tam_121,train,False
Tam_d09_124_a_5.jpg,Tam,d09,124,a,5,Tam_124,train,False
Tam_d09_124_b_5.jpg,Tam,d09,124,b,5,Tam_124,train,False
Tam_d09_126_a_5.jpg,Tam,d09,126,a,5,Tam_126,test,False
Tam_d09_126_b_5.jpg,Tam,d09,126,b,5,Tam_126,test,False
Tam_d09_134_a_5.jpg,Tam,d09,134,a,5,Tam_134,nuevo,False
Tam_d09_134_b_5.jpg,Tam,d09,134,b,5,Tam_134,nuevo,False
Tam_d09_135_a_5.jpg,Tam,d09,135,a,5,Tam_135,test,False
Tam_d09_135_b_5.jpg,Tam,d09,135,b,5,Tam_135,test,False
Tam_d09_139_a_4.jpg,Tam,d09,139,a,4,Tam_139,nuevo,False
Tam_d09_139_b_4.jpg,Tam,d09,139,b,4,Tam_139,nuevo,False
Tam_d09_140_a_5.jpg,Tam,d09,140,a,5,Tam_140,test,False
Tam_d09_140_b_5.jpg,Tam,d09,140,b,5,Tam_140,test,False
Tam_d09_142_a_5.jpg,Tam,d09,142,a,5,Tam_142,train,True
Tam_d09_142_b_5.jpg,Tam,d09,142,b,5,Tam_142,train,False
Tam_d09_144_a_5.jpg,Tam,d09,144,a,5,Tam_144,train,False
Tam_d09_144_b_5.jpg,Tam,d09,144,b,5,Tam_144,train,False
Tam_d09_147_a_4.jpg,Tam,d09,147,a,4,Tam_147,train,False
Tam_d09_147_b_4.jpg,Tam,d09,147,b,4,Tam_147,train,False
Tam_d09_154_a_5.jpg,Tam,d09,154,a,5,Tam_154,train,False
Tam_d09_154_b_5.jpg,Tam,d09,154,b,5,Tam_154,train,False
Tam_d09_157_a_5.jpg,Tam,d09,157,a,5,Tam_157,train,False
Tam_d09_157_b_5.jpg,Tam,d09,157,b,5,Tam_157,train,False
Tam_d09_159_a_5.jpg,Tam,d09,159,a,5,Tam_159,train,False
Tam_d09_159_b_5.jpg,Tam,d09,159,b,5,Tam_159,train,False
Tam_d09_160_a_5.jpg,Tam,d09,160,a,5,Tam_160,train,False
Tam_d09_160_b_5.jpg,Tam,d09,160,b,5,Tam_160,train,False
Tam_d09_164_a_5.jpg,Tam,d09,164,a,5,Tam_164,test,False
Tam_d09_164_b_5.jpg,Tam,d09,164,b,5,Tam_164,test,False
Tam_d09_169_a_4.jpg,Tam,d09,169,a,4,Tam_169,train,False
Tam_d09_169_b_4.jpg,Tam,d09,169,b,4,Tam_169,train,False
Tam_d09_171_a_5.jpg,Tam,d09,171,a,5,Tam_171,train,False
Tam_d09_171_b_5.jpg,Tam,d09,171,b,5,Tam_171,train,False
Tam_d09_173_a_5.jpg,Tam,d09,173,a,5,Tam_173,val,False
Tam_d09_173_b_5.jpg,Tam,d09,173,b,5,Tam_173,val,False
Tam_d09_175_a_4.jpg,Tam,d09,175,a,4,Tam_175,val,False
Tam_d09_175_b_4.jpg,Tam,d09,175,b,4,Tam_175,val,False
Tam_d09_179_a_5.jpg,Tam,d09,179,a,5,Tam_179,train,False
Tam_d09_179_b_5.jpg,Tam,d09,179,b,5,Tam_179,train,False
Tam_d09_182_a_5.jpg,Tam,d09,182,a,5,Tam_182,train,False
Tam_d09_182_b_5.jpg,Tam,d09,182,b,5,Tam_182,train,False
Tam_d09_184_a_5.jpg,Tam,d09,184,a,5,Tam_184,val,False
Tam_d09_184_b_5.jpg,Tam,d09,184,b,5,Tam_184,val,False
Tam_d09_189_a_5.jpg,Tam,d09,189,a,5,Tam_189,train,False
Tam_d09_189_b_5.jpg,Tam,d09,189,b,5,Tam_189,train,True
Tam_d09_191_a_4.jpg,Tam,d09,191,a,4,Tam_191,train,False
Tam_d09_191_b_4.jpg,Tam,d09,191,b,4,Tam_191,train,False
Tam_d09_195_a_5.jpg,Tam,d09,195,a,5,Tam_195,train,False
Tam_d09_195_b_5.jpg,Tam,d09,195,b,5,Tam_195,train,False
Tam_d09_197_a_5.jpg,Tam,d09,197,a,5,Tam_197,val,False
Tam_d09_197_b_5.jpg,Tam,d09,197,b,5,Tam_197,val,True
Tam_d09_198_a_4.jpg,Tam,d09,198,a,4,Tam_198,train,False
Tam_d09_198_b_4.jpg,Tam,d09,198,b,4,Tam_198,train,False
Tam_d09_200_a_4.jpg,Tam,d09,200,a,4,Tam_200,train,False
Tam_d09_200_b_4.jpg,Tam,d09,200,b,4,Tam_200,train,False
Tam_d09_201_a_5.jpg,Tam,d09,201,a,5,Tam_201,val,False
Tam_d09_201_b_5.jpg,Tam,d09,201,b,5,Tam_201,val,False
Tam_d09_203_a_4.jpg,Tam,d09,203,a,4,Tam_203,nuevo,False
Tam_d09_203_b_4.jpg,Tam,d09,203,b,4,Tam_203,nuevo,False
Tam_d09_205_a_5.jpg,Tam,d09,205,a,5,Tam_205,train,True
Tam_d09_205_b_5.jpg,Tam,d09,205,b,5,Tam_205,train,False
Tam_d09_208_a_5.jpg,Tam,d09,208,a,5,Tam_208,train,False
Tam_d09_208_b_5.jpg,Tam,d09,208,b,5,Tam_208,train,False
Tam_d09_209_a_4.jpg,Tam,d09,209,a,4,Tam_209,test,True
Tam_d09_209_b_4.jpg,Tam,d09,209,b,4,Tam_209,test,False
Tam_d09_210_a_5.jpg,Tam,d09,210,a,5,Tam_210,train,False
Tam_d09_210_b_5.jpg,Tam,d09,210,b,5,Tam_210,train,True
Tam_d09_218_a_4.jpg,Tam,d09,218,a,4,Tam_218,train,False
Tam_d09_218_b_4.jpg,Tam,d09,218,b,4,Tam_218,train,False
Tam_d09_230_a_4.jpg,Tam,d09,230,a,4,Tam_230,val,False
Tam_d09_230_b_4.jpg,Tam,d09,230,b,4,Tam_230,val,False
Tam_d09_231_a_5.jpg,Tam,d09,231,a,5,Tam_231,test,False
Tam_d09_231_b_5.jpg,Tam,d09,231,b,5,Tam_231,test,False
Tam_d09_238_a_5.jpg,Tam,d09,238,a,5,Tam_238,test,False
Tam_d09_238_b_5.jpg,Tam,d09,238,b,5,Tam_238,test,False
Tam_d09_241_a_4.jpg,Tam,d09,241,a,4,Tam_241,train,False
Tam_d09_241_b_4.jpg,Tam,d09,241,b,4,Tam_241,train,False
Tam_d09_242_a_4.jpg,Tam,d09,242,a,4,Tam_242,train,False
Tam_d09_242_b_4.jpg,Tam,d09,242,b,4,Tam_242,train,False
Tam_d09_246_a_5.jpg,Tam,d09,246,a,5,Tam_246,nuevo,False
Tam_d09_246_b_5.jpg,Tam,d09,246,b,5,Tam_246,nuevo,False
Tam_d09_247_a_5.jpg,Tam,d09,247,a,5,Tam_247,train,False
Tam_d09_247_b_5.jpg,Tam,d09,247,b,5,Tam_247,train,False
Tam_d09_248_a_5.jpg,Tam,d09,248,a,5,Tam_248,train,False
Tam_d09_248_b_5.jpg,Tam,d09,248,b,5,Tam_248,train,False
Tam_d09_249_a_4.jpg,Tam,d09,249,a,4,Tam_249,train,False
Tam_d09_249_b_4.jpg,Tam,d09,249,b,4,Tam_249,train,True
Tam_d09_251_a_5.jpg,Tam,d09,251,a,5,Tam_251,train,False
Tam_d09_251_b_5.jpg,Tam,d09,251,b,5,Tam_251,train,False
Tam_d09_257_a_5.jpg,Tam,d09,257,a,5,Tam_257,train,False
Tam_d09_257_b_5.jpg,Tam,d09,257,b,5,Tam_257,train,False
Tam_d09_261_a_5.jpg,Tam,d09,261,a,5,Tam_261,train,False
Tam_d09_261_b_5.jpg,Tam,d09,261,b,5,Tam_261,train,False
Tam_d09_264_a_4.jpg,Tam,d09,264,a,4,Tam_264,nuevo,False
Tam_d09_264_b_4.jpg,Tam,d09,264,b,4,Tam_264,nuevo,False
Tam_d09_270_a_5.jpg,Tam,d09,270,a,5,Tam_270,train,True
Tam_d09_270_b_5.jpg,Tam,d09,270,b,5,Tam_270,train,False
Tam_d09_273_a_4.jpg,Tam,d09,273,a,4,Tam_273,train,False
Tam_d09_273_b_4.jpg,Tam,d09,273,b,4,Tam_273,train,False
Tam_d09_278_a_5.jpg,Tam,d09,278,a,5,Tam_278,train,False
Tam_d09_278_b_5.jpg,Tam,d09,278,b,5,Tam_278,train,False
Tam_d09_280_a_4.jpg,Tam,d09,280,a,4,Tam_280,train,False
Tam_d09_280_b_4.jpg,Tam,d09,280,b,4,Tam_280,train,False
Tam_d09_281_a_5.jpg,Tam,d09,281,a,5,Tam_281,test,False
Tam_d09_281_b_5.jpg,Tam,d09,281,b,5,Tam_281,test,True
Tam_d09_285_a_4.jpg,Tam,d09,285,a,4,Tam_285,train,True
Tam_d09_285_b_4.jpg,Tam,d09,285,b,4,Tam_285,train,False
Tam_d09_286_a_4.jpg,Tam,d09,286,a,4,Tam_286,nuevo,False
Tam_d09_286_b_4.jpg,Tam,d09,286,b,4,Tam_286,nuevo,False
Tam_d09_297_a_4.jpg,Tam,d09,297,a,4,Tam_297,train,False
Tam_d09_297_b_4.jpg,Tam,d09,297,b,4,Tam_297,train,False
Tam_d09_299_a_4.jpg,Tam,d09,299,a,4,Tam_299,train,False
Tam_d09_299_b_4.jpg,Tam,d09,299,b,4,Tam_299,train,False
Tam_d09_301_a_5.jpg,Tam,d09,301,a,5,Tam_301,val,True
Tam_d09_301_b_5.jpg,Tam,d09,301,b,5,Tam_301,val,False
Tam_d09_302_a_5.jpg,Tam,d09,302,a,5,Tam_302,train,False
Tam_d09_302_b_5.jpg,Tam,d09,302,b,5,Tam_302,train,True
Tam_d09_303_a_4.jpg,Tam,d09,303,a,4,Tam_303,train,False
Tam_d09_303_b_4.jpg,Tam,d09,303,b,4,Tam_303,train,False
Tam_d09_304_a_5.jpg,Tam,d09,304,a,5,Tam_304,train,True
Tam_d09_304_b_5.jpg,Tam,d09,304,b,5,Tam_304,train,False
Tam_d09_307_a_5.jpg,Tam,d09,307,a,5,Tam_307,train,False
Tam_d09_307_b_5.jpg,Tam,d09,307,b,5,Tam_307,train,False
Tam_d09_308_a_5.jpg,Tam,d09,308,a,5,Tam_308,train,False
Tam_d09_308_b_5.jpg,Tam,d09,308,b,5,Tam_308,train,False
Tam_d09_312_a_4.jpg,Tam,d09,312,a,4,Tam_312,train,False
Tam_d09_312_b_4.jpg,Tam,d09,312,b,4,Tam_312,train,False
Tam_d09_318_a_4.jpg,Tam,d09,318,a,4,Tam_318,train,False
Tam_d09_318_b_4.jpg,Tam,d09,318,b,4,Tam_318,train,False
Tam_d09_319_a_4.jpg,Tam,d09,319,a,4,Tam_319,train,False
Tam_d09_319_b_4.jpg,Tam,d09,319,b,4,Tam_319,train,False
Tam_d09_323_a_5.jpg,Tam,d09,323,a,5,Tam_323,train,False
Tam_d09_323_b_5.jpg,Tam,d09,323,b,5,Tam_323,train,False
Tam_d09_329_a_5.jpg,Tam,d09,329,a,5,Tam_329,train,False
Tam_d09_329_b_5.jpg,Tam,d09,329,b,5,Tam_329,train,False
Tam_d09_335_a_4.jpg,Tam,d09,335,a,4,Tam_335,nuevo,False
Tam_d09_335_b_4.jpg,Tam,d09,335,b,4,Tam_335,nuevo,False
Tam_d09_339_a_4.jpg,Tam,d09,339,a,4,Tam_339,test,False
Tam_d09_339_b_4.jpg,Tam,d09,339,b,4,Tam_339,test,False
Tam_d09_340_a_5.jpg,Tam,d09,340,a,5,Tam_340,val,True
Tam_d09_340_b_5.jpg,Tam,d09,340,b,5,Tam_340,val,False
Tam_d09_341_a_5.jpg,Tam,d09,341,a,5,Tam_341,val,False
Tam_d09_341_b_5.jpg,Tam,d09,341,b,5,Tam_341,val,False
Tam_d09_342_a_4.jpg,Tam,d09,342,a,4,Tam_342,train,False
Tam_d09_342_b_4.jpg,Tam,d09,342,b,4,Tam_342,train,False
Tam_d09_343_a_5.jpg,Tam,d09,343,a,5,Tam_343,train,False
Tam_d09_343_b_5.jpg,Tam,d09,343,b,5,Tam_343,train,False
Tam_d09_344_a_5.jpg,Tam,d09,344,a,5,Tam_344,test,False
Tam_d09_344_b_5.jpg,Tam,d09,344,b,5,Tam_344,test,False
Tam_d09_348_a_4.jpg,Tam,d09,348,a,4,Tam_348,train,False
Tam_d09_348_b_4.jpg,Tam,d09,348,b,4,Tam_348,train,False
Tam_d09_356_a_5.jpg,Tam,d09,356,a,5,Tam_356,train,False
Tam_d09_356_b_5.jpg,Tam,d09,356,b,5,Tam_356,train,False
Tam_d09_362_a_4.jpg,Tam,d09,362,a,4,Tam_362,test,False
Tam_d09_362_b_4.jpg,Tam,d09,362,b,4,Tam_362,test,False
Tam_d09_370_a_4.jpg,Tam,d09,370,a,4,Tam_370,train,False
Tam_d09_370_b_4.jpg,Tam,d09,370,b,4,Tam_370,train,False
Tam_d09_374_a_4.jpg,Tam,d09,374,a,4,Tam_374,test,False
Tam_d09_374_b_4.jpg,Tam,d09,374,b,4,Tam_374,test,False
Tam_d09_379_a_5.jpg,Tam,d09,379,a,5,Tam_379,train,False
Tam_d09_379_b_5.jpg,Tam,d09,379,b,5,Tam_379,train,False
Tam_d09_380_a_4.jpg,Tam,d09,380,a,4,Tam_380,train,False
Tam_d09_380_b_4.jpg,Tam,d09,380,b,4,Tam_380,train,False
Tam_d09_396_a_4.jpg,Tam,d09,396,a,4,Tam_396,test,False
Tam_d09_396_b_4.jpg,Tam,d09,396,b,4,Tam_396,test,False
Tam_d09_397_a_4.jpg,Tam,d09,397,a,4,Tam_397,val,True
Tam_d09_397_b_4.jpg,Tam,d09,397,b,4,Tam_397,val,False
Tam_d09_403_a_5.jpg,Tam,d09,403,a,5,Tam_403,val,False
Tam_d09_403_b_5.jpg,Tam,d09,403,b,5,Tam_403,val,False
Tam_d09_404_a_5.jpg,Tam,d09,404,a,5,Tam_404,train,True
Tam_d09_404_b_5.jpg,Tam,d09,404,b,5,Tam_404,train,False
Tam_d09_407_a_4.jpg,Tam,d09,407,a,4,Tam_407,val,False
Tam_d09_407_b_4.jpg,Tam,d09,407,b,4,Tam_407,val,False
Tam_d09_416_a_5.jpg,Tam,d09,416,a,5,Tam_416,test,False
Tam_d09_416_b_5.jpg,Tam,d09,416,b,5,Tam_416,test,False
Tam_d09_417_a_5.jpg,Tam,d09,417,a,5,Tam_417,train,False
Tam_d09_417_b_5.jpg,Tam,d09,417,b,5,Tam_417,train,False
Tam_d09_419_a_5.jpg,Tam,d09,419,a,5,Tam_419,train,False
Tam_d09_419_b_5.jpg,Tam,d09,419,b,5,Tam_419,train,False
Tam_d09_424_a_5.jpg,Tam,d09,424,a,5,Tam_424,val,False
Tam_d09_424_b_5.jpg,Tam,d09,424,b,5,Tam_424,val,False
Tam_d09_427_a_5.jpg,Tam,d09,427,a,5,Tam_427,train,False
Tam_d09_427_b_5.jpg,Tam,d09,427,b,5,Tam_427,train,False
Tam_d09_428_a_4.jpg,Tam,d09,428,a,4,Tam_428,val,False
Tam_d09_428_b_4.jpg,Tam,d09,428,b,4,Tam_428,val,False
Tam_d09_434_a_5.jpg,Tam,d09,434,a,5,Tam_434,train,False
Tam_d09_434_b_5.jpg,Tam,d09,434,b,5,Tam_434,train,False
Tam_d09_436_a_5.jpg,Tam,d09,436,a,5,Tam_436,train,False
Tam_d09_436_b_5.jpg,Tam,d09,436,b,5,Tam_436,train,False
Tam_d09_437_a_5.jpg,Tam,d09,437,a,5,Tam_437,nuevo,False
Tam_d09_437_b_5.jpg,Tam,d09,437,b,5,Tam_437,nuevo,False
Tam_d09_441_a_5.jpg,Tam,d09,441,a,5,Tam_441,train,False
Tam_d09_441_b_5.jpg,Tam,d09,441,b,5,Tam_441,train,False
Tam_d09_456_a_5.jpg,Tam,d09,456,a,5,Tam_456,nuevo,False
Tam_d09_456_b_5.jpg,Tam,d09,456,b,5,Tam_456,nuevo,False
Tam_d09_457_a_5.jpg,Tam,d09,457,a,5,Tam_457,train,False
Tam_d09_457_b_5.jpg,Tam,d09,457,b,5,Tam_457,train,False
Tam_d09_460_a_5.jpg,Tam,d09,460,a,5,Tam_460,nuevo,False
Tam_d09_460_b_5.jpg,Tam,d09,460,b,5,Tam_460,nuevo,False
Tam_d09_465_a_5.jpg,Tam,d09,465,a,5,Tam_465,nuevo,False
Tam_d09_465_b_5.jpg,Tam,d09,465,b,5,Tam_465,nuevo,False
Tam_d09_466_a_5.jpg,Tam,d09,466,a,5,Tam_466,nuevo,False
Tam_d09_466_b_5.jpg,Tam,d09,466,b,5,Tam_466,nuevo,False
Tam_d09_467_a_5.jpg,Tam,d09,467,a,5,Tam_467,train,False
Tam_d09_467_b_5.jpg,Tam,d09,467,b,5,Tam_467,train,False
Tam_d09_472_a_5.jpg,Tam,d09,472,a,5,Tam_472,test,False
Tam_d09_472_b_5.jpg,Tam,d09,472,b,5,Tam_472,test,False
Tam_d09_473_a_5.jpg,Tam,d09,473,a,5,Tam_473,val,False
Tam_d09_473_b_5.jpg,Tam,d09,473,b,5,Tam_473,val,False
Tam_d09_474_a_5.jpg,Tam,d09,474,a,5,Tam_474,val,False
Tam_d09_474_b_5.jpg,Tam,d09,474,b,5,Tam_474,val,False
Tam_d10_009_a_5.jpg,Tam,d10,009,a,5,Tam_009,train,False
Tam_d10_009_b_5.jpg,Tam,d10,009,b,5,Tam_009,train,True
Tam_d10_016_a_5.jpg,Tam,d10,016,a,5,Tam_016,nuevo,False
Tam_d10_016_b_5.jpg,Tam,d10,016,b,5,Tam_016,nuevo,False
Tam_d10_017_a_5.jpg,Tam,d10,017,a,5,Tam_017,nuevo,False
Tam_d10_017_b_5.jpg,Tam,d10,017,b,5,Tam_017,nuevo,False
Tam_d10_019_a_5.jpg,Tam,d10,019,a,5,Tam_019,val,False
Tam_d10_019_b_5.jpg,Tam,d10,019,b,5,Tam_019,val,False
Tam_d10_028_a_5.jpg,Tam,d10,028,a,5,Tam_028,train,False
Tam_d10_028_b_5.jpg,Tam,d10,028,b,5,Tam_028,train,False
Tam_d10_030_a_5.jpg,Tam,d10,030,a,5,Tam_030,nuevo,False
Tam_d10_030_b_5.jpg,Tam,d10,030,b,5,Tam_030,nuevo,False
Tam_d10_039_a_5.jpg,Tam,d10,039,a,5,Tam_039,train,False
Tam_d10_039_b_5.jpg,Tam,d10,039,b,5,Tam_039,train,False
Tam_d10_051_a_5.jpg,Tam,d10,051,a,5,Tam_051,train,False
Tam_d10_051_b_5.jpg,Tam,d10,051,b,5,Tam_051,train,False
Tam_d10_053_a_5.jpg,Tam,d10,053,a,5,Tam_053,train,False
Tam_d10_053_b_5.jpg,Tam,d10,053,b,5,Tam_053,train,False
Tam_d10_059_a_5.jpg,Tam,d10,059,a,5,Tam_059,train,True
Tam_d10_059_b_5.jpg,Tam,d10,059,b,5,Tam_059,train,False
Tam_d10_062_a_5.jpg,Tam,d10,062,a,5,Tam_062,val,False
Tam_d10_062_b_5.jpg,Tam,d10,062,b,5,Tam_062,val,False
Tam_d10_066_a_5.jpg,Tam,d10,066,a,5,Tam_066,nuevo,False
Tam_d10_066_b_5.jpg,Tam,d10,066,b,5,Tam_066,nuevo,False
Tam_d10_068_a_5.jpg,Tam,d10,068,a,5,Tam_068,val,False
Tam_d10_068_b_5.jpg,Tam,d10,068,b,5,Tam_068,val,True
Tam_d10_070_a_5.jpg,Tam,d10,070,a,5,Tam_070,val,False
Tam_d10_070_b_5.jpg,Tam,d10,070,b,5,Tam_070,val,False
Tam_d10_073_a_5.jpg,Tam,d10,073,a,5,Tam_073,val,False
Tam_d10_073_b_5.jpg,Tam,d10,073,b,5,Tam_073,val,False
Tam_d10_074_a_5.jpg,Tam,d10,074,a,5,Tam_074,train,False
Tam_d10_074_b_5.jpg,Tam,d10,074,b,5,Tam_074,train,False
Tam_d10_077_a_5.jpg,Tam,d10,077,a,5,Tam_077,nuevo,False
Tam_d10_077_b_5.jpg,Tam,d10,077,b,5,Tam_077,nuevo,False
Tam_d10_078_a_5.jpg,Tam,d10,078,a,5,Tam_078,test,False
Tam_d10_078_b_5.jpg,Tam,d10,078,b,5,Tam_078,test,False
Tam_d10_079_a_5.jpg,Tam,d10,079,a,5,Tam_079,val,False
Tam_d10_079_b_5.jpg,Tam,d10,079,b,5,Tam_079,val,False
Tam_d10_088_a_5.jpg,Tam,d10,088,a,5,Tam_088,val,False
Tam_d10_088_b_5.jpg,Tam,d10,088,b,5,Tam_088,val,True
Tam_d10_102_a_5.jpg,Tam,d10,102,a,5,Tam_102,train,True
Tam_d10_102_b_5.jpg,Tam,d10,102,b,5,Tam_102,train,False
Tam_d10_105_a_5.jpg,Tam,d10,105,a,5,Tam_105,train,False
Tam_d10_105_b_5.jpg,Tam,d10,105,b,5,Tam_105,train,False
Tam_d10_119_a_5.jpg,Tam,d10,119,a,5,Tam_119,train,False
Tam_d10_119_b_5.jpg,Tam,d10,119,b,5,Tam_119,train,False
Tam_d10_121_a_5.jpg,Tam,d10,121,a,5,Tam_121,train,False
Tam_d10_121_b_5.jpg,Tam,d10,121,b,5,Tam_121,train,True
Tam_d10_124_a_5.jpg,Tam,d10,124,a,5,Tam_124,train,False
Tam_d10_124_b_5.jpg,Tam,d10,124,b,5,Tam_124,train,False
Tam_d10_126_a_5.jpg,Tam,d10,126,a,5,Tam_126,test,False
Tam_d10_126_b_5.jpg,Tam,d10,126,b,5,Tam_126,test,False
Tam_d10_134_a_5.jpg,Tam,d10,134,a,5,Tam_134,nuevo,False
Tam_d10_134_b_5.jpg,Tam,d10,134,b,5,Tam_134,nuevo,False
Tam_d10_135_a_5.jpg,Tam,d10,135,a,5,Tam_135,test,False
Tam_d10_135_b_5.jpg,Tam,d10,135,b,5,Tam_135,test,False
Tam_d10_139_a_5.jpg,Tam,d10,139,a,5,Tam_139,nuevo,False
Tam_d10_139_b_5.jpg,Tam,d10,139,b,5,Tam_139,nuevo,False
Tam_d10_140_a_5.jpg,Tam,d10,140,a,5,Tam_140,test,False
Tam_d10_140_b_5.jpg,Tam,d10,140,b,5,Tam_140,test,False
Tam_d10_142_a_5.jpg,Tam,d10,142,a,5,Tam_142,train,False
Tam_d10_142_b_5.jpg,Tam,d10,142,b,5,Tam_142,train,False
Tam_d10_144_a_5.jpg,Tam,d10,144,a,5,Tam_144,train,False
Tam_d10_144_b_5.jpg,Tam,d10,144,b,5,Tam_144,train,False
Tam_d10_147_a_5.jpg,Tam,d10,147,a,5,Tam_147,train,False
Tam_d10_147_b_5.jpg,Tam,d10,147,b,5,Tam_147,train,False
Tam_d10_154_a_5.jpg,Tam,d10,154,a,5,Tam_154,train,False
Tam_d10_154_b_5.jpg,Tam,d10,154,b,5,Tam_154,train,False
Tam_d10_157_a_5.jpg,Tam,d10,157,a,5,Tam_157,train,False
Tam_d10_157_b_5.jpg,Tam,d10,157,b,5,Tam_157,train,False
Tam_d10_159_a_5.jpg,Tam,d10,159,a,5,Tam_159,train,False
Tam_d10_159_b_5.jpg,Tam,d10,159,b,5,Tam_159,train,False
Tam_d10_160_a_5.jpg,Tam,d10,160,a,5,Tam_160,train,False
Tam_d10_160_b_5.jpg,Tam,d10,160,b,5,Tam_160,train,False
Tam_d10_164_a_5.jpg,Tam,d10,164,a,5,Tam_164,test,False
Tam_d10_164_b_5.jpg,Tam,d10,164,b,5,Tam_164,test,False
Tam_d10_169_a_5.jpg,Tam,d10,169,a,5,Tam_169,train,False
Tam_d10_169_b_5.jpg,Tam,d10,169,b,5,Tam_169,train,False
Tam_d10_171_a_5.jpg,Tam,d10,171,a,5,Tam_171,train,False
Tam_d10_171_b_5.jpg,Tam,d10,171,b,5,Tam_171,train,False
Tam_d10_173_a_5.jpg,Tam,d10,173,a,5,Tam_173,val,False
Tam_d10_173_b_5.jpg,Tam,d10,173,b,5,Tam_173,val,False
Tam_d10_175_a_5.jpg,Tam,d10,175,a,5,Tam_175,val,False
Tam_d10_175_b_5.jpg,Tam,d10,175,b,5,Tam_175,val,True
Tam_d10_179_a_5.jpg,Tam,d10,179,a,5,Tam_179,train,False
Tam_d10_179_b_5.jpg,Tam,d10,179,b,5,Tam_179,train,False
Tam_d10_182_a_5.jpg,Tam,d10,182,a,5,Tam_182,train,False
Tam_d10_182_b_5.jpg,Tam,d10,182,b,5,Tam_182,train,False
Tam_d10_184_a_5.jpg,Tam,d10,184,a,5,Tam_184,val,True
Tam_d10_184_b_5.jpg,Tam,d10,184,b,5,Tam_184,val,False
Tam_d10_189_a_5.jpg,Tam,d10,189,a,5,Tam_189,train,False
Tam_d10_189_b_5.jpg,Tam,d10,189,b,5,Tam_189,train,False
Tam_d10_191_a_5.jpg,Tam,d10,191,a,5,Tam_191,train,False
Tam_d10_191_b_5.jpg,Tam,d10,191,b,5,Tam_191,train,False
Tam_d10_195_a_5.jpg,Tam,d10,195,a,5,Tam_195,train,False
Tam_d10_195_b_5.jpg,Tam,d10,195,b,5,Tam_195,train,False
Tam_d10_197_a_5.jpg,Tam,d10,197,a,5,Tam_197,val,False
Tam_d10_197_b_5.jpg,Tam,d10,197,b,5,Tam_197,val,False
Tam_d10_198_a_5.jpg,Tam,d10,198,a,5,Tam_198,train,False
Tam_d10_198_b_5.jpg,Tam,d10,198,b,5,Tam_198,train,False
Tam_d10_200_a_5.jpg,Tam,d10,200,a,5,Tam_200,train,True
Tam_d10_200_b_5.jpg,Tam,d10,200,b,5,Tam_200,train,False
Tam_d10_201_a_5.jpg,Tam,d10,201,a,5,Tam_201,val,False
Tam_d10_201_b_5.jpg,Tam,d10,201,b,5,Tam_201,val,False
Tam_d10_203_a_5.jpg,Tam,d10,203,a,5,Tam_203,nuevo,False
Tam_d10_203_b_5.jpg,Tam,d10,203,b,5,Tam_203,nuevo,False
Tam_d10_205_a_5.jpg,Tam,d10,205,a,5,Tam_205,train,False
Tam_d10_205_b_5.jpg,Tam,d10,205,b,5,Tam_205,train,False
Tam_d10_208_a_5.jpg,Tam,d10,208,a,5,Tam_208,train,False
Tam_d10_208_b_5.jpg,Tam,d10,208,b,5,Tam_208,train,False
Tam_d10_209_a_5.jpg,Tam,d10,209,a,5,Tam_209,test,False
Tam_d10_209_b_5.jpg,Tam,d10,209,b,5,Tam_209,test,False
Tam_d10_210_a_5.jpg,Tam,d10,210,a,5,Tam_210,train,False
Tam_d10_210_b_5.jpg,Tam,d10,210,b,5,Tam_210,train,False
Tam_d10_218_a_5.jpg,Tam,d10,218,a,5,Tam_218,train,False
Tam_d10_218_b_5.jpg,Tam,d10,218,b,5,Tam_218,train,False
Tam_d10_230_a_5.jpg,Tam,d10,230,a,5,Tam_230,val,False
Tam_d10_230_b_5.jpg,Tam,d10,230,b,5,Tam_230,val,False
Tam_d10_231_a_5.jpg,Tam,d10,231,a,5,Tam_231,test,False
Tam_d10_231_b_5.jpg,Tam,d10,231,b,5,Tam_231,test,False
Tam_d10_238_a_5.jpg,Tam,d10,238,a,5,Tam_238,test,False
Tam_d10_238_b_5.jpg,Tam,d10,238,b,5,Tam_238,test,False
Tam_d10_241_a_5.jpg,Tam,d10,241,a,5,Tam_241,train,True
Tam_d10_241_b_5.jpg,Tam,d10,241,b,5,Tam_241,train,True
Tam_d10_242_a_5.jpg,Tam,d10,242,a,5,Tam_242,train,False
Tam_d10_242_b_5.jpg,Tam,d10,242,b,5,Tam_242,train,False
Tam_d10_246_a_5.jpg,Tam,d10,246,a,5,Tam_246,nuevo,False
Tam_d10_246_b_5.jpg,Tam,d10,246,b,5,Tam_246,nuevo,False
Tam_d10_247_a_5.jpg,Tam,d10,247,a,5,Tam_247,train,False
Tam_d10_247_b_5.jpg,Tam,d10,247,b,5,Tam_247,train,False
Tam_d10_248_a_5.jpg,Tam,d10,248,a,5,Tam_248,train,False
Tam_d10_248_b_5.jpg,Tam,d10,248,b,5,Tam_248,train,False
Tam_d10_251_a_5.jpg,Tam,d10,251,a,5,Tam_251,train,False
Tam_d10_251_b_5.jpg,Tam,d10,251,b,5,Tam_251,train,False
Tam_d10_257_a_5.jpg,Tam,d10,257,a,5,Tam_257,train,False
Tam_d10_257_b_5.jpg,Tam,d10,257,b,5,Tam_257,train,False
Tam_d10_261_a_5.jpg,Tam,d10,261,a,5,Tam_261,train,False
Tam_d10_261_b_5.jpg,Tam,d10,261,b,5,Tam_261,train,False
Tam_d10_264_a_5.jpg,Tam,d10,264,a,5,Tam_264,nuevo,False
Tam_d10_264_b_5.jpg,Tam,d10,264,b,5,Tam_264,nuevo,False
Tam_d10_270_a_5.jpg,Tam,d10,270,a,5,Tam_270,train,False
Tam_d10_270_b_5.jpg,Tam,d10,270,b,5,Tam_270,train,False
Tam_d10_273_a_5.jpg,Tam,d10,273,a,5,Tam_273,train,False
Tam_d10_273_b_5.jpg,Tam,d10,273,b,5,Tam_273,train,False
Tam_d10_278_a_5.jpg,Tam,d10,278,a,5,Tam_278,train,False
Tam_d10_278_b_5.jpg,Tam,d10,278,b,5,Tam_278,train,False
Tam_d10_280_a_5.jpg,Tam,d10,280,a,5,Tam_280,train,False
Tam_d10_280_b_5.jpg,Tam,d10,280,b,5,Tam_280,train,False
Tam_d10_281_a_5.jpg,Tam,d10,281,a,5,Tam_281,test,False
Tam_d10_281_b_5.jpg,Tam,d10,281,b,5,Tam_281,test,False
Tam_d10_285_a_5.jpg,Tam,d10,285,a,5,Tam_285,train,False
Tam_d10_285_b_5.jpg,Tam,d10,285,b,5,Tam_285,train,False
Tam_d10_286_a_5.jpg,Tam,d10,286,a,5,Tam_286,nuevo,False
Tam_d10_286_b_5.jpg,Tam,d10,286,b,5,Tam_286,nuevo,False
Tam_d10_297_a_5.jpg,Tam,d10,297,a,5,Tam_297,train,False
Tam_d10_297_b_5.jpg,Tam,d10,297,b,5,Tam_297,train,True
Tam_d10_299_a_5.jpg,Tam,d10,299,a,5,Tam_299,train,True
Tam_d10_299_b_5.jpg,Tam,d10,299,b,5,Tam_299,train,False
Tam_d10_301_a_5.jpg,Tam,d10,301,a,5,Tam_301,val,False
Tam_d10_301_b_5.jpg,Tam,d10,301,b,5,Tam_301,val,False
Tam_d10_302_a_5.jpg,Tam,d10,302,a,5,Tam_302,train,False
Tam_d10_302_b_5.jpg,Tam,d10,302,b,5,Tam_302,train,False
Tam_d10_303_a_5.jpg,Tam,d10,303,a,5,Tam_303,train,False
Tam_d10_303_b_5.jpg,Tam,d10,303,b,5,Tam_303,train,False
Tam_d10_307_a_5.jpg,Tam,d10,307,a,5,Tam_307,train,False
Tam_d10_307_b_5.jpg,Tam,d10,307,b,5,Tam_307,train,False
Tam_d10_308_a_5.jpg,Tam,d10,308,a,5,Tam_308,train,False
Tam_d10_308_b_5.jpg,Tam,d10,308,b,5,Tam_308,train,False
Tam_d10_312_a_5.jpg,Tam,d10,312,a,5,Tam_312,train,False
Tam_d10_312_b_5.jpg,Tam,d10,312,b,5,Tam_312,train,False
Tam_d10_318_a_5.jpg,Tam,d10,318,a,5,Tam_318,train,False
Tam_d10_318_b_5.jpg,Tam,d10,318,b,5,Tam_318,train,False
Tam_d10_319_a_5.jpg,Tam,d10,319,a,5,Tam_319,train,False
Tam_d10_319_b_5.jpg,Tam,d10,319,b,5,Tam_319,train,False
Tam_d10_323_a_5.jpg,Tam,d10,323,a,5,Tam_323,train,False
Tam_d10_323_b_5.jpg,Tam,d10,323,b,5,Tam_323,train,False
Tam_d10_329_a_5.jpg,Tam,d10,329,a,5,Tam_329,train,False
Tam_d10_329_b_5.jpg,Tam,d10,329,b,5,Tam_329,train,False
Tam_d10_335_a_5.jpg,Tam,d10,335,a,5,Tam_335,nuevo,False
Tam_d10_335_b_5.jpg,Tam,d10,335,b,5,Tam_335,nuevo,False
Tam_d10_339_a_5.jpg,Tam,d10,339,a,5,Tam_339,test,False
Tam_d10_339_b_5.jpg,Tam,d10,339,b,5,Tam_339,test,False
Tam_d10_340_a_5.jpg,Tam,d10,340,a,5,Tam_340,val,True
Tam_d10_340_b_5.jpg,Tam,d10,340,b,5,Tam_340,val,False
Tam_d10_341_a_5.jpg,Tam,d10,341,a,5,Tam_341,val,False
Tam_d10_341_b_5.jpg,Tam,d10,341,b,5,Tam_341,val,False
Tam_d10_342_a_5.jpg,Tam,d10,342,a,5,Tam_342,train,False
Tam_d10_342_b_5.jpg,Tam,d10,342,b,5,Tam_342,train,False
Tam_d10_343_a_5.jpg,Tam,d10,343,a,5,Tam_343,train,False
Tam_d10_343_b_5.jpg,Tam,d10,343,b,5,Tam_343,train,False
Tam_d10_344_a_5.jpg,Tam,d10,344,a,5,Tam_344,test,False
Tam_d10_344_b_5.jpg,Tam,d10,344,b,5,Tam_344,test,True
Tam_d10_348_a_5.jpg,Tam,d10,348,a,5,Tam_348,train,False
Tam_d10_348_b_5.jpg,Tam,d10,348,b,5,Tam_348,train,False
Tam_d10_356_a_5.jpg,Tam,d10,356,a,5,Tam_356,train,False
Tam_d10_356_b_5.jpg,Tam,d10,356,b,5,Tam_356,train,False
Tam_d10_362_a_5.jpg,Tam,d10,362,a,5,Tam_362,test,False
Tam_d10_362_b_5.jpg,Tam,d10,362,b,5,Tam_362,test,False
Tam_d10_370_a_5.jpg,Tam,d10,370,a,5,Tam_370,train,False
Tam_d10_370_b_5.jpg,Tam,d10,370,b,5,Tam_370,train,False
Tam_d10_374_a_5.jpg,Tam,d10,374,a,5,Tam_374,test,False
Tam_d10_374_b_5.jpg,Tam,d10,374,b,5,Tam_374,test,False
Tam_d10_379_a_5.jpg,Tam,d10,379,a,5,Tam_379,train,True
Tam_d10_379_b_5.jpg,Tam,d10,379,b,5,Tam_379,train,False
Tam_d10_380_a_5.jpg,Tam,d10,380,a,5,Tam_380,train,False
Tam_d10_380_b_5.jpg,Tam,d10,380,b,5,Tam_380,train,False
Tam_d10_396_a_5.jpg,Tam,d10,396,a,5,Tam_396,test,False
Tam_d10_396_b_5.jpg,Tam,d10,396,b,5,Tam_396,test,False
Tam_d10_397_a_5.jpg,Tam,d10,397,a,5,Tam_397,val,False
Tam_d10_397_b_5.jpg,Tam,d10,397,b,5,Tam_397,val,False
Tam_d10_403_a_5.jpg,Tam,d10,403,a,5,Tam_403,val,False
Tam_d10_403_b_5.jpg,Tam,d10,403,b,5,Tam_403,val,False
Tam_d10_404_a_5.jpg,Tam,d10,404,a,5,Tam_404,train,False
Tam_d10_404_b_5.jpg,Tam,d10,404,b,5,Tam_404,train,True
Tam_d10_407_a_5.jpg,Tam,d10,407,a,5,Tam_407,val,False
Tam_d10_407_b_5.jpg,Tam,d10,407,b,5,Tam_407,val,False
Tam_d10_416_a_5.jpg,Tam,d10,416,a,5,Tam_416,test,False
Tam_d10_416_b_5.jpg,Tam,d10,416,b,5,Tam_416,test,False
Tam_d10_417_a_5.jpg,Tam,d10,417,a,5,Tam_417,train,False
Tam_d10_417_b_5.jpg,Tam,d10,417,b,5,Tam_417,train,True
Tam_d10_419_a_5.jpg,Tam,d10,419,a,5,Tam_419,train,False
Tam_d10_419_b_5.jpg,Tam,d10,419,b,5,Tam_419,train,False
Tam_d10_424_a_5.jpg,Tam,d10,424,a,5,Tam_424,val,False
Tam_d10_424_b_5.jpg,Tam,d10,424,b,5,Tam_424,val,False
Tam_d10_427_a_5.jpg,Tam,d10,427,a,5,Tam_427,train,False
Tam_d10_427_b_5.jpg,Tam,d10,427,b,5,Tam_427,train,False
Tam_d10_428_a_5.jpg,Tam,d10,428,a,5,Tam_428,val,False
Tam_d10_428_b_5.jpg,Tam,d10,428,b,5,Tam_428,val,False
Tam_d10_434_a_5.jpg,Tam,d10,434,a,5,Tam_434,train,False
Tam_d10_434_b_5.jpg,Tam,d10,434,b,5,Tam_434,train,False
Tam_d10_436_a_5.jpg,Tam,d10,436,a,5,Tam_436,train,False
Tam_d10_436_b_5.jpg,Tam,d10,436,b,5,Tam_436,train,False
Tam_d10_437_a_5.jpg,Tam,d10,437,a,5,Tam_437,nuevo,False
Tam_d10_437_b_5.jpg,Tam,d10,437,b,5,Tam_437,nuevo,False
Tam_d10_441_a_5.jpg,Tam,d10,441,a,5,Tam_441,train,False
Tam_d10_441_b_5.jpg,Tam,d10,441,b,5,Tam_441,train,False
Tam_d10_456_a_5.jpg,Tam,d10,456,a,5,Tam_456,nuevo,False
Tam_d10_456_b_5.jpg,Tam,d10,456,b,5,Tam_456,nuevo,False
Tam_d10_457_a_5.jpg,Tam,d10,457,a,5,Tam_457,train,False
Tam_d10_457_b_5.jpg,Tam,d10,457,b,5,Tam_457,train,False
Tam_d10_460_a_5.jpg,Tam,d10,460,a,5,Tam_460,nuevo,False
Tam_d10_460_b_5.jpg,Tam,d10,460,b,5,Tam_460,nuevo,False
Tam_d10_465_a_5.jpg,Tam,d10,465,a,5,Tam_465,nuevo,False
Tam_d10_465_b_5.jpg,Tam,d10,465,b,5,Tam_465,nuevo,False
Tam_d10_466_a_5.jpg,Tam,d10,466,a,5,Tam_466,nuevo,False
Tam_d10_466_b_5.jpg,Tam,d10,466,b,5,Tam_466,nuevo,False
Tam_d10_467_a_5.jpg,Tam,d10,467,a,5,Tam_467,train,False
Tam_d10_467_b_5.jpg,Tam,d10,467,b,5,Tam_467,train,False
Tam_d10_472_a_5.jpg,Tam,d10,472,a,5,Tam_472,test,False
Tam_d10_472_b_5.jpg,Tam,d10,472,b,5,Tam_472,test,True
Tam_d10_474_a_5.jpg,Tam,d10,474,a,5,Tam_474,val,False
Tam_d10_474_b_5.jpg,Tam,d10,474,b,5,Tam_474,val,False
Tam_d11_009_a_5.jpg,Tam,d11,009,a,5,Tam_009,train,False
Tam_d11_009_b_5.jpg,Tam,d11,009,b,5,Tam_009,train,False
Tam_d11_016_a_5.jpg,Tam,d11,016,a,5,Tam_016,nuevo,False
Tam_d11_016_b_5.jpg,Tam,d11,016,b,5,Tam_016,nuevo,False
Tam_d11_017_a_5.jpg,Tam,d11,017,a,5,Tam_017,nuevo,False
Tam_d11_017_b_5.jpg,Tam,d11,017,b,5,Tam_017,nuevo,False
Tam_d11_019_a_5.jpg,Tam,d11,019,a,5,Tam_019,val,False
Tam_d11_019_b_5.jpg,Tam,d11,019,b,5,Tam_019,val,False
Tam_d11_028_a_5.jpg,Tam,d11,028,a,5,Tam_028,train,False
Tam_d11_028_b_5.jpg,Tam,d11,028,b,5,Tam_028,train,False
Tam_d11_030_a_5.jpg,Tam,d11,030,a,5,Tam_030,nuevo,False
Tam_d11_030_b_5.jpg,Tam,d11,030,b,5,Tam_030,nuevo,False
Tam_d11_039_a_5.jpg,Tam,d11,039,a,5,Tam_039,train,False
Tam_d11_039_b_5.jpg,Tam,d11,039,b,5,Tam_039,train,False
Tam_d11_051_a_5.jpg,Tam,d11,051,a,5,Tam_051,train,False
Tam_d11_051_b_5.jpg,Tam,d11,051,b,5,Tam_051,train,True
Tam_d11_053_a_5.jpg,Tam,d11,053,a,5,Tam_053,train,False
Tam_d11_053_b_5.jpg,Tam,d11,053,b,5,Tam_053,train,False
Tam_d11_059_a_5.jpg,Tam,d11,059,a,5,Tam_059,train,False
Tam_d11_059_b_5.jpg,Tam,d11,059,b,5,Tam_059,train,False
Tam_d11_062_a_5.jpg,Tam,d11,062,a,5,Tam_062,val,False
Tam_d11_062_b_5.jpg,Tam,d11,062,b,5,Tam_062,val,False
Tam_d11_066_a_5.jpg,Tam,d11,066,a,5,Tam_066,nuevo,False
Tam_d11_066_b_5.jpg,Tam,d11,066,b,5,Tam_066,nuevo,False
Tam_d11_068_a_5.jpg,Tam,d11,068,a,5,Tam_068,val,False
Tam_d11_068_b_5.jpg,Tam,d11,068,b,5,Tam_068,val,False
Tam_d11_070_a_5.jpg,Tam,d11,070,a,5,Tam_070,val,True
Tam_d11_070_b_5.jpg,Tam,d11,070,b,5,Tam_070,val,False
Tam_d11_073_a_5.jpg,Tam,d11,073,a,5,Tam_073,val,False
Tam_d11_073_b_5.jpg,Tam,d11,073,b,5,Tam_073,val,False
Tam_d11_074_a_5.jpg,Tam,d11,074,a,5,Tam_074,train,True
Tam_d11_074_b_5.jpg,Tam,d11,074,b,5,Tam_074,train,False
Tam_d11_077_a_5.jpg,Tam,d11,077,a,5,Tam_077,nuevo,False
Tam_d11_077_b_5.jpg,Tam,d11,077,b,5,Tam_077,nuevo,False
Tam_d11_078_a_5.jpg,Tam,d11,078,a,5,Tam_078,test,False
Tam_d11_078_b_5.jpg,Tam,d11,078,b,5,Tam_078,test,False
Tam_d11_079_a_5.jpg,Tam,d11,079,a,5,Tam_079,val,False
Tam_d11_079_b_5.jpg,Tam,d11,079,b,5,Tam_079,val,False
Tam_d11_088_a_5.jpg,Tam,d11,088,a,5,Tam_088,val,False
Tam_d11_088_b_5.jpg,Tam,d11,088,b,5,Tam_088,val,False
Tam_d11_102_a_5.jpg,Tam,d11,102,a,5,Tam_102,train,False
Tam_d11_102_b_5.jpg,Tam,d11,102,b,5,Tam_102,train,False
Tam_d11_105_a_5.jpg,Tam,d11,105,a,5,Tam_105,train,False
Tam_d11_105_b_5.jpg,Tam,d11,105,b,5,Tam_105,train,False
Tam_d11_119_a_5.jpg,Tam,d11,119,a,5,Tam_119,train,False
Tam_d11_119_b_5.jpg,Tam,d11,119,b,5,Tam_119,train,False
Tam_d11_121_a_5.jpg,Tam,d11,121,a,5,Tam_121,train,False
Tam_d11_121_b_5.jpg,Tam,d11,121,b,5,Tam_121,train,False
Tam_d11_124_a_5.jpg,Tam,d11,124,a,5,Tam_124,train,False
Tam_d11_124_b_5.jpg,Tam,d11,124,b,5,Tam_124,train,True
Tam_d11_126_a_5.jpg,Tam,d11,126,a,5,Tam_126,test,False
Tam_d11_126_b_5.jpg,Tam,d11,126,b,5,Tam_126,test,True
Tam_d11_134_a_5.jpg,Tam,d11,134,a,5,Tam_134,nuevo,False
Tam_d11_134_b_5.jpg,Tam,d11,134,b,5,Tam_134,nuevo,False
Tam_d11_135_a_5.jpg,Tam,d11,135,a,5,Tam_135,test,False
Tam_d11_135_b_5.jpg,Tam,d11,135,b,5,Tam_135,test,False
Tam_d11_139_a_5.jpg,Tam,d11,139,a,5,Tam_139,nuevo,False
Tam_d11_139_b_5.jpg,Tam,d11,139,b,5,Tam_139,nuevo,False
Tam_d11_140_a_5.jpg,Tam,d11,140,a,5,Tam_140,test,False
Tam_d11_140_b_5.jpg,Tam,d11,140,b,5,Tam_140,test,False
Tam_d11_142_a_5.jpg,Tam,d11,142,a,5,Tam_142,train,False
Tam_d11_142_b_5.jpg,Tam,d11,142,b,5,Tam_142,train,False
Tam_d11_144_a_5.jpg,Tam,d11,144,a,5,Tam_144,train,False
Tam_d11_144_b_5.jpg,Tam,d11,144,b,5,Tam_144,train,False
Tam_d11_147_a_5.jpg,Tam,d11,147,a,5,Tam_147,train,False
Tam_d11_147_b_5.jpg,Tam,d11,147,b,5,Tam_147,train,False
Tam_d11_154_a_5.jpg,Tam,d11,154,a,5,Tam_154,train,False
Tam_d11_154_b_5.jpg,Tam,d11,154,b,5,Tam_154,train,False
Tam_d11_157_a_5.jpg,Tam,d11,157,a,5,Tam_157,train,False
Tam_d11_157_b_5.jpg,Tam,d11,157,b,5,Tam_157,train,False
Tam_d11_159_a_5.jpg,Tam,d11,159,a,5,Tam_159,train,False
Tam_d11_159_b_5.jpg,Tam,d11,159,b,5,Tam_159,train,False
Tam_d11_160_a_5.jpg,Tam,d11,160,a,5,Tam_160,train,False
Tam_d11_160_b_5.jpg,Tam,d11,160,b,5,Tam_160,train,False
Tam_d11_164_a_5.jpg,Tam,d11,164,a,5,Tam_164,test,False
Tam_d11_164_b_5.jpg,Tam,d11,164,b,5,Tam_164,test,False
Tam_d11_169_a_5.jpg,Tam,d11,169,a,5,Tam_169,train,False
Tam_d11_169_b_5.jpg,Tam,d11,169,b,5,Tam_169,train,False
Tam_d11_171_a_5.jpg,Tam,d11,171,a,5,Tam_171,train,False
Tam_d11_171_b_5.jpg,Tam,d11,171,b,5,Tam_171,train,False
Tam_d11_173_a_5.jpg,Tam,d11,173,a,5,Tam_173,val,False
Tam_d11_173_b_5.jpg,Tam,d11,173,b,5,Tam_173,val,False
Tam_d11_175_a_5.jpg,Tam,d11,175,a,5,Tam_175,val,False
Tam_d11_175_b_5.jpg,Tam,d11,175,b,5,Tam_175,val,False
Tam_d11_179_a_5.jpg,Tam,d11,179,a,5,Tam_179,train,False
Tam_d11_179_b_5.jpg,Tam,d11,179,b,5,Tam_179,train,True
Tam_d11_182_a_5.jpg,Tam,d11,182,a,5,Tam_182,train,False
Tam_d11_182_b_5.jpg,Tam,d11,182,b,5,Tam_182,train,False
Tam_d11_184_a_5.jpg,Tam,d11,184,a,5,Tam_184,val,False
Tam_d11_184_b_5.jpg,Tam,d11,184,b,5,Tam_184,val,False
Tam_d11_189_a_5.jpg,Tam,d11,189,a,5,Tam_189,train,False
Tam_d11_189_b_5.jpg,Tam,d11,189,b,5,Tam_189,train,False
Tam_d11_191_a_5.jpg,Tam,d11,191,a,5,Tam_191,train,False
Tam_d11_191_b_5.jpg,Tam,d11,191,b,5,Tam_191,train,False
Tam_d11_195_a_5.jpg,Tam,d11,195,a,5,Tam_195,train,False
Tam_d11_195_b_5.jpg,Tam,d11,195,b,5,Tam_195,train,False
Tam_d11_197_a_5.jpg,Tam,d11,197,a,5,Tam_197,val,False
Tam_d11_197_b_5.jpg,Tam,d11,197,b,5,Tam_197,val,False
Tam_d11_198_a_5.jpg,Tam,d11,198,a,5,Tam_198,train,False
Tam_d11_198_b_5.jpg,Tam,d11,198,b,5,Tam_198,train,False
Tam_d11_200_a_5.jpg,Tam,d11,200,a,5,Tam_200,train,False
Tam_d11_200_b_5.jpg,Tam,d11,200,b,5,Tam_200,train,False
Tam_d11_201_a_5.jpg,Tam,d11,201,a,5,Tam_201,val,False
Tam_d11_201_b_5.jpg,Tam,d11,201,b,5,Tam_201,val,False
Tam_d11_203_a_5.jpg,Tam,d11,203,a,5,Tam_203,nuevo,False
Tam_d11_203_b_5.jpg,Tam,d11,203,b,5,Tam_203,nuevo,False
Tam_d11_205_a_5.jpg,Tam,d11,205,a,5,Tam_205,train,False
Tam_d11_205_b_5.jpg,Tam,d11,205,b,5,Tam_205,train,False
Tam_d11_208_a_5.jpg,Tam,d11,208,a,5,Tam_208,train,False
Tam_d11_208_b_5.jpg,Tam,d11,208,b,5,Tam_208,train,False
Tam_d11_209_a_5.jpg,Tam,d11,209,a,5,Tam_209,test,False
Tam_d11_209_b_5.jpg,Tam,d11,209,b,5,Tam_209,test,False
Tam_d11_210_a_5.jpg,Tam,d11,210,a,5,Tam_210,train,False
Tam_d11_210_b_5.jpg,Tam,d11,210,b,5,Tam_210,train,False
Tam_d11_218_a_5.jpg,Tam,d11,218,a,5,Tam_218,train,False
Tam_d11_218_b_5.jpg,Tam,d11,218,b,5,Tam_218,train,True
Tam_d11_230_a_5.jpg,Tam,d11,230,a,5,Tam_230,val,False
Tam_d11_230_b_5.jpg,Tam,d11,230,b,5,Tam_230,val,False
Tam_d11_231_a_5.jpg,Tam,d11,231,a,5,Tam_231,test,False
Tam_d11_231_b_5.jpg,Tam,d11,231,b,5,Tam_231,test,True
Tam_d11_238_a_5.jpg,Tam,d11,238,a,5,Tam_238,test,False
Tam_d11_238_b_5.jpg,Tam,d11,238,b,5,Tam_238,test,False
Tam_d11_241_a_5.jpg,Tam,d11,241,a,5,Tam_241,train,False
Tam_d11_241_b_5.jpg,Tam,d11,241,b,5,Tam_241,train,False
Tam_d11_242_a_5.jpg,Tam,d11,242,a,5,Tam_242,train,False
Tam_d11_242_b_5.jpg,Tam,d11,242,b,5,Tam_242,train,False
Tam_d11_246_a_5.jpg,Tam,d11,246,a,5,Tam_246,nuevo,False
Tam_d11_246_b_5.jpg,Tam,d11,246,b,5,Tam_246,nuevo,False
Tam_d11_247_a_5.jpg,Tam,d11,247,a,5,Tam_247,train,False
Tam_d11_247_b_5.jpg,Tam,d11,247,b,5,Tam_247,train,False
Tam_d11_248_a_5.jpg,Tam,d11,248,a,5,Tam_248,train,False
Tam_d11_248_b_5.jpg,Tam,d11,248,b,5,Tam_248,train,True
Tam_d11_251_a_5.jpg,Tam,d11,251,a,5,Tam_251,train,False
Tam_d11_251_b_5.jpg,Tam,d11,251,b,5,Tam_251,train,False
Tam_d11_257_a_5.jpg,Tam,d11,257,a,5,Tam_257,train,False
Tam_d11_257_b_5.jpg,Tam,d11,257,b,5,Tam_257,train,False
Tam_d11_261_a_5.jpg,Tam,d11,261,a,5,Tam_261,train,False
Tam_d11_261_b_5.jpg,Tam,d11,261,b,5,Tam_261,train,True
Tam_d11_264_a_5.jpg,Tam,d11,264,a,5,Tam_264,nuevo,False
Tam_d11_264_b_5.jpg,Tam,d11,264,b,5,Tam_264,nuevo,False
Tam_d11_270_a_5.jpg,Tam,d11,270,a,5,Tam_270,train,False
Tam_d11_270_b_5.jpg,Tam,d11,270,b,5,Tam_270,train,False
Tam_d11_273_a_5.jpg,Tam,d11,273,a,5,Tam_273,train,False
Tam_d11_273_b_5.jpg,Tam,d11,273,b,5,Tam_273,train,False
Tam_d11_278_a_5.jpg,Tam,d11,278,a,5,Tam_278,train,False
Tam_d11_278_b_5.jpg,Tam,d11,278,b,5,Tam_278,train,False
Tam_d11_280_a_5.jpg,Tam,d11,280,a,5,Tam_280,train,False
Tam_d11_280_b_5.jpg,Tam,d11,280,b,5,Tam_280,train,True
Tam_d11_281_a_5.jpg,Tam,d11,281,a,5,Tam_281,test,False
Tam_d11_281_b_5.jpg,Tam,d11,281,b,5,Tam_281,test,False
Tam_d11_285_a_5.jpg,Tam,d11,285,a,5,Tam_285,train,False
Tam_d11_285_b_5.jpg,Tam,d11,285,b,5,Tam_285,train,False
Tam_d11_286_a_5.jpg,Tam,d11,286,a,5,Tam_286,nuevo,False
Tam_d11_286_b_5.jpg,Tam,d11,286,b,5,Tam_286,nuevo,False
Tam_d11_297_a_5.jpg,Tam,d11,297,a,5,Tam_297,train,True
Tam_d11_297_b_5.jpg,Tam,d11,297,b,5,Tam_297,train,False
Tam_d11_299_a_5.jpg,Tam,d11,299,a,5,Tam_299,train,False
Tam_d11_299_b_5.jpg,Tam,d11,299,b,5,Tam_299,train,False
Tam_d11_301_a_5.jpg,Tam,d11,301,a,5,Tam_301,val,False
Tam_d11_301_b_5.jpg,Tam,d11,301,b,5,Tam_301,val,False
Tam_d11_302_a_5.jpg,Tam,d11,302,a,5,Tam_302,train,False
Tam_d11_302_b_5.jpg,Tam,d11,302,b,5,Tam_302,train,False
Tam_d11_303_a_5.jpg,Tam,d11,303,a,5,Tam_303,train,False
Tam_d11_303_b_5.jpg,Tam,d11,303,b,5,Tam_303,train,False
Tam_d11_307_a_5.jpg,Tam,d11,307,a,5,Tam_307,train,False
Tam_d11_307_b_5.jpg,Tam,d11,307,b,5,Tam_307,train,False
Tam_d11_308_a_5.jpg,Tam,d11,308,a,5,Tam_308,train,False
Tam_d11_308_b_5.jpg,Tam,d11,308,b,5,Tam_308,train,False
Tam_d11_312_a_5.jpg,Tam,d11,312,a,5,Tam_312,train,False
Tam_d11_312_b_5.jpg,Tam,d11,312,b,5,Tam_312,train,False
Tam_d11_318_a_5.jpg,Tam,d11,318,a,5,Tam_318,train,False
Tam_d11_318_b_5.jpg,Tam,d11,318,b,5,Tam_318,train,True
Tam_d11_319_a_5.jpg,Tam,d11,319,a,5,Tam_319,train,False
Tam_d11_319_b_5.jpg,Tam,d11,319,b,5,Tam_319,train,False
Tam_d11_323_a_5.jpg,Tam,d11,323,a,5,Tam_323,train,False
Tam_d11_323_b_5.jpg,Tam,d11,323,b,5,Tam_323,train,False
Tam_d11_329_a_5.jpg,Tam,d11,329,a,5,Tam_329,train,False
Tam_d11_329_b_5.jpg,Tam,d11,329,b,5,Tam_329,train,False
Tam_d11_335_a_5.jpg,Tam,d11,335,a,5,Tam_335,nuevo,False
Tam_d11_335_b_5.jpg,Tam,d11,335,b,5,Tam_335,nuevo,False
Tam_d11_339_a_5.jpg,Tam,d11,339,a,5,Tam_339,test,False
Tam_d11_339_b_5.jpg,Tam,d11,339,b,5,Tam_339,test,True
Tam_d11_340_a_5.jpg,Tam,d11,340,a,5,Tam_340,val,False
Tam_d11_340_b_5.jpg,Tam,d11,340,b,5,Tam_340,val,False
Tam_d11_341_a_5.jpg,Tam,d11,341,a,5,Tam_341,val,False
Tam_d11_341_b_5.jpg,Tam,d11,341,b,5,Tam_341,val,False
Tam_d11_342_a_5.jpg,Tam,d11,342,a,5,Tam_342,train,False
Tam_d11_342_b_5.jpg,Tam,d11,342,b,5,Tam_342,train,False
Tam_d11_343_a_5.jpg,Tam,d11,343,a,5,Tam_343,train,False
Tam_d11_343_b_5.jpg,Tam,d11,343,b,5,Tam_343,train,False
Tam_d11_344_a_5.jpg,Tam,d11,344,a,5,Tam_344,test,False
Tam_d11_344_b_5.jpg,Tam,d11,344,b,5,Tam_344,test,False
Tam_d11_348_a_5.jpg,Tam,d11,348,a,5,Tam_348,train,False
Tam_d11_348_b_5.jpg,Tam,d11,348,b,5,Tam_348,train,False
Tam_d11_356_a_5.jpg,Tam,d11,356,a,5,Tam_356,train,False
Tam_d11_356_b_5.jpg,Tam,d11,356,b,5,Tam_356,train,False
Tam_d11_362_a_5.jpg,Tam,d11,362,a,5,Tam_362,test,True
Tam_d11_362_b_5.jpg,Tam,d11,362,b,5,Tam_362,test,False
Tam_d11_370_a_5.jpg,Tam,d11,370,a,5,Tam_370,train,False
Tam_d11_370_b_5.jpg,Tam,d11,370,b,5,Tam_370,train,False
Tam_d11_374_a_5.jpg,Tam,d11,374,a,5,Tam_374,test,False
Tam_d11_374_b_5.jpg,Tam,d11,374,b,5,Tam_374,test,False
Tam_d11_379_a_5.jpg,Tam,d11,379,a,5,Tam_379,train,True
Tam_d11_379_b_5.jpg,Tam,d11,379,b,5,Tam_379,train,False
Tam_d11_380_a_5.jpg,Tam,d11,380,a,5,Tam_380,train,False
Tam_d11_380_b_5.jpg,Tam,d11,380,b,5,Tam_380,train,False
Tam_d11_396_a_5.jpg,Tam,d11,396,a,5,Tam_396,test,False
Tam_d11_396_b_5.jpg,Tam,d11,396,b,5,Tam_396,test,False
Tam_d11_397_a_5.jpg,Tam,d11,397,a,5,Tam_397,val,False
Tam_d11_397_b_5.jpg,Tam,d11,397,b,5,Tam_397,val,False
Tam_d11_403_a_5.jpg,Tam,d11,403,a,5,Tam_403,val,False
Tam_d11_403_b_5.jpg,Tam,d11,403,b,5,Tam_403,val,False
Tam_d11_404_a_5.jpg,Tam,d11,404,a,5,Tam_404,train,False
Tam_d11_404_b_5.jpg,Tam,d11,404,b,5,Tam_404,train,False
Tam_d11_407_a_5.jpg,Tam,d11,407,a,5,Tam_407,val,False
Tam_d11_407_b_5.jpg,Tam,d11,407,b,5,Tam_407,val,False
Tam_d11_416_a_5.jpg,Tam,d11,416,a,5,Tam_416,test,False
Tam_d11_416_b_5.jpg,Tam,d11,416,b,5,Tam_416,test,False
Tam_d11_417_a_5.jpg,Tam,d11,417,a,5,Tam_417,train,True
Tam_d11_417_b_5.jpg,Tam,d11,417,b,5,Tam_417,train,False
Tam_d11_419_a_5.jpg,Tam,d11,419,a,5,Tam_419,train,False
Tam_d11_419_b_5.jpg,Tam,d11,419,b,5,Tam_419,train,False
Tam_d11_424_a_5.jpg,Tam,d11,424,a,5,Tam_424,val,False
Tam_d11_424_b_5.jpg,Tam,d11,424,b,5,Tam_424,val,False
Tam_d11_427_a_5.jpg,Tam,d11,427,a,5,Tam_427,train,False
Tam_d11_427_b_5.jpg,Tam,d11,427,b,5,Tam_427,train,False
Tam_d11_428_a_5.jpg,Tam,d11,428,a,5,Tam_428,val,False
Tam_d11_428_b_5.jpg,Tam,d11,428,b,5,Tam_428,val,True
Tam_d11_434_a_5.jpg,Tam,d11,434,a,5,Tam_434,train,False
Tam_d11_434_b_5.jpg,Tam,d11,434,b,5,Tam_434,train,False
Tam_d11_436_a_5.jpg,Tam,d11,436,a,5,Tam_436,train,True
Tam_d11_436_b_5.jpg,Tam,d11,436,b,5,Tam_436,train,False
Tam_d11_437_a_5.jpg,Tam,d11,437,a,5,Tam_437,nuevo,False
Tam_d11_437_b_5.jpg,Tam,d11,437,b,5,Tam_437,nuevo,False
Tam_d11_441_a_5.jpg,Tam,d11,441,a,5,Tam_441,train,False
Tam_d11_441_b_5.jpg,Tam,d11,441,b,5,Tam_441,train,False
Tam_d11_456_a_5.jpg,Tam,d11,456,a,5,Tam_456,nuevo,False
Tam_d11_456_b_5.jpg,Tam,d11,456,b,5,Tam_456,nuevo,False
Tam_d11_457_a_5.jpg,Tam,d11,457,a,5,Tam_457,train,False
Tam_d11_457_b_5.jpg,Tam,d11,457,b,5,Tam_457,train,False
Tam_d11_460_a_5.jpg,Tam,d11,460,a,5,Tam_460,nuevo,False
Tam_d11_460_b_5.jpg,Tam,d11,460,b,5,Tam_460,nuevo,False
Tam_d11_465_a_5.jpg,Tam,d11,465,a,5,Tam_465,nuevo,False
Tam_d11_465_b_5.jpg,Tam,d11,465,b,5,Tam_465,nuevo,False
Tam_d11_466_a_5.jpg,Tam,d11,466,a,5,Tam_466,nuevo,False
Tam_d11_466_b_5.jpg,Tam,d11,466,b,5,Tam_466,nuevo,False
Tam_d11_467_a_5.jpg,Tam,d11,467,a,5,Tam_467,train,False
Tam_d11_467_b_5.jpg,Tam,d11,467,b,5,Tam_467,train,False
Tam_d11_472_a_5.jpg,Tam,d11,472,a,5,Tam_472,test,False
Tam_d11_472_b_5.jpg,Tam,d11,472,b,5,Tam_472,test,False
Tam_d11_474_a_5.jpg,Tam,d11,474,a,5,Tam_474,val,False
Tam_d11_474_b_5.jpg,Tam,d11,474,b,5,Tam_474,val,False
