archivo,fruto,madurez,split,fruto_nuevo,anotacion_humana
T10_d01_002_a_1.jpg,T10_002,1,train,False,False
T10_d01_002_b_1.jpg,T10_002,1,train,False,False
T10_d01_003_a_1.jpg,T10_003,1,train,False,False
T10_d01_003_b_1.jpg,T10_003,1,train,False,False
T10_d01_007_a_1.jpg,T10_007,1,train,False,False
T10_d01_007_b_1.jpg,T10_007,1,train,False,False
T10_d01_011_a_1.jpg,T10_011,1,train,False,False
T10_d01_011_b_1.jpg,T10_011,1,train,False,False
T10_d01_012_a_1.jpg,T10_012,1,val,False,False
T10_d01_012_b_1.jpg,T10_012,1,val,False,False
T10_d01_013_a_1.jpg,T10_013,1,train,False,False
T10_d01_013_b_1.jpg,T10_013,1,train,False,False
T10_d01_014_a_1.jpg,T10_014,1,val,False,False
T10_d01_014_b_1.jpg,T10_014,1,val,False,False
T10_d01_015_a_1.jpg,T10_015,1,test,False,False
T10_d01_015_b_1.jpg,T10_015,1,test,False,False
T10_d01_018_a_1.jpg,T10_018,1,val,False,False
T10_d01_018_b_1.jpg,T10_018,1,val,False,False
T10_d01_021_a_1.jpg,T10_021,1,train,False,False
T10_d01_021_b_1.jpg,T10_021,1,train,False,False
T10_d01_022_a_1.jpg,T10_022,1,train,False,False
T10_d01_022_b_1.jpg,T10_022,1,train,False,False
T10_d01_026_a_1.jpg,T10_026,1,train,False,False
T10_d01_026_b_1.jpg,T10_026,1,train,False,False
T10_d01_027_a_1.jpg,T10_027,1,train,False,False
T10_d01_027_b_1.jpg,T10_027,1,train,False,False
T10_d01_033_a_1.jpg,T10_033,1,val,False,True
T10_d01_033_b_1.jpg,T10_033,1,val,False,True
T10_d01_034_a_1.jpg,T10_034,1,train,False,False
T10_d01_034_b_1.jpg,T10_034,1,train,False,False
T10_d01_035_a_1.jpg,T10_035,1,val,False,False
T10_d01_035_b_1.jpg,T10_035,1,val,False,False
T10_d01_037_a_1.jpg,T10_037,1,train,True,False
T10_d01_037_b_1.jpg,T10_037,1,train,True,False
T10_d01_038_a_1.jpg,T10_038,1,val,False,False
T10_d01_038_b_1.jpg,T10_038,1,val,False,False
T10_d01_041_a_1.jpg,T10_041,1,val,False,False
T10_d01_041_b_1.jpg,T10_041,1,val,False,False
T10_d01_044_a_1.jpg,T10_044,1,val,True,False
T10_d01_044_b_1.jpg,T10_044,1,val,True,False
T10_d01_045_a_1.jpg,T10_045,1,train,True,False
T10_d01_045_b_1.jpg,T10_045,1,train,True,False
T10_d01_046_a_1.jpg,T10_046,1,train,False,False
T10_d01_046_b_1.jpg,T10_046,1,train,False,False
T10_d01_047_a_1.jpg,T10_047,1,train,False,False
T10_d01_047_b_1.jpg,T10_047,1,train,False,False
T10_d01_048_a_1.jpg,T10_048,1,train,False,False
T10_d01_048_b_1.jpg,T10_048,1,train,False,False
T10_d01_054_a_1.jpg,T10_054,1,train,False,False
T10_d01_054_b_1.jpg,T10_054,1,train,False,False
T10_d01_055_a_1.jpg,T10_055,1,train,False,False
T10_d01_055_b_1.jpg,T10_055,1,train,False,False
T10_d01_058_a_1.jpg,T10_058,1,val,False,False
T10_d01_058_b_1.jpg,T10_058,1,val,False,False
T10_d01_061_a_1.jpg,T10_061,1,train,False,False
T10_d01_061_b_1.jpg,T10_061,1,train,False,False
T10_d01_065_a_1.jpg,T10_065,1,val,False,False
T10_d01_065_b_1.jpg,T10_065,1,val,False,False
T10_d01_067_a_1.jpg,T10_067,1,train,False,False
T10_d01_067_b_1.jpg,T10_067,1,train,False,False
T10_d01_069_a_1.jpg,T10_069,1,train,False,False
T10_d01_069_b_1.jpg,T10_069,1,train,False,False
T10_d01_072_a_1.jpg,T10_072,1,val,False,False
T10_d01_072_b_1.jpg,T10_072,1,val,False,False
T10_d01_080_a_1.jpg,T10_080,1,val,False,False
T10_d01_080_b_1.jpg,T10_080,1,val,False,False
T10_d01_083_a_1.jpg,T10_083,1,train,False,False
T10_d01_083_b_1.jpg,T10_083,1,train,False,False
T10_d01_087_a_1.jpg,T10_087,1,val,False,False
T10_d01_087_b_1.jpg,T10_087,1,val,False,False
T10_d01_089_a_1.jpg,T10_089,1,train,False,False
T10_d01_089_b_1.jpg,T10_089,1,train,False,False
T10_d01_092_a_1.jpg,T10_092,1,test,False,False
T10_d01_092_b_1.jpg,T10_092,1,test,False,False
T10_d01_093_a_1.jpg,T10_093,1,train,False,False
T10_d01_093_b_1.jpg,T10_093,1,train,False,False
T10_d01_094_a_1.jpg,T10_094,1,train,False,False
T10_d01_094_b_1.jpg,T10_094,1,train,False,False
T10_d01_096_a_1.jpg,T10_096,1,train,False,False
T10_d01_096_b_1.jpg,T10_096,1,train,False,False
T10_d01_097_a_1.jpg,T10_097,1,train,False,False
T10_d01_097_b_1.jpg,T10_097,1,train,False,False
T10_d01_098_a_1.jpg,T10_098,1,train,False,False
T10_d01_098_b_1.jpg,T10_098,1,train,False,False
T10_d01_099_a_1.jpg,T10_099,1,train,False,False
T10_d01_099_b_1.jpg,T10_099,1,train,False,False
T10_d01_100_a_1.jpg,T10_100,1,test,False,False
T10_d01_100_b_1.jpg,T10_100,1,test,False,False
T10_d01_104_a_1.jpg,T10_104,1,val,True,False
T10_d01_104_b_1.jpg,T10_104,1,val,True,False
T10_d01_108_a_1.jpg,T10_108,1,train,False,False
T10_d01_108_b_1.jpg,T10_108,1,train,False,False
T10_d01_109_a_1.jpg,T10_109,1,train,True,False
T10_d01_109_b_1.jpg,T10_109,1,train,True,False
T10_d01_110_a_1.jpg,T10_110,1,train,False,False
T10_d01_110_b_1.jpg,T10_110,1,train,False,False
T10_d01_111_a_1.jpg,T10_111,1,val,False,False
T10_d01_111_b_1.jpg,T10_111,1,val,False,False
T10_d01_113_a_1.jpg,T10_113,1,train,False,False
T10_d01_113_b_1.jpg,T10_113,1,train,False,False
T10_d01_118_a_1.jpg,T10_118,1,train,False,False
T10_d01_118_b_1.jpg,T10_118,1,train,False,False
T10_d01_120_a_1.jpg,T10_120,1,train,False,True
T10_d01_120_b_1.jpg,T10_120,1,train,False,False
T10_d01_122_a_1.jpg,T10_122,1,train,False,True
T10_d01_122_b_1.jpg,T10_122,1,train,False,False
T10_d01_125_a_1.jpg,T10_125,1,train,False,False
T10_d01_125_b_1.jpg,T10_125,1,train,False,False
T10_d01_128_a_1.jpg,T10_128,1,train,False,True
T10_d01_128_b_1.jpg,T10_128,1,train,False,False
T10_d01_129_a_1.jpg,T10_129,1,train,False,False
T10_d01_129_b_1.jpg,T10_129,1,train,False,True
T10_d01_130_a_1.jpg,T10_130,1,train,False,False
T10_d01_130_b_1.jpg,T10_130,1,train,False,False
T10_d01_131_a_1.jpg,T10_131,1,train,False,False
T10_d01_131_b_1.jpg,T10_131,1,train,False,False
T10_d01_133_a_1.jpg,T10_133,1,train,False,False
T10_d01_133_b_1.jpg,T10_133,1,train,False,False
T10_d01_136_a_1.jpg,T10_136,1,val,False,False
T10_d01_136_b_1.jpg,T10_136,1,val,False,False
T10_d01_138_a_1.jpg,T10_138,1,train,False,False
T10_d01_138_b_1.jpg,T10_138,1,train,False,False
T10_d01_145_a_1.jpg,T10_145,1,train,False,True
T10_d01_145_b_1.jpg,T10_145,1,train,False,False
T10_d01_148_a_1.jpg,T10_148,1,train,True,False
T10_d01_148_b_1.jpg,T10_148,1,train,True,False
T10_d01_149_a_1.jpg,T10_149,1,train,False,False
T10_d01_149_b_1.jpg,T10_149,1,train,False,False
T10_d01_152_a_1.jpg,T10_152,1,train,False,False
T10_d01_152_b_1.jpg,T10_152,1,train,False,False
T10_d01_156_a_1.jpg,T10_156,1,train,False,True
T10_d01_156_b_1.jpg,T10_156,1,train,False,False
T10_d01_162_a_1.jpg,T10_162,1,test,False,False
T10_d01_162_b_1.jpg,T10_162,1,test,False,False
T10_d01_163_a_1.jpg,T10_163,1,train,False,False
T10_d01_163_b_1.jpg,T10_163,1,train,False,True
T10_d01_165_a_1.jpg,T10_165,1,train,False,True
T10_d01_165_b_1.jpg,T10_165,1,train,False,False
T10_d01_166_a_1.jpg,T10_166,1,train,False,False
T10_d01_166_b_1.jpg,T10_166,1,train,False,False
T10_d01_167_a_1.jpg,T10_167,1,train,False,False
T10_d01_167_b_1.jpg,T10_167,1,train,False,False
T10_d01_168_a_1.jpg,T10_168,1,train,False,False
T10_d01_168_b_1.jpg,T10_168,1,train,False,False
T10_d01_172_a_1.jpg,T10_172,1,train,False,False
T10_d01_172_b_1.jpg,T10_172,1,train,False,False
T10_d01_180_a_1.jpg,T10_180,1,train,True,False
T10_d01_180_b_1.jpg,T10_180,1,train,True,False
T10_d01_181_a_1.jpg,T10_181,1,train,False,False
T10_d01_181_b_1.jpg,T10_181,1,train,False,False
T10_d01_186_a_1.jpg,T10_186,1,val,False,False
T10_d01_186_b_1.jpg,T10_186,1,val,False,False
T10_d01_193_a_1.jpg,T10_193,1,train,False,False
T10_d01_193_b_1.jpg,T10_193,1,train,False,False
T10_d01_194_a_1.jpg,T10_194,1,train,False,False
T10_d01_194_b_1.jpg,T10_194,1,train,False,False
T10_d01_196_a_1.jpg,T10_196,1,train,False,False
T10_d01_196_b_1.jpg,T10_196,1,train,False,False
T10_d01_202_a_1.jpg,T10_202,1,train,False,False
T10_d01_202_b_1.jpg,T10_202,1,train,False,False
T10_d01_204_a_1.jpg,T10_204,1,train,False,False
T10_d01_204_b_1.jpg,T10_204,1,train,False,False
T10_d01_206_a_1.jpg,T10_206,1,train,False,False
T10_d01_206_b_1.jpg,T10_206,1,train,False,False
T10_d01_211_a_1.jpg,T10_211,1,train,False,False
T10_d01_211_b_1.jpg,T10_211,1,train,False,False
T10_d01_213_a_1.jpg,T10_213,1,train,False,False
T10_d01_213_b_1.jpg,T10_213,1,train,False,False
T10_d01_215_a_1.jpg,T10_215,1,train,False,False
T10_d01_215_b_1.jpg,T10_215,1,train,False,False
T10_d01_217_a_1.jpg,T10_217,1,train,False,False
T10_d01_217_b_1.jpg,T10_217,1,train,False,False
T10_d01_219_a_1.jpg,T10_219,1,test,False,False
T10_d01_219_b_1.jpg,T10_219,1,test,False,False
T10_d01_220_a_1.jpg,T10_220,1,val,False,False
T10_d01_220_b_1.jpg,T10_220,1,val,False,False
T10_d01_221_a_1.jpg,T10_221,1,train,False,False
T10_d01_221_b_1.jpg,T10_221,1,train,False,True
T10_d01_223_a_1.jpg,T10_223,1,train,False,False
T10_d01_223_b_1.jpg,T10_223,1,train,False,False
T10_d01_227_a_1.jpg,T10_227,1,train,False,False
T10_d01_227_b_1.jpg,T10_227,1,train,False,False
T10_d01_229_a_1.jpg,T10_229,1,train,False,False
T10_d01_229_b_1.jpg,T10_229,1,train,False,False
T10_d01_233_a_1.jpg,T10_233,1,train,False,False
T10_d01_233_b_1.jpg,T10_233,1,train,False,False
T10_d01_234_a_1.jpg,T10_234,1,train,False,False
T10_d01_234_b_1.jpg,T10_234,1,train,False,True
T10_d01_236_a_1.jpg,T10_236,1,train,False,False
T10_d01_236_b_1.jpg,T10_236,1,train,False,False
T10_d01_237_a_1.jpg,T10_237,1,train,False,False
T10_d01_237_b_1.jpg,T10_237,1,train,False,False
T10_d01_243_a_1.jpg,T10_243,1,train,False,False
T10_d01_243_b_1.jpg,T10_243,1,train,False,False
T10_d01_245_a_1.jpg,T10_245,1,train,False,True
T10_d01_245_b_1.jpg,T10_245,1,train,False,False
T10_d01_250_a_1.jpg,T10_250,1,train,False,False
T10_d01_250_b_1.jpg,T10_250,1,train,False,False
T10_d01_252_a_1.jpg,T10_252,1,train,False,False
T10_d01_252_b_1.jpg,T10_252,1,train,False,False
T10_d01_253_a_1.jpg,T10_253,1,val,False,False
T10_d01_253_b_1.jpg,T10_253,1,val,False,False
T10_d01_254_a_1.jpg,T10_254,1,val,False,False
T10_d01_254_b_1.jpg,T10_254,1,val,False,False
T10_d01_262_a_1.jpg,T10_262,1,train,False,False
T10_d01_262_b_1.jpg,T10_262,1,train,False,False
T10_d01_266_a_1.jpg,T10_266,1,train,False,False
T10_d01_266_b_1.jpg,T10_266,1,train,False,False
T10_d01_269_a_1.jpg,T10_269,1,train,False,False
T10_d01_269_b_1.jpg,T10_269,1,train,False,False
T10_d01_274_a_1.jpg,T10_274,1,train,True,False
T10_d01_274_b_1.jpg,T10_274,1,train,True,False
T10_d01_275_a_1.jpg,T10_275,1,test,False,False
T10_d01_275_b_1.jpg,T10_275,1,test,False,False
T10_d01_276_a_1.jpg,T10_276,1,train,False,False
T10_d01_276_b_1.jpg,T10_276,1,train,False,False
T10_d01_282_a_1.jpg,T10_282,1,train,False,False
T10_d01_282_b_1.jpg,T10_282,1,train,False,False
T10_d01_283_a_1.jpg,T10_283,1,train,False,False
T10_d01_283_b_1.jpg,T10_283,1,train,False,False
T10_d01_284_a_1.jpg,T10_284,1,train,False,False
T10_d01_284_b_1.jpg,T10_284,1,train,False,False
T10_d01_290_a_1.jpg,T10_290,1,train,False,False
T10_d01_290_b_1.jpg,T10_290,1,train,False,False
T10_d01_292_a_1.jpg,T10_292,1,val,False,False
T10_d01_292_b_1.jpg,T10_292,1,val,False,False
T10_d01_294_a_1.jpg,T10_294,1,train,False,False
T10_d01_294_b_1.jpg,T10_294,1,train,False,False
T10_d01_295_a_1.jpg,T10_295,1,train,False,False
T10_d01_295_b_1.jpg,T10_295,1,train,False,False
T10_d01_296_a_1.jpg,T10_296,1,train,False,False
T10_d01_296_b_1.jpg,T10_296,1,train,False,False
T10_d01_298_a_1.jpg,T10_298,1,test,True,False
T10_d01_298_b_1.jpg,T10_298,1,test,True,False
T10_d01_306_a_1.jpg,T10_306,1,train,False,False
T10_d01_306_b_1.jpg,T10_306,1,train,False,False
T10_d01_310_a_1.jpg,T10_310,1,val,False,True
T10_d01_310_b_1.jpg,T10_310,1,val,False,False
T10_d01_314_a_1.jpg,T10_314,1,train,True,False
T10_d01_314_b_1.jpg,T10_314,1,train,True,False
T10_d01_315_a_1.jpg,T10_315,1,train,False,False
T10_d01_315_b_1.jpg,T10_315,1,train,False,False
T10_d01_325_a_1.jpg,T10_325,1,train,False,False
T10_d01_325_b_1.jpg,T10_325,1,train,False,False
T10_d01_326_a_1.jpg,T10_326,1,train,False,False
T10_d01_326_b_1.jpg,T10_326,1,train,False,False
T10_d01_327_a_1.jpg,T10_327,1,train,False,False
T10_d01_327_b_1.jpg,T10_327,1,train,False,False
T10_d01_328_a_1.jpg,T10_328,1,train,False,False
T10_d01_328_b_1.jpg,T10_328,1,train,False,False
T10_d01_330_a_1.jpg,T10_330,1,train,False,False
T10_d01_330_b_1.jpg,T10_330,1,train,False,False
T10_d01_331_a_1.jpg,T10_331,1,test,False,False
T10_d01_331_b_1.jpg,T10_331,1,test,False,False
T10_d01_333_a_1.jpg,T10_333,1,train,False,False
T10_d01_333_b_1.jpg,T10_333,1,train,False,False
T10_d01_336_a_1.jpg,T10_336,1,train,False,False
T10_d01_336_b_1.jpg,T10_336,1,train,False,False
T10_d01_337_a_1.jpg,T10_337,1,train,False,False
T10_d01_337_b_1.jpg,T10_337,1,train,False,False
T10_d01_338_a_1.jpg,T10_338,1,train,False,False
T10_d01_338_b_1.jpg,T10_338,1,train,False,False
T10_d01_349_a_1.jpg,T10_349,1,train,False,False
T10_d01_349_b_1.jpg,T10_349,1,train,False,False
T10_d01_350_a_1.jpg,T10_350,1,train,False,False
T10_d01_350_b_1.jpg,T10_350,1,train,False,False
T10_d01_351_a_1.jpg,T10_351,1,train,False,False
T10_d01_351_b_1.jpg,T10_351,1,train,False,False
T10_d01_353_a_1.jpg,T10_353,1,val,False,False
T10_d01_353_b_1.jpg,T10_353,1,val,False,False
T10_d01_355_a_1.jpg,T10_355,1,train,False,False
T10_d01_355_b_1.jpg,T10_355,1,train,False,False
T10_d01_357_a_1.jpg,T10_357,1,train,False,False
T10_d01_357_b_1.jpg,T10_357,1,train,False,False
T10_d01_358_a_1.jpg,T10_358,1,train,True,False
T10_d01_358_b_1.jpg,T10_358,1,train,True,False
T10_d01_359_a_1.jpg,T10_359,1,train,True,False
T10_d01_359_b_1.jpg,T10_359,1,train,True,False
T10_d01_365_a_1.jpg,T10_365,1,train,False,True
T10_d01_365_b_1.jpg,T10_365,1,train,False,False
T10_d01_366_a_1.jpg,T10_366,1,train,False,False
T10_d01_366_b_1.jpg,T10_366,1,train,False,False
T10_d01_367_a_1.jpg,T10_367,1,train,False,False
T10_d01_367_b_1.jpg,T10_367,1,train,False,False
T10_d01_368_a_1.jpg,T10_368,1,val,False,True
T10_d01_368_b_1.jpg,T10_368,1,val,False,False
T10_d01_372_a_1.jpg,T10_372,1,train,False,False
T10_d01_372_b_1.jpg,T10_372,1,train,False,False
T10_d01_373_a_1.jpg,T10_373,1,val,False,False
T10_d01_373_b_1.jpg,T10_373,1,val,False,False
T10_d01_375_a_1.jpg,T10_375,1,val,False,False
T10_d01_375_b_1.jpg,T10_375,1,val,False,False
T10_d01_376_a_1.jpg,T10_376,1,train,False,True
T10_d01_376_b_1.jpg,T10_376,1,train,False,False
T10_d01_377_a_1.jpg,T10_377,1,train,False,False
T10_d01_377_b_1.jpg,T10_377,1,train,False,False
T10_d01_381_a_1.jpg,T10_381,1,train,False,False
T10_d01_381_b_1.jpg,T10_381,1,train,False,False
T10_d01_382_a_1.jpg,T10_382,1,train,False,False
T10_d01_382_b_1.jpg,T10_382,1,train,False,False
T10_d01_385_a_1.jpg,T10_385,1,val,False,True
T10_d01_385_b_1.jpg,T10_385,1,val,False,False
T10_d01_387_a_1.jpg,T10_387,1,train,False,False
T10_d01_387_b_1.jpg,T10_387,1,train,False,False
T10_d01_392_a_1.jpg,T10_392,1,test,False,False
T10_d01_392_b_1.jpg,T10_392,1,test,False,False
T10_d01_393_a_1.jpg,T10_393,1,val,False,False
T10_d01_393_b_1.jpg,T10_393,1,val,False,False
T10_d01_395_a_1.jpg,T10_395,1,test,False,False
T10_d01_395_b_1.jpg,T10_395,1,test,False,False
T10_d01_398_a_1.jpg,T10_398,1,val,False,False
T10_d01_398_b_1.jpg,T10_398,1,val,False,False
T10_d01_399_a_1.jpg,T10_399,1,val,False,False
T10_d01_399_b_1.jpg,T10_399,1,val,False,False
T10_d01_400_a_1.jpg,T10_400,1,train,False,False
T10_d01_400_b_1.jpg,T10_400,1,train,False,False
T10_d01_401_a_1.jpg,T10_401,1,train,False,False
T10_d01_401_b_1.jpg,T10_401,1,train,False,False
T10_d01_402_a_1.jpg,T10_402,1,val,False,False
T10_d01_402_b_1.jpg,T10_402,1,val,False,False
T10_d01_405_a_1.jpg,T10_405,1,train,False,False
T10_d01_405_b_1.jpg,T10_405,1,train,False,False
T10_d01_406_a_1.jpg,T10_406,1,val,False,False
T10_d01_406_b_1.jpg,T10_406,1,val,False,False
T10_d01_408_a_1.jpg,T10_408,1,train,False,False
T10_d01_408_b_1.jpg,T10_408,1,train,False,False
T10_d01_410_a_1.jpg,T10_410,1,train,False,True
T10_d01_410_b_1.jpg,T10_410,1,train,False,False
T10_d01_411_a_1.jpg,T10_411,1,val,False,False
T10_d01_411_b_1.jpg,T10_411,1,val,False,False
T10_d01_413_a_1.jpg,T10_413,1,train,False,False
T10_d01_413_b_1.jpg,T10_413,1,train,False,False
T10_d01_414_a_1.jpg,T10_414,1,train,False,True
T10_d01_414_b_1.jpg,T10_414,1,train,False,False
T10_d01_415_a_1.jpg,T10_415,1,train,False,False
T10_d01_415_b_1.jpg,T10_415,1,train,False,False
T10_d01_418_a_1.jpg,T10_418,1,train,False,True
T10_d01_418_b_1.jpg,T10_418,1,train,False,False
T10_d01_420_a_1.jpg,T10_420,1,train,False,False
T10_d01_420_b_1.jpg,T10_420,1,train,False,False
T10_d01_422_a_1.jpg,T10_422,1,train,False,False
T10_d01_422_b_1.jpg,T10_422,1,train,False,False
T10_d01_425_a_1.jpg,T10_425,1,train,False,False
T10_d01_425_b_1.jpg,T10_425,1,train,False,False
T10_d01_429_a_1.jpg,T10_429,1,train,False,False
T10_d01_429_b_1.jpg,T10_429,1,train,False,False
T10_d01_430_a_1.jpg,T10_430,1,val,False,False
T10_d01_430_b_1.jpg,T10_430,1,val,False,False
T10_d01_442_a_1.jpg,T10_442,1,train,False,False
T10_d01_442_b_1.jpg,T10_442,1,train,False,False
T10_d01_444_a_1.jpg,T10_444,1,train,False,False
T10_d01_444_b_1.jpg,T10_444,1,train,False,False
T10_d01_445_a_1.jpg,T10_445,1,train,False,False
T10_d01_445_b_1.jpg,T10_445,1,train,False,False
T10_d01_446_a_1.jpg,T10_446,1,train,False,False
T10_d01_446_b_1.jpg,T10_446,1,train,False,False
T10_d01_447_a_1.jpg,T10_447,1,train,False,True
T10_d01_447_b_1.jpg,T10_447,1,train,False,False
T10_d01_448_a_1.jpg,T10_448,1,train,False,False
T10_d01_448_b_1.jpg,T10_448,1,train,False,False
T10_d01_449_a_1.jpg,T10_449,1,train,False,False
T10_d01_449_b_1.jpg,T10_449,1,train,False,False
T10_d01_450_a_1.jpg,T10_450,1,val,False,False
T10_d01_450_b_1.jpg,T10_450,1,val,False,False
T10_d01_451_a_1.jpg,T10_451,1,val,False,False
T10_d01_451_b_1.jpg,T10_451,1,val,False,False
T10_d01_452_a_1.jpg,T10_452,1,val,False,False
T10_d01_452_b_1.jpg,T10_452,1,val,False,True
T10_d01_454_a_1.jpg,T10_454,1,train,False,False
T10_d01_454_b_1.jpg,T10_454,1,train,False,False
T10_d01_458_a_1.jpg,T10_458,1,train,False,False
T10_d01_458_b_1.jpg,T10_458,1,train,False,False
T10_d01_459_a_1.jpg,T10_459,1,train,False,False
T10_d01_459_b_1.jpg,T10_459,1,train,False,False
T10_d01_470_a_1.jpg,T10_470,1,train,False,False
T10_d01_470_b_1.jpg,T10_470,1,train,False,False
T10_d01_471_a_1.jpg,T10_471,1,test,False,False
T10_d01_471_b_1.jpg,T10_471,1,test,False,False
T10_d01_475_a_1.jpg,T10_475,1,train,False,False
T10_d01_475_b_1.jpg,T10_475,1,train,False,True
T10_d01_476_a_1.jpg,T10_476,1,train,True,False
T10_d01_476_b_1.jpg,T10_476,1,train,True,False
T10_d01_478_a_1.jpg,T10_478,1,val,False,False
T10_d01_478_b_1.jpg,T10_478,1,val,False,True
T10_d02_002_a_1.jpg,T10_002,1,train,False,False
T10_d02_002_b_1.jpg,T10_002,1,train,False,False
T10_d02_003_a_1.jpg,T10_003,1,train,False,False
T10_d02_003_b_1.jpg,T10_003,1,train,False,False
T10_d02_007_a_1.jpg,T10_007,1,train,False,False
T10_d02_007_b_1.jpg,T10_007,1,train,False,False
T10_d02_011_a_1.jpg,T10_011,1,train,False,False
T10_d02_011_b_1.jpg,T10_011,1,train,False,False
T10_d02_012_a_1.jpg,T10_012,1,val,False,True
T10_d02_012_b_1.jpg,T10_012,1,val,False,False
T10_d02_013_a_1.jpg,T10_013,1,train,False,False
T10_d02_013_b_1.jpg,T10_013,1,train,False,False
T10_d02_014_a_1.jpg,T10_014,1,val,False,True
T10_d02_014_b_1.jpg,T10_014,1,val,False,True
T10_d02_015_a_1.jpg,T10_015,1,test,False,False
T10_d02_015_b_1.jpg,T10_015,1,test,False,False
T10_d02_018_a_1.jpg,T10_018,1,val,False,False
T10_d02_018_b_1.jpg,T10_018,1,val,False,False
T10_d02_021_a_1.jpg,T10_021,1,train,False,False
T10_d02_021_b_1.jpg,T10_021,1,train,False,False
T10_d02_022_a_1.jpg,T10_022,1,train,False,False
T10_d02_022_b_1.jpg,T10_022,1,train,False,False
T10_d02_026_a_1.jpg,T10_026,1,train,False,False
T10_d02_026_b_1.jpg,T10_026,1,train,False,False
T10_d02_027_a_1.jpg,T10_027,1,train,False,False
T10_d02_027_b_1.jpg,T10_027,1,train,False,False
T10_d02_033_a_1.jpg,T10_033,1,val,False,True
T10_d02_033_b_1.jpg,T10_033,1,val,False,False
T10_d02_034_a_1.jpg,T10_034,1,train,False,False
T10_d02_034_b_1.jpg,T10_034,1,train,False,True
T10_d02_035_a_1.jpg,T10_035,1,val,False,False
T10_d02_035_b_1.jpg,T10_035,1,val,False,False
T10_d02_037_a_1.jpg,T10_037,1,train,True,False
T10_d02_037_b_1.jpg,T10_037,1,train,True,False
T10_d02_038_a_1.jpg,T10_038,1,val,False,True
T10_d02_038_b_1.jpg,T10_038,1,val,False,True
T10_d02_041_a_1.jpg,T10_041,1,val,False,False
T10_d02_041_b_1.jpg,T10_041,1,val,False,False
T10_d02_045_a_1.jpg,T10_045,1,train,True,False
T10_d02_045_b_1.jpg,T10_045,1,train,True,False
T10_d02_046_a_1.jpg,T10_046,1,train,False,False
T10_d02_046_b_1.jpg,T10_046,1,train,False,False
T10_d02_047_a_1.jpg,T10_047,1,train,False,False
T10_d02_047_b_1.jpg,T10_047,1,train,False,False
T10_d02_048_a_1.jpg,T10_048,1,train,False,False
T10_d02_048_b_1.jpg,T10_048,1,train,False,False
T10_d02_054_a_1.jpg,T10_054,1,train,False,False
T10_d02_054_b_1.jpg,T10_054,1,train,False,False
T10_d02_055_a_1.jpg,T10_055,1,train,False,False
T10_d02_055_b_1.jpg,T10_055,1,train,False,False
T10_d02_058_a_1.jpg,T10_058,1,val,False,False
T10_d02_058_b_1.jpg,T10_058,1,val,False,True
T10_d02_061_a_1.jpg,T10_061,1,train,False,True
T10_d02_061_b_1.jpg,T10_061,1,train,False,False
T10_d02_065_a_2.jpg,T10_065,2,val,False,False
T10_d02_065_b_2.jpg,T10_065,2,val,False,False
T10_d02_067_a_1.jpg,T10_067,1,train,False,False
T10_d02_067_b_1.jpg,T10_067,1,train,False,False
T10_d02_069_a_1.jpg,T10_069,1,train,False,False
T10_d02_069_b_1.jpg,T10_069,1,train,False,False
T10_d02_080_a_1.jpg,T10_080,1,val,False,False
T10_d02_080_b_1.jpg,T10_080,1,val,False,False
T10_d02_083_a_1.jpg,T10_083,1,train,False,False
T10_d02_083_b_1.jpg,T10_083,1,train,False,False
T10_d02_087_a_1.jpg,T10_087,1,val,False,False
T10_d02_087_b_1.jpg,T10_087,1,val,False,False
T10_d02_089_a_1.jpg,T10_089,1,train,False,False
T10_d02_089_b_1.jpg,T10_089,1,train,False,False
T10_d02_092_a_1.jpg,T10_092,1,test,False,False
T10_d02_092_b_1.jpg,T10_092,1,test,False,False
T10_d02_093_a_1.jpg,T10_093,1,train,False,False
T10_d02_093_b_1.jpg,T10_093,1,train,False,False
T10_d02_094_a_1.jpg,T10_094,1,train,False,False
T10_d02_094_b_1.jpg,T10_094,1,train,False,False
T10_d02_096_a_1.jpg,T10_096,1,train,False,False
T10_d02_096_b_1.jpg,T10_096,1,train,False,False
T10_d02_097_a_1.jpg,T10_097,1,train,False,False
T10_d02_097_b_1.jpg,T10_097,1,train,False,False
T10_d02_098_a_1.jpg,T10_098,1,train,False,False
T10_d02_098_b_1.jpg,T10_098,1,train,False,False
T10_d02_099_a_1.jpg,T10_099,1,train,False,False
T10_d02_099_b_1.jpg,T10_099,1,train,False,False
T10_d02_100_a_1.jpg,T10_100,1,test,False,False
T10_d02_100_b_1.jpg,T10_100,1,test,False,False
T10_d02_104_a_1.jpg,T10_104,1,val,True,False
T10_d02_104_b_1.jpg,T10_104,1,val,True,False
T10_d02_108_a_1.jpg,T10_108,1,train,False,False
T10_d02_108_b_1.jpg,T10_108,1,train,False,False
T10_d02_110_a_1.jpg,T10_110,1,train,False,False
T10_d02_110_b_1.jpg,T10_110,1,train,False,False
T10_d02_111_a_1.jpg,T10_111,1,val,False,False
T10_d02_111_b_1.jpg,T10_111,1,val,False,False
T10_d02_113_a_1.jpg,T10_113,1,train,False,True
T10_d02_113_b_1.jpg,T10_113,1,train,False,False
T10_d02_118_a_1.jpg,T10_118,1,train,False,False
T10_d02_118_b_1.jpg,T10_118,1,train,False,False
T10_d02_120_a_1.jpg,T10_120,1,train,False,False
T10_d02_120_b_1.jpg,T10_120,1,train,False,False
T10_d02_122_a_1.jpg,T10_122,1,train,False,False
T10_d02_122_b_1.jpg,T10_122,1,train,False,False
T10_d02_125_a_1.jpg,T10_125,1,train,False,False
T10_d02_125_b_1.jpg,T10_125,1,train,False,False
T10_d02_128_a_1.jpg,T10_128,1,train,False,False
T10_d02_128_b_1.jpg,T10_128,1,train,False,False
T10_d02_129_a_1.jpg,T10_129,1,train,False,False
T10_d02_129_b_1.jpg,T10_129,1,train,False,False
T10_d02_130_a_1.jpg,T10_130,1,train,False,False
T10_d02_130_b_1.jpg,T10_130,1,train,False,False
T10_d02_131_a_1.jpg,T10_131,1,train,False,False
T10_d02_131_b_1.jpg,T10_131,1,train,False,False
T10_d02_133_a_1.jpg,T10_133,1,train,False,False
T10_d02_133_b_1.jpg,T10_133,1,train,False,False
T10_d02_136_a_1.jpg,T10_136,1,val,False,False
T10_d02_136_b_1.jpg,T10_136,1,val,False,False
T10_d02_138_a_1.jpg,T10_138,1,train,False,False
T10_d02_138_b_1.jpg,T10_138,1,train,False,False
T10_d02_145_a_1.jpg,T10_145,1,train,False,False
T10_d02_145_b_1.jpg,T10_145,1,train,False,False
T10_d02_148_a_1.jpg,T10_148,1,train,True,False
T10_d02_148_b_1.jpg,T10_148,1,train,True,False
T10_d02_149_a_1.jpg,T10_149,1,train,False,False
T10_d02_149_b_1.jpg,T10_149,1,train,False,False
T10_d02_152_a_1.jpg,T10_152,1,train,False,False
T10_d02_152_b_1.jpg,T10_152,1,train,False,False
T10_d02_156_a_1.jpg,T10_156,1,train,False,False
T10_d02_156_b_1.jpg,T10_156,1,train,False,False
T10_d02_162_a_1.jpg,T10_162,1,test,False,False
T10_d02_162_b_1.jpg,T10_162,1,test,False,False
T10_d02_163_a_1.jpg,T10_163,1,train,False,False
T10_d02_163_b_1.jpg,T10_163,1,train,False,False
T10_d02_165_a_1.jpg,T10_165,1,train,False,False
T10_d02_165_b_1.jpg,T10_165,1,train,False,False
T10_d02_166_a_1.jpg,T10_166,1,train,False,False
T10_d02_166_b_1.jpg,T10_166,1,train,False,False
T10_d02_167_a_1.jpg,T10_167,1,train,False,False
T10_d02_167_b_1.jpg,T10_167,1,train,False,False
T10_d02_168_a_1.jpg,T10_168,1,train,False,False
T10_d02_168_b_1.jpg,T10_168,1,train,False,False
T10_d02_172_a_1.jpg,T10_172,1,train,False,False
T10_d02_172_b_1.jpg,T10_172,1,train,False,False
T10_d02_180_a_1.jpg,T10_180,1,train,True,False
T10_d02_180_b_1.jpg,T10_180,1,train,True,False
T10_d02_181_a_1.jpg,T10_181,1,train,False,False
T10_d02_181_b_1.jpg,T10_181,1,train,False,False
T10_d02_186_a_1.jpg,T10_186,1,val,False,False
T10_d02_186_b_1.jpg,T10_186,1,val,False,False
T10_d02_193_a_1.jpg,T10_193,1,train,False,False
T10_d02_193_b_1.jpg,T10_193,1,train,False,False
T10_d02_194_a_1.jpg,T10_194,1,train,False,True
T10_d02_194_b_1.jpg,T10_194,1,train,False,False
T10_d02_196_a_1.jpg,T10_196,1,train,False,False
T10_d02_196_b_1.jpg,T10_196,1,train,False,False
T10_d02_202_a_1.jpg,T10_202,1,train,False,False
T10_d02_202_b_1.jpg,T10_202,1,train,False,False
T10_d02_204_a_1.jpg,T10_204,1,train,False,False
T10_d02_204_b_1.jpg,T10_204,1,train,False,False
T10_d02_206_a_1.jpg,T10_206,1,train,False,False
T10_d02_206_b_1.jpg,T10_206,1,train,False,False
T10_d02_211_a_1.jpg,T10_211,1,train,False,False
T10_d02_211_b_1.jpg,T10_211,1,train,False,False
T10_d02_213_a_1.jpg,T10_213,1,train,False,False
T10_d02_213_b_1.jpg,T10_213,1,train,False,False
T10_d02_215_a_1.jpg,T10_215,1,train,False,False
T10_d02_215_b_1.jpg,T10_215,1,train,False,False
T10_d02_217_a_1.jpg,T10_217,1,train,False,False
T10_d02_217_b_1.jpg,T10_217,1,train,False,False
T10_d02_219_a_1.jpg,T10_219,1,test,False,False
T10_d02_219_b_1.jpg,T10_219,1,test,False,False
T10_d02_220_a_1.jpg,T10_220,1,val,False,False
T10_d02_220_b_1.jpg,T10_220,1,val,False,False
T10_d02_221_a_1.jpg,T10_221,1,train,False,False
T10_d02_221_b_1.jpg,T10_221,1,train,False,False
T10_d02_223_a_1.jpg,T10_223,1,train,False,False
T10_d02_223_b_1.jpg,T10_223,1,train,False,False
T10_d02_227_a_2.jpg,T10_227,2,train,False,True
T10_d02_227_b_2.jpg,T10_227,2,train,False,False
T10_d02_229_a_1.jpg,T10_229,1,train,False,False
T10_d02_229_b_1.jpg,T10_229,1,train,False,False
T10_d02_233_a_1.jpg,T10_233,1,train,False,False
T10_d02_233_b_1.jpg,T10_233,1,train,False,False
T10_d02_234_a_1.jpg,T10_234,1,train,False,False
T10_d02_234_b_1.jpg,T10_234,1,train,False,False
T10_d02_236_a_1.jpg,T10_236,1,train,False,False
T10_d02_236_b_1.jpg,T10_236,1,train,False,False
T10_d02_237_a_1.jpg,T10_237,1,train,False,False
T10_d02_237_b_1.jpg,T10_237,1,train,False,False
T10_d02_243_a_1.jpg,T10_243,1,train,False,False
T10_d02_243_b_1.jpg,T10_243,1,train,False,False
T10_d02_245_a_1.jpg,T10_245,1,train,False,False
T10_d02_245_b_1.jpg,T10_245,1,train,False,False
T10_d02_250_a_1.jpg,T10_250,1,train,False,False
T10_d02_250_b_1.jpg,T10_250,1,train,False,True
T10_d02_252_a_1.jpg,T10_252,1,train,False,False
T10_d02_252_b_1.jpg,T10_252,1,train,False,False
T10_d02_253_a_1.jpg,T10_253,1,val,False,False
T10_d02_253_b_1.jpg,T10_253,1,val,False,False
T10_d02_254_a_1.jpg,T10_254,1,val,False,False
T10_d02_254_b_1.jpg,T10_254,1,val,False,False
T10_d02_262_a_1.jpg,T10_262,1,train,False,False
T10_d02_262_b_1.jpg,T10_262,1,train,False,False
T10_d02_266_a_1.jpg,T10_266,1,train,False,False
T10_d02_266_b_1.jpg,T10_266,1,train,False,False
T10_d02_269_a_1.jpg,T10_269,1,train,False,False
T10_d02_269_b_1.jpg,T10_269,1,train,False,False
T10_d02_274_a_1.jpg,T10_274,1,train,True,False
T10_d02_274_b_1.jpg,T10_274,1,train,True,False
T10_d02_275_a_1.jpg,T10_275,1,test,False,True
T10_d02_275_b_1.jpg,T10_275,1,test,False,False
T10_d02_276_a_1.jpg,T10_276,1,train,False,False
T10_d02_276_b_1.jpg,T10_276,1,train,False,False
T10_d02_282_a_1.jpg,T10_282,1,train,False,False
T10_d02_282_b_1.jpg,T10_282,1,train,False,True
T10_d02_283_a_1.jpg,T10_283,1,train,False,False
T10_d02_283_b_1.jpg,T10_283,1,train,False,False
T10_d02_284_a_1.jpg,T10_284,1,train,False,False
T10_d02_284_b_1.jpg,T10_284,1,train,False,False
T10_d02_290_a_1.jpg,T10_290,1,train,False,False
T10_d02_290_b_1.jpg,T10_290,1,train,False,False
T10_d02_292_a_1.jpg,T10_292,1,val,False,False
T10_d02_292_b_1.jpg,T10_292,1,val,False,False
T10_d02_294_a_1.jpg,T10_294,1,train,False,False
T10_d02_294_b_1.jpg,T10_294,1,train,False,False
T10_d02_295_a_1.jpg,T10_295,1,train,False,False
T10_d02_295_b_1.jpg,T10_295,1,train,False,False
T10_d02_296_a_1.jpg,T10_296,1,train,False,False
T10_d02_296_b_1.jpg,T10_296,1,train,False,True
T10_d02_298_a_1.jpg,T10_298,1,test,True,False
T10_d02_298_b_1.jpg,T10_298,1,test,True,False
T10_d02_306_a_1.jpg,T10_306,1,train,False,False
T10_d02_306_b_1.jpg,T10_306,1,train,False,False
T10_d02_310_a_1.jpg,T10_310,1,val,False,False
T10_d02_310_b_1.jpg,T10_310,1,val,False,False
T10_d02_314_a_1.jpg,T10_314,1,train,True,False
T10_d02_314_b_1.jpg,T10_314,1,train,True,False
T10_d02_315_a_1.jpg,T10_315,1,train,False,False
T10_d02_315_b_1.jpg,T10_315,1,train,False,False
T10_d02_325_a_1.jpg,T10_325,1,train,False,False
T10_d02_325_b_1.jpg,T10_325,1,train,False,False
T10_d02_326_a_1.jpg,T10_326,1,train,False,False
T10_d02_326_b_1.jpg,T10_326,1,train,False,False
T10_d02_327_a_1.jpg,T10_327,1,train,False,False
T10_d02_327_b_1.jpg,T10_327,1,train,False,False
T10_d02_328_a_1.jpg,T10_328,1,train,False,False
T10_d02_328_b_1.jpg,T10_328,1,train,False,False
T10_d02_330_a_1.jpg,T10_330,1,train,False,False
T10_d02_330_b_1.jpg,T10_330,1,train,False,False
T10_d02_331_a_1.jpg,T10_331,1,test,False,False
T10_d02_331_b_1.jpg,T10_331,1,test,False,False
T10_d02_333_a_1.jpg,T10_333,1,train,False,False
T10_d02_333_b_1.jpg,T10_333,1,train,False,False
T10_d02_336_a_1.jpg,T10_336,1,train,False,False
T10_d02_336_b_1.jpg,T10_336,1,train,False,False
T10_d02_337_a_1.jpg,T10_337,1,train,False,False
T10_d02_337_b_1.jpg,T10_337,1,train,False,False
T10_d02_338_a_1.jpg,T10_338,1,train,False,False
T10_d02_338_b_1.jpg,T10_338,1,train,False,False
T10_d02_349_a_1.jpg,T10_349,1,train,False,True
T10_d02_349_b_1.jpg,T10_349,1,train,False,False
T10_d02_350_a_1.jpg,T10_350,1,train,False,False
T10_d02_350_b_1.jpg,T10_350,1,train,False,False
T10_d02_351_a_1.jpg,T10_351,1,train,False,False
T10_d02_351_b_1.jpg,T10_351,1,train,False,False
T10_d02_353_a_1.jpg,T10_353,1,val,False,False
T10_d02_353_b_1.jpg,T10_353,1,val,False,False
T10_d02_355_a_1.jpg,T10_355,1,train,False,False
T10_d02_355_b_1.jpg,T10_355,1,train,False,False
T10_d02_357_a_1.jpg,T10_357,1,train,False,False
T10_d02_357_b_1.jpg,T10_357,1,train,False,False
T10_d02_358_a_1.jpg,T10_358,1,train,True,False
T10_d02_358_b_1.jpg,T10_358,1,train,True,False
T10_d02_365_a_1.jpg,T10_365,1,train,False,False
T10_d02_365_b_1.jpg,T10_365,1,train,False,False
T10_d02_366_a_1.jpg,T10_366,1,train,False,False
T10_d02_366_b_1.jpg,T10_366,1,train,False,True
T10_d02_367_a_1.jpg,T10_367,1,train,False,False
T10_d02_367_b_1.jpg,T10_367,1,train,False,False
T10_d02_368_a_1.jpg,T10_368,1,val,False,False
T10_d02_368_b_1.jpg,T10_368,1,val,False,False
T10_d02_372_a_1.jpg,T10_372,1,train,False,True
T10_d02_372_b_1.jpg,T10_372,1,train,False,False
T10_d02_373_a_1.jpg,T10_373,1,val,False,False
T10_d02_373_b_1.jpg,T10_373,1,val,False,False
T10_d02_375_a_1.jpg,T10_375,1,val,False,False
T10_d02_375_b_1.jpg,T10_375,1,val,False,False
T10_d02_376_a_1.jpg,T10_376,1,train,False,False
T10_d02_376_b_1.jpg,T10_376,1,train,False,False
T10_d02_377_a_1.jpg,T10_377,1,train,False,True
T10_d02_377_b_1.jpg,T10_377,1,train,False,False
T10_d02_381_a_1.jpg,T10_381,1,train,False,False
T10_d02_381_b_1.jpg,T10_381,1,train,False,False
T10_d02_382_a_1.jpg,T10_382,1,train,False,False
T10_d02_382_b_1.jpg,T10_382,1,train,False,False
T10_d02_385_a_1.jpg,T10_385,1,val,False,False
T10_d02_385_b_1.jpg,T10_385,1,val,False,False
T10_d02_387_a_1.jpg,T10_387,1,train,False,False
T10_d02_387_b_1.jpg,T10_387,1,train,False,False
T10_d02_392_a_1.jpg,T10_392,1,test,False,True
T10_d02_392_b_1.jpg,T10_392,1,test,False,False
T10_d02_393_a_1.jpg,T10_393,1,val,False,False
T10_d02_393_b_1.jpg,T10_393,1,val,False,False
T10_d02_395_a_1.jpg,T10_395,1,test,False,False
T10_d02_395_b_1.jpg,T10_395,1,test,False,False
T10_d02_398_a_1.jpg,T10_398,1,val,False,False
T10_d02_398_b_1.jpg,T10_398,1,val,False,False
T10_d02_399_a_1.jpg,T10_399,1,val,False,False
T10_d02_399_b_1.jpg,T10_399,1,val,False,False
T10_d02_400_a_1.jpg,T10_400,1,train,False,False
T10_d02_400_b_1.jpg,T10_400,1,train,False,False
T10_d02_401_a_1.jpg,T10_401,1,train,False,False
T10_d02_401_b_1.jpg,T10_401,1,train,False,True
T10_d02_402_a_1.jpg,T10_402,1,val,False,False
T10_d02_402_b_1.jpg,T10_402,1,val,False,False
T10_d02_405_a_1.jpg,T10_405,1,train,False,True
T10_d02_405_b_1.jpg,T10_405,1,train,False,False
T10_d02_406_a_1.jpg,T10_406,1,val,False,False
T10_d02_406_b_1.jpg,T10_406,1,val,False,False
T10_d02_408_a_1.jpg,T10_408,1,train,False,False
T10_d02_408_b_1.jpg,T10_408,1,train,False,False
T10_d02_410_a_1.jpg,T10_410,1,train,False,False
T10_d02_410_b_1.jpg,T10_410,1,train,False,False
T10_d02_411_a_1.jpg,T10_411,1,val,False,False
T10_d02_411_b_1.jpg,T10_411,1,val,False,False
T10_d02_413_a_1.jpg,T10_413,1,train,False,False
T10_d02_413_b_1.jpg,T10_413,1,train,False,False
T10_d02_414_a_1.jpg,T10_414,1,train,False,False
T10_d02_414_b_1.jpg,T10_414,1,train,False,False
T10_d02_415_a_1.jpg,T10_415,1,train,False,False
T10_d02_415_b_1.jpg,T10_415,1,train,False,False
T10_d02_420_a_1.jpg,T10_420,1,train,False,False
T10_d02_420_b_1.jpg,T10_420,1,train,False,False
T10_d02_422_a_1.jpg,T10_422,1,train,False,False
T10_d02_422_b_1.jpg,T10_422,1,train,False,False
T10_d02_425_a_1.jpg,T10_425,1,train,False,False
T10_d02_425_b_1.jpg,T10_425,1,train,False,False
T10_d02_429_a_1.jpg,T10_429,1,train,False,False
T10_d02_429_b_1.jpg,T10_429,1,train,False,False
T10_d02_430_a_1.jpg,T10_430,1,val,False,False
T10_d02_430_b_1.jpg,T10_430,1,val,False,False
T10_d02_442_a_1.jpg,T10_442,1,train,False,False
T10_d02_442_b_1.jpg,T10_442,1,train,False,False
T10_d02_444_a_1.jpg,T10_444,1,train,False,False
T10_d02_444_b_1.jpg,T10_444,1,train,False,False
T10_d02_445_a_1.jpg,T10_445,1,train,False,False
T10_d02_445_b_1.jpg,T10_445,1,train,False,True
T10_d02_446_a_1.jpg,T10_446,1,train,False,False
T10_d02_446_b_1.jpg,T10_446,1,train,False,False
T10_d02_447_a_1.jpg,T10_447,1,train,False,False
T10_d02_447_b_1.jpg,T10_447,1,train,False,False
T10_d02_448_a_1.jpg,T10_448,1,train,False,False
T10_d02_448_b_1.jpg,T10_448,1,train,False,False
T10_d02_449_a_1.jpg,T10_449,1,train,False,False
T10_d02_449_b_1.jpg,T10_449,1,train,False,False
T10_d02_450_a_1.jpg,T10_450,1,val,False,False
T10_d02_450_b_1.jpg,T10_450,1,val,False,False
T10_d02_451_a_1.jpg,T10_451,1,val,False,False
T10_d02_451_b_1.jpg,T10_451,1,val,False,False
T10_d02_452_a_1.jpg,T10_452,1,val,False,False
T10_d02_452_b_1.jpg,T10_452,1,val,False,False
T10_d02_454_a_1.jpg,T10_454,1,train,False,False
T10_d02_454_b_1.jpg,T10_454,1,train,False,False
T10_d02_458_a_1.jpg,T10_458,1,train,False,False
T10_d02_458_b_1.jpg,T10_458,1,train,False,False
T10_d02_459_a_1.jpg,T10_459,1,train,False,False
T10_d02_459_b_1.jpg,T10_459,1,train,False,False
T10_d02_470_a_1.jpg,T10_470,1,train,False,False
T10_d02_470_b_1.jpg,T10_470,1,train,False,False
T10_d02_471_a_1.jpg,T10_471,1,test,False,False
T10_d02_471_b_1.jpg,T10_471,1,test,False,False
T10_d02_475_a_1.jpg,T10_475,1,train,False,False
T10_d02_475_b_1.jpg,T10_475,1,train,False,False
T10_d02_478_a_1.jpg,T10_478,1,val,False,False
T10_d02_478_b_1.jpg,T10_478,1,val,False,False
T10_d03_002_a_1.jpg,T10_002,1,train,False,False
T10_d03_002_b_1.jpg,T10_002,1,train,False,False
T10_d03_003_a_1.jpg,T10_003,1,train,False,False
T10_d03_003_b_1.jpg,T10_003,1,train,False,False
T10_d03_007_a_1.jpg,T10_007,1,train,False,False
T10_d03_007_b_1.jpg,T10_007,1,train,False,False
T10_d03_011_a_1.jpg,T10_011,1,train,False,False
T10_d03_011_b_1.jpg,T10_011,1,train,False,False
T10_d03_012_a_1.jpg,T10_012,1,val,False,False
T10_d03_012_b_1.jpg,T10_012,1,val,False,False
T10_d03_013_a_1.jpg,T10_013,1,train,False,False
T10_d03_013_b_1.jpg,T10_013,1,train,False,False
T10_d03_014_a_1.jpg,T10_014,1,val,False,False
T10_d03_014_b_1.jpg,T10_014,1,val,False,False
T10_d03_015_a_1.jpg,T10_015,1,test,False,False
T10_d03_015_b_1.jpg,T10_015,1,test,False,False
T10_d03_018_a_1.jpg,T10_018,1,val,False,False
T10_d03_018_b_1.jpg,T10_018,1,val,False,False
T10_d03_021_a_1.jpg,T10_021,1,train,False,False
T10_d03_021_b_1.jpg,T10_021,1,train,False,False
T10_d03_022_a_1.jpg,T10_022,1,train,False,False
T10_d03_022_b_1.jpg,T10_022,1,train,False,False
T10_d03_026_a_1.jpg,T10_026,1,train,False,False
T10_d03_026_b_1.jpg,T10_026,1,train,False,False
T10_d03_027_a_1.jpg,T10_027,1,train,False,False
T10_d03_027_b_1.jpg,T10_027,1,train,False,False
T10_d03_033_a_1.jpg,T10_033,1,val,False,False
T10_d03_033_b_1.jpg,T10_033,1,val,False,False
T10_d03_034_a_1.jpg,T10_034,1,train,False,False
T10_d03_034_b_1.jpg,T10_034,1,train,False,False
T10_d03_035_a_1.jpg,T10_035,1,val,False,False
T10_d03_035_b_1.jpg,T10_035,1,val,False,False
T10_d03_037_a_1.jpg,T10_037,1,train,True,False
T10_d03_037_b_1.jpg,T10_037,1,train,True,False
T10_d03_038_a_1.jpg,T10_038,1,val,False,False
T10_d03_038_b_1.jpg,T10_038,1,val,False,True
T10_d03_041_a_1.jpg,T10_041,1,val,False,False
T10_d03_041_b_1.jpg,T10_041,1,val,False,False
T10_d03_045_a_1.jpg,T10_045,1,train,True,False
T10_d03_045_b_1.jpg,T10_045,1,train,True,False
T10_d03_046_a_1.jpg,T10_046,1,train,False,False
T10_d03_046_b_1.jpg,T10_046,1,train,False,False
T10_d03_047_a_1.jpg,T10_047,1,train,False,False
T10_d03_047_b_1.jpg,T10_047,1,train,False,False
T10_d03_048_a_1.jpg,T10_048,1,train,False,False
T10_d03_048_b_1.jpg,T10_048,1,train,False,False
T10_d03_054_a_1.jpg,T10_054,1,train,False,False
T10_d03_054_b_1.jpg,T10_054,1,train,False,False
T10_d03_055_a_1.jpg,T10_055,1,train,False,False
T10_d03_055_b_1.jpg,T10_055,1,train,False,False
T10_d03_058_a_1.jpg,T10_058,1,val,False,False
T10_d03_058_b_1.jpg,T10_058,1,val,False,False
T10_d03_061_a_1.jpg,T10_061,1,train,False,False
T10_d03_061_b_1.jpg,T10_061,1,train,False,False
T10_d03_065_a_2.jpg,T10_065,2,val,False,False
T10_d03_065_b_2.jpg,T10_065,2,val,False,False
T10_d03_067_a_1.jpg,T10_067,1,train,False,False
T10_d03_067_b_1.jpg,T10_067,1,train,False,False
T10_d03_069_a_1.jpg,T10_069,1,train,False,False
T10_d03_069_b_1.jpg,T10_069,1,train,False,False
T10_d03_072_a_1.jpg,T10_072,1,val,False,False
T10_d03_072_b_1.jpg,T10_072,1,val,False,True
T10_d03_080_a_1.jpg,T10_080,1,val,False,False
T10_d03_080_b_1.jpg,T10_080,1,val,False,False
T10_d03_083_a_1.jpg,T10_083,1,train,False,False
T10_d03_083_b_1.jpg,T10_083,1,train,False,False
T10_d03_087_a_1.jpg,T10_087,1,val,False,False
T10_d03_087_b_1.jpg,T10_087,1,val,False,False
T10_d03_089_a_1.jpg,T10_089,1,train,False,False
T10_d03_089_b_1.jpg,T10_089,1,train,False,False
T10_d03_092_a_1.jpg,T10_092,1,test,False,False
T10_d03_092_b_1.jpg,T10_092,1,test,False,False
T10_d03_093_a_1.jpg,T10_093,1,train,False,False
T10_d03_093_b_1.jpg,T10_093,1,train,False,False
T10_d03_094_a_1.jpg,T10_094,1,train,False,False
T10_d03_094_b_1.jpg,T10_094,1,train,False,False
T10_d03_096_a_1.jpg,T10_096,1,train,False,False
T10_d03_096_b_1.jpg,T10_096,1,train,False,False
T10_d03_097_a_1.jpg,T10_097,1,train,False,False
T10_d03_097_b_1.jpg,T10_097,1,train,False,False
T10_d03_098_a_1.jpg,T10_098,1,train,False,False
T10_d03_098_b_1.jpg,T10_098,1,train,False,False
T10_d03_099_a_1.jpg,T10_099,1,train,False,False
T10_d03_099_b_1.jpg,T10_099,1,train,False,False
T10_d03_100_a_1.jpg,T10_100,1,test,False,False
T10_d03_100_b_1.jpg,T10_100,1,test,False,False
T10_d03_104_a_1.jpg,T10_104,1,val,True,False
T10_d03_104_b_1.jpg,T10_104,1,val,True,False
T10_d03_108_a_1.jpg,T10_108,1,train,False,False
T10_d03_108_b_1.jpg,T10_108,1,train,False,True
T10_d03_110_a_1.jpg,T10_110,1,train,False,False
T10_d03_110_b_1.jpg,T10_110,1,train,False,False
T10_d03_111_a_1.jpg,T10_111,1,val,False,False
T10_d03_111_b_1.jpg,T10_111,1,val,False,False
T10_d03_113_a_1.jpg,T10_113,1,train,False,False
T10_d03_113_b_1.jpg,T10_113,1,train,False,False
T10_d03_118_a_1.jpg,T10_118,1,train,False,False
T10_d03_118_b_1.jpg,T10_118,1,train,False,False
T10_d03_120_a_1.jpg,T10_120,1,train,False,False
T10_d03_120_b_1.jpg,T10_120,1,train,False,False
T10_d03_122_a_1.jpg,T10_122,1,train,False,False
T10_d03_122_b_1.jpg,T10_122,1,train,False,False
T10_d03_125_a_1.jpg,T10_125,1,train,False,False
T10_d03_125_b_1.jpg,T10_125,1,train,False,False
T10_d03_128_a_1.jpg,T10_128,1,train,False,False
T10_d03_128_b_1.jpg,T10_128,1,train,False,False
T10_d03_129_a_1.jpg,T10_129,1,train,False,False
T10_d03_129_b_1.jpg,T10_129,1,train,False,False
T10_d03_130_a_1.jpg,T10_130,1,train,False,True
T10_d03_130_b_1.jpg,T10_130,1,train,False,False
T10_d03_131_a_1.jpg,T10_131,1,train,False,False
T10_d03_131_b_1.jpg,T10_131,1,train,False,False
T10_d03_133_a_1.jpg,T10_133,1,train,False,False
T10_d03_133_b_1.jpg,T10_133,1,train,False,False
T10_d03_136_a_1.jpg,T10_136,1,val,False,False
T10_d03_136_b_1.jpg,T10_136,1,val,False,False
T10_d03_138_a_1.jpg,T10_138,1,train,False,False
T10_d03_138_b_1.jpg,T10_138,1,train,False,False
T10_d03_145_a_1.jpg,T10_145,1,train,False,False
T10_d03_145_b_1.jpg,T10_145,1,train,False,False
T10_d03_148_a_1.jpg,T10_148,1,train,True,False
T10_d03_148_b_1.jpg,T10_148,1,train,True,False
T10_d03_149_a_1.jpg,T10_149,1,train,False,False
T10_d03_149_b_1.jpg,T10_149,1,train,False,False
T10_d03_152_a_1.jpg,T10_152,1,train,False,False
T10_d03_152_b_1.jpg,T10_152,1,train,False,False
T10_d03_156_a_1.jpg,T10_156,1,train,False,False
T10_d03_156_b_1.jpg,T10_156,1,train,False,False
T10_d03_162_a_1.jpg,T10_162,1,test,False,False
T10_d03_162_b_1.jpg,T10_162,1,test,False,False
T10_d03_163_a_1.jpg,T10_163,1,train,False,False
T10_d03_163_b_1.jpg,T10_163,1,train,False,True
T10_d03_165_a_1.jpg,T10_165,1,train,False,False
T10_d03_165_b_1.jpg,T10_165,1,train,False,False
T10_d03_166_a_1.jpg,T10_166,1,train,False,False
T10_d03_166_b_1.jpg,T10_166,1,train,False,True
T10_d03_167_a_1.jpg,T10_167,1,train,False,False
T10_d03_167_b_1.jpg,T10_167,1,train,False,False
T10_d03_168_a_1.jpg,T10_168,1,train,False,False
T10_d03_168_b_1.jpg,T10_168,1,train,False,False
T10_d03_172_a_1.jpg,T10_172,1,train,False,False
T10_d03_172_b_1.jpg,T10_172,1,train,False,True
T10_d03_180_a_1.jpg,T10_180,1,train,True,False
T10_d03_180_b_1.jpg,T10_180,1,train,True,False
T10_d03_181_a_1.jpg,T10_181,1,train,False,False
T10_d03_181_b_1.jpg,T10_181,1,train,False,False
T10_d03_186_a_1.jpg,T10_186,1,val,False,False
T10_d03_186_b_1.jpg,T10_186,1,val,False,False
T10_d03_193_a_1.jpg,T10_193,1,train,False,True
T10_d03_193_b_1.jpg,T10_193,1,train,False,False
T10_d03_194_a_1.jpg,T10_194,1,train,False,False
T10_d03_194_b_1.jpg,T10_194,1,train,False,False
T10_d03_196_a_1.jpg,T10_196,1,train,False,False
T10_d03_196_b_1.jpg,T10_196,1,train,False,False
T10_d03_202_a_1.jpg,T10_202,1,train,False,False
T10_d03_202_b_1.jpg,T10_202,1,train,False,False
T10_d03_204_a_1.jpg,T10_204,1,train,False,False
T10_d03_204_b_1.jpg,T10_204,1,train,False,False
T10_d03_206_a_1.jpg,T10_206,1,train,False,False
T10_d03_206_b_1.jpg,T10_206,1,train,False,False
T10_d03_211_a_1.jpg,T10_211,1,train,False,True
T10_d03_211_b_1.jpg,T10_211,1,train,False,False
T10_d03_213_a_1.jpg,T10_213,1,train,False,False
T10_d03_213_b_1.jpg,T10_213,1,train,False,False
T10_d03_215_a_1.jpg,T10_215,1,train,False,True
T10_d03_215_b_1.jpg,T10_215,1,train,False,False
T10_d03_217_a_1.jpg,T10_217,1,train,False,False
T10_d03_217_b_1.jpg,T10_217,1,train,False,False
T10_d03_219_a_1.jpg,T10_219,1,test,False,False
T10_d03_219_b_1.jpg,T10_219,1,test,False,False
T10_d03_220_a_1.jpg,T10_220,1,val,False,False
T10_d03_220_b_1.jpg,T10_220,1,val,False,False
T10_d03_221_a_1.jpg,T10_221,1,train,False,False
T10_d03_221_b_1.jpg,T10_221,1,train,False,False
T10_d03_223_a_1.jpg,T10_223,1,train,False,False
T10_d03_223_b_1.jpg,T10_223,1,train,False,True
T10_d03_227_a_2.jpg,T10_227,2,train,False,False
T10_d03_227_b_2.jpg,T10_227,2,train,False,False
T10_d03_229_a_1.jpg,T10_229,1,train,False,False
T10_d03_229_b_1.jpg,T10_229,1,train,False,False
T10_d03_233_a_1.jpg,T10_233,1,train,False,True
T10_d03_233_b_1.jpg,T10_233,1,train,False,True
T10_d03_234_a_1.jpg,T10_234,1,train,False,False
T10_d03_234_b_1.jpg,T10_234,1,train,False,False
T10_d03_236_a_1.jpg,T10_236,1,train,False,True
T10_d03_236_b_1.jpg,T10_236,1,train,False,True
T10_d03_237_a_1.jpg,T10_237,1,train,False,False
T10_d03_237_b_1.jpg,T10_237,1,train,False,False
T10_d03_243_a_1.jpg,T10_243,1,train,False,False
T10_d03_243_b_1.jpg,T10_243,1,train,False,False
T10_d03_245_a_1.jpg,T10_245,1,train,False,False
T10_d03_245_b_1.jpg,T10_245,1,train,False,False
T10_d03_250_a_1.jpg,T10_250,1,train,False,False
T10_d03_250_b_1.jpg,T10_250,1,train,False,False
T10_d03_252_a_1.jpg,T10_252,1,train,False,False
T10_d03_252_b_1.jpg,T10_252,1,train,False,False
T10_d03_253_a_1.jpg,T10_253,1,val,False,False
T10_d03_253_b_1.jpg,T10_253,1,val,False,True
T10_d03_254_a_1.jpg,T10_254,1,val,False,False
T10_d03_254_b_1.jpg,T10_254,1,val,False,False
T10_d03_262_a_1.jpg,T10_262,1,train,False,False
T10_d03_262_b_1.jpg,T10_262,1,train,False,False
T10_d03_266_a_1.jpg,T10_266,1,train,False,False
T10_d03_266_b_1.jpg,T10_266,1,train,False,False
T10_d03_269_a_1.jpg,T10_269,1,train,False,True
T10_d03_269_b_1.jpg,T10_269,1,train,False,True
T10_d03_274_a_1.jpg,T10_274,1,train,True,False
T10_d03_274_b_1.jpg,T10_274,1,train,True,False
T10_d03_275_a_1.jpg,T10_275,1,test,False,False
T10_d03_275_b_1.jpg,T10_275,1,test,False,False
T10_d03_276_a_1.jpg,T10_276,1,train,False,False
T10_d03_276_b_1.jpg,T10_276,1,train,False,False
T10_d03_282_a_1.jpg,T10_282,1,train,False,False
T10_d03_282_b_1.jpg,T10_282,1,train,False,False
T10_d03_283_a_1.jpg,T10_283,1,train,False,False
T10_d03_283_b_1.jpg,T10_283,1,train,False,False
T10_d03_284_a_1.jpg,T10_284,1,train,False,False
T10_d03_284_b_1.jpg,T10_284,1,train,False,False
T10_d03_290_a_1.jpg,T10_290,1,train,False,True
T10_d03_290_b_1.jpg,T10_290,1,train,False,False
T10_d03_292_a_1.jpg,T10_292,1,val,False,False
T10_d03_292_b_1.jpg,T10_292,1,val,False,False
T10_d03_294_a_1.jpg,T10_294,1,train,False,False
T10_d03_294_b_1.jpg,T10_294,1,train,False,True
T10_d03_295_a_1.jpg,T10_295,1,train,False,False
T10_d03_295_b_1.jpg,T10_295,1,train,False,False
T10_d03_296_a_1.jpg,T10_296,1,train,False,False
T10_d03_296_b_1.jpg,T10_296,1,train,False,False
T10_d03_298_a_1.jpg,T10_298,1,test,True,False
T10_d03_298_b_1.jpg,T10_298,1,test,True,False
T10_d03_306_a_1.jpg,T10_306,1,train,False,False
T10_d03_306_b_1.jpg,T10_306,1,train,False,False
T10_d03_310_a_1.jpg,T10_310,1,val,False,False
T10_d03_310_b_1.jpg,T10_310,1,val,False,False
T10_d03_314_a_1.jpg,T10_314,1,train,True,False
T10_d03_314_b_1.jpg,T10_314,1,train,True,False
T10_d03_315_a_1.jpg,T10_315,1,train,False,False
T10_d03_315_b_1.jpg,T10_315,1,train,False,True
T10_d03_325_a_1.jpg,T10_325,1,train,False,True
T10_d03_325_b_1.jpg,T10_325,1,train,False,False
T10_d03_326_a_1.jpg,T10_326,1,train,False,False
T10_d03_326_b_1.jpg,T10_326,1,train,False,False
T10_d03_327_a_1.jpg,T10_327,1,train,False,False
T10_d03_327_b_1.jpg,T10_327,1,train,False,False
T10_d03_328_a_1.jpg,T10_328,1,train,False,False
T10_d03_328_b_1.jpg,T10_328,1,train,False,False
T10_d03_330_a_1.jpg,T10_330,1,train,False,False
T10_d03_330_b_1.jpg,T10_330,1,train,False,False
T10_d03_331_a_1.jpg,T10_331,1,test,False,False
T10_d03_331_b_1.jpg,T10_331,1,test,False,False
T10_d03_333_a_1.jpg,T10_333,1,train,False,False
T10_d03_333_b_1.jpg,T10_333,1,train,False,False
T10_d03_336_a_1.jpg,T10_336,1,train,False,False
T10_d03_336_b_1.jpg,T10_336,1,train,False,False
T10_d03_337_a_1.jpg,T10_337,1,train,False,False
T10_d03_337_b_1.jpg,T10_337,1,train,False,False
T10_d03_338_a_1.jpg,T10_338,1,train,False,False
T10_d03_338_b_1.jpg,T10_338,1,train,False,False
T10_d03_349_a_1.jpg,T10_349,1,train,False,False
T10_d03_349_b_1.jpg,T10_349,1,train,False,False
T10_d03_350_a_1.jpg,T10_350,1,train,False,False
T10_d03_350_b_1.jpg,T10_350,1,train,False,False
T10_d03_351_a_1.jpg,T10_351,1,train,False,False
T10_d03_351_b_1.jpg,T10_351,1,train,False,False
T10_d03_353_a_1.jpg,T10_353,1,val,False,False
T10_d03_353_b_1.jpg,T10_353,1,val,False,False
T10_d03_355_a_1.jpg,T10_355,1,train,False,False
T10_d03_355_b_1.jpg,T10_355,1,train,False,False
T10_d03_357_a_1.jpg,T10_357,1,train,False,False
T10_d03_357_b_1.jpg,T10_357,1,train,False,False
T10_d03_358_a_1.jpg,T10_358,1,train,True,False
T10_d03_358_b_1.jpg,T10_358,1,train,True,False
T10_d03_365_a_1.jpg,T10_365,1,train,False,False
T10_d03_365_b_1.jpg,T10_365,1,train,False,False
T10_d03_366_a_1.jpg,T10_366,1,train,False,False
T10_d03_366_b_1.jpg,T10_366,1,train,False,False
T10_d03_367_a_1.jpg,T10_367,1,train,False,False
T10_d03_367_b_1.jpg,T10_367,1,train,False,False
T10_d03_368_a_1.jpg,T10_368,1,val,False,False
T10_d03_368_b_1.jpg,T10_368,1,val,False,False
T10_d03_372_a_1.jpg,T10_372,1,train,False,False
T10_d03_372_b_1.jpg,T10_372,1,train,False,False
T10_d03_373_a_1.jpg,T10_373,1,val,False,False
T10_d03_373_b_1.jpg,T10_373,1,val,False,False
T10_d03_375_a_1.jpg,T10_375,1,val,False,False
T10_d03_375_b_1.jpg,T10_375,1,val,False,False
T10_d03_376_a_1.jpg,T10_376,1,train,False,False
T10_d03_376_b_1.jpg,T10_376,1,train,False,False
T10_d03_377_a_1.jpg,T10_377,1,train,False,True
T10_d03_377_b_1.jpg,T10_377,1,train,False,True
T10_d03_381_a_1.jpg,T10_381,1,train,False,False
T10_d03_381_b_1.jpg,T10_381,1,train,False,False
T10_d03_382_a_1.jpg,T10_382,1,train,False,False
T10_d03_382_b_1.jpg,T10_382,1,train,False,False
T10_d03_385_a_1.jpg,T10_385,1,val,False,False
T10_d03_385_b_1.jpg,T10_385,1,val,False,False
T10_d03_387_a_1.jpg,T10_387,1,train,False,True
T10_d03_387_b_1.jpg,T10_387,1,train,False,False
T10_d03_392_a_1.jpg,T10_392,1,test,False,False
T10_d03_392_b_1.jpg,T10_392,1,test,False,False
T10_d03_393_a_1.jpg,T10_393,1,val,False,False
T10_d03_393_b_1.jpg,T10_393,1,val,False,False
T10_d03_395_a_1.jpg,T10_395,1,test,False,False
T10_d03_395_b_1.jpg,T10_395,1,test,False,False
T10_d03_398_a_1.jpg,T10_398,1,val,False,False
T10_d03_398_b_1.jpg,T10_398,1,val,False,False
T10_d03_399_a_1.jpg,T10_399,1,val,False,False
T10_d03_399_b_1.jpg,T10_399,1,val,False,False
T10_d03_400_a_1.jpg,T10_400,1,train,False,False
T10_d03_400_b_1.jpg,T10_400,1,train,False,False
T10_d03_401_a_1.jpg,T10_401,1,train,False,False
T10_d03_401_b_1.jpg,T10_401,1,train,False,False
T10_d03_402_a_1.jpg,T10_402,1,val,False,False
T10_d03_402_b_1.jpg,T10_402,1,val,False,False
T10_d03_405_a_1.jpg,T10_405,1,train,False,False
T10_d03_405_b_1.jpg,T10_405,1,train,False,False
T10_d03_406_a_1.jpg,T10_406,1,val,False,False
T10_d03_406_b_1.jpg,T10_406,1,val,False,False
T10_d03_408_a_1.jpg,T10_408,1,train,False,False
T10_d03_408_b_1.jpg,T10_408,1,train,False,False
T10_d03_410_a_1.jpg,T10_410,1,train,False,False
T10_d03_410_b_1.jpg,T10_410,1,train,False,False
T10_d03_411_a_1.jpg,T10_411,1,val,False,False
T10_d03_411_b_1.jpg,T10_411,1,val,False,False
T10_d03_413_a_1.jpg,T10_413,1,train,False,False
T10_d03_413_b_1.jpg,T10_413,1,train,False,False
T10_d03_414_a_1.jpg,T10_414,1,train,False,False
T10_d03_414_b_1.jpg,T10_414,1,train,False,False
T10_d03_415_a_1.jpg,T10_415,1,train,False,False
T10_d03_415_b_1.jpg,T10_415,1,train,False,False
T10_d03_420_a_1.jpg,T10_420,1,train,False,False
T10_d03_420_b_1.jpg,T10_420,1,train,False,False
T10_d03_422_a_1.jpg,T10_422,1,train,False,False
T10_d03_422_b_1.jpg,T10_422,1,train,False,False
T10_d03_425_a_1.jpg,T10_425,1,train,False,False
T10_d03_425_b_1.jpg,T10_425,1,train,False,True
T10_d03_429_a_1.jpg,T10_429,1,train,False,False
T10_d03_429_b_1.jpg,T10_429,1,train,False,False
T10_d03_430_a_1.jpg,T10_430,1,val,False,False
T10_d03_430_b_1.jpg,T10_430,1,val,False,False
T10_d03_442_a_1.jpg,T10_442,1,train,False,False
T10_d03_442_b_1.jpg,T10_442,1,train,False,False
T10_d03_444_a_1.jpg,T10_444,1,train,False,False
T10_d03_444_b_1.jpg,T10_444,1,train,False,False
T10_d03_445_a_1.jpg,T10_445,1,train,False,False
T10_d03_445_b_1.jpg,T10_445,1,train,False,True
T10_d03_446_a_1.jpg,T10_446,1,train,False,False
T10_d03_446_b_1.jpg,T10_446,1,train,False,False
T10_d03_447_a_1.jpg,T10_447,1,train,False,False
T10_d03_447_b_1.jpg,T10_447,1,train,False,False
T10_d03_448_a_1.jpg,T10_448,1,train,False,False
T10_d03_448_b_1.jpg,T10_448,1,train,False,False
T10_d03_449_a_1.jpg,T10_449,1,train,False,False
T10_d03_449_b_1.jpg,T10_449,1,train,False,False
T10_d03_450_a_1.jpg,T10_450,1,val,False,False
T10_d03_450_b_1.jpg,T10_450,1,val,False,False
T10_d03_451_a_1.jpg,T10_451,1,val,False,False
T10_d03_451_b_1.jpg,T10_451,1,val,False,False
T10_d03_452_a_1.jpg,T10_452,1,val,False,False
T10_d03_452_b_1.jpg,T10_452,1,val,False,False
T10_d03_454_a_1.jpg,T10_454,1,train,False,False
T10_d03_454_b_1.jpg,T10_454,1,train,False,False
T10_d03_458_a_1.jpg,T10_458,1,train,False,False
T10_d03_458_b_1.jpg,T10_458,1,train,False,False
T10_d03_459_a_1.jpg,T10_459,1,train,False,True
T10_d03_459_b_1.jpg,T10_459,1,train,False,False
T10_d03_470_a_1.jpg,T10_470,1,train,False,False
T10_d03_470_b_1.jpg,T10_470,1,train,False,False
T10_d03_471_a_1.jpg,T10_471,1,test,False,False
T10_d03_471_b_1.jpg,T10_471,1,test,False,False
T10_d03_475_a_1.jpg,T10_475,1,train,False,False
T10_d03_475_b_1.jpg,T10_475,1,train,False,True
T10_d03_478_a_1.jpg,T10_478,1,val,False,True
T10_d03_478_b_1.jpg,T10_478,1,val,False,False
T10_d04_002_a_1.jpg,T10_002,1,train,False,False
T10_d04_002_b_1.jpg,T10_002,1,train,False,False
T10_d04_003_a_1.jpg,T10_003,1,train,False,False
T10_d04_003_b_1.jpg,T10_003,1,train,False,False
T10_d04_007_a_1.jpg,T10_007,1,train,False,True
T10_d04_007_b_1.jpg,T10_007,1,train,False,False
T10_d04_011_a_1.jpg,T10_011,1,train,False,False
T10_d04_011_b_1.jpg,T10_011,1,train,False,False
T10_d04_012_a_1.jpg,T10_012,1,val,False,True
T10_d04_012_b_1.jpg,T10_012,1,val,False,False
T10_d04_013_a_1.jpg,T10_013,1,train,False,False
T10_d04_013_b_1.jpg,T10_013,1,train,False,True
T10_d04_014_a_1.jpg,T10_014,1,val,False,False
T10_d04_014_b_1.jpg,T10_014,1,val,False,False
T10_d04_015_a_1.jpg,T10_015,1,test,False,False
T10_d04_015_b_1.jpg,T10_015,1,test,False,False
T10_d04_018_a_1.jpg,T10_018,1,val,False,True
T10_d04_018_b_1.jpg,T10_018,1,val,False,True
T10_d04_021_a_1.jpg,T10_021,1,train,False,False
T10_d04_021_b_1.jpg,T10_021,1,train,False,False
T10_d04_022_a_1.jpg,T10_022,1,train,False,False
T10_d04_022_b_1.jpg,T10_022,1,train,False,False
T10_d04_026_a_1.jpg,T10_026,1,train,False,True
T10_d04_026_b_1.jpg,T10_026,1,train,False,False
T10_d04_027_a_1.jpg,T10_027,1,train,False,False
T10_d04_027_b_1.jpg,T10_027,1,train,False,False
T10_d04_033_a_1.jpg,T10_033,1,val,False,False
T10_d04_033_b_1.jpg,T10_033,1,val,False,False
T10_d04_034_a_1.jpg,T10_034,1,train,False,False
T10_d04_034_b_1.jpg,T10_034,1,train,False,False
T10_d04_035_a_1.jpg,T10_035,1,val,False,False
T10_d04_035_b_1.jpg,T10_035,1,val,False,False
T10_d04_037_a_1.jpg,T10_037,1,train,True,False
T10_d04_037_b_1.jpg,T10_037,1,train,True,False
T10_d04_038_a_1.jpg,T10_038,1,val,False,False
T10_d04_038_b_1.jpg,T10_038,1,val,False,False
T10_d04_041_a_1.jpg,T10_041,1,val,False,False
T10_d04_041_b_1.jpg,T10_041,1,val,False,False
T10_d04_045_a_1.jpg,T10_045,1,train,True,False
T10_d04_045_b_1.jpg,T10_045,1,train,True,False
T10_d04_046_a_1.jpg,T10_046,1,train,False,False
T10_d04_046_b_1.jpg,T10_046,1,train,False,False
T10_d04_047_a_1.jpg,T10_047,1,train,False,False
T10_d04_047_b_1.jpg,T10_047,1,train,False,True
T10_d04_048_a_1.jpg,T10_048,1,train,False,False
T10_d04_048_b_1.jpg,T10_048,1,train,False,False
T10_d04_055_a_1.jpg,T10_055,1,train,False,False
T10_d04_055_b_1.jpg,T10_055,1,train,False,False
T10_d04_058_a_1.jpg,T10_058,1,val,False,False
T10_d04_058_b_1.jpg,T10_058,1,val,False,False
T10_d04_061_a_1.jpg,T10_061,1,train,False,False
T10_d04_061_b_1.jpg,T10_061,1,train,False,False
T10_d04_067_a_1.jpg,T10_067,1,train,False,False
T10_d04_067_b_1.jpg,T10_067,1,train,False,False
T10_d04_069_a_1.jpg,T10_069,1,train,False,False
T10_d04_069_b_1.jpg,T10_069,1,train,False,False
T10_d04_072_a_1.jpg,T10_072,1,val,False,True
T10_d04_072_b_1.jpg,T10_072,1,val,False,False
T10_d04_080_a_1.jpg,T10_080,1,val,False,False
T10_d04_080_b_1.jpg,T10_080,1,val,False,False
T10_d04_083_a_1.jpg,T10_083,1,train,False,False
T10_d04_083_b_1.jpg,T10_083,1,train,False,False
T10_d04_087_a_1.jpg,T10_087,1,val,False,False
T10_d04_087_b_1.jpg,T10_087,1,val,False,True
T10_d04_089_a_1.jpg,T10_089,1,train,False,False
T10_d04_089_b_1.jpg,T10_089,1,train,False,False
T10_d04_092_a_1.jpg,T10_092,1,test,False,False
T10_d04_092_b_1.jpg,T10_092,1,test,False,False
T10_d04_093_a_1.jpg,T10_093,1,train,False,False
T10_d04_093_b_1.jpg,T10_093,1,train,False,False
T10_d04_094_a_1.jpg,T10_094,1,train,False,False
T10_d04_094_b_1.jpg,T10_094,1,train,False,False
T10_d04_096_a_1.jpg,T10_096,1,train,False,False
T10_d04_096_b_1.jpg,T10_096,1,train,False,False
T10_d04_097_a_1.jpg,T10_097,1,train,False,False
T10_d04_097_b_1.jpg,T10_097,1,train,False,False
T10_d04_098_a_1.jpg,T10_098,1,train,False,False
T10_d04_098_b_1.jpg,T10_098,1,train,False,False
T10_d04_099_a_1.jpg,T10_099,1,train,False,True
T10_d04_099_b_1.jpg,T10_099,1,train,False,False
T10_d04_100_a_1.jpg,T10_100,1,test,False,False
T10_d04_100_b_1.jpg,T10_100,1,test,False,False
T10_d04_108_a_1.jpg,T10_108,1,train,False,False
T10_d04_108_b_1.jpg,T10_108,1,train,False,False
T10_d04_110_a_1.jpg,T10_110,1,train,False,False
T10_d04_110_b_1.jpg,T10_110,1,train,False,False
T10_d04_111_a_1.jpg,T10_111,1,val,False,False
T10_d04_111_b_1.jpg,T10_111,1,val,False,False
T10_d04_113_a_1.jpg,T10_113,1,train,False,False
T10_d04_113_b_1.jpg,T10_113,1,train,False,False
T10_d04_118_a_1.jpg,T10_118,1,train,False,False
T10_d04_118_b_1.jpg,T10_118,1,train,False,False
T10_d04_122_a_1.jpg,T10_122,1,train,False,False
T10_d04_122_b_1.jpg,T10_122,1,train,False,False
T10_d04_125_a_1.jpg,T10_125,1,train,False,False
T10_d04_125_b_1.jpg,T10_125,1,train,False,False
T10_d04_128_a_1.jpg,T10_128,1,train,False,False
T10_d04_128_b_1.jpg,T10_128,1,train,False,False
T10_d04_129_a_1.jpg,T10_129,1,train,False,False
T10_d04_129_b_1.jpg,T10_129,1,train,False,False
T10_d04_130_a_1.jpg,T10_130,1,train,False,False
T10_d04_130_b_1.jpg,T10_130,1,train,False,False
T10_d04_131_a_1.jpg,T10_131,1,train,False,False
T10_d04_131_b_1.jpg,T10_131,1,train,False,False
T10_d04_133_a_1.jpg,T10_133,1,train,False,False
T10_d04_133_b_1.jpg,T10_133,1,train,False,False
T10_d04_136_a_1.jpg,T10_136,1,val,False,False
T10_d04_136_b_1.jpg,T10_136,1,val,False,False
T10_d04_138_a_1.jpg,T10_138,1,train,False,False
T10_d04_138_b_1.jpg,T10_138,1,train,False,False
T10_d04_145_a_1.jpg,T10_145,1,train,False,False
T10_d04_145_b_1.jpg,T10_145,1,train,False,False
T10_d04_148_a_1.jpg,T10_148,1,train,True,False
T10_d04_148_b_1.jpg,T10_148,1,train,True,False
T10_d04_149_a_1.jpg,T10_149,1,train,False,False
T10_d04_149_b_1.jpg,T10_149,1,train,False,False
T10_d04_152_a_1.jpg,T10_152,1,train,False,False
T10_d04_152_b_1.jpg,T10_152,1,train,False,False
T10_d04_156_a_1.jpg,T10_156,1,train,False,False
T10_d04_156_b_1.jpg,T10_156,1,train,False,True
T10_d04_162_a_1.jpg,T10_162,1,test,False,False
T10_d04_162_b_1.jpg,T10_162,1,test,False,False
T10_d04_163_a_1.jpg,T10_163,1,train,False,False
T10_d04_163_b_1.jpg,T10_163,1,train,False,False
T10_d04_165_a_1.jpg,T10_165,1,train,False,False
T10_d04_165_b_1.jpg,T10_165,1,train,False,False
T10_d04_166_a_1.jpg,T10_166,1,train,False,False
T10_d04_166_b_1.jpg,T10_166,1,train,False,False
T10_d04_167_a_1.jpg,T10_167,1,train,False,False
T10_d04_167_b_1.jpg,T10_167,1,train,False,False
T10_d04_168_a_1.jpg,T10_168,1,train,False,False
T10_d04_168_b_1.jpg,T10_168,1,train,False,False
T10_d04_172_a_1.jpg,T10_172,1,train,False,False
T10_d04_172_b_1.jpg,T10_172,1,train,False,False
T10_d04_180_a_1.jpg,T10_180,1,train,True,False
T10_d04_180_b_1.jpg,T10_180,1,train,True,False
T10_d04_181_a_1.jpg,T10_181,1,train,False,False
T10_d04_181_b_1.jpg,T10_181,1,train,False,False
T10_d04_186_a_1.jpg,T10_186,1,val,False,False
T10_d04_186_b_1.jpg,T10_186,1,val,False,False
T10_d04_193_a_1.jpg,T10_193,1,train,False,False
T10_d04_193_b_1.jpg,T10_193,1,train,False,False
T10_d04_194_a_1.jpg,T10_194,1,train,False,False
T10_d04_194_b_1.jpg,T10_194,1,train,False,False
T10_d04_196_a_1.jpg,T10_196,1,train,False,False
T10_d04_196_b_1.jpg,T10_196,1,train,False,False
T10_d04_202_a_1.jpg,T10_202,1,train,False,False
T10_d04_202_b_1.jpg,T10_202,1,train,False,False
T10_d04_204_a_1.jpg,T10_204,1,train,False,False
T10_d04_204_b_1.jpg,T10_204,1,train,False,False
T10_d04_206_a_1.jpg,T10_206,1,train,False,False
T10_d04_206_b_1.jpg,T10_206,1,train,False,False
T10_d04_211_a_1.jpg,T10_211,1,train,False,False
T10_d04_211_b_1.jpg,T10_211,1,train,False,False
T10_d04_213_a_1.jpg,T10_213,1,train,False,False
T10_d04_213_b_1.jpg,T10_213,1,train,False,False
T10_d04_215_a_1.jpg,T10_215,1,train,False,False
T10_d04_215_b_1.jpg,T10_215,1,train,False,False
T10_d04_217_a_1.jpg,T10_217,1,train,False,False
T10_d04_217_b_1.jpg,T10_217,1,train,False,False
T10_d04_219_a_1.jpg,T10_219,1,test,False,False
T10_d04_219_b_1.jpg,T10_219,1,test,False,False
T10_d04_220_a_1.jpg,T10_220,1,val,False,False
T10_d04_220_b_1.jpg,T10_220,1,val,False,False
T10_d04_221_a_1.jpg,T10_221,1,train,False,False
T10_d04_221_b_1.jpg,T10_221,1,train,False,False
T10_d04_223_a_1.jpg,T10_223,1,train,False,False
T10_d04_223_b_1.jpg,T10_223,1,train,False,False
T10_d04_227_a_3.jpg,T10_227,3,train,False,False
T10_d04_227_b_3.jpg,T10_227,3,train,False,False
T10_d04_229_a_1.jpg,T10_229,1,train,False,False
T10_d04_229_b_1.jpg,T10_229,1,train,False,False
T10_d04_233_a_1.jpg,T10_233,1,train,False,False
T10_d04_233_b_1.jpg,T10_233,1,train,False,False
T10_d04_234_a_1.jpg,T10_234,1,train,False,False
T10_d04_234_b_1.jpg,T10_234,1,train,False,False
T10_d04_236_a_1.jpg,T10_236,1,train,False,False
T10_d04_236_b_1.jpg,T10_236,1,train,False,False
T10_d04_237_a_1.jpg,T10_237,1,train,False,False
T10_d04_237_b_1.jpg,T10_237,1,train,False,False
T10_d04_243_a_1.jpg,T10_243,1,train,False,False
T10_d04_243_b_1.jpg,T10_243,1,train,False,False
T10_d04_245_a_1.jpg,T10_245,1,train,False,False
T10_d04_245_b_1.jpg,T10_245,1,train,False,False
T10_d04_250_a_1.jpg,T10_250,1,train,False,False
T10_d04_250_b_1.jpg,T10_250,1,train,False,False
T10_d04_252_a_1.jpg,T10_252,1,train,False,False
T10_d04_252_b_1.jpg,T10_252,1,train,False,False
T10_d04_253_a_1.jpg,T10_253,1,val,False,False
T10_d04_253_b_1.jpg,T10_253,1,val,False,False
T10_d04_254_a_1.jpg,T10_254,1,val,False,False
T10_d04_254_b_1.jpg,T10_254,1,val,False,False
T10_d04_262_a_1.jpg,T10_262,1,train,False,False
T10_d04_262_b_1.jpg,T10_262,1,train,False,False
T10_d04_266_a_1.jpg,T10_266,1,train,False,False
T10_d04_266_b_1.jpg,T10_266,1,train,False,False
T10_d04_269_a_1.jpg,T10_269,1,train,False,False
T10_d04_269_b_1.jpg,T10_269,1,train,False,False
T10_d04_274_a_1.jpg,T10_274,1,train,True,False
T10_d04_274_b_1.jpg,T10_274,1,train,True,False
T10_d04_275_a_1.jpg,T10_275,1,test,False,False
T10_d04_275_b_1.jpg,T10_275,1,test,False,False
T10_d04_276_a_1.jpg,T10_276,1,train,False,False
T10_d04_276_b_1.jpg,T10_276,1,train,False,False
T10_d04_282_a_1.jpg,T10_282,1,train,False,False
T10_d04_282_b_1.jpg,T10_282,1,train,False,False
T10_d04_283_a_1.jpg,T10_283,1,train,False,False
T10_d04_283_b_1.jpg,T10_283,1,train,False,False
T10_d04_284_a_2.jpg,T10_284,2,train,False,False
T10_d04_284_b_2.jpg,T10_284,2,train,False,True
T10_d04_290_a_1.jpg,T10_290,1,train,False,False
T10_d04_290_b_1.jpg,T10_290,1,train,False,True
T10_d04_292_a_1.jpg,T10_292,1,val,False,False
T10_d04_292_b_1.jpg,T10_292,1,val,False,False
T10_d04_294_a_1.jpg,T10_294,1,train,False,False
T10_d04_294_b_1.jpg,T10_294,1,train,False,True
T10_d04_295_a_1.jpg,T10_295,1,train,False,False
T10_d04_295_b_1.jpg,T10_295,1,train,False,False
T10_d04_296_a_1.jpg,T10_296,1,train,False,False
T10_d04_296_b_1.jpg,T10_296,1,train,False,False
T10_d04_298_a_1.jpg,T10_298,1,test,True,False
T10_d04_298_b_1.jpg,T10_298,1,test,True,False
T10_d04_306_a_1.jpg,T10_306,1,train,False,False
T10_d04_306_b_1.jpg,T10_306,1,train,False,False
T10_d04_310_a_1.jpg,T10_310,1,val,False,False
T10_d04_310_b_1.jpg,T10_310,1,val,False,False
T10_d04_314_a_1.jpg,T10_314,1,train,True,False
T10_d04_314_b_1.jpg,T10_314,1,train,True,False
T10_d04_315_a_1.jpg,T10_315,1,train,False,False
T10_d04_315_b_1.jpg,T10_315,1,train,False,False
T10_d04_325_a_1.jpg,T10_325,1,train,False,False
T10_d04_325_b_1.jpg,T10_325,1,train,False,False
T10_d04_326_a_1.jpg,T10_326,1,train,False,False
T10_d04_326_b_1.jpg,T10_326,1,train,False,False
T10_d04_327_a_1.jpg,T10_327,1,train,False,False
T10_d04_327_b_1.jpg,T10_327,1,train,False,False
T10_d04_328_a_1.jpg,T10_328,1,train,False,False
T10_d04_328_b_1.jpg,T10_328,1,train,False,False
T10_d04_330_a_1.jpg,T10_330,1,train,False,False
T10_d04_330_b_1.jpg,T10_330,1,train,False,False
T10_d04_331_a_1.jpg,T10_331,1,test,False,False
T10_d04_331_b_1.jpg,T10_331,1,test,False,False
T10_d04_333_a_1.jpg,T10_333,1,train,False,False
T10_d04_333_b_1.jpg,T10_333,1,train,False,False
T10_d04_336_a_1.jpg,T10_336,1,train,False,False
T10_d04_336_b_1.jpg,T10_336,1,train,False,False
T10_d04_337_a_1.jpg,T10_337,1,train,False,False
T10_d04_337_b_1.jpg,T10_337,1,train,False,False
T10_d04_338_a_1.jpg,T10_338,1,train,False,False
T10_d04_338_b_1.jpg,T10_338,1,train,False,False
T10_d04_349_a_1.jpg,T10_349,1,train,False,False
T10_d04_349_b_1.jpg,T10_349,1,train,False,True
T10_d04_350_a_1.jpg,T10_350,1,train,False,False
T10_d04_350_b_1.jpg,T10_350,1,train,False,False
T10_d04_351_a_1.jpg,T10_351,1,train,False,False
T10_d04_351_b_1.jpg,T10_351,1,train,False,False
T10_d04_353_a_1.jpg,T10_353,1,val,False,False
T10_d04_353_b_1.jpg,T10_353,1,val,False,False
T10_d04_355_a_1.jpg,T10_355,1,train,False,False
T10_d04_355_b_1.jpg,T10_355,1,train,False,False
T10_d04_357_a_1.jpg,T10_357,1,train,False,True
T10_d04_357_b_1.jpg,T10_357,1,train,False,False
T10_d04_358_a_1.jpg,T10_358,1,train,True,False
T10_d04_358_b_1.jpg,T10_358,1,train,True,False
T10_d04_365_a_1.jpg,T10_365,1,train,False,False
T10_d04_365_b_1.jpg,T10_365,1,train,False,False
T10_d04_366_a_1.jpg,T10_366,1,train,False,False
T10_d04_366_b_1.jpg,T10_366,1,train,False,False
T10_d04_367_a_1.jpg,T10_367,1,train,False,False
T10_d04_367_b_1.jpg,T10_367,1,train,False,False
T10_d04_368_a_1.jpg,T10_368,1,val,False,False
T10_d04_368_b_1.jpg,T10_368,1,val,False,False
T10_d04_372_a_1.jpg,T10_372,1,train,False,False
T10_d04_372_b_1.jpg,T10_372,1,train,False,False
T10_d04_373_a_1.jpg,T10_373,1,val,False,False
T10_d04_373_b_1.jpg,T10_373,1,val,False,True
T10_d04_375_a_1.jpg,T10_375,1,val,False,False
T10_d04_375_b_1.jpg,T10_375,1,val,False,False
T10_d04_376_a_1.jpg,T10_376,1,train,False,False
T10_d04_376_b_1.jpg,T10_376,1,train,False,False
T10_d04_377_a_1.jpg,T10_377,1,train,False,False
T10_d04_377_b_1.jpg,T10_377,1,train,False,False
T10_d04_381_a_1.jpg,T10_381,1,train,False,False
T10_d04_381_b_1.jpg,T10_381,1,train,False,False
T10_d04_382_a_1.jpg,T10_382,1,train,False,False
T10_d04_382_b_1.jpg,T10_382,1,train,False,False
T10_d04_385_a_1.jpg,T10_385,1,val,False,False
T10_d04_385_b_1.jpg,T10_385,1,val,False,False
T10_d04_387_a_1.jpg,T10_387,1,train,False,False
T10_d04_387_b_1.jpg,T10_387,1,train,False,False
T10_d04_392_a_1.jpg,T10_392,1,test,False,True
T10_d04_392_b_1.jpg,T10_392,1,test,False,False
T10_d04_393_a_1.jpg,T10_393,1,val,False,False
T10_d04_393_b_1.jpg,T10_393,1,val,False,False
T10_d04_395_a_1.jpg,T10_395,1,test,False,False
T10_d04_395_b_1.jpg,T10_395,1,test,False,False
T10_d04_398_a_1.jpg,T10_398,1,val,False,False
T10_d04_398_b_1.jpg,T10_398,1,val,False,False
T10_d04_399_a_1.jpg,T10_399,1,val,False,False
T10_d04_399_b_1.jpg,T10_399,1,val,False,False
T10_d04_400_a_1.jpg,T10_400,1,train,False,False
T10_d04_400_b_1.jpg,T10_400,1,train,False,False
T10_d04_401_a_1.jpg,T10_401,1,train,False,False
T10_d04_401_b_1.jpg,T10_401,1,train,False,False
T10_d04_402_a_1.jpg,T10_402,1,val,False,True
T10_d04_402_b_1.jpg,T10_402,1,val,False,False
T10_d04_405_a_1.jpg,T10_405,1,train,False,False
T10_d04_405_b_1.jpg,T10_405,1,train,False,False
T10_d04_406_a_1.jpg,T10_406,1,val,False,False
T10_d04_406_b_1.jpg,T10_406,1,val,False,False
T10_d04_408_a_1.jpg,T10_408,1,train,False,False
T10_d04_408_b_1.jpg,T10_408,1,train,False,False
T10_d04_410_a_1.jpg,T10_410,1,train,False,False
T10_d04_410_b_1.jpg,T10_410,1,train,False,False
T10_d04_411_a_1.jpg,T10_411,1,val,False,False
T10_d04_411_b_1.jpg,T10_411,1,val,False,False
T10_d04_413_a_1.jpg,T10_413,1,train,False,False
T10_d04_413_b_1.jpg,T10_413,1,train,False,False
T10_d04_414_a_1.jpg,T10_414,1,train,False,False
T10_d04_414_b_1.jpg,T10_414,1,train,False,True
T10_d04_415_a_1.jpg,T10_415,1,train,False,False
T10_d04_415_b_1.jpg,T10_415,1,train,False,False
T10_d04_420_a_1.jpg,T10_420,1,train,False,False
T10_d04_420_b_1.jpg,T10_420,1,train,False,False
T10_d04_422_a_1.jpg,T10_422,1,train,False,False
T10_d04_422_b_1.jpg,T10_422,1,train,False,False
T10_d04_425_a_1.jpg,T10_425,1,train,False,False
T10_d04_425_b_1.jpg,T10_425,1,train,False,False
T10_d04_429_a_1.jpg,T10_429,1,train,False,False
T10_d04_429_b_1.jpg,T10_429,1,train,False,False
T10_d04_430_a_1.jpg,T10_430,1,val,False,False
T10_d04_430_b_1.jpg,T10_430,1,val,False,False
T10_d04_442_a_1.jpg,T10_442,1,train,False,False
T10_d04_442_b_1.jpg,T10_442,1,train,False,False
T10_d04_444_a_1.jpg,T10_444,1,train,False,True
T10_d04_444_b_1.jpg,T10_444,1,train,False,False
T10_d04_445_a_1.jpg,T10_445,1,train,False,False
T10_d04_445_b_1.jpg,T10_445,1,train,False,True
T10_d04_446_a_1.jpg,T10_446,1,train,False,False
T10_d04_446_b_1.jpg,T10_446,1,train,False,False
T10_d04_447_a_1.jpg,T10_447,1,train,False,False
T10_d04_447_b_1.jpg,T10_447,1,train,False,False
T10_d04_448_a_2.jpg,T10_448,2,train,False,False
T10_d04_448_b_2.jpg,T10_448,2,train,False,False
T10_d04_449_a_1.jpg,T10_449,1,train,False,False
T10_d04_449_b_1.jpg,T10_449,1,train,False,False
T10_d04_450_a_1.jpg,T10_450,1,val,False,False
T10_d04_450_b_1.jpg,T10_450,1,val,False,False
T10_d04_451_a_1.jpg,T10_451,1,val,False,False
T10_d04_451_b_1.jpg,T10_451,1,val,False,False
T10_d04_452_a_1.jpg,T10_452,1,val,False,False
T10_d04_452_b_1.jpg,T10_452,1,val,False,False
T10_d04_454_a_1.jpg,T10_454,1,train,False,False
T10_d04_454_b_1.jpg,T10_454,1,train,False,False
T10_d04_458_a_1.jpg,T10_458,1,train,False,True
T10_d04_458_b_1.jpg,T10_458,1,train,False,False
T10_d04_459_a_1.jpg,T10_459,1,train,False,False
T10_d04_459_b_1.jpg,T10_459,1,train,False,False
T10_d04_470_a_1.jpg,T10_470,1,train,False,False
T10_d04_470_b_1.jpg,T10_470,1,train,False,False
T10_d04_471_a_1.jpg,T10_471,1,test,False,False
T10_d04_471_b_1.jpg,T10_471,1,test,False,False
T10_d04_475_a_1.jpg,T10_475,1,train,False,False
T10_d04_475_b_1.jpg,T10_475,1,train,False,False
T10_d04_478_a_1.jpg,T10_478,1,val,False,False
T10_d04_478_b_1.jpg,T10_478,1,val,False,True
T10_d05_002_a_1.jpg,T10_002,1,train,False,False
T10_d05_002_b_1.jpg,T10_002,1,train,False,False
T10_d05_003_a_1.jpg,T10_003,1,train,False,False
T10_d05_003_b_1.jpg,T10_003,1,train,False,False
T10_d05_007_a_1.jpg,T10_007,1,train,False,False
T10_d05_007_b_1.jpg,T10_007,1,train,False,False
T10_d05_011_a_1.jpg,T10_011,1,train,False,False
T10_d05_011_b_1.jpg,T10_011,1,train,False,False
T10_d05_012_a_2.jpg,T10_012,2,val,False,False
T10_d05_012_b_2.jpg,T10_012,2,val,False,True
T10_d05_013_a_1.jpg,T10_013,1,train,False,False
T10_d05_013_b_1.jpg,T10_013,1,train,False,False
T10_d05_014_a_1.jpg,T10_014,1,val,False,False
T10_d05_014_b_1.jpg,T10_014,1,val,False,False
T10_d05_015_a_1.jpg,T10_015,1,test,False,False
T10_d05_015_b_1.jpg,T10_015,1,test,False,False
T10_d05_018_a_1.jpg,T10_018,1,val,False,False
T10_d05_018_b_1.jpg,T10_018,1,val,False,False
T10_d05_021_a_1.jpg,T10_021,1,train,False,False
T10_d05_021_b_1.jpg,T10_021,1,train,False,False
T10_d05_022_a_1.jpg,T10_022,1,train,False,False
T10_d05_022_b_1.jpg,T10_022,1,train,False,False
T10_d05_026_a_2.jpg,T10_026,2,train,False,False
T10_d05_026_b_2.jpg,T10_026,2,train,False,True
T10_d05_027_a_1.jpg,T10_027,1,train,False,False
T10_d05_027_b_1.jpg,T10_027,1,train,False,True
T10_d05_033_a_1.jpg,T10_033,1,val,False,False
T10_d05_033_b_1.jpg,T10_033,1,val,False,False
T10_d05_034_a_1.jpg,T10_034,1,train,False,False
T10_d05_034_b_1.jpg,T10_034,1,train,False,False
T10_d05_035_a_1.jpg,T10_035,1,val,False,False
T10_d05_035_b_1.jpg,T10_035,1,val,False,False
T10_d05_037_a_1.jpg,T10_037,1,train,True,False
T10_d05_037_b_1.jpg,T10_037,1,train,True,False
T10_d05_038_a_2.jpg,T10_038,2,val,False,False
T10_d05_038_b_2.jpg,T10_038,2,val,False,False
T10_d05_041_a_1.jpg,T10_041,1,val,False,False
T10_d05_041_b_1.jpg,T10_041,1,val,False,False
T10_d05_045_a_1.jpg,T10_045,1,train,True,False
T10_d05_045_b_1.jpg,T10_045,1,train,True,False
T10_d05_046_a_1.jpg,T10_046,1,train,False,False
T10_d05_046_b_1.jpg,T10_046,1,train,False,False
T10_d05_047_a_1.jpg,T10_047,1,train,False,False
T10_d05_047_b_1.jpg,T10_047,1,train,False,True
T10_d05_048_a_1.jpg,T10_048,1,train,False,False
T10_d05_048_b_1.jpg,T10_048,1,train,False,False
T10_d05_055_a_1.jpg,T10_055,1,train,False,False
T10_d05_055_b_1.jpg,T10_055,1,train,False,False
T10_d05_058_a_1.jpg,T10_058,1,val,False,False
T10_d05_058_b_1.jpg,T10_058,1,val,False,False
T10_d05_061_a_2.jpg,T10_061,2,train,False,False
T10_d05_061_b_2.jpg,T10_061,2,train,False,False
T10_d05_065_a_3.jpg,T10_065,3,val,False,False
T10_d05_065_b_3.jpg,T10_065,3,val,False,False
T10_d05_067_a_1.jpg,T10_067,1,train,False,False
T10_d05_067_b_1.jpg,T10_067,1,train,False,False
T10_d05_069_a_1.jpg,T10_069,1,train,False,False
T10_d05_069_b_1.jpg,T10_069,1,train,False,False
T10_d05_072_a_1.jpg,T10_072,1,val,False,True
T10_d05_072_b_1.jpg,T10_072,1,val,False,False
T10_d05_080_a_1.jpg,T10_080,1,val,False,False
T10_d05_080_b_1.jpg,T10_080,1,val,False,False
T10_d05_083_a_1.jpg,T10_083,1,train,False,False
T10_d05_083_b_1.jpg,T10_083,1,train,False,False
T10_d05_087_a_1.jpg,T10_087,1,val,False,False
T10_d05_087_b_1.jpg,T10_087,1,val,False,False
T10_d05_089_a_1.jpg,T10_089,1,train,False,False
T10_d05_089_b_1.jpg,T10_089,1,train,False,False
T10_d05_092_a_1.jpg,T10_092,1,test,False,False
T10_d05_092_b_1.jpg,T10_092,1,test,False,False
T10_d05_093_a_1.jpg,T10_093,1,train,False,False
T10_d05_093_b_1.jpg,T10_093,1,train,False,True
T10_d05_094_a_1.jpg,T10_094,1,train,False,False
T10_d05_094_b_1.jpg,T10_094,1,train,False,False
T10_d05_096_a_1.jpg,T10_096,1,train,False,False
T10_d05_096_b_1.jpg,T10_096,1,train,False,False
T10_d05_097_a_1.jpg,T10_097,1,train,False,False
T10_d05_097_b_1.jpg,T10_097,1,train,False,False
T10_d05_098_a_1.jpg,T10_098,1,train,False,True
T10_d05_098_b_1.jpg,T10_098,1,train,False,False
T10_d05_099_a_1.jpg,T10_099,1,train,False,False
T10_d05_099_b_1.jpg,T10_099,1,train,False,False
T10_d05_100_a_1.jpg,T10_100,1,test,False,False
T10_d05_100_b_1.jpg,T10_100,1,test,False,False
T10_d05_108_a_1.jpg,T10_108,1,train,False,True
T10_d05_108_b_1.jpg,T10_108,1,train,False,False
T10_d05_110_a_1.jpg,T10_110,1,train,False,False
T10_d05_110_b_1.jpg,T10_110,1,train,False,False
T10_d05_111_a_1.jpg,T10_111,1,val,False,False
T10_d05_111_b_1.jpg,T10_111,1,val,False,False
T10_d05_113_a_1.jpg,T10_113,1,train,False,False
T10_d05_113_b_1.jpg,T10_113,1,train,False,False
T10_d05_118_a_1.jpg,T10_118,1,train,False,False
T10_d05_118_b_1.jpg,T10_118,1,train,False,False
T10_d05_122_a_1.jpg,T10_122,1,train,False,False
T10_d05_122_b_1.jpg,T10_122,1,train,False,False
T10_d05_125_a_1.jpg,T10_125,1,train,False,False
T10_d05_125_b_1.jpg,T10_125,1,train,False,False
T10_d05_128_a_1.jpg,T10_128,1,train,False,False
T10_d05_128_b_1.jpg,T10_128,1,train,False,False
T10_d05_129_a_1.jpg,T10_129,1,train,False,False
T10_d05_129_b_1.jpg,T10_129,1,train,False,False
T10_d05_130_a_1.jpg,T10_130,1,train,False,False
T10_d05_130_b_1.jpg,T10_130,1,train,False,False
T10_d05_131_a_1.jpg,T10_131,1,train,False,False
T10_d05_131_b_1.jpg,T10_131,1,train,False,False
T10_d05_133_a_2.jpg,T10_133,2,train,False,False
T10_d05_133_b_2.jpg,T10_133,2,train,False,False
T10_d05_136_a_1.jpg,T10_136,1,val,False,False
T10_d05_136_b_1.jpg,T10_136,1,val,False,False
T10_d05_138_a_1.jpg,T10_138,1,train,False,False
T10_d05_138_b_1.jpg,T10_138,1,train,False,False
T10_d05_145_a_1.jpg,T10_145,1,train,False,False
T10_d05_145_b_1.jpg,T10_145,1,train,False,False
T10_d05_148_a_1.jpg,T10_148,1,train,True,False
T10_d05_148_b_1.jpg,T10_148,1,train,True,False
T10_d05_149_a_1.jpg,T10_149,1,train,False,False
T10_d05_149_b_1.jpg,T10_149,1,train,False,False
T10_d05_152_a_1.jpg,T10_152,1,train,False,False
T10_d05_152_b_1.jpg,T10_152,1,train,False,False
T10_d05_156_a_1.jpg,T10_156,1,train,False,False
T10_d05_156_b_1.jpg,T10_156,1,train,False,False
T10_d05_162_a_1.jpg,T10_162,1,test,False,False
T10_d05_162_b_1.jpg,T10_162,1,test,False,False
T10_d05_163_a_2.jpg,T10_163,2,train,False,False
T10_d05_163_b_2.jpg,T10_163,2,train,False,False
T10_d05_165_a_1.jpg,T10_165,1,train,False,False
T10_d05_165_b_1.jpg,T10_165,1,train,False,False
T10_d05_166_a_1.jpg,T10_166,1,train,False,False
T10_d05_166_b_1.jpg,T10_166,1,train,False,False
T10_d05_167_a_1.jpg,T10_167,1,train,False,False
T10_d05_167_b_1.jpg,T10_167,1,train,False,False
T10_d05_168_a_2.jpg,T10_168,2,train,False,False
T10_d05_168_b_2.jpg,T10_168,2,train,False,False
T10_d05_172_a_1.jpg,T10_172,1,train,False,False
T10_d05_172_b_1.jpg,T10_172,1,train,False,True
T10_d05_180_a_1.jpg,T10_180,1,train,True,False
T10_d05_180_b_1.jpg,T10_180,1,train,True,False
T10_d05_181_a_1.jpg,T10_181,1,train,False,False
T10_d05_181_b_1.jpg,T10_181,1,train,False,True
T10_d05_186_a_1.jpg,T10_186,1,val,False,False
T10_d05_186_b_1.jpg,T10_186,1,val,False,True
T10_d05_193_a_1.jpg,T10_193,1,train,False,False
T10_d05_193_b_1.jpg,T10_193,1,train,False,False
T10_d05_194_a_1.jpg,T10_194,1,train,False,False
T10_d05_194_b_1.jpg,T10_194,1,train,False,False
T10_d05_196_a_1.jpg,T10_196,1,train,False,False
T10_d05_196_b_1.jpg,T10_196,1,train,False,False
T10_d05_202_a_2.jpg,T10_202,2,train,False,False
T10_d05_202_b_2.jpg,T10_202,2,train,False,False
T10_d05_204_a_1.jpg,T10_204,1,train,False,False
T10_d05_204_b_1.jpg,T10_204,1,train,False,False
T10_d05_206_a_1.jpg,T10_206,1,train,False,False
T10_d05_206_b_1.jpg,T10_206,1,train,False,False
T10_d05_211_a_1.jpg,T10_211,1,train,False,False
T10_d05_211_b_1.jpg,T10_211,1,train,False,False
T10_d05_213_a_1.jpg,T10_213,1,train,False,False
T10_d05_213_b_1.jpg,T10_213,1,train,False,False
T10_d05_215_a_1.jpg,T10_215,1,train,False,False
T10_d05_215_b_1.jpg,T10_215,1,train,False,False
T10_d05_217_a_1.jpg,T10_217,1,train,False,False
T10_d05_217_b_1.jpg,T10_217,1,train,False,False
T10_d05_219_a_1.jpg,T10_219,1,test,False,False
T10_d05_219_b_1.jpg,T10_219,1,test,False,False
T10_d05_220_a_2.jpg,T10_220,2,val,False,False
T10_d05_220_b_2.jpg,T10_220,2,val,False,False
T10_d05_221_a_1.jpg,T10_221,1,train,False,False
T10_d05_221_b_1.jpg,T10_221,1,train,False,False
T10_d05_223_a_1.jpg,T10_223,1,train,False,False
T10_d05_223_b_1.jpg,T10_223,1,train,False,False
T10_d05_227_a_4.jpg,T10_227,4,train,False,False
T10_d05_227_b_4.jpg,T10_227,4,train,False,True
T10_d05_229_a_1.jpg,T10_229,1,train,False,False
T10_d05_229_b_1.jpg,T10_229,1,train,False,False
T10_d05_233_a_2.jpg,T10_233,2,train,False,False
T10_d05_233_b_2.jpg,T10_233,2,train,False,True
T10_d05_234_a_1.jpg,T10_234,1,train,False,False
T10_d05_234_b_1.jpg,T10_234,1,train,False,False
T10_d05_236_a_1.jpg,T10_236,1,train,False,False
T10_d05_236_b_1.jpg,T10_236,1,train,False,False
T10_d05_237_a_2.jpg,T10_237,2,train,False,False
T10_d05_237_b_2.jpg,T10_237,2,train,False,False
T10_d05_243_a_1.jpg,T10_243,1,train,False,False
T10_d05_243_b_1.jpg,T10_243,1,train,False,False
T10_d05_245_a_1.jpg,T10_245,1,train,False,False
T10_d05_245_b_1.jpg,T10_245,1,train,False,False
T10_d05_250_a_1.jpg,T10_250,1,train,False,False
T10_d05_250_b_1.jpg,T10_250,1,train,False,False
T10_d05_252_a_1.jpg,T10_252,1,train,False,False
T10_d05_252_b_1.jpg,T10_252,1,train,False,False
T10_d05_253_a_2.jpg,T10_253,2,val,False,False
T10_d05_253_b_2.jpg,T10_253,2,val,False,False
T10_d05_254_a_1.jpg,T10_254,1,val,False,False
T10_d05_254_b_1.jpg,T10_254,1,val,False,False
T10_d05_262_a_1.jpg,T10_262,1,train,False,False
T10_d05_262_b_1.jpg,T10_262,1,train,False,False
T10_d05_266_a_1.jpg,T10_266,1,train,False,False
T10_d05_266_b_1.jpg,T10_266,1,train,False,False
T10_d05_269_a_1.jpg,T10_269,1,train,False,False
T10_d05_269_b_1.jpg,T10_269,1,train,False,False
T10_d05_274_a_1.jpg,T10_274,1,train,True,False
T10_d05_274_b_1.jpg,T10_274,1,train,True,False
T10_d05_275_a_1.jpg,T10_275,1,test,False,False
T10_d05_275_b_1.jpg,T10_275,1,test,False,False
T10_d05_276_a_1.jpg,T10_276,1,train,False,False
T10_d05_276_b_1.jpg,T10_276,1,train,False,False
T10_d05_282_a_1.jpg,T10_282,1,train,False,False
T10_d05_282_b_1.jpg,T10_282,1,train,False,False
T10_d05_283_a_2.jpg,T10_283,2,train,False,False
T10_d05_283_b_2.jpg,T10_283,2,train,False,False
T10_d05_284_a_2.jpg,T10_284,2,train,False,False
T10_d05_284_b_2.jpg,T10_284,2,train,False,False
T10_d05_290_a_2.jpg,T10_290,2,train,False,False
T10_d05_290_b_2.jpg,T10_290,2,train,False,False
T10_d05_292_a_1.jpg,T10_292,1,val,False,False
T10_d05_292_b_1.jpg,T10_292,1,val,False,False
T10_d05_294_a_2.jpg,T10_294,2,train,False,False
T10_d05_294_b_2.jpg,T10_294,2,train,False,False
T10_d05_295_a_1.jpg,T10_295,1,train,False,False
T10_d05_295_b_1.jpg,T10_295,1,train,False,False
T10_d05_296_a_1.jpg,T10_296,1,train,False,False
T10_d05_296_b_1.jpg,T10_296,1,train,False,False
T10_d05_298_a_1.jpg,T10_298,1,test,True,False
T10_d05_298_b_1.jpg,T10_298,1,test,True,False
T10_d05_306_a_2.jpg,T10_306,2,train,False,False
T10_d05_306_b_2.jpg,T10_306,2,train,False,False
T10_d05_310_a_1.jpg,T10_310,1,val,False,False
T10_d05_310_b_1.jpg,T10_310,1,val,False,True
T10_d05_314_a_1.jpg,T10_314,1,train,True,False
T10_d05_314_b_1.jpg,T10_314,1,train,True,False
T10_d05_315_a_1.jpg,T10_315,1,train,False,False
T10_d05_315_b_1.jpg,T10_315,1,train,False,False
T10_d05_325_a_1.jpg,T10_325,1,train,False,False
T10_d05_325_b_1.jpg,T10_325,1,train,False,False
T10_d05_326_a_1.jpg,T10_326,1,train,False,False
T10_d05_326_b_1.jpg,T10_326,1,train,False,False
T10_d05_327_a_1.jpg,T10_327,1,train,False,False
T10_d05_327_b_1.jpg,T10_327,1,train,False,False
T10_d05_328_a_1.jpg,T10_328,1,train,False,False
T10_d05_328_b_1.jpg,T10_328,1,train,False,False
T10_d05_330_a_1.jpg,T10_330,1,train,False,False
T10_d05_330_b_1.jpg,T10_330,1,train,False,False
T10_d05_331_a_1.jpg,T10_331,1,test,False,True
T10_d05_331_b_1.jpg,T10_331,1,test,False,False
T10_d05_333_a_1.jpg,T10_333,1,train,False,False
T10_d05_333_b_1.jpg,T10_333,1,train,False,False
T10_d05_336_a_1.jpg,T10_336,1,train,False,False
T10_d05_336_b_1.jpg,T10_336,1,train,False,False
T10_d05_337_a_1.jpg,T10_337,1,train,False,False
T10_d05_337_b_1.jpg,T10_337,1,train,False,False
T10_d05_338_a_1.jpg,T10_338,1,train,False,True
T10_d05_338_b_1.jpg,T10_338,1,train,False,False
T10_d05_349_a_1.jpg,T10_349,1,train,False,False
T10_d05_349_b_1.jpg,T10_349,1,train,False,False
T10_d05_350_a_1.jpg,T10_350,1,train,False,False
T10_d05_350_b_1.jpg,T10_350,1,train,False,False
T10_d05_351_a_1.jpg,T10_351,1,train,False,False
T10_d05_351_b_1.jpg,T10_351,1,train,False,False
T10_d05_353_a_1.jpg,T10_353,1,val,False,False
T10_d05_353_b_1.jpg,T10_353,1,val,False,False
T10_d05_355_a_1.jpg,T10_355,1,train,False,False
T10_d05_355_b_1.jpg,T10_355,1,train,False,False
T10_d05_357_a_1.jpg,T10_357,1,train,False,False
T10_d05_357_b_1.jpg,T10_357,1,train,False,False
T10_d05_358_a_1.jpg,T10_358,1,train,True,False
T10_d05_358_b_1.jpg,T10_358,1,train,True,False
T10_d05_365_a_1.jpg,T10_365,1,train,False,False
T10_d05_365_b_1.jpg,T10_365,1,train,False,False
T10_d05_366_a_1.jpg,T10_366,1,train,False,False
T10_d05_366_b_1.jpg,T10_366,1,train,False,False
T10_d05_367_a_1.jpg,T10_367,1,train,False,False
T10_d05_367_b_1.jpg,T10_367,1,train,False,False
T10_d05_368_a_1.jpg,T10_368,1,val,False,False
T10_d05_368_b_1.jpg,T10_368,1,val,False,False
T10_d05_372_a_1.jpg,T10_372,1,train,False,True
T10_d05_372_b_1.jpg,T10_372,1,train,False,False
T10_d05_373_a_1.jpg,T10_373,1,val,False,False
T10_d05_373_b_1.jpg,T10_373,1,val,False,False
T10_d05_375_a_1.jpg,T10_375,1,val,False,False
T10_d05_375_b_1.jpg,T10_375,1,val,False,False
T10_d05_376_a_1.jpg,T10_376,1,train,False,False
T10_d05_376_b_1.jpg,T10_376,1,train,False,False
T10_d05_377_a_2.jpg,T10_377,2,train,False,False
T10_d05_377_b_2.jpg,T10_377,2,train,False,True
T10_d05_381_a_2.jpg,T10_381,2,train,False,False
T10_d05_381_b_2.jpg,T10_381,2,train,False,False
T10_d05_382_a_1.jpg,T10_382,1,train,False,False
T10_d05_382_b_1.jpg,T10_382,1,train,False,False
T10_d05_385_a_1.jpg,T10_385,1,val,False,True
T10_d05_385_b_1.jpg,T10_385,1,val,False,False
T10_d05_387_a_1.jpg,T10_387,1,train,False,False
T10_d05_387_b_1.jpg,T10_387,1,train,False,True
T10_d05_392_a_1.jpg,T10_392,1,test,False,False
T10_d05_392_b_1.jpg,T10_392,1,test,False,False
T10_d05_393_a_1.jpg,T10_393,1,val,False,False
T10_d05_393_b_1.jpg,T10_393,1,val,False,False
T10_d05_395_a_1.jpg,T10_395,1,test,False,False
T10_d05_395_b_1.jpg,T10_395,1,test,False,False
T10_d05_398_a_2.jpg,T10_398,2,val,False,True
T10_d05_398_b_2.jpg,T10_398,2,val,False,False
T10_d05_399_a_2.jpg,T10_399,2,val,False,False
T10_d05_399_b_2.jpg,T10_399,2,val,False,False
T10_d05_400_a_1.jpg,T10_400,1,train,False,False
T10_d05_400_b_1.jpg,T10_400,1,train,False,False
T10_d05_401_a_1.jpg,T10_401,1,train,False,False
T10_d05_401_b_1.jpg,T10_401,1,train,False,False
T10_d05_402_a_1.jpg,T10_402,1,val,False,False
T10_d05_402_b_1.jpg,T10_402,1,val,False,False
T10_d05_405_a_1.jpg,T10_405,1,train,False,False
T10_d05_405_b_1.jpg,T10_405,1,train,False,False
T10_d05_406_a_2.jpg,T10_406,2,val,False,False
T10_d05_406_b_2.jpg,T10_406,2,val,False,False
T10_d05_408_a_1.jpg,T10_408,1,train,False,False
T10_d05_408_b_1.jpg,T10_408,1,train,False,False
T10_d05_410_a_1.jpg,T10_410,1,train,False,False
T10_d05_410_b_1.jpg,T10_410,1,train,False,False
T10_d05_411_a_1.jpg,T10_411,1,val,False,False
T10_d05_411_b_1.jpg,T10_411,1,val,False,False
T10_d05_413_a_1.jpg,T10_413,1,train,False,False
T10_d05_413_b_1.jpg,T10_413,1,train,False,False
T10_d05_414_a_1.jpg,T10_414,1,train,False,False
T10_d05_414_b_1.jpg,T10_414,1,train,False,False
T10_d05_415_a_1.jpg,T10_415,1,train,False,False
T10_d05_415_b_1.jpg,T10_415,1,train,False,False
T10_d05_420_a_1.jpg,T10_420,1,train,False,False
T10_d05_420_b_1.jpg,T10_420,1,train,False,False
T10_d05_422_a_2.jpg,T10_422,2,train,False,False
T10_d05_422_b_2.jpg,T10_422,2,train,False,False
T10_d05_425_a_1.jpg,T10_425,1,train,False,False
T10_d05_425_b_1.jpg,T10_425,1,train,False,False
T10_d05_429_a_1.jpg,T10_429,1,train,False,False
T10_d05_429_b_1.jpg,T10_429,1,train,False,False
T10_d05_430_a_2.jpg,T10_430,2,val,False,False
T10_d05_430_b_2.jpg,T10_430,2,val,False,False
T10_d05_442_a_1.jpg,T10_442,1,train,False,False
T10_d05_442_b_1.jpg,T10_442,1,train,False,False
T10_d05_444_a_2.jpg,T10_444,2,train,False,False
T10_d05_444_b_2.jpg,T10_444,2,train,False,False
T10_d05_445_a_1.jpg,T10_445,1,train,False,False
T10_d05_445_b_1.jpg,T10_445,1,train,False,False
T10_d05_446_a_1.jpg,T10_446,1,train,False,False
T10_d05_446_b_1.jpg,T10_446,1,train,False,False
T10_d05_447_a_1.jpg,T10_447,1,train,False,False
T10_d05_447_b_1.jpg,T10_447,1,train,False,False
T10_d05_448_a_2.jpg,T10_448,2,train,False,False
T10_d05_448_b_2.jpg,T10_448,2,train,False,True
T10_d05_449_a_1.jpg,T10_449,1,train,False,True
T10_d05_449_b_1.jpg,T10_449,1,train,False,False
T10_d05_450_a_1.jpg,T10_450,1,val,False,False
T10_d05_450_b_1.jpg,T10_450,1,val,False,False
T10_d05_451_a_1.jpg,T10_451,1,val,False,False
T10_d05_451_b_1.jpg,T10_451,1,val,False,False
T10_d05_452_a_1.jpg,T10_452,1,val,False,False
T10_d05_452_b_1.jpg,T10_452,1,val,False,False
T10_d05_454_a_1.jpg,T10_454,1,train,False,False
T10_d05_454_b_1.jpg,T10_454,1,train,False,False
T10_d05_458_a_1.jpg,T10_458,1,train,False,True
T10_d05_458_b_1.jpg,T10_458,1,train,False,False
T10_d05_459_a_1.jpg,T10_459,1,train,False,False
T10_d05_459_b_1.jpg,T10_459,1,train,False,True
T10_d05_470_a_1.jpg,T10_470,1,train,False,False
T10_d05_470_b_1.jpg,T10_470,1,train,False,False
T10_d05_471_a_1.jpg,T10_471,1,test,False,False
T10_d05_471_b_1.jpg,T10_471,1,test,False,False
T10_d05_475_a_1.jpg,T10_475,1,train,False,False
T10_d05_475_b_1.jpg,T10_475,1,train,False,False
T10_d05_478_a_1.jpg,T10_478,1,val,False,False
T10_d05_478_b_1.jpg,T10_478,1,val,False,False
T10_d06_002_a_1.jpg,T10_002,1,train,False,False
T10_d06_002_b_1.jpg,T10_002,1,train,False,False
T10_d06_003_a_1.jpg,T10_003,1,train,False,False
T10_d06_003_b_1.jpg,T10_003,1,train,False,False
T10_d06_007_a_1.jpg,T10_007,1,train,False,False
T10_d06_007_b_1.jpg,T10_007,1,train,False,False
T10_d06_011_a_1.jpg,T10_011,1,train,False,False
T10_d06_011_b_1.jpg,T10_011,1,train,False,False
T10_d06_012_a_2.jpg,T10_012,2,val,False,False
T10_d06_012_b_2.jpg,T10_012,2,val,False,False
T10_d06_013_a_1.jpg,T10_013,1,train,False,False
T10_d06_013_b_1.jpg,T10_013,1,train,False,False
T10_d06_014_a_1.jpg,T10_014,1,val,False,False
T10_d06_014_b_1.jpg,T10_014,1,val,False,False
T10_d06_015_a_1.jpg,T10_015,1,test,False,False
T10_d06_015_b_1.jpg,T10_015,1,test,False,False
T10_d06_018_a_1.jpg,T10_018,1,val,False,True
T10_d06_018_b_1.jpg,T10_018,1,val,False,False
T10_d06_021_a_1.jpg,T10_021,1,train,False,False
T10_d06_021_b_1.jpg,T10_021,1,train,False,False
T10_d06_022_a_1.jpg,T10_022,1,train,False,False
T10_d06_022_b_1.jpg,T10_022,1,train,False,False
T10_d06_026_a_2.jpg,T10_026,2,train,False,False
T10_d06_026_b_2.jpg,T10_026,2,train,False,False
T10_d06_027_a_1.jpg,T10_027,1,train,False,False
T10_d06_027_b_1.jpg,T10_027,1,train,False,False
T10_d06_033_a_1.jpg,T10_033,1,val,False,False
T10_d06_033_b_1.jpg,T10_033,1,val,False,False
T10_d06_034_a_1.jpg,T10_034,1,train,False,False
T10_d06_034_b_1.jpg,T10_034,1,train,False,False
T10_d06_035_a_1.jpg,T10_035,1,val,False,False
T10_d06_035_b_1.jpg,T10_035,1,val,False,False
T10_d06_038_a_2.jpg,T10_038,2,val,False,False
T10_d06_038_b_2.jpg,T10_038,2,val,False,False
T10_d06_041_a_1.jpg,T10_041,1,val,False,False
T10_d06_041_b_1.jpg,T10_041,1,val,False,False
T10_d06_045_a_1.jpg,T10_045,1,train,True,False
T10_d06_045_b_1.jpg,T10_045,1,train,True,False
T10_d06_046_a_1.jpg,T10_046,1,train,False,False
T10_d06_046_b_1.jpg,T10_046,1,train,False,False
T10_d06_047_a_1.jpg,T10_047,1,train,False,False
T10_d06_047_b_1.jpg,T10_047,1,train,False,False
T10_d06_048_a_1.jpg,T10_048,1,train,False,False
T10_d06_048_b_1.jpg,T10_048,1,train,False,False
T10_d06_055_a_1.jpg,T10_055,1,train,False,False
T10_d06_055_b_1.jpg,T10_055,1,train,False,False
T10_d06_058_a_1.jpg,T10_058,1,val,False,False
T10_d06_058_b_1.jpg,T10_058,1,val,False,False
T10_d06_061_a_2.jpg,T10_061,2,train,False,False
T10_d06_061_b_2.jpg,T10_061,2,train,False,False
T10_d06_065_a_3.jpg,T10_065,3,val,False,False
T10_d06_065_b_3.jpg,T10_065,3,val,False,False
T10_d06_067_a_1.jpg,T10_067,1,train,False,False
T10_d06_067_b_1.jpg,T10_067,1,train,False,False
T10_d06_069_a_1.jpg,T10_069,1,train,False,False
T10_d06_069_b_1.jpg,T10_069,1,train,False,False
T10_d06_072_a_1.jpg,T10_072,1,val,False,False
T10_d06_072_b_1.jpg,T10_072,1,val,False,False
T10_d06_080_a_1.jpg,T10_080,1,val,False,False
T10_d06_080_b_1.jpg,T10_080,1,val,False,False
T10_d06_083_a_1.jpg,T10_083,1,train,False,False
T10_d06_083_b_1.jpg,T10_083,1,train,False,False
T10_d06_087_a_1.jpg,T10_087,1,val,False,False
T10_d06_087_b_1.jpg,T10_087,1,val,False,False
T10_d06_089_a_1.jpg,T10_089,1,train,False,False
T10_d06_089_b_1.jpg,T10_089,1,train,False,False
T10_d06_092_a_1.jpg,T10_092,1,test,False,False
T10_d06_092_b_1.jpg,T10_092,1,test,False,False
T10_d06_093_a_1.jpg,T10_093,1,train,False,False
T10_d06_093_b_1.jpg,T10_093,1,train,False,False
T10_d06_094_a_1.jpg,T10_094,1,train,False,False
T10_d06_094_b_1.jpg,T10_094,1,train,False,False
T10_d06_096_a_1.jpg,T10_096,1,train,False,False
T10_d06_096_b_1.jpg,T10_096,1,train,False,False
T10_d06_097_a_1.jpg,T10_097,1,train,False,False
T10_d06_097_b_1.jpg,T10_097,1,train,False,False
T10_d06_098_a_1.jpg,T10_098,1,train,False,False
T10_d06_098_b_1.jpg,T10_098,1,train,False,False
T10_d06_099_a_1.jpg,T10_099,1,train,False,False
T10_d06_099_b_1.jpg,T10_099,1,train,False,False
T10_d06_100_a_1.jpg,T10_100,1,test,False,False
T10_d06_100_b_1.jpg,T10_100,1,test,False,False
T10_d06_108_a_1.jpg,T10_108,1,train,False,False
T10_d06_108_b_1.jpg,T10_108,1,train,False,False
T10_d06_110_a_1.jpg,T10_110,1,train,False,False
T10_d06_110_b_1.jpg,T10_110,1,train,False,False
T10_d06_111_a_1.jpg,T10_111,1,val,False,False
T10_d06_111_b_1.jpg,T10_111,1,val,False,False
T10_d06_113_a_1.jpg,T10_113,1,train,False,False
T10_d06_113_b_1.jpg,T10_113,1,train,False,False
T10_d06_118_a_1.jpg,T10_118,1,train,False,False
T10_d06_118_b_1.jpg,T10_118,1,train,False,False
T10_d06_122_a_1.jpg,T10_122,1,train,False,False
T10_d06_122_b_1.jpg,T10_122,1,train,False,False
T10_d06_125_a_1.jpg,T10_125,1,train,False,False
T10_d06_125_b_1.jpg,T10_125,1,train,False,False
T10_d06_128_a_1.jpg,T10_128,1,train,False,False
T10_d06_128_b_1.jpg,T10_128,1,train,False,True
T10_d06_129_a_1.jpg,T10_129,1,train,False,False
T10_d06_129_b_1.jpg,T10_129,1,train,False,False
T10_d06_130_a_1.jpg,T10_130,1,train,False,False
T10_d06_130_b_1.jpg,T10_130,1,train,False,False
T10_d06_131_a_1.jpg,T10_131,1,train,False,False
T10_d06_131_b_1.jpg,T10_131,1,train,False,False
T10_d06_133_a_2.jpg,T10_133,2,train,False,False
T10_d06_133_b_2.jpg,T10_133,2,train,False,False
T10_d06_136_a_1.jpg,T10_136,1,val,False,False
T10_d06_136_b_1.jpg,T10_136,1,val,False,False
T10_d06_138_a_1.jpg,T10_138,1,train,False,False
T10_d06_138_b_1.jpg,T10_138,1,train,False,False
T10_d06_145_a_1.jpg,T10_145,1,train,False,False
T10_d06_145_b_1.jpg,T10_145,1,train,False,False
T10_d06_148_a_1.jpg,T10_148,1,train,True,False
T10_d06_148_b_1.jpg,T10_148,1,train,True,False
T10_d06_149_a_1.jpg,T10_149,1,train,False,True
T10_d06_149_b_1.jpg,T10_149,1,train,False,False
T10_d06_152_a_1.jpg,T10_152,1,train,False,False
T10_d06_152_b_1.jpg,T10_152,1,train,False,False
T10_d06_156_a_1.jpg,T10_156,1,train,False,False
T10_d06_156_b_1.jpg,T10_156,1,train,False,False
T10_d06_162_a_1.jpg,T10_162,1,test,False,False
T10_d06_162_b_1.jpg,T10_162,1,test,False,False
T10_d06_163_a_2.jpg,T10_163,2,train,False,False
T10_d06_163_b_2.jpg,T10_163,2,train,False,False
T10_d06_165_a_1.jpg,T10_165,1,train,False,False
T10_d06_165_b_1.jpg,T10_165,1,train,False,False
T10_d06_166_a_1.jpg,T10_166,1,train,False,False
T10_d06_166_b_1.jpg,T10_166,1,train,False,False
T10_d06_167_a_1.jpg,T10_167,1,train,False,False
T10_d06_167_b_1.jpg,T10_167,1,train,False,False
T10_d06_168_a_2.jpg,T10_168,2,train,False,False
T10_d06_168_b_2.jpg,T10_168,2,train,False,False
T10_d06_172_a_1.jpg,T10_172,1,train,False,False
T10_d06_172_b_1.jpg,T10_172,1,train,False,False
T10_d06_181_a_1.jpg,T10_181,1,train,False,False
T10_d06_181_b_1.jpg,T10_181,1,train,False,False
T10_d06_186_a_1.jpg,T10_186,1,val,False,True
T10_d06_186_b_1.jpg,T10_186,1,val,False,False
T10_d06_193_a_1.jpg,T10_193,1,train,False,False
T10_d06_193_b_1.jpg,T10_193,1,train,False,False
T10_d06_194_a_1.jpg,T10_194,1,train,False,False
T10_d06_194_b_1.jpg,T10_194,1,train,False,False
T10_d06_196_a_1.jpg,T10_196,1,train,False,False
T10_d06_196_b_1.jpg,T10_196,1,train,False,False
T10_d06_202_a_2.jpg,T10_202,2,train,False,False
T10_d06_202_b_2.jpg,T10_202,2,train,False,True
T10_d06_204_a_1.jpg,T10_204,1,train,False,False
T10_d06_204_b_1.jpg,T10_204,1,train,False,False
T10_d06_206_a_1.jpg,T10_206,1,train,False,False
T10_d06_206_b_1.jpg,T10_206,1,train,False,False
T10_d06_211_a_1.jpg,T10_211,1,train,False,False
T10_d06_211_b_1.jpg,T10_211,1,train,False,False
T10_d06_213_a_1.jpg,T10_213,1,train,False,False
T10_d06_213_b_1.jpg,T10_213,1,train,False,False
T10_d06_215_a_1.jpg,T10_215,1,train,False,False
T10_d06_215_b_1.jpg,T10_215,1,train,False,False
T10_d06_217_a_1.jpg,T10_217,1,train,False,False
T10_d06_217_b_1.jpg,T10_217,1,train,False,False
T10_d06_219_a_1.jpg,T10_219,1,test,False,False
T10_d06_219_b_1.jpg,T10_219,1,test,False,False
T10_d06_220_a_2.jpg,T10_220,2,val,False,False
T10_d06_220_b_2.jpg,T10_220,2,val,False,False
T10_d06_221_a_1.jpg,T10_221,1,train,False,True
T10_d06_221_b_1.jpg,T10_221,1,train,False,False
T10_d06_223_a_1.jpg,T10_223,1,train,False,True
T10_d06_223_b_1.jpg,T10_223,1,train,False,False
T10_d06_227_a_4.jpg,T10_227,4,train,False,False
T10_d06_227_b_4.jpg,T10_227,4,train,False,False
T10_d06_229_a_1.jpg,T10_229,1,train,False,False
T10_d06_229_b_1.jpg,T10_229,1,train,False,False
T10_d06_233_a_2.jpg,T10_233,2,train,False,False
T10_d06_233_b_2.jpg,T10_233,2,train,False,False
T10_d06_234_a_1.jpg,T10_234,1,train,False,False
T10_d06_234_b_1.jpg,T10_234,1,train,False,False
T10_d06_236_a_1.jpg,T10_236,1,train,False,False
T10_d06_236_b_1.jpg,T10_236,1,train,False,False
T10_d06_237_a_2.jpg,T10_237,2,train,False,False
T10_d06_237_b_2.jpg,T10_237,2,train,False,False
T10_d06_243_a_1.jpg,T10_243,1,train,False,False
T10_d06_243_b_1.jpg,T10_243,1,train,False,False
T10_d06_245_a_1.jpg,T10_245,1,train,False,False
T10_d06_245_b_1.jpg,T10_245,1,train,False,False
T10_d06_250_a_1.jpg,T10_250,1,train,False,True
T10_d06_250_b_1.jpg,T10_250,1,train,False,False
T10_d06_252_a_1.jpg,T10_252,1,train,False,False
T10_d06_252_b_1.jpg,T10_252,1,train,False,False
T10_d06_253_a_2.jpg,T10_253,2,val,False,False
T10_d06_253_b_2.jpg,T10_253,2,val,False,False
T10_d06_254_a_1.jpg,T10_254,1,val,False,False
T10_d06_254_b_1.jpg,T10_254,1,val,False,False
T10_d06_262_a_1.jpg,T10_262,1,train,False,False
T10_d06_262_b_1.jpg,T10_262,1,train,False,False
T10_d06_266_a_1.jpg,T10_266,1,train,False,False
T10_d06_266_b_1.jpg,T10_266,1,train,False,False
T10_d06_269_a_1.jpg,T10_269,1,train,False,False
T10_d06_269_b_1.jpg,T10_269,1,train,False,False
T10_d06_274_a_1.jpg,T10_274,1,train,True,False
T10_d06_274_b_1.jpg,T10_274,1,train,True,False
T10_d06_275_a_1.jpg,T10_275,1,test,False,False
T10_d06_275_b_1.jpg,T10_275,1,test,False,False
T10_d06_276_a_1.jpg,T10_276,1,train,False,False
T10_d06_276_b_1.jpg,T10_276,1,train,False,False
T10_d06_282_a_1.jpg,T10_282,1,train,False,False
T10_d06_282_b_1.jpg,T10_282,1,train,False,False
T10_d06_283_a_2.jpg,T10_283,2,train,False,False
T10_d06_283_b_2.jpg,T10_283,2,train,False,False
T10_d06_284_a_2.jpg,T10_284,2,train,False,True
T10_d06_284_b_2.jpg,T10_284,2,train,False,False
T10_d06_290_a_2.jpg,T10_290,2,train,False,False
T10_d06_290_b_2.jpg,T10_290,2,train,False,False
T10_d06_292_a_1.jpg,T10_292,1,val,False,False
T10_d06_292_b_1.jpg,T10_292,1,val,False,False
T10_d06_294_a_2.jpg,T10_294,2,train,False,False
T10_d06_294_b_2.jpg,T10_294,2,train,False,False
T10_d06_295_a_1.jpg,T10_295,1,train,False,False
T10_d06_295_b_1.jpg,T10_295,1,train,False,False
T10_d06_296_a_1.jpg,T10_296,1,train,False,False
T10_d06_296_b_1.jpg,T10_296,1,train,False,False
T10_d06_298_a_1.jpg,T10_298,1,test,True,False
T10_d06_298_b_1.jpg,T10_298,1,test,True,False
T10_d06_306_a_2.jpg,T10_306,2,train,False,False
T10_d06_306_b_2.jpg,T10_306,2,train,False,False
T10_d06_310_a_1.jpg,T10_310,1,val,False,False
T10_d06_310_b_1.jpg,T10_310,1,val,False,False
T10_d06_314_a_1.jpg,T10_314,1,train,True,False
T10_d06_314_b_1.jpg,T10_314,1,train,True,False
T10_d06_315_a_1.jpg,T10_315,1,train,False,False
T10_d06_315_b_1.jpg,T10_315,1,train,False,False
T10_d06_325_a_1.jpg,T10_325,1,train,False,False
T10_d06_325_b_1.jpg,T10_325,1,train,False,False
T10_d06_326_a_1.jpg,T10_326,1,train,False,False
T10_d06_326_b_1.jpg,T10_326,1,train,False,False
T10_d06_327_a_1.jpg,T10_327,1,train,False,False
T10_d06_327_b_1.jpg,T10_327,1,train,False,False
T10_d06_328_a_1.jpg,T10_328,1,train,False,False
T10_d06_328_b_1.jpg,T10_328,1,train,False,False
T10_d06_330_a_1.jpg,T10_330,1,train,False,False
T10_d06_330_b_1.jpg,T10_330,1,train,False,False
T10_d06_331_a_1.jpg,T10_331,1,test,False,False
T10_d06_331_b_1.jpg,T10_331,1,test,False,False
T10_d06_333_a_1.jpg,T10_333,1,train,False,False
T10_d06_333_b_1.jpg,T10_333,1,train,False,False
T10_d06_336_a_1.jpg,T10_336,1,train,False,False
T10_d06_336_b_1.jpg,T10_336,1,train,False,False
T10_d06_337_a_1.jpg,T10_337,1,train,False,False
T10_d06_337_b_1.jpg,T10_337,1,train,False,False
T10_d06_338_a_1.jpg,T10_338,1,train,False,False
T10_d06_338_b_1.jpg,T10_338,1,train,False,False
T10_d06_349_a_1.jpg,T10_349,1,train,False,False
T10_d06_349_b_1.jpg,T10_349,1,train,False,False
T10_d06_350_a_1.jpg,T10_350,1,train,False,False
T10_d06_350_b_1.jpg,T10_350,1,train,False,False
T10_d06_351_a_1.jpg,T10_351,1,train,False,False
T10_d06_351_b_1.jpg,T10_351,1,train,False,False
T10_d06_353_a_1.jpg,T10_353,1,val,False,False
T10_d06_353_b_1.jpg,T10_353,1,val,False,False
T10_d06_355_a_1.jpg,T10_355,1,train,False,False
T10_d06_355_b_1.jpg,T10_355,1,train,False,False
T10_d06_357_a_1.jpg,T10_357,1,train,False,False
T10_d06_357_b_1.jpg,T10_357,1,train,False,False
T10_d06_365_a_1.jpg,T10_365,1,train,False,False
T10_d06_365_b_1.jpg,T10_365,1,train,False,False
T10_d06_366_a_1.jpg,T10_366,1,train,False,False
T10_d06_366_b_1.jpg,T10_366,1,train,False,False
T10_d06_367_a_1.jpg,T10_367,1,train,False,False
T10_d06_367_b_1.jpg,T10_367,1,train,False,False
T10_d06_368_a_1.jpg,T10_368,1,val,False,False
T10_d06_368_b_1.jpg,T10_368,1,val,False,False
T10_d06_372_a_1.jpg,T10_372,1,train,False,False
T10_d06_372_b_1.jpg,T10_372,1,train,False,False
T10_d06_373_a_1.jpg,T10_373,1,val,False,False
T10_d06_373_b_1.jpg,T10_373,1,val,False,False
T10_d06_375_a_1.jpg,T10_375,1,val,False,False
T10_d06_375_b_1.jpg,T10_375,1,val,False,False
T10_d06_376_a_1.jpg,T10_376,1,train,False,False
T10_d06_376_b_1.jpg,T10_376,1,train,False,False
T10_d06_377_a_2.jpg,T10_377,2,train,False,False
T10_d06_377_b_2.jpg,T10_377,2,train,False,False
T10_d06_381_a_2.jpg,T10_381,2,train,False,False
T10_d06_381_b_2.jpg,T10_381,2,train,False,False
T10_d06_382_a_1.jpg,T10_382,1,train,False,False
T10_d06_382_b_1.jpg,T10_382,1,train,False,False
T10_d06_385_a_1.jpg,T10_385,1,val,False,False
T10_d06_385_b_1.jpg,T10_385,1,val,False,False
T10_d06_387_a_1.jpg,T10_387,1,train,False,False
T10_d06_387_b_1.jpg,T10_387,1,train,False,False
T10_d06_392_a_1.jpg,T10_392,1,test,False,False
T10_d06_392_b_1.jpg,T10_392,1,test,False,False
T10_d06_393_a_1.jpg,T10_393,1,val,False,False
T10_d06_393_b_1.jpg,T10_393,1,val,False,False
T10_d06_395_a_1.jpg,T10_395,1,test,False,False
T10_d06_395_b_1.jpg,T10_395,1,test,False,False
T10_d06_398_a_2.jpg,T10_398,2,val,False,False
T10_d06_398_b_2.jpg,T10_398,2,val,False,False
T10_d06_399_a_2.jpg,T10_399,2,val,False,False
T10_d06_399_b_2.jpg,T10_399,2,val,False,False
T10_d06_400_a_1.jpg,T10_400,1,train,False,False
T10_d06_400_b_1.jpg,T10_400,1,train,False,False
T10_d06_401_a_1.jpg,T10_401,1,train,False,False
T10_d06_401_b_1.jpg,T10_401,1,train,False,False
T10_d06_402_a_1.jpg,T10_402,1,val,False,False
T10_d06_402_b_1.jpg,T10_402,1,val,False,False
T10_d06_405_a_1.jpg,T10_405,1,train,False,False
T10_d06_405_b_1.jpg,T10_405,1,train,False,False
T10_d06_406_a_2.jpg,T10_406,2,val,False,False
T10_d06_406_b_2.jpg,T10_406,2,val,False,False
T10_d06_408_a_1.jpg,T10_408,1,train,False,False
T10_d06_408_b_1.jpg,T10_408,1,train,False,False
T10_d06_410_a_1.jpg,T10_410,1,train,False,False
T10_d06_410_b_1.jpg,T10_410,1,train,False,False
T10_d06_411_a_1.jpg,T10_411,1,val,False,False
T10_d06_411_b_1.jpg,T10_411,1,val,False,False
T10_d06_413_a_1.jpg,T10_413,1,train,False,False
T10_d06_413_b_1.jpg,T10_413,1,train,False,False
T10_d06_414_a_1.jpg,T10_414,1,train,False,False
T10_d06_414_b_1.jpg,T10_414,1,train,False,False
T10_d06_415_a_1.jpg,T10_415,1,train,False,False
T10_d06_415_b_1.jpg,T10_415,1,train,False,False
T10_d06_420_a_1.jpg,T10_420,1,train,False,False
T10_d06_420_b_1.jpg,T10_420,1,train,False,False
T10_d06_422_a_2.jpg,T10_422,2,train,False,False
T10_d06_422_b_2.jpg,T10_422,2,train,False,False
T10_d06_425_a_1.jpg,T10_425,1,train,False,False
T10_d06_425_b_1.jpg,T10_425,1,train,False,False
T10_d06_429_a_1.jpg,T10_429,1,train,False,False
T10_d06_429_b_1.jpg,T10_429,1,train,False,True
T10_d06_430_a_2.jpg,T10_430,2,val,False,False
T10_d06_430_b_2.jpg,T10_430,2,val,False,False
T10_d06_442_a_1.jpg,T10_442,1,train,False,False
T10_d06_442_b_1.jpg,T10_442,1,train,False,False
T10_d06_444_a_2.jpg,T10_444,2,train,False,False
T10_d06_444_b_2.jpg,T10_444,2,train,False,False
T10_d06_445_a_1.jpg,T10_445,1,train,False,False
T10_d06_445_b_1.jpg,T10_445,1,train,False,False
T10_d06_446_a_1.jpg,T10_446,1,train,False,False
T10_d06_446_b_1.jpg,T10_446,1,train,False,False
T10_d06_447_a_1.jpg,T10_447,1,train,False,False
T10_d06_447_b_1.jpg,T10_447,1,train,False,False
T10_d06_448_a_3.jpg,T10_448,3,train,False,False
T10_d06_448_b_3.jpg,T10_448,3,train,False,False
T10_d06_449_a_1.jpg,T10_449,1,train,False,False
T10_d06_449_b_1.jpg,T10_449,1,train,False,False
T10_d06_450_a_1.jpg,T10_450,1,val,False,False
T10_d06_450_b_1.jpg,T10_450,1,val,False,False
T10_d06_451_a_1.jpg,T10_451,1,val,False,False
T10_d06_451_b_1.jpg,T10_451,1,val,False,False
T10_d06_452_a_1.jpg,T10_452,1,val,False,False
T10_d06_452_b_1.jpg,T10_452,1,val,False,False
T10_d06_454_a_1.jpg,T10_454,1,train,False,False
T10_d06_454_b_1.jpg,T10_454,1,train,False,False
T10_d06_458_a_1.jpg,T10_458,1,train,False,False
T10_d06_458_b_1.jpg,T10_458,1,train,False,False
T10_d06_459_a_1.jpg,T10_459,1,train,False,False
T10_d06_459_b_1.jpg,T10_459,1,train,False,False
T10_d06_470_a_1.jpg,T10_470,1,train,False,False
T10_d06_470_b_1.jpg,T10_470,1,train,False,False
T10_d06_471_a_1.jpg,T10_471,1,test,False,False
T10_d06_471_b_1.jpg,T10_471,1,test,False,False
T10_d06_475_a_1.jpg,T10_475,1,train,False,False
T10_d06_475_b_1.jpg,T10_475,1,train,False,False
T10_d06_478_a_1.jpg,T10_478,1,val,False,False
T10_d06_478_b_1.jpg,T10_478,1,val,False,False
T10_d07_002_a_1.jpg,T10_002,1,train,False,False
T10_d07_002_b_1.jpg,T10_002,1,train,False,False
T10_d07_003_a_1.jpg,T10_003,1,train,False,True
T10_d07_003_b_1.jpg,T10_003,1,train,False,False
T10_d07_007_a_1.jpg,T10_007,1,train,False,False
T10_d07_007_b_1.jpg,T10_007,1,train,False,False
T10_d07_011_a_1.jpg,T10_011,1,train,False,False
T10_d07_011_b_1.jpg,T10_011,1,train,False,False
T10_d07_012_a_2.jpg,T10_012,2,val,False,False
T10_d07_012_b_2.jpg,T10_012,2,val,False,False
T10_d07_013_a_1.jpg,T10_013,1,train,False,False
T10_d07_013_b_1.jpg,T10_013,1,train,False,False
T10_d07_014_a_1.jpg,T10_014,1,val,False,False
T10_d07_014_b_1.jpg,T10_014,1,val,False,False
T10_d07_015_a_1.jpg,T10_015,1,test,False,False
T10_d07_015_b_1.jpg,T10_015,1,test,False,False
T10_d07_018_a_2.jpg,T10_018,2,val,False,False
T10_d07_018_b_2.jpg,T10_018,2,val,False,False
T10_d07_021_a_1.jpg,T10_021,1,train,False,False
T10_d07_021_b_1.jpg,T10_021,1,train,False,False
T10_d07_022_a_2.jpg,T10_022,2,train,False,False
T10_d07_022_b_2.jpg,T10_022,2,train,False,False
T10_d07_026_a_2.jpg,T10_026,2,train,False,False
T10_d07_026_b_2.jpg,T10_026,2,train,False,False
T10_d07_027_a_1.jpg,T10_027,1,train,False,False
T10_d07_027_b_1.jpg,T10_027,1,train,False,False
T10_d07_033_a_1.jpg,T10_033,1,val,False,False
T10_d07_033_b_1.jpg,T10_033,1,val,False,False
T10_d07_034_a_2.jpg,T10_034,2,train,False,False
T10_d07_034_b_2.jpg,T10_034,2,train,False,False
T10_d07_035_a_2.jpg,T10_035,2,val,False,False
T10_d07_035_b_2.jpg,T10_035,2,val,False,False
T10_d07_038_a_2.jpg,T10_038,2,val,False,False
T10_d07_038_b_2.jpg,T10_038,2,val,False,False
T10_d07_041_a_1.jpg,T10_041,1,val,False,False
T10_d07_041_b_1.jpg,T10_041,1,val,False,False
T10_d07_045_a_1.jpg,T10_045,1,train,True,False
T10_d07_045_b_1.jpg,T10_045,1,train,True,False
T10_d07_046_a_1.jpg,T10_046,1,train,False,False
T10_d07_046_b_1.jpg,T10_046,1,train,False,False
T10_d07_047_a_1.jpg,T10_047,1,train,False,False
T10_d07_047_b_1.jpg,T10_047,1,train,False,False
T10_d07_048_a_1.jpg,T10_048,1,train,False,False
T10_d07_048_b_1.jpg,T10_048,1,train,False,False
T10_d07_055_a_1.jpg,T10_055,1,train,False,False
T10_d07_055_b_1.jpg,T10_055,1,train,False,False
T10_d07_058_a_1.jpg,T10_058,1,val,False,False
T10_d07_058_b_1.jpg,T10_058,1,val,False,False
T10_d07_061_a_2.jpg,T10_061,2,train,False,False
T10_d07_061_b_2.jpg,T10_061,2,train,False,False
T10_d07_065_a_3.jpg,T10_065,3,val,False,True
T10_d07_065_b_3.jpg,T10_065,3,val,False,False
T10_d07_067_a_1.jpg,T10_067,1,train,False,False
T10_d07_067_b_1.jpg,T10_067,1,train,False,False
T10_d07_069_a_2.jpg,T10_069,2,train,False,False
T10_d07_069_b_2.jpg,T10_069,2,train,False,True
T10_d07_072_a_1.jpg,T10_072,1,val,False,False
T10_d07_072_b_1.jpg,T10_072,1,val,False,False
T10_d07_080_a_1.jpg,T10_080,1,val,False,False
T10_d07_080_b_1.jpg,T10_080,1,val,False,False
T10_d07_083_a_1.jpg,T10_083,1,train,False,False
T10_d07_083_b_1.jpg,T10_083,1,train,False,False
T10_d07_087_a_2.jpg,T10_087,2,val,False,False
T10_d07_087_b_2.jpg,T10_087,2,val,False,True
T10_d07_089_a_1.jpg,T10_089,1,train,False,False
T10_d07_089_b_1.jpg,T10_089,1,train,False,False
T10_d07_092_a_1.jpg,T10_092,1,test,False,False
T10_d07_092_b_1.jpg,T10_092,1,test,False,True
T10_d07_093_a_1.jpg,T10_093,1,train,False,False
T10_d07_093_b_1.jpg,T10_093,1,train,False,False
T10_d07_094_a_1.jpg,T10_094,1,train,False,False
T10_d07_094_b_1.jpg,T10_094,1,train,False,False
T10_d07_096_a_1.jpg,T10_096,1,train,False,False
T10_d07_096_b_1.jpg,T10_096,1,train,False,False
T10_d07_097_a_1.jpg,T10_097,1,train,False,False
T10_d07_097_b_1.jpg,T10_097,1,train,False,False
T10_d07_098_a_1.jpg,T10_098,1,train,False,False
T10_d07_098_b_1.jpg,T10_098,1,train,False,False
T10_d07_099_a_1.jpg,T10_099,1,train,False,False
T10_d07_099_b_1.jpg,T10_099,1,train,False,False
T10_d07_100_a_1.jpg,T10_100,1,test,False,False
T10_d07_100_b_1.jpg,T10_100,1,test,False,False
T10_d07_108_a_1.jpg,T10_108,1,train,False,False
T10_d07_108_b_1.jpg,T10_108,1,train,False,False
T10_d07_110_a_1.jpg,T10_110,1,train,False,False
T10_d07_110_b_1.jpg,T10_110,1,train,False,False
T10_d07_111_a_1.jpg,T10_111,1,val,False,False
T10_d07_111_b_1.jpg,T10_111,1,val,False,False
T10_d07_113_a_1.jpg,T10_113,1,train,False,False
T10_d07_113_b_1.jpg,T10_113,1,train,False,False
T10_d07_118_a_1.jpg,T10_118,1,train,False,False
T10_d07_118_b_1.jpg,T10_118,1,train,False,False
T10_d07_122_a_1.jpg,T10_122,1,train,False,False
T10_d07_122_b_1.jpg,T10_122,1,train,False,False
T10_d07_125_a_1.jpg,T10_125,1,train,False,False
T10_d07_125_b_1.jpg,T10_125,1,train,False,False
T10_d07_128_a_1.jpg,T10_128,1,train,False,False
T10_d07_128_b_1.jpg,T10_128,1,train,False,False
T10_d07_129_a_1.jpg,T10_129,1,train,False,False
T10_d07_129_b_1.jpg,T10_129,1,train,False,False
T10_d07_130_a_1.jpg,T10_130,1,train,False,False
T10_d07_130_b_1.jpg,T10_130,1,train,False,False
T10_d07_131_a_1.jpg,T10_131,1,train,False,False
T10_d07_131_b_1.jpg,T10_131,1,train,False,False
T10_d07_133_a_2.jpg,T10_133,2,train,False,False
T10_d07_133_b_2.jpg,T10_133,2,train,False,False
T10_d07_136_a_1.jpg,T10_136,1,val,False,False
T10_d07_136_b_1.jpg,T10_136,1,val,False,False
T10_d07_138_a_1.jpg,T10_138,1,train,False,False
T10_d07_138_b_1.jpg,T10_138,1,train,False,False
T10_d07_145_a_1.jpg,T10_145,1,train,False,False
T10_d07_145_b_1.jpg,T10_145,1,train,False,False
T10_d07_148_a_1.jpg,T10_148,1,train,True,False
T10_d07_148_b_1.jpg,T10_148,1,train,True,False
T10_d07_149_a_1.jpg,T10_149,1,train,False,False
T10_d07_149_b_1.jpg,T10_149,1,train,False,False
T10_d07_152_a_1.jpg,T10_152,1,train,False,False
T10_d07_152_b_1.jpg,T10_152,1,train,False,False
T10_d07_156_a_1.jpg,T10_156,1,train,False,False
T10_d07_156_b_1.jpg,T10_156,1,train,False,False
T10_d07_162_a_1.jpg,T10_162,1,test,False,True
T10_d07_162_b_1.jpg,T10_162,1,test,False,False
T10_d07_163_a_2.jpg,T10_163,2,train,False,False
T10_d07_163_b_2.jpg,T10_163,2,train,False,False
T10_d07_165_a_1.jpg,T10_165,1,train,False,False
T10_d07_165_b_1.jpg,T10_165,1,train,False,False
T10_d07_166_a_1.jpg,T10_166,1,train,False,False
T10_d07_166_b_1.jpg,T10_166,1,train,False,False
T10_d07_167_a_1.jpg,T10_167,1,train,False,False
T10_d07_167_b_1.jpg,T10_167,1,train,False,False
T10_d07_168_a_2.jpg,T10_168,2,train,False,False
T10_d07_168_b_2.jpg,T10_168,2,train,False,False
T10_d07_172_a_1.jpg,T10_172,1,train,False,False
T10_d07_172_b_1.jpg,T10_172,1,train,False,False
T10_d07_181_a_1.jpg,T10_181,1,train,False,False
T10_d07_181_b_1.jpg,T10_181,1,train,False,False
T10_d07_186_a_1.jpg,T10_186,1,val,False,False
T10_d07_186_b_1.jpg,T10_186,1,val,False,False
T10_d07_193_a_1.jpg,T10_193,1,train,False,False
T10_d07_193_b_1.jpg,T10_193,1,train,False,False
T10_d07_194_a_1.jpg,T10_194,1,train,False,False
T10_d07_194_b_1.jpg,T10_194,1,train,False,False
T10_d07_196_a_1.jpg,T10_196,1,train,False,False
T10_d07_196_b_1.jpg,T10_196,1,train,False,False
T10_d07_202_a_2.jpg,T10_202,2,train,False,False
T10_d07_202_b_2.jpg,T10_202,2,train,False,False
T10_d07_204_a_1.jpg,T10_204,1,train,False,False
T10_d07_204_b_1.jpg,T10_204,1,train,False,False
T10_d07_206_a_1.jpg,T10_206,1,train,False,False
T10_d07_206_b_1.jpg,T10_206,1,train,False,False
T10_d07_211_a_1.jpg,T10_211,1,train,False,False
T10_d07_211_b_1.jpg,T10_211,1,train,False,False
T10_d07_213_a_1.jpg,T10_213,1,train,False,False
T10_d07_213_b_1.jpg,T10_213,1,train,False,False
T10_d07_215_a_1.jpg,T10_215,1,train,False,False
T10_d07_215_b_1.jpg,T10_215,1,train,False,False
T10_d07_217_a_1.jpg,T10_217,1,train,False,False
T10_d07_217_b_1.jpg,T10_217,1,train,False,False
T10_d07_219_a_1.jpg,T10_219,1,test,False,False
T10_d07_219_b_1.jpg,T10_219,1,test,False,False
T10_d07_220_a_2.jpg,T10_220,2,val,False,False
T10_d07_220_b_2.jpg,T10_220,2,val,False,False
T10_d07_221_a_2.jpg,T10_221,2,train,False,False
T10_d07_221_b_2.jpg,T10_221,2,train,False,False
T10_d07_223_a_1.jpg,T10_223,1,train,False,False
T10_d07_223_b_1.jpg,T10_223,1,train,False,False
T10_d07_227_a_4.jpg,T10_227,4,train,False,False
T10_d07_227_b_4.jpg,T10_227,4,train,False,False
T10_d07_229_a_1.jpg,T10_229,1,train,False,True
T10_d07_229_b_1.jpg,T10_229,1,train,False,True
T10_d07_233_a_2.jpg,T10_233,2,train,False,False
T10_d07_233_b_2.jpg,T10_233,2,train,False,False
T10_d07_234_a_1.jpg,T10_234,1,train,False,False
T10_d07_234_b_1.jpg,T10_234,1,train,False,False
T10_d07_236_a_1.jpg,T10_236,1,train,False,False
T10_d07_236_b_1.jpg,T10_236,1,train,False,False
T10_d07_237_a_2.jpg,T10_237,2,train,False,False
T10_d07_237_b_2.jpg,T10_237,2,train,False,False
T10_d07_243_a_1.jpg,T10_243,1,train,False,False
T10_d07_243_b_1.jpg,T10_243,1,train,False,False
T10_d07_245_a_1.jpg,T10_245,1,train,False,False
T10_d07_245_b_1.jpg,T10_245,1,train,False,False
T10_d07_250_a_1.jpg,T10_250,1,train,False,False
T10_d07_250_b_1.jpg,T10_250,1,train,False,False
T10_d07_252_a_1.jpg,T10_252,1,train,False,False
T10_d07_252_b_1.jpg,T10_252,1,train,False,False
T10_d07_253_a_2.jpg,T10_253,2,val,False,False
T10_d07_253_b_2.jpg,T10_253,2,val,False,False
T10_d07_254_a_1.jpg,T10_254,1,val,False,False
T10_d07_254_b_1.jpg,T10_254,1,val,False,False
T10_d07_262_a_1.jpg,T10_262,1,train,False,True
T10_d07_262_b_1.jpg,T10_262,1,train,False,False
T10_d07_266_a_1.jpg,T10_266,1,train,False,False
T10_d07_266_b_1.jpg,T10_266,1,train,False,False
T10_d07_269_a_2.jpg,T10_269,2,train,False,False
T10_d07_269_b_2.jpg,T10_269,2,train,False,False
T10_d07_274_a_1.jpg,T10_274,1,train,True,False
T10_d07_274_b_1.jpg,T10_274,1,train,True,False
T10_d07_275_a_1.jpg,T10_275,1,test,False,False
T10_d07_275_b_1.jpg,T10_275,1,test,False,False
T10_d07_276_a_1.jpg,T10_276,1,train,False,False
T10_d07_276_b_1.jpg,T10_276,1,train,False,True
T10_d07_282_a_1.jpg,T10_282,1,train,False,False
T10_d07_282_b_1.jpg,T10_282,1,train,False,False
T10_d07_283_a_2.jpg,T10_283,2,train,False,False
T10_d07_283_b_2.jpg,T10_283,2,train,False,False
T10_d07_284_a_2.jpg,T10_284,2,train,False,False
T10_d07_284_b_2.jpg,T10_284,2,train,False,False
T10_d07_290_a_2.jpg,T10_290,2,train,False,False
T10_d07_290_b_2.jpg,T10_290,2,train,False,False
T10_d07_292_a_1.jpg,T10_292,1,val,False,False
T10_d07_292_b_1.jpg,T10_292,1,val,False,True
T10_d07_294_a_2.jpg,T10_294,2,train,False,False
T10_d07_294_b_2.jpg,T10_294,2,train,False,False
T10_d07_295_a_1.jpg,T10_295,1,train,False,False
T10_d07_295_b_1.jpg,T10_295,1,train,False,False
T10_d07_296_a_1.jpg,T10_296,1,train,False,False
T10_d07_296_b_1.jpg,T10_296,1,train,False,False
T10_d07_298_a_1.jpg,T10_298,1,test,True,False
T10_d07_298_b_1.jpg,T10_298,1,test,True,False
T10_d07_306_a_2.jpg,T10_306,2,train,False,False
T10_d07_306_b_2.jpg,T10_306,2,train,False,False
T10_d07_310_a_1.jpg,T10_310,1,val,False,False
T10_d07_310_b_1.jpg,T10_310,1,val,False,True
T10_d07_314_a_1.jpg,T10_314,1,train,True,False
T10_d07_314_b_1.jpg,T10_314,1,train,True,False
T10_d07_315_a_1.jpg,T10_315,1,train,False,False
T10_d07_315_b_1.jpg,T10_315,1,train,False,False
T10_d07_325_a_1.jpg,T10_325,1,train,False,False
T10_d07_325_b_1.jpg,T10_325,1,train,False,False
T10_d07_326_a_1.jpg,T10_326,1,train,False,False
T10_d07_326_b_1.jpg,T10_326,1,train,False,False
T10_d07_327_a_1.jpg,T10_327,1,train,False,False
T10_d07_327_b_1.jpg,T10_327,1,train,False,False
T10_d07_328_a_1.jpg,T10_328,1,train,False,False
T10_d07_328_b_1.jpg,T10_328,1,train,False,False
T10_d07_330_a_1.jpg,T10_330,1,train,False,False
T10_d07_330_b_1.jpg,T10_330,1,train,False,False
T10_d07_331_a_1.jpg,T10_331,1,test,False,False
T10_d07_331_b_1.jpg,T10_331,1,test,False,False
T10_d07_333_a_1.jpg,T10_333,1,train,False,False
T10_d07_333_b_1.jpg,T10_333,1,train,False,False
T10_d07_336_a_1.jpg,T10_336,1,train,False,False
T10_d07_336_b_1.jpg,T10_336,1,train,False,False
T10_d07_337_a_1.jpg,T10_337,1,train,False,False
T10_d07_337_b_1.jpg,T10_337,1,train,False,False
T10_d07_338_a_1.jpg,T10_338,1,train,False,False
T10_d07_338_b_1.jpg,T10_338,1,train,False,False
T10_d07_349_a_2.jpg,T10_349,2,train,False,False
T10_d07_349_b_2.jpg,T10_349,2,train,False,False
T10_d07_350_a_1.jpg,T10_350,1,train,False,True
T10_d07_350_b_1.jpg,T10_350,1,train,False,True
T10_d07_351_a_1.jpg,T10_351,1,train,False,False
T10_d07_351_b_1.jpg,T10_351,1,train,False,False
T10_d07_353_a_1.jpg,T10_353,1,val,False,True
T10_d07_353_b_1.jpg,T10_353,1,val,False,False
T10_d07_355_a_1.jpg,T10_355,1,train,False,False
T10_d07_355_b_1.jpg,T10_355,1,train,False,False
T10_d07_357_a_1.jpg,T10_357,1,train,False,False
T10_d07_357_b_1.jpg,T10_357,1,train,False,False
T10_d07_365_a_1.jpg,T10_365,1,train,False,False
T10_d07_365_b_1.jpg,T10_365,1,train,False,False
T10_d07_366_a_1.jpg,T10_366,1,train,False,False
T10_d07_366_b_1.jpg,T10_366,1,train,False,False
T10_d07_367_a_2.jpg,T10_367,2,train,False,False
T10_d07_367_b_2.jpg,T10_367,2,train,False,False
T10_d07_368_a_1.jpg,T10_368,1,val,False,False
T10_d07_368_b_1.jpg,T10_368,1,val,False,False
T10_d07_372_a_1.jpg,T10_372,1,train,False,False
T10_d07_372_b_1.jpg,T10_372,1,train,False,False
T10_d07_373_a_2.jpg,T10_373,2,val,False,False
T10_d07_373_b_2.jpg,T10_373,2,val,False,False
T10_d07_375_a_1.jpg,T10_375,1,val,False,False
T10_d07_375_b_1.jpg,T10_375,1,val,False,False
T10_d07_376_a_1.jpg,T10_376,1,train,False,False
T10_d07_376_b_1.jpg,T10_376,1,train,False,False
T10_d07_377_a_2.jpg,T10_377,2,train,False,False
T10_d07_377_b_2.jpg,T10_377,2,train,False,False
T10_d07_381_a_2.jpg,T10_381,2,train,False,False
T10_d07_381_b_2.jpg,T10_381,2,train,False,False
T10_d07_382_a_1.jpg,T10_382,1,train,False,False
T10_d07_382_b_1.jpg,T10_382,1,train,False,False
T10_d07_385_a_1.jpg,T10_385,1,val,False,False
T10_d07_385_b_1.jpg,T10_385,1,val,False,False
T10_d07_387_a_1.jpg,T10_387,1,train,False,False
T10_d07_387_b_1.jpg,T10_387,1,train,False,False
T10_d07_392_a_2.jpg,T10_392,2,test,False,False
T10_d07_392_b_2.jpg,T10_392,2,test,False,False
T10_d07_393_a_1.jpg,T10_393,1,val,False,False
T10_d07_393_b_1.jpg,T10_393,1,val,False,False
T10_d07_395_a_1.jpg,T10_395,1,test,False,True
T10_d07_395_b_1.jpg,T10_395,1,test,False,False
T10_d07_398_a_2.jpg,T10_398,2,val,False,False
T10_d07_398_b_2.jpg,T10_398,2,val,False,False
T10_d07_399_a_2.jpg,T10_399,2,val,False,False
T10_d07_399_b_2.jpg,T10_399,2,val,False,False
T10_d07_400_a_1.jpg,T10_400,1,train,False,False
T10_d07_400_b_1.jpg,T10_400,1,train,False,False
T10_d07_401_a_1.jpg,T10_401,1,train,False,False
T10_d07_401_b_1.jpg,T10_401,1,train,False,False
T10_d07_402_a_1.jpg,T10_402,1,val,False,False
T10_d07_402_b_1.jpg,T10_402,1,val,False,False
T10_d07_405_a_1.jpg,T10_405,1,train,False,False
T10_d07_405_b_1.jpg,T10_405,1,train,False,False
T10_d07_406_a_2.jpg,T10_406,2,val,False,False
T10_d07_406_b_2.jpg,T10_406,2,val,False,False
T10_d07_408_a_1.jpg,T10_408,1,train,False,False
T10_d07_408_b_1.jpg,T10_408,1,train,False,False
T10_d07_410_a_1.jpg,T10_410,1,train,False,False
T10_d07_410_b_1.jpg,T10_410,1,train,False,False
T10_d07_411_a_1.jpg,T10_411,1,val,False,False
T10_d07_411_b_1.jpg,T10_411,1,val,False,False
T10_d07_413_a_1.jpg,T10_413,1,train,False,False
T10_d07_413_b_1.jpg,T10_413,1,train,False,False
T10_d07_414_a_1.jpg,T10_414,1,train,False,False
T10_d07_414_b_1.jpg,T10_414,1,train,False,False
T10_d07_415_a_2.jpg,T10_415,2,train,False,False
T10_d07_415_b_2.jpg,T10_415,2,train,False,False
T10_d07_420_a_1.jpg,T10_420,1,train,False,True
T10_d07_420_b_1.jpg,T10_420,1,train,False,False
T10_d07_422_a_2.jpg,T10_422,2,train,False,False
T10_d07_422_b_2.jpg,T10_422,2,train,False,False
T10_d07_425_a_1.jpg,T10_425,1,train,False,False
T10_d07_425_b_1.jpg,T10_425,1,train,False,False
T10_d07_429_a_1.jpg,T10_429,1,train,False,False
T10_d07_429_b_1.jpg,T10_429,1,train,False,False
T10_d07_430_a_2.jpg,T10_430,2,val,False,False
T10_d07_430_b_2.jpg,T10_430,2,val,False,False
T10_d07_442_a_1.jpg,T10_442,1,train,False,False
T10_d07_442_b_1.jpg,T10_442,1,train,False,False
T10_d07_444_a_2.jpg,T10_444,2,train,False,False
T10_d07_444_b_2.jpg,T10_444,2,train,False,False
T10_d07_445_a_1.jpg,T10_445,1,train,False,False
T10_d07_445_b_1.jpg,T10_445,1,train,False,False
T10_d07_446_a_2.jpg,T10_446,2,train,False,False
T10_d07_446_b_2.jpg,T10_446,2,train,False,False
T10_d07_447_a_1.jpg,T10_447,1,train,False,False
T10_d07_447_b_1.jpg,T10_447,1,train,False,False
T10_d07_448_a_3.jpg,T10_448,3,train,False,False
T10_d07_448_b_3.jpg,T10_448,3,train,False,False
T10_d07_449_a_1.jpg,T10_449,1,train,False,False
T10_d07_449_b_1.jpg,T10_449,1,train,False,False
T10_d07_450_a_1.jpg,T10_450,1,val,False,False
T10_d07_450_b_1.jpg,T10_450,1,val,False,False
T10_d07_451_a_1.jpg,T10_451,1,val,False,False
T10_d07_451_b_1.jpg,T10_451,1,val,False,True
T10_d07_452_a_1.jpg,T10_452,1,val,False,True
T10_d07_452_b_1.jpg,T10_452,1,val,False,False
T10_d07_454_a_1.jpg,T10_454,1,train,False,True
T10_d07_454_b_1.jpg,T10_454,1,train,False,False
T10_d07_458_a_1.jpg,T10_458,1,train,False,False
T10_d07_458_b_1.jpg,T10_458,1,train,False,False
T10_d07_459_a_1.jpg,T10_459,1,train,False,False
T10_d07_459_b_1.jpg,T10_459,1,train,False,False
T10_d07_470_a_1.jpg,T10_470,1,train,False,False
T10_d07_470_b_1.jpg,T10_470,1,train,False,False
T10_d07_471_a_1.jpg,T10_471,1,test,False,False
T10_d07_471_b_1.jpg,T10_471,1,test,False,False
T10_d07_475_a_1.jpg,T10_475,1,train,False,False
T10_d07_475_b_1.jpg,T10_475,1,train,False,False
T10_d07_478_a_1.jpg,T10_478,1,val,False,False
T10_d07_478_b_1.jpg,T10_478,1,val,False,False
T10_d08_002_a_2.jpg,T10_002,2,train,False,True
T10_d08_002_b_2.jpg,T10_002,2,train,False,False
T10_d08_003_a_2.jpg,T10_003,2,train,False,False
T10_d08_003_b_2.jpg,T10_003,2,train,False,False
T10_d08_007_a_2.jpg,T10_007,2,train,False,False
T10_d08_007_b_2.jpg,T10_007,2,train,False,False
T10_d08_011_a_1.jpg,T10_011,1,train,False,False
T10_d08_011_b_1.jpg,T10_011,1,train,False,False
T10_d08_012_a_2.jpg,T10_012,2,val,False,True
T10_d08_012_b_2.jpg,T10_012,2,val,False,False
T10_d08_013_a_2.jpg,T10_013,2,train,False,False
T10_d08_013_b_2.jpg,T10_013,2,train,False,False
T10_d08_014_a_2.jpg,T10_014,2,val,False,False
T10_d08_014_b_2.jpg,T10_014,2,val,False,False
T10_d08_015_a_2.jpg,T10_015,2,test,False,False
T10_d08_015_b_2.jpg,T10_015,2,test,False,False
T10_d08_018_a_2.jpg,T10_018,2,val,False,False
T10_d08_018_b_2.jpg,T10_018,2,val,False,False
T10_d08_021_a_1.jpg,T10_021,1,train,False,False
T10_d08_021_b_1.jpg,T10_021,1,train,False,False
T10_d08_022_a_2.jpg,T10_022,2,train,False,False
T10_d08_022_b_2.jpg,T10_022,2,train,False,False
T10_d08_026_a_2.jpg,T10_026,2,train,False,False
T10_d08_026_b_2.jpg,T10_026,2,train,False,True
T10_d08_027_a_1.jpg,T10_027,1,train,False,False
T10_d08_027_b_1.jpg,T10_027,1,train,False,False
T10_d08_033_a_2.jpg,T10_033,2,val,False,False
T10_d08_033_b_2.jpg,T10_033,2,val,False,True
T10_d08_034_a_2.jpg,T10_034,2,train,False,False
T10_d08_034_b_2.jpg,T10_034,2,train,False,False
T10_d08_035_a_2.jpg,T10_035,2,val,False,False
T10_d08_035_b_2.jpg,T10_035,2,val,False,False
T10_d08_038_a_2.jpg,T10_038,2,val,False,False
T10_d08_038_b_2.jpg,T10_038,2,val,False,False
T10_d08_041_a_2.jpg,T10_041,2,val,False,False
T10_d08_041_b_2.jpg,T10_041,2,val,False,False
T10_d08_046_a_1.jpg,T10_046,1,train,False,False
T10_d08_046_b_1.jpg,T10_046,1,train,False,False
T10_d08_047_a_2.jpg,T10_047,2,train,False,False
T10_d08_047_b_2.jpg,T10_047,2,train,False,False
T10_d08_048_a_2.jpg,T10_048,2,train,False,False
T10_d08_048_b_2.jpg,T10_048,2,train,False,False
T10_d08_055_a_2.jpg,T10_055,2,train,False,False
T10_d08_055_b_2.jpg,T10_055,2,train,False,True
T10_d08_058_a_1.jpg,T10_058,1,val,False,False
T10_d08_058_b_1.jpg,T10_058,1,val,False,True
T10_d08_061_a_2.jpg,T10_061,2,train,False,False
T10_d08_061_b_2.jpg,T10_061,2,train,False,True
T10_d08_065_a_4.jpg,T10_065,4,val,False,True
T10_d08_065_b_4.jpg,T10_065,4,val,False,False
T10_d08_067_a_1.jpg,T10_067,1,train,False,False
T10_d08_067_b_1.jpg,T10_067,1,train,False,False
T10_d08_069_a_2.jpg,T10_069,2,train,False,False
T10_d08_069_b_2.jpg,T10_069,2,train,False,False
T10_d08_072_a_2.jpg,T10_072,2,val,False,False
T10_d08_072_b_2.jpg,T10_072,2,val,False,False
T10_d08_080_a_2.jpg,T10_080,2,val,False,False
T10_d08_080_b_2.jpg,T10_080,2,val,False,False
T10_d08_083_a_1.jpg,T10_083,1,train,False,False
T10_d08_083_b_1.jpg,T10_083,1,train,False,False
T10_d08_087_a_2.jpg,T10_087,2,val,False,False
T10_d08_087_b_2.jpg,T10_087,2,val,False,True
T10_d08_089_a_1.jpg,T10_089,1,train,False,False
T10_d08_089_b_1.jpg,T10_089,1,train,False,False
T10_d08_092_a_1.jpg,T10_092,1,test,False,False
T10_d08_092_b_1.jpg,T10_092,1,test,False,False
T10_d08_093_a_2.jpg,T10_093,2,train,False,False
T10_d08_093_b_2.jpg,T10_093,2,train,False,False
T10_d08_094_a_1.jpg,T10_094,1,train,False,False
T10_d08_094_b_1.jpg,T10_094,1,train,False,False
T10_d08_096_a_1.jpg,T10_096,1,train,False,False
T10_d08_096_b_1.jpg,T10_096,1,train,False,False
T10_d08_097_a_1.jpg,T10_097,1,train,False,False
T10_d08_097_b_1.jpg,T10_097,1,train,False,False
T10_d08_098_a_1.jpg,T10_098,1,train,False,False
T10_d08_098_b_1.jpg,T10_098,1,train,False,False
T10_d08_099_a_2.jpg,T10_099,2,train,False,True
T10_d08_099_b_2.jpg,T10_099,2,train,False,False
T10_d08_100_a_1.jpg,T10_100,1,test,False,False
T10_d08_100_b_1.jpg,T10_100,1,test,False,False
T10_d08_108_a_1.jpg,T10_108,1,train,False,False
T10_d08_108_b_1.jpg,T10_108,1,train,False,False
T10_d08_110_a_1.jpg,T10_110,1,train,False,False
T10_d08_110_b_1.jpg,T10_110,1,train,False,False
T10_d08_111_a_1.jpg,T10_111,1,val,False,False
T10_d08_111_b_1.jpg,T10_111,1,val,False,False
T10_d08_113_a_1.jpg,T10_113,1,train,False,False
T10_d08_113_b_1.jpg,T10_113,1,train,False,True
T10_d08_118_a_2.jpg,T10_118,2,train,False,True
T10_d08_118_b_2.jpg,T10_118,2,train,False,False
T10_d08_122_a_2.jpg,T10_122,2,train,False,False
T10_d08_122_b_2.jpg,T10_122,2,train,False,True
T10_d08_125_a_1.jpg,T10_125,1,train,False,False
T10_d08_125_b_1.jpg,T10_125,1,train,False,False
T10_d08_128_a_1.jpg,T10_128,1,train,False,False
T10_d08_128_b_1.jpg,T10_128,1,train,False,False
T10_d08_129_a_1.jpg,T10_129,1,train,False,True
T10_d08_129_b_1.jpg,T10_129,1,train,False,False
T10_d08_130_a_2.jpg,T10_130,2,train,False,False
T10_d08_130_b_2.jpg,T10_130,2,train,False,True
T10_d08_131_a_2.jpg,T10_131,2,train,False,True
T10_d08_131_b_2.jpg,T10_131,2,train,False,True
T10_d08_133_a_2.jpg,T10_133,2,train,False,False
T10_d08_133_b_2.jpg,T10_133,2,train,False,False
T10_d08_136_a_2.jpg,T10_136,2,val,False,False
T10_d08_136_b_2.jpg,T10_136,2,val,False,False
T10_d08_138_a_2.jpg,T10_138,2,train,False,False
T10_d08_138_b_2.jpg,T10_138,2,train,False,False
T10_d08_145_a_2.jpg,T10_145,2,train,False,True
T10_d08_145_b_2.jpg,T10_145,2,train,False,True
T10_d08_148_a_2.jpg,T10_148,2,train,True,False
T10_d08_148_b_2.jpg,T10_148,2,train,True,False
T10_d08_149_a_1.jpg,T10_149,1,train,False,False
T10_d08_149_b_1.jpg,T10_149,1,train,False,False
T10_d08_152_a_2.jpg,T10_152,2,train,False,True
T10_d08_152_b_2.jpg,T10_152,2,train,False,False
T10_d08_156_a_1.jpg,T10_156,1,train,False,False
T10_d08_156_b_1.jpg,T10_156,1,train,False,False
T10_d08_162_a_1.jpg,T10_162,1,test,False,False
T10_d08_162_b_1.jpg,T10_162,1,test,False,False
T10_d08_163_a_2.jpg,T10_163,2,train,False,False
T10_d08_163_b_2.jpg,T10_163,2,train,False,False
T10_d08_165_a_2.jpg,T10_165,2,train,False,False
T10_d08_165_b_2.jpg,T10_165,2,train,False,False
T10_d08_166_a_1.jpg,T10_166,1,train,False,False
T10_d08_166_b_1.jpg,T10_166,1,train,False,False
T10_d08_167_a_1.jpg,T10_167,1,train,False,False
T10_d08_167_b_1.jpg,T10_167,1,train,False,False
T10_d08_168_a_2.jpg,T10_168,2,train,False,False
T10_d08_168_b_2.jpg,T10_168,2,train,False,False
T10_d08_172_a_1.jpg,T10_172,1,train,False,True
T10_d08_172_b_1.jpg,T10_172,1,train,False,False
T10_d08_181_a_2.jpg,T10_181,2,train,False,False
T10_d08_181_b_2.jpg,T10_181,2,train,False,False
T10_d08_186_a_2.jpg,T10_186,2,val,False,False
T10_d08_186_b_2.jpg,T10_186,2,val,False,True
T10_d08_193_a_1.jpg,T10_193,1,train,False,False
T10_d08_193_b_1.jpg,T10_193,1,train,False,False
T10_d08_194_a_1.jpg,T10_194,1,train,False,False
T10_d08_194_b_1.jpg,T10_194,1,train,False,False
T10_d08_196_a_1.jpg,T10_196,1,train,False,False
T10_d08_196_b_1.jpg,T10_196,1,train,False,False
T10_d08_202_a_2.jpg,T10_202,2,train,False,True
T10_d08_202_b_2.jpg,T10_202,2,train,False,False
T10_d08_204_a_1.jpg,T10_204,1,train,False,False
T10_d08_204_b_1.jpg,T10_204,1,train,False,False
T10_d08_206_a_1.jpg,T10_206,1,train,False,False
T10_d08_206_b_1.jpg,T10_206,1,train,False,False
T10_d08_211_a_1.jpg,T10_211,1,train,False,False
T10_d08_211_b_1.jpg,T10_211,1,train,False,False
T10_d08_213_a_1.jpg,T10_213,1,train,False,False
T10_d08_213_b_1.jpg,T10_213,1,train,False,False
T10_d08_215_a_1.jpg,T10_215,1,train,False,False
T10_d08_215_b_1.jpg,T10_215,1,train,False,False
T10_d08_217_a_1.jpg,T10_217,1,train,False,False
T10_d08_217_b_1.jpg,T10_217,1,train,False,False
T10_d08_219_a_1.jpg,T10_219,1,test,False,False
T10_d08_219_b_1.jpg,T10_219,1,test,False,False
T10_d08_220_a_2.jpg,T10_220,2,val,False,False
T10_d08_220_b_2.jpg,T10_220,2,val,False,False
T10_d08_221_a_2.jpg,T10_221,2,train,False,False
T10_d08_221_b_2.jpg,T10_221,2,train,False,False
T10_d08_223_a_1.jpg,T10_223,1,train,False,False
T10_d08_223_b_1.jpg,T10_223,1,train,False,False
T10_d08_227_a_4.jpg,T10_227,4,train,False,False
T10_d08_227_b_4.jpg,T10_227,4,train,False,False
T10_d08_229_a_1.jpg,T10_229,1,train,False,False
T10_d08_229_b_1.jpg,T10_229,1,train,False,False
T10_d08_233_a_2.jpg,T10_233,2,train,False,False
T10_d08_233_b_2.jpg,T10_233,2,train,False,False
T10_d08_234_a_2.jpg,T10_234,2,train,False,False
T10_d08_234_b_2.jpg,T10_234,2,train,False,False
T10_d08_236_a_1.jpg,T10_236,1,train,False,True
T10_d08_236_b_1.jpg,T10_236,1,train,False,False
T10_d08_237_a_2.jpg,T10_237,2,train,False,False
T10_d08_237_b_2.jpg,T10_237,2,train,False,True
T10_d08_243_a_1.jpg,T10_243,1,train,False,False
T10_d08_243_b_1.jpg,T10_243,1,train,False,False
T10_d08_245_a_1.jpg,T10_245,1,train,False,True
T10_d08_245_b_1.jpg,T10_245,1,train,False,False
T10_d08_250_a_2.jpg,T10_250,2,train,False,False
T10_d08_250_b_2.jpg,T10_250,2,train,False,False
T10_d08_252_a_1.jpg,T10_252,1,train,False,False
T10_d08_252_b_1.jpg,T10_252,1,train,False,False
T10_d08_253_a_2.jpg,T10_253,2,val,False,False
T10_d08_253_b_2.jpg,T10_253,2,val,False,True
T10_d08_254_a_2.jpg,T10_254,2,val,False,False
T10_d08_254_b_2.jpg,T10_254,2,val,False,True
T10_d08_262_a_1.jpg,T10_262,1,train,False,False
T10_d08_262_b_1.jpg,T10_262,1,train,False,True
T10_d08_266_a_2.jpg,T10_266,2,train,False,False
T10_d08_266_b_2.jpg,T10_266,2,train,False,True
T10_d08_269_a_2.jpg,T10_269,2,train,False,True
T10_d08_269_b_2.jpg,T10_269,2,train,False,False
T10_d08_274_a_1.jpg,T10_274,1,train,True,False
T10_d08_274_b_1.jpg,T10_274,1,train,True,False
T10_d08_275_a_1.jpg,T10_275,1,test,False,False
T10_d08_275_b_1.jpg,T10_275,1,test,False,False
T10_d08_276_a_1.jpg,T10_276,1,train,False,False
T10_d08_276_b_1.jpg,T10_276,1,train,False,False
T10_d08_282_a_2.jpg,T10_282,2,train,False,False
T10_d08_282_b_2.jpg,T10_282,2,train,False,True
T10_d08_283_a_2.jpg,T10_283,2,train,False,False
T10_d08_283_b_2.jpg,T10_283,2,train,False,False
T10_d08_284_a_2.jpg,T10_284,2,train,False,False
T10_d08_284_b_2.jpg,T10_284,2,train,False,False
T10_d08_290_a_2.jpg,T10_290,2,train,False,False
T10_d08_290_b_2.jpg,T10_290,2,train,False,False
T10_d08_292_a_1.jpg,T10_292,1,val,False,True
T10_d08_292_b_1.jpg,T10_292,1,val,False,False
T10_d08_294_a_3.jpg,T10_294,3,train,False,False
T10_d08_294_b_3.jpg,T10_294,3,train,False,False
T10_d08_295_a_2.jpg,T10_295,2,train,False,True
T10_d08_295_b_2.jpg,T10_295,2,train,False,False
T10_d08_296_a_2.jpg,T10_296,2,train,False,False
T10_d08_296_b_2.jpg,T10_296,2,train,False,False
T10_d08_306_a_2.jpg,T10_306,2,train,False,False
T10_d08_306_b_2.jpg,T10_306,2,train,False,False
T10_d08_310_a_1.jpg,T10_310,1,val,False,False
T10_d08_310_b_1.jpg,T10_310,1,val,False,False
T10_d08_314_a_2.jpg,T10_314,2,train,True,False
T10_d08_314_b_2.jpg,T10_314,2,train,True,False
T10_d08_315_a_1.jpg,T10_315,1,train,False,False
T10_d08_315_b_1.jpg,T10_315,1,train,False,False
T10_d08_325_a_1.jpg,T10_325,1,train,False,False
T10_d08_325_b_1.jpg,T10_325,1,train,False,False
T10_d08_326_a_2.jpg,T10_326,2,train,False,False
T10_d08_326_b_2.jpg,T10_326,2,train,False,False
T10_d08_327_a_2.jpg,T10_327,2,train,False,False
T10_d08_327_b_2.jpg,T10_327,2,train,False,False
T10_d08_328_a_1.jpg,T10_328,1,train,False,False
T10_d08_328_b_1.jpg,T10_328,1,train,False,True
T10_d08_330_a_1.jpg,T10_330,1,train,False,False
T10_d08_330_b_1.jpg,T10_330,1,train,False,False
T10_d08_331_a_2.jpg,T10_331,2,test,False,False
T10_d08_331_b_2.jpg,T10_331,2,test,False,False
T10_d08_333_a_1.jpg,T10_333,1,train,False,False
T10_d08_333_b_1.jpg,T10_333,1,train,False,False
T10_d08_336_a_2.jpg,T10_336,2,train,False,False
T10_d08_336_b_2.jpg,T10_336,2,train,False,False
T10_d08_337_a_2.jpg,T10_337,2,train,False,False
T10_d08_337_b_2.jpg,T10_337,2,train,False,False
T10_d08_338_a_1.jpg,T10_338,1,train,False,False
T10_d08_338_b_1.jpg,T10_338,1,train,False,False
T10_d08_349_a_2.jpg,T10_349,2,train,False,True
T10_d08_349_b_2.jpg,T10_349,2,train,False,False
T10_d08_350_a_1.jpg,T10_350,1,train,False,False
T10_d08_350_b_1.jpg,T10_350,1,train,False,False
T10_d08_351_a_1.jpg,T10_351,1,train,False,False
T10_d08_351_b_1.jpg,T10_351,1,train,False,False
T10_d08_353_a_2.jpg,T10_353,2,val,False,True
T10_d08_353_b_2.jpg,T10_353,2,val,False,False
T10_d08_355_a_1.jpg,T10_355,1,train,False,False
T10_d08_355_b_1.jpg,T10_355,1,train,False,False
T10_d08_357_a_2.jpg,T10_357,2,train,False,False
T10_d08_357_b_2.jpg,T10_357,2,train,False,False
T10_d08_365_a_1.jpg,T10_365,1,train,False,False
T10_d08_365_b_1.jpg,T10_365,1,train,False,False
T10_d08_366_a_1.jpg,T10_366,1,train,False,False
T10_d08_366_b_1.jpg,T10_366,1,train,False,False
T10_d08_367_a_2.jpg,T10_367,2,train,False,False
T10_d08_367_b_2.jpg,T10_367,2,train,False,False
T10_d08_368_a_2.jpg,T10_368,2,val,False,False
T10_d08_368_b_2.jpg,T10_368,2,val,False,False
T10_d08_372_a_1.jpg,T10_372,1,train,False,False
T10_d08_372_b_1.jpg,T10_372,1,train,False,False
T10_d08_375_a_2.jpg,T10_375,2,val,False,False
T10_d08_375_b_2.jpg,T10_375,2,val,False,False
T10_d08_376_a_2.jpg,T10_376,2,train,False,False
T10_d08_376_b_2.jpg,T10_376,2,train,False,False
T10_d08_377_a_2.jpg,T10_377,2,train,False,False
T10_d08_377_b_2.jpg,T10_377,2,train,False,True
T10_d08_381_a_2.jpg,T10_381,2,train,False,False
T10_d08_381_b_2.jpg,T10_381,2,train,False,False
T10_d08_382_a_1.jpg,T10_382,1,train,False,False
T10_d08_382_b_1.jpg,T10_382,1,train,False,False
T10_d08_385_a_1.jpg,T10_385,1,val,False,False
T10_d08_385_b_1.jpg,T10_385,1,val,False,False
T10_d08_387_a_1.jpg,T10_387,1,train,False,False
T10_d08_387_b_1.jpg,T10_387,1,train,False,False
T10_d08_392_a_2.jpg,T10_392,2,test,False,False
T10_d08_392_b_2.jpg,T10_392,2,test,False,False
T10_d08_393_a_1.jpg,T10_393,1,val,False,False
T10_d08_393_b_1.jpg,T10_393,1,val,False,False
T10_d08_395_a_2.jpg,T10_395,2,test,False,False
T10_d08_395_b_2.jpg,T10_395,2,test,False,True
T10_d08_398_a_2.jpg,T10_398,2,val,False,False
T10_d08_398_b_2.jpg,T10_398,2,val,False,False
T10_d08_399_a_2.jpg,T10_399,2,val,False,False
T10_d08_399_b_2.jpg,T10_399,2,val,False,False
T10_d08_400_a_1.jpg,T10_400,1,train,False,False
T10_d08_400_b_1.jpg,T10_400,1,train,False,False
T10_d08_401_a_1.jpg,T10_401,1,train,False,False
T10_d08_401_b_1.jpg,T10_401,1,train,False,False
T10_d08_402_a_1.jpg,T10_402,1,val,False,False
T10_d08_402_b_1.jpg,T10_402,1,val,False,False
T10_d08_405_a_2.jpg,T10_405,2,train,False,False
T10_d08_405_b_2.jpg,T10_405,2,train,False,False
T10_d08_406_a_2.jpg,T10_406,2,val,False,False
T10_d08_406_b_2.jpg,T10_406,2,val,False,False
T10_d08_408_a_1.jpg,T10_408,1,train,False,False
T10_d08_408_b_1.jpg,T10_408,1,train,False,False
T10_d08_410_a_1.jpg,T10_410,1,train,False,False
T10_d08_410_b_1.jpg,T10_410,1,train,False,False
T10_d08_411_a_1.jpg,T10_411,1,val,False,False
T10_d08_411_b_1.jpg,T10_411,1,val,False,False
T10_d08_413_a_1.jpg,T10_413,1,train,False,False
T10_d08_413_b_1.jpg,T10_413,1,train,False,False
T10_d08_414_a_1.jpg,T10_414,1,train,False,False
T10_d08_414_b_1.jpg,T10_414,1,train,False,False
T10_d08_415_a_2.jpg,T10_415,2,train,False,True
T10_d08_415_b_2.jpg,T10_415,2,train,False,False
T10_d08_420_a_1.jpg,T10_420,1,train,False,False
T10_d08_420_b_1.jpg,T10_420,1,train,False,False
T10_d08_422_a_2.jpg,T10_422,2,train,False,False
T10_d08_422_b_2.jpg,T10_422,2,train,False,False
T10_d08_425_a_1.jpg,T10_425,1,train,False,False
T10_d08_425_b_1.jpg,T10_425,1,train,False,False
T10_d08_429_a_2.jpg,T10_429,2,train,False,False
T10_d08_429_b_2.jpg,T10_429,2,train,False,False
T10_d08_430_a_2.jpg,T10_430,2,val,False,False
T10_d08_430_b_2.jpg,T10_430,2,val,False,False
T10_d08_442_a_1.jpg,T10_442,1,train,False,False
T10_d08_442_b_1.jpg,T10_442,1,train,False,False
T10_d08_444_a_2.jpg,T10_444,2,train,False,False
T10_d08_444_b_2.jpg,T10_444,2,train,False,False
T10_d08_445_a_1.jpg,T10_445,1,train,False,False
T10_d08_445_b_1.jpg,T10_445,1,train,False,False
T10_d08_446_a_2.jpg,T10_446,2,train,False,False
T10_d08_446_b_2.jpg,T10_446,2,train,False,False
T10_d08_447_a_2.jpg,T10_447,2,train,False,False
T10_d08_447_b_2.jpg,T10_447,2,train,False,False
T10_d08_448_a_4.jpg,T10_448,4,train,False,False
T10_d08_448_b_4.jpg,T10_448,4,train,False,False
T10_d08_449_a_1.jpg,T10_449,1,train,False,False
T10_d08_449_b_1.jpg,T10_449,1,train,False,True
T10_d08_450_a_2.jpg,T10_450,2,val,False,True
T10_d08_450_b_2.jpg,T10_450,2,val,False,False
T10_d08_451_a_2.jpg,T10_451,2,val,False,False
T10_d08_451_b_2.jpg,T10_451,2,val,False,False
T10_d08_452_a_1.jpg,T10_452,1,val,False,True
T10_d08_452_b_1.jpg,T10_452,1,val,False,False
T10_d08_454_a_2.jpg,T10_454,2,train,False,False
T10_d08_454_b_2.jpg,T10_454,2,train,False,False
T10_d08_458_a_1.jpg,T10_458,1,train,False,False
T10_d08_458_b_1.jpg,T10_458,1,train,False,False
T10_d08_459_a_1.jpg,T10_459,1,train,False,False
T10_d08_459_b_1.jpg,T10_459,1,train,False,False
T10_d08_470_a_2.jpg,T10_470,2,train,False,False
T10_d08_470_b_2.jpg,T10_470,2,train,False,False
T10_d08_471_a_1.jpg,T10_471,1,test,False,False
T10_d08_471_b_1.jpg,T10_471,1,test,False,True
T10_d08_475_a_1.jpg,T10_475,1,train,False,False
T10_d08_475_b_1.jpg,T10_475,1,train,False,False
T10_d08_478_a_1.jpg,T10_478,1,val,False,False
T10_d08_478_b_1.jpg,T10_478,1,val,False,False
T10_d09_002_a_2.jpg,T10_002,2,train,False,True
T10_d09_002_b_2.jpg,T10_002,2,train,False,False
T10_d09_003_a_2.jpg,T10_003,2,train,False,False
T10_d09_003_b_2.jpg,T10_003,2,train,False,False
T10_d09_007_a_2.jpg,T10_007,2,train,False,False
T10_d09_007_b_2.jpg,T10_007,2,train,False,False
T10_d09_011_a_2.jpg,T10_011,2,train,False,False
T10_d09_011_b_2.jpg,T10_011,2,train,False,False
T10_d09_012_a_2.jpg,T10_012,2,val,False,False
T10_d09_012_b_2.jpg,T10_012,2,val,False,False
T10_d09_013_a_2.jpg,T10_013,2,train,False,False
T10_d09_013_b_2.jpg,T10_013,2,train,False,False
T10_d09_014_a_2.jpg,T10_014,2,val,False,False
T10_d09_014_b_2.jpg,T10_014,2,val,False,False
T10_d09_015_a_2.jpg,T10_015,2,test,False,False
T10_d09_015_b_2.jpg,T10_015,2,test,False,True
T10_d09_018_a_2.jpg,T10_018,2,val,False,False
T10_d09_018_b_2.jpg,T10_018,2,val,False,False
T10_d09_021_a_2.jpg,T10_021,2,train,False,False
T10_d09_021_b_2.jpg,T10_021,2,train,False,False
T10_d09_022_a_2.jpg,T10_022,2,train,False,False
T10_d09_022_b_2.jpg,T10_022,2,train,False,False
T10_d09_026_a_2.jpg,T10_026,2,train,False,False
T10_d09_026_b_2.jpg,T10_026,2,train,False,False
T10_d09_027_a_2.jpg,T10_027,2,train,False,False
T10_d09_027_b_2.jpg,T10_027,2,train,False,True
T10_d09_033_a_2.jpg,T10_033,2,val,False,False
T10_d09_033_b_2.jpg,T10_033,2,val,False,False
T10_d09_034_a_2.jpg,T10_034,2,train,False,False
T10_d09_034_b_2.jpg,T10_034,2,train,False,True
T10_d09_035_a_2.jpg,T10_035,2,val,False,False
T10_d09_035_b_2.jpg,T10_035,2,val,False,False
T10_d09_038_a_2.jpg,T10_038,2,val,False,False
T10_d09_038_b_2.jpg,T10_038,2,val,False,False
T10_d09_041_a_2.jpg,T10_041,2,val,False,False
T10_d09_041_b_2.jpg,T10_041,2,val,False,False
T10_d09_046_a_2.jpg,T10_046,2,train,False,False
T10_d09_046_b_2.jpg,T10_046,2,train,False,False
T10_d09_047_a_2.jpg,T10_047,2,train,False,False
T10_d09_047_b_2.jpg,T10_047,2,train,False,False
T10_d09_048_a_2.jpg,T10_048,2,train,False,True
T10_d09_048_b_2.jpg,T10_048,2,train,False,False
T10_d09_055_a_2.jpg,T10_055,2,train,False,False
T10_d09_055_b_2.jpg,T10_055,2,train,False,False
T10_d09_058_a_2.jpg,T10_058,2,val,False,True
T10_d09_058_b_2.jpg,T10_058,2,val,False,False
T10_d09_061_a_2.jpg,T10_061,2,train,False,True
T10_d09_061_b_2.jpg,T10_061,2,train,False,False
T10_d09_065_a_4.jpg,T10_065,4,val,False,False
T10_d09_065_b_4.jpg,T10_065,4,val,False,False
T10_d09_067_a_2.jpg,T10_067,2,train,False,False
T10_d09_067_b_2.jpg,T10_067,2,train,False,False
T10_d09_069_a_2.jpg,T10_069,2,train,False,False
T10_d09_069_b_2.jpg,T10_069,2,train,False,False
T10_d09_072_a_2.jpg,T10_072,2,val,False,False
T10_d09_072_b_2.jpg,T10_072,2,val,False,False
T10_d09_080_a_2.jpg,T10_080,2,val,False,False
T10_d09_080_b_2.jpg,T10_080,2,val,False,False
T10_d09_083_a_2.jpg,T10_083,2,train,False,False
T10_d09_083_b_2.jpg,T10_083,2,train,False,False
T10_d09_087_a_2.jpg,T10_087,2,val,False,False
T10_d09_087_b_2.jpg,T10_087,2,val,False,False
T10_d09_089_a_2.jpg,T10_089,2,train,False,False
T10_d09_089_b_2.jpg,T10_089,2,train,False,False
T10_d09_092_a_2.jpg,T10_092,2,test,False,False
T10_d09_092_b_2.jpg,T10_092,2,test,False,True
T10_d09_093_a_2.jpg,T10_093,2,train,False,False
T10_d09_093_b_2.jpg,T10_093,2,train,False,False
T10_d09_094_a_2.jpg,T10_094,2,train,False,False
T10_d09_094_b_2.jpg,T10_094,2,train,False,False
T10_d09_096_a_2.jpg,T10_096,2,train,False,False
T10_d09_096_b_2.jpg,T10_096,2,train,False,False
T10_d09_097_a_2.jpg,T10_097,2,train,False,False
T10_d09_097_b_2.jpg,T10_097,2,train,False,False
T10_d09_098_a_2.jpg,T10_098,2,train,False,False
T10_d09_098_b_2.jpg,T10_098,2,train,False,False
T10_d09_099_a_2.jpg,T10_099,2,train,False,False
T10_d09_099_b_2.jpg,T10_099,2,train,False,False
T10_d09_100_a_2.jpg,T10_100,2,test,False,False
T10_d09_100_b_2.jpg,T10_100,2,test,False,True
T10_d09_108_a_2.jpg,T10_108,2,train,False,False
T10_d09_108_b_2.jpg,T10_108,2,train,False,False
T10_d09_110_a_2.jpg,T10_110,2,train,False,True
T10_d09_110_b_2.jpg,T10_110,2,train,False,False
T10_d09_111_a_2.jpg,T10_111,2,val,False,False
T10_d09_111_b_2.jpg,T10_111,2,val,False,False
T10_d09_113_a_2.jpg,T10_113,2,train,False,True
T10_d09_113_b_2.jpg,T10_113,2,train,False,False
T10_d09_118_a_2.jpg,T10_118,2,train,False,True
T10_d09_118_b_2.jpg,T10_118,2,train,False,False
T10_d09_122_a_2.jpg,T10_122,2,train,False,False
T10_d09_122_b_2.jpg,T10_122,2,train,False,False
T10_d09_125_a_2.jpg,T10_125,2,train,False,False
T10_d09_125_b_2.jpg,T10_125,2,train,False,False
T10_d09_128_a_2.jpg,T10_128,2,train,False,False
T10_d09_128_b_2.jpg,T10_128,2,train,False,False
T10_d09_129_a_2.jpg,T10_129,2,train,False,True
T10_d09_129_b_2.jpg,T10_129,2,train,False,False
T10_d09_130_a_2.jpg,T10_130,2,train,False,True
T10_d09_130_b_2.jpg,T10_130,2,train,False,True
T10_d09_131_a_2.jpg,T10_131,2,train,False,False
T10_d09_131_b_2.jpg,T10_131,2,train,False,False
T10_d09_133_a_2.jpg,T10_133,2,train,False,False
T10_d09_133_b_2.jpg,T10_133,2,train,False,False
T10_d09_136_a_2.jpg,T10_136,2,val,False,False
T10_d09_136_b_2.jpg,T10_136,2,val,False,False
T10_d09_138_a_2.jpg,T10_138,2,train,False,True
T10_d09_138_b_2.jpg,T10_138,2,train,False,False
T10_d09_145_a_2.jpg,T10_145,2,train,False,False
T10_d09_145_b_2.jpg,T10_145,2,train,False,False
T10_d09_148_a_2.jpg,T10_148,2,train,True,False
T10_d09_148_b_2.jpg,T10_148,2,train,True,False
T10_d09_149_a_2.jpg,T10_149,2,train,False,False
T10_d09_149_b_2.jpg,T10_149,2,train,False,False
T10_d09_152_a_2.jpg,T10_152,2,train,False,False
T10_d09_152_b_2.jpg,T10_152,2,train,False,False
T10_d09_156_a_2.jpg,T10_156,2,train,False,False
T10_d09_156_b_2.jpg,T10_156,2,train,False,False
T10_d09_162_a_2.jpg,T10_162,2,test,False,False
T10_d09_162_b_2.jpg,T10_162,2,test,False,True
T10_d09_163_a_2.jpg,T10_163,2,train,False,False
T10_d09_163_b_2.jpg,T10_163,2,train,False,False
T10_d09_165_a_2.jpg,T10_165,2,train,False,False
T10_d09_165_b_2.jpg,T10_165,2,train,False,False
T10_d09_166_a_2.jpg,T10_166,2,train,False,False
T10_d09_166_b_2.jpg,T10_166,2,train,False,False
T10_d09_167_a_2.jpg,T10_167,2,train,False,False
T10_d09_167_b_2.jpg,T10_167,2,train,False,False
T10_d09_168_a_2.jpg,T10_168,2,train,False,False
T10_d09_168_b_2.jpg,T10_168,2,train,False,False
T10_d09_172_a_2.jpg,T10_172,2,train,False,False
T10_d09_172_b_2.jpg,T10_172,2,train,False,False
T10_d09_181_a_2.jpg,T10_181,2,train,False,False
T10_d09_181_b_2.jpg,T10_181,2,train,False,False
T10_d09_186_a_2.jpg,T10_186,2,val,False,False
T10_d09_186_b_2.jpg,T10_186,2,val,False,False
T10_d09_193_a_2.jpg,T10_193,2,train,False,False
T10_d09_193_b_2.jpg,T10_193,2,train,False,False
T10_d09_194_a_2.jpg,T10_194,2,train,False,False
T10_d09_194_b_2.jpg,T10_194,2,train,False,False
T10_d09_196_a_2.jpg,T10_196,2,train,False,False
T10_d09_196_b_2.jpg,T10_196,2,train,False,True
T10_d09_202_a_3.jpg,T10_202,3,train,False,False
T10_d09_202_b_3.jpg,T10_202,3,train,False,True
T10_d09_204_a_2.jpg,T10_204,2,train,False,False
T10_d09_204_b_2.jpg,T10_204,2,train,False,False
T10_d09_206_a_2.jpg,T10_206,2,train,False,False
T10_d09_206_b_2.jpg,T10_206,2,train,False,True
T10_d09_211_a_2.jpg,T10_211,2,train,False,True
T10_d09_211_b_2.jpg,T10_211,2,train,False,False
T10_d09_213_a_2.jpg,T10_213,2,train,False,False
T10_d09_213_b_2.jpg,T10_213,2,train,False,False
T10_d09_215_a_2.jpg,T10_215,2,train,False,False
T10_d09_215_b_2.jpg,T10_215,2,train,False,False
T10_d09_217_a_2.jpg,T10_217,2,train,False,False
T10_d09_217_b_2.jpg,T10_217,2,train,False,False
T10_d09_219_a_2.jpg,T10_219,2,test,False,False
T10_d09_219_b_2.jpg,T10_219,2,test,False,True
T10_d09_220_a_2.jpg,T10_220,2,val,False,False
T10_d09_220_b_2.jpg,T10_220,2,val,False,False
T10_d09_221_a_2.jpg,T10_221,2,train,False,False
T10_d09_221_b_2.jpg,T10_221,2,train,False,False
T10_d09_223_a_2.jpg,T10_223,2,train,False,False
T10_d09_223_b_2.jpg,T10_223,2,train,False,False
T10_d09_227_a_5.jpg,T10_227,5,train,False,False
T10_d09_227_b_5.jpg,T10_227,5,train,False,False
T10_d09_229_a_2.jpg,T10_229,2,train,False,False
T10_d09_229_b_2.jpg,T10_229,2,train,False,False
T10_d09_233_a_3.jpg,T10_233,3,train,False,False
T10_d09_233_b_3.jpg,T10_233,3,train,False,False
T10_d09_234_a_2.jpg,T10_234,2,train,False,False
T10_d09_234_b_2.jpg,T10_234,2,train,False,False
T10_d09_236_a_2.jpg,T10_236,2,train,False,False
T10_d09_236_b_2.jpg,T10_236,2,train,False,True
T10_d09_237_a_2.jpg,T10_237,2,train,False,False
T10_d09_237_b_2.jpg,T10_237,2,train,False,False
T10_d09_243_a_2.jpg,T10_243,2,train,False,False
T10_d09_243_b_2.jpg,T10_243,2,train,False,False
T10_d09_245_a_2.jpg,T10_245,2,train,False,False
T10_d09_245_b_2.jpg,T10_245,2,train,False,False
T10_d09_250_a_2.jpg,T10_250,2,train,False,False
T10_d09_250_b_2.jpg,T10_250,2,train,False,False
T10_d09_252_a_2.jpg,T10_252,2,train,False,False
T10_d09_252_b_2.jpg,T10_252,2,train,False,True
T10_d09_253_a_2.jpg,T10_253,2,val,False,False
T10_d09_253_b_2.jpg,T10_253,2,val,False,False
T10_d09_254_a_2.jpg,T10_254,2,val,False,False
T10_d09_254_b_2.jpg,T10_254,2,val,False,False
T10_d09_262_a_2.jpg,T10_262,2,train,False,False
T10_d09_262_b_2.jpg,T10_262,2,train,False,False
T10_d09_266_a_2.jpg,T10_266,2,train,False,False
T10_d09_266_b_2.jpg,T10_266,2,train,False,False
T10_d09_269_a_2.jpg,T10_269,2,train,False,False
T10_d09_269_b_2.jpg,T10_269,2,train,False,False
T10_d09_274_a_2.jpg,T10_274,2,train,True,False
T10_d09_274_b_2.jpg,T10_274,2,train,True,False
T10_d09_275_a_2.jpg,T10_275,2,test,False,False
T10_d09_275_b_2.jpg,T10_275,2,test,False,False
T10_d09_276_a_2.jpg,T10_276,2,train,False,False
T10_d09_276_b_2.jpg,T10_276,2,train,False,True
T10_d09_282_a_2.jpg,T10_282,2,train,False,False
T10_d09_282_b_2.jpg,T10_282,2,train,False,False
T10_d09_283_a_3.jpg,T10_283,3,train,False,False
T10_d09_283_b_3.jpg,T10_283,3,train,False,False
T10_d09_284_a_2.jpg,T10_284,2,train,False,True
T10_d09_284_b_2.jpg,T10_284,2,train,False,False
T10_d09_290_a_3.jpg,T10_290,3,train,False,False
T10_d09_290_b_3.jpg,T10_290,3,train,False,False
T10_d09_292_a_2.jpg,T10_292,2,val,False,False
T10_d09_292_b_2.jpg,T10_292,2,val,False,False
T10_d09_294_a_3.jpg,T10_294,3,train,False,False
T10_d09_294_b_3.jpg,T10_294,3,train,False,False
T10_d09_295_a_2.jpg,T10_295,2,train,False,False
T10_d09_295_b_2.jpg,T10_295,2,train,False,True
T10_d09_296_a_2.jpg,T10_296,2,train,False,False
T10_d09_296_b_2.jpg,T10_296,2,train,False,False
T10_d09_306_a_2.jpg,T10_306,2,train,False,False
T10_d09_306_b_2.jpg,T10_306,2,train,False,False
T10_d09_310_a_2.jpg,T10_310,2,val,False,False
T10_d09_310_b_2.jpg,T10_310,2,val,False,False
T10_d09_314_a_2.jpg,T10_314,2,train,True,False
T10_d09_314_b_2.jpg,T10_314,2,train,True,False
T10_d09_315_a_2.jpg,T10_315,2,train,False,False
T10_d09_315_b_2.jpg,T10_315,2,train,False,False
T10_d09_325_a_2.jpg,T10_325,2,train,False,False
T10_d09_325_b_2.jpg,T10_325,2,train,False,False
T10_d09_326_a_2.jpg,T10_326,2,train,False,False
T10_d09_326_b_2.jpg,T10_326,2,train,False,True
T10_d09_327_a_2.jpg,T10_327,2,train,False,False
T10_d09_327_b_2.jpg,T10_327,2,train,False,False
T10_d09_328_a_2.jpg,T10_328,2,train,False,False
T10_d09_328_b_2.jpg,T10_328,2,train,False,False
T10_d09_330_a_2.jpg,T10_330,2,train,False,False
T10_d09_330_b_2.jpg,T10_330,2,train,False,False
T10_d09_331_a_2.jpg,T10_331,2,test,False,False
T10_d09_331_b_2.jpg,T10_331,2,test,False,False
T10_d09_333_a_2.jpg,T10_333,2,train,False,False
T10_d09_333_b_2.jpg,T10_333,2,train,False,False
T10_d09_336_a_2.jpg,T10_336,2,train,False,False
T10_d09_336_b_2.jpg,T10_336,2,train,False,False
T10_d09_337_a_2.jpg,T10_337,2,train,False,False
T10_d09_337_b_2.jpg,T10_337,2,train,False,False
T10_d09_338_a_2.jpg,T10_338,2,train,False,False
T10_d09_338_b_2.jpg,T10_338,2,train,False,False
T10_d09_349_a_2.jpg,T10_349,2,train,False,False
T10_d09_349_b_2.jpg,T10_349,2,train,False,False
T10_d09_350_a_2.jpg,T10_350,2,train,False,False
T10_d09_350_b_2.jpg,T10_350,2,train,False,False
T10_d09_351_a_2.jpg,T10_351,2,train,False,False
T10_d09_351_b_2.jpg,T10_351,2,train,False,False
T10_d09_353_a_2.jpg,T10_353,2,val,False,False
T10_d09_353_b_2.jpg,T10_353,2,val,False,False
T10_d09_355_a_2.jpg,T10_355,2,train,False,False
T10_d09_355_b_2.jpg,T10_355,2,train,False,False
T10_d09_357_a_2.jpg,T10_357,2,train,False,False
T10_d09_357_b_2.jpg,T10_357,2,train,False,False
T10_d09_365_a_2.jpg,T10_365,2,train,False,False
T10_d09_365_b_2.jpg,T10_365,2,train,False,False
T10_d09_366_a_2.jpg,T10_366,2,train,False,False
T10_d09_366_b_2.jpg,T10_366,2,train,False,False
T10_d09_367_a_2.jpg,T10_367,2,train,False,False
T10_d09_367_b_2.jpg,T10_367,2,train,False,False
T10_d09_368_a_2.jpg,T10_368,2,val,False,False
T10_d09_368_b_2.jpg,T10_368,2,val,False,False
T10_d09_372_a_2.jpg,T10_372,2,train,False,False
T10_d09_372_b_2.jpg,T10_372,2,train,False,False
T10_d09_375_a_2.jpg,T10_375,2,val,False,False
T10_d09_375_b_2.jpg,T10_375,2,val,False,False
T10_d09_376_a_2.jpg,T10_376,2,train,False,True
T10_d09_376_b_2.jpg,T10_376,2,train,False,False
T10_d09_377_a_2.jpg,T10_377,2,train,False,False
T10_d09_377_b_2.jpg,T10_377,2,train,False,False
T10_d09_381_a_2.jpg,T10_381,2,train,False,False
T10_d09_381_b_2.jpg,T10_381,2,train,False,False
T10_d09_382_a_2.jpg,T10_382,2,train,False,False
T10_d09_382_b_2.jpg,T10_382,2,train,False,False
T10_d09_385_a_2.jpg,T10_385,2,val,False,False
T10_d09_385_b_2.jpg,T10_385,2,val,False,False
T10_d09_387_a_2.jpg,T10_387,2,train,False,False
T10_d09_387_b_2.jpg,T10_387,2,train,False,False
T10_d09_392_a_3.jpg,T10_392,3,test,False,False
T10_d09_392_b_3.jpg,T10_392,3,test,False,False
T10_d09_393_a_2.jpg,T10_393,2,val,False,False
T10_d09_393_b_2.jpg,T10_393,2,val,False,False
T10_d09_395_a_2.jpg,T10_395,2,test,False,False
T10_d09_395_b_2.jpg,T10_395,2,test,False,False
T10_d09_398_a_3.jpg,T10_398,3,val,False,False
T10_d09_398_b_3.jpg,T10_398,3,val,False,False
T10_d09_399_a_3.jpg,T10_399,3,val,False,False
T10_d09_399_b_3.jpg,T10_399,3,val,False,True
T10_d09_400_a_2.jpg,T10_400,2,train,False,False
T10_d09_400_b_2.jpg,T10_400,2,train,False,False
T10_d09_401_a_2.jpg,T10_401,2,train,False,False
T10_d09_401_b_2.jpg,T10_401,2,train,False,False
T10_d09_402_a_2.jpg,T10_402,2,val,False,False
T10_d09_402_b_2.jpg,T10_402,2,val,False,True
T10_d09_405_a_2.jpg,T10_405,2,train,False,False
T10_d09_405_b_2.jpg,T10_405,2,train,False,False
T10_d09_406_a_2.jpg,T10_406,2,val,False,False
T10_d09_406_b_2.jpg,T10_406,2,val,False,False
T10_d09_408_a_2.jpg,T10_408,2,train,False,False
T10_d09_408_b_2.jpg,T10_408,2,train,False,True
T10_d09_410_a_2.jpg,T10_410,2,train,False,False
T10_d09_410_b_2.jpg,T10_410,2,train,False,True
T10_d09_411_a_2.jpg,T10_411,2,val,False,False
T10_d09_411_b_2.jpg,T10_411,2,val,False,False
T10_d09_413_a_2.jpg,T10_413,2,train,False,False
T10_d09_413_b_2.jpg,T10_413,2,train,False,False
T10_d09_414_a_2.jpg,T10_414,2,train,False,False
T10_d09_414_b_2.jpg,T10_414,2,train,False,True
T10_d09_415_a_2.jpg,T10_415,2,train,False,False
T10_d09_415_b_2.jpg,T10_415,2,train,False,True
T10_d09_420_a_2.jpg,T10_420,2,train,False,False
T10_d09_420_b_2.jpg,T10_420,2,train,False,False
T10_d09_422_a_2.jpg,T10_422,2,train,False,False
T10_d09_422_b_2.jpg,T10_422,2,train,False,False
T10_d09_425_a_2.jpg,T10_425,2,train,False,False
T10_d09_425_b_2.jpg,T10_425,2,train,False,True
T10_d09_429_a_2.jpg,T10_429,2,train,False,False
T10_d09_429_b_2.jpg,T10_429,2,train,False,False
T10_d09_430_a_2.jpg,T10_430,2,val,False,False
T10_d09_430_b_2.jpg,T10_430,2,val,False,False
T10_d09_442_a_2.jpg,T10_442,2,train,False,True
T10_d09_442_b_2.jpg,T10_442,2,train,False,False
T10_d09_444_a_3.jpg,T10_444,3,train,False,False
T10_d09_444_b_3.jpg,T10_444,3,train,False,False
T10_d09_445_a_2.jpg,T10_445,2,train,False,True
T10_d09_445_b_2.jpg,T10_445,2,train,False,False
T10_d09_446_a_2.jpg,T10_446,2,train,False,True
T10_d09_446_b_2.jpg,T10_446,2,train,False,False
T10_d09_447_a_2.jpg,T10_447,2,train,False,False
T10_d09_447_b_2.jpg,T10_447,2,train,False,False
T10_d09_448_a_4.jpg,T10_448,4,train,False,True
T10_d09_448_b_4.jpg,T10_448,4,train,False,False
T10_d09_449_a_2.jpg,T10_449,2,train,False,False
T10_d09_449_b_2.jpg,T10_449,2,train,False,False
T10_d09_450_a_2.jpg,T10_450,2,val,False,False
T10_d09_450_b_2.jpg,T10_450,2,val,False,False
T10_d09_451_a_2.jpg,T10_451,2,val,False,True
T10_d09_451_b_2.jpg,T10_451,2,val,False,False
T10_d09_452_a_2.jpg,T10_452,2,val,False,False
T10_d09_452_b_2.jpg,T10_452,2,val,False,False
T10_d09_454_a_2.jpg,T10_454,2,train,False,False
T10_d09_454_b_2.jpg,T10_454,2,train,False,False
T10_d09_458_a_2.jpg,T10_458,2,train,False,True
T10_d09_458_b_2.jpg,T10_458,2,train,False,False
T10_d09_459_a_2.jpg,T10_459,2,train,False,False
T10_d09_459_b_2.jpg,T10_459,2,train,False,False
T10_d09_470_a_3.jpg,T10_470,3,train,False,False
T10_d09_470_b_3.jpg,T10_470,3,train,False,False
T10_d09_471_a_2.jpg,T10_471,2,test,False,False
T10_d09_471_b_2.jpg,T10_471,2,test,False,False
T10_d09_475_a_2.jpg,T10_475,2,train,False,False
T10_d09_475_b_2.jpg,T10_475,2,train,False,False
T10_d09_478_a_2.jpg,T10_478,2,val,False,False
T10_d09_478_b_2.jpg,T10_478,2,val,False,False
T10_d10_002_a_2.jpg,T10_002,2,train,False,False
T10_d10_002_b_2.jpg,T10_002,2,train,False,False
T10_d10_003_a_3.jpg,T10_003,3,train,False,True
T10_d10_003_b_3.jpg,T10_003,3,train,False,False
T10_d10_007_a_3.jpg,T10_007,3,train,False,False
T10_d10_007_b_3.jpg,T10_007,3,train,False,False
T10_d10_011_a_2.jpg,T10_011,2,train,False,False
T10_d10_011_b_2.jpg,T10_011,2,train,False,False
T10_d10_012_a_3.jpg,T10_012,3,val,False,False
T10_d10_012_b_3.jpg,T10_012,3,val,False,False
T10_d10_013_a_2.jpg,T10_013,2,train,False,False
T10_d10_013_b_2.jpg,T10_013,2,train,False,False
T10_d10_014_a_2.jpg,T10_014,2,val,False,True
T10_d10_014_b_2.jpg,T10_014,2,val,False,False
T10_d10_015_a_2.jpg,T10_015,2,test,False,False
T10_d10_015_b_2.jpg,T10_015,2,test,False,False
T10_d10_018_a_3.jpg,T10_018,3,val,False,True
T10_d10_018_b_3.jpg,T10_018,3,val,False,True
T10_d10_021_a_2.jpg,T10_021,2,train,False,False
T10_d10_021_b_2.jpg,T10_021,2,train,False,True
T10_d10_022_a_2.jpg,T10_022,2,train,False,False
T10_d10_022_b_2.jpg,T10_022,2,train,False,False
T10_d10_026_a_3.jpg,T10_026,3,train,False,False
T10_d10_026_b_3.jpg,T10_026,3,train,False,False
T10_d10_027_a_2.jpg,T10_027,2,train,False,False
T10_d10_027_b_2.jpg,T10_027,2,train,False,False
T10_d10_033_a_3.jpg,T10_033,3,val,False,False
T10_d10_033_b_3.jpg,T10_033,3,val,False,False
T10_d10_034_a_3.jpg,T10_034,3,train,False,False
T10_d10_034_b_3.jpg,T10_034,3,train,False,False
T10_d10_035_a_3.jpg,T10_035,3,val,False,False
T10_d10_035_b_3.jpg,T10_035,3,val,False,False
T10_d10_041_a_2.jpg,T10_041,2,val,False,False
T10_d10_041_b_2.jpg,T10_041,2,val,False,False
T10_d10_046_a_2.jpg,T10_046,2,train,False,False
T10_d10_046_b_2.jpg,T10_046,2,train,False,False
T10_d10_047_a_2.jpg,T10_047,2,train,False,False
T10_d10_047_b_2.jpg,T10_047,2,train,False,False
T10_d10_048_a_3.jpg,T10_048,3,train,False,False
T10_d10_048_b_3.jpg,T10_048,3,train,False,False
T10_d10_055_a_2.jpg,T10_055,2,train,False,False
T10_d10_055_b_2.jpg,T10_055,2,train,False,False
T10_d10_058_a_2.jpg,T10_058,2,val,False,False
T10_d10_058_b_2.jpg,T10_058,2,val,False,False
T10_d10_061_a_3.jpg,T10_061,3,train,False,False
T10_d10_061_b_3.jpg,T10_061,3,train,False,False
T10_d10_065_a_4.jpg,T10_065,4,val,False,False
T10_d10_065_b_4.jpg,T10_065,4,val,False,False
T10_d10_067_a_2.jpg,T10_067,2,train,False,False
T10_d10_067_b_2.jpg,T10_067,2,train,False,False
T10_d10_069_a_3.jpg,T10_069,3,train,False,False
T10_d10_069_b_3.jpg,T10_069,3,train,False,False
T10_d10_072_a_3.jpg,T10_072,3,val,False,False
T10_d10_072_b_3.jpg,T10_072,3,val,False,False
T10_d10_080_a_2.jpg,T10_080,2,val,False,False
T10_d10_080_b_2.jpg,T10_080,2,val,False,True
T10_d10_083_a_2.jpg,T10_083,2,train,False,False
T10_d10_083_b_2.jpg,T10_083,2,train,False,False
T10_d10_087_a_3.jpg,T10_087,3,val,False,False
T10_d10_087_b_3.jpg,T10_087,3,val,False,False
T10_d10_089_a_2.jpg,T10_089,2,train,False,False
T10_d10_089_b_2.jpg,T10_089,2,train,False,False
T10_d10_092_a_2.jpg,T10_092,2,test,False,False
T10_d10_092_b_2.jpg,T10_092,2,test,False,False
T10_d10_093_a_3.jpg,T10_093,3,train,False,True
T10_d10_093_b_3.jpg,T10_093,3,train,False,False
T10_d10_094_a_2.jpg,T10_094,2,train,False,False
T10_d10_094_b_2.jpg,T10_094,2,train,False,False
T10_d10_096_a_2.jpg,T10_096,2,train,False,False
T10_d10_096_b_2.jpg,T10_096,2,train,False,False
T10_d10_097_a_2.jpg,T10_097,2,train,False,False
T10_d10_097_b_2.jpg,T10_097,2,train,False,False
T10_d10_098_a_2.jpg,T10_098,2,train,False,False
T10_d10_098_b_2.jpg,T10_098,2,train,False,False
T10_d10_099_a_3.jpg,T10_099,3,train,False,False
T10_d10_099_b_3.jpg,T10_099,3,train,False,False
T10_d10_100_a_2.jpg,T10_100,2,test,False,False
T10_d10_100_b_2.jpg,T10_100,2,test,False,False
T10_d10_108_a_2.jpg,T10_108,2,train,False,False
T10_d10_108_b_2.jpg,T10_108,2,train,False,False
T10_d10_110_a_2.jpg,T10_110,2,train,False,False
T10_d10_110_b_2.jpg,T10_110,2,train,False,False
T10_d10_111_a_2.jpg,T10_111,2,val,False,False
T10_d10_111_b_2.jpg,T10_111,2,val,False,False
T10_d10_113_a_2.jpg,T10_113,2,train,False,False
T10_d10_113_b_2.jpg,T10_113,2,train,False,False
T10_d10_118_a_2.jpg,T10_118,2,train,False,False
T10_d10_118_b_2.jpg,T10_118,2,train,False,False
T10_d10_122_a_3.jpg,T10_122,3,train,False,False
T10_d10_122_b_3.jpg,T10_122,3,train,False,False
T10_d10_125_a_2.jpg,T10_125,2,train,False,False
T10_d10_125_b_2.jpg,T10_125,2,train,False,False
T10_d10_128_a_2.jpg,T10_128,2,train,False,False
T10_d10_128_b_2.jpg,T10_128,2,train,False,False
T10_d10_129_a_2.jpg,T10_129,2,train,False,False
T10_d10_129_b_2.jpg,T10_129,2,train,False,False
T10_d10_130_a_3.jpg,T10_130,3,train,False,False
T10_d10_130_b_3.jpg,T10_130,3,train,False,False
T10_d10_131_a_3.jpg,T10_131,3,train,False,False
T10_d10_131_b_3.jpg,T10_131,3,train,False,False
T10_d10_133_a_2.jpg,T10_133,2,train,False,False
T10_d10_133_b_2.jpg,T10_133,2,train,False,False
T10_d10_136_a_3.jpg,T10_136,3,val,False,False
T10_d10_136_b_3.jpg,T10_136,3,val,False,False
T10_d10_138_a_2.jpg,T10_138,2,train,False,False
T10_d10_138_b_2.jpg,T10_138,2,train,False,False
T10_d10_145_a_2.jpg,T10_145,2,train,False,False
T10_d10_145_b_2.jpg,T10_145,2,train,False,False
T10_d10_148_a_3.jpg,T10_148,3,train,True,False
T10_d10_148_b_3.jpg,T10_148,3,train,True,False
T10_d10_149_a_2.jpg,T10_149,2,train,False,False
T10_d10_149_b_2.jpg,T10_149,2,train,False,False
T10_d10_152_a_2.jpg,T10_152,2,train,False,False
T10_d10_152_b_2.jpg,T10_152,2,train,False,False
T10_d10_156_a_3.jpg,T10_156,3,train,False,False
T10_d10_156_b_3.jpg,T10_156,3,train,False,False
T10_d10_162_a_2.jpg,T10_162,2,test,False,False
T10_d10_162_b_2.jpg,T10_162,2,test,False,False
T10_d10_163_a_2.jpg,T10_163,2,train,False,False
T10_d10_163_b_2.jpg,T10_163,2,train,False,False
T10_d10_165_a_2.jpg,T10_165,2,train,False,False
T10_d10_165_b_2.jpg,T10_165,2,train,False,False
T10_d10_166_a_2.jpg,T10_166,2,train,False,False
T10_d10_166_b_2.jpg,T10_166,2,train,False,False
T10_d10_167_a_2.jpg,T10_167,2,train,False,False
T10_d10_167_b_2.jpg,T10_167,2,train,False,False
T10_d10_168_a_3.jpg,T10_168,3,train,False,False
T10_d10_168_b_3.jpg,T10_168,3,train,False,False
T10_d10_172_a_2.jpg,T10_172,2,train,False,True
T10_d10_172_b_2.jpg,T10_172,2,train,False,False
T10_d10_181_a_3.jpg,T10_181,3,train,False,False
T10_d10_181_b_3.jpg,T10_181,3,train,False,False
T10_d10_186_a_3.jpg,T10_186,3,val,False,False
T10_d10_186_b_3.jpg,T10_186,3,val,False,False
T10_d10_193_a_2.jpg,T10_193,2,train,False,False
T10_d10_193_b_2.jpg,T10_193,2,train,False,False
T10_d10_194_a_2.jpg,T10_194,2,train,False,False
T10_d10_194_b_2.jpg,T10_194,2,train,False,False
T10_d10_196_a_2.jpg,T10_196,2,train,False,False
T10_d10_196_b_2.jpg,T10_196,2,train,False,False
T10_d10_202_a_3.jpg,T10_202,3,train,False,False
T10_d10_202_b_3.jpg,T10_202,3,train,False,False
T10_d10_204_a_2.jpg,T10_204,2,train,False,False
T10_d10_204_b_2.jpg,T10_204,2,train,False,False
T10_d10_206_a_2.jpg,T10_206,2,train,False,True
T10_d10_206_b_2.jpg,T10_206,2,train,False,False
T10_d10_211_a_2.jpg,T10_211,2,train,False,False
T10_d10_211_b_2.jpg,T10_211,2,train,False,False
T10_d10_213_a_2.jpg,T10_213,2,train,False,False
T10_d10_213_b_2.jpg,T10_213,2,train,False,False
T10_d10_215_a_2.jpg,T10_215,2,train,False,False
T10_d10_215_b_2.jpg,T10_215,2,train,False,False
T10_d10_217_a_2.jpg,T10_217,2,train,False,False
T10_d10_217_b_2.jpg,T10_217,2,train,False,False
T10_d10_219_a_2.jpg,T10_219,2,test,False,False
T10_d10_219_b_2.jpg,T10_219,2,test,False,False
T10_d10_220_a_3.jpg,T10_220,3,val,False,False
T10_d10_220_b_3.jpg,T10_220,3,val,False,False
T10_d10_221_a_3.jpg,T10_221,3,train,False,True
T10_d10_221_b_3.jpg,T10_221,3,train,False,False
T10_d10_223_a_2.jpg,T10_223,2,train,False,False
T10_d10_223_b_2.jpg,T10_223,2,train,False,False
T10_d10_227_a_5.jpg,T10_227,5,train,False,False
T10_d10_227_b_5.jpg,T10_227,5,train,False,False
T10_d10_229_a_2.jpg,T10_229,2,train,False,False
T10_d10_229_b_2.jpg,T10_229,2,train,False,False
T10_d10_233_a_3.jpg,T10_233,3,train,False,False
T10_d10_233_b_3.jpg,T10_233,3,train,False,False
T10_d10_234_a_3.jpg,T10_234,3,train,False,False
T10_d10_234_b_3.jpg,T10_234,3,train,False,False
T10_d10_236_a_2.jpg,T10_236,2,train,False,True
T10_d10_236_b_2.jpg,T10_236,2,train,False,False
T10_d10_237_a_3.jpg,T10_237,3,train,False,False
T10_d10_237_b_3.jpg,T10_237,3,train,False,False
T10_d10_243_a_2.jpg,T10_243,2,train,False,True
T10_d10_243_b_2.jpg,T10_243,2,train,False,False
T10_d10_245_a_3.jpg,T10_245,3,train,False,False
T10_d10_245_b_3.jpg,T10_245,3,train,False,False
T10_d10_250_a_3.jpg,T10_250,3,train,False,False
T10_d10_250_b_3.jpg,T10_250,3,train,False,False
T10_d10_252_a_2.jpg,T10_252,2,train,False,True
T10_d10_252_b_2.jpg,T10_252,2,train,False,False
T10_d10_253_a_3.jpg,T10_253,3,val,False,False
T10_d10_253_b_3.jpg,T10_253,3,val,False,False
T10_d10_254_a_2.jpg,T10_254,2,val,False,False
T10_d10_254_b_2.jpg,T10_254,2,val,False,False
T10_d10_262_a_2.jpg,T10_262,2,train,False,True
T10_d10_262_b_2.jpg,T10_262,2,train,False,False
T10_d10_266_a_3.jpg,T10_266,3,train,False,True
T10_d10_266_b_3.jpg,T10_266,3,train,False,False
T10_d10_269_a_3.jpg,T10_269,3,train,False,False
T10_d10_269_b_3.jpg,T10_269,3,train,False,False
T10_d10_274_a_2.jpg,T10_274,2,train,True,False
T10_d10_274_b_2.jpg,T10_274,2,train,True,False
T10_d10_275_a_2.jpg,T10_275,2,test,False,False
T10_d10_275_b_2.jpg,T10_275,2,test,False,True
T10_d10_276_a_2.jpg,T10_276,2,train,False,False
T10_d10_276_b_2.jpg,T10_276,2,train,False,False
T10_d10_282_a_3.jpg,T10_282,3,train,False,False
T10_d10_282_b_3.jpg,T10_282,3,train,False,True
T10_d10_283_a_3.jpg,T10_283,3,train,False,False
T10_d10_283_b_3.jpg,T10_283,3,train,False,False
T10_d10_284_a_3.jpg,T10_284,3,train,False,False
T10_d10_284_b_3.jpg,T10_284,3,train,False,False
T10_d10_290_a_4.jpg,T10_290,4,train,False,False
T10_d10_290_b_4.jpg,T10_290,4,train,False,False
T10_d10_292_a_2.jpg,T10_292,2,val,False,False
T10_d10_292_b_2.jpg,T10_292,2,val,False,False
T10_d10_294_a_4.jpg,T10_294,4,train,False,False
T10_d10_294_b_4.jpg,T10_294,4,train,False,False
T10_d10_295_a_3.jpg,T10_295,3,train,False,False
T10_d10_295_b_3.jpg,T10_295,3,train,False,False
T10_d10_296_a_2.jpg,T10_296,2,train,False,False
T10_d10_296_b_2.jpg,T10_296,2,train,False,False
T10_d10_306_a_3.jpg,T10_306,3,train,False,False
T10_d10_306_b_3.jpg,T10_306,3,train,False,False
T10_d10_310_a_2.jpg,T10_310,2,val,False,False
T10_d10_310_b_2.jpg,T10_310,2,val,False,False
T10_d10_314_a_2.jpg,T10_314,2,train,True,False
T10_d10_314_b_2.jpg,T10_314,2,train,True,False
T10_d10_315_a_2.jpg,T10_315,2,train,False,False
T10_d10_315_b_2.jpg,T10_315,2,train,False,False
T10_d10_326_a_2.jpg,T10_326,2,train,False,False
T10_d10_326_b_2.jpg,T10_326,2,train,False,False
T10_d10_327_a_2.jpg,T10_327,2,train,False,False
T10_d10_327_b_2.jpg,T10_327,2,train,False,False
T10_d10_328_a_2.jpg,T10_328,2,train,False,False
T10_d10_328_b_2.jpg,T10_328,2,train,False,False
T10_d10_330_a_2.jpg,T10_330,2,train,False,False
T10_d10_330_b_2.jpg,T10_330,2,train,False,False
T10_d10_331_a_3.jpg,T10_331,3,test,False,False
T10_d10_331_b_3.jpg,T10_331,3,test,False,False
T10_d10_333_a_2.jpg,T10_333,2,train,False,False
T10_d10_333_b_2.jpg,T10_333,2,train,False,False
T10_d10_336_a_3.jpg,T10_336,3,train,False,False
T10_d10_336_b_3.jpg,T10_336,3,train,False,True
T10_d10_337_a_2.jpg,T10_337,2,train,False,False
T10_d10_337_b_2.jpg,T10_337,2,train,False,False
T10_d10_338_a_2.jpg,T10_338,2,train,False,False
T10_d10_338_b_2.jpg,T10_338,2,train,False,True
T10_d10_349_a_3.jpg,T10_349,3,train,False,False
T10_d10_349_b_3.jpg,T10_349,3,train,False,False
T10_d10_350_a_3.jpg,T10_350,3,train,False,False
T10_d10_350_b_3.jpg,T10_350,3,train,False,False
T10_d10_351_a_2.jpg,T10_351,2,train,False,False
T10_d10_351_b_2.jpg,T10_351,2,train,False,False
T10_d10_353_a_3.jpg,T10_353,3,val,False,False
T10_d10_353_b_3.jpg,T10_353,3,val,False,False
T10_d10_355_a_3.jpg,T10_355,3,train,False,False
T10_d10_355_b_3.jpg,T10_355,3,train,False,False
T10_d10_357_a_2.jpg,T10_357,2,train,False,False
T10_d10_357_b_2.jpg,T10_357,2,train,False,False
T10_d10_366_a_2.jpg,T10_366,2,train,False,False
T10_d10_366_b_2.jpg,T10_366,2,train,False,False
T10_d10_367_a_3.jpg,T10_367,3,train,False,False
T10_d10_367_b_3.jpg,T10_367,3,train,False,False
T10_d10_368_a_2.jpg,T10_368,2,val,False,False
T10_d10_368_b_2.jpg,T10_368,2,val,False,False
T10_d10_372_a_2.jpg,T10_372,2,train,False,True
T10_d10_372_b_2.jpg,T10_372,2,train,False,False
T10_d10_375_a_2.jpg,T10_375,2,val,False,False
T10_d10_375_b_2.jpg,T10_375,2,val,False,False
T10_d10_376_a_3.jpg,T10_376,3,train,False,True
T10_d10_376_b_3.jpg,T10_376,3,train,False,False
T10_d10_377_a_3.jpg,T10_377,3,train,False,False
T10_d10_377_b_3.jpg,T10_377,3,train,False,False
T10_d10_381_a_3.jpg,T10_381,3,train,False,False
T10_d10_381_b_3.jpg,T10_381,3,train,False,False
T10_d10_382_a_2.jpg,T10_382,2,train,False,False
T10_d10_382_b_2.jpg,T10_382,2,train,False,False
T10_d10_385_a_2.jpg,T10_385,2,val,False,True
T10_d10_385_b_2.jpg,T10_385,2,val,False,False
T10_d10_387_a_2.jpg,T10_387,2,train,False,False
T10_d10_387_b_2.jpg,T10_387,2,train,False,True
T10_d10_392_a_3.jpg,T10_392,3,test,False,False
T10_d10_392_b_3.jpg,T10_392,3,test,False,False
T10_d10_393_a_2.jpg,T10_393,2,val,False,False
T10_d10_393_b_2.jpg,T10_393,2,val,False,False
T10_d10_395_a_3.jpg,T10_395,3,test,False,False
T10_d10_395_b_3.jpg,T10_395,3,test,False,False
T10_d10_398_a_3.jpg,T10_398,3,val,False,False
T10_d10_398_b_3.jpg,T10_398,3,val,False,False
T10_d10_399_a_4.jpg,T10_399,4,val,False,False
T10_d10_399_b_4.jpg,T10_399,4,val,False,True
T10_d10_400_a_2.jpg,T10_400,2,train,False,False
T10_d10_400_b_2.jpg,T10_400,2,train,False,False
T10_d10_401_a_2.jpg,T10_401,2,train,False,False
T10_d10_401_b_2.jpg,T10_401,2,train,False,False
T10_d10_402_a_3.jpg,T10_402,3,val,False,False
T10_d10_402_b_3.jpg,T10_402,3,val,False,False
T10_d10_405_a_3.jpg,T10_405,3,train,False,False
T10_d10_405_b_3.jpg,T10_405,3,train,False,False
T10_d10_406_a_2.jpg,T10_406,2,val,False,False
T10_d10_406_b_2.jpg,T10_406,2,val,False,False
T10_d10_408_a_2.jpg,T10_408,2,train,False,False
T10_d10_408_b_2.jpg,T10_408,2,train,False,False
T10_d10_410_a_2.jpg,T10_410,2,train,False,False
T10_d10_410_b_2.jpg,T10_410,2,train,False,False
T10_d10_411_a_2.jpg,T10_411,2,val,False,False
T10_d10_411_b_2.jpg,T10_411,2,val,False,False
T10_d10_413_a_2.jpg,T10_413,2,train,False,False
T10_d10_413_b_2.jpg,T10_413,2,train,False,False
T10_d10_414_a_2.jpg,T10_414,2,train,False,False
T10_d10_414_b_2.jpg,T10_414,2,train,False,False
T10_d10_415_a_2.jpg,T10_415,2,train,False,False
T10_d10_415_b_2.jpg,T10_415,2,train,False,False
T10_d10_420_a_2.jpg,T10_420,2,train,False,False
T10_d10_420_b_2.jpg,T10_420,2,train,False,False
T10_d10_422_a_3.jpg,T10_422,3,train,False,False
T10_d10_422_b_3.jpg,T10_422,3,train,False,False
T10_d10_425_a_2.jpg,T10_425,2,train,False,False
T10_d10_425_b_2.jpg,T10_425,2,train,False,False
T10_d10_429_a_3.jpg,T10_429,3,train,False,False
T10_d10_429_b_3.jpg,T10_429,3,train,False,False
T10_d10_430_a_3.jpg,T10_430,3,val,False,False
T10_d10_430_b_3.jpg,T10_430,3,val,False,False
T10_d10_442_a_2.jpg,T10_442,2,train,False,False
T10_d10_442_b_2.jpg,T10_442,2,train,False,False
T10_d10_444_a_3.jpg,T10_444,3,train,False,False
T10_d10_444_b_3.jpg,T10_444,3,train,False,False
T10_d10_445_a_2.jpg,T10_445,2,train,False,False
T10_d10_445_b_2.jpg,T10_445,2,train,False,False
T10_d10_446_a_3.jpg,T10_446,3,train,False,True
T10_d10_446_b_3.jpg,T10_446,3,train,False,False
T10_d10_447_a_3.jpg,T10_447,3,train,False,False
T10_d10_447_b_3.jpg,T10_447,3,train,False,False
T10_d10_448_a_4.jpg,T10_448,4,train,False,False
T10_d10_448_b_4.jpg,T10_448,4,train,False,False
T10_d10_449_a_2.jpg,T10_449,2,train,False,False
T10_d10_449_b_2.jpg,T10_449,2,train,False,False
T10_d10_450_a_3.jpg,T10_450,3,val,False,False
T10_d10_450_b_3.jpg,T10_450,3,val,False,False
T10_d10_451_a_2.jpg,T10_451,2,val,False,True
T10_d10_451_b_2.jpg,T10_451,2,val,False,True
T10_d10_452_a_2.jpg,T10_452,2,val,False,False
T10_d10_452_b_2.jpg,T10_452,2,val,False,False
T10_d10_454_a_3.jpg,T10_454,3,train,False,False
T10_d10_454_b_3.jpg,T10_454,3,train,False,False
T10_d10_458_a_3.jpg,T10_458,3,train,False,False
T10_d10_458_b_3.jpg,T10_458,3,train,False,True
T10_d10_459_a_2.jpg,T10_459,2,train,False,False
T10_d10_459_b_2.jpg,T10_459,2,train,False,False
T10_d10_470_a_3.jpg,T10_470,3,train,False,False
T10_d10_470_b_3.jpg,T10_470,3,train,False,True
T10_d10_471_a_2.jpg,T10_471,2,test,False,False
T10_d10_471_b_2.jpg,T10_471,2,test,False,False
T10_d10_475_a_2.jpg,T10_475,2,train,False,False
T10_d10_475_b_2.jpg,T10_475,2,train,False,True
T10_d10_478_a_2.jpg,T10_478,2,val,False,False
T10_d10_478_b_2.jpg,T10_478,2,val,False,False
T10_d11_002_a_3.jpg,T10_002,3,train,False,False
T10_d11_002_b_3.jpg,T10_002,3,train,False,False
T10_d11_003_a_3.jpg,T10_003,3,train,False,False
T10_d11_003_b_3.jpg,T10_003,3,train,False,True
T10_d11_007_a_3.jpg,T10_007,3,train,False,True
T10_d11_007_b_3.jpg,T10_007,3,train,False,False
T10_d11_011_a_2.jpg,T10_011,2,train,False,False
T10_d11_011_b_2.jpg,T10_011,2,train,False,False
T10_d11_012_a_3.jpg,T10_012,3,val,False,False
T10_d11_012_b_3.jpg,T10_012,3,val,False,False
T10_d11_013_a_3.jpg,T10_013,3,train,False,False
T10_d11_013_b_3.jpg,T10_013,3,train,False,False
T10_d11_014_a_3.jpg,T10_014,3,val,False,False
T10_d11_014_b_3.jpg,T10_014,3,val,False,False
T10_d11_015_a_3.jpg,T10_015,3,test,False,True
T10_d11_015_b_3.jpg,T10_015,3,test,False,False
T10_d11_018_a_3.jpg,T10_018,3,val,False,False
T10_d11_018_b_3.jpg,T10_018,3,val,False,False
T10_d11_021_a_2.jpg,T10_021,2,train,False,False
T10_d11_021_b_2.jpg,T10_021,2,train,False,False
T10_d11_022_a_3.jpg,T10_022,3,train,False,False
T10_d11_022_b_3.jpg,T10_022,3,train,False,False
T10_d11_026_a_3.jpg,T10_026,3,train,False,False
T10_d11_026_b_3.jpg,T10_026,3,train,False,False
T10_d11_027_a_3.jpg,T10_027,3,train,False,False
T10_d11_027_b_3.jpg,T10_027,3,train,False,True
T10_d11_033_a_3.jpg,T10_033,3,val,False,False
T10_d11_033_b_3.jpg,T10_033,3,val,False,False
T10_d11_034_a_3.jpg,T10_034,3,train,False,False
T10_d11_034_b_3.jpg,T10_034,3,train,False,False
T10_d11_035_a_3.jpg,T10_035,3,val,False,False
T10_d11_035_b_3.jpg,T10_035,3,val,False,False
T10_d11_041_a_3.jpg,T10_041,3,val,False,False
T10_d11_041_b_3.jpg,T10_041,3,val,False,False
T10_d11_046_a_3.jpg,T10_046,3,train,False,False
T10_d11_046_b_3.jpg,T10_046,3,train,False,False
T10_d11_047_a_2.jpg,T10_047,2,train,False,False
T10_d11_047_b_2.jpg,T10_047,2,train,False,True
T10_d11_048_a_3.jpg,T10_048,3,train,False,False
T10_d11_048_b_3.jpg,T10_048,3,train,False,False
T10_d11_055_a_3.jpg,T10_055,3,train,False,False
T10_d11_055_b_3.jpg,T10_055,3,train,False,False
T10_d11_058_a_3.jpg,T10_058,3,val,False,False
T10_d11_058_b_3.jpg,T10_058,3,val,False,False
T10_d11_061_a_3.jpg,T10_061,3,train,False,False
T10_d11_061_b_3.jpg,T10_061,3,train,False,False
T10_d11_065_a_4.jpg,T10_065,4,val,False,False
T10_d11_065_b_4.jpg,T10_065,4,val,False,False
T10_d11_067_a_2.jpg,T10_067,2,train,False,False
T10_d11_067_b_2.jpg,T10_067,2,train,False,True
T10_d11_069_a_3.jpg,T10_069,3,train,False,False
T10_d11_069_b_3.jpg,T10_069,3,train,False,True
T10_d11_072_a_3.jpg,T10_072,3,val,False,False
T10_d11_072_b_3.jpg,T10_072,3,val,False,True
T10_d11_080_a_3.jpg,T10_080,3,val,False,False
T10_d11_080_b_3.jpg,T10_080,3,val,False,False
T10_d11_083_a_3.jpg,T10_083,3,train,False,False
T10_d11_083_b_3.jpg,T10_083,3,train,False,False
T10_d11_087_a_3.jpg,T10_087,3,val,False,False
T10_d11_087_b_3.jpg,T10_087,3,val,False,False
T10_d11_089_a_2.jpg,T10_089,2,train,False,False
T10_d11_089_b_2.jpg,T10_089,2,train,False,False
T10_d11_092_a_3.jpg,T10_092,3,test,False,False
T10_d11_092_b_3.jpg,T10_092,3,test,False,True
T10_d11_093_a_3.jpg,T10_093,3,train,False,False
T10_d11_093_b_3.jpg,T10_093,3,train,False,False
T10_d11_094_a_3.jpg,T10_094,3,train,False,False
T10_d11_094_b_3.jpg,T10_094,3,train,False,False
T10_d11_096_a_2.jpg,T10_096,2,train,False,False
T10_d11_096_b_2.jpg,T10_096,2,train,False,False
T10_d11_097_a_2.jpg,T10_097,2,train,False,False
T10_d11_097_b_2.jpg,T10_097,2,train,False,False
T10_d11_098_a_3.jpg,T10_098,3,train,False,False
T10_d11_098_b_3.jpg,T10_098,3,train,False,True
T10_d11_099_a_3.jpg,T10_099,3,train,False,False
T10_d11_099_b_3.jpg,T10_099,3,train,False,False
T10_d11_100_a_3.jpg,T10_100,3,test,False,False
T10_d11_100_b_3.jpg,T10_100,3,test,False,False
T10_d11_108_a_3.jpg,T10_108,3,train,False,False
T10_d11_108_b_3.jpg,T10_108,3,train,False,False
T10_d11_110_a_3.jpg,T10_110,3,train,False,False
T10_d11_110_b_3.jpg,T10_110,3,train,False,False
T10_d11_111_a_2.jpg,T10_111,2,val,False,False
T10_d11_111_b_2.jpg,T10_111,2,val,False,False
T10_d11_113_a_3.jpg,T10_113,3,train,False,False
T10_d11_113_b_3.jpg,T10_113,3,train,False,False
T10_d11_118_a_3.jpg,T10_118,3,train,False,False
T10_d11_118_b_3.jpg,T10_118,3,train,False,False
T10_d11_122_a_3.jpg,T10_122,3,train,False,True
T10_d11_122_b_3.jpg,T10_122,3,train,False,False
T10_d11_125_a_3.jpg,T10_125,3,train,False,False
T10_d11_125_b_3.jpg,T10_125,3,train,False,False
T10_d11_128_a_2.jpg,T10_128,2,train,False,False
T10_d11_128_b_2.jpg,T10_128,2,train,False,False
T10_d11_129_a_3.jpg,T10_129,3,train,False,False
T10_d11_129_b_3.jpg,T10_129,3,train,False,True
T10_d11_130_a_3.jpg,T10_130,3,train,False,True
T10_d11_130_b_3.jpg,T10_130,3,train,False,True
T10_d11_131_a_3.jpg,T10_131,3,train,False,False
T10_d11_131_b_3.jpg,T10_131,3,train,False,False
T10_d11_133_a_3.jpg,T10_133,3,train,False,False
T10_d11_133_b_3.jpg,T10_133,3,train,False,False
T10_d11_136_a_3.jpg,T10_136,3,val,False,False
T10_d11_136_b_3.jpg,T10_136,3,val,False,False
T10_d11_138_a_3.jpg,T10_138,3,train,False,True
T10_d11_138_b_3.jpg,T10_138,3,train,False,True
T10_d11_145_a_2.jpg,T10_145,2,train,False,False
T10_d11_145_b_2.jpg,T10_145,2,train,False,False
T10_d11_148_a_3.jpg,T10_148,3,train,True,False
T10_d11_148_b_3.jpg,T10_148,3,train,True,False
T10_d11_149_a_3.jpg,T10_149,3,train,False,False
T10_d11_149_b_3.jpg,T10_149,3,train,False,False
T10_d11_152_a_3.jpg,T10_152,3,train,False,False
T10_d11_152_b_3.jpg,T10_152,3,train,False,False
T10_d11_156_a_3.jpg,T10_156,3,train,False,False
T10_d11_156_b_3.jpg,T10_156,3,train,False,False
T10_d11_162_a_3.jpg,T10_162,3,test,False,False
T10_d11_162_b_3.jpg,T10_162,3,test,False,False
T10_d11_163_a_3.jpg,T10_163,3,train,False,False
T10_d11_163_b_3.jpg,T10_163,3,train,False,False
T10_d11_165_a_3.jpg,T10_165,3,train,False,True
T10_d11_165_b_3.jpg,T10_165,3,train,False,False
T10_d11_166_a_2.jpg,T10_166,2,train,False,False
T10_d11_166_b_2.jpg,T10_166,2,train,False,True
T10_d11_167_a_3.jpg,T10_167,3,train,False,False
T10_d11_167_b_3.jpg,T10_167,3,train,False,False
T10_d11_168_a_3.jpg,T10_168,3,train,False,False
T10_d11_168_b_3.jpg,T10_168,3,train,False,False
T10_d11_172_a_3.jpg,T10_172,3,train,False,False
T10_d11_172_b_3.jpg,T10_172,3,train,False,False
T10_d11_181_a_3.jpg,T10_181,3,train,False,False
T10_d11_181_b_3.jpg,T10_181,3,train,False,False
T10_d11_186_a_3.jpg,T10_186,3,val,False,False
T10_d11_186_b_3.jpg,T10_186,3,val,False,False
T10_d11_193_a_3.jpg,T10_193,3,train,False,False
T10_d11_193_b_3.jpg,T10_193,3,train,False,False
T10_d11_194_a_3.jpg,T10_194,3,train,False,True
T10_d11_194_b_3.jpg,T10_194,3,train,False,False
T10_d11_196_a_3.jpg,T10_196,3,train,False,False
T10_d11_196_b_3.jpg,T10_196,3,train,False,False
T10_d11_202_a_3.jpg,T10_202,3,train,False,False
T10_d11_202_b_3.jpg,T10_202,3,train,False,False
T10_d11_204_a_3.jpg,T10_204,3,train,False,False
T10_d11_204_b_3.jpg,T10_204,3,train,False,False
T10_d11_206_a_3.jpg,T10_206,3,train,False,False
T10_d11_206_b_3.jpg,T10_206,3,train,False,False
T10_d11_211_a_2.jpg,T10_211,2,train,False,False
T10_d11_211_b_2.jpg,T10_211,2,train,False,False
T10_d11_213_a_3.jpg,T10_213,3,train,False,False
T10_d11_213_b_3.jpg,T10_213,3,train,False,False
T10_d11_215_a_3.jpg,T10_215,3,train,False,False
T10_d11_215_b_3.jpg,T10_215,3,train,False,False
T10_d11_217_a_2.jpg,T10_217,2,train,False,False
T10_d11_217_b_2.jpg,T10_217,2,train,False,False
T10_d11_219_a_3.jpg,T10_219,3,test,False,True
T10_d11_219_b_3.jpg,T10_219,3,test,False,False
T10_d11_220_a_3.jpg,T10_220,3,val,False,False
T10_d11_220_b_3.jpg,T10_220,3,val,False,False
T10_d11_221_a_3.jpg,T10_221,3,train,False,False
T10_d11_221_b_3.jpg,T10_221,3,train,False,False
T10_d11_223_a_2.jpg,T10_223,2,train,False,False
T10_d11_223_b_2.jpg,T10_223,2,train,False,False
T10_d11_227_a_5.jpg,T10_227,5,train,False,False
T10_d11_227_b_5.jpg,T10_227,5,train,False,False
T10_d11_229_a_3.jpg,T10_229,3,train,False,False
T10_d11_229_b_3.jpg,T10_229,3,train,False,False
T10_d11_233_a_3.jpg,T10_233,3,train,False,True
T10_d11_233_b_3.jpg,T10_233,3,train,False,False
T10_d11_234_a_3.jpg,T10_234,3,train,False,False
T10_d11_234_b_3.jpg,T10_234,3,train,False,True
T10_d11_236_a_2.jpg,T10_236,2,train,False,True
T10_d11_236_b_2.jpg,T10_236,2,train,False,False
T10_d11_237_a_3.jpg,T10_237,3,train,False,False
T10_d11_237_b_3.jpg,T10_237,3,train,False,False
T10_d11_243_a_2.jpg,T10_243,2,train,False,False
T10_d11_243_b_2.jpg,T10_243,2,train,False,False
T10_d11_245_a_3.jpg,T10_245,3,train,False,False
T10_d11_245_b_3.jpg,T10_245,3,train,False,False
T10_d11_250_a_3.jpg,T10_250,3,train,False,False
T10_d11_250_b_3.jpg,T10_250,3,train,False,False
T10_d11_252_a_2.jpg,T10_252,2,train,False,False
T10_d11_252_b_2.jpg,T10_252,2,train,False,True
T10_d11_253_a_3.jpg,T10_253,3,val,False,True
T10_d11_253_b_3.jpg,T10_253,3,val,False,False
T10_d11_254_a_3.jpg,T10_254,3,val,False,False
T10_d11_254_b_3.jpg,T10_254,3,val,False,False
T10_d11_262_a_2.jpg,T10_262,2,train,False,False
T10_d11_262_b_2.jpg,T10_262,2,train,False,False
T10_d11_266_a_3.jpg,T10_266,3,train,False,False
T10_d11_266_b_3.jpg,T10_266,3,train,False,False
T10_d11_269_a_3.jpg,T10_269,3,train,False,False
T10_d11_269_b_3.jpg,T10_269,3,train,False,True
T10_d11_274_a_3.jpg,T10_274,3,train,True,False
T10_d11_274_b_3.jpg,T10_274,3,train,True,False
T10_d11_275_a_3.jpg,T10_275,3,test,False,True
T10_d11_275_b_3.jpg,T10_275,3,test,False,False
T10_d11_276_a_2.jpg,T10_276,2,train,False,False
T10_d11_276_b_2.jpg,T10_276,2,train,False,False
T10_d11_282_a_3.jpg,T10_282,3,train,False,False
T10_d11_282_b_3.jpg,T10_282,3,train,False,False
T10_d11_283_a_4.jpg,T10_283,4,train,False,False
T10_d11_283_b_4.jpg,T10_283,4,train,False,False
T10_d11_284_a_3.jpg,T10_284,3,train,False,False
T10_d11_284_b_3.jpg,T10_284,3,train,False,False
T10_d11_290_a_4.jpg,T10_290,4,train,False,False
T10_d11_290_b_4.jpg,T10_290,4,train,False,False
T10_d11_292_a_2.jpg,T10_292,2,val,False,False
T10_d11_292_b_2.jpg,T10_292,2,val,False,False
T10_d11_294_a_4.jpg,T10_294,4,train,False,True
T10_d11_294_b_4.jpg,T10_294,4,train,False,False
T10_d11_295_a_3.jpg,T10_295,3,train,False,False
T10_d11_295_b_3.jpg,T10_295,3,train,False,False
T10_d11_296_a_3.jpg,T10_296,3,train,False,True
T10_d11_296_b_3.jpg,T10_296,3,train,False,False
T10_d11_306_a_3.jpg,T10_306,3,train,False,False
T10_d11_306_b_3.jpg,T10_306,3,train,False,False
T10_d11_310_a_3.jpg,T10_310,3,val,False,False
T10_d11_310_b_3.jpg,T10_310,3,val,False,False
T10_d11_314_a_3.jpg,T10_314,3,train,True,False
T10_d11_314_b_3.jpg,T10_314,3,train,True,False
T10_d11_315_a_2.jpg,T10_315,2,train,False,False
T10_d11_315_b_2.jpg,T10_315,2,train,False,False
T10_d11_326_a_3.jpg,T10_326,3,train,False,False
T10_d11_326_b_3.jpg,T10_326,3,train,False,False
T10_d11_327_a_3.jpg,T10_327,3,train,False,False
T10_d11_327_b_3.jpg,T10_327,3,train,False,False
T10_d11_328_a_3.jpg,T10_328,3,train,False,False
T10_d11_328_b_3.jpg,T10_328,3,train,False,False
T10_d11_330_a_2.jpg,T10_330,2,train,False,False
T10_d11_330_b_2.jpg,T10_330,2,train,False,False
T10_d11_331_a_4.jpg,T10_331,4,test,False,False
T10_d11_331_b_4.jpg,T10_331,4,test,False,False
T10_d11_333_a_3.jpg,T10_333,3,train,False,False
T10_d11_333_b_3.jpg,T10_333,3,train,False,False
T10_d11_336_a_4.jpg,T10_336,4,train,False,False
T10_d11_336_b_4.jpg,T10_336,4,train,False,False
T10_d11_337_a_3.jpg,T10_337,3,train,False,False
T10_d11_337_b_3.jpg,T10_337,3,train,False,False
T10_d11_338_a_3.jpg,T10_338,3,train,False,False
T10_d11_338_b_3.jpg,T10_338,3,train,False,False
T10_d11_349_a_3.jpg,T10_349,3,train,False,False
T10_d11_349_b_3.jpg,T10_349,3,train,False,False
T10_d11_350_a_3.jpg,T10_350,3,train,False,False
T10_d11_350_b_3.jpg,T10_350,3,train,False,False
T10_d11_351_a_2.jpg,T10_351,2,train,False,False
T10_d11_351_b_2.jpg,T10_351,2,train,False,False
T10_d11_353_a_3.jpg,T10_353,3,val,False,False
T10_d11_353_b_3.jpg,T10_353,3,val,False,False
T10_d11_355_a_3.jpg,T10_355,3,train,False,False
T10_d11_355_b_3.jpg,T10_355,3,train,False,True
T10_d11_357_a_3.jpg,T10_357,3,train,False,False
T10_d11_357_b_3.jpg,T10_357,3,train,False,False
T10_d11_366_a_3.jpg,T10_366,3,train,False,False
T10_d11_366_b_3.jpg,T10_366,3,train,False,False
T10_d11_367_a_3.jpg,T10_367,3,train,False,False
T10_d11_367_b_3.jpg,T10_367,3,train,False,False
T10_d11_368_a_3.jpg,T10_368,3,val,False,False
T10_d11_368_b_3.jpg,T10_368,3,val,False,False
T10_d11_372_a_3.jpg,T10_372,3,train,False,False
T10_d11_372_b_3.jpg,T10_372,3,train,False,False
T10_d11_375_a_3.jpg,T10_375,3,val,False,False
T10_d11_375_b_3.jpg,T10_375,3,val,False,False
T10_d11_376_a_3.jpg,T10_376,3,train,False,False
T10_d11_376_b_3.jpg,T10_376,3,train,False,False
T10_d11_377_a_3.jpg,T10_377,3,train,False,False
T10_d11_377_b_3.jpg,T10_377,3,train,False,False
T10_d11_381_a_3.jpg,T10_381,3,train,False,False
T10_d11_381_b_3.jpg,T10_381,3,train,False,False
T10_d11_382_a_3.jpg,T10_382,3,train,False,False
T10_d11_382_b_3.jpg,T10_382,3,train,False,False
T10_d11_385_a_3.jpg,T10_385,3,val,False,False
T10_d11_385_b_3.jpg,T10_385,3,val,False,False
T10_d11_387_a_3.jpg,T10_387,3,train,False,False
T10_d11_387_b_3.jpg,T10_387,3,train,False,False
T10_d11_392_a_4.jpg,T10_392,4,test,False,True
T10_d11_392_b_4.jpg,T10_392,4,test,False,False
T10_d11_393_a_3.jpg,T10_393,3,val,False,False
T10_d11_393_b_3.jpg,T10_393,3,val,False,False
T10_d11_395_a_3.jpg,T10_395,3,test,False,False
T10_d11_395_b_3.jpg,T10_395,3,test,False,False
T10_d11_398_a_4.jpg,T10_398,4,val,False,False
T10_d11_398_b_4.jpg,T10_398,4,val,False,False
T10_d11_399_a_4.jpg,T10_399,4,val,False,False
T10_d11_399_b_4.jpg,T10_399,4,val,False,False
T10_d11_400_a_2.jpg,T10_400,2,train,False,False
T10_d11_400_b_2.jpg,T10_400,2,train,False,False
T10_d11_401_a_2.jpg,T10_401,2,train,False,False
T10_d11_401_b_2.jpg,T10_401,2,train,False,False
T10_d11_402_a_3.jpg,T10_402,3,val,False,True
T10_d11_402_b_3.jpg,T10_402,3,val,False,False
T10_d11_405_a_3.jpg,T10_405,3,train,False,False
T10_d11_405_b_3.jpg,T10_405,3,train,False,False
T10_d11_406_a_3.jpg,T10_406,3,val,False,True
T10_d11_406_b_3.jpg,T10_406,3,val,False,False
T10_d11_408_a_3.jpg,T10_408,3,train,False,False
T10_d11_408_b_3.jpg,T10_408,3,train,False,False
T10_d11_410_a_3.jpg,T10_410,3,train,False,False
T10_d11_410_b_3.jpg,T10_410,3,train,False,False
T10_d11_411_a_3.jpg,T10_411,3,val,False,False
T10_d11_411_b_3.jpg,T10_411,3,val,False,False
T10_d11_413_a_3.jpg,T10_413,3,train,False,False
T10_d11_413_b_3.jpg,T10_413,3,train,False,False
T10_d11_414_a_3.jpg,T10_414,3,train,False,False
T10_d11_414_b_3.jpg,T10_414,3,train,False,False
T10_d11_415_a_3.jpg,T10_415,3,train,False,False
T10_d11_415_b_3.jpg,T10_415,3,train,False,True
T10_d11_420_a_2.jpg,T10_420,2,train,False,False
T10_d11_420_b_2.jpg,T10_420,2,train,False,True
T10_d11_422_a_3.jpg,T10_422,3,train,False,False
T10_d11_422_b_3.jpg,T10_422,3,train,False,True
T10_d11_425_a_2.jpg,T10_425,2,train,False,False
T10_d11_425_b_2.jpg,T10_425,2,train,False,False
T10_d11_429_a_3.jpg,T10_429,3,train,False,False
T10_d11_429_b_3.jpg,T10_429,3,train,False,True
T10_d11_430_a_3.jpg,T10_430,3,val,False,False
T10_d11_430_b_3.jpg,T10_430,3,val,False,False
T10_d11_442_a_2.jpg,T10_442,2,train,False,False
T10_d11_442_b_2.jpg,T10_442,2,train,False,False
T10_d11_444_a_4.jpg,T10_444,4,train,False,False
T10_d11_444_b_4.jpg,T10_444,4,train,False,False
T10_d11_445_a_2.jpg,T10_445,2,train,False,False
T10_d11_445_b_2.jpg,T10_445,2,train,False,False
T10_d11_446_a_3.jpg,T10_446,3,train,False,False
T10_d11_446_b_3.jpg,T10_446,3,train,False,False
T10_d11_447_a_3.jpg,T10_447,3,train,False,False
T10_d11_447_b_3.jpg,T10_447,3,train,False,False
T10_d11_448_a_4.jpg,T10_448,4,train,False,False
T10_d11_448_b_4.jpg,T10_448,4,train,False,False
T10_d11_449_a_3.jpg,T10_449,3,train,False,False
T10_d11_449_b_3.jpg,T10_449,3,train,False,False
T10_d11_450_a_3.jpg,T10_450,3,val,False,False
T10_d11_450_b_3.jpg,T10_450,3,val,False,False
T10_d11_451_a_3.jpg,T10_451,3,val,False,False
T10_d11_451_b_3.jpg,T10_451,3,val,False,False
T10_d11_452_a_2.jpg,T10_452,2,val,False,False
T10_d11_452_b_2.jpg,T10_452,2,val,False,False
T10_d11_454_a_3.jpg,T10_454,3,train,False,False
T10_d11_454_b_3.jpg,T10_454,3,train,False,False
T10_d11_458_a_3.jpg,T10_458,3,train,False,False
T10_d11_458_b_3.jpg,T10_458,3,train,False,False
T10_d11_459_a_3.jpg,T10_459,3,train,False,False
T10_d11_459_b_3.jpg,T10_459,3,train,False,False
T10_d11_470_a_4.jpg,T10_470,4,train,False,False
T10_d11_470_b_4.jpg,T10_470,4,train,False,False
T10_d11_471_a_2.jpg,T10_471,2,test,False,False
T10_d11_471_b_2.jpg,T10_471,2,test,False,False
T10_d11_475_a_3.jpg,T10_475,3,train,False,False
T10_d11_475_b_3.jpg,T10_475,3,train,False,False
T10_d11_478_a_3.jpg,T10_478,3,val,False,False
T10_d11_478_b_3.jpg,T10_478,3,val,False,False
T10_d12_002_a_3.jpg,T10_002,3,train,False,False
T10_d12_002_b_3.jpg,T10_002,3,train,False,False
T10_d12_003_a_3.jpg,T10_003,3,train,False,False
T10_d12_003_b_3.jpg,T10_003,3,train,False,False
T10_d12_007_a_3.jpg,T10_007,3,train,False,False
T10_d12_007_b_3.jpg,T10_007,3,train,False,False
T10_d12_011_a_3.jpg,T10_011,3,train,False,True
T10_d12_011_b_3.jpg,T10_011,3,train,False,False
T10_d12_012_a_4.jpg,T10_012,4,val,False,False
T10_d12_012_b_4.jpg,T10_012,4,val,False,False
T10_d12_013_a_3.jpg,T10_013,3,train,False,False
T10_d12_013_b_3.jpg,T10_013,3,train,False,False
T10_d12_014_a_3.jpg,T10_014,3,val,False,False
T10_d12_014_b_3.jpg,T10_014,3,val,False,False
T10_d12_015_a_3.jpg,T10_015,3,test,False,False
T10_d12_015_b_3.jpg,T10_015,3,test,False,False
T10_d12_018_a_4.jpg,T10_018,4,val,False,False
T10_d12_018_b_4.jpg,T10_018,4,val,False,False
T10_d12_021_a_2.jpg,T10_021,2,train,False,False
T10_d12_021_b_2.jpg,T10_021,2,train,False,False
T10_d12_022_a_3.jpg,T10_022,3,train,False,False
T10_d12_022_b_3.jpg,T10_022,3,train,False,False
T10_d12_026_a_3.jpg,T10_026,3,train,False,False
T10_d12_026_b_3.jpg,T10_026,3,train,False,False
T10_d12_027_a_3.jpg,T10_027,3,train,False,True
T10_d12_027_b_3.jpg,T10_027,3,train,False,False
T10_d12_034_a_3.jpg,T10_034,3,train,False,False
T10_d12_034_b_3.jpg,T10_034,3,train,False,True
T10_d12_035_a_4.jpg,T10_035,4,val,False,False
T10_d12_035_b_4.jpg,T10_035,4,val,False,False
T10_d12_041_a_3.jpg,T10_041,3,val,False,True
T10_d12_041_b_3.jpg,T10_041,3,val,False,False
T10_d12_046_a_3.jpg,T10_046,3,train,False,False
T10_d12_046_b_3.jpg,T10_046,3,train,False,False
T10_d12_047_a_2.jpg,T10_047,2,train,False,False
T10_d12_047_b_2.jpg,T10_047,2,train,False,False
T10_d12_048_a_3.jpg,T10_048,3,train,False,False
T10_d12_048_b_3.jpg,T10_048,3,train,False,False
T10_d12_055_a_3.jpg,T10_055,3,train,False,False
T10_d12_055_b_3.jpg,T10_055,3,train,False,False
T10_d12_058_a_3.jpg,T10_058,3,val,False,False
T10_d12_058_b_3.jpg,T10_058,3,val,False,False
T10_d12_061_a_3.jpg,T10_061,3,train,False,False
T10_d12_061_b_3.jpg,T10_061,3,train,False,False
T10_d12_065_a_4.jpg,T10_065,4,val,False,False
T10_d12_065_b_4.jpg,T10_065,4,val,False,False
T10_d12_067_a_2.jpg,T10_067,2,train,False,False
T10_d12_067_b_2.jpg,T10_067,2,train,False,False
T10_d12_069_a_3.jpg,T10_069,3,train,False,False
T10_d12_069_b_3.jpg,T10_069,3,train,False,False
T10_d12_072_a_3.jpg,T10_072,3,val,False,True
T10_d12_072_b_3.jpg,T10_072,3,val,False,False
T10_d12_080_a_3.jpg,T10_080,3,val,False,False
T10_d12_080_b_3.jpg,T10_080,3,val,False,False
T10_d12_083_a_3.jpg,T10_083,3,train,False,True
T10_d12_083_b_3.jpg,T10_083,3,train,False,False
T10_d12_087_a_3.jpg,T10_087,3,val,False,True
T10_d12_087_b_3.jpg,T10_087,3,val,False,False
T10_d12_089_a_3.jpg,T10_089,3,train,False,False
T10_d12_089_b_3.jpg,T10_089,3,train,False,False
T10_d12_092_a_3.jpg,T10_092,3,test,False,False
T10_d12_092_b_3.jpg,T10_092,3,test,False,False
T10_d12_093_a_3.jpg,T10_093,3,train,False,False
T10_d12_093_b_3.jpg,T10_093,3,train,False,False
T10_d12_094_a_3.jpg,T10_094,3,train,False,False
T10_d12_094_b_3.jpg,T10_094,3,train,False,False
T10_d12_096_a_2.jpg,T10_096,2,train,False,True
T10_d12_096_b_2.jpg,T10_096,2,train,False,False
T10_d12_097_a_2.jpg,T10_097,2,train,False,True
T10_d12_097_b_2.jpg,T10_097,2,train,False,False
T10_d12_098_a_3.jpg,T10_098,3,train,False,False
T10_d12_098_b_3.jpg,T10_098,3,train,False,False
T10_d12_099_a_3.jpg,T10_099,3,train,False,False
T10_d12_099_b_3.jpg,T10_099,3,train,False,False
T10_d12_108_a_3.jpg,T10_108,3,train,False,True
T10_d12_108_b_3.jpg,T10_108,3,train,False,False
T10_d12_110_a_3.jpg,T10_110,3,train,False,False
T10_d12_110_b_3.jpg,T10_110,3,train,False,False
T10_d12_111_a_2.jpg,T10_111,2,val,False,False
T10_d12_111_b_2.jpg,T10_111,2,val,False,False
T10_d12_113_a_3.jpg,T10_113,3,train,False,False
T10_d12_113_b_3.jpg,T10_113,3,train,False,False
T10_d12_118_a_3.jpg,T10_118,3,train,False,False
T10_d12_118_b_3.jpg,T10_118,3,train,False,False
T10_d12_122_a_3.jpg,T10_122,3,train,False,False
T10_d12_122_b_3.jpg,T10_122,3,train,False,False
T10_d12_125_a_3.jpg,T10_125,3,train,False,False
T10_d12_125_b_3.jpg,T10_125,3,train,False,False
T10_d12_128_a_2.jpg,T10_128,2,train,False,True
T10_d12_128_b_2.jpg,T10_128,2,train,False,False
T10_d12_129_a_3.jpg,T10_129,3,train,False,False
T10_d12_129_b_3.jpg,T10_129,3,train,False,True
T10_d12_130_a_3.jpg,T10_130,3,train,False,False
T10_d12_130_b_3.jpg,T10_130,3,train,False,True
T10_d12_131_a_3.jpg,T10_131,3,train,False,False
T10_d12_131_b_3.jpg,T10_131,3,train,False,False
T10_d12_133_a_3.jpg,T10_133,3,train,False,False
T10_d12_133_b_3.jpg,T10_133,3,train,False,False
T10_d12_136_a_3.jpg,T10_136,3,val,False,False
T10_d12_136_b_3.jpg,T10_136,3,val,False,False
T10_d12_138_a_3.jpg,T10_138,3,train,False,False
T10_d12_138_b_3.jpg,T10_138,3,train,False,False
T10_d12_145_a_2.jpg,T10_145,2,train,False,True
T10_d12_145_b_2.jpg,T10_145,2,train,False,False
T10_d12_149_a_3.jpg,T10_149,3,train,False,False
T10_d12_149_b_3.jpg,T10_149,3,train,False,False
T10_d12_152_a_3.jpg,T10_152,3,train,False,False
T10_d12_152_b_3.jpg,T10_152,3,train,False,False
T10_d12_156_a_3.jpg,T10_156,3,train,False,False
T10_d12_156_b_3.jpg,T10_156,3,train,False,False
T10_d12_162_a_3.jpg,T10_162,3,test,False,False
T10_d12_162_b_3.jpg,T10_162,3,test,False,False
T10_d12_163_a_3.jpg,T10_163,3,train,False,False
T10_d12_163_b_3.jpg,T10_163,3,train,False,False
T10_d12_165_a_3.jpg,T10_165,3,train,False,False
T10_d12_165_b_3.jpg,T10_165,3,train,False,False
T10_d12_166_a_3.jpg,T10_166,3,train,False,False
T10_d12_166_b_3.jpg,T10_166,3,train,False,False
T10_d12_167_a_3.jpg,T10_167,3,train,False,False
T10_d12_167_b_3.jpg,T10_167,3,train,False,False
T10_d12_168_a_4.jpg,T10_168,4,train,False,False
T10_d12_168_b_4.jpg,T10_168,4,train,False,False
T10_d12_172_a_3.jpg,T10_172,3,train,False,False
T10_d12_172_b_3.jpg,T10_172,3,train,False,False
T10_d12_181_a_3.jpg,T10_181,3,train,False,False
T10_d12_181_b_3.jpg,T10_181,3,train,False,False
T10_d12_186_a_3.jpg,T10_186,3,val,False,False
T10_d12_186_b_3.jpg,T10_186,3,val,False,False
T10_d12_193_a_3.jpg,T10_193,3,train,False,False
T10_d12_193_b_3.jpg,T10_193,3,train,False,False
T10_d12_194_a_3.jpg,T10_194,3,train,False,False
T10_d12_194_b_3.jpg,T10_194,3,train,False,False
T10_d12_196_a_3.jpg,T10_196,3,train,False,False
T10_d12_196_b_3.jpg,T10_196,3,train,False,False
T10_d12_202_a_3.jpg,T10_202,3,train,False,False
T10_d12_202_b_3.jpg,T10_202,3,train,False,False
T10_d12_204_a_3.jpg,T10_204,3,train,False,False
T10_d12_204_b_3.jpg,T10_204,3,train,False,False
T10_d12_206_a_3.jpg,T10_206,3,train,False,False
T10_d12_206_b_3.jpg,T10_206,3,train,False,False
T10_d12_211_a_2.jpg,T10_211,2,train,False,False
T10_d12_211_b_2.jpg,T10_211,2,train,False,False
T10_d12_213_a_3.jpg,T10_213,3,train,False,False
T10_d12_213_b_3.jpg,T10_213,3,train,False,True
T10_d12_215_a_3.jpg,T10_215,3,train,False,False
T10_d12_215_b_3.jpg,T10_215,3,train,False,False
T10_d12_217_a_3.jpg,T10_217,3,train,False,False
T10_d12_217_b_3.jpg,T10_217,3,train,False,False
T10_d12_219_a_3.jpg,T10_219,3,test,False,False
T10_d12_219_b_3.jpg,T10_219,3,test,False,False
T10_d12_220_a_3.jpg,T10_220,3,val,False,True
T10_d12_220_b_3.jpg,T10_220,3,val,False,False
T10_d12_221_a_3.jpg,T10_221,3,train,False,False
T10_d12_221_b_3.jpg,T10_221,3,train,False,False
T10_d12_223_a_2.jpg,T10_223,2,train,False,False
T10_d12_223_b_2.jpg,T10_223,2,train,False,False
T10_d12_227_a_5.jpg,T10_227,5,train,False,True
T10_d12_227_b_5.jpg,T10_227,5,train,False,False
T10_d12_229_a_3.jpg,T10_229,3,train,False,False
T10_d12_229_b_3.jpg,T10_229,3,train,False,False
T10_d12_233_a_3.jpg,T10_233,3,train,False,False
T10_d12_233_b_3.jpg,T10_233,3,train,False,False
T10_d12_234_a_3.jpg,T10_234,3,train,False,False
T10_d12_234_b_3.jpg,T10_234,3,train,False,False
T10_d12_236_a_2.jpg,T10_236,2,train,False,False
T10_d12_236_b_2.jpg,T10_236,2,train,False,False
T10_d12_237_a_3.jpg,T10_237,3,train,False,False
T10_d12_237_b_3.jpg,T10_237,3,train,False,False
T10_d12_243_a_2.jpg,T10_243,2,train,False,False
T10_d12_243_b_2.jpg,T10_243,2,train,False,False
T10_d12_245_a_3.jpg,T10_245,3,train,False,False
T10_d12_245_b_3.jpg,T10_245,3,train,False,True
T10_d12_250_a_3.jpg,T10_250,3,train,False,True
T10_d12_250_b_3.jpg,T10_250,3,train,False,False
T10_d12_252_a_2.jpg,T10_252,2,train,False,False
T10_d12_252_b_2.jpg,T10_252,2,train,False,False
T10_d12_253_a_3.jpg,T10_253,3,val,False,False
T10_d12_253_b_3.jpg,T10_253,3,val,False,False
T10_d12_254_a_3.jpg,T10_254,3,val,False,False
T10_d12_254_b_3.jpg,T10_254,3,val,False,False
T10_d12_262_a_2.jpg,T10_262,2,train,False,False
T10_d12_262_b_2.jpg,T10_262,2,train,False,False
T10_d12_266_a_3.jpg,T10_266,3,train,False,True
T10_d12_266_b_3.jpg,T10_266,3,train,False,False
T10_d12_269_a_3.jpg,T10_269,3,train,False,False
T10_d12_269_b_3.jpg,T10_269,3,train,False,False
T10_d12_274_a_3.jpg,T10_274,3,train,True,False
T10_d12_274_b_3.jpg,T10_274,3,train,True,False
T10_d12_275_a_3.jpg,T10_275,3,test,False,True
T10_d12_275_b_3.jpg,T10_275,3,test,False,False
T10_d12_276_a_3.jpg,T10_276,3,train,False,False
T10_d12_276_b_3.jpg,T10_276,3,train,False,True
T10_d12_282_a_3.jpg,T10_282,3,train,False,False
T10_d12_282_b_3.jpg,T10_282,3,train,False,False
T10_d12_283_a_4.jpg,T10_283,4,train,False,False
T10_d12_283_b_4.jpg,T10_283,4,train,False,False
T10_d12_284_a_3.jpg,T10_284,3,train,False,False
T10_d12_284_b_3.jpg,T10_284,3,train,False,False
T10_d12_290_a_4.jpg,T10_290,4,train,False,False
T10_d12_290_b_4.jpg,T10_290,4,train,False,False
T10_d12_292_a_3.jpg,T10_292,3,val,False,False
T10_d12_292_b_3.jpg,T10_292,3,val,False,False
T10_d12_294_a_5.jpg,T10_294,5,train,False,False
T10_d12_294_b_5.jpg,T10_294,5,train,False,False
T10_d12_295_a_3.jpg,T10_295,3,train,False,False
T10_d12_295_b_3.jpg,T10_295,3,train,False,False
T10_d12_296_a_3.jpg,T10_296,3,train,False,False
T10_d12_296_b_3.jpg,T10_296,3,train,False,False
T10_d12_306_a_3.jpg,T10_306,3,train,False,False
T10_d12_306_b_3.jpg,T10_306,3,train,False,False
T10_d12_310_a_3.jpg,T10_310,3,val,False,False
T10_d12_310_b_3.jpg,T10_310,3,val,False,False
T10_d12_314_a_3.jpg,T10_314,3,train,True,False
T10_d12_314_b_3.jpg,T10_314,3,train,True,False
T10_d12_315_a_2.jpg,T10_315,2,train,False,False
T10_d12_315_b_2.jpg,T10_315,2,train,False,False
T10_d12_326_a_3.jpg,T10_326,3,train,False,False
T10_d12_326_b_3.jpg,T10_326,3,train,False,False
T10_d12_327_a_3.jpg,T10_327,3,train,False,False
T10_d12_327_b_3.jpg,T10_327,3,train,False,False
T10_d12_328_a_3.jpg,T10_328,3,train,False,False
T10_d12_328_b_3.jpg,T10_328,3,train,False,False
T10_d12_330_a_2.jpg,T10_330,2,train,False,True
T10_d12_330_b_2.jpg,T10_330,2,train,False,False
T10_d12_331_a_4.jpg,T10_331,4,test,False,False
T10_d12_331_b_4.jpg,T10_331,4,test,False,False
T10_d12_333_a_3.jpg,T10_333,3,train,False,False
T10_d12_333_b_3.jpg,T10_333,3,train,False,False
T10_d12_336_a_4.jpg,T10_336,4,train,False,False
T10_d12_336_b_4.jpg,T10_336,4,train,False,False
T10_d12_337_a_3.jpg,T10_337,3,train,False,False
T10_d12_337_b_3.jpg,T10_337,3,train,False,False
T10_d12_338_a_3.jpg,T10_338,3,train,False,False
T10_d12_338_b_3.jpg,T10_338,3,train,False,False
T10_d12_349_a_3.jpg,T10_349,3,train,False,False
T10_d12_349_b_3.jpg,T10_349,3,train,False,False
T10_d12_350_a_3.jpg,T10_350,3,train,False,False
T10_d12_350_b_3.jpg,T10_350,3,train,False,False
T10_d12_351_a_2.jpg,T10_351,2,train,False,False
T10_d12_351_b_2.jpg,T10_351,2,train,False,False
T10_d12_353_a_3.jpg,T10_353,3,val,False,False
T10_d12_353_b_3.jpg,T10_353,3,val,False,False
T10_d12_355_a_3.jpg,T10_355,3,train,False,False
T10_d12_355_b_3.jpg,T10_355,3,train,False,False
T10_d12_357_a_3.jpg,T10_357,3,train,False,False
T10_d12_357_b_3.jpg,T10_357,3,train,False,False
T10_d12_366_a_3.jpg,T10_366,3,train,False,False
T10_d12_366_b_3.jpg,T10_366,3,train,False,False
T10_d12_367_a_3.jpg,T10_367,3,train,False,False
T10_d12_367_b_3.jpg,T10_367,3,train,False,False
T10_d12_368_a_3.jpg,T10_368,3,val,False,False
T10_d12_368_b_3.jpg,T10_368,3,val,False,False
T10_d12_372_a_3.jpg,T10_372,3,train,False,False
T10_d12_372_b_3.jpg,T10_372,3,train,False,False
T10_d12_375_a_3.jpg,T10_375,3,val,False,False
T10_d12_375_b_3.jpg,T10_375,3,val,False,False
T10_d12_376_a_3.jpg,T10_376,3,train,False,False
T10_d12_376_b_3.jpg,T10_376,3,train,False,False
T10_d12_377_a_3.jpg,T10_377,3,train,False,False
T10_d12_377_b_3.jpg,T10_377,3,train,False,False
T10_d12_381_a_3.jpg,T10_381,3,train,False,False
T10_d12_381_b_3.jpg,T10_381,3,train,False,False
T10_d12_382_a_3.jpg,T10_382,3,train,False,False
T10_d12_382_b_3.jpg,T10_382,3,train,False,True
T10_d12_385_a_3.jpg,T10_385,3,val,False,True
T10_d12_385_b_3.jpg,T10_385,3,val,False,False
T10_d12_387_a_3.jpg,T10_387,3,train,False,False
T10_d12_387_b_3.jpg,T10_387,3,train,False,False
T10_d12_392_a_4.jpg,T10_392,4,test,False,False
T10_d12_392_b_4.jpg,T10_392,4,test,False,False
T10_d12_393_a_3.jpg,T10_393,3,val,False,True
T10_d12_393_b_3.jpg,T10_393,3,val,False,False
T10_d12_395_a_3.jpg,T10_395,3,test,False,False
T10_d12_395_b_3.jpg,T10_395,3,test,False,False
T10_d12_398_a_4.jpg,T10_398,4,val,False,False
T10_d12_398_b_4.jpg,T10_398,4,val,False,False
T10_d12_399_a_4.jpg,T10_399,4,val,False,False
T10_d12_399_b_4.jpg,T10_399,4,val,False,False
T10_d12_400_a_2.jpg,T10_400,2,train,False,False
T10_d12_400_b_2.jpg,T10_400,2,train,False,True
T10_d12_401_a_3.jpg,T10_401,3,train,False,False
T10_d12_401_b_3.jpg,T10_401,3,train,False,False
T10_d12_402_a_3.jpg,T10_402,3,val,False,False
T10_d12_402_b_3.jpg,T10_402,3,val,False,False
T10_d12_405_a_3.jpg,T10_405,3,train,False,False
T10_d12_405_b_3.jpg,T10_405,3,train,False,False
T10_d12_406_a_3.jpg,T10_406,3,val,False,False
T10_d12_406_b_3.jpg,T10_406,3,val,False,False
T10_d12_408_a_3.jpg,T10_408,3,train,False,False
T10_d12_408_b_3.jpg,T10_408,3,train,False,False
T10_d12_410_a_3.jpg,T10_410,3,train,False,False
T10_d12_410_b_3.jpg,T10_410,3,train,False,False
T10_d12_411_a_3.jpg,T10_411,3,val,False,False
T10_d12_411_b_3.jpg,T10_411,3,val,False,False
T10_d12_413_a_3.jpg,T10_413,3,train,False,False
T10_d12_413_b_3.jpg,T10_413,3,train,False,False
T10_d12_414_a_3.jpg,T10_414,3,train,False,False
T10_d12_414_b_3.jpg,T10_414,3,train,False,False
T10_d12_415_a_3.jpg,T10_415,3,train,False,False
T10_d12_415_b_3.jpg,T10_415,3,train,False,True
T10_d12_420_a_2.jpg,T10_420,2,train,False,False
T10_d12_420_b_2.jpg,T10_420,2,train,False,False
T10_d12_422_a_3.jpg,T10_422,3,train,False,False
T10_d12_422_b_3.jpg,T10_422,3,train,False,False
T10_d12_425_a_2.jpg,T10_425,2,train,False,True
T10_d12_425_b_2.jpg,T10_425,2,train,False,False
T10_d12_429_a_3.jpg,T10_429,3,train,False,True
T10_d12_429_b_3.jpg,T10_429,3,train,False,False
T10_d12_430_a_3.jpg,T10_430,3,val,False,False
T10_d12_430_b_3.jpg,T10_430,3,val,False,False
T10_d12_442_a_2.jpg,T10_442,2,train,False,False
T10_d12_442_b_2.jpg,T10_442,2,train,False,True
T10_d12_444_a_4.jpg,T10_444,4,train,False,False
T10_d12_444_b_4.jpg,T10_444,4,train,False,False
T10_d12_445_a_2.jpg,T10_445,2,train,False,False
T10_d12_445_b_2.jpg,T10_445,2,train,False,False
T10_d12_446_a_3.jpg,T10_446,3,train,False,False
T10_d12_446_b_3.jpg,T10_446,3,train,False,False
T10_d12_447_a_3.jpg,T10_447,3,train,False,False
T10_d12_447_b_3.jpg,T10_447,3,train,False,False
T10_d12_448_a_4.jpg,T10_448,4,train,False,False
T10_d12_448_b_4.jpg,T10_448,4,train,False,False
T10_d12_449_a_3.jpg,T10_449,3,train,False,False
T10_d12_449_b_3.jpg,T10_449,3,train,False,False
T10_d12_450_a_3.jpg,T10_450,3,val,False,True
T10_d12_450_b_3.jpg,T10_450,3,val,False,True
T10_d12_451_a_3.jpg,T10_451,3,val,False,False
T10_d12_451_b_3.jpg,T10_451,3,val,False,False
T10_d12_452_a_2.jpg,T10_452,2,val,False,False
T10_d12_452_b_2.jpg,T10_452,2,val,False,False
T10_d12_454_a_3.jpg,T10_454,3,train,False,False
T10_d12_454_b_3.jpg,T10_454,3,train,False,False
T10_d12_458_a_3.jpg,T10_458,3,train,False,False
T10_d12_458_b_3.jpg,T10_458,3,train,False,True
T10_d12_459_a_3.jpg,T10_459,3,train,False,True
T10_d12_459_b_3.jpg,T10_459,3,train,False,False
T10_d12_470_a_4.jpg,T10_470,4,train,False,False
T10_d12_470_b_4.jpg,T10_470,4,train,False,False
T10_d12_471_a_2.jpg,T10_471,2,test,False,False
T10_d12_471_b_2.jpg,T10_471,2,test,False,True
T10_d12_475_a_3.jpg,T10_475,3,train,False,False
T10_d12_475_b_3.jpg,T10_475,3,train,False,False
T10_d12_478_a_3.jpg,T10_478,3,val,False,False
T10_d12_478_b_3.jpg,T10_478,3,val,False,False
T10_d13_002_a_3.jpg,T10_002,3,train,False,False
T10_d13_002_b_3.jpg,T10_002,3,train,False,False
T10_d13_003_a_4.jpg,T10_003,4,train,False,False
T10_d13_003_b_4.jpg,T10_003,4,train,False,False
T10_d13_007_a_3.jpg,T10_007,3,train,False,False
T10_d13_007_b_3.jpg,T10_007,3,train,False,True
T10_d13_011_a_3.jpg,T10_011,3,train,False,False
T10_d13_011_b_3.jpg,T10_011,3,train,False,False
T10_d13_012_a_4.jpg,T10_012,4,val,False,False
T10_d13_012_b_4.jpg,T10_012,4,val,False,False
T10_d13_013_a_3.jpg,T10_013,3,train,False,False
T10_d13_013_b_3.jpg,T10_013,3,train,False,True
T10_d13_014_a_3.jpg,T10_014,3,val,False,False
T10_d13_014_b_3.jpg,T10_014,3,val,False,False
T10_d13_015_a_3.jpg,T10_015,3,test,False,False
T10_d13_015_b_3.jpg,T10_015,3,test,False,False
T10_d13_018_a_4.jpg,T10_018,4,val,False,False
T10_d13_018_b_4.jpg,T10_018,4,val,False,False
T10_d13_021_a_2.jpg,T10_021,2,train,False,False
T10_d13_021_b_2.jpg,T10_021,2,train,False,False
T10_d13_022_a_3.jpg,T10_022,3,train,False,False
T10_d13_022_b_3.jpg,T10_022,3,train,False,False
T10_d13_026_a_4.jpg,T10_026,4,train,False,False
T10_d13_026_b_4.jpg,T10_026,4,train,False,False
T10_d13_027_a_3.jpg,T10_027,3,train,False,False
T10_d13_027_b_3.jpg,T10_027,3,train,False,False
T10_d13_034_a_4.jpg,T10_034,4,train,False,False
T10_d13_034_b_4.jpg,T10_034,4,train,False,False
T10_d13_035_a_4.jpg,T10_035,4,val,False,False
T10_d13_035_b_4.jpg,T10_035,4,val,False,False
T10_d13_041_a_3.jpg,T10_041,3,val,False,False
T10_d13_041_b_3.jpg,T10_041,3,val,False,False
T10_d13_046_a_3.jpg,T10_046,3,train,False,False
T10_d13_046_b_3.jpg,T10_046,3,train,False,False
T10_d13_047_a_2.jpg,T10_047,2,train,False,False
T10_d13_047_b_2.jpg,T10_047,2,train,False,False
T10_d13_048_a_3.jpg,T10_048,3,train,False,False
T10_d13_048_b_3.jpg,T10_048,3,train,False,False
T10_d13_055_a_3.jpg,T10_055,3,train,False,False
T10_d13_055_b_3.jpg,T10_055,3,train,False,False
T10_d13_058_a_3.jpg,T10_058,3,val,False,False
T10_d13_058_b_3.jpg,T10_058,3,val,False,False
T10_d13_061_a_3.jpg,T10_061,3,train,False,False
T10_d13_061_b_3.jpg,T10_061,3,train,False,False
T10_d13_065_a_4.jpg,T10_065,4,val,False,False
T10_d13_065_b_4.jpg,T10_065,4,val,False,False
T10_d13_067_a_3.jpg,T10_067,3,train,False,False
T10_d13_067_b_3.jpg,T10_067,3,train,False,False
T10_d13_069_a_4.jpg,T10_069,4,train,False,False
T10_d13_069_b_4.jpg,T10_069,4,train,False,False
T10_d13_072_a_3.jpg,T10_072,3,val,False,False
T10_d13_072_b_3.jpg,T10_072,3,val,False,False
T10_d13_080_a_3.jpg,T10_080,3,val,False,False
T10_d13_080_b_3.jpg,T10_080,3,val,False,False
T10_d13_083_a_3.jpg,T10_083,3,train,False,False
T10_d13_083_b_3.jpg,T10_083,3,train,False,False
T10_d13_087_a_4.jpg,T10_087,4,val,False,False
T10_d13_087_b_4.jpg,T10_087,4,val,False,False
T10_d13_089_a_3.jpg,T10_089,3,train,False,False
T10_d13_089_b_3.jpg,T10_089,3,train,False,False
T10_d13_092_a_3.jpg,T10_092,3,test,False,False
T10_d13_092_b_3.jpg,T10_092,3,test,False,False
T10_d13_093_a_3.jpg,T10_093,3,train,False,False
T10_d13_093_b_3.jpg,T10_093,3,train,False,False
T10_d13_094_a_3.jpg,T10_094,3,train,False,False
T10_d13_094_b_3.jpg,T10_094,3,train,False,False
T10_d13_096_a_2.jpg,T10_096,2,train,False,False
T10_d13_096_b_2.jpg,T10_096,2,train,False,True
T10_d13_097_a_3.jpg,T10_097,3,train,False,False
T10_d13_097_b_3.jpg,T10_097,3,train,False,False
T10_d13_098_a_3.jpg,T10_098,3,train,False,False
T10_d13_098_b_3.jpg,T10_098,3,train,False,False
T10_d13_099_a_3.jpg,T10_099,3,train,False,False
T10_d13_099_b_3.jpg,T10_099,3,train,False,False
T10_d13_108_a_3.jpg,T10_108,3,train,False,False
T10_d13_108_b_3.jpg,T10_108,3,train,False,False
T10_d13_110_a_3.jpg,T10_110,3,train,False,False
T10_d13_110_b_3.jpg,T10_110,3,train,False,False
T10_d13_111_a_3.jpg,T10_111,3,val,False,False
T10_d13_111_b_3.jpg,T10_111,3,val,False,False
T10_d13_113_a_3.jpg,T10_113,3,train,False,False
T10_d13_113_b_3.jpg,T10_113,3,train,False,False
T10_d13_118_a_3.jpg,T10_118,3,train,False,False
T10_d13_118_b_3.jpg,T10_118,3,train,False,False
T10_d13_122_a_3.jpg,T10_122,3,train,False,False
T10_d13_122_b_3.jpg,T10_122,3,train,False,False
T10_d13_125_a_3.jpg,T10_125,3,train,False,False
T10_d13_125_b_3.jpg,T10_125,3,train,False,True
T10_d13_128_a_2.jpg,T10_128,2,train,False,False
T10_d13_128_b_2.jpg,T10_128,2,train,False,False
T10_d13_129_a_3.jpg,T10_129,3,train,False,False
T10_d13_129_b_3.jpg,T10_129,3,train,False,False
T10_d13_130_a_3.jpg,T10_130,3,train,False,False
T10_d13_130_b_3.jpg,T10_130,3,train,False,False
T10_d13_131_a_3.jpg,T10_131,3,train,False,True
T10_d13_131_b_3.jpg,T10_131,3,train,False,False
T10_d13_133_a_3.jpg,T10_133,3,train,False,False
T10_d13_133_b_3.jpg,T10_133,3,train,False,False
T10_d13_136_a_3.jpg,T10_136,3,val,False,False
T10_d13_136_b_3.jpg,T10_136,3,val,False,False
T10_d13_138_a_3.jpg,T10_138,3,train,False,True
T10_d13_138_b_3.jpg,T10_138,3,train,False,False
T10_d13_145_a_2.jpg,T10_145,2,train,False,False
T10_d13_145_b_2.jpg,T10_145,2,train,False,True
T10_d13_149_a_3.jpg,T10_149,3,train,False,False
T10_d13_149_b_3.jpg,T10_149,3,train,False,True
T10_d13_152_a_3.jpg,T10_152,3,train,False,False
T10_d13_152_b_3.jpg,T10_152,3,train,False,False
T10_d13_156_a_3.jpg,T10_156,3,train,False,False
T10_d13_156_b_3.jpg,T10_156,3,train,False,False
T10_d13_162_a_3.jpg,T10_162,3,test,False,False
T10_d13_162_b_3.jpg,T10_162,3,test,False,False
T10_d13_163_a_3.jpg,T10_163,3,train,False,False
T10_d13_163_b_3.jpg,T10_163,3,train,False,False
T10_d13_165_a_3.jpg,T10_165,3,train,False,False
T10_d13_165_b_3.jpg,T10_165,3,train,False,False
T10_d13_166_a_3.jpg,T10_166,3,train,False,False
T10_d13_166_b_3.jpg,T10_166,3,train,False,True
T10_d13_167_a_3.jpg,T10_167,3,train,False,False
T10_d13_167_b_3.jpg,T10_167,3,train,False,True
T10_d13_168_a_4.jpg,T10_168,4,train,False,False
T10_d13_168_b_4.jpg,T10_168,4,train,False,False
T10_d13_172_a_4.jpg,T10_172,4,train,False,False
T10_d13_172_b_4.jpg,T10_172,4,train,False,False
T10_d13_181_a_3.jpg,T10_181,3,train,False,False
T10_d13_181_b_3.jpg,T10_181,3,train,False,False
T10_d13_186_a_3.jpg,T10_186,3,val,False,False
T10_d13_186_b_3.jpg,T10_186,3,val,False,False
T10_d13_193_a_3.jpg,T10_193,3,train,False,True
T10_d13_193_b_3.jpg,T10_193,3,train,False,False
T10_d13_194_a_3.jpg,T10_194,3,train,False,False
T10_d13_194_b_3.jpg,T10_194,3,train,False,False
T10_d13_196_a_3.jpg,T10_196,3,train,False,False
T10_d13_196_b_3.jpg,T10_196,3,train,False,False
T10_d13_202_a_3.jpg,T10_202,3,train,False,False
T10_d13_202_b_3.jpg,T10_202,3,train,False,False
T10_d13_204_a_3.jpg,T10_204,3,train,False,False
T10_d13_204_b_3.jpg,T10_204,3,train,False,False
T10_d13_206_a_3.jpg,T10_206,3,train,False,False
T10_d13_206_b_3.jpg,T10_206,3,train,False,False
T10_d13_211_a_3.jpg,T10_211,3,train,False,False
T10_d13_211_b_3.jpg,T10_211,3,train,False,False
T10_d13_213_a_3.jpg,T10_213,3,train,False,False
T10_d13_213_b_3.jpg,T10_213,3,train,False,False
T10_d13_215_a_3.jpg,T10_215,3,train,False,False
T10_d13_215_b_3.jpg,T10_215,3,train,False,False
T10_d13_217_a_3.jpg,T10_217,3,train,False,False
T10_d13_217_b_3.jpg,T10_217,3,train,False,False
T10_d13_219_a_3.jpg,T10_219,3,test,False,False
T10_d13_219_b_3.jpg,T10_219,3,test,False,False
T10_d13_220_a_3.jpg,T10_220,3,val,False,False
T10_d13_220_b_3.jpg,T10_220,3,val,False,False
T10_d13_221_a_3.jpg,T10_221,3,train,False,False
T10_d13_221_b_3.jpg,T10_221,3,train,False,False
T10_d13_223_a_2.jpg,T10_223,2,train,False,False
T10_d13_223_b_2.jpg,T10_223,2,train,False,False
T10_d13_227_a_5.jpg,T10_227,5,train,False,False
T10_d13_227_b_5.jpg,T10_227,5,train,False,False
T10_d13_229_a_3.jpg,T10_229,3,train,False,False
T10_d13_229_b_3.jpg,T10_229,3,train,False,False
T10_d13_233_a_3.jpg,T10_233,3,train,False,False
T10_d13_233_b_3.jpg,T10_233,3,train,False,False
T10_d13_234_a_4.jpg,T10_234,4,train,False,False
T10_d13_234_b_4.jpg,T10_234,4,train,False,True
T10_d13_236_a_2.jpg,T10_236,2,train,False,True
T10_d13_236_b_2.jpg,T10_236,2,train,False,False
T10_d13_237_a_3.jpg,T10_237,3,train,False,False
T10_d13_237_b_3.jpg,T10_237,3,train,False,False
T10_d13_243_a_3.jpg,T10_243,3,train,False,False
T10_d13_243_b_3.jpg,T10_243,3,train,False,False
T10_d13_245_a_3.jpg,T10_245,3,train,False,False
T10_d13_245_b_3.jpg,T10_245,3,train,False,False
T10_d13_250_a_3.jpg,T10_250,3,train,False,False
T10_d13_250_b_3.jpg,T10_250,3,train,False,False
T10_d13_252_a_2.jpg,T10_252,2,train,False,False
T10_d13_252_b_2.jpg,T10_252,2,train,False,False
T10_d13_253_a_3.jpg,T10_253,3,val,False,False
T10_d13_253_b_3.jpg,T10_253,3,val,False,False
T10_d13_254_a_3.jpg,T10_254,3,val,False,False
T10_d13_254_b_3.jpg,T10_254,3,val,False,True
T10_d13_262_a_3.jpg,T10_262,3,train,False,False
T10_d13_262_b_3.jpg,T10_262,3,train,False,False
T10_d13_266_a_3.jpg,T10_266,3,train,False,False
T10_d13_266_b_3.jpg,T10_266,3,train,False,False
T10_d13_269_a_4.jpg,T10_269,4,train,False,False
T10_d13_269_b_4.jpg,T10_269,4,train,False,False
T10_d13_274_a_3.jpg,T10_274,3,train,True,False
T10_d13_274_b_3.jpg,T10_274,3,train,True,False
T10_d13_275_a_3.jpg,T10_275,3,test,False,False
T10_d13_275_b_3.jpg,T10_275,3,test,False,False
T10_d13_276_a_3.jpg,T10_276,3,train,False,False
T10_d13_276_b_3.jpg,T10_276,3,train,False,False
T10_d13_282_a_4.jpg,T10_282,4,train,False,False
T10_d13_282_b_4.jpg,T10_282,4,train,False,False
T10_d13_283_a_4.jpg,T10_283,4,train,False,False
T10_d13_283_b_4.jpg,T10_283,4,train,False,False
T10_d13_284_a_4.jpg,T10_284,4,train,False,False
T10_d13_284_b_4.jpg,T10_284,4,train,False,False
T10_d13_290_a_5.jpg,T10_290,5,train,False,False
T10_d13_290_b_5.jpg,T10_290,5,train,False,False
T10_d13_292_a_3.jpg,T10_292,3,val,False,False
T10_d13_292_b_3.jpg,T10_292,3,val,False,False
T10_d13_294_a_5.jpg,T10_294,5,train,False,False
T10_d13_294_b_5.jpg,T10_294,5,train,False,False
T10_d13_295_a_3.jpg,T10_295,3,train,False,False
T10_d13_295_b_3.jpg,T10_295,3,train,False,False
T10_d13_296_a_3.jpg,T10_296,3,train,False,False
T10_d13_296_b_3.jpg,T10_296,3,train,False,False
T10_d13_306_a_3.jpg,T10_306,3,train,False,False
T10_d13_306_b_3.jpg,T10_306,3,train,False,False
T10_d13_310_a_3.jpg,T10_310,3,val,False,False
T10_d13_310_b_3.jpg,T10_310,3,val,False,False
T10_d13_314_a_3.jpg,T10_314,3,train,True,False
T10_d13_314_b_3.jpg,T10_314,3,train,True,False
T10_d13_315_a_2.jpg,T10_315,2,train,False,False
T10_d13_315_b_2.jpg,T10_315,2,train,False,False
T10_d13_326_a_3.jpg,T10_326,3,train,False,False
T10_d13_326_b_3.jpg,T10_326,3,train,False,False
T10_d13_327_a_3.jpg,T10_327,3,train,False,False
T10_d13_327_b_3.jpg,T10_327,3,train,False,True
T10_d13_328_a_3.jpg,T10_328,3,train,False,False
T10_d13_328_b_3.jpg,T10_328,3,train,False,False
T10_d13_330_a_3.jpg,T10_330,3,train,False,False
T10_d13_330_b_3.jpg,T10_330,3,train,False,False
T10_d13_331_a_4.jpg,T10_331,4,test,False,False
T10_d13_331_b_4.jpg,T10_331,4,test,False,False
T10_d13_333_a_3.jpg,T10_333,3,train,False,False
T10_d13_333_b_3.jpg,T10_333,3,train,False,False
T10_d13_336_a_4.jpg,T10_336,4,train,False,False
T10_d13_336_b_4.jpg,T10_336,4,train,False,False
T10_d13_337_a_3.jpg,T10_337,3,train,False,False
T10_d13_337_b_3.jpg,T10_337,3,train,False,False
T10_d13_338_a_3.jpg,T10_338,3,train,False,False
T10_d13_338_b_3.jpg,T10_338,3,train,False,False
T10_d13_349_a_4.jpg,T10_349,4,train,False,False
T10_d13_349_b_4.jpg,T10_349,4,train,False,False
T10_d13_350_a_3.jpg,T10_350,3,train,False,False
T10_d13_350_b_3.jpg,T10_350,3,train,False,False
T10_d13_351_a_2.jpg,T10_351,2,train,False,False
T10_d13_351_b_2.jpg,T10_351,2,train,False,False
T10_d13_353_a_3.jpg,T10_353,3,val,False,False
T10_d13_353_b_3.jpg,T10_353,3,val,False,False
T10_d13_355_a_3.jpg,T10_355,3,train,False,False
T10_d13_355_b_3.jpg,T10_355,3,train,False,True
T10_d13_357_a_3.jpg,T10_357,3,train,False,False
T10_d13_357_b_3.jpg,T10_357,3,train,False,False
T10_d13_366_a_3.jpg,T10_366,3,train,False,True
T10_d13_366_b_3.jpg,T10_366,3,train,False,False
T10_d13_367_a_3.jpg,T10_367,3,train,False,False
T10_d13_367_b_3.jpg,T10_367,3,train,False,False
T10_d13_368_a_3.jpg,T10_368,3,val,False,False
T10_d13_368_b_3.jpg,T10_368,3,val,False,True
T10_d13_372_a_3.jpg,T10_372,3,train,False,False
T10_d13_372_b_3.jpg,T10_372,3,train,False,True
T10_d13_375_a_3.jpg,T10_375,3,val,False,False
T10_d13_375_b_3.jpg,T10_375,3,val,False,False
T10_d13_376_a_4.jpg,T10_376,4,train,False,False
T10_d13_376_b_4.jpg,T10_376,4,train,False,False
T10_d13_377_a_4.jpg,T10_377,4,train,False,False
T10_d13_377_b_4.jpg,T10_377,4,train,False,False
T10_d13_381_a_3.jpg,T10_381,3,train,False,False
T10_d13_381_b_3.jpg,T10_381,3,train,False,False
T10_d13_382_a_3.jpg,T10_382,3,train,False,False
T10_d13_382_b_3.jpg,T10_382,3,train,False,False
T10_d13_385_a_3.jpg,T10_385,3,val,False,False
T10_d13_385_b_3.jpg,T10_385,3,val,False,False
T10_d13_387_a_3.jpg,T10_387,3,train,False,False
T10_d13_387_b_3.jpg,T10_387,3,train,False,False
T10_d13_392_a_4.jpg,T10_392,4,test,False,False
T10_d13_392_b_4.jpg,T10_392,4,test,False,False
T10_d13_393_a_3.jpg,T10_393,3,val,False,False
T10_d13_393_b_3.jpg,T10_393,3,val,False,False
T10_d13_395_a_3.jpg,T10_395,3,test,False,False
T10_d13_395_b_3.jpg,T10_395,3,test,False,True
T10_d13_398_a_4.jpg,T10_398,4,val,False,False
T10_d13_398_b_4.jpg,T10_398,4,val,False,False
T10_d13_399_a_4.jpg,T10_399,4,val,False,False
T10_d13_399_b_4.jpg,T10_399,4,val,False,False
T10_d13_400_a_2.jpg,T10_400,2,train,False,False
T10_d13_400_b_2.jpg,T10_400,2,train,False,True
T10_d13_401_a_3.jpg,T10_401,3,train,False,False
T10_d13_401_b_3.jpg,T10_401,3,train,False,False
T10_d13_402_a_3.jpg,T10_402,3,val,False,False
T10_d13_402_b_3.jpg,T10_402,3,val,False,False
T10_d13_405_a_3.jpg,T10_405,3,train,False,False
T10_d13_405_b_3.jpg,T10_405,3,train,False,True
T10_d13_406_a_3.jpg,T10_406,3,val,False,False
T10_d13_406_b_3.jpg,T10_406,3,val,False,True
T10_d13_408_a_3.jpg,T10_408,3,train,False,False
T10_d13_408_b_3.jpg,T10_408,3,train,False,False
T10_d13_410_a_3.jpg,T10_410,3,train,False,True
T10_d13_410_b_3.jpg,T10_410,3,train,False,False
T10_d13_411_a_3.jpg,T10_411,3,val,False,False
T10_d13_411_b_3.jpg,T10_411,3,val,False,False
T10_d13_413_a_3.jpg,T10_413,3,train,False,False
T10_d13_413_b_3.jpg,T10_413,3,train,False,False
T10_d13_414_a_3.jpg,T10_414,3,train,False,False
T10_d13_414_b_3.jpg,T10_414,3,train,False,False
T10_d13_415_a_3.jpg,T10_415,3,train,False,False
T10_d13_415_b_3.jpg,T10_415,3,train,False,True
T10_d13_420_a_3.jpg,T10_420,3,train,False,False
T10_d13_420_b_3.jpg,T10_420,3,train,False,False
T10_d13_422_a_3.jpg,T10_422,3,train,False,False
T10_d13_422_b_3.jpg,T10_422,3,train,False,False
T10_d13_425_a_3.jpg,T10_425,3,train,False,False
T10_d13_425_b_3.jpg,T10_425,3,train,False,False
T10_d13_429_a_3.jpg,T10_429,3,train,False,False
T10_d13_429_b_3.jpg,T10_429,3,train,False,False
T10_d13_430_a_3.jpg,T10_430,3,val,False,True
T10_d13_430_b_3.jpg,T10_430,3,val,False,False
T10_d13_442_a_3.jpg,T10_442,3,train,False,False
T10_d13_442_b_3.jpg,T10_442,3,train,False,False
T10_d13_444_a_4.jpg,T10_444,4,train,False,False
T10_d13_444_b_4.jpg,T10_444,4,train,False,False
T10_d13_445_a_3.jpg,T10_445,3,train,False,False
T10_d13_445_b_3.jpg,T10_445,3,train,False,False
T10_d13_446_a_3.jpg,T10_446,3,train,False,False
T10_d13_446_b_3.jpg,T10_446,3,train,False,False
T10_d13_447_a_3.jpg,T10_447,3,train,False,False
T10_d13_447_b_3.jpg,T10_447,3,train,False,False
T10_d13_448_a_4.jpg,T10_448,4,train,False,False
T10_d13_448_b_4.jpg,T10_448,4,train,False,False
T10_d13_449_a_3.jpg,T10_449,3,train,False,False
T10_d13_449_b_3.jpg,T10_449,3,train,False,False
T10_d13_450_a_3.jpg,T10_450,3,val,False,False
T10_d13_450_b_3.jpg,T10_450,3,val,False,False
T10_d13_451_a_3.jpg,T10_451,3,val,False,False
T10_d13_451_b_3.jpg,T10_451,3,val,False,False
T10_d13_452_a_2.jpg,T10_452,2,val,False,False
T10_d13_452_b_2.jpg,T10_452,2,val,False,False
T10_d13_454_a_3.jpg,T10_454,3,train,False,False
T10_d13_454_b_3.jpg,T10_454,3,train,False,True
T10_d13_458_a_3.jpg,T10_458,3,train,False,False
T10_d13_458_b_3.jpg,T10_458,3,train,False,False
T10_d13_459_a_3.jpg,T10_459,3,train,False,False
T10_d13_459_b_3.jpg,T10_459,3,train,False,False
T10_d13_470_a_4.jpg,T10_470,4,train,False,False
T10_d13_470_b_4.jpg,T10_470,4,train,False,False
T10_d13_471_a_3.jpg,T10_471,3,test,False,True
T10_d13_471_b_3.jpg,T10_471,3,test,False,False
T10_d13_475_a_3.jpg,T10_475,3,train,False,False
T10_d13_475_b_3.jpg,T10_475,3,train,False,False
T10_d13_478_a_3.jpg,T10_478,3,val,False,False
T10_d13_478_b_3.jpg,T10_478,3,val,False,False
T10_d14_002_a_4.jpg,T10_002,4,train,False,False
T10_d14_002_b_4.jpg,T10_002,4,train,False,False
T10_d14_003_a_4.jpg,T10_003,4,train,False,False
T10_d14_003_b_4.jpg,T10_003,4,train,False,False
T10_d14_007_a_3.jpg,T10_007,3,train,False,False
T10_d14_007_b_3.jpg,T10_007,3,train,False,False
T10_d14_011_a_3.jpg,T10_011,3,train,False,False
T10_d14_011_b_3.jpg,T10_011,3,train,False,False
T10_d14_012_a_4.jpg,T10_012,4,val,False,False
T10_d14_012_b_4.jpg,T10_012,4,val,False,False
T10_d14_013_a_3.jpg,T10_013,3,train,False,True
T10_d14_013_b_3.jpg,T10_013,3,train,False,False
T10_d14_014_a_3.jpg,T10_014,3,val,False,True
T10_d14_014_b_3.jpg,T10_014,3,val,False,False
T10_d14_015_a_3.jpg,T10_015,3,test,False,False
T10_d14_015_b_3.jpg,T10_015,3,test,False,False
T10_d14_018_a_4.jpg,T10_018,4,val,False,False
T10_d14_018_b_4.jpg,T10_018,4,val,False,False
T10_d14_021_a_3.jpg,T10_021,3,train,False,False
T10_d14_021_b_3.jpg,T10_021,3,train,False,False
T10_d14_022_a_4.jpg,T10_022,4,train,False,False
T10_d14_022_b_4.jpg,T10_022,4,train,False,False
T10_d14_026_a_4.jpg,T10_026,4,train,False,False
T10_d14_026_b_4.jpg,T10_026,4,train,False,False
T10_d14_027_a_3.jpg,T10_027,3,train,False,False
T10_d14_027_b_3.jpg,T10_027,3,train,False,False
T10_d14_034_a_4.jpg,T10_034,4,train,False,False
T10_d14_034_b_4.jpg,T10_034,4,train,False,False
T10_d14_035_a_4.jpg,T10_035,4,val,False,False
T10_d14_035_b_4.jpg,T10_035,4,val,False,False
T10_d14_041_a_3.jpg,T10_041,3,val,False,False
T10_d14_041_b_3.jpg,T10_041,3,val,False,False
T10_d14_046_a_3.jpg,T10_046,3,train,False,False
T10_d14_046_b_3.jpg,T10_046,3,train,False,False
T10_d14_047_a_2.jpg,T10_047,2,train,False,False
T10_d14_047_b_2.jpg,T10_047,2,train,False,False
T10_d14_048_a_3.jpg,T10_048,3,train,False,False
T10_d14_048_b_3.jpg,T10_048,3,train,False,False
T10_d14_055_a_3.jpg,T10_055,3,train,False,True
T10_d14_055_b_3.jpg,T10_055,3,train,False,False
T10_d14_058_a_3.jpg,T10_058,3,val,False,False
T10_d14_058_b_3.jpg,T10_058,3,val,False,False
T10_d14_061_a_3.jpg,T10_061,3,train,False,False
T10_d14_061_b_3.jpg,T10_061,3,train,False,False
T10_d14_067_a_3.jpg,T10_067,3,train,False,True
T10_d14_067_b_3.jpg,T10_067,3,train,False,True
T10_d14_069_a_4.jpg,T10_069,4,train,False,False
T10_d14_069_b_4.jpg,T10_069,4,train,False,False
T10_d14_072_a_3.jpg,T10_072,3,val,False,False
T10_d14_072_b_3.jpg,T10_072,3,val,False,False
T10_d14_080_a_3.jpg,T10_080,3,val,False,False
T10_d14_080_b_3.jpg,T10_080,3,val,False,False
T10_d14_083_a_3.jpg,T10_083,3,train,False,False
T10_d14_083_b_3.jpg,T10_083,3,train,False,False
T10_d14_087_a_4.jpg,T10_087,4,val,False,False
T10_d14_087_b_4.jpg,T10_087,4,val,False,False
T10_d14_089_a_3.jpg,T10_089,3,train,False,False
T10_d14_089_b_3.jpg,T10_089,3,train,False,False
T10_d14_092_a_3.jpg,T10_092,3,test,False,False
T10_d14_092_b_3.jpg,T10_092,3,test,False,False
T10_d14_093_a_3.jpg,T10_093,3,train,False,False
T10_d14_093_b_3.jpg,T10_093,3,train,False,False
T10_d14_094_a_3.jpg,T10_094,3,train,False,False
T10_d14_094_b_3.jpg,T10_094,3,train,False,False
T10_d14_096_a_2.jpg,T10_096,2,train,False,False
T10_d14_096_b_2.jpg,T10_096,2,train,False,False
T10_d14_097_a_3.jpg,T10_097,3,train,False,False
T10_d14_097_b_3.jpg,T10_097,3,train,False,False
T10_d14_098_a_3.jpg,T10_098,3,train,False,False
T10_d14_098_b_3.jpg,T10_098,3,train,False,False
T10_d14_099_a_3.jpg,T10_099,3,train,False,False
T10_d14_099_b_3.jpg,T10_099,3,train,False,True
T10_d14_108_a_3.jpg,T10_108,3,train,False,False
T10_d14_108_b_3.jpg,T10_108,3,train,False,False
T10_d14_110_a_3.jpg,T10_110,3,train,False,False
T10_d14_110_b_3.jpg,T10_110,3,train,False,False
T10_d14_111_a_3.jpg,T10_111,3,val,False,False
T10_d14_111_b_3.jpg,T10_111,3,val,False,False
T10_d14_113_a_3.jpg,T10_113,3,train,False,False
T10_d14_113_b_3.jpg,T10_113,3,train,False,False
T10_d14_118_a_3.jpg,T10_118,3,train,False,False
T10_d14_118_b_3.jpg,T10_118,3,train,False,False
T10_d14_122_a_3.jpg,T10_122,3,train,False,False
T10_d14_122_b_3.jpg,T10_122,3,train,False,False
T10_d14_125_a_3.jpg,T10_125,3,train,False,False
T10_d14_125_b_3.jpg,T10_125,3,train,False,False
T10_d14_128_a_3.jpg,T10_128,3,train,False,False
T10_d14_128_b_3.jpg,T10_128,3,train,False,False
T10_d14_129_a_3.jpg,T10_129,3,train,False,False
T10_d14_129_b_3.jpg,T10_129,3,train,False,True
T10_d14_130_a_3.jpg,T10_130,3,train,False,False
T10_d14_130_b_3.jpg,T10_130,3,train,False,True
T10_d14_131_a_3.jpg,T10_131,3,train,False,False
T10_d14_131_b_3.jpg,T10_131,3,train,False,False
T10_d14_133_a_3.jpg,T10_133,3,train,False,True
T10_d14_133_b_3.jpg,T10_133,3,train,False,False
T10_d14_136_a_3.jpg,T10_136,3,val,False,False
T10_d14_136_b_3.jpg,T10_136,3,val,False,False
T10_d14_138_a_3.jpg,T10_138,3,train,False,False
T10_d14_138_b_3.jpg,T10_138,3,train,False,False
T10_d14_145_a_2.jpg,T10_145,2,train,False,False
T10_d14_145_b_2.jpg,T10_145,2,train,False,False
T10_d14_149_a_3.jpg,T10_149,3,train,False,True
T10_d14_149_b_3.jpg,T10_149,3,train,False,False
T10_d14_152_a_3.jpg,T10_152,3,train,False,False
T10_d14_152_b_3.jpg,T10_152,3,train,False,False
T10_d14_156_a_3.jpg,T10_156,3,train,False,False
T10_d14_156_b_3.jpg,T10_156,3,train,False,False
T10_d14_163_a_3.jpg,T10_163,3,train,False,False
T10_d14_163_b_3.jpg,T10_163,3,train,False,False
T10_d14_165_a_3.jpg,T10_165,3,train,False,False
T10_d14_165_b_3.jpg,T10_165,3,train,False,False
T10_d14_166_a_3.jpg,T10_166,3,train,False,False
T10_d14_166_b_3.jpg,T10_166,3,train,False,False
T10_d14_167_a_3.jpg,T10_167,3,train,False,False
T10_d14_167_b_3.jpg,T10_167,3,train,False,False
T10_d14_168_a_4.jpg,T10_168,4,train,False,False
T10_d14_168_b_4.jpg,T10_168,4,train,False,False
T10_d14_172_a_4.jpg,T10_172,4,train,False,False
T10_d14_172_b_4.jpg,T10_172,4,train,False,False
T10_d14_181_a_3.jpg,T10_181,3,train,False,False
T10_d14_181_b_3.jpg,T10_181,3,train,False,False
T10_d14_186_a_3.jpg,T10_186,3,val,False,False
T10_d14_186_b_3.jpg,T10_186,3,val,False,False
T10_d14_193_a_3.jpg,T10_193,3,train,False,False
T10_d14_193_b_3.jpg,T10_193,3,train,False,False
T10_d14_194_a_3.jpg,T10_194,3,train,False,False
T10_d14_194_b_3.jpg,T10_194,3,train,False,False
T10_d14_196_a_3.jpg,T10_196,3,train,False,False
T10_d14_196_b_3.jpg,T10_196,3,train,False,True
T10_d14_202_a_3.jpg,T10_202,3,train,False,False
T10_d14_202_b_3.jpg,T10_202,3,train,False,False
T10_d14_204_a_3.jpg,T10_204,3,train,False,False
T10_d14_204_b_3.jpg,T10_204,3,train,False,False
T10_d14_206_a_3.jpg,T10_206,3,train,False,False
T10_d14_206_b_3.jpg,T10_206,3,train,False,False
T10_d14_211_a_3.jpg,T10_211,3,train,False,False
T10_d14_211_b_3.jpg,T10_211,3,train,False,True
T10_d14_213_a_3.jpg,T10_213,3,train,False,False
T10_d14_213_b_3.jpg,T10_213,3,train,False,False
T10_d14_215_a_3.jpg,T10_215,3,train,False,False
T10_d14_215_b_3.jpg,T10_215,3,train,False,False
T10_d14_217_a_3.jpg,T10_217,3,train,False,False
T10_d14_217_b_3.jpg,T10_217,3,train,False,False
T10_d14_219_a_3.jpg,T10_219,3,test,False,False
T10_d14_219_b_3.jpg,T10_219,3,test,False,True
T10_d14_220_a_3.jpg,T10_220,3,val,False,False
T10_d14_220_b_3.jpg,T10_220,3,val,False,False
T10_d14_221_a_3.jpg,T10_221,3,train,False,False
T10_d14_221_b_3.jpg,T10_221,3,train,False,False
T10_d14_223_a_2.jpg,T10_223,2,train,False,False
T10_d14_223_b_2.jpg,T10_223,2,train,False,False
T10_d14_227_a_5.jpg,T10_227,5,train,False,False
T10_d14_227_b_5.jpg,T10_227,5,train,False,False
T10_d14_229_a_3.jpg,T10_229,3,train,False,False
T10_d14_229_b_3.jpg,T10_229,3,train,False,True
T10_d14_233_a_3.jpg,T10_233,3,train,False,False
T10_d14_233_b_3.jpg,T10_233,3,train,False,False
T10_d14_234_a_4.jpg,T10_234,4,train,False,False
T10_d14_234_b_4.jpg,T10_234,4,train,False,False
T10_d14_236_a_3.jpg,T10_236,3,train,False,False
T10_d14_236_b_3.jpg,T10_236,3,train,False,False
T10_d14_237_a_3.jpg,T10_237,3,train,False,False
T10_d14_237_b_3.jpg,T10_237,3,train,False,True
T10_d14_243_a_3.jpg,T10_243,3,train,False,False
T10_d14_243_b_3.jpg,T10_243,3,train,False,False
T10_d14_245_a_3.jpg,T10_245,3,train,False,False
T10_d14_245_b_3.jpg,T10_245,3,train,False,False
T10_d14_250_a_3.jpg,T10_250,3,train,False,False
T10_d14_250_b_3.jpg,T10_250,3,train,False,False
T10_d14_252_a_3.jpg,T10_252,3,train,False,False
T10_d14_252_b_3.jpg,T10_252,3,train,False,False
T10_d14_253_a_3.jpg,T10_253,3,val,False,False
T10_d14_253_b_3.jpg,T10_253,3,val,False,False
T10_d14_254_a_3.jpg,T10_254,3,val,False,True
T10_d14_254_b_3.jpg,T10_254,3,val,False,False
T10_d14_262_a_3.jpg,T10_262,3,train,False,False
T10_d14_262_b_3.jpg,T10_262,3,train,False,False
T10_d14_269_a_4.jpg,T10_269,4,train,False,False
T10_d14_269_b_4.jpg,T10_269,4,train,False,False
T10_d14_274_a_3.jpg,T10_274,3,train,True,False
T10_d14_274_b_3.jpg,T10_274,3,train,True,False
T10_d14_275_a_3.jpg,T10_275,3,test,False,False
T10_d14_275_b_3.jpg,T10_275,3,test,False,False
T10_d14_276_a_3.jpg,T10_276,3,train,False,False
T10_d14_276_b_3.jpg,T10_276,3,train,False,False
T10_d14_282_a_4.jpg,T10_282,4,train,False,True
T10_d14_282_b_4.jpg,T10_282,4,train,False,False
T10_d14_283_a_4.jpg,T10_283,4,train,False,False
T10_d14_283_b_4.jpg,T10_283,4,train,False,False
T10_d14_284_a_4.jpg,T10_284,4,train,False,False
T10_d14_284_b_4.jpg,T10_284,4,train,False,False
T10_d14_290_a_5.jpg,T10_290,5,train,False,False
T10_d14_290_b_5.jpg,T10_290,5,train,False,False
T10_d14_292_a_3.jpg,T10_292,3,val,False,False
T10_d14_292_b_3.jpg,T10_292,3,val,False,False
T10_d14_294_a_5.jpg,T10_294,5,train,False,False
T10_d14_294_b_5.jpg,T10_294,5,train,False,False
T10_d14_295_a_3.jpg,T10_295,3,train,False,False
T10_d14_295_b_3.jpg,T10_295,3,train,False,False
T10_d14_296_a_3.jpg,T10_296,3,train,False,False
T10_d14_296_b_3.jpg,T10_296,3,train,False,False
T10_d14_306_a_3.jpg,T10_306,3,train,False,False
T10_d14_306_b_3.jpg,T10_306,3,train,False,False
T10_d14_310_a_3.jpg,T10_310,3,val,False,False
T10_d14_310_b_3.jpg,T10_310,3,val,False,False
T10_d14_314_a_3.jpg,T10_314,3,train,True,False
T10_d14_314_b_3.jpg,T10_314,3,train,True,False
T10_d14_315_a_2.jpg,T10_315,2,train,False,False
T10_d14_315_b_2.jpg,T10_315,2,train,False,False
T10_d14_326_a_3.jpg,T10_326,3,train,False,False
T10_d14_326_b_3.jpg,T10_326,3,train,False,False
T10_d14_327_a_3.jpg,T10_327,3,train,False,False
T10_d14_327_b_3.jpg,T10_327,3,train,False,False
T10_d14_328_a_3.jpg,T10_328,3,train,False,False
T10_d14_328_b_3.jpg,T10_328,3,train,False,False
T10_d14_330_a_3.jpg,T10_330,3,train,False,False
T10_d14_330_b_3.jpg,T10_330,3,train,False,False
T10_d14_331_a_4.jpg,T10_331,4,test,False,False
T10_d14_331_b_4.jpg,T10_331,4,test,False,False
T10_d14_333_a_3.jpg,T10_333,3,train,False,True
T10_d14_333_b_3.jpg,T10_333,3,train,False,True
T10_d14_336_a_4.jpg,T10_336,4,train,False,False
T10_d14_336_b_4.jpg,T10_336,4,train,False,False
T10_d14_337_a_3.jpg,T10_337,3,train,False,False
T10_d14_337_b_3.jpg,T10_337,3,train,False,False
T10_d14_338_a_3.jpg,T10_338,3,train,False,True
T10_d14_338_b_3.jpg,T10_338,3,train,False,False
T10_d14_349_a_4.jpg,T10_349,4,train,False,False
T10_d14_349_b_4.jpg,T10_349,4,train,False,False
T10_d14_350_a_3.jpg,T10_350,3,train,False,False
T10_d14_350_b_3.jpg,T10_350,3,train,False,False
T10_d14_351_a_2.jpg,T10_351,2,train,False,False
T10_d14_351_b_2.jpg,T10_351,2,train,False,False
T10_d14_353_a_3.jpg,T10_353,3,val,False,False
T10_d14_353_b_3.jpg,T10_353,3,val,False,False
T10_d14_355_a_3.jpg,T10_355,3,train,False,False
T10_d14_355_b_3.jpg,T10_355,3,train,False,False
T10_d14_357_a_3.jpg,T10_357,3,train,False,False
T10_d14_357_b_3.jpg,T10_357,3,train,False,True
T10_d14_366_a_3.jpg,T10_366,3,train,False,False
T10_d14_366_b_3.jpg,T10_366,3,train,False,True
T10_d14_367_a_3.jpg,T10_367,3,train,False,False
T10_d14_367_b_3.jpg,T10_367,3,train,False,False
T10_d14_368_a_3.jpg,T10_368,3,val,False,True
T10_d14_368_b_3.jpg,T10_368,3,val,False,True
T10_d14_372_a_3.jpg,T10_372,3,train,False,False
T10_d14_372_b_3.jpg,T10_372,3,train,False,False
T10_d14_375_a_3.jpg,T10_375,3,val,False,False
T10_d14_375_b_3.jpg,T10_375,3,val,False,False
T10_d14_376_a_4.jpg,T10_376,4,train,False,False
T10_d14_376_b_4.jpg,T10_376,4,train,False,False
T10_d14_377_a_4.jpg,T10_377,4,train,False,False
T10_d14_377_b_4.jpg,T10_377,4,train,False,False
T10_d14_381_a_3.jpg,T10_381,3,train,False,True
T10_d14_381_b_3.jpg,T10_381,3,train,False,True
T10_d14_382_a_3.jpg,T10_382,3,train,False,False
T10_d14_382_b_3.jpg,T10_382,3,train,False,False
T10_d14_385_a_3.jpg,T10_385,3,val,False,False
T10_d14_385_b_3.jpg,T10_385,3,val,False,False
T10_d14_387_a_3.jpg,T10_387,3,train,False,False
T10_d14_387_b_3.jpg,T10_387,3,train,False,False
T10_d14_392_a_4.jpg,T10_392,4,test,False,False
T10_d14_392_b_4.jpg,T10_392,4,test,False,False
T10_d14_393_a_3.jpg,T10_393,3,val,False,False
T10_d14_393_b_3.jpg,T10_393,3,val,False,False
T10_d14_395_a_3.jpg,T10_395,3,test,False,False
T10_d14_395_b_3.jpg,T10_395,3,test,False,False
T10_d14_398_a_4.jpg,T10_398,4,val,False,True
T10_d14_398_b_4.jpg,T10_398,4,val,False,False
T10_d14_399_a_4.jpg,T10_399,4,val,False,False
T10_d14_399_b_4.jpg,T10_399,4,val,False,False
T10_d14_400_a_3.jpg,T10_400,3,train,False,False
T10_d14_400_b_3.jpg,T10_400,3,train,False,False
T10_d14_401_a_3.jpg,T10_401,3,train,False,False
T10_d14_401_b_3.jpg,T10_401,3,train,False,False
T10_d14_402_a_3.jpg,T10_402,3,val,False,False
T10_d14_402_b_3.jpg,T10_402,3,val,False,False
T10_d14_405_a_3.jpg,T10_405,3,train,False,False
T10_d14_405_b_3.jpg,T10_405,3,train,False,False
T10_d14_406_a_4.jpg,T10_406,4,val,False,False
T10_d14_406_b_4.jpg,T10_406,4,val,False,False
T10_d14_408_a_3.jpg,T10_408,3,train,False,False
T10_d14_408_b_3.jpg,T10_408,3,train,False,False
T10_d14_410_a_3.jpg,T10_410,3,train,False,False
T10_d14_410_b_3.jpg,T10_410,3,train,False,False
T10_d14_411_a_3.jpg,T10_411,3,val,False,True
T10_d14_411_b_3.jpg,T10_411,3,val,False,False
T10_d14_413_a_3.jpg,T10_413,3,train,False,False
T10_d14_413_b_3.jpg,T10_413,3,train,False,False
T10_d14_414_a_3.jpg,T10_414,3,train,False,True
T10_d14_414_b_3.jpg,T10_414,3,train,False,False
T10_d14_415_a_3.jpg,T10_415,3,train,False,False
T10_d14_415_b_3.jpg,T10_415,3,train,False,False
T10_d14_420_a_3.jpg,T10_420,3,train,False,False
T10_d14_420_b_3.jpg,T10_420,3,train,False,False
T10_d14_422_a_4.jpg,T10_422,4,train,False,True
T10_d14_422_b_4.jpg,T10_422,4,train,False,False
T10_d14_425_a_3.jpg,T10_425,3,train,False,False
T10_d14_425_b_3.jpg,T10_425,3,train,False,False
T10_d14_429_a_3.jpg,T10_429,3,train,False,False
T10_d14_429_b_3.jpg,T10_429,3,train,False,False
T10_d14_430_a_3.jpg,T10_430,3,val,False,False
T10_d14_430_b_3.jpg,T10_430,3,val,False,False
T10_d14_442_a_3.jpg,T10_442,3,train,False,False
T10_d14_442_b_3.jpg,T10_442,3,train,False,False
T10_d14_444_a_4.jpg,T10_444,4,train,False,False
T10_d14_444_b_4.jpg,T10_444,4,train,False,False
T10_d14_445_a_3.jpg,T10_445,3,train,False,False
T10_d14_445_b_3.jpg,T10_445,3,train,False,True
T10_d14_446_a_4.jpg,T10_446,4,train,False,False
T10_d14_446_b_4.jpg,T10_446,4,train,False,False
T10_d14_447_a_3.jpg,T10_447,3,train,False,False
T10_d14_447_b_3.jpg,T10_447,3,train,False,False
T10_d14_448_a_4.jpg,T10_448,4,train,False,False
T10_d14_448_b_4.jpg,T10_448,4,train,False,False
T10_d14_449_a_3.jpg,T10_449,3,train,False,False
T10_d14_449_b_3.jpg,T10_449,3,train,False,False
T10_d14_450_a_3.jpg,T10_450,3,val,False,False
T10_d14_450_b_3.jpg,T10_450,3,val,False,False
T10_d14_451_a_3.jpg,T10_451,3,val,False,False
T10_d14_451_b_3.jpg,T10_451,3,val,False,True
T10_d14_452_a_3.jpg,T10_452,3,val,False,False
T10_d14_452_b_3.jpg,T10_452,3,val,False,True
T10_d14_454_a_3.jpg,T10_454,3,train,False,False
T10_d14_454_b_3.jpg,T10_454,3,train,False,False
T10_d14_458_a_3.jpg,T10_458,3,train,False,False
T10_d14_458_b_3.jpg,T10_458,3,train,False,False
T10_d14_459_a_3.jpg,T10_459,3,train,False,False
T10_d14_459_b_3.jpg,T10_459,3,train,False,False
T10_d14_470_a_4.jpg,T10_470,4,train,False,True
T10_d14_470_b_4.jpg,T10_470,4,train,False,False
T10_d14_471_a_3.jpg,T10_471,3,test,False,False
T10_d14_471_b_3.jpg,T10_471,3,test,False,False
T10_d14_475_a_4.jpg,T10_475,4,train,False,False
T10_d14_475_b_4.jpg,T10_475,4,train,False,False
T10_d14_478_a_3.jpg,T10_478,3,val,False,False
T10_d14_478_b_3.jpg,T10_478,3,val,False,False
T10_d15_002_a_4.jpg,T10_002,4,train,False,False
T10_d15_002_b_4.jpg,T10_002,4,train,False,False
T10_d15_003_a_4.jpg,T10_003,4,train,False,False
T10_d15_003_b_4.jpg,T10_003,4,train,False,False
T10_d15_007_a_3.jpg,T10_007,3,train,False,True
T10_d15_007_b_3.jpg,T10_007,3,train,False,False
T10_d15_011_a_3.jpg,T10_011,3,train,False,False
T10_d15_011_b_3.jpg,T10_011,3,train,False,False
T10_d15_012_a_4.jpg,T10_012,4,val,False,False
T10_d15_012_b_4.jpg,T10_012,4,val,False,False
T10_d15_013_a_3.jpg,T10_013,3,train,False,False
T10_d15_013_b_3.jpg,T10_013,3,train,False,False
T10_d15_014_a_3.jpg,T10_014,3,val,False,False
T10_d15_014_b_3.jpg,T10_014,3,val,False,False
T10_d15_015_a_4.jpg,T10_015,4,test,False,False
T10_d15_015_b_4.jpg,T10_015,4,test,False,False
T10_d15_018_a_4.jpg,T10_018,4,val,False,False
T10_d15_018_b_4.jpg,T10_018,4,val,False,False
T10_d15_021_a_3.jpg,T10_021,3,train,False,False
T10_d15_021_b_3.jpg,T10_021,3,train,False,False
T10_d15_022_a_4.jpg,T10_022,4,train,False,True
T10_d15_022_b_4.jpg,T10_022,4,train,False,False
T10_d15_026_a_4.jpg,T10_026,4,train,False,False
T10_d15_026_b_4.jpg,T10_026,4,train,False,True
T10_d15_027_a_4.jpg,T10_027,4,train,False,False
T10_d15_027_b_4.jpg,T10_027,4,train,False,False
T10_d15_034_a_4.jpg,T10_034,4,train,False,False
T10_d15_034_b_4.jpg,T10_034,4,train,False,False
T10_d15_035_a_4.jpg,T10_035,4,val,False,False
T10_d15_035_b_4.jpg,T10_035,4,val,False,False
T10_d15_041_a_4.jpg,T10_041,4,val,False,False
T10_d15_041_b_4.jpg,T10_041,4,val,False,False
T10_d15_046_a_4.jpg,T10_046,4,train,False,False
T10_d15_046_b_4.jpg,T10_046,4,train,False,False
T10_d15_047_a_2.jpg,T10_047,2,train,False,False
T10_d15_047_b_2.jpg,T10_047,2,train,False,False
T10_d15_048_a_3.jpg,T10_048,3,train,False,False
T10_d15_048_b_3.jpg,T10_048,3,train,False,True
T10_d15_055_a_3.jpg,T10_055,3,train,False,False
T10_d15_055_b_3.jpg,T10_055,3,train,False,False
T10_d15_058_a_3.jpg,T10_058,3,val,False,True
T10_d15_058_b_3.jpg,T10_058,3,val,False,False
T10_d15_061_a_3.jpg,T10_061,3,train,False,False
T10_d15_061_b_3.jpg,T10_061,3,train,False,False
T10_d15_067_a_3.jpg,T10_067,3,train,False,False
T10_d15_067_b_3.jpg,T10_067,3,train,False,False
T10_d15_069_a_4.jpg,T10_069,4,train,False,False
T10_d15_069_b_4.jpg,T10_069,4,train,False,False
T10_d15_072_a_3.jpg,T10_072,3,val,False,False
T10_d15_072_b_3.jpg,T10_072,3,val,False,False
T10_d15_080_a_3.jpg,T10_080,3,val,False,False
T10_d15_080_b_3.jpg,T10_080,3,val,False,False
T10_d15_083_a_3.jpg,T10_083,3,train,False,False
T10_d15_083_b_3.jpg,T10_083,3,train,False,False
T10_d15_087_a_4.jpg,T10_087,4,val,False,False
T10_d15_087_b_4.jpg,T10_087,4,val,False,False
T10_d15_089_a_3.jpg,T10_089,3,train,False,False
T10_d15_089_b_3.jpg,T10_089,3,train,False,False
T10_d15_092_a_3.jpg,T10_092,3,test,False,False
T10_d15_092_b_3.jpg,T10_092,3,test,False,False
T10_d15_093_a_3.jpg,T10_093,3,train,False,False
T10_d15_093_b_3.jpg,T10_093,3,train,False,False
T10_d15_094_a_3.jpg,T10_094,3,train,False,False
T10_d15_094_b_3.jpg,T10_094,3,train,False,False
T10_d15_096_a_2.jpg,T10_096,2,train,False,False
T10_d15_096_b_2.jpg,T10_096,2,train,False,False
T10_d15_097_a_3.jpg,T10_097,3,train,False,False
T10_d15_097_b_3.jpg,T10_097,3,train,False,False
T10_d15_098_a_3.jpg,T10_098,3,train,False,False
T10_d15_098_b_3.jpg,T10_098,3,train,False,False
T10_d15_099_a_3.jpg,T10_099,3,train,False,False
T10_d15_099_b_3.jpg,T10_099,3,train,False,False
T10_d15_108_a_3.jpg,T10_108,3,train,False,False
T10_d15_108_b_3.jpg,T10_108,3,train,False,False
T10_d15_110_a_3.jpg,T10_110,3,train,False,False
T10_d15_110_b_3.jpg,T10_110,3,train,False,False
T10_d15_111_a_3.jpg,T10_111,3,val,False,False
T10_d15_111_b_3.jpg,T10_111,3,val,False,False
T10_d15_113_a_3.jpg,T10_113,3,train,False,False
T10_d15_113_b_3.jpg,T10_113,3,train,False,False
T10_d15_118_a_3.jpg,T10_118,3,train,False,False
T10_d15_118_b_3.jpg,T10_118,3,train,False,False
T10_d15_122_a_3.jpg,T10_122,3,train,False,False
T10_d15_122_b_3.jpg,T10_122,3,train,False,False
T10_d15_125_a_3.jpg,T10_125,3,train,False,False
T10_d15_125_b_3.jpg,T10_125,3,train,False,False
T10_d15_128_a_3.jpg,T10_128,3,train,False,False
T10_d15_128_b_3.jpg,T10_128,3,train,False,False
T10_d15_129_a_3.jpg,T10_129,3,train,False,False
T10_d15_129_b_3.jpg,T10_129,3,train,False,False
T10_d15_130_a_3.jpg,T10_130,3,train,False,False
T10_d15_130_b_3.jpg,T10_130,3,train,False,False
T10_d15_131_a_3.jpg,T10_131,3,train,False,False
T10_d15_131_b_3.jpg,T10_131,3,train,False,False
T10_d15_133_a_3.jpg,T10_133,3,train,False,False
T10_d15_133_b_3.jpg,T10_133,3,train,False,False
T10_d15_136_a_3.jpg,T10_136,3,val,False,False
T10_d15_136_b_3.jpg,T10_136,3,val,False,False
T10_d15_138_a_3.jpg,T10_138,3,train,False,False
T10_d15_138_b_3.jpg,T10_138,3,train,False,False
T10_d15_145_a_3.jpg,T10_145,3,train,False,False
T10_d15_145_b_3.jpg,T10_145,3,train,False,False
T10_d15_149_a_3.jpg,T10_149,3,train,False,False
T10_d15_149_b_3.jpg,T10_149,3,train,False,False
T10_d15_152_a_3.jpg,T10_152,3,train,False,False
T10_d15_152_b_3.jpg,T10_152,3,train,False,True
T10_d15_156_a_3.jpg,T10_156,3,train,False,False
T10_d15_156_b_3.jpg,T10_156,3,train,False,True
T10_d15_163_a_3.jpg,T10_163,3,train,False,False
T10_d15_163_b_3.jpg,T10_163,3,train,False,False
T10_d15_165_a_3.jpg,T10_165,3,train,False,False
T10_d15_165_b_3.jpg,T10_165,3,train,False,False
T10_d15_166_a_3.jpg,T10_166,3,train,False,True
T10_d15_166_b_3.jpg,T10_166,3,train,False,False
T10_d15_167_a_3.jpg,T10_167,3,train,False,False
T10_d15_167_b_3.jpg,T10_167,3,train,False,False
T10_d15_168_a_4.jpg,T10_168,4,train,False,False
T10_d15_168_b_4.jpg,T10_168,4,train,False,False
T10_d15_172_a_4.jpg,T10_172,4,train,False,False
T10_d15_172_b_4.jpg,T10_172,4,train,False,False
T10_d15_181_a_3.jpg,T10_181,3,train,False,False
T10_d15_181_b_3.jpg,T10_181,3,train,False,False
T10_d15_186_a_3.jpg,T10_186,3,val,False,False
T10_d15_186_b_3.jpg,T10_186,3,val,False,True
T10_d15_193_a_3.jpg,T10_193,3,train,False,False
T10_d15_193_b_3.jpg,T10_193,3,train,False,False
T10_d15_194_a_3.jpg,T10_194,3,train,False,False
T10_d15_194_b_3.jpg,T10_194,3,train,False,False
T10_d15_196_a_3.jpg,T10_196,3,train,False,False
T10_d15_196_b_3.jpg,T10_196,3,train,False,False
T10_d15_202_a_3.jpg,T10_202,3,train,False,False
T10_d15_202_b_3.jpg,T10_202,3,train,False,False
T10_d15_204_a_3.jpg,T10_204,3,train,False,False
T10_d15_204_b_3.jpg,T10_204,3,train,False,False
T10_d15_206_a_3.jpg,T10_206,3,train,False,True
T10_d15_206_b_3.jpg,T10_206,3,train,False,False
T10_d15_211_a_3.jpg,T10_211,3,train,False,False
T10_d15_211_b_3.jpg,T10_211,3,train,False,False
T10_d15_213_a_3.jpg,T10_213,3,train,False,False
T10_d15_213_b_3.jpg,T10_213,3,train,False,False
T10_d15_215_a_3.jpg,T10_215,3,train,False,False
T10_d15_215_b_3.jpg,T10_215,3,train,False,False
T10_d15_217_a_3.jpg,T10_217,3,train,False,False
T10_d15_217_b_3.jpg,T10_217,3,train,False,False
T10_d15_219_a_3.jpg,T10_219,3,test,False,False
T10_d15_219_b_3.jpg,T10_219,3,test,False,False
T10_d15_220_a_3.jpg,T10_220,3,val,False,True
T10_d15_220_b_3.jpg,T10_220,3,val,False,False
T10_d15_221_a_3.jpg,T10_221,3,train,False,False
T10_d15_221_b_3.jpg,T10_221,3,train,False,False
T10_d15_223_a_3.jpg,T10_223,3,train,False,False
T10_d15_223_b_3.jpg,T10_223,3,train,False,False
T10_d15_227_a_5.jpg,T10_227,5,train,False,False
T10_d15_227_b_5.jpg,T10_227,5,train,False,False
T10_d15_229_a_3.jpg,T10_229,3,train,False,False
T10_d15_229_b_3.jpg,T10_229,3,train,False,False
T10_d15_233_a_3.jpg,T10_233,3,train,False,False
T10_d15_233_b_3.jpg,T10_233,3,train,False,False
T10_d15_234_a_4.jpg,T10_234,4,train,False,False
T10_d15_234_b_4.jpg,T10_234,4,train,False,False
T10_d15_236_a_3.jpg,T10_236,3,train,False,False
T10_d15_236_b_3.jpg,T10_236,3,train,False,False
T10_d15_237_a_3.jpg,T10_237,3,train,False,False
T10_d15_237_b_3.jpg,T10_237,3,train,False,False
T10_d15_243_a_3.jpg,T10_243,3,train,False,False
T10_d15_243_b_3.jpg,T10_243,3,train,False,False
T10_d15_245_a_4.jpg,T10_245,4,train,False,True
T10_d15_245_b_4.jpg,T10_245,4,train,False,False
T10_d15_250_a_3.jpg,T10_250,3,train,False,False
T10_d15_250_b_3.jpg,T10_250,3,train,False,False
T10_d15_252_a_3.jpg,T10_252,3,train,False,False
T10_d15_252_b_3.jpg,T10_252,3,train,False,False
T10_d15_253_a_3.jpg,T10_253,3,val,False,False
T10_d15_253_b_3.jpg,T10_253,3,val,False,False
T10_d15_254_a_3.jpg,T10_254,3,val,False,False
T10_d15_254_b_3.jpg,T10_254,3,val,False,False
T10_d15_262_a_3.jpg,T10_262,3,train,False,True
T10_d15_262_b_3.jpg,T10_262,3,train,False,False
T10_d15_269_a_4.jpg,T10_269,4,train,False,False
T10_d15_269_b_4.jpg,T10_269,4,train,False,False
T10_d15_274_a_3.jpg,T10_274,3,train,True,False
T10_d15_274_b_3.jpg,T10_274,3,train,True,False
T10_d15_275_a_3.jpg,T10_275,3,test,False,False
T10_d15_275_b_3.jpg,T10_275,3,test,False,False
T10_d15_276_a_3.jpg,T10_276,3,train,False,False
T10_d15_276_b_3.jpg,T10_276,3,train,False,False
T10_d15_282_a_4.jpg,T10_282,4,train,False,False
T10_d15_282_b_4.jpg,T10_282,4,train,False,False
T10_d15_283_a_4.jpg,T10_283,4,train,False,False
T10_d15_283_b_4.jpg,T10_283,4,train,False,False
T10_d15_284_a_4.jpg,T10_284,4,train,False,False
T10_d15_284_b_4.jpg,T10_284,4,train,False,False
T10_d15_290_a_5.jpg,T10_290,5,train,False,False
T10_d15_290_b_5.jpg,T10_290,5,train,False,True
T10_d15_292_a_3.jpg,T10_292,3,val,False,False
T10_d15_292_b_3.jpg,T10_292,3,val,False,True
T10_d15_294_a_5.jpg,T10_294,5,train,False,False
T10_d15_294_b_5.jpg,T10_294,5,train,False,False
T10_d15_295_a_3.jpg,T10_295,3,train,False,False
T10_d15_295_b_3.jpg,T10_295,3,train,False,False
T10_d15_296_a_3.jpg,T10_296,3,train,False,False
T10_d15_296_b_3.jpg,T10_296,3,train,False,False
T10_d15_306_a_3.jpg,T10_306,3,train,False,False
T10_d15_306_b_3.jpg,T10_306,3,train,False,False
T10_d15_310_a_4.jpg,T10_310,4,val,False,False
T10_d15_310_b_4.jpg,T10_310,4,val,False,False
T10_d15_314_a_4.jpg,T10_314,4,train,True,False
T10_d15_314_b_4.jpg,T10_314,4,train,True,False
T10_d15_315_a_3.jpg,T10_315,3,train,False,False
T10_d15_315_b_3.jpg,T10_315,3,train,False,False
T10_d15_326_a_3.jpg,T10_326,3,train,False,False
T10_d15_326_b_3.jpg,T10_326,3,train,False,False
T10_d15_327_a_3.jpg,T10_327,3,train,False,False
T10_d15_327_b_3.jpg,T10_327,3,train,False,False
T10_d15_328_a_3.jpg,T10_328,3,train,False,False
T10_d15_328_b_3.jpg,T10_328,3,train,False,False
T10_d15_330_a_3.jpg,T10_330,3,train,False,False
T10_d15_330_b_3.jpg,T10_330,3,train,False,False
T10_d15_331_a_4.jpg,T10_331,4,test,False,False
T10_d15_331_b_4.jpg,T10_331,4,test,False,False
T10_d15_333_a_3.jpg,T10_333,3,train,False,False
T10_d15_333_b_3.jpg,T10_333,3,train,False,False
T10_d15_336_a_4.jpg,T10_336,4,train,False,False
T10_d15_336_b_4.jpg,T10_336,4,train,False,False
T10_d15_337_a_3.jpg,T10_337,3,train,False,False
T10_d15_337_b_3.jpg,T10_337,3,train,False,False
T10_d15_338_a_3.jpg,T10_338,3,train,False,False
T10_d15_338_b_3.jpg,T10_338,3,train,False,False
T10_d15_349_a_4.jpg,T10_349,4,train,False,False
T10_d15_349_b_4.jpg,T10_349,4,train,False,False
T10_d15_350_a_3.jpg,T10_350,3,train,False,False
T10_d15_350_b_3.jpg,T10_350,3,train,False,False
T10_d15_351_a_3.jpg,T10_351,3,train,False,False
T10_d15_351_b_3.jpg,T10_351,3,train,False,False
T10_d15_353_a_3.jpg,T10_353,3,val,False,False
T10_d15_353_b_3.jpg,T10_353,3,val,False,False
T10_d15_355_a_3.jpg,T10_355,3,train,False,False
T10_d15_355_b_3.jpg,T10_355,3,train,False,False
T10_d15_357_a_3.jpg,T10_357,3,train,False,False
T10_d15_357_b_3.jpg,T10_357,3,train,False,False
T10_d15_366_a_3.jpg,T10_366,3,train,False,False
T10_d15_366_b_3.jpg,T10_366,3,train,False,False
T10_d15_367_a_3.jpg,T10_367,3,train,False,False
T10_d15_367_b_3.jpg,T10_367,3,train,False,False
T10_d15_368_a_3.jpg,T10_368,3,val,False,True
T10_d15_368_b_3.jpg,T10_368,3,val,False,False
T10_d15_372_a_3.jpg,T10_372,3,train,False,False
T10_d15_372_b_3.jpg,T10_372,3,train,False,False
T10_d15_375_a_3.jpg,T10_375,3,val,False,False
T10_d15_375_b_3.jpg,T10_375,3,val,False,True
T10_d15_376_a_4.jpg,T10_376,4,train,False,False
T10_d15_376_b_4.jpg,T10_376,4,train,False,False
T10_d15_377_a_4.jpg,T10_377,4,train,False,False
T10_d15_377_b_4.jpg,T10_377,4,train,False,False
T10_d15_381_a_3.jpg,T10_381,3,train,False,False
T10_d15_381_b_3.jpg,T10_381,3,train,False,False
T10_d15_382_a_4.jpg,T10_382,4,train,False,False
T10_d15_382_b_4.jpg,T10_382,4,train,False,False
T10_d15_385_a_3.jpg,T10_385,3,val,False,False
T10_d15_385_b_3.jpg,T10_385,3,val,False,False
T10_d15_387_a_3.jpg,T10_387,3,train,False,False
T10_d15_387_b_3.jpg,T10_387,3,train,False,False
T10_d15_392_a_4.jpg,T10_392,4,test,False,False
T10_d15_392_b_4.jpg,T10_392,4,test,False,False
T10_d15_393_a_3.jpg,T10_393,3,val,False,False
T10_d15_393_b_3.jpg,T10_393,3,val,False,False
T10_d15_395_a_3.jpg,T10_395,3,test,False,False
T10_d15_395_b_3.jpg,T10_395,3,test,False,True
T10_d15_398_a_4.jpg,T10_398,4,val,False,False
T10_d15_398_b_4.jpg,T10_398,4,val,False,False
T10_d15_399_a_4.jpg,T10_399,4,val,False,False
T10_d15_399_b_4.jpg,T10_399,4,val,False,False
T10_d15_400_a_3.jpg,T10_400,3,train,False,False
T10_d15_400_b_3.jpg,T10_400,3,train,False,False
T10_d15_401_a_3.jpg,T10_401,3,train,False,False
T10_d15_401_b_3.jpg,T10_401,3,train,False,False
T10_d15_402_a_4.jpg,T10_402,4,val,False,False
T10_d15_402_b_4.jpg,T10_402,4,val,False,False
T10_d15_405_a_3.jpg,T10_405,3,train,False,False
T10_d15_405_b_3.jpg,T10_405,3,train,False,False
T10_d15_406_a_4.jpg,T10_406,4,val,False,False
T10_d15_406_b_4.jpg,T10_406,4,val,False,False
T10_d15_408_a_3.jpg,T10_408,3,train,False,False
T10_d15_408_b_3.jpg,T10_408,3,train,False,False
T10_d15_410_a_3.jpg,T10_410,3,train,False,False
T10_d15_410_b_3.jpg,T10_410,3,train,False,False
T10_d15_411_a_3.jpg,T10_411,3,val,False,False
T10_d15_411_b_3.jpg,T10_411,3,val,False,True
T10_d15_413_a_3.jpg,T10_413,3,train,False,False
T10_d15_413_b_3.jpg,T10_413,3,train,False,False
T10_d15_414_a_3.jpg,T10_414,3,train,False,False
T10_d15_414_b_3.jpg,T10_414,3,train,False,False
T10_d15_415_a_3.jpg,T10_415,3,train,False,False
T10_d15_415_b_3.jpg,T10_415,3,train,False,False
T10_d15_420_a_3.jpg,T10_420,3,train,False,False
T10_d15_420_b_3.jpg,T10_420,3,train,False,False
T10_d15_422_a_4.jpg,T10_422,4,train,False,False
T10_d15_422_b_4.jpg,T10_422,4,train,False,False
T10_d15_425_a_3.jpg,T10_425,3,train,False,False
T10_d15_425_b_3.jpg,T10_425,3,train,False,True
T10_d15_429_a_3.jpg,T10_429,3,train,False,False
T10_d15_429_b_3.jpg,T10_429,3,train,False,False
T10_d15_430_a_3.jpg,T10_430,3,val,False,False
T10_d15_430_b_3.jpg,T10_430,3,val,False,False
T10_d15_442_a_3.jpg,T10_442,3,train,False,False
T10_d15_442_b_3.jpg,T10_442,3,train,False,False
T10_d15_444_a_4.jpg,T10_444,4,train,False,False
T10_d15_444_b_4.jpg,T10_444,4,train,False,False
T10_d15_445_a_3.jpg,T10_445,3,train,False,False
T10_d15_445_b_3.jpg,T10_445,3,train,False,False
T10_d15_446_a_4.jpg,T10_446,4,train,False,False
T10_d15_446_b_4.jpg,T10_446,4,train,False,False
T10_d15_447_a_4.jpg,T10_447,4,train,False,False
T10_d15_447_b_4.jpg,T10_447,4,train,False,False
T10_d15_448_a_4.jpg,T10_448,4,train,False,False
T10_d15_448_b_4.jpg,T10_448,4,train,False,False
T10_d15_449_a_3.jpg,T10_449,3,train,False,False
T10_d15_449_b_3.jpg,T10_449,3,train,False,False
T10_d15_450_a_3.jpg,T10_450,3,val,False,False
T10_d15_450_b_3.jpg,T10_450,3,val,False,False
T10_d15_451_a_3.jpg,T10_451,3,val,False,False
T10_d15_451_b_3.jpg,T10_451,3,val,False,False
T10_d15_452_a_3.jpg,T10_452,3,val,False,False
T10_d15_452_b_3.jpg,T10_452,3,val,False,False
T10_d15_454_a_4.jpg,T10_454,4,train,False,True
T10_d15_454_b_4.jpg,T10_454,4,train,False,False
T10_d15_458_a_3.jpg,T10_458,3,train,False,False
T10_d15_458_b_3.jpg,T10_458,3,train,False,False
T10_d15_459_a_3.jpg,T10_459,3,train,False,False
T10_d15_459_b_3.jpg,T10_459,3,train,False,False
T10_d15_470_a_4.jpg,T10_470,4,train,False,True
T10_d15_470_b_4.jpg,T10_470,4,train,False,False
T10_d15_471_a_3.jpg,T10_471,3,test,False,False
T10_d15_471_b_3.jpg,T10_471,3,test,False,False
T10_d15_475_a_4.jpg,T10_475,4,train,False,False
T10_d15_475_b_4.jpg,T10_475,4,train,False,False
T10_d15_478_a_3.jpg,T10_478,3,val,False,False
T10_d15_478_b_3.jpg,T10_478,3,val,False,False
T10_d16_002_a_4.jpg,T10_002,4,train,False,False
T10_d16_002_b_4.jpg,T10_002,4,train,False,False
T10_d16_003_a_4.jpg,T10_003,4,train,False,False
T10_d16_003_b_4.jpg,T10_003,4,train,False,False
T10_d16_007_a_3.jpg,T10_007,3,train,False,False
T10_d16_007_b_3.jpg,T10_007,3,train,False,False
T10_d16_011_a_3.jpg,T10_011,3,train,False,False
T10_d16_011_b_3.jpg,T10_011,3,train,False,False
T10_d16_012_a_4.jpg,T10_012,4,val,False,False
T10_d16_012_b_4.jpg,T10_012,4,val,False,False
T10_d16_013_a_3.jpg,T10_013,3,train,False,False
T10_d16_013_b_3.jpg,T10_013,3,train,False,True
T10_d16_014_a_3.jpg,T10_014,3,val,False,False
T10_d16_014_b_3.jpg,T10_014,3,val,False,False
T10_d16_015_a_4.jpg,T10_015,4,test,False,False
T10_d16_015_b_4.jpg,T10_015,4,test,False,False
T10_d16_018_a_4.jpg,T10_018,4,val,False,False
T10_d16_018_b_4.jpg,T10_018,4,val,False,False
T10_d16_021_a_3.jpg,T10_021,3,train,False,False
T10_d16_021_b_3.jpg,T10_021,3,train,False,False
T10_d16_022_a_4.jpg,T10_022,4,train,False,False
T10_d16_022_b_4.jpg,T10_022,4,train,False,False
T10_d16_026_a_4.jpg,T10_026,4,train,False,True
T10_d16_026_b_4.jpg,T10_026,4,train,False,True
T10_d16_027_a_4.jpg,T10_027,4,train,False,False
T10_d16_027_b_4.jpg,T10_027,4,train,False,False
T10_d16_034_a_4.jpg,T10_034,4,train,False,True
T10_d16_034_b_4.jpg,T10_034,4,train,False,False
T10_d16_035_a_4.jpg,T10_035,4,val,False,False
T10_d16_035_b_4.jpg,T10_035,4,val,False,False
T10_d16_041_a_4.jpg,T10_041,4,val,False,False
T10_d16_041_b_4.jpg,T10_041,4,val,False,False
T10_d16_046_a_4.jpg,T10_046,4,train,False,False
T10_d16_046_b_4.jpg,T10_046,4,train,False,False
T10_d16_047_a_3.jpg,T10_047,3,train,False,False
T10_d16_047_b_3.jpg,T10_047,3,train,False,False
T10_d16_048_a_3.jpg,T10_048,3,train,False,False
T10_d16_048_b_3.jpg,T10_048,3,train,False,False
T10_d16_055_a_3.jpg,T10_055,3,train,False,True
T10_d16_055_b_3.jpg,T10_055,3,train,False,False
T10_d16_058_a_4.jpg,T10_058,4,val,False,False
T10_d16_058_b_4.jpg,T10_058,4,val,False,False
T10_d16_061_a_4.jpg,T10_061,4,train,False,True
T10_d16_061_b_4.jpg,T10_061,4,train,False,False
T10_d16_067_a_3.jpg,T10_067,3,train,False,False
T10_d16_067_b_3.jpg,T10_067,3,train,False,False
T10_d16_069_a_4.jpg,T10_069,4,train,False,False
T10_d16_069_b_4.jpg,T10_069,4,train,False,False
T10_d16_072_a_3.jpg,T10_072,3,val,False,False
T10_d16_072_b_3.jpg,T10_072,3,val,False,False
T10_d16_080_a_3.jpg,T10_080,3,val,False,False
T10_d16_080_b_3.jpg,T10_080,3,val,False,False
T10_d16_083_a_4.jpg,T10_083,4,train,False,False
T10_d16_083_b_4.jpg,T10_083,4,train,False,False
T10_d16_087_a_4.jpg,T10_087,4,val,False,False
T10_d16_087_b_4.jpg,T10_087,4,val,False,False
T10_d16_089_a_3.jpg,T10_089,3,train,False,False
T10_d16_089_b_3.jpg,T10_089,3,train,False,False
T10_d16_092_a_4.jpg,T10_092,4,test,False,False
T10_d16_092_b_4.jpg,T10_092,4,test,False,False
T10_d16_093_a_3.jpg,T10_093,3,train,False,False
T10_d16_093_b_3.jpg,T10_093,3,train,False,False
T10_d16_094_a_3.jpg,T10_094,3,train,False,False
T10_d16_094_b_3.jpg,T10_094,3,train,False,False
T10_d16_096_a_2.jpg,T10_096,2,train,False,False
T10_d16_096_b_2.jpg,T10_096,2,train,False,True
T10_d16_097_a_3.jpg,T10_097,3,train,False,False
T10_d16_097_b_3.jpg,T10_097,3,train,False,False
T10_d16_098_a_3.jpg,T10_098,3,train,False,False
T10_d16_098_b_3.jpg,T10_098,3,train,False,False
T10_d16_099_a_3.jpg,T10_099,3,train,False,False
T10_d16_099_b_3.jpg,T10_099,3,train,False,False
T10_d16_108_a_3.jpg,T10_108,3,train,False,False
T10_d16_108_b_3.jpg,T10_108,3,train,False,False
T10_d16_110_a_3.jpg,T10_110,3,train,False,False
T10_d16_110_b_3.jpg,T10_110,3,train,False,False
T10_d16_111_a_3.jpg,T10_111,3,val,False,False
T10_d16_111_b_3.jpg,T10_111,3,val,False,True
T10_d16_113_a_3.jpg,T10_113,3,train,False,False
T10_d16_113_b_3.jpg,T10_113,3,train,False,False
T10_d16_118_a_4.jpg,T10_118,4,train,False,False
T10_d16_118_b_4.jpg,T10_118,4,train,False,False
T10_d16_122_a_3.jpg,T10_122,3,train,False,True
T10_d16_122_b_3.jpg,T10_122,3,train,False,False
T10_d16_125_a_3.jpg,T10_125,3,train,False,False
T10_d16_125_b_3.jpg,T10_125,3,train,False,False
T10_d16_128_a_3.jpg,T10_128,3,train,False,False
T10_d16_128_b_3.jpg,T10_128,3,train,False,False
T10_d16_129_a_3.jpg,T10_129,3,train,False,True
T10_d16_129_b_3.jpg,T10_129,3,train,False,False
T10_d16_130_a_3.jpg,T10_130,3,train,False,False
T10_d16_130_b_3.jpg,T10_130,3,train,False,False
T10_d16_131_a_3.jpg,T10_131,3,train,False,False
T10_d16_131_b_3.jpg,T10_131,3,train,False,False
T10_d16_133_a_3.jpg,T10_133,3,train,False,False
T10_d16_133_b_3.jpg,T10_133,3,train,False,False
T10_d16_136_a_3.jpg,T10_136,3,val,False,False
T10_d16_136_b_3.jpg,T10_136,3,val,False,False
T10_d16_138_a_3.jpg,T10_138,3,train,False,True
T10_d16_138_b_3.jpg,T10_138,3,train,False,False
T10_d16_145_a_3.jpg,T10_145,3,train,False,False
T10_d16_145_b_3.jpg,T10_145,3,train,False,False
T10_d16_149_a_3.jpg,T10_149,3,train,False,False
T10_d16_149_b_3.jpg,T10_149,3,train,False,False
T10_d16_152_a_3.jpg,T10_152,3,train,False,False
T10_d16_152_b_3.jpg,T10_152,3,train,False,False
T10_d16_156_a_4.jpg,T10_156,4,train,False,False
T10_d16_156_b_4.jpg,T10_156,4,train,False,False
T10_d16_165_a_3.jpg,T10_165,3,train,False,False
T10_d16_165_b_3.jpg,T10_165,3,train,False,False
T10_d16_166_a_3.jpg,T10_166,3,train,False,False
T10_d16_166_b_3.jpg,T10_166,3,train,False,False
T10_d16_167_a_3.jpg,T10_167,3,train,False,False
T10_d16_167_b_3.jpg,T10_167,3,train,False,False
T10_d16_168_a_4.jpg,T10_168,4,train,False,False
T10_d16_168_b_4.jpg,T10_168,4,train,False,False
T10_d16_172_a_4.jpg,T10_172,4,train,False,False
T10_d16_172_b_4.jpg,T10_172,4,train,False,False
T10_d16_181_a_3.jpg,T10_181,3,train,False,False
T10_d16_181_b_3.jpg,T10_181,3,train,False,False
T10_d16_186_a_3.jpg,T10_186,3,val,False,False
T10_d16_186_b_3.jpg,T10_186,3,val,False,True
T10_d16_193_a_3.jpg,T10_193,3,train,False,False
T10_d16_193_b_3.jpg,T10_193,3,train,False,False
T10_d16_194_a_3.jpg,T10_194,3,train,False,False
T10_d16_194_b_3.jpg,T10_194,3,train,False,False
T10_d16_196_a_3.jpg,T10_196,3,train,False,False
T10_d16_196_b_3.jpg,T10_196,3,train,False,False
T10_d16_202_a_4.jpg,T10_202,4,train,False,True
T10_d16_202_b_4.jpg,T10_202,4,train,False,False
T10_d16_204_a_3.jpg,T10_204,3,train,False,False
T10_d16_204_b_3.jpg,T10_204,3,train,False,False
T10_d16_206_a_3.jpg,T10_206,3,train,False,False
T10_d16_206_b_3.jpg,T10_206,3,train,False,False
T10_d16_211_a_3.jpg,T10_211,3,train,False,False
T10_d16_211_b_3.jpg,T10_211,3,train,False,False
T10_d16_213_a_3.jpg,T10_213,3,train,False,False
T10_d16_213_b_3.jpg,T10_213,3,train,False,False
T10_d16_215_a_3.jpg,T10_215,3,train,False,False
T10_d16_215_b_3.jpg,T10_215,3,train,False,False
T10_d16_217_a_3.jpg,T10_217,3,train,False,False
T10_d16_217_b_3.jpg,T10_217,3,train,False,False
T10_d16_219_a_4.jpg,T10_219,4,test,False,False
T10_d16_219_b_4.jpg,T10_219,4,test,False,False
T10_d16_220_a_3.jpg,T10_220,3,val,False,False
T10_d16_220_b_3.jpg,T10_220,3,val,False,False
T10_d16_221_a_3.jpg,T10_221,3,train,False,False
T10_d16_221_b_3.jpg,T10_221,3,train,False,False
T10_d16_223_a_3.jpg,T10_223,3,train,False,False
T10_d16_223_b_3.jpg,T10_223,3,train,False,False
T10_d16_227_a_5.jpg,T10_227,5,train,False,False
T10_d16_227_b_5.jpg,T10_227,5,train,False,False
T10_d16_229_a_3.jpg,T10_229,3,train,False,False
T10_d16_229_b_3.jpg,T10_229,3,train,False,False
T10_d16_233_a_3.jpg,T10_233,3,train,False,False
T10_d16_233_b_3.jpg,T10_233,3,train,False,True
T10_d16_234_a_4.jpg,T10_234,4,train,False,False
T10_d16_234_b_4.jpg,T10_234,4,train,False,False
T10_d16_236_a_3.jpg,T10_236,3,train,False,False
T10_d16_236_b_3.jpg,T10_236,3,train,False,False
T10_d16_237_a_3.jpg,T10_237,3,train,False,True
T10_d16_237_b_3.jpg,T10_237,3,train,False,False
T10_d16_243_a_3.jpg,T10_243,3,train,False,False
T10_d16_243_b_3.jpg,T10_243,3,train,False,False
T10_d16_245_a_4.jpg,T10_245,4,train,False,False
T10_d16_245_b_4.jpg,T10_245,4,train,False,True
T10_d16_250_a_3.jpg,T10_250,3,train,False,False
T10_d16_250_b_3.jpg,T10_250,3,train,False,False
T10_d16_252_a_3.jpg,T10_252,3,train,False,False
T10_d16_252_b_3.jpg,T10_252,3,train,False,False
T10_d16_253_a_3.jpg,T10_253,3,val,False,False
T10_d16_253_b_3.jpg,T10_253,3,val,False,False
T10_d16_254_a_3.jpg,T10_254,3,val,False,False
T10_d16_254_b_3.jpg,T10_254,3,val,False,False
T10_d16_262_a_3.jpg,T10_262,3,train,False,False
T10_d16_262_b_3.jpg,T10_262,3,train,False,False
T10_d16_269_a_4.jpg,T10_269,4,train,False,False
T10_d16_269_b_4.jpg,T10_269,4,train,False,False
T10_d16_274_a_3.jpg,T10_274,3,train,True,False
T10_d16_274_b_3.jpg,T10_274,3,train,True,False
T10_d16_275_a_3.jpg,T10_275,3,test,False,False
T10_d16_275_b_3.jpg,T10_275,3,test,False,True
T10_d16_276_a_3.jpg,T10_276,3,train,False,True
T10_d16_276_b_3.jpg,T10_276,3,train,False,False
T10_d16_282_a_4.jpg,T10_282,4,train,False,False
T10_d16_282_b_4.jpg,T10_282,4,train,False,False
T10_d16_283_a_5.jpg,T10_283,5,train,False,False
T10_d16_283_b_5.jpg,T10_283,5,train,False,False
T10_d16_284_a_4.jpg,T10_284,4,train,False,False
T10_d16_284_b_4.jpg,T10_284,4,train,False,False
T10_d16_290_a_5.jpg,T10_290,5,train,False,False
T10_d16_290_b_5.jpg,T10_290,5,train,False,False
T10_d16_292_a_3.jpg,T10_292,3,val,False,False
T10_d16_292_b_3.jpg,T10_292,3,val,False,False
T10_d16_294_a_5.jpg,T10_294,5,train,False,False
T10_d16_294_b_5.jpg,T10_294,5,train,False,False
T10_d16_295_a_3.jpg,T10_295,3,train,False,False
T10_d16_295_b_3.jpg,T10_295,3,train,False,False
T10_d16_296_a_3.jpg,T10_296,3,train,False,False
T10_d16_296_b_3.jpg,T10_296,3,train,False,False
T10_d16_306_a_3.jpg,T10_306,3,train,False,False
T10_d16_306_b_3.jpg,T10_306,3,train,False,False
T10_d16_310_a_4.jpg,T10_310,4,val,False,False
T10_d16_310_b_4.jpg,T10_310,4,val,False,False
T10_d16_315_a_3.jpg,T10_315,3,train,False,False
T10_d16_315_b_3.jpg,T10_315,3,train,False,False
T10_d16_326_a_3.jpg,T10_326,3,train,False,False
T10_d16_326_b_3.jpg,T10_326,3,train,False,False
T10_d16_327_a_3.jpg,T10_327,3,train,False,False
T10_d16_327_b_3.jpg,T10_327,3,train,False,False
T10_d16_328_a_3.jpg,T10_328,3,train,False,False
T10_d16_328_b_3.jpg,T10_328,3,train,False,False
T10_d16_330_a_3.jpg,T10_330,3,train,False,False
T10_d16_330_b_3.jpg,T10_330,3,train,False,False
T10_d16_331_a_4.jpg,T10_331,4,test,False,False
T10_d16_331_b_4.jpg,T10_331,4,test,False,False
T10_d16_333_a_3.jpg,T10_333,3,train,False,False
T10_d16_333_b_3.jpg,T10_333,3,train,False,False
T10_d16_336_a_4.jpg,T10_336,4,train,False,False
T10_d16_336_b_4.jpg,T10_336,4,train,False,False
T10_d16_337_a_3.jpg,T10_337,3,train,False,False
T10_d16_337_b_3.jpg,T10_337,3,train,False,False
T10_d16_338_a_3.jpg,T10_338,3,train,False,False
T10_d16_338_b_3.jpg,T10_338,3,train,False,False
T10_d16_349_a_4.jpg,T10_349,4,train,False,False
T10_d16_349_b_4.jpg,T10_349,4,train,False,False
T10_d16_350_a_3.jpg,T10_350,3,train,False,False
T10_d16_350_b_3.jpg,T10_350,3,train,False,False
T10_d16_351_a_3.jpg,T10_351,3,train,False,False
T10_d16_351_b_3.jpg,T10_351,3,train,False,True
T10_d16_353_a_4.jpg,T10_353,4,val,False,False
T10_d16_353_b_4.jpg,T10_353,4,val,False,False
T10_d16_355_a_4.jpg,T10_355,4,train,False,False
T10_d16_355_b_4.jpg,T10_355,4,train,False,False
T10_d16_357_a_3.jpg,T10_357,3,train,False,False
T10_d16_357_b_3.jpg,T10_357,3,train,False,False
T10_d16_366_a_3.jpg,T10_366,3,train,False,False
T10_d16_366_b_3.jpg,T10_366,3,train,False,False
T10_d16_367_a_3.jpg,T10_367,3,train,False,False
T10_d16_367_b_3.jpg,T10_367,3,train,False,False
T10_d16_372_a_3.jpg,T10_372,3,train,False,False
T10_d16_372_b_3.jpg,T10_372,3,train,False,False
T10_d16_375_a_3.jpg,T10_375,3,val,False,False
T10_d16_375_b_3.jpg,T10_375,3,val,False,False
T10_d16_376_a_4.jpg,T10_376,4,train,False,False
T10_d16_376_b_4.jpg,T10_376,4,train,False,False
T10_d16_377_a_4.jpg,T10_377,4,train,False,False
T10_d16_377_b_4.jpg,T10_377,4,train,False,False
T10_d16_381_a_3.jpg,T10_381,3,train,False,False
T10_d16_381_b_3.jpg,T10_381,3,train,False,False
T10_d16_382_a_4.jpg,T10_382,4,train,False,False
T10_d16_382_b_4.jpg,T10_382,4,train,False,False
T10_d16_385_a_3.jpg,T10_385,3,val,False,False
T10_d16_385_b_3.jpg,T10_385,3,val,False,False
T10_d16_387_a_3.jpg,T10_387,3,train,False,False
T10_d16_387_b_3.jpg,T10_387,3,train,False,False
T10_d16_392_a_4.jpg,T10_392,4,test,False,False
T10_d16_392_b_4.jpg,T10_392,4,test,False,True
T10_d16_393_a_3.jpg,T10_393,3,val,False,False
T10_d16_393_b_3.jpg,T10_393,3,val,False,False
T10_d16_395_a_3.jpg,T10_395,3,test,False,False
T10_d16_395_b_3.jpg,T10_395,3,test,False,False
T10_d16_398_a_4.jpg,T10_398,4,val,False,False
T10_d16_398_b_4.jpg,T10_398,4,val,False,False
T10_d16_399_a_4.jpg,T10_399,4,val,False,False
T10_d16_399_b_4.jpg,T10_399,4,val,False,False
T10_d16_400_a_3.jpg,T10_400,3,train,False,False
T10_d16_400_b_3.jpg,T10_400,3,train,False,False
T10_d16_401_a_3.jpg,T10_401,3,train,False,False
T10_d16_401_b_3.jpg,T10_401,3,train,False,False
T10_d16_402_a_4.jpg,T10_402,4,val,False,False
T10_d16_402_b_4.jpg,T10_402,4,val,False,False
T10_d16_405_a_3.jpg,T10_405,3,train,False,True
T10_d16_405_b_3.jpg,T10_405,3,train,False,False
T10_d16_406_a_4.jpg,T10_406,4,val,False,False
T10_d16_406_b_4.jpg,T10_406,4,val,False,False
T10_d16_408_a_3.jpg,T10_408,3,train,False,False
T10_d16_408_b_3.jpg,T10_408,3,train,False,False
T10_d16_410_a_3.jpg,T10_410,3,train,False,False
T10_d16_410_b_3.jpg,T10_410,3,train,False,False
T10_d16_411_a_3.jpg,T10_411,3,val,False,False
T10_d16_411_b_3.jpg,T10_411,3,val,False,False
T10_d16_413_a_3.jpg,T10_413,3,train,False,False
T10_d16_413_b_3.jpg,T10_413,3,train,False,False
T10_d16_414_a_3.jpg,T10_414,3,train,False,False
T10_d16_414_b_3.jpg,T10_414,3,train,False,False
T10_d16_415_a_3.jpg,T10_415,3,train,False,False
T10_d16_415_b_3.jpg,T10_415,3,train,False,False
T10_d16_420_a_3.jpg,T10_420,3,train,False,False
T10_d16_420_b_3.jpg,T10_420,3,train,False,False
T10_d16_422_a_4.jpg,T10_422,4,train,False,False
T10_d16_422_b_4.jpg,T10_422,4,train,False,False
T10_d16_425_a_3.jpg,T10_425,3,train,False,False
T10_d16_425_b_3.jpg,T10_425,3,train,False,False
T10_d16_429_a_3.jpg,T10_429,3,train,False,True
T10_d16_429_b_3.jpg,T10_429,3,train,False,False
T10_d16_430_a_4.jpg,T10_430,4,val,False,False
T10_d16_430_b_4.jpg,T10_430,4,val,False,False
T10_d16_442_a_3.jpg,T10_442,3,train,False,False
T10_d16_442_b_3.jpg,T10_442,3,train,False,False
T10_d16_444_a_4.jpg,T10_444,4,train,False,False
T10_d16_444_b_4.jpg,T10_444,4,train,False,False
T10_d16_445_a_3.jpg,T10_445,3,train,False,False
T10_d16_445_b_3.jpg,T10_445,3,train,False,False
T10_d16_446_a_4.jpg,T10_446,4,train,False,False
T10_d16_446_b_4.jpg,T10_446,4,train,False,False
T10_d16_447_a_4.jpg,T10_447,4,train,False,True
T10_d16_447_b_4.jpg,T10_447,4,train,False,False
T10_d16_448_a_5.jpg,T10_448,5,train,False,False
T10_d16_448_b_5.jpg,T10_448,5,train,False,False
T10_d16_449_a_3.jpg,T10_449,3,train,False,False
T10_d16_449_b_3.jpg,T10_449,3,train,False,True
T10_d16_450_a_3.jpg,T10_450,3,val,False,False
T10_d16_450_b_3.jpg,T10_450,3,val,False,False
T10_d16_451_a_4.jpg,T10_451,4,val,False,False
T10_d16_451_b_4.jpg,T10_451,4,val,False,False
T10_d16_452_a_3.jpg,T10_452,3,val,False,False
T10_d16_452_b_3.jpg,T10_452,3,val,False,False
T10_d16_454_a_4.jpg,T10_454,4,train,False,False
T10_d16_454_b_4.jpg,T10_454,4,train,False,False
T10_d16_458_a_4.jpg,T10_458,4,train,False,False
T10_d16_458_b_4.jpg,T10_458,4,train,False,False
T10_d16_459_a_3.jpg,T10_459,3,train,False,False
T10_d16_459_b_3.jpg,T10_459,3,train,False,False
T10_d16_470_a_4.jpg,T10_470,4,train,False,False
T10_d16_470_b_4.jpg,T10_470,4,train,False,False
T10_d16_471_a_3.jpg,T10_471,3,test,False,False
T10_d16_471_b_3.jpg,T10_471,3,test,False,False
T10_d16_475_a_4.jpg,T10_475,4,train,False,False
T10_d16_475_b_4.jpg,T10_475,4,train,False,False
T10_d16_478_a_3.jpg,T10_478,3,val,False,False
T10_d16_478_b_3.jpg,T10_478,3,val,False,False
T10_d17_002_a_4.jpg,T10_002,4,train,False,False
T10_d17_002_b_4.jpg,T10_002,4,train,False,False
T10_d17_003_a_4.jpg,T10_003,4,train,False,False
T10_d17_003_b_4.jpg,T10_003,4,train,False,False
T10_d17_007_a_4.jpg,T10_007,4,train,False,False
T10_d17_007_b_4.jpg,T10_007,4,train,False,False
T10_d17_011_a_4.jpg,T10_011,4,train,False,False
T10_d17_011_b_4.jpg,T10_011,4,train,False,True
T10_d17_012_a_5.jpg,T10_012,5,val,False,False
T10_d17_012_b_5.jpg,T10_012,5,val,False,True
T10_d17_013_a_3.jpg,T10_013,3,train,False,False
T10_d17_013_b_3.jpg,T10_013,3,train,False,False
T10_d17_014_a_3.jpg,T10_014,3,val,False,False
T10_d17_014_b_3.jpg,T10_014,3,val,False,False
T10_d17_015_a_4.jpg,T10_015,4,test,False,False
T10_d17_015_b_4.jpg,T10_015,4,test,False,False
T10_d17_018_a_4.jpg,T10_018,4,val,False,False
T10_d17_018_b_4.jpg,T10_018,4,val,False,False
T10_d17_021_a_4.jpg,T10_021,4,train,False,False
T10_d17_021_b_4.jpg,T10_021,4,train,False,False
T10_d17_022_a_4.jpg,T10_022,4,train,False,False
T10_d17_022_b_4.jpg,T10_022,4,train,False,False
T10_d17_026_a_4.jpg,T10_026,4,train,False,False
T10_d17_026_b_4.jpg,T10_026,4,train,False,False
T10_d17_027_a_4.jpg,T10_027,4,train,False,False
T10_d17_027_b_4.jpg,T10_027,4,train,False,True
T10_d17_034_a_4.jpg,T10_034,4,train,False,False
T10_d17_034_b_4.jpg,T10_034,4,train,False,False
T10_d17_035_a_4.jpg,T10_035,4,val,False,False
T10_d17_035_b_4.jpg,T10_035,4,val,False,False
T10_d17_041_a_4.jpg,T10_041,4,val,False,False
T10_d17_041_b_4.jpg,T10_041,4,val,False,False
T10_d17_046_a_4.jpg,T10_046,4,train,False,False
T10_d17_046_b_4.jpg,T10_046,4,train,False,False
T10_d17_047_a_3.jpg,T10_047,3,train,False,True
T10_d17_047_b_3.jpg,T10_047,3,train,False,False
T10_d17_048_a_4.jpg,T10_048,4,train,False,False
T10_d17_048_b_4.jpg,T10_048,4,train,False,False
T10_d17_055_a_4.jpg,T10_055,4,train,False,False
T10_d17_055_b_4.jpg,T10_055,4,train,False,False
T10_d17_058_a_4.jpg,T10_058,4,val,False,False
T10_d17_058_b_4.jpg,T10_058,4,val,False,False
T10_d17_061_a_4.jpg,T10_061,4,train,False,False
T10_d17_061_b_4.jpg,T10_061,4,train,False,False
T10_d17_067_a_3.jpg,T10_067,3,train,False,False
T10_d17_067_b_3.jpg,T10_067,3,train,False,True
T10_d17_069_a_4.jpg,T10_069,4,train,False,False
T10_d17_069_b_4.jpg,T10_069,4,train,False,False
T10_d17_072_a_4.jpg,T10_072,4,val,False,False
T10_d17_072_b_4.jpg,T10_072,4,val,False,False
T10_d17_080_a_3.jpg,T10_080,3,val,False,False
T10_d17_080_b_3.jpg,T10_080,3,val,False,False
T10_d17_083_a_4.jpg,T10_083,4,train,False,False
T10_d17_083_b_4.jpg,T10_083,4,train,False,False
T10_d17_087_a_4.jpg,T10_087,4,val,False,False
T10_d17_087_b_4.jpg,T10_087,4,val,False,False
T10_d17_089_a_4.jpg,T10_089,4,train,False,False
T10_d17_089_b_4.jpg,T10_089,4,train,False,False
T10_d17_092_a_4.jpg,T10_092,4,test,False,False
T10_d17_092_b_4.jpg,T10_092,4,test,False,False
T10_d17_093_a_3.jpg,T10_093,3,train,False,False
T10_d17_093_b_3.jpg,T10_093,3,train,False,False
T10_d17_094_a_4.jpg,T10_094,4,train,False,True
T10_d17_094_b_4.jpg,T10_094,4,train,False,False
T10_d17_096_a_3.jpg,T10_096,3,train,False,False
T10_d17_096_b_3.jpg,T10_096,3,train,False,False
T10_d17_097_a_3.jpg,T10_097,3,train,False,False
T10_d17_097_b_3.jpg,T10_097,3,train,False,False
T10_d17_098_a_4.jpg,T10_098,4,train,False,False
T10_d17_098_b_4.jpg,T10_098,4,train,False,False
T10_d17_099_a_3.jpg,T10_099,3,train,False,False
T10_d17_099_b_3.jpg,T10_099,3,train,False,False
T10_d17_108_a_4.jpg,T10_108,4,train,False,False
T10_d17_108_b_4.jpg,T10_108,4,train,False,False
T10_d17_110_a_4.jpg,T10_110,4,train,False,False
T10_d17_110_b_4.jpg,T10_110,4,train,False,False
T10_d17_111_a_4.jpg,T10_111,4,val,False,False
T10_d17_111_b_4.jpg,T10_111,4,val,False,False
T10_d17_113_a_3.jpg,T10_113,3,train,False,False
T10_d17_113_b_3.jpg,T10_113,3,train,False,False
T10_d17_118_a_4.jpg,T10_118,4,train,False,False
T10_d17_118_b_4.jpg,T10_118,4,train,False,False
T10_d17_122_a_3.jpg,T10_122,3,train,False,False
T10_d17_122_b_3.jpg,T10_122,3,train,False,False
T10_d17_125_a_3.jpg,T10_125,3,train,False,False
T10_d17_125_b_3.jpg,T10_125,3,train,False,True
T10_d17_128_a_3.jpg,T10_128,3,train,False,True
T10_d17_128_b_3.jpg,T10_128,3,train,False,False
T10_d17_129_a_4.jpg,T10_129,4,train,False,False
T10_d17_129_b_4.jpg,T10_129,4,train,False,False
T10_d17_130_a_4.jpg,T10_130,4,train,False,False
T10_d17_130_b_4.jpg,T10_130,4,train,False,False
T10_d17_131_a_3.jpg,T10_131,3,train,False,False
T10_d17_131_b_3.jpg,T10_131,3,train,False,False
T10_d17_133_a_4.jpg,T10_133,4,train,False,True
T10_d17_133_b_4.jpg,T10_133,4,train,False,False
T10_d17_136_a_3.jpg,T10_136,3,val,False,False
T10_d17_136_b_3.jpg,T10_136,3,val,False,False
T10_d17_138_a_3.jpg,T10_138,3,train,False,False
T10_d17_138_b_3.jpg,T10_138,3,train,False,False
T10_d17_145_a_3.jpg,T10_145,3,train,False,False
T10_d17_145_b_3.jpg,T10_145,3,train,False,False
T10_d17_149_a_3.jpg,T10_149,3,train,False,False
T10_d17_149_b_3.jpg,T10_149,3,train,False,True
T10_d17_152_a_3.jpg,T10_152,3,train,False,False
T10_d17_152_b_3.jpg,T10_152,3,train,False,False
T10_d17_156_a_4.jpg,T10_156,4,train,False,False
T10_d17_156_b_4.jpg,T10_156,4,train,False,False
T10_d17_165_a_3.jpg,T10_165,3,train,False,False
T10_d17_165_b_3.jpg,T10_165,3,train,False,False
T10_d17_166_a_4.jpg,T10_166,4,train,False,False
T10_d17_166_b_4.jpg,T10_166,4,train,False,False
T10_d17_167_a_4.jpg,T10_167,4,train,False,False
T10_d17_167_b_4.jpg,T10_167,4,train,False,False
T10_d17_168_a_4.jpg,T10_168,4,train,False,False
T10_d17_168_b_4.jpg,T10_168,4,train,False,False
T10_d17_172_a_4.jpg,T10_172,4,train,False,False
T10_d17_172_b_4.jpg,T10_172,4,train,False,False
T10_d17_181_a_4.jpg,T10_181,4,train,False,False
T10_d17_181_b_4.jpg,T10_181,4,train,False,False
T10_d17_186_a_4.jpg,T10_186,4,val,False,False
T10_d17_186_b_4.jpg,T10_186,4,val,False,False
T10_d17_193_a_4.jpg,T10_193,4,train,False,False
T10_d17_193_b_4.jpg,T10_193,4,train,False,False
T10_d17_194_a_4.jpg,T10_194,4,train,False,True
T10_d17_194_b_4.jpg,T10_194,4,train,False,False
T10_d17_196_a_4.jpg,T10_196,4,train,False,False
T10_d17_196_b_4.jpg,T10_196,4,train,False,False
T10_d17_202_a_4.jpg,T10_202,4,train,False,False
T10_d17_202_b_4.jpg,T10_202,4,train,False,False
T10_d17_204_a_3.jpg,T10_204,3,train,False,True
T10_d17_204_b_3.jpg,T10_204,3,train,False,False
T10_d17_206_a_3.jpg,T10_206,3,train,False,False
T10_d17_206_b_3.jpg,T10_206,3,train,False,False
T10_d17_211_a_3.jpg,T10_211,3,train,False,False
T10_d17_211_b_3.jpg,T10_211,3,train,False,False
T10_d17_213_a_3.jpg,T10_213,3,train,False,False
T10_d17_213_b_3.jpg,T10_213,3,train,False,False
T10_d17_215_a_3.jpg,T10_215,3,train,False,False
T10_d17_215_b_3.jpg,T10_215,3,train,False,False
T10_d17_217_a_3.jpg,T10_217,3,train,False,False
T10_d17_217_b_3.jpg,T10_217,3,train,False,False
T10_d17_219_a_4.jpg,T10_219,4,test,False,False
T10_d17_219_b_4.jpg,T10_219,4,test,False,False
T10_d17_220_a_3.jpg,T10_220,3,val,False,False
T10_d17_220_b_3.jpg,T10_220,3,val,False,False
T10_d17_221_a_4.jpg,T10_221,4,train,False,False
T10_d17_221_b_4.jpg,T10_221,4,train,False,False
T10_d17_223_a_3.jpg,T10_223,3,train,False,False
T10_d17_223_b_3.jpg,T10_223,3,train,False,False
T10_d17_227_a_5.jpg,T10_227,5,train,False,False
T10_d17_227_b_5.jpg,T10_227,5,train,False,False
T10_d17_229_a_4.jpg,T10_229,4,train,False,False
T10_d17_229_b_4.jpg,T10_229,4,train,False,False
T10_d17_233_a_4.jpg,T10_233,4,train,False,False
T10_d17_233_b_4.jpg,T10_233,4,train,False,False
T10_d17_234_a_4.jpg,T10_234,4,train,False,False
T10_d17_234_b_4.jpg,T10_234,4,train,False,False
T10_d17_236_a_3.jpg,T10_236,3,train,False,False
T10_d17_236_b_3.jpg,T10_236,3,train,False,False
T10_d17_237_a_4.jpg,T10_237,4,train,False,False
T10_d17_237_b_4.jpg,T10_237,4,train,False,False
T10_d17_243_a_4.jpg,T10_243,4,train,False,False
T10_d17_243_b_4.jpg,T10_243,4,train,False,True
T10_d17_245_a_5.jpg,T10_245,5,train,False,False
T10_d17_245_b_5.jpg,T10_245,5,train,False,False
T10_d17_250_a_4.jpg,T10_250,4,train,False,False
T10_d17_250_b_4.jpg,T10_250,4,train,False,True
T10_d17_252_a_3.jpg,T10_252,3,train,False,False
T10_d17_252_b_3.jpg,T10_252,3,train,False,False
T10_d17_253_a_3.jpg,T10_253,3,val,False,False
T10_d17_253_b_3.jpg,T10_253,3,val,False,False
T10_d17_254_a_4.jpg,T10_254,4,val,False,False
T10_d17_254_b_4.jpg,T10_254,4,val,False,False
T10_d17_262_a_3.jpg,T10_262,3,train,False,False
T10_d17_262_b_3.jpg,T10_262,3,train,False,False
T10_d17_269_a_4.jpg,T10_269,4,train,False,False
T10_d17_269_b_4.jpg,T10_269,4,train,False,False
T10_d17_274_a_4.jpg,T10_274,4,train,True,False
T10_d17_274_b_4.jpg,T10_274,4,train,True,False
T10_d17_275_a_4.jpg,T10_275,4,test,False,False
T10_d17_275_b_4.jpg,T10_275,4,test,False,False
T10_d17_276_a_3.jpg,T10_276,3,train,False,False
T10_d17_276_b_3.jpg,T10_276,3,train,False,False
T10_d17_282_a_4.jpg,T10_282,4,train,False,False
T10_d17_282_b_4.jpg,T10_282,4,train,False,False
T10_d17_283_a_5.jpg,T10_283,5,train,False,False
T10_d17_283_b_5.jpg,T10_283,5,train,False,False
T10_d17_284_a_4.jpg,T10_284,4,train,False,False
T10_d17_284_b_4.jpg,T10_284,4,train,False,False
T10_d17_290_a_5.jpg,T10_290,5,train,False,False
T10_d17_290_b_5.jpg,T10_290,5,train,False,False
T10_d17_292_a_3.jpg,T10_292,3,val,False,False
T10_d17_292_b_3.jpg,T10_292,3,val,False,True
T10_d17_294_a_5.jpg,T10_294,5,train,False,False
T10_d17_294_b_5.jpg,T10_294,5,train,False,False
T10_d17_295_a_3.jpg,T10_295,3,train,False,True
T10_d17_295_b_3.jpg,T10_295,3,train,False,False
T10_d17_296_a_3.jpg,T10_296,3,train,False,False
T10_d17_296_b_3.jpg,T10_296,3,train,False,False
T10_d17_306_a_3.jpg,T10_306,3,train,False,True
T10_d17_306_b_3.jpg,T10_306,3,train,False,False
T10_d17_310_a_4.jpg,T10_310,4,val,False,False
T10_d17_310_b_4.jpg,T10_310,4,val,False,False
T10_d17_315_a_3.jpg,T10_315,3,train,False,True
T10_d17_315_b_3.jpg,T10_315,3,train,False,False
T10_d17_326_a_4.jpg,T10_326,4,train,False,False
T10_d17_326_b_4.jpg,T10_326,4,train,False,False
T10_d17_327_a_3.jpg,T10_327,3,train,False,False
T10_d17_327_b_3.jpg,T10_327,3,train,False,False
T10_d17_328_a_3.jpg,T10_328,3,train,False,False
T10_d17_328_b_3.jpg,T10_328,3,train,False,False
T10_d17_330_a_3.jpg,T10_330,3,train,False,False
T10_d17_330_b_3.jpg,T10_330,3,train,False,False
T10_d17_331_a_4.jpg,T10_331,4,test,False,False
T10_d17_331_b_4.jpg,T10_331,4,test,False,False
T10_d17_333_a_3.jpg,T10_333,3,train,False,False
T10_d17_333_b_3.jpg,T10_333,3,train,False,False
T10_d17_336_a_5.jpg,T10_336,5,train,False,False
T10_d17_336_b_5.jpg,T10_336,5,train,False,False
T10_d17_337_a_3.jpg,T10_337,3,train,False,False
T10_d17_337_b_3.jpg,T10_337,3,train,False,False
T10_d17_338_a_4.jpg,T10_338,4,train,False,False
T10_d17_338_b_4.jpg,T10_338,4,train,False,False
T10_d17_349_a_4.jpg,T10_349,4,train,False,False
T10_d17_349_b_4.jpg,T10_349,4,train,False,False
T10_d17_350_a_4.jpg,T10_350,4,train,False,False
T10_d17_350_b_4.jpg,T10_350,4,train,False,True
T10_d17_351_a_3.jpg,T10_351,3,train,False,False
T10_d17_351_b_3.jpg,T10_351,3,train,False,False
T10_d17_353_a_4.jpg,T10_353,4,val,False,False
T10_d17_353_b_4.jpg,T10_353,4,val,False,False
T10_d17_355_a_4.jpg,T10_355,4,train,False,False
T10_d17_355_b_4.jpg,T10_355,4,train,False,False
T10_d17_357_a_4.jpg,T10_357,4,train,False,False
T10_d17_357_b_4.jpg,T10_357,4,train,False,False
T10_d17_366_a_4.jpg,T10_366,4,train,False,False
T10_d17_366_b_4.jpg,T10_366,4,train,False,False
T10_d17_367_a_4.jpg,T10_367,4,train,False,False
T10_d17_367_b_4.jpg,T10_367,4,train,False,False
T10_d17_372_a_3.jpg,T10_372,3,train,False,False
T10_d17_372_b_3.jpg,T10_372,3,train,False,False
T10_d17_375_a_4.jpg,T10_375,4,val,False,False
T10_d17_375_b_4.jpg,T10_375,4,val,False,False
T10_d17_376_a_4.jpg,T10_376,4,train,False,True
T10_d17_376_b_4.jpg,T10_376,4,train,False,False
T10_d17_377_a_4.jpg,T10_377,4,train,False,False
T10_d17_377_b_4.jpg,T10_377,4,train,False,False
T10_d17_381_a_4.jpg,T10_381,4,train,False,False
T10_d17_381_b_4.jpg,T10_381,4,train,False,False
T10_d17_382_a_4.jpg,T10_382,4,train,False,False
T10_d17_382_b_4.jpg,T10_382,4,train,False,False
T10_d17_385_a_4.jpg,T10_385,4,val,False,False
T10_d17_385_b_4.jpg,T10_385,4,val,False,False
T10_d17_387_a_4.jpg,T10_387,4,train,False,False
T10_d17_387_b_4.jpg,T10_387,4,train,False,False
T10_d17_392_a_4.jpg,T10_392,4,test,False,True
T10_d17_392_b_4.jpg,T10_392,4,test,False,True
T10_d17_393_a_4.jpg,T10_393,4,val,False,False
T10_d17_393_b_4.jpg,T10_393,4,val,False,False
T10_d17_395_a_4.jpg,T10_395,4,test,False,False
T10_d17_395_b_4.jpg,T10_395,4,test,False,False
T10_d17_398_a_4.jpg,T10_398,4,val,False,False
T10_d17_398_b_4.jpg,T10_398,4,val,False,False
T10_d17_399_a_5.jpg,T10_399,5,val,False,False
T10_d17_399_b_5.jpg,T10_399,5,val,False,True
T10_d17_400_a_4.jpg,T10_400,4,train,False,True
T10_d17_400_b_4.jpg,T10_400,4,train,False,False
T10_d17_401_a_4.jpg,T10_401,4,train,False,False
T10_d17_401_b_4.jpg,T10_401,4,train,False,False
T10_d17_402_a_4.jpg,T10_402,4,val,False,False
T10_d17_402_b_4.jpg,T10_402,4,val,False,False
T10_d17_405_a_3.jpg,T10_405,3,train,False,False
T10_d17_405_b_3.jpg,T10_405,3,train,False,False
T10_d17_406_a_5.jpg,T10_406,5,val,False,False
T10_d17_406_b_5.jpg,T10_406,5,val,False,False
T10_d17_408_a_4.jpg,T10_408,4,train,False,False
T10_d17_408_b_4.jpg,T10_408,4,train,False,False
T10_d17_410_a_4.jpg,T10_410,4,train,False,False
T10_d17_410_b_4.jpg,T10_410,4,train,False,False
T10_d17_411_a_3.jpg,T10_411,3,val,False,True
T10_d17_411_b_3.jpg,T10_411,3,val,False,False
T10_d17_413_a_4.jpg,T10_413,4,train,False,False
T10_d17_413_b_4.jpg,T10_413,4,train,False,False
T10_d17_414_a_3.jpg,T10_414,3,train,False,True
T10_d17_414_b_3.jpg,T10_414,3,train,False,False
T10_d17_415_a_4.jpg,T10_415,4,train,False,False
T10_d17_415_b_4.jpg,T10_415,4,train,False,False
T10_d17_420_a_3.jpg,T10_420,3,train,False,False
T10_d17_420_b_3.jpg,T10_420,3,train,False,False
T10_d17_422_a_4.jpg,T10_422,4,train,False,False
T10_d17_422_b_4.jpg,T10_422,4,train,False,False
T10_d17_425_a_3.jpg,T10_425,3,train,False,False
T10_d17_425_b_3.jpg,T10_425,3,train,False,False
T10_d17_429_a_4.jpg,T10_429,4,train,False,False
T10_d17_429_b_4.jpg,T10_429,4,train,False,False
T10_d17_430_a_5.jpg,T10_430,5,val,False,False
T10_d17_430_b_5.jpg,T10_430,5,val,False,False
T10_d17_442_a_3.jpg,T10_442,3,train,False,False
T10_d17_442_b_3.jpg,T10_442,3,train,False,False
T10_d17_444_a_4.jpg,T10_444,4,train,False,False
T10_d17_444_b_4.jpg,T10_444,4,train,False,True
T10_d17_445_a_3.jpg,T10_445,3,train,False,False
T10_d17_445_b_3.jpg,T10_445,3,train,False,False
T10_d17_446_a_4.jpg,T10_446,4,train,False,False
T10_d17_446_b_4.jpg,T10_446,4,train,False,False
T10_d17_447_a_4.jpg,T10_447,4,train,False,False
T10_d17_447_b_4.jpg,T10_447,4,train,False,False
T10_d17_448_a_5.jpg,T10_448,5,train,False,False
T10_d17_448_b_5.jpg,T10_448,5,train,False,False
T10_d17_449_a_3.jpg,T10_449,3,train,False,False
T10_d17_449_b_3.jpg,T10_449,3,train,False,True
T10_d17_450_a_4.jpg,T10_450,4,val,False,False
T10_d17_450_b_4.jpg,T10_450,4,val,False,False
T10_d17_451_a_4.jpg,T10_451,4,val,False,False
T10_d17_451_b_4.jpg,T10_451,4,val,False,False
T10_d17_452_a_4.jpg,T10_452,4,val,False,False
T10_d17_452_b_4.jpg,T10_452,4,val,False,False
T10_d17_454_a_4.jpg,T10_454,4,train,False,False
T10_d17_454_b_4.jpg,T10_454,4,train,False,False
T10_d17_458_a_4.jpg,T10_458,4,train,False,False
T10_d17_458_b_4.jpg,T10_458,4,train,False,False
T10_d17_459_a_4.jpg,T10_459,4,train,False,False
T10_d17_459_b_4.jpg,T10_459,4,train,False,False
T10_d17_470_a_4.jpg,T10_470,4,train,False,False
T10_d17_470_b_4.jpg,T10_470,4,train,False,False
T10_d17_471_a_3.jpg,T10_471,3,test,False,False
T10_d17_471_b_3.jpg,T10_471,3,test,False,False
T10_d17_475_a_4.jpg,T10_475,4,train,False,False
T10_d17_475_b_4.jpg,T10_475,4,train,False,False
T10_d17_478_a_3.jpg,T10_478,3,val,False,False
T10_d17_478_b_3.jpg,T10_478,3,val,False,False
T10_d18_002_a_4.jpg,T10_002,4,train,False,False
T10_d18_002_b_4.jpg,T10_002,4,train,False,False
T10_d18_003_a_5.jpg,T10_003,5,train,False,False
T10_d18_003_b_5.jpg,T10_003,5,train,False,False
T10_d18_007_a_4.jpg,T10_007,4,train,False,False
T10_d18_007_b_4.jpg,T10_007,4,train,False,False
T10_d18_011_a_4.jpg,T10_011,4,train,False,False
T10_d18_011_b_4.jpg,T10_011,4,train,False,False
T10_d18_012_a_5.jpg,T10_012,5,val,False,False
T10_d18_012_b_5.jpg,T10_012,5,val,False,False
T10_d18_013_a_3.jpg,T10_013,3,train,False,False
T10_d18_013_b_3.jpg,T10_013,3,train,False,False
T10_d18_014_a_3.jpg,T10_014,3,val,False,False
T10_d18_014_b_3.jpg,T10_014,3,val,False,False
T10_d18_015_a_4.jpg,T10_015,4,test,False,False
T10_d18_015_b_4.jpg,T10_015,4,test,False,False
T10_d18_018_a_5.jpg,T10_018,5,val,False,False
T10_d18_018_b_5.jpg,T10_018,5,val,False,False
T10_d18_021_a_4.jpg,T10_021,4,train,False,False
T10_d18_021_b_4.jpg,T10_021,4,train,False,False
T10_d18_022_a_4.jpg,T10_022,4,train,False,False
T10_d18_022_b_4.jpg,T10_022,4,train,False,False
T10_d18_026_a_4.jpg,T10_026,4,train,False,False
T10_d18_026_b_4.jpg,T10_026,4,train,False,False
T10_d18_027_a_4.jpg,T10_027,4,train,False,False
T10_d18_027_b_4.jpg,T10_027,4,train,False,False
T10_d18_034_a_4.jpg,T10_034,4,train,False,False
T10_d18_034_b_4.jpg,T10_034,4,train,False,False
T10_d18_035_a_5.jpg,T10_035,5,val,False,False
T10_d18_035_b_5.jpg,T10_035,5,val,False,False
T10_d18_041_a_4.jpg,T10_041,4,val,False,False
T10_d18_041_b_4.jpg,T10_041,4,val,False,False
T10_d18_046_a_4.jpg,T10_046,4,train,False,False
T10_d18_046_b_4.jpg,T10_046,4,train,False,False
T10_d18_047_a_3.jpg,T10_047,3,train,False,False
T10_d18_047_b_3.jpg,T10_047,3,train,False,False
T10_d18_048_a_4.jpg,T10_048,4,train,False,False
T10_d18_048_b_4.jpg,T10_048,4,train,False,False
T10_d18_055_a_4.jpg,T10_055,4,train,False,False
T10_d18_055_b_4.jpg,T10_055,4,train,False,False
T10_d18_058_a_4.jpg,T10_058,4,val,False,False
T10_d18_058_b_4.jpg,T10_058,4,val,False,False
T10_d18_061_a_4.jpg,T10_061,4,train,False,False
T10_d18_061_b_4.jpg,T10_061,4,train,False,False
T10_d18_067_a_4.jpg,T10_067,4,train,False,False
T10_d18_067_b_4.jpg,T10_067,4,train,False,False
T10_d18_069_a_5.jpg,T10_069,5,train,False,False
T10_d18_069_b_5.jpg,T10_069,5,train,False,False
T10_d18_072_a_4.jpg,T10_072,4,val,False,False
T10_d18_072_b_4.jpg,T10_072,4,val,False,False
T10_d18_080_a_3.jpg,T10_080,3,val,False,False
T10_d18_080_b_3.jpg,T10_080,3,val,False,False
T10_d18_083_a_4.jpg,T10_083,4,train,False,False
T10_d18_083_b_4.jpg,T10_083,4,train,False,False
T10_d18_087_a_4.jpg,T10_087,4,val,False,True
T10_d18_087_b_4.jpg,T10_087,4,val,False,True
T10_d18_089_a_4.jpg,T10_089,4,train,False,False
T10_d18_089_b_4.jpg,T10_089,4,train,False,False
T10_d18_092_a_4.jpg,T10_092,4,test,False,False
T10_d18_092_b_4.jpg,T10_092,4,test,False,False
T10_d18_093_a_4.jpg,T10_093,4,train,False,False
T10_d18_093_b_4.jpg,T10_093,4,train,False,False
T10_d18_094_a_4.jpg,T10_094,4,train,False,False
T10_d18_094_b_4.jpg,T10_094,4,train,False,False
T10_d18_096_a_3.jpg,T10_096,3,train,False,False
T10_d18_096_b_3.jpg,T10_096,3,train,False,False
T10_d18_097_a_4.jpg,T10_097,4,train,False,True
T10_d18_097_b_4.jpg,T10_097,4,train,False,False
T10_d18_098_a_4.jpg,T10_098,4,train,False,False
T10_d18_098_b_4.jpg,T10_098,4,train,False,False
T10_d18_099_a_4.jpg,T10_099,4,train,False,False
T10_d18_099_b_4.jpg,T10_099,4,train,False,False
T10_d18_108_a_4.jpg,T10_108,4,train,False,False
T10_d18_108_b_4.jpg,T10_108,4,train,False,False
T10_d18_110_a_4.jpg,T10_110,4,train,False,True
T10_d18_110_b_4.jpg,T10_110,4,train,False,False
T10_d18_111_a_4.jpg,T10_111,4,val,False,True
T10_d18_111_b_4.jpg,T10_111,4,val,False,False
T10_d18_113_a_3.jpg,T10_113,3,train,False,False
T10_d18_113_b_3.jpg,T10_113,3,train,False,False
T10_d18_118_a_4.jpg,T10_118,4,train,False,False
T10_d18_118_b_4.jpg,T10_118,4,train,False,False
T10_d18_122_a_4.jpg,T10_122,4,train,False,False
T10_d18_122_b_4.jpg,T10_122,4,train,False,False
T10_d18_125_a_4.jpg,T10_125,4,train,False,False
T10_d18_125_b_4.jpg,T10_125,4,train,False,False
T10_d18_128_a_4.jpg,T10_128,4,train,False,False
T10_d18_128_b_4.jpg,T10_128,4,train,False,False
T10_d18_129_a_4.jpg,T10_129,4,train,False,False
T10_d18_129_b_4.jpg,T10_129,4,train,False,False
T10_d18_130_a_4.jpg,T10_130,4,train,False,False
T10_d18_130_b_4.jpg,T10_130,4,train,False,False
T10_d18_131_a_4.jpg,T10_131,4,train,False,False
T10_d18_131_b_4.jpg,T10_131,4,train,False,False
T10_d18_133_a_4.jpg,T10_133,4,train,False,False
T10_d18_133_b_4.jpg,T10_133,4,train,False,False
T10_d18_136_a_4.jpg,T10_136,4,val,False,False
T10_d18_136_b_4.jpg,T10_136,4,val,False,False
T10_d18_138_a_4.jpg,T10_138,4,train,False,False
T10_d18_138_b_4.jpg,T10_138,4,train,False,False
T10_d18_145_a_3.jpg,T10_145,3,train,False,False
T10_d18_145_b_3.jpg,T10_145,3,train,False,False
T10_d18_149_a_4.jpg,T10_149,4,train,False,False
T10_d18_149_b_4.jpg,T10_149,4,train,False,False
T10_d18_152_a_3.jpg,T10_152,3,train,False,True
T10_d18_152_b_3.jpg,T10_152,3,train,False,False
T10_d18_156_a_4.jpg,T10_156,4,train,False,False
T10_d18_156_b_4.jpg,T10_156,4,train,False,False
T10_d18_165_a_4.jpg,T10_165,4,train,False,False
T10_d18_165_b_4.jpg,T10_165,4,train,False,False
T10_d18_166_a_4.jpg,T10_166,4,train,False,False
T10_d18_166_b_4.jpg,T10_166,4,train,False,False
T10_d18_167_a_4.jpg,T10_167,4,train,False,False
T10_d18_167_b_4.jpg,T10_167,4,train,False,True
T10_d18_168_a_4.jpg,T10_168,4,train,False,False
T10_d18_168_b_4.jpg,T10_168,4,train,False,False
T10_d18_172_a_5.jpg,T10_172,5,train,False,False
T10_d18_172_b_5.jpg,T10_172,5,train,False,False
T10_d18_181_a_4.jpg,T10_181,4,train,False,False
T10_d18_181_b_4.jpg,T10_181,4,train,False,False
T10_d18_186_a_4.jpg,T10_186,4,val,False,False
T10_d18_186_b_4.jpg,T10_186,4,val,False,False
T10_d18_193_a_4.jpg,T10_193,4,train,False,False
T10_d18_193_b_4.jpg,T10_193,4,train,False,False
T10_d18_194_a_4.jpg,T10_194,4,train,False,False
T10_d18_194_b_4.jpg,T10_194,4,train,False,False
T10_d18_196_a_4.jpg,T10_196,4,train,False,False
T10_d18_196_b_4.jpg,T10_196,4,train,False,False
T10_d18_202_a_5.jpg,T10_202,5,train,False,False
T10_d18_202_b_5.jpg,T10_202,5,train,False,False
T10_d18_204_a_4.jpg,T10_204,4,train,False,False
T10_d18_204_b_4.jpg,T10_204,4,train,False,False
T10_d18_206_a_4.jpg,T10_206,4,train,False,False
T10_d18_206_b_4.jpg,T10_206,4,train,False,False
T10_d18_211_a_4.jpg,T10_211,4,train,False,False
T10_d18_211_b_4.jpg,T10_211,4,train,False,False
T10_d18_213_a_4.jpg,T10_213,4,train,False,False
T10_d18_213_b_4.jpg,T10_213,4,train,False,False
T10_d18_217_a_4.jpg,T10_217,4,train,False,False
T10_d18_217_b_4.jpg,T10_217,4,train,False,False
T10_d18_219_a_4.jpg,T10_219,4,test,False,False
T10_d18_219_b_4.jpg,T10_219,4,test,False,False
T10_d18_220_a_4.jpg,T10_220,4,val,False,False
T10_d18_220_b_4.jpg,T10_220,4,val,False,False
T10_d18_221_a_4.jpg,T10_221,4,train,False,False
T10_d18_221_b_4.jpg,T10_221,4,train,False,False
T10_d18_227_a_5.jpg,T10_227,5,train,False,False
T10_d18_227_b_5.jpg,T10_227,5,train,False,False
T10_d18_229_a_4.jpg,T10_229,4,train,False,False
T10_d18_229_b_4.jpg,T10_229,4,train,False,False
T10_d18_233_a_4.jpg,T10_233,4,train,False,False
T10_d18_233_b_4.jpg,T10_233,4,train,False,False
T10_d18_234_a_4.jpg,T10_234,4,train,False,False
T10_d18_234_b_4.jpg,T10_234,4,train,False,False
T10_d18_236_a_3.jpg,T10_236,3,train,False,False
T10_d18_236_b_3.jpg,T10_236,3,train,False,False
T10_d18_237_a_4.jpg,T10_237,4,train,False,False
T10_d18_237_b_4.jpg,T10_237,4,train,False,False
T10_d18_243_a_4.jpg,T10_243,4,train,False,False
T10_d18_243_b_4.jpg,T10_243,4,train,False,False
T10_d18_250_a_4.jpg,T10_250,4,train,False,False
T10_d18_250_b_4.jpg,T10_250,4,train,False,False
T10_d18_252_a_4.jpg,T10_252,4,train,False,False
T10_d18_252_b_4.jpg,T10_252,4,train,False,False
T10_d18_253_a_4.jpg,T10_253,4,val,False,False
T10_d18_253_b_4.jpg,T10_253,4,val,False,True
T10_d18_254_a_4.jpg,T10_254,4,val,False,False
T10_d18_254_b_4.jpg,T10_254,4,val,False,False
T10_d18_262_a_4.jpg,T10_262,4,train,False,False
T10_d18_262_b_4.jpg,T10_262,4,train,False,False
T10_d18_269_a_4.jpg,T10_269,4,train,False,False
T10_d18_269_b_4.jpg,T10_269,4,train,False,False
T10_d18_274_a_4.jpg,T10_274,4,train,True,False
T10_d18_274_b_4.jpg,T10_274,4,train,True,False
T10_d18_275_a_4.jpg,T10_275,4,test,False,False
T10_d18_275_b_4.jpg,T10_275,4,test,False,False
T10_d18_276_a_4.jpg,T10_276,4,train,False,False
T10_d18_276_b_4.jpg,T10_276,4,train,False,False
T10_d18_282_a_4.jpg,T10_282,4,train,False,False
T10_d18_282_b_4.jpg,T10_282,4,train,False,False
T10_d18_283_a_5.jpg,T10_283,5,train,False,False
T10_d18_283_b_5.jpg,T10_283,5,train,False,False
T10_d18_284_a_4.jpg,T10_284,4,train,False,False
T10_d18_284_b_4.jpg,T10_284,4,train,False,False
T10_d18_290_a_5.jpg,T10_290,5,train,False,False
T10_d18_290_b_5.jpg,T10_290,5,train,False,False
T10_d18_292_a_4.jpg,T10_292,4,val,False,True
T10_d18_292_b_4.jpg,T10_292,4,val,False,False
T10_d18_294_a_5.jpg,T10_294,5,train,False,False
T10_d18_294_b_5.jpg,T10_294,5,train,False,True
T10_d18_295_a_4.jpg,T10_295,4,train,False,False
T10_d18_295_b_4.jpg,T10_295,4,train,False,False
T10_d18_296_a_4.jpg,T10_296,4,train,False,False
T10_d18_296_b_4.jpg,T10_296,4,train,False,False
T10_d18_306_a_4.jpg,T10_306,4,train,False,False
T10_d18_306_b_4.jpg,T10_306,4,train,False,False
T10_d18_310_a_4.jpg,T10_310,4,val,False,True
T10_d18_310_b_4.jpg,T10_310,4,val,False,False
T10_d18_315_a_3.jpg,T10_315,3,train,False,False
T10_d18_315_b_3.jpg,T10_315,3,train,False,False
T10_d18_326_a_4.jpg,T10_326,4,train,False,False
T10_d18_326_b_4.jpg,T10_326,4,train,False,False
T10_d18_327_a_4.jpg,T10_327,4,train,False,False
T10_d18_327_b_4.jpg,T10_327,4,train,False,False
T10_d18_328_a_3.jpg,T10_328,3,train,False,False
T10_d18_328_b_3.jpg,T10_328,3,train,False,False
T10_d18_330_a_3.jpg,T10_330,3,train,False,False
T10_d18_330_b_3.jpg,T10_330,3,train,False,False
T10_d18_331_a_4.jpg,T10_331,4,test,False,False
T10_d18_331_b_4.jpg,T10_331,4,test,False,False
T10_d18_333_a_3.jpg,T10_333,3,train,False,False
T10_d18_333_b_3.jpg,T10_333,3,train,False,False
T10_d18_336_a_5.jpg,T10_336,5,train,False,True
T10_d18_336_b_5.jpg,T10_336,5,train,False,False
T10_d18_337_a_4.jpg,T10_337,4,train,False,False
T10_d18_337_b_4.jpg,T10_337,4,train,False,False
T10_d18_338_a_4.jpg,T10_338,4,train,False,False
T10_d18_338_b_4.jpg,T10_338,4,train,False,False
T10_d18_349_a_4.jpg,T10_349,4,train,False,False
T10_d18_349_b_4.jpg,T10_349,4,train,False,False
T10_d18_350_a_4.jpg,T10_350,4,train,False,False
T10_d18_350_b_4.jpg,T10_350,4,train,False,True
T10_d18_351_a_4.jpg,T10_351,4,train,False,False
T10_d18_351_b_4.jpg,T10_351,4,train,False,False
T10_d18_353_a_4.jpg,T10_353,4,val,False,False
T10_d18_353_b_4.jpg,T10_353,4,val,False,False
T10_d18_355_a_4.jpg,T10_355,4,train,False,False
T10_d18_355_b_4.jpg,T10_355,4,train,False,False
T10_d18_357_a_4.jpg,T10_357,4,train,False,False
T10_d18_357_b_4.jpg,T10_357,4,train,False,False
T10_d18_366_a_4.jpg,T10_366,4,train,False,False
T10_d18_366_b_4.jpg,T10_366,4,train,False,False
T10_d18_367_a_4.jpg,T10_367,4,train,False,False
T10_d18_367_b_4.jpg,T10_367,4,train,False,False
T10_d18_372_a_3.jpg,T10_372,3,train,False,False
T10_d18_372_b_3.jpg,T10_372,3,train,False,False
T10_d18_375_a_4.jpg,T10_375,4,val,False,False
T10_d18_375_b_4.jpg,T10_375,4,val,False,False
T10_d18_376_a_4.jpg,T10_376,4,train,False,False
T10_d18_376_b_4.jpg,T10_376,4,train,False,False
T10_d18_377_a_4.jpg,T10_377,4,train,False,False
T10_d18_377_b_4.jpg,T10_377,4,train,False,False
T10_d18_381_a_4.jpg,T10_381,4,train,False,False
T10_d18_381_b_4.jpg,T10_381,4,train,False,False
T10_d18_382_a_4.jpg,T10_382,4,train,False,False
T10_d18_382_b_4.jpg,T10_382,4,train,False,False
T10_d18_385_a_4.jpg,T10_385,4,val,False,False
T10_d18_385_b_4.jpg,T10_385,4,val,False,False
T10_d18_387_a_4.jpg,T10_387,4,train,False,False
T10_d18_387_b_4.jpg,T10_387,4,train,False,False
T10_d18_392_a_4.jpg,T10_392,4,test,False,False
T10_d18_392_b_4.jpg,T10_392,4,test,False,False
T10_d18_393_a_4.jpg,T10_393,4,val,False,False
T10_d18_393_b_4.jpg,T10_393,4,val,False,False
T10_d18_395_a_4.jpg,T10_395,4,test,False,False
T10_d18_395_b_4.jpg,T10_395,4,test,False,False
T10_d18_398_a_4.jpg,T10_398,4,val,False,False
T10_d18_398_b_4.jpg,T10_398,4,val,False,False
T10_d18_399_a_5.jpg,T10_399,5,val,False,False
T10_d18_399_b_5.jpg,T10_399,5,val,False,True
T10_d18_400_a_4.jpg,T10_400,4,train,False,False
T10_d18_400_b_4.jpg,T10_400,4,train,False,False
T10_d18_401_a_4.jpg,T10_401,4,train,False,False
T10_d18_401_b_4.jpg,T10_401,4,train,False,False
T10_d18_402_a_4.jpg,T10_402,4,val,False,False
T10_d18_402_b_4.jpg,T10_402,4,val,False,False
T10_d18_405_a_4.jpg,T10_405,4,train,False,False
T10_d18_405_b_4.jpg,T10_405,4,train,False,False
T10_d18_406_a_5.jpg,T10_406,5,val,False,False
T10_d18_406_b_5.jpg,T10_406,5,val,False,False
T10_d18_408_a_4.jpg,T10_408,4,train,False,False
T10_d18_408_b_4.jpg,T10_408,4,train,False,True
T10_d18_410_a_4.jpg,T10_410,4,train,False,False
T10_d18_410_b_4.jpg,T10_410,4,train,False,False
T10_d18_411_a_3.jpg,T10_411,3,val,False,False
T10_d18_411_b_3.jpg,T10_411,3,val,False,False
T10_d18_413_a_4.jpg,T10_413,4,train,False,False
T10_d18_413_b_4.jpg,T10_413,4,train,False,False
T10_d18_414_a_4.jpg,T10_414,4,train,False,False
T10_d18_414_b_4.jpg,T10_414,4,train,False,False
T10_d18_415_a_4.jpg,T10_415,4,train,False,True
T10_d18_415_b_4.jpg,T10_415,4,train,False,False
T10_d18_420_a_4.jpg,T10_420,4,train,False,False
T10_d18_420_b_4.jpg,T10_420,4,train,False,False
T10_d18_422_a_5.jpg,T10_422,5,train,False,False
T10_d18_422_b_5.jpg,T10_422,5,train,False,False
T10_d18_425_a_4.jpg,T10_425,4,train,False,False
T10_d18_425_b_4.jpg,T10_425,4,train,False,False
T10_d18_429_a_4.jpg,T10_429,4,train,False,False
T10_d18_429_b_4.jpg,T10_429,4,train,False,False
T10_d18_430_a_5.jpg,T10_430,5,val,False,False
T10_d18_430_b_5.jpg,T10_430,5,val,False,False
T10_d18_442_a_4.jpg,T10_442,4,train,False,False
T10_d18_442_b_4.jpg,T10_442,4,train,False,False
T10_d18_444_a_4.jpg,T10_444,4,train,False,False
T10_d18_444_b_4.jpg,T10_444,4,train,False,True
T10_d18_445_a_4.jpg,T10_445,4,train,False,False
T10_d18_445_b_4.jpg,T10_445,4,train,False,False
T10_d18_446_a_4.jpg,T10_446,4,train,False,False
T10_d18_446_b_4.jpg,T10_446,4,train,False,False
T10_d18_447_a_4.jpg,T10_447,4,train,False,False
T10_d18_447_b_4.jpg,T10_447,4,train,False,False
T10_d18_448_a_5.jpg,T10_448,5,train,False,False
T10_d18_448_b_5.jpg,T10_448,5,train,False,False
T10_d18_449_a_4.jpg,T10_449,4,train,False,False
T10_d18_449_b_4.jpg,T10_449,4,train,False,False
T10_d18_450_a_4.jpg,T10_450,4,val,False,False
T10_d18_450_b_4.jpg,T10_450,4,val,False,True
T10_d18_451_a_4.jpg,T10_451,4,val,False,False
T10_d18_451_b_4.jpg,T10_451,4,val,False,True
T10_d18_452_a_4.jpg,T10_452,4,val,False,True
T10_d18_452_b_4.jpg,T10_452,4,val,False,False
T10_d18_454_a_4.jpg,T10_454,4,train,False,False
T10_d18_454_b_4.jpg,T10_454,4,train,False,False
T10_d18_458_a_4.jpg,T10_458,4,train,False,False
T10_d18_458_b_4.jpg,T10_458,4,train,False,False
T10_d18_459_a_4.jpg,T10_459,4,train,False,False
T10_d18_459_b_4.jpg,T10_459,4,train,False,False
T10_d18_470_a_4.jpg,T10_470,4,train,False,True
T10_d18_470_b_4.jpg,T10_470,4,train,False,False
T10_d18_471_a_4.jpg,T10_471,4,test,False,False
T10_d18_471_b_4.jpg,T10_471,4,test,False,False
T10_d18_475_a_4.jpg,T10_475,4,train,False,False
T10_d18_475_b_4.jpg,T10_475,4,train,False,False
T10_d18_478_a_4.jpg,T10_478,4,val,False,False
T10_d18_478_b_4.jpg,T10_478,4,val,False,False
T10_d19_002_a_5.jpg,T10_002,5,train,False,False
T10_d19_002_b_5.jpg,T10_002,5,train,False,False
T10_d19_003_a_5.jpg,T10_003,5,train,False,True
T10_d19_003_b_5.jpg,T10_003,5,train,False,False
T10_d19_007_a_5.jpg,T10_007,5,train,False,False
T10_d19_007_b_5.jpg,T10_007,5,train,False,False
T10_d19_011_a_4.jpg,T10_011,4,train,False,False
T10_d19_011_b_4.jpg,T10_011,4,train,False,False
T10_d19_012_a_5.jpg,T10_012,5,val,False,False
T10_d19_012_b_5.jpg,T10_012,5,val,False,True
T10_d19_013_a_4.jpg,T10_013,4,train,False,False
T10_d19_013_b_4.jpg,T10_013,4,train,False,False
T10_d19_014_a_4.jpg,T10_014,4,val,False,False
T10_d19_014_b_4.jpg,T10_014,4,val,False,False
T10_d19_015_a_4.jpg,T10_015,4,test,False,False
T10_d19_015_b_4.jpg,T10_015,4,test,False,False
T10_d19_018_a_5.jpg,T10_018,5,val,False,False
T10_d19_018_b_5.jpg,T10_018,5,val,False,False
T10_d19_021_a_4.jpg,T10_021,4,train,False,False
T10_d19_021_b_4.jpg,T10_021,4,train,False,False
T10_d19_022_a_4.jpg,T10_022,4,train,False,True
T10_d19_022_b_4.jpg,T10_022,4,train,False,False
T10_d19_026_a_5.jpg,T10_026,5,train,False,False
T10_d19_026_b_5.jpg,T10_026,5,train,False,False
T10_d19_027_a_4.jpg,T10_027,4,train,False,False
T10_d19_027_b_4.jpg,T10_027,4,train,False,False
T10_d19_034_a_4.jpg,T10_034,4,train,False,False
T10_d19_034_b_4.jpg,T10_034,4,train,False,False
T10_d19_035_a_5.jpg,T10_035,5,val,False,False
T10_d19_035_b_5.jpg,T10_035,5,val,False,False
T10_d19_041_a_4.jpg,T10_041,4,val,False,False
T10_d19_041_b_4.jpg,T10_041,4,val,False,False
T10_d19_046_a_4.jpg,T10_046,4,train,False,False
T10_d19_046_b_4.jpg,T10_046,4,train,False,False
T10_d19_047_a_3.jpg,T10_047,3,train,False,False
T10_d19_047_b_3.jpg,T10_047,3,train,False,True
T10_d19_048_a_4.jpg,T10_048,4,train,False,False
T10_d19_048_b_4.jpg,T10_048,4,train,False,True
T10_d19_055_a_4.jpg,T10_055,4,train,False,False
T10_d19_055_b_4.jpg,T10_055,4,train,False,False
T10_d19_058_a_5.jpg,T10_058,5,val,False,False
T10_d19_058_b_5.jpg,T10_058,5,val,False,True
T10_d19_061_a_4.jpg,T10_061,4,train,False,False
T10_d19_061_b_4.jpg,T10_061,4,train,False,False
T10_d19_067_a_4.jpg,T10_067,4,train,False,False
T10_d19_067_b_4.jpg,T10_067,4,train,False,False
T10_d19_069_a_5.jpg,T10_069,5,train,False,False
T10_d19_069_b_5.jpg,T10_069,5,train,False,False
T10_d19_072_a_5.jpg,T10_072,5,val,False,False
T10_d19_072_b_5.jpg,T10_072,5,val,False,True
T10_d19_080_a_4.jpg,T10_080,4,val,False,False
T10_d19_080_b_4.jpg,T10_080,4,val,False,False
T10_d19_083_a_4.jpg,T10_083,4,train,False,False
T10_d19_083_b_4.jpg,T10_083,4,train,False,False
T10_d19_087_a_4.jpg,T10_087,4,val,False,False
T10_d19_087_b_4.jpg,T10_087,4,val,False,False
T10_d19_089_a_4.jpg,T10_089,4,train,False,False
T10_d19_089_b_4.jpg,T10_089,4,train,False,False
T10_d19_092_a_4.jpg,T10_092,4,test,False,False
T10_d19_092_b_4.jpg,T10_092,4,test,False,False
T10_d19_093_a_4.jpg,T10_093,4,train,False,False
T10_d19_093_b_4.jpg,T10_093,4,train,False,True
T10_d19_094_a_5.jpg,T10_094,5,train,False,False
T10_d19_094_b_5.jpg,T10_094,5,train,False,True
T10_d19_096_a_4.jpg,T10_096,4,train,False,False
T10_d19_096_b_4.jpg,T10_096,4,train,False,False
T10_d19_097_a_4.jpg,T10_097,4,train,False,False
T10_d19_097_b_4.jpg,T10_097,4,train,False,False
T10_d19_098_a_4.jpg,T10_098,4,train,False,False
T10_d19_098_b_4.jpg,T10_098,4,train,False,False
T10_d19_099_a_4.jpg,T10_099,4,train,False,False
T10_d19_099_b_4.jpg,T10_099,4,train,False,False
T10_d19_108_a_4.jpg,T10_108,4,train,False,False
T10_d19_108_b_4.jpg,T10_108,4,train,False,False
T10_d19_110_a_4.jpg,T10_110,4,train,False,False
T10_d19_110_b_4.jpg,T10_110,4,train,False,False
T10_d19_111_a_4.jpg,T10_111,4,val,False,False
T10_d19_111_b_4.jpg,T10_111,4,val,False,False
T10_d19_113_a_4.jpg,T10_113,4,train,False,True
T10_d19_113_b_4.jpg,T10_113,4,train,False,False
T10_d19_118_a_4.jpg,T10_118,4,train,False,False
T10_d19_118_b_4.jpg,T10_118,4,train,False,False
T10_d19_122_a_4.jpg,T10_122,4,train,False,False
T10_d19_122_b_4.jpg,T10_122,4,train,False,False
T10_d19_125_a_4.jpg,T10_125,4,train,False,False
T10_d19_125_b_4.jpg,T10_125,4,train,False,False
T10_d19_128_a_4.jpg,T10_128,4,train,False,False
T10_d19_128_b_4.jpg,T10_128,4,train,False,False
T10_d19_129_a_4.jpg,T10_129,4,train,False,False
T10_d19_129_b_4.jpg,T10_129,4,train,False,False
T10_d19_130_a_4.jpg,T10_130,4,train,False,False
T10_d19_130_b_4.jpg,T10_130,4,train,False,False
T10_d19_131_a_4.jpg,T10_131,4,train,False,False
T10_d19_131_b_4.jpg,T10_131,4,train,False,False
T10_d19_133_a_4.jpg,T10_133,4,train,False,False
T10_d19_133_b_4.jpg,T10_133,4,train,False,False
T10_d19_136_a_4.jpg,T10_136,4,val,False,False
T10_d19_136_b_4.jpg,T10_136,4,val,False,False
T10_d19_138_a_4.jpg,T10_138,4,train,False,False
T10_d19_138_b_4.jpg,T10_138,4,train,False,True
T10_d19_145_a_4.jpg,T10_145,4,train,False,False
T10_d19_145_b_4.jpg,T10_145,4,train,False,False
T10_d19_149_a_4.jpg,T10_149,4,train,False,False
T10_d19_149_b_4.jpg,T10_149,4,train,False,False
T10_d19_152_a_4.jpg,T10_152,4,train,False,False
T10_d19_152_b_4.jpg,T10_152,4,train,False,False
T10_d19_156_a_4.jpg,T10_156,4,train,False,False
T10_d19_156_b_4.jpg,T10_156,4,train,False,False
T10_d19_165_a_4.jpg,T10_165,4,train,False,False
T10_d19_165_b_4.jpg,T10_165,4,train,False,False
T10_d19_166_a_4.jpg,T10_166,4,train,False,False
T10_d19_166_b_4.jpg,T10_166,4,train,False,False
T10_d19_167_a_4.jpg,T10_167,4,train,False,False
T10_d19_167_b_4.jpg,T10_167,4,train,False,False
T10_d19_168_a_4.jpg,T10_168,4,train,False,False
T10_d19_168_b_4.jpg,T10_168,4,train,False,False
T10_d19_172_a_5.jpg,T10_172,5,train,False,True
T10_d19_172_b_5.jpg,T10_172,5,train,False,False
T10_d19_181_a_4.jpg,T10_181,4,train,False,False
T10_d19_181_b_4.jpg,T10_181,4,train,False,False
T10_d19_186_a_4.jpg,T10_186,4,val,False,False
T10_d19_186_b_4.jpg,T10_186,4,val,False,False
T10_d19_193_a_4.jpg,T10_193,4,train,False,False
T10_d19_193_b_4.jpg,T10_193,4,train,False,False
T10_d19_194_a_4.jpg,T10_194,4,train,False,False
T10_d19_194_b_4.jpg,T10_194,4,train,False,True
T10_d19_196_a_4.jpg,T10_196,4,train,False,False
T10_d19_196_b_4.jpg,T10_196,4,train,False,False
T10_d19_202_a_5.jpg,T10_202,5,train,False,False
T10_d19_202_b_5.jpg,T10_202,5,train,False,False
T10_d19_204_a_4.jpg,T10_204,4,train,False,False
T10_d19_204_b_4.jpg,T10_204,4,train,False,False
T10_d19_206_a_4.jpg,T10_206,4,train,False,False
T10_d19_206_b_4.jpg,T10_206,4,train,False,False
T10_d19_211_a_4.jpg,T10_211,4,train,False,False
T10_d19_211_b_4.jpg,T10_211,4,train,False,False
T10_d19_213_a_4.jpg,T10_213,4,train,False,False
T10_d19_213_b_4.jpg,T10_213,4,train,False,False
T10_d19_217_a_4.jpg,T10_217,4,train,False,False
T10_d19_217_b_4.jpg,T10_217,4,train,False,True
T10_d19_219_a_4.jpg,T10_219,4,test,False,False
T10_d19_219_b_4.jpg,T10_219,4,test,False,False
T10_d19_220_a_4.jpg,T10_220,4,val,False,False
T10_d19_220_b_4.jpg,T10_220,4,val,False,False
T10_d19_221_a_4.jpg,T10_221,4,train,False,False
T10_d19_221_b_4.jpg,T10_221,4,train,False,False
T10_d19_227_a_5.jpg,T10_227,5,train,False,False
T10_d19_227_b_5.jpg,T10_227,5,train,False,False
T10_d19_229_a_4.jpg,T10_229,4,train,False,False
T10_d19_229_b_4.jpg,T10_229,4,train,False,False
T10_d19_233_a_5.jpg,T10_233,5,train,False,False
T10_d19_233_b_5.jpg,T10_233,5,train,False,True
T10_d19_234_a_4.jpg,T10_234,4,train,False,False
T10_d19_234_b_4.jpg,T10_234,4,train,False,False
T10_d19_236_a_4.jpg,T10_236,4,train,False,False
T10_d19_236_b_4.jpg,T10_236,4,train,False,False
T10_d19_237_a_5.jpg,T10_237,5,train,False,False
T10_d19_237_b_5.jpg,T10_237,5,train,False,False
T10_d19_243_a_4.jpg,T10_243,4,train,False,False
T10_d19_243_b_4.jpg,T10_243,4,train,False,True
T10_d19_250_a_4.jpg,T10_250,4,train,False,False
T10_d19_250_b_4.jpg,T10_250,4,train,False,False
T10_d19_252_a_4.jpg,T10_252,4,train,False,False
T10_d19_252_b_4.jpg,T10_252,4,train,False,False
T10_d19_253_a_4.jpg,T10_253,4,val,False,False
T10_d19_253_b_4.jpg,T10_253,4,val,False,False
T10_d19_254_a_5.jpg,T10_254,5,val,False,False
T10_d19_254_b_5.jpg,T10_254,5,val,False,False
T10_d19_262_a_4.jpg,T10_262,4,train,False,False
T10_d19_262_b_4.jpg,T10_262,4,train,False,False
T10_d19_269_a_4.jpg,T10_269,4,train,False,False
T10_d19_269_b_4.jpg,T10_269,4,train,False,False
T10_d19_274_a_4.jpg,T10_274,4,train,True,False
T10_d19_274_b_4.jpg,T10_274,4,train,True,False
T10_d19_275_a_4.jpg,T10_275,4,test,False,False
T10_d19_275_b_4.jpg,T10_275,4,test,False,False
T10_d19_276_a_4.jpg,T10_276,4,train,False,False
T10_d19_276_b_4.jpg,T10_276,4,train,False,False
T10_d19_282_a_4.jpg,T10_282,4,train,False,False
T10_d19_282_b_4.jpg,T10_282,4,train,False,True
T10_d19_283_a_5.jpg,T10_283,5,train,False,False
T10_d19_283_b_5.jpg,T10_283,5,train,False,False
T10_d19_284_a_4.jpg,T10_284,4,train,False,False
T10_d19_284_b_4.jpg,T10_284,4,train,False,False
T10_d19_290_a_5.jpg,T10_290,5,train,False,False
T10_d19_290_b_5.jpg,T10_290,5,train,False,False
T10_d19_292_a_4.jpg,T10_292,4,val,False,False
T10_d19_292_b_4.jpg,T10_292,4,val,False,False
T10_d19_294_a_5.jpg,T10_294,5,train,False,True
T10_d19_294_b_5.jpg,T10_294,5,train,False,False
T10_d19_295_a_4.jpg,T10_295,4,train,False,True
T10_d19_295_b_4.jpg,T10_295,4,train,False,False
T10_d19_296_a_4.jpg,T10_296,4,train,False,False
T10_d19_296_b_4.jpg,T10_296,4,train,False,False
T10_d19_306_a_4.jpg,T10_306,4,train,False,False
T10_d19_306_b_4.jpg,T10_306,4,train,False,False
T10_d19_310_a_4.jpg,T10_310,4,val,False,False
T10_d19_310_b_4.jpg,T10_310,4,val,False,False
T10_d19_315_a_4.jpg,T10_315,4,train,False,True
T10_d19_315_b_4.jpg,T10_315,4,train,False,False
T10_d19_326_a_4.jpg,T10_326,4,train,False,False
T10_d19_326_b_4.jpg,T10_326,4,train,False,False
T10_d19_327_a_4.jpg,T10_327,4,train,False,False
T10_d19_327_b_4.jpg,T10_327,4,train,False,False
T10_d19_328_a_4.jpg,T10_328,4,train,False,False
T10_d19_328_b_4.jpg,T10_328,4,train,False,False
T10_d19_330_a_4.jpg,T10_330,4,train,False,False
T10_d19_330_b_4.jpg,T10_330,4,train,False,False
T10_d19_331_a_4.jpg,T10_331,4,test,False,False
T10_d19_331_b_4.jpg,T10_331,4,test,False,False
T10_d19_333_a_4.jpg,T10_333,4,train,False,False
T10_d19_333_b_4.jpg,T10_333,4,train,False,False
T10_d19_336_a_5.jpg,T10_336,5,train,False,False
T10_d19_336_b_5.jpg,T10_336,5,train,False,False
T10_d19_337_a_4.jpg,T10_337,4,train,False,False
T10_d19_337_b_4.jpg,T10_337,4,train,False,False
T10_d19_338_a_4.jpg,T10_338,4,train,False,False
T10_d19_338_b_4.jpg,T10_338,4,train,False,False
T10_d19_349_a_4.jpg,T10_349,4,train,False,False
T10_d19_349_b_4.jpg,T10_349,4,train,False,False
T10_d19_350_a_4.jpg,T10_350,4,train,False,True
T10_d19_350_b_4.jpg,T10_350,4,train,False,False
T10_d19_351_a_4.jpg,T10_351,4,train,False,False
T10_d19_351_b_4.jpg,T10_351,4,train,False,False
T10_d19_353_a_4.jpg,T10_353,4,val,False,False
T10_d19_353_b_4.jpg,T10_353,4,val,False,False
T10_d19_355_a_4.jpg,T10_355,4,train,False,False
T10_d19_355_b_4.jpg,T10_355,4,train,False,True
T10_d19_357_a_4.jpg,T10_357,4,train,False,False
T10_d19_357_b_4.jpg,T10_357,4,train,False,False
T10_d19_366_a_4.jpg,T10_366,4,train,False,True
T10_d19_366_b_4.jpg,T10_366,4,train,False,False
T10_d19_367_a_4.jpg,T10_367,4,train,False,False
T10_d19_367_b_4.jpg,T10_367,4,train,False,False
T10_d19_372_a_4.jpg,T10_372,4,train,False,False
T10_d19_372_b_4.jpg,T10_372,4,train,False,False
T10_d19_375_a_4.jpg,T10_375,4,val,False,False
T10_d19_375_b_4.jpg,T10_375,4,val,False,False
T10_d19_376_a_4.jpg,T10_376,4,train,False,False
T10_d19_376_b_4.jpg,T10_376,4,train,False,False
T10_d19_377_a_4.jpg,T10_377,4,train,False,True
T10_d19_377_b_4.jpg,T10_377,4,train,False,False
T10_d19_381_a_4.jpg,T10_381,4,train,False,False
T10_d19_381_b_4.jpg,T10_381,4,train,False,False
T10_d19_382_a_4.jpg,T10_382,4,train,False,False
T10_d19_382_b_4.jpg,T10_382,4,train,False,False
T10_d19_385_a_4.jpg,T10_385,4,val,False,False
T10_d19_385_b_4.jpg,T10_385,4,val,False,False
T10_d19_387_a_4.jpg,T10_387,4,train,False,True
T10_d19_387_b_4.jpg,T10_387,4,train,False,False
T10_d19_392_a_4.jpg,T10_392,4,test,False,False
T10_d19_392_b_4.jpg,T10_392,4,test,False,False
T10_d19_393_a_4.jpg,T10_393,4,val,False,False
T10_d19_393_b_4.jpg,T10_393,4,val,False,False
T10_d19_395_a_4.jpg,T10_395,4,test,False,False
T10_d19_395_b_4.jpg,T10_395,4,test,False,False
T10_d19_398_a_4.jpg,T10_398,4,val,False,False
T10_d19_398_b_4.jpg,T10_398,4,val,False,False
T10_d19_399_a_5.jpg,T10_399,5,val,False,False
T10_d19_399_b_5.jpg,T10_399,5,val,False,False
T10_d19_400_a_4.jpg,T10_400,4,train,False,False
T10_d19_400_b_4.jpg,T10_400,4,train,False,False
T10_d19_401_a_4.jpg,T10_401,4,train,False,True
T10_d19_401_b_4.jpg,T10_401,4,train,False,False
T10_d19_402_a_4.jpg,T10_402,4,val,False,False
T10_d19_402_b_4.jpg,T10_402,4,val,False,False
T10_d19_405_a_4.jpg,T10_405,4,train,False,False
T10_d19_405_b_4.jpg,T10_405,4,train,False,False
T10_d19_406_a_5.jpg,T10_406,5,val,False,False
T10_d19_406_b_5.jpg,T10_406,5,val,False,False
T10_d19_408_a_4.jpg,T10_408,4,train,False,False
T10_d19_408_b_4.jpg,T10_408,4,train,False,False
T10_d19_410_a_4.jpg,T10_410,4,train,False,False
T10_d19_410_b_4.jpg,T10_410,4,train,False,False
T10_d19_411_a_4.jpg,T10_411,4,val,False,False
T10_d19_411_b_4.jpg,T10_411,4,val,False,False
T10_d19_413_a_4.jpg,T10_413,4,train,False,True
T10_d19_413_b_4.jpg,T10_413,4,train,False,True
T10_d19_414_a_4.jpg,T10_414,4,train,False,False
T10_d19_414_b_4.jpg,T10_414,4,train,False,False
T10_d19_415_a_4.jpg,T10_415,4,train,False,False
T10_d19_415_b_4.jpg,T10_415,4,train,False,False
T10_d19_420_a_4.jpg,T10_420,4,train,False,True
T10_d19_420_b_4.jpg,T10_420,4,train,False,True
T10_d19_422_a_5.jpg,T10_422,5,train,False,False
T10_d19_422_b_5.jpg,T10_422,5,train,False,False
T10_d19_425_a_4.jpg,T10_425,4,train,False,False
T10_d19_425_b_4.jpg,T10_425,4,train,False,False
T10_d19_429_a_4.jpg,T10_429,4,train,False,False
T10_d19_429_b_4.jpg,T10_429,4,train,False,False
T10_d19_430_a_5.jpg,T10_430,5,val,False,False
T10_d19_430_b_5.jpg,T10_430,5,val,False,False
T10_d19_442_a_4.jpg,T10_442,4,train,False,False
T10_d19_442_b_4.jpg,T10_442,4,train,False,False
T10_d19_444_a_4.jpg,T10_444,4,train,False,False
T10_d19_444_b_4.jpg,T10_444,4,train,False,False
T10_d19_445_a_4.jpg,T10_445,4,train,False,False
T10_d19_445_b_4.jpg,T10_445,4,train,False,False
T10_d19_446_a_4.jpg,T10_446,4,train,False,False
T10_d19_446_b_4.jpg,T10_446,4,train,False,False
T10_d19_447_a_4.jpg,T10_447,4,train,False,False
T10_d19_447_b_4.jpg,T10_447,4,train,False,False
T10_d19_448_a_5.jpg,T10_448,5,train,False,False
T10_d19_448_b_5.jpg,T10_448,5,train,False,False
T10_d19_449_a_4.jpg,T10_449,4,train,False,True
T10_d19_449_b_4.jpg,T10_449,4,train,False,False
T10_d19_450_a_4.jpg,T10_450,4,val,False,False
T10_d19_450_b_4.jpg,T10_450,4,val,False,False
T10_d19_451_a_4.jpg,T10_451,4,val,False,False
T10_d19_451_b_4.jpg,T10_451,4,val,False,False
T10_d19_452_a_4.jpg,T10_452,4,val,False,False
T10_d19_452_b_4.jpg,T10_452,4,val,False,False
T10_d19_454_a_4.jpg,T10_454,4,train,False,False
T10_d19_454_b_4.jpg,T10_454,4,train,False,False
T10_d19_458_a_4.jpg,T10_458,4,train,False,False
T10_d19_458_b_4.jpg,T10_458,4,train,False,False
T10_d19_459_a_4.jpg,T10_459,4,train,False,False
T10_d19_459_b_4.jpg,T10_459,4,train,False,True
T10_d19_470_a_4.jpg,T10_470,4,train,False,False
T10_d19_470_b_4.jpg,T10_470,4,train,False,False
T10_d19_471_a_4.jpg,T10_471,4,test,False,False
T10_d19_471_b_4.jpg,T10_471,4,test,False,False
T10_d19_475_a_4.jpg,T10_475,4,train,False,False
T10_d19_475_b_4.jpg,T10_475,4,train,False,False
T10_d19_478_a_4.jpg,T10_478,4,val,False,False
T10_d19_478_b_4.jpg,T10_478,4,val,False,False
T10_d20_002_a_5.jpg,T10_002,5,train,False,False
T10_d20_002_b_5.jpg,T10_002,5,train,False,True
T10_d20_003_a_5.jpg,T10_003,5,train,False,False
T10_d20_003_b_5.jpg,T10_003,5,train,False,False
T10_d20_007_a_5.jpg,T10_007,5,train,False,False
T10_d20_007_b_5.jpg,T10_007,5,train,False,False
T10_d20_011_a_4.jpg,T10_011,4,train,False,False
T10_d20_011_b_4.jpg,T10_011,4,train,False,False
T10_d20_012_a_5.jpg,T10_012,5,val,False,False
T10_d20_012_b_5.jpg,T10_012,5,val,False,False
T10_d20_013_a_4.jpg,T10_013,4,train,False,False
T10_d20_013_b_4.jpg,T10_013,4,train,False,False
T10_d20_014_a_4.jpg,T10_014,4,val,False,False
T10_d20_014_b_4.jpg,T10_014,4,val,False,False
T10_d20_015_a_4.jpg,T10_015,4,test,False,False
T10_d20_015_b_4.jpg,T10_015,4,test,False,False
T10_d20_018_a_5.jpg,T10_018,5,val,False,False
T10_d20_018_b_5.jpg,T10_018,5,val,False,False
T10_d20_021_a_4.jpg,T10_021,4,train,False,False
T10_d20_021_b_4.jpg,T10_021,4,train,False,True
T10_d20_022_a_4.jpg,T10_022,4,train,False,False
T10_d20_022_b_4.jpg,T10_022,4,train,False,False
T10_d20_026_a_5.jpg,T10_026,5,train,False,True
T10_d20_026_b_5.jpg,T10_026,5,train,False,False
T10_d20_027_a_4.jpg,T10_027,4,train,False,False
T10_d20_027_b_4.jpg,T10_027,4,train,False,False
T10_d20_034_a_4.jpg,T10_034,4,train,False,False
T10_d20_034_b_4.jpg,T10_034,4,train,False,False
T10_d20_035_a_5.jpg,T10_035,5,val,False,True
T10_d20_035_b_5.jpg,T10_035,5,val,False,False
T10_d20_041_a_5.jpg,T10_041,5,val,False,False
T10_d20_041_b_5.jpg,T10_041,5,val,False,False
T10_d20_046_a_4.jpg,T10_046,4,train,False,False
T10_d20_046_b_4.jpg,T10_046,4,train,False,False
T10_d20_047_a_4.jpg,T10_047,4,train,False,False
T10_d20_047_b_4.jpg,T10_047,4,train,False,False
T10_d20_048_a_4.jpg,T10_048,4,train,False,False
T10_d20_048_b_4.jpg,T10_048,4,train,False,False
T10_d20_055_a_4.jpg,T10_055,4,train,False,False
T10_d20_055_b_4.jpg,T10_055,4,train,False,False
T10_d20_058_a_5.jpg,T10_058,5,val,False,False
T10_d20_058_b_5.jpg,T10_058,5,val,False,True
T10_d20_061_a_4.jpg,T10_061,4,train,False,False
T10_d20_061_b_4.jpg,T10_061,4,train,False,False
T10_d20_067_a_4.jpg,T10_067,4,train,False,False
T10_d20_067_b_4.jpg,T10_067,4,train,False,False
T10_d20_069_a_5.jpg,T10_069,5,train,False,False
T10_d20_069_b_5.jpg,T10_069,5,train,False,False
T10_d20_072_a_5.jpg,T10_072,5,val,False,False
T10_d20_072_b_5.jpg,T10_072,5,val,False,False
T10_d20_080_a_4.jpg,T10_080,4,val,False,False
T10_d20_080_b_4.jpg,T10_080,4,val,False,False
T10_d20_083_a_4.jpg,T10_083,4,train,False,True
T10_d20_083_b_4.jpg,T10_083,4,train,False,False
T10_d20_087_a_4.jpg,T10_087,4,val,False,False
T10_d20_087_b_4.jpg,T10_087,4,val,False,False
T10_d20_089_a_5.jpg,T10_089,5,train,False,False
T10_d20_089_b_5.jpg,T10_089,5,train,False,False
T10_d20_092_a_4.jpg,T10_092,4,test,False,False
T10_d20_092_b_4.jpg,T10_092,4,test,False,False
T10_d20_093_a_4.jpg,T10_093,4,train,False,False
T10_d20_093_b_4.jpg,T10_093,4,train,False,False
T10_d20_094_a_5.jpg,T10_094,5,train,False,False
T10_d20_094_b_5.jpg,T10_094,5,train,False,False
T10_d20_096_a_4.jpg,T10_096,4,train,False,False
T10_d20_096_b_4.jpg,T10_096,4,train,False,False
T10_d20_097_a_4.jpg,T10_097,4,train,False,False
T10_d20_097_b_4.jpg,T10_097,4,train,False,False
T10_d20_098_a_5.jpg,T10_098,5,train,False,False
T10_d20_098_b_5.jpg,T10_098,5,train,False,False
T10_d20_099_a_4.jpg,T10_099,4,train,False,False
T10_d20_099_b_4.jpg,T10_099,4,train,False,True
T10_d20_108_a_4.jpg,T10_108,4,train,False,False
T10_d20_108_b_4.jpg,T10_108,4,train,False,False
T10_d20_110_a_4.jpg,T10_110,4,train,False,False
T10_d20_110_b_4.jpg,T10_110,4,train,False,False
T10_d20_111_a_4.jpg,T10_111,4,val,False,False
T10_d20_111_b_4.jpg,T10_111,4,val,False,False
T10_d20_113_a_4.jpg,T10_113,4,train,False,False
T10_d20_113_b_4.jpg,T10_113,4,train,False,False
T10_d20_118_a_4.jpg,T10_118,4,train,False,False
T10_d20_118_b_4.jpg,T10_118,4,train,False,False
T10_d20_122_a_4.jpg,T10_122,4,train,False,False
T10_d20_122_b_4.jpg,T10_122,4,train,False,False
T10_d20_125_a_4.jpg,T10_125,4,train,False,True
T10_d20_125_b_4.jpg,T10_125,4,train,False,False
T10_d20_128_a_5.jpg,T10_128,5,train,False,True
T10_d20_128_b_5.jpg,T10_128,5,train,False,False
T10_d20_129_a_4.jpg,T10_129,4,train,False,False
T10_d20_129_b_4.jpg,T10_129,4,train,False,False
T10_d20_130_a_4.jpg,T10_130,4,train,False,False
T10_d20_130_b_4.jpg,T10_130,4,train,False,False
T10_d20_131_a_4.jpg,T10_131,4,train,False,False
T10_d20_131_b_4.jpg,T10_131,4,train,False,False
T10_d20_133_a_5.jpg,T10_133,5,train,False,False
T10_d20_133_b_5.jpg,T10_133,5,train,False,False
T10_d20_136_a_4.jpg,T10_136,4,val,False,False
T10_d20_136_b_4.jpg,T10_136,4,val,False,False
T10_d20_138_a_4.jpg,T10_138,4,train,False,False
T10_d20_138_b_4.jpg,T10_138,4,train,False,False
T10_d20_145_a_4.jpg,T10_145,4,train,False,False
T10_d20_145_b_4.jpg,T10_145,4,train,False,False
T10_d20_149_a_4.jpg,T10_149,4,train,False,False
T10_d20_149_b_4.jpg,T10_149,4,train,False,False
T10_d20_152_a_4.jpg,T10_152,4,train,False,False
T10_d20_152_b_4.jpg,T10_152,4,train,False,False
T10_d20_156_a_4.jpg,T10_156,4,train,False,False
T10_d20_156_b_4.jpg,T10_156,4,train,False,False
T10_d20_165_a_4.jpg,T10_165,4,train,False,False
T10_d20_165_b_4.jpg,T10_165,4,train,False,False
T10_d20_166_a_4.jpg,T10_166,4,train,False,False
T10_d20_166_b_4.jpg,T10_166,4,train,False,False
T10_d20_167_a_4.jpg,T10_167,4,train,False,False
T10_d20_167_b_4.jpg,T10_167,4,train,False,False
T10_d20_168_a_4.jpg,T10_168,4,train,False,False
T10_d20_168_b_4.jpg,T10_168,4,train,False,True
T10_d20_172_a_5.jpg,T10_172,5,train,False,True
T10_d20_172_b_5.jpg,T10_172,5,train,False,False
T10_d20_181_a_4.jpg,T10_181,4,train,False,False
T10_d20_181_b_4.jpg,T10_181,4,train,False,False
T10_d20_193_a_4.jpg,T10_193,4,train,False,False
T10_d20_193_b_4.jpg,T10_193,4,train,False,False
T10_d20_194_a_4.jpg,T10_194,4,train,False,False
T10_d20_194_b_4.jpg,T10_194,4,train,False,False
T10_d20_196_a_4.jpg,T10_196,4,train,False,False
T10_d20_196_b_4.jpg,T10_196,4,train,False,False
T10_d20_202_a_5.jpg,T10_202,5,train,False,False
T10_d20_202_b_5.jpg,T10_202,5,train,False,True
T10_d20_204_a_4.jpg,T10_204,4,train,False,False
T10_d20_204_b_4.jpg,T10_204,4,train,False,False
T10_d20_206_a_4.jpg,T10_206,4,train,False,False
T10_d20_206_b_4.jpg,T10_206,4,train,False,False
T10_d20_211_a_4.jpg,T10_211,4,train,False,True
T10_d20_211_b_4.jpg,T10_211,4,train,False,False
T10_d20_213_a_4.jpg,T10_213,4,train,False,False
T10_d20_213_b_4.jpg,T10_213,4,train,False,False
T10_d20_217_a_4.jpg,T10_217,4,train,False,False
T10_d20_217_b_4.jpg,T10_217,4,train,False,False
T10_d20_219_a_4.jpg,T10_219,4,test,False,True
T10_d20_219_b_4.jpg,T10_219,4,test,False,False
T10_d20_220_a_4.jpg,T10_220,4,val,False,True
T10_d20_220_b_4.jpg,T10_220,4,val,False,False
T10_d20_227_a_5.jpg,T10_227,5,train,False,False
T10_d20_227_b_5.jpg,T10_227,5,train,False,False
T10_d20_229_a_4.jpg,T10_229,4,train,False,False
T10_d20_229_b_4.jpg,T10_229,4,train,False,False
T10_d20_233_a_5.jpg,T10_233,5,train,False,False
T10_d20_233_b_5.jpg,T10_233,5,train,False,False
T10_d20_234_a_4.jpg,T10_234,4,train,False,False
T10_d20_234_b_4.jpg,T10_234,4,train,False,False
T10_d20_236_a_4.jpg,T10_236,4,train,False,False
T10_d20_236_b_4.jpg,T10_236,4,train,False,False
T10_d20_237_a_5.jpg,T10_237,5,train,False,False
T10_d20_237_b_5.jpg,T10_237,5,train,False,False
T10_d20_243_a_4.jpg,T10_243,4,train,False,False
T10_d20_243_b_4.jpg,T10_243,4,train,False,False
T10_d20_250_a_4.jpg,T10_250,4,train,False,False
T10_d20_250_b_4.jpg,T10_250,4,train,False,True
T10_d20_252_a_4.jpg,T10_252,4,train,False,False
T10_d20_252_b_4.jpg,T10_252,4,train,False,False
T10_d20_253_a_4.jpg,T10_253,4,val,False,False
T10_d20_253_b_4.jpg,T10_253,4,val,False,False
T10_d20_254_a_5.jpg,T10_254,5,val,False,False
T10_d20_254_b_5.jpg,T10_254,5,val,False,False
T10_d20_262_a_4.jpg,T10_262,4,train,False,False
T10_d20_262_b_4.jpg,T10_262,4,train,False,False
T10_d20_269_a_4.jpg,T10_269,4,train,False,False
T10_d20_269_b_4.jpg,T10_269,4,train,False,False
T10_d20_274_a_4.jpg,T10_274,4,train,True,False
T10_d20_274_b_4.jpg,T10_274,4,train,True,False
T10_d20_275_a_4.jpg,T10_275,4,test,False,False
T10_d20_275_b_4.jpg,T10_275,4,test,False,False
T10_d20_276_a_4.jpg,T10_276,4,train,False,False
T10_d20_276_b_4.jpg,T10_276,4,train,False,False
T10_d20_282_a_4.jpg,T10_282,4,train,False,False
T10_d20_282_b_4.jpg,T10_282,4,train,False,False
T10_d20_283_a_5.jpg,T10_283,5,train,False,False
T10_d20_283_b_5.jpg,T10_283,5,train,False,False
T10_d20_284_a_4.jpg,T10_284,4,train,False,False
T10_d20_284_b_4.jpg,T10_284,4,train,False,False
T10_d20_290_a_5.jpg,T10_290,5,train,False,False
T10_d20_290_b_5.jpg,T10_290,5,train,False,False
T10_d20_292_a_4.jpg,T10_292,4,val,False,False
T10_d20_292_b_4.jpg,T10_292,4,val,False,True
T10_d20_294_a_5.jpg,T10_294,5,train,False,False
T10_d20_294_b_5.jpg,T10_294,5,train,False,False
T10_d20_295_a_4.jpg,T10_295,4,train,False,False
T10_d20_295_b_4.jpg,T10_295,4,train,False,False
T10_d20_296_a_4.jpg,T10_296,4,train,False,False
T10_d20_296_b_4.jpg,T10_296,4,train,False,False
T10_d20_306_a_4.jpg,T10_306,4,train,False,False
T10_d20_306_b_4.jpg,T10_306,4,train,False,False
T10_d20_310_a_4.jpg,T10_310,4,val,False,False
T10_d20_310_b_4.jpg,T10_310,4,val,False,False
T10_d20_315_a_4.jpg,T10_315,4,train,False,False
T10_d20_315_b_4.jpg,T10_315,4,train,False,False
T10_d20_326_a_4.jpg,T10_326,4,train,False,False
T10_d20_326_b_4.jpg,T10_326,4,train,False,False
T10_d20_327_a_4.jpg,T10_327,4,train,False,False
T10_d20_327_b_4.jpg,T10_327,4,train,False,False
T10_d20_328_a_4.jpg,T10_328,4,train,False,False
T10_d20_328_b_4.jpg,T10_328,4,train,False,False
T10_d20_330_a_4.jpg,T10_330,4,train,False,False
T10_d20_330_b_4.jpg,T10_330,4,train,False,False
T10_d20_333_a_4.jpg,T10_333,4,train,False,True
T10_d20_333_b_4.jpg,T10_333,4,train,False,False
T10_d20_336_a_5.jpg,T10_336,5,train,False,False
T10_d20_336_b_5.jpg,T10_336,5,train,False,False
T10_d20_337_a_4.jpg,T10_337,4,train,False,True
T10_d20_337_b_4.jpg,T10_337,4,train,False,False
T10_d20_338_a_5.jpg,T10_338,5,train,False,False
T10_d20_338_b_5.jpg,T10_338,5,train,False,False
T10_d20_349_a_4.jpg,T10_349,4,train,False,False
T10_d20_349_b_4.jpg,T10_349,4,train,False,False
T10_d20_350_a_4.jpg,T10_350,4,train,False,False
T10_d20_350_b_4.jpg,T10_350,4,train,False,False
T10_d20_351_a_4.jpg,T10_351,4,train,False,True
T10_d20_351_b_4.jpg,T10_351,4,train,False,False
T10_d20_353_a_4.jpg,T10_353,4,val,False,False
T10_d20_353_b_4.jpg,T10_353,4,val,False,False
T10_d20_355_a_4.jpg,T10_355,4,train,False,False
T10_d20_355_b_4.jpg,T10_355,4,train,False,False
T10_d20_357_a_5.jpg,T10_357,5,train,False,False
T10_d20_357_b_5.jpg,T10_357,5,train,False,False
T10_d20_366_a_4.jpg,T10_366,4,train,False,False
T10_d20_366_b_4.jpg,T10_366,4,train,False,True
T10_d20_367_a_4.jpg,T10_367,4,train,False,False
T10_d20_367_b_4.jpg,T10_367,4,train,False,True
T10_d20_372_a_4.jpg,T10_372,4,train,False,False
T10_d20_372_b_4.jpg,T10_372,4,train,False,False
T10_d20_375_a_4.jpg,T10_375,4,val,False,False
T10_d20_375_b_4.jpg,T10_375,4,val,False,False
T10_d20_376_a_5.jpg,T10_376,5,train,False,False
T10_d20_376_b_5.jpg,T10_376,5,train,False,False
T10_d20_377_a_4.jpg,T10_377,4,train,False,False
T10_d20_377_b_4.jpg,T10_377,4,train,False,False
T10_d20_381_a_4.jpg,T10_381,4,train,False,False
T10_d20_381_b_4.jpg,T10_381,4,train,False,False
T10_d20_382_a_4.jpg,T10_382,4,train,False,False
T10_d20_382_b_4.jpg,T10_382,4,train,False,False
T10_d20_385_a_4.jpg,T10_385,4,val,False,False
T10_d20_385_b_4.jpg,T10_385,4,val,False,False
T10_d20_387_a_4.jpg,T10_387,4,train,False,False
T10_d20_387_b_4.jpg,T10_387,4,train,False,False
T10_d20_392_a_4.jpg,T10_392,4,test,False,False
T10_d20_392_b_4.jpg,T10_392,4,test,False,False
T10_d20_393_a_4.jpg,T10_393,4,val,False,False
T10_d20_393_b_4.jpg,T10_393,4,val,False,False
T10_d20_395_a_4.jpg,T10_395,4,test,False,False
T10_d20_395_b_4.jpg,T10_395,4,test,False,False
T10_d20_398_a_4.jpg,T10_398,4,val,False,True
T10_d20_398_b_4.jpg,T10_398,4,val,False,False
T10_d20_399_a_5.jpg,T10_399,5,val,False,False
T10_d20_399_b_5.jpg,T10_399,5,val,False,False
T10_d20_400_a_4.jpg,T10_400,4,train,False,False
T10_d20_400_b_4.jpg,T10_400,4,train,False,False
T10_d20_401_a_4.jpg,T10_401,4,train,False,False
T10_d20_401_b_4.jpg,T10_401,4,train,False,True
T10_d20_402_a_4.jpg,T10_402,4,val,False,False
T10_d20_402_b_4.jpg,T10_402,4,val,False,False
T10_d20_405_a_4.jpg,T10_405,4,train,False,False
T10_d20_405_b_4.jpg,T10_405,4,train,False,False
T10_d20_406_a_5.jpg,T10_406,5,val,False,False
T10_d20_406_b_5.jpg,T10_406,5,val,False,False
T10_d20_408_a_4.jpg,T10_408,4,train,False,False
T10_d20_408_b_4.jpg,T10_408,4,train,False,False
T10_d20_410_a_4.jpg,T10_410,4,train,False,False
T10_d20_410_b_4.jpg,T10_410,4,train,False,False
T10_d20_411_a_4.jpg,T10_411,4,val,False,False
T10_d20_411_b_4.jpg,T10_411,4,val,False,False
T10_d20_413_a_4.jpg,T10_413,4,train,False,False
T10_d20_413_b_4.jpg,T10_413,4,train,False,False
T10_d20_414_a_4.jpg,T10_414,4,train,False,True
T10_d20_414_b_4.jpg,T10_414,4,train,False,True
T10_d20_415_a_4.jpg,T10_415,4,train,False,False
T10_d20_415_b_4.jpg,T10_415,4,train,False,False
T10_d20_420_a_4.jpg,T10_420,4,train,False,False
T10_d20_420_b_4.jpg,T10_420,4,train,False,False
T10_d20_422_a_5.jpg,T10_422,5,train,False,False
T10_d20_422_b_5.jpg,T10_422,5,train,False,False
T10_d20_425_a_4.jpg,T10_425,4,train,False,False
T10_d20_425_b_4.jpg,T10_425,4,train,False,False
T10_d20_429_a_4.jpg,T10_429,4,train,False,False
T10_d20_429_b_4.jpg,T10_429,4,train,False,False
T10_d20_430_a_5.jpg,T10_430,5,val,False,False
T10_d20_430_b_5.jpg,T10_430,5,val,False,False
T10_d20_442_a_4.jpg,T10_442,4,train,False,False
T10_d20_442_b_4.jpg,T10_442,4,train,False,False
T10_d20_444_a_4.jpg,T10_444,4,train,False,False
T10_d20_444_b_4.jpg,T10_444,4,train,False,False
T10_d20_445_a_4.jpg,T10_445,4,train,False,False
T10_d20_445_b_4.jpg,T10_445,4,train,False,True
T10_d20_446_a_4.jpg,T10_446,4,train,False,False
T10_d20_446_b_4.jpg,T10_446,4,train,False,False
T10_d20_447_a_5.jpg,T10_447,5,train,False,False
T10_d20_447_b_5.jpg,T10_447,5,train,False,False
T10_d20_448_a_5.jpg,T10_448,5,train,False,False
T10_d20_448_b_5.jpg,T10_448,5,train,False,False
T10_d20_449_a_4.jpg,T10_449,4,train,False,False
T10_d20_449_b_4.jpg,T10_449,4,train,False,False
T10_d20_450_a_4.jpg,T10_450,4,val,False,False
T10_d20_450_b_4.jpg,T10_450,4,val,False,False
T10_d20_451_a_4.jpg,T10_451,4,val,False,False
T10_d20_451_b_4.jpg,T10_451,4,val,False,False
T10_d20_452_a_4.jpg,T10_452,4,val,False,False
T10_d20_452_b_4.jpg,T10_452,4,val,False,False
T10_d20_454_a_4.jpg,T10_454,4,train,False,False
T10_d20_454_b_4.jpg,T10_454,4,train,False,False
T10_d20_458_a_4.jpg,T10_458,4,train,False,False
T10_d20_458_b_4.jpg,T10_458,4,train,False,False
T10_d20_459_a_4.jpg,T10_459,4,train,False,False
T10_d20_459_b_4.jpg,T10_459,4,train,False,False
T10_d20_470_a_4.jpg,T10_470,4,train,False,False
T10_d20_470_b_4.jpg,T10_470,4,train,False,False
T10_d20_471_a_4.jpg,T10_471,4,test,False,False
T10_d20_471_b_4.jpg,T10_471,4,test,False,True
T10_d20_475_a_4.jpg,T10_475,4,train,False,False
T10_d20_475_b_4.jpg,T10_475,4,train,False,False
T10_d20_478_a_4.jpg,T10_478,4,val,False,False
T10_d20_478_b_4.jpg,T10_478,4,val,False,False
T10_d21_002_a_5.jpg,T10_002,5,train,False,True
T10_d21_002_b_5.jpg,T10_002,5,train,False,False
T10_d21_003_a_5.jpg,T10_003,5,train,False,False
T10_d21_003_b_5.jpg,T10_003,5,train,False,False
T10_d21_007_a_5.jpg,T10_007,5,train,False,False
T10_d21_007_b_5.jpg,T10_007,5,train,False,False
T10_d21_011_a_5.jpg,T10_011,5,train,False,False
T10_d21_011_b_5.jpg,T10_011,5,train,False,False
T10_d21_012_a_5.jpg,T10_012,5,val,False,True
T10_d21_012_b_5.jpg,T10_012,5,val,False,False
T10_d21_013_a_4.jpg,T10_013,4,train,False,False
T10_d21_013_b_4.jpg,T10_013,4,train,False,False
T10_d21_014_a_4.jpg,T10_014,4,val,False,False
T10_d21_014_b_4.jpg,T10_014,4,val,False,False
T10_d21_015_a_4.jpg,T10_015,4,test,False,False
T10_d21_015_b_4.jpg,T10_015,4,test,False,False
T10_d21_018_a_5.jpg,T10_018,5,val,False,False
T10_d21_018_b_5.jpg,T10_018,5,val,False,False
T10_d21_021_a_4.jpg,T10_021,4,train,False,False
T10_d21_021_b_4.jpg,T10_021,4,train,False,False
T10_d21_022_a_5.jpg,T10_022,5,train,False,False
T10_d21_022_b_5.jpg,T10_022,5,train,False,False
T10_d21_026_a_5.jpg,T10_026,5,train,False,False
T10_d21_026_b_5.jpg,T10_026,5,train,False,False
T10_d21_027_a_4.jpg,T10_027,4,train,False,False
T10_d21_027_b_4.jpg,T10_027,4,train,False,False
T10_d21_034_a_4.jpg,T10_034,4,train,False,False
T10_d21_034_b_4.jpg,T10_034,4,train,False,False
T10_d21_035_a_5.jpg,T10_035,5,val,False,False
T10_d21_035_b_5.jpg,T10_035,5,val,False,False
T10_d21_041_a_5.jpg,T10_041,5,val,False,False
T10_d21_041_b_5.jpg,T10_041,5,val,False,False
T10_d21_046_a_4.jpg,T10_046,4,train,False,True
T10_d21_046_b_4.jpg,T10_046,4,train,False,False
T10_d21_047_a_4.jpg,T10_047,4,train,False,False
T10_d21_047_b_4.jpg,T10_047,4,train,False,False
T10_d21_048_a_4.jpg,T10_048,4,train,False,False
T10_d21_048_b_4.jpg,T10_048,4,train,False,False
T10_d21_055_a_4.jpg,T10_055,4,train,False,False
T10_d21_055_b_4.jpg,T10_055,4,train,False,False
T10_d21_058_a_5.jpg,T10_058,5,val,False,False
T10_d21_058_b_5.jpg,T10_058,5,val,False,False
T10_d21_061_a_4.jpg,T10_061,4,train,False,False
T10_d21_061_b_4.jpg,T10_061,4,train,False,False
T10_d21_067_a_4.jpg,T10_067,4,train,False,False
T10_d21_067_b_4.jpg,T10_067,4,train,False,False
T10_d21_069_a_5.jpg,T10_069,5,train,False,False
T10_d21_069_b_5.jpg,T10_069,5,train,False,False
T10_d21_072_a_5.jpg,T10_072,5,val,False,False
T10_d21_072_b_5.jpg,T10_072,5,val,False,False
T10_d21_080_a_4.jpg,T10_080,4,val,False,False
T10_d21_080_b_4.jpg,T10_080,4,val,False,False
T10_d21_083_a_5.jpg,T10_083,5,train,False,False
T10_d21_083_b_5.jpg,T10_083,5,train,False,False
T10_d21_087_a_5.jpg,T10_087,5,val,False,False
T10_d21_087_b_5.jpg,T10_087,5,val,False,False
T10_d21_089_a_5.jpg,T10_089,5,train,False,False
T10_d21_089_b_5.jpg,T10_089,5,train,False,False
T10_d21_092_a_4.jpg,T10_092,4,test,False,False
T10_d21_092_b_4.jpg,T10_092,4,test,False,False
T10_d21_093_a_4.jpg,T10_093,4,train,False,True
T10_d21_093_b_4.jpg,T10_093,4,train,False,False
T10_d21_094_a_5.jpg,T10_094,5,train,False,False
T10_d21_094_b_5.jpg,T10_094,5,train,False,False
T10_d21_096_a_4.jpg,T10_096,4,train,False,True
T10_d21_096_b_4.jpg,T10_096,4,train,False,False
T10_d21_097_a_5.jpg,T10_097,5,train,False,False
T10_d21_097_b_5.jpg,T10_097,5,train,False,False
T10_d21_098_a_5.jpg,T10_098,5,train,False,False
T10_d21_098_b_5.jpg,T10_098,5,train,False,False
T10_d21_099_a_4.jpg,T10_099,4,train,False,False
T10_d21_099_b_4.jpg,T10_099,4,train,False,False
T10_d21_108_a_4.jpg,T10_108,4,train,False,False
T10_d21_108_b_4.jpg,T10_108,4,train,False,False
T10_d21_110_a_4.jpg,T10_110,4,train,False,False
T10_d21_110_b_4.jpg,T10_110,4,train,False,False
T10_d21_111_a_4.jpg,T10_111,4,val,False,False
T10_d21_111_b_4.jpg,T10_111,4,val,False,False
T10_d21_113_a_4.jpg,T10_113,4,train,False,False
T10_d21_113_b_4.jpg,T10_113,4,train,False,False
T10_d21_118_a_4.jpg,T10_118,4,train,False,False
T10_d21_118_b_4.jpg,T10_118,4,train,False,False
T10_d21_122_a_4.jpg,T10_122,4,train,False,False
T10_d21_122_b_4.jpg,T10_122,4,train,False,False
T10_d21_125_a_4.jpg,T10_125,4,train,False,False
T10_d21_125_b_4.jpg,T10_125,4,train,False,False
T10_d21_128_a_5.jpg,T10_128,5,train,False,False
T10_d21_128_b_5.jpg,T10_128,5,train,False,False
T10_d21_129_a_4.jpg,T10_129,4,train,False,False
T10_d21_129_b_4.jpg,T10_129,4,train,False,True
T10_d21_130_a_5.jpg,T10_130,5,train,False,False
T10_d21_130_b_5.jpg,T10_130,5,train,False,False
T10_d21_131_a_5.jpg,T10_131,5,train,False,False
T10_d21_131_b_5.jpg,T10_131,5,train,False,False
T10_d21_133_a_5.jpg,T10_133,5,train,False,False
T10_d21_133_b_5.jpg,T10_133,5,train,False,False
T10_d21_136_a_4.jpg,T10_136,4,val,False,False
T10_d21_136_b_4.jpg,T10_136,4,val,False,False
T10_d21_138_a_4.jpg,T10_138,4,train,False,False
T10_d21_138_b_4.jpg,T10_138,4,train,False,False
T10_d21_145_a_5.jpg,T10_145,5,train,False,False
T10_d21_145_b_5.jpg,T10_145,5,train,False,False
T10_d21_149_a_5.jpg,T10_149,5,train,False,False
T10_d21_149_b_5.jpg,T10_149,5,train,False,False
T10_d21_152_a_4.jpg,T10_152,4,train,False,False
T10_d21_152_b_4.jpg,T10_152,4,train,False,True
T10_d21_156_a_5.jpg,T10_156,5,train,False,True
T10_d21_156_b_5.jpg,T10_156,5,train,False,False
T10_d21_165_a_5.jpg,T10_165,5,train,False,False
T10_d21_165_b_5.jpg,T10_165,5,train,False,False
T10_d21_166_a_5.jpg,T10_166,5,train,False,False
T10_d21_166_b_5.jpg,T10_166,5,train,False,False
T10_d21_167_a_4.jpg,T10_167,4,train,False,False
T10_d21_167_b_4.jpg,T10_167,4,train,False,False
T10_d21_168_a_5.jpg,T10_168,5,train,False,False
T10_d21_168_b_5.jpg,T10_168,5,train,False,False
T10_d21_172_a_5.jpg,T10_172,5,train,False,True
T10_d21_172_b_5.jpg,T10_172,5,train,False,False
T10_d21_181_a_5.jpg,T10_181,5,train,False,False
T10_d21_181_b_5.jpg,T10_181,5,train,False,False
T10_d21_193_a_5.jpg,T10_193,5,train,False,False
T10_d21_193_b_5.jpg,T10_193,5,train,False,False
T10_d21_194_a_4.jpg,T10_194,4,train,False,False
T10_d21_194_b_4.jpg,T10_194,4,train,False,False
T10_d21_196_a_4.jpg,T10_196,4,train,False,False
T10_d21_196_b_4.jpg,T10_196,4,train,False,False
T10_d21_202_a_5.jpg,T10_202,5,train,False,False
T10_d21_202_b_5.jpg,T10_202,5,train,False,False
T10_d21_204_a_4.jpg,T10_204,4,train,False,False
T10_d21_204_b_4.jpg,T10_204,4,train,False,False
T10_d21_206_a_4.jpg,T10_206,4,train,False,False
T10_d21_206_b_4.jpg,T10_206,4,train,False,False
T10_d21_211_a_4.jpg,T10_211,4,train,False,False
T10_d21_211_b_4.jpg,T10_211,4,train,False,False
T10_d21_213_a_4.jpg,T10_213,4,train,False,False
T10_d21_213_b_4.jpg,T10_213,4,train,False,False
T10_d21_217_a_4.jpg,T10_217,4,train,False,False
T10_d21_217_b_4.jpg,T10_217,4,train,False,False
T10_d21_219_a_4.jpg,T10_219,4,test,False,False
T10_d21_219_b_4.jpg,T10_219,4,test,False,False
T10_d21_220_a_4.jpg,T10_220,4,val,False,False
T10_d21_220_b_4.jpg,T10_220,4,val,False,False
T10_d21_227_a_5.jpg,T10_227,5,train,False,False
T10_d21_227_b_5.jpg,T10_227,5,train,False,False
T10_d21_229_a_5.jpg,T10_229,5,train,False,True
T10_d21_229_b_5.jpg,T10_229,5,train,False,False
T10_d21_233_a_5.jpg,T10_233,5,train,False,False
T10_d21_233_b_5.jpg,T10_233,5,train,False,False
T10_d21_234_a_4.jpg,T10_234,4,train,False,False
T10_d21_234_b_4.jpg,T10_234,4,train,False,False
T10_d21_236_a_5.jpg,T10_236,5,train,False,False
T10_d21_236_b_5.jpg,T10_236,5,train,False,False
T10_d21_237_a_5.jpg,T10_237,5,train,False,False
T10_d21_237_b_5.jpg,T10_237,5,train,False,False
T10_d21_243_a_5.jpg,T10_243,5,train,False,False
T10_d21_243_b_5.jpg,T10_243,5,train,False,True
T10_d21_250_a_5.jpg,T10_250,5,train,False,True
T10_d21_250_b_5.jpg,T10_250,5,train,False,False
T10_d21_252_a_5.jpg,T10_252,5,train,False,False
T10_d21_252_b_5.jpg,T10_252,5,train,False,False
T10_d21_253_a_4.jpg,T10_253,4,val,False,False
T10_d21_253_b_4.jpg,T10_253,4,val,False,False
T10_d21_254_a_5.jpg,T10_254,5,val,False,False
T10_d21_254_b_5.jpg,T10_254,5,val,False,False
T10_d21_262_a_4.jpg,T10_262,4,train,False,False
T10_d21_262_b_4.jpg,T10_262,4,train,False,False
T10_d21_269_a_4.jpg,T10_269,4,train,False,False
T10_d21_269_b_4.jpg,T10_269,4,train,False,False
T10_d21_274_a_4.jpg,T10_274,4,train,True,False
T10_d21_274_b_4.jpg,T10_274,4,train,True,False
T10_d21_275_a_4.jpg,T10_275,4,test,False,False
T10_d21_275_b_4.jpg,T10_275,4,test,False,False
T10_d21_276_a_5.jpg,T10_276,5,train,False,False
T10_d21_276_b_5.jpg,T10_276,5,train,False,False
T10_d21_282_a_4.jpg,T10_282,4,train,False,False
T10_d21_282_b_4.jpg,T10_282,4,train,False,False
T10_d21_283_a_5.jpg,T10_283,5,train,False,False
T10_d21_283_b_5.jpg,T10_283,5,train,False,False
T10_d21_284_a_5.jpg,T10_284,5,train,False,False
T10_d21_284_b_5.jpg,T10_284,5,train,False,False
T10_d21_290_a_5.jpg,T10_290,5,train,False,False
T10_d21_290_b_5.jpg,T10_290,5,train,False,False
T10_d21_292_a_5.jpg,T10_292,5,val,False,True
T10_d21_292_b_5.jpg,T10_292,5,val,False,False
T10_d21_294_a_5.jpg,T10_294,5,train,False,False
T10_d21_294_b_5.jpg,T10_294,5,train,False,False
T10_d21_295_a_4.jpg,T10_295,4,train,False,False
T10_d21_295_b_4.jpg,T10_295,4,train,False,False
T10_d21_296_a_5.jpg,T10_296,5,train,False,False
T10_d21_296_b_5.jpg,T10_296,5,train,False,False
T10_d21_306_a_4.jpg,T10_306,4,train,False,False
T10_d21_306_b_4.jpg,T10_306,4,train,False,True
T10_d21_310_a_4.jpg,T10_310,4,val,False,False
T10_d21_310_b_4.jpg,T10_310,4,val,False,False
T10_d21_315_a_4.jpg,T10_315,4,train,False,False
T10_d21_315_b_4.jpg,T10_315,4,train,False,False
T10_d21_326_a_5.jpg,T10_326,5,train,False,False
T10_d21_326_b_5.jpg,T10_326,5,train,False,False
T10_d21_327_a_5.jpg,T10_327,5,train,False,False
T10_d21_327_b_5.jpg,T10_327,5,train,False,False
T10_d21_328_a_5.jpg,T10_328,5,train,False,False
T10_d21_328_b_5.jpg,T10_328,5,train,False,False
T10_d21_330_a_4.jpg,T10_330,4,train,False,False
T10_d21_330_b_4.jpg,T10_330,4,train,False,False
T10_d21_333_a_4.jpg,T10_333,4,train,False,False
T10_d21_333_b_4.jpg,T10_333,4,train,False,False
T10_d21_336_a_5.jpg,T10_336,5,train,False,False
T10_d21_336_b_5.jpg,T10_336,5,train,False,False
T10_d21_337_a_4.jpg,T10_337,4,train,False,False
T10_d21_337_b_4.jpg,T10_337,4,train,False,False
T10_d21_338_a_5.jpg,T10_338,5,train,False,False
T10_d21_338_b_5.jpg,T10_338,5,train,False,False
T10_d21_349_a_4.jpg,T10_349,4,train,False,False
T10_d21_349_b_4.jpg,T10_349,4,train,False,False
T10_d21_350_a_4.jpg,T10_350,4,train,False,False
T10_d21_350_b_4.jpg,T10_350,4,train,False,False
T10_d21_351_a_4.jpg,T10_351,4,train,False,False
T10_d21_351_b_4.jpg,T10_351,4,train,False,False
T10_d21_353_a_4.jpg,T10_353,4,val,False,False
T10_d21_353_b_4.jpg,T10_353,4,val,False,False
T10_d21_355_a_4.jpg,T10_355,4,train,False,False
T10_d21_355_b_4.jpg,T10_355,4,train,False,False
T10_d21_357_a_5.jpg,T10_357,5,train,False,True
T10_d21_357_b_5.jpg,T10_357,5,train,False,False
T10_d21_366_a_4.jpg,T10_366,4,train,False,False
T10_d21_366_b_4.jpg,T10_366,4,train,False,False
T10_d21_367_a_5.jpg,T10_367,5,train,False,False
T10_d21_367_b_5.jpg,T10_367,5,train,False,False
T10_d21_372_a_5.jpg,T10_372,5,train,False,False
T10_d21_372_b_5.jpg,T10_372,5,train,False,False
T10_d21_375_a_4.jpg,T10_375,4,val,False,False
T10_d21_375_b_4.jpg,T10_375,4,val,False,False
T10_d21_376_a_5.jpg,T10_376,5,train,False,True
T10_d21_376_b_5.jpg,T10_376,5,train,False,False
T10_d21_377_a_4.jpg,T10_377,4,train,False,False
T10_d21_377_b_4.jpg,T10_377,4,train,False,False
T10_d21_381_a_5.jpg,T10_381,5,train,False,False
T10_d21_381_b_5.jpg,T10_381,5,train,False,False
T10_d21_382_a_4.jpg,T10_382,4,train,False,False
T10_d21_382_b_4.jpg,T10_382,4,train,False,False
T10_d21_385_a_4.jpg,T10_385,4,val,False,False
T10_d21_385_b_4.jpg,T10_385,4,val,False,False
T10_d21_387_a_4.jpg,T10_387,4,train,False,False
T10_d21_387_b_4.jpg,T10_387,4,train,False,False
T10_d21_392_a_4.jpg,T10_392,4,test,False,False
T10_d21_392_b_4.jpg,T10_392,4,test,False,False
T10_d21_393_a_4.jpg,T10_393,4,val,False,False
T10_d21_393_b_4.jpg,T10_393,4,val,False,False
T10_d21_395_a_5.jpg,T10_395,5,test,False,False
T10_d21_395_b_5.jpg,T10_395,5,test,False,False
T10_d21_398_a_5.jpg,T10_398,5,val,False,False
T10_d21_398_b_5.jpg,T10_398,5,val,False,False
T10_d21_399_a_5.jpg,T10_399,5,val,False,False
T10_d21_399_b_5.jpg,T10_399,5,val,False,False
T10_d21_400_a_4.jpg,T10_400,4,train,False,False
T10_d21_400_b_4.jpg,T10_400,4,train,False,False
T10_d21_401_a_4.jpg,T10_401,4,train,False,False
T10_d21_401_b_4.jpg,T10_401,4,train,False,False
T10_d21_402_a_4.jpg,T10_402,4,val,False,False
T10_d21_402_b_4.jpg,T10_402,4,val,False,False
T10_d21_405_a_4.jpg,T10_405,4,train,False,False
T10_d21_405_b_4.jpg,T10_405,4,train,False,False
T10_d21_406_a_5.jpg,T10_406,5,val,False,False
T10_d21_406_b_5.jpg,T10_406,5,val,False,False
T10_d21_408_a_4.jpg,T10_408,4,train,False,False
T10_d21_408_b_4.jpg,T10_408,4,train,False,True
T10_d21_410_a_4.jpg,T10_410,4,train,False,False
T10_d21_410_b_4.jpg,T10_410,4,train,False,False
T10_d21_411_a_4.jpg,T10_411,4,val,False,False
T10_d21_411_b_4.jpg,T10_411,4,val,False,False
T10_d21_413_a_4.jpg,T10_413,4,train,False,False
T10_d21_413_b_4.jpg,T10_413,4,train,False,False
T10_d21_414_a_4.jpg,T10_414,4,train,False,False
T10_d21_414_b_4.jpg,T10_414,4,train,False,False
T10_d21_415_a_4.jpg,T10_415,4,train,False,False
T10_d21_415_b_4.jpg,T10_415,4,train,False,False
T10_d21_420_a_4.jpg,T10_420,4,train,False,False
T10_d21_420_b_4.jpg,T10_420,4,train,False,False
T10_d21_422_a_5.jpg,T10_422,5,train,False,False
T10_d21_422_b_5.jpg,T10_422,5,train,False,True
T10_d21_425_a_4.jpg,T10_425,4,train,False,False
T10_d21_425_b_4.jpg,T10_425,4,train,False,False
T10_d21_429_a_4.jpg,T10_429,4,train,False,False
T10_d21_429_b_4.jpg,T10_429,4,train,False,False
T10_d21_430_a_5.jpg,T10_430,5,val,False,False
T10_d21_430_b_5.jpg,T10_430,5,val,False,False
T10_d21_442_a_4.jpg,T10_442,4,train,False,False
T10_d21_442_b_4.jpg,T10_442,4,train,False,False
T10_d21_444_a_4.jpg,T10_444,4,train,False,False
T10_d21_444_b_4.jpg,T10_444,4,train,False,False
T10_d21_445_a_4.jpg,T10_445,4,train,False,False
T10_d21_445_b_4.jpg,T10_445,4,train,False,False
T10_d21_446_a_4.jpg,T10_446,4,train,False,False
T10_d21_446_b_4.jpg,T10_446,4,train,False,False
T10_d21_447_a_5.jpg,T10_447,5,train,False,False
T10_d21_447_b_5.jpg,T10_447,5,train,False,False
T10_d21_448_a_5.jpg,T10_448,5,train,False,True
T10_d21_448_b_5.jpg,T10_448,5,train,False,False
T10_d21_449_a_4.jpg,T10_449,4,train,False,False
T10_d21_449_b_4.jpg,T10_449,4,train,False,False
T10_d21_450_a_4.jpg,T10_450,4,val,False,False
T10_d21_450_b_4.jpg,T10_450,4,val,False,False
T10_d21_451_a_4.jpg,T10_451,4,val,False,False
T10_d21_451_b_4.jpg,T10_451,4,val,False,False
T10_d21_452_a_5.jpg,T10_452,5,val,False,False
T10_d21_452_b_5.jpg,T10_452,5,val,False,False
T10_d21_454_a_4.jpg,T10_454,4,train,False,True
T10_d21_454_b_4.jpg,T10_454,4,train,False,False
T10_d21_458_a_4.jpg,T10_458,4,train,False,False
T10_d21_458_b_4.jpg,T10_458,4,train,False,False
T10_d21_459_a_5.jpg,T10_459,5,train,False,False
T10_d21_459_b_5.jpg,T10_459,5,train,False,False
T10_d21_470_a_4.jpg,T10_470,4,train,False,False
T10_d21_470_b_4.jpg,T10_470,4,train,False,False
T10_d21_471_a_4.jpg,T10_471,4,test,False,False
T10_d21_471_b_4.jpg,T10_471,4,test,False,False
T10_d21_475_a_4.jpg,T10_475,4,train,False,False
T10_d21_475_b_4.jpg,T10_475,4,train,False,False
T10_d21_478_a_4.jpg,T10_478,4,val,False,False
T10_d21_478_b_4.jpg,T10_478,4,val,False,False
T10_d22_002_a_5.jpg,T10_002,5,train,False,False
T10_d22_002_b_5.jpg,T10_002,5,train,False,False
T10_d22_003_a_5.jpg,T10_003,5,train,False,False
T10_d22_003_b_5.jpg,T10_003,5,train,False,False
T10_d22_007_a_5.jpg,T10_007,5,train,False,False
T10_d22_007_b_5.jpg,T10_007,5,train,False,False
T10_d22_011_a_5.jpg,T10_011,5,train,False,False
T10_d22_011_b_5.jpg,T10_011,5,train,False,False
T10_d22_012_a_5.jpg,T10_012,5,val,False,False
T10_d22_012_b_5.jpg,T10_012,5,val,False,False
T10_d22_013_a_4.jpg,T10_013,4,train,False,False
T10_d22_013_b_4.jpg,T10_013,4,train,False,False
T10_d22_014_a_4.jpg,T10_014,4,val,False,False
T10_d22_014_b_4.jpg,T10_014,4,val,False,False
T10_d22_015_a_4.jpg,T10_015,4,test,False,False
T10_d22_015_b_4.jpg,T10_015,4,test,False,False
T10_d22_018_a_5.jpg,T10_018,5,val,False,False
T10_d22_018_b_5.jpg,T10_018,5,val,False,False
T10_d22_021_a_4.jpg,T10_021,4,train,False,False
T10_d22_021_b_4.jpg,T10_021,4,train,False,False
T10_d22_022_a_5.jpg,T10_022,5,train,False,False
T10_d22_022_b_5.jpg,T10_022,5,train,False,False
T10_d22_026_a_5.jpg,T10_026,5,train,False,False
T10_d22_026_b_5.jpg,T10_026,5,train,False,False
T10_d22_027_a_4.jpg,T10_027,4,train,False,False
T10_d22_027_b_4.jpg,T10_027,4,train,False,False
T10_d22_034_a_4.jpg,T10_034,4,train,False,False
T10_d22_034_b_4.jpg,T10_034,4,train,False,False
T10_d22_035_a_5.jpg,T10_035,5,val,False,False
T10_d22_035_b_5.jpg,T10_035,5,val,False,False
T10_d22_041_a_5.jpg,T10_041,5,val,False,False
T10_d22_041_b_5.jpg,T10_041,5,val,False,False
T10_d22_046_a_4.jpg,T10_046,4,train,False,False
T10_d22_046_b_4.jpg,T10_046,4,train,False,False
T10_d22_047_a_4.jpg,T10_047,4,train,False,False
T10_d22_047_b_4.jpg,T10_047,4,train,False,False
T10_d22_048_a_4.jpg,T10_048,4,train,False,False
T10_d22_048_b_4.jpg,T10_048,4,train,False,False
T10_d22_055_a_4.jpg,T10_055,4,train,False,False
T10_d22_055_b_4.jpg,T10_055,4,train,False,False
T10_d22_058_a_5.jpg,T10_058,5,val,False,False
T10_d22_058_b_5.jpg,T10_058,5,val,False,False
T10_d22_061_a_4.jpg,T10_061,4,train,False,False
T10_d22_061_b_4.jpg,T10_061,4,train,False,False
T10_d22_067_a_4.jpg,T10_067,4,train,False,False
T10_d22_067_b_4.jpg,T10_067,4,train,False,False
T10_d22_069_a_5.jpg,T10_069,5,train,False,False
T10_d22_069_b_5.jpg,T10_069,5,train,False,False
T10_d22_072_a_5.jpg,T10_072,5,val,False,False
T10_d22_072_b_5.jpg,T10_072,5,val,False,False
T10_d22_083_a_5.jpg,T10_083,5,train,False,False
T10_d22_083_b_5.jpg,T10_083,5,train,False,False
T10_d22_087_a_5.jpg,T10_087,5,val,False,False
T10_d22_087_b_5.jpg,T10_087,5,val,False,False
T10_d22_089_a_5.jpg,T10_089,5,train,False,False
T10_d22_089_b_5.jpg,T10_089,5,train,False,False
T10_d22_092_a_4.jpg,T10_092,4,test,False,False
T10_d22_092_b_4.jpg,T10_092,4,test,False,False
T10_d22_093_a_4.jpg,T10_093,4,train,False,False
T10_d22_093_b_4.jpg,T10_093,4,train,False,False
T10_d22_094_a_5.jpg,T10_094,5,train,False,False
T10_d22_094_b_5.jpg,T10_094,5,train,False,False
T10_d22_096_a_4.jpg,T10_096,4,train,False,False
T10_d22_096_b_4.jpg,T10_096,4,train,False,False
T10_d22_097_a_5.jpg,T10_097,5,train,False,False
T10_d22_097_b_5.jpg,T10_097,5,train,False,False
T10_d22_098_a_5.jpg,T10_098,5,train,False,False
T10_d22_098_b_5.jpg,T10_098,5,train,False,False
T10_d22_099_a_4.jpg,T10_099,4,train,False,False
T10_d22_099_b_4.jpg,T10_099,4,train,False,False
T10_d22_108_a_4.jpg,T10_108,4,train,False,False
T10_d22_108_b_4.jpg,T10_108,4,train,False,False
T10_d22_110_a_5.jpg,T10_110,5,train,False,False
T10_d22_110_b_5.jpg,T10_110,5,train,False,False
T10_d22_111_a_4.jpg,T10_111,4,val,False,False
T10_d22_111_b_4.jpg,T10_111,4,val,False,False
T10_d22_113_a_4.jpg,T10_113,4,train,False,False
T10_d22_113_b_4.jpg,T10_113,4,train,False,False
T10_d22_118_a_4.jpg,T10_118,4,train,False,False
T10_d22_118_b_4.jpg,T10_118,4,train,False,False
T10_d22_122_a_4.jpg,T10_122,4,train,False,False
T10_d22_122_b_4.jpg,T10_122,4,train,False,False
T10_d22_125_a_4.jpg,T10_125,4,train,False,False
T10_d22_125_b_4.jpg,T10_125,4,train,False,False
T10_d22_128_a_5.jpg,T10_128,5,train,False,False
T10_d22_128_b_5.jpg,T10_128,5,train,False,False
T10_d22_129_a_5.jpg,T10_129,5,train,False,False
T10_d22_129_b_5.jpg,T10_129,5,train,False,False
T10_d22_130_a_5.jpg,T10_130,5,train,False,False
T10_d22_130_b_5.jpg,T10_130,5,train,False,False
T10_d22_131_a_5.jpg,T10_131,5,train,False,False
T10_d22_131_b_5.jpg,T10_131,5,train,False,False
T10_d22_133_a_5.jpg,T10_133,5,train,False,False
T10_d22_133_b_5.jpg,T10_133,5,train,False,False
T10_d22_136_a_4.jpg,T10_136,4,val,False,False
T10_d22_136_b_4.jpg,T10_136,4,val,False,False
T10_d22_138_a_4.jpg,T10_138,4,train,False,False
T10_d22_138_b_4.jpg,T10_138,4,train,False,False
T10_d22_145_a_5.jpg,T10_145,5,train,False,False
T10_d22_145_b_5.jpg,T10_145,5,train,False,False
T10_d22_149_a_5.jpg,T10_149,5,train,False,False
T10_d22_149_b_5.jpg,T10_149,5,train,False,False
T10_d22_152_a_4.jpg,T10_152,4,train,False,False
T10_d22_152_b_4.jpg,T10_152,4,train,False,True
T10_d22_156_a_5.jpg,T10_156,5,train,False,False
T10_d22_156_b_5.jpg,T10_156,5,train,False,False
T10_d22_165_a_5.jpg,T10_165,5,train,False,False
T10_d22_165_b_5.jpg,T10_165,5,train,False,False
T10_d22_166_a_5.jpg,T10_166,5,train,False,False
T10_d22_166_b_5.jpg,T10_166,5,train,False,False
T10_d22_167_a_4.jpg,T10_167,4,train,False,False
T10_d22_167_b_4.jpg,T10_167,4,train,False,False
T10_d22_168_a_5.jpg,T10_168,5,train,False,False
T10_d22_168_b_5.jpg,T10_168,5,train,False,False
T10_d22_172_a_5.jpg,T10_172,5,train,False,False
T10_d22_172_b_5.jpg,T10_172,5,train,False,False
T10_d22_181_a_5.jpg,T10_181,5,train,False,False
T10_d22_181_b_5.jpg,T10_181,5,train,False,False
T10_d22_193_a_5.jpg,T10_193,5,train,False,False
T10_d22_193_b_5.jpg,T10_193,5,train,False,True
T10_d22_194_a_4.jpg,T10_194,4,train,False,False
T10_d22_194_b_4.jpg,T10_194,4,train,False,False
T10_d22_196_a_4.jpg,T10_196,4,train,False,False
T10_d22_196_b_4.jpg,T10_196,4,train,False,False
T10_d22_202_a_5.jpg,T10_202,5,train,False,False
T10_d22_202_b_5.jpg,T10_202,5,train,False,False
T10_d22_204_a_5.jpg,T10_204,5,train,False,False
T10_d22_204_b_5.jpg,T10_204,5,train,False,False
T10_d22_206_a_4.jpg,T10_206,4,train,False,False
T10_d22_206_b_4.jpg,T10_206,4,train,False,False
T10_d22_211_a_4.jpg,T10_211,4,train,False,False
T10_d22_211_b_4.jpg,T10_211,4,train,False,False
T10_d22_213_a_4.jpg,T10_213,4,train,False,False
T10_d22_213_b_4.jpg,T10_213,4,train,False,False
T10_d22_217_a_4.jpg,T10_217,4,train,False,False
T10_d22_217_b_4.jpg,T10_217,4,train,False,False
T10_d22_219_a_5.jpg,T10_219,5,test,False,False
T10_d22_219_b_5.jpg,T10_219,5,test,False,False
T10_d22_220_a_4.jpg,T10_220,4,val,False,False
T10_d22_220_b_4.jpg,T10_220,4,val,False,True
T10_d22_227_a_5.jpg,T10_227,5,train,False,False
T10_d22_227_b_5.jpg,T10_227,5,train,False,False
T10_d22_229_a_5.jpg,T10_229,5,train,False,False
T10_d22_229_b_5.jpg,T10_229,5,train,False,True
T10_d22_233_a_5.jpg,T10_233,5,train,False,False
T10_d22_233_b_5.jpg,T10_233,5,train,False,False
T10_d22_234_a_4.jpg,T10_234,4,train,False,False
T10_d22_234_b_4.jpg,T10_234,4,train,False,False
T10_d22_236_a_5.jpg,T10_236,5,train,False,False
T10_d22_236_b_5.jpg,T10_236,5,train,False,False
T10_d22_237_a_5.jpg,T10_237,5,train,False,False
T10_d22_237_b_5.jpg,T10_237,5,train,False,False
T10_d22_243_a_5.jpg,T10_243,5,train,False,False
T10_d22_243_b_5.jpg,T10_243,5,train,False,False
T10_d22_250_a_5.jpg,T10_250,5,train,False,False
T10_d22_250_b_5.jpg,T10_250,5,train,False,False
T10_d22_252_a_5.jpg,T10_252,5,train,False,True
T10_d22_252_b_5.jpg,T10_252,5,train,False,False
T10_d22_253_a_4.jpg,T10_253,4,val,False,False
T10_d22_253_b_4.jpg,T10_253,4,val,False,False
T10_d22_254_a_5.jpg,T10_254,5,val,False,True
T10_d22_254_b_5.jpg,T10_254,5,val,False,False
T10_d22_262_a_4.jpg,T10_262,4,train,False,True
T10_d22_262_b_4.jpg,T10_262,4,train,False,False
T10_d22_269_a_4.jpg,T10_269,4,train,False,False
T10_d22_269_b_4.jpg,T10_269,4,train,False,False
T10_d22_274_a_5.jpg,T10_274,5,train,True,False
T10_d22_274_b_5.jpg,T10_274,5,train,True,False
T10_d22_275_a_4.jpg,T10_275,4,test,False,False
T10_d22_275_b_4.jpg,T10_275,4,test,False,True
T10_d22_276_a_5.jpg,T10_276,5,train,False,True
T10_d22_276_b_5.jpg,T10_276,5,train,False,False
T10_d22_282_a_4.jpg,T10_282,4,train,False,False
T10_d22_282_b_4.jpg,T10_282,4,train,False,False
T10_d22_283_a_5.jpg,T10_283,5,train,False,False
T10_d22_283_b_5.jpg,T10_283,5,train,False,False
T10_d22_284_a_5.jpg,T10_284,5,train,False,False
T10_d22_284_b_5.jpg,T10_284,5,train,False,False
T10_d22_290_a_5.jpg,T10_290,5,train,False,False
T10_d22_290_b_5.jpg,T10_290,5,train,False,False
T10_d22_292_a_5.jpg,T10_292,5,val,False,False
T10_d22_292_b_5.jpg,T10_292,5,val,False,False
T10_d22_294_a_5.jpg,T10_294,5,train,False,True
T10_d22_294_b_5.jpg,T10_294,5,train,False,True
T10_d22_295_a_4.jpg,T10_295,4,train,False,False
T10_d22_295_b_4.jpg,T10_295,4,train,False,False
T10_d22_296_a_5.jpg,T10_296,5,train,False,False
T10_d22_296_b_5.jpg,T10_296,5,train,False,False
T10_d22_306_a_4.jpg,T10_306,4,train,False,False
T10_d22_306_b_4.jpg,T10_306,4,train,False,False
T10_d22_310_a_4.jpg,T10_310,4,val,False,False
T10_d22_310_b_4.jpg,T10_310,4,val,False,False
T10_d22_315_a_4.jpg,T10_315,4,train,False,False
T10_d22_315_b_4.jpg,T10_315,4,train,False,False
T10_d22_326_a_5.jpg,T10_326,5,train,False,False
T10_d22_326_b_5.jpg,T10_326,5,train,False,False
T10_d22_327_a_5.jpg,T10_327,5,train,False,False
T10_d22_327_b_5.jpg,T10_327,5,train,False,False
T10_d22_328_a_5.jpg,T10_328,5,train,False,False
T10_d22_328_b_5.jpg,T10_328,5,train,False,False
T10_d22_330_a_4.jpg,T10_330,4,train,False,False
T10_d22_330_b_4.jpg,T10_330,4,train,False,False
T10_d22_333_a_4.jpg,T10_333,4,train,False,False
T10_d22_333_b_4.jpg,T10_333,4,train,False,False
T10_d22_336_a_5.jpg,T10_336,5,train,False,False
T10_d22_336_b_5.jpg,T10_336,5,train,False,False
T10_d22_337_a_4.jpg,T10_337,4,train,False,False
T10_d22_337_b_4.jpg,T10_337,4,train,False,False
T10_d22_338_a_5.jpg,T10_338,5,train,False,False
T10_d22_338_b_5.jpg,T10_338,5,train,False,False
T10_d22_349_a_4.jpg,T10_349,4,train,False,False
T10_d22_349_b_4.jpg,T10_349,4,train,False,False
T10_d22_350_a_4.jpg,T10_350,4,train,False,False
T10_d22_350_b_4.jpg,T10_350,4,train,False,False
T10_d22_353_a_5.jpg,T10_353,5,val,False,True
T10_d22_353_b_5.jpg,T10_353,5,val,False,True
T10_d22_355_a_4.jpg,T10_355,4,train,False,False
T10_d22_355_b_4.jpg,T10_355,4,train,False,True
T10_d22_357_a_5.jpg,T10_357,5,train,False,False
T10_d22_357_b_5.jpg,T10_357,5,train,False,False
T10_d22_366_a_5.jpg,T10_366,5,train,False,False
T10_d22_366_b_5.jpg,T10_366,5,train,False,False
T10_d22_367_a_5.jpg,T10_367,5,train,False,False
T10_d22_367_b_5.jpg,T10_367,5,train,False,False
T10_d22_372_a_5.jpg,T10_372,5,train,False,False
T10_d22_372_b_5.jpg,T10_372,5,train,False,False
T10_d22_375_a_4.jpg,T10_375,4,val,False,False
T10_d22_375_b_4.jpg,T10_375,4,val,False,False
T10_d22_376_a_5.jpg,T10_376,5,train,False,False
T10_d22_376_b_5.jpg,T10_376,5,train,False,False
T10_d22_377_a_5.jpg,T10_377,5,train,False,False
T10_d22_377_b_5.jpg,T10_377,5,train,False,False
T10_d22_381_a_5.jpg,T10_381,5,train,False,False
T10_d22_381_b_5.jpg,T10_381,5,train,False,True
T10_d22_382_a_4.jpg,T10_382,4,train,False,False
T10_d22_382_b_4.jpg,T10_382,4,train,False,False
T10_d22_385_a_5.jpg,T10_385,5,val,False,True
T10_d22_385_b_5.jpg,T10_385,5,val,False,False
T10_d22_387_a_4.jpg,T10_387,4,train,False,False
T10_d22_387_b_4.jpg,T10_387,4,train,False,False
T10_d22_392_a_4.jpg,T10_392,4,test,False,False
T10_d22_392_b_4.jpg,T10_392,4,test,False,False
T10_d22_393_a_4.jpg,T10_393,4,val,False,False
T10_d22_393_b_4.jpg,T10_393,4,val,False,False
T10_d22_395_a_5.jpg,T10_395,5,test,False,False
T10_d22_395_b_5.jpg,T10_395,5,test,False,False
T10_d22_399_a_5.jpg,T10_399,5,val,False,False
T10_d22_399_b_5.jpg,T10_399,5,val,False,False
T10_d22_400_a_4.jpg,T10_400,4,train,False,False
T10_d22_400_b_4.jpg,T10_400,4,train,False,False
T10_d22_401_a_4.jpg,T10_401,4,train,False,False
T10_d22_401_b_4.jpg,T10_401,4,train,False,False
T10_d22_402_a_4.jpg,T10_402,4,val,False,False
T10_d22_402_b_4.jpg,T10_402,4,val,False,False
T10_d22_405_a_4.jpg,T10_405,4,train,False,False
T10_d22_405_b_4.jpg,T10_405,4,train,False,False
T10_d22_406_a_5.jpg,T10_406,5,val,False,False
T10_d22_406_b_5.jpg,T10_406,5,val,False,False
T10_d22_408_a_4.jpg,T10_408,4,train,False,False
T10_d22_408_b_4.jpg,T10_408,4,train,False,False
T10_d22_410_a_4.jpg,T10_410,4,train,False,False
T10_d22_410_b_4.jpg,T10_410,4,train,False,False
T10_d22_411_a_4.jpg,T10_411,4,val,False,False
T10_d22_411_b_4.jpg,T10_411,4,val,False,False
T10_d22_413_a_4.jpg,T10_413,4,train,False,False
T10_d22_413_b_4.jpg,T10_413,4,train,False,False
T10_d22_414_a_4.jpg,T10_414,4,train,False,False
T10_d22_414_b_4.jpg,T10_414,4,train,False,False
T10_d22_415_a_4.jpg,T10_415,4,train,False,False
T10_d22_415_b_4.jpg,T10_415,4,train,False,False
T10_d22_420_a_4.jpg,T10_420,4,train,False,False
T10_d22_420_b_4.jpg,T10_420,4,train,False,False
T10_d22_422_a_5.jpg,T10_422,5,train,False,False
T10_d22_422_b_5.jpg,T10_422,5,train,False,False
T10_d22_425_a_4.jpg,T10_425,4,train,False,False
T10_d22_425_b_4.jpg,T10_425,4,train,False,False
T10_d22_429_a_4.jpg,T10_429,4,train,False,False
T10_d22_429_b_4.jpg,T10_429,4,train,False,False
T10_d22_430_a_5.jpg,T10_430,5,val,False,False
T10_d22_430_b_5.jpg,T10_430,5,val,False,False
T10_d22_442_a_4.jpg,T10_442,4,train,False,False
T10_d22_442_b_4.jpg,T10_442,4,train,False,True
T10_d22_444_a_4.jpg,T10_444,4,train,False,False
T10_d22_444_b_4.jpg,T10_444,4,train,False,False
T10_d22_445_a_4.jpg,T10_445,4,train,False,False
T10_d22_445_b_4.jpg,T10_445,4,train,False,False
T10_d22_446_a_4.jpg,T10_446,4,train,False,False
T10_d22_446_b_4.jpg,T10_446,4,train,False,False
T10_d22_447_a_5.jpg,T10_447,5,train,False,False
T10_d22_447_b_5.jpg,T10_447,5,train,False,False
T10_d22_448_a_5.jpg,T10_448,5,train,False,False
T10_d22_448_b_5.jpg,T10_448,5,train,False,False
T10_d22_449_a_5.jpg,T10_449,5,train,False,False
T10_d22_449_b_5.jpg,T10_449,5,train,False,False
T10_d22_450_a_4.jpg,T10_450,4,val,False,False
T10_d22_450_b_4.jpg,T10_450,4,val,False,False
T10_d22_451_a_4.jpg,T10_451,4,val,False,False
T10_d22_451_b_4.jpg,T10_451,4,val,False,False
T10_d22_452_a_5.jpg,T10_452,5,val,False,False
T10_d22_452_b_5.jpg,T10_452,5,val,False,False
T10_d22_454_a_4.jpg,T10_454,4,train,False,False
T10_d22_454_b_4.jpg,T10_454,4,train,False,True
T10_d22_458_a_4.jpg,T10_458,4,train,False,False
T10_d22_458_b_4.jpg,T10_458,4,train,False,False
T10_d22_459_a_5.jpg,T10_459,5,train,False,False
T10_d22_459_b_5.jpg,T10_459,5,train,False,False
T10_d22_470_a_5.jpg,T10_470,5,train,False,False
T10_d22_470_b_5.jpg,T10_470,5,train,False,False
T10_d22_471_a_4.jpg,T10_471,4,test,False,False
T10_d22_471_b_4.jpg,T10_471,4,test,False,False
T10_d22_475_a_5.jpg,T10_475,5,train,False,False
T10_d22_475_b_5.jpg,T10_475,5,train,False,False
T10_d22_478_a_4.jpg,T10_478,4,val,False,False
T10_d22_478_b_4.jpg,T10_478,4,val,False,False
T10_d23_002_a_5.jpg,T10_002,5,train,False,True
T10_d23_002_b_5.jpg,T10_002,5,train,False,False
T10_d23_003_a_5.jpg,T10_003,5,train,False,False
T10_d23_003_b_5.jpg,T10_003,5,train,False,False
T10_d23_007_a_5.jpg,T10_007,5,train,False,False
T10_d23_007_b_5.jpg,T10_007,5,train,False,False
T10_d23_011_a_5.jpg,T10_011,5,train,False,False
T10_d23_011_b_5.jpg,T10_011,5,train,False,False
T10_d23_012_a_5.jpg,T10_012,5,val,False,True
T10_d23_012_b_5.jpg,T10_012,5,val,False,False
T10_d23_013_a_4.jpg,T10_013,4,train,False,False
T10_d23_013_b_4.jpg,T10_013,4,train,False,False
T10_d23_014_a_5.jpg,T10_014,5,val,False,False
T10_d23_014_b_5.jpg,T10_014,5,val,False,False
T10_d23_015_a_4.jpg,T10_015,4,test,False,False
T10_d23_015_b_4.jpg,T10_015,4,test,False,False
T10_d23_018_a_5.jpg,T10_018,5,val,False,False
T10_d23_018_b_5.jpg,T10_018,5,val,False,False
T10_d23_021_a_4.jpg,T10_021,4,train,False,False
T10_d23_021_b_4.jpg,T10_021,4,train,False,False
T10_d23_022_a_5.jpg,T10_022,5,train,False,False
T10_d23_022_b_5.jpg,T10_022,5,train,False,False
T10_d23_026_a_5.jpg,T10_026,5,train,False,False
T10_d23_026_b_5.jpg,T10_026,5,train,False,False
T10_d23_027_a_5.jpg,T10_027,5,train,False,False
T10_d23_027_b_5.jpg,T10_027,5,train,False,False
T10_d23_034_a_5.jpg,T10_034,5,train,False,False
T10_d23_034_b_5.jpg,T10_034,5,train,False,True
T10_d23_035_a_5.jpg,T10_035,5,val,False,False
T10_d23_035_b_5.jpg,T10_035,5,val,False,False
T10_d23_041_a_5.jpg,T10_041,5,val,False,True
T10_d23_041_b_5.jpg,T10_041,5,val,False,False
T10_d23_046_a_5.jpg,T10_046,5,train,False,False
T10_d23_046_b_5.jpg,T10_046,5,train,False,False
T10_d23_047_a_5.jpg,T10_047,5,train,False,False
T10_d23_047_b_5.jpg,T10_047,5,train,False,True
T10_d23_048_a_4.jpg,T10_048,4,train,False,False
T10_d23_048_b_4.jpg,T10_048,4,train,False,True
T10_d23_055_a_4.jpg,T10_055,4,train,False,False
T10_d23_055_b_4.jpg,T10_055,4,train,False,True
T10_d23_058_a_5.jpg,T10_058,5,val,False,False
T10_d23_058_b_5.jpg,T10_058,5,val,False,False
T10_d23_061_a_5.jpg,T10_061,5,train,False,False
T10_d23_061_b_5.jpg,T10_061,5,train,False,False
T10_d23_067_a_5.jpg,T10_067,5,train,False,False
T10_d23_067_b_5.jpg,T10_067,5,train,False,False
T10_d23_069_a_5.jpg,T10_069,5,train,False,False
T10_d23_069_b_5.jpg,T10_069,5,train,False,False
T10_d23_072_a_5.jpg,T10_072,5,val,False,False
T10_d23_072_b_5.jpg,T10_072,5,val,False,False
T10_d23_083_a_5.jpg,T10_083,5,train,False,False
T10_d23_083_b_5.jpg,T10_083,5,train,False,False
T10_d23_087_a_5.jpg,T10_087,5,val,False,False
T10_d23_087_b_5.jpg,T10_087,5,val,False,False
T10_d23_089_a_5.jpg,T10_089,5,train,False,False
T10_d23_089_b_5.jpg,T10_089,5,train,False,False
T10_d23_092_a_5.jpg,T10_092,5,test,False,False
T10_d23_092_b_5.jpg,T10_092,5,test,False,False
T10_d23_093_a_4.jpg,T10_093,4,train,False,False
T10_d23_093_b_4.jpg,T10_093,4,train,False,False
T10_d23_094_a_5.jpg,T10_094,5,train,False,False
T10_d23_094_b_5.jpg,T10_094,5,train,False,False
T10_d23_096_a_4.jpg,T10_096,4,train,False,False
T10_d23_096_b_4.jpg,T10_096,4,train,False,False
T10_d23_097_a_5.jpg,T10_097,5,train,False,False
T10_d23_097_b_5.jpg,T10_097,5,train,False,False
T10_d23_098_a_5.jpg,T10_098,5,train,False,False
T10_d23_098_b_5.jpg,T10_098,5,train,False,False
T10_d23_099_a_4.jpg,T10_099,4,train,False,False
T10_d23_099_b_4.jpg,T10_099,4,train,False,False
T10_d23_108_a_4.jpg,T10_108,4,train,False,False
T10_d23_108_b_4.jpg,T10_108,4,train,False,False
T10_d23_110_a_5.jpg,T10_110,5,train,False,False
T10_d23_110_b_5.jpg,T10_110,5,train,False,False
T10_d23_111_a_4.jpg,T10_111,4,val,False,True
T10_d23_111_b_4.jpg,T10_111,4,val,False,False
T10_d23_113_a_5.jpg,T10_113,5,train,False,False
T10_d23_113_b_5.jpg,T10_113,5,train,False,False
T10_d23_118_a_5.jpg,T10_118,5,train,False,False
T10_d23_118_b_5.jpg,T10_118,5,train,False,False
T10_d23_122_a_5.jpg,T10_122,5,train,False,False
T10_d23_122_b_5.jpg,T10_122,5,train,False,False
T10_d23_125_a_4.jpg,T10_125,4,train,False,False
T10_d23_125_b_4.jpg,T10_125,4,train,False,False
T10_d23_128_a_5.jpg,T10_128,5,train,False,True
T10_d23_128_b_5.jpg,T10_128,5,train,False,False
T10_d23_129_a_5.jpg,T10_129,5,train,False,False
T10_d23_129_b_5.jpg,T10_129,5,train,False,False
T10_d23_130_a_5.jpg,T10_130,5,train,False,False
T10_d23_130_b_5.jpg,T10_130,5,train,False,False
T10_d23_131_a_5.jpg,T10_131,5,train,False,False
T10_d23_131_b_5.jpg,T10_131,5,train,False,False
T10_d23_133_a_5.jpg,T10_133,5,train,False,False
T10_d23_133_b_5.jpg,T10_133,5,train,False,False
T10_d23_136_a_5.jpg,T10_136,5,val,False,False
T10_d23_136_b_5.jpg,T10_136,5,val,False,True
T10_d23_138_a_5.jpg,T10_138,5,train,False,False
T10_d23_138_b_5.jpg,T10_138,5,train,False,False
T10_d23_145_a_5.jpg,T10_145,5,train,False,False
T10_d23_145_b_5.jpg,T10_145,5,train,False,False
T10_d23_149_a_5.jpg,T10_149,5,train,False,False
T10_d23_149_b_5.jpg,T10_149,5,train,False,False
T10_d23_152_a_5.jpg,T10_152,5,train,False,False
T10_d23_152_b_5.jpg,T10_152,5,train,False,False
T10_d23_156_a_5.jpg,T10_156,5,train,False,False
T10_d23_156_b_5.jpg,T10_156,5,train,False,False
T10_d23_165_a_5.jpg,T10_165,5,train,False,False
T10_d23_165_b_5.jpg,T10_165,5,train,False,False
T10_d23_166_a_5.jpg,T10_166,5,train,False,False
T10_d23_166_b_5.jpg,T10_166,5,train,False,False
T10_d23_167_a_5.jpg,T10_167,5,train,False,False
T10_d23_167_b_5.jpg,T10_167,5,train,False,False
T10_d23_168_a_5.jpg,T10_168,5,train,False,False
T10_d23_168_b_5.jpg,T10_168,5,train,False,False
T10_d23_172_a_5.jpg,T10_172,5,train,False,True
T10_d23_172_b_5.jpg,T10_172,5,train,False,False
T10_d23_181_a_5.jpg,T10_181,5,train,False,False
T10_d23_181_b_5.jpg,T10_181,5,train,False,False
T10_d23_193_a_5.jpg,T10_193,5,train,False,True
T10_d23_193_b_5.jpg,T10_193,5,train,False,False
T10_d23_194_a_4.jpg,T10_194,4,train,False,False
T10_d23_194_b_4.jpg,T10_194,4,train,False,False
T10_d23_196_a_4.jpg,T10_196,4,train,False,False
T10_d23_196_b_4.jpg,T10_196,4,train,False,False
T10_d23_202_a_5.jpg,T10_202,5,train,False,False
T10_d23_202_b_5.jpg,T10_202,5,train,False,False
T10_d23_204_a_5.jpg,T10_204,5,train,False,False
T10_d23_204_b_5.jpg,T10_204,5,train,False,False
T10_d23_206_a_4.jpg,T10_206,4,train,False,False
T10_d23_206_b_4.jpg,T10_206,4,train,False,False
T10_d23_211_a_5.jpg,T10_211,5,train,False,False
T10_d23_211_b_5.jpg,T10_211,5,train,False,False
T10_d23_213_a_4.jpg,T10_213,4,train,False,False
T10_d23_213_b_4.jpg,T10_213,4,train,False,False
T10_d23_217_a_4.jpg,T10_217,4,train,False,False
T10_d23_217_b_4.jpg,T10_217,4,train,False,False
T10_d23_219_a_5.jpg,T10_219,5,test,False,False
T10_d23_219_b_5.jpg,T10_219,5,test,False,False
T10_d23_220_a_5.jpg,T10_220,5,val,False,False
T10_d23_220_b_5.jpg,T10_220,5,val,False,False
T10_d23_227_a_5.jpg,T10_227,5,train,False,False
T10_d23_227_b_5.jpg,T10_227,5,train,False,False
T10_d23_229_a_5.jpg,T10_229,5,train,False,False
T10_d23_229_b_5.jpg,T10_229,5,train,False,False
T10_d23_233_a_5.jpg,T10_233,5,train,False,False
T10_d23_233_b_5.jpg,T10_233,5,train,False,False
T10_d23_234_a_5.jpg,T10_234,5,train,False,False
T10_d23_234_b_5.jpg,T10_234,5,train,False,False
T10_d23_236_a_5.jpg,T10_236,5,train,False,False
T10_d23_236_b_5.jpg,T10_236,5,train,False,False
T10_d23_237_a_5.jpg,T10_237,5,train,False,False
T10_d23_237_b_5.jpg,T10_237,5,train,False,True
T10_d23_243_a_5.jpg,T10_243,5,train,False,False
T10_d23_243_b_5.jpg,T10_243,5,train,False,False
T10_d23_250_a_5.jpg,T10_250,5,train,False,False
T10_d23_250_b_5.jpg,T10_250,5,train,False,False
T10_d23_252_a_5.jpg,T10_252,5,train,False,False
T10_d23_252_b_5.jpg,T10_252,5,train,False,False
T10_d23_253_a_4.jpg,T10_253,4,val,False,False
T10_d23_253_b_4.jpg,T10_253,4,val,False,False
T10_d23_254_a_5.jpg,T10_254,5,val,False,False
T10_d23_254_b_5.jpg,T10_254,5,val,False,True
T10_d23_262_a_5.jpg,T10_262,5,train,False,False
T10_d23_262_b_5.jpg,T10_262,5,train,False,False
T10_d23_269_a_4.jpg,T10_269,4,train,False,False
T10_d23_269_b_4.jpg,T10_269,4,train,False,False
T10_d23_274_a_5.jpg,T10_274,5,train,True,False
T10_d23_274_b_5.jpg,T10_274,5,train,True,False
T10_d23_275_a_5.jpg,T10_275,5,test,False,False
T10_d23_275_b_5.jpg,T10_275,5,test,False,False
T10_d23_276_a_5.jpg,T10_276,5,train,False,True
T10_d23_276_b_5.jpg,T10_276,5,train,False,True
T10_d23_282_a_5.jpg,T10_282,5,train,False,True
T10_d23_282_b_5.jpg,T10_282,5,train,False,False
T10_d23_283_a_5.jpg,T10_283,5,train,False,True
T10_d23_283_b_5.jpg,T10_283,5,train,False,False
T10_d23_284_a_5.jpg,T10_284,5,train,False,False
T10_d23_284_b_5.jpg,T10_284,5,train,False,False
T10_d23_290_a_5.jpg,T10_290,5,train,False,False
T10_d23_290_b_5.jpg,T10_290,5,train,False,False
T10_d23_292_a_5.jpg,T10_292,5,val,False,False
T10_d23_292_b_5.jpg,T10_292,5,val,False,False
T10_d23_294_a_5.jpg,T10_294,5,train,False,False
T10_d23_294_b_5.jpg,T10_294,5,train,False,True
T10_d23_295_a_5.jpg,T10_295,5,train,False,False
T10_d23_295_b_5.jpg,T10_295,5,train,False,False
T10_d23_296_a_5.jpg,T10_296,5,train,False,False
T10_d23_296_b_5.jpg,T10_296,5,train,False,True
T10_d23_306_a_4.jpg,T10_306,4,train,False,False
T10_d23_306_b_4.jpg,T10_306,4,train,False,False
T10_d23_310_a_4.jpg,T10_310,4,val,False,False
T10_d23_310_b_4.jpg,T10_310,4,val,False,False
T10_d23_315_a_4.jpg,T10_315,4,train,False,False
T10_d23_315_b_4.jpg,T10_315,4,train,False,False
T10_d23_326_a_5.jpg,T10_326,5,train,False,False
T10_d23_326_b_5.jpg,T10_326,5,train,False,False
T10_d23_327_a_5.jpg,T10_327,5,train,False,False
T10_d23_327_b_5.jpg,T10_327,5,train,False,False
T10_d23_328_a_5.jpg,T10_328,5,train,False,False
T10_d23_328_b_5.jpg,T10_328,5,train,False,False
T10_d23_330_a_4.jpg,T10_330,4,train,False,False
T10_d23_330_b_4.jpg,T10_330,4,train,False,False
T10_d23_333_a_4.jpg,T10_333,4,train,False,True
T10_d23_333_b_4.jpg,T10_333,4,train,False,False
T10_d23_336_a_5.jpg,T10_336,5,train,False,False
T10_d23_336_b_5.jpg,T10_336,5,train,False,False
T10_d23_337_a_4.jpg,T10_337,4,train,False,False
T10_d23_337_b_4.jpg,T10_337,4,train,False,False
T10_d23_338_a_5.jpg,T10_338,5,train,False,False
T10_d23_338_b_5.jpg,T10_338,5,train,False,False
T10_d23_349_a_5.jpg,T10_349,5,train,False,False
T10_d23_349_b_5.jpg,T10_349,5,train,False,False
T10_d23_350_a_4.jpg,T10_350,4,train,False,False
T10_d23_350_b_4.jpg,T10_350,4,train,False,False
T10_d23_353_a_5.jpg,T10_353,5,val,False,False
T10_d23_353_b_5.jpg,T10_353,5,val,False,False
T10_d23_355_a_4.jpg,T10_355,4,train,False,False
T10_d23_355_b_4.jpg,T10_355,4,train,False,False
T10_d23_357_a_5.jpg,T10_357,5,train,False,False
T10_d23_357_b_5.jpg,T10_357,5,train,False,False
T10_d23_366_a_5.jpg,T10_366,5,train,False,False
T10_d23_366_b_5.jpg,T10_366,5,train,False,False
T10_d23_367_a_5.jpg,T10_367,5,train,False,False
T10_d23_367_b_5.jpg,T10_367,5,train,False,False
T10_d23_372_a_5.jpg,T10_372,5,train,False,False
T10_d23_372_b_5.jpg,T10_372,5,train,False,False
T10_d23_375_a_5.jpg,T10_375,5,val,False,False
T10_d23_375_b_5.jpg,T10_375,5,val,False,False
T10_d23_376_a_5.jpg,T10_376,5,train,False,False
T10_d23_376_b_5.jpg,T10_376,5,train,False,False
T10_d23_377_a_5.jpg,T10_377,5,train,False,False
T10_d23_377_b_5.jpg,T10_377,5,train,False,False
T10_d23_381_a_5.jpg,T10_381,5,train,False,False
T10_d23_381_b_5.jpg,T10_381,5,train,False,False
T10_d23_382_a_4.jpg,T10_382,4,train,False,False
T10_d23_382_b_4.jpg,T10_382,4,train,False,False
T10_d23_385_a_5.jpg,T10_385,5,val,False,False
T10_d23_385_b_5.jpg,T10_385,5,val,False,True
T10_d23_387_a_5.jpg,T10_387,5,train,False,False
T10_d23_387_b_5.jpg,T10_387,5,train,False,False
T10_d23_392_a_5.jpg,T10_392,5,test,False,False
T10_d23_392_b_5.jpg,T10_392,5,test,False,False
T10_d23_393_a_4.jpg,T10_393,4,val,False,False
T10_d23_393_b_4.jpg,T10_393,4,val,False,False
T10_d23_395_a_5.jpg,T10_395,5,test,False,False
T10_d23_395_b_5.jpg,T10_395,5,test,False,True
T10_d23_399_a_5.jpg,T10_399,5,val,False,False
T10_d23_399_b_5.jpg,T10_399,5,val,False,False
T10_d23_400_a_5.jpg,T10_400,5,train,False,False
T10_d23_400_b_5.jpg,T10_400,5,train,False,False
T10_d23_401_a_5.jpg,T10_401,5,train,False,False
T10_d23_401_b_5.jpg,T10_401,5,train,False,False
T10_d23_402_a_4.jpg,T10_402,4,val,False,False
T10_d23_402_b_4.jpg,T10_402,4,val,False,False
T10_d23_405_a_5.jpg,T10_405,5,train,False,False
T10_d23_405_b_5.jpg,T10_405,5,train,False,False
T10_d23_406_a_5.jpg,T10_406,5,val,False,False
T10_d23_406_b_5.jpg,T10_406,5,val,False,False
T10_d23_408_a_5.jpg,T10_408,5,train,False,True
T10_d23_408_b_5.jpg,T10_408,5,train,False,False
T10_d23_410_a_4.jpg,T10_410,4,train,False,False
T10_d23_410_b_4.jpg,T10_410,4,train,False,False
T10_d23_411_a_5.jpg,T10_411,5,val,False,False
T10_d23_411_b_5.jpg,T10_411,5,val,False,False
T10_d23_413_a_4.jpg,T10_413,4,train,False,False
T10_d23_413_b_4.jpg,T10_413,4,train,False,False
T10_d23_414_a_4.jpg,T10_414,4,train,False,False
T10_d23_414_b_4.jpg,T10_414,4,train,False,False
T10_d23_415_a_5.jpg,T10_415,5,train,False,False
T10_d23_415_b_5.jpg,T10_415,5,train,False,False
T10_d23_420_a_4.jpg,T10_420,4,train,False,False
T10_d23_420_b_4.jpg,T10_420,4,train,False,False
T10_d23_422_a_5.jpg,T10_422,5,train,False,False
T10_d23_422_b_5.jpg,T10_422,5,train,False,False
T10_d23_425_a_5.jpg,T10_425,5,train,False,False
T10_d23_425_b_5.jpg,T10_425,5,train,False,False
T10_d23_429_a_5.jpg,T10_429,5,train,False,False
T10_d23_429_b_5.jpg,T10_429,5,train,False,True
T10_d23_430_a_5.jpg,T10_430,5,val,False,False
T10_d23_430_b_5.jpg,T10_430,5,val,False,False
T10_d23_442_a_4.jpg,T10_442,4,train,False,False
T10_d23_442_b_4.jpg,T10_442,4,train,False,False
T10_d23_444_a_5.jpg,T10_444,5,train,False,False
T10_d23_444_b_5.jpg,T10_444,5,train,False,False
T10_d23_445_a_5.jpg,T10_445,5,train,False,False
T10_d23_445_b_5.jpg,T10_445,5,train,False,True
T10_d23_446_a_4.jpg,T10_446,4,train,False,False
T10_d23_446_b_4.jpg,T10_446,4,train,False,True
T10_d23_447_a_5.jpg,T10_447,5,train,False,False
T10_d23_447_b_5.jpg,T10_447,5,train,False,False
T10_d23_448_a_5.jpg,T10_448,5,train,False,True
T10_d23_448_b_5.jpg,T10_448,5,train,False,False
T10_d23_449_a_5.jpg,T10_449,5,train,False,False
T10_d23_449_b_5.jpg,T10_449,5,train,False,False
T10_d23_450_a_5.jpg,T10_450,5,val,False,False
T10_d23_450_b_5.jpg,T10_450,5,val,False,False
T10_d23_451_a_4.jpg,T10_451,4,val,False,False
T10_d23_451_b_4.jpg,T10_451,4,val,False,False
T10_d23_452_a_5.jpg,T10_452,5,val,False,False
T10_d23_452_b_5.jpg,T10_452,5,val,False,False
T10_d23_454_a_4.jpg,T10_454,4,train,False,False
T10_d23_454_b_4.jpg,T10_454,4,train,False,False
T10_d23_458_a_4.jpg,T10_458,4,train,False,False
T10_d23_458_b_4.jpg,T10_458,4,train,False,False
T10_d23_459_a_5.jpg,T10_459,5,train,False,False
T10_d23_459_b_5.jpg,T10_459,5,train,False,False
T10_d23_470_a_5.jpg,T10_470,5,train,False,False
T10_d23_470_b_5.jpg,T10_470,5,train,False,False
T10_d23_471_a_5.jpg,T10_471,5,test,False,False
T10_d23_471_b_5.jpg,T10_471,5,test,False,False
T10_d23_475_a_5.jpg,T10_475,5,train,False,False
T10_d23_475_b_5.jpg,T10_475,5,train,False,False
T10_d23_478_a_4.jpg,T10_478,4,val,False,False
T10_d23_478_b_4.jpg,T10_478,4,val,False,False
T10_d24_002_a_5.jpg,T10_002,5,train,False,False
T10_d24_002_b_5.jpg,T10_002,5,train,False,False
T10_d24_003_a_5.jpg,T10_003,5,train,False,False
T10_d24_003_b_5.jpg,T10_003,5,train,False,False
T10_d24_007_a_5.jpg,T10_007,5,train,False,False
T10_d24_007_b_5.jpg,T10_007,5,train,False,False
T10_d24_011_a_5.jpg,T10_011,5,train,False,False
T10_d24_011_b_5.jpg,T10_011,5,train,False,False
T10_d24_012_a_5.jpg,T10_012,5,val,False,False
T10_d24_012_b_5.jpg,T10_012,5,val,False,False
T10_d24_013_a_4.jpg,T10_013,4,train,False,False
T10_d24_013_b_4.jpg,T10_013,4,train,False,False
T10_d24_014_a_5.jpg,T10_014,5,val,False,False
T10_d24_014_b_5.jpg,T10_014,5,val,False,False
T10_d24_015_a_4.jpg,T10_015,4,test,False,False
T10_d24_015_b_4.jpg,T10_015,4,test,False,False
T10_d24_018_a_5.jpg,T10_018,5,val,False,False
T10_d24_018_b_5.jpg,T10_018,5,val,False,False
T10_d24_021_a_5.jpg,T10_021,5,train,False,False
T10_d24_021_b_5.jpg,T10_021,5,train,False,False
T10_d24_022_a_5.jpg,T10_022,5,train,False,False
T10_d24_022_b_5.jpg,T10_022,5,train,False,False
T10_d24_026_a_5.jpg,T10_026,5,train,False,False
T10_d24_026_b_5.jpg,T10_026,5,train,False,False
T10_d24_034_a_5.jpg,T10_034,5,train,False,False
T10_d24_034_b_5.jpg,T10_034,5,train,False,False
T10_d24_035_a_5.jpg,T10_035,5,val,False,False
T10_d24_035_b_5.jpg,T10_035,5,val,False,False
T10_d24_041_a_5.jpg,T10_041,5,val,False,True
T10_d24_041_b_5.jpg,T10_041,5,val,False,False
T10_d24_046_a_5.jpg,T10_046,5,train,False,False
T10_d24_046_b_5.jpg,T10_046,5,train,False,False
T10_d24_047_a_5.jpg,T10_047,5,train,False,True
T10_d24_047_b_5.jpg,T10_047,5,train,False,False
T10_d24_048_a_5.jpg,T10_048,5,train,False,False
T10_d24_048_b_5.jpg,T10_048,5,train,False,False
T10_d24_055_a_4.jpg,T10_055,4,train,False,False
T10_d24_055_b_4.jpg,T10_055,4,train,False,False
T10_d24_058_a_5.jpg,T10_058,5,val,False,False
T10_d24_058_b_5.jpg,T10_058,5,val,False,False
T10_d24_061_a_5.jpg,T10_061,5,train,False,False
T10_d24_061_b_5.jpg,T10_061,5,train,False,False
T10_d24_067_a_5.jpg,T10_067,5,train,False,False
T10_d24_067_b_5.jpg,T10_067,5,train,False,False
T10_d24_069_a_5.jpg,T10_069,5,train,False,False
T10_d24_069_b_5.jpg,T10_069,5,train,False,False
T10_d24_072_a_5.jpg,T10_072,5,val,False,False
T10_d24_072_b_5.jpg,T10_072,5,val,False,True
T10_d24_083_a_5.jpg,T10_083,5,train,False,False
T10_d24_083_b_5.jpg,T10_083,5,train,False,False
T10_d24_087_a_5.jpg,T10_087,5,val,False,False
T10_d24_087_b_5.jpg,T10_087,5,val,False,False
T10_d24_089_a_5.jpg,T10_089,5,train,False,False
T10_d24_089_b_5.jpg,T10_089,5,train,False,False
T10_d24_092_a_5.jpg,T10_092,5,test,False,False
T10_d24_092_b_5.jpg,T10_092,5,test,False,False
T10_d24_093_a_5.jpg,T10_093,5,train,False,False
T10_d24_093_b_5.jpg,T10_093,5,train,False,False
T10_d24_094_a_5.jpg,T10_094,5,train,False,False
T10_d24_094_b_5.jpg,T10_094,5,train,False,False
T10_d24_096_a_4.jpg,T10_096,4,train,False,True
T10_d24_096_b_4.jpg,T10_096,4,train,False,False
T10_d24_097_a_5.jpg,T10_097,5,train,False,False
T10_d24_097_b_5.jpg,T10_097,5,train,False,False
T10_d24_098_a_5.jpg,T10_098,5,train,False,False
T10_d24_098_b_5.jpg,T10_098,5,train,False,False
T10_d24_099_a_5.jpg,T10_099,5,train,False,False
T10_d24_099_b_5.jpg,T10_099,5,train,False,False
T10_d24_110_a_5.jpg,T10_110,5,train,False,False
T10_d24_110_b_5.jpg,T10_110,5,train,False,False
T10_d24_111_a_5.jpg,T10_111,5,val,False,False
T10_d24_111_b_5.jpg,T10_111,5,val,False,False
T10_d24_113_a_5.jpg,T10_113,5,train,False,False
T10_d24_113_b_5.jpg,T10_113,5,train,False,False
T10_d24_118_a_5.jpg,T10_118,5,train,False,False
T10_d24_118_b_5.jpg,T10_118,5,train,False,True
T10_d24_122_a_5.jpg,T10_122,5,train,False,False
T10_d24_122_b_5.jpg,T10_122,5,train,False,False
T10_d24_125_a_5.jpg,T10_125,5,train,False,False
T10_d24_125_b_5.jpg,T10_125,5,train,False,False
T10_d24_128_a_5.jpg,T10_128,5,train,False,False
T10_d24_128_b_5.jpg,T10_128,5,train,False,False
T10_d24_129_a_5.jpg,T10_129,5,train,False,False
T10_d24_129_b_5.jpg,T10_129,5,train,False,False
T10_d24_130_a_5.jpg,T10_130,5,train,False,False
T10_d24_130_b_5.jpg,T10_130,5,train,False,False
T10_d24_131_a_5.jpg,T10_131,5,train,False,False
T10_d24_131_b_5.jpg,T10_131,5,train,False,False
T10_d24_133_a_5.jpg,T10_133,5,train,False,False
T10_d24_133_b_5.jpg,T10_133,5,train,False,False
T10_d24_136_a_5.jpg,T10_136,5,val,False,False
T10_d24_136_b_5.jpg,T10_136,5,val,False,False
T10_d24_138_a_5.jpg,T10_138,5,train,False,False
T10_d24_138_b_5.jpg,T10_138,5,train,False,False
T10_d24_145_a_5.jpg,T10_145,5,train,False,False
T10_d24_145_b_5.jpg,T10_145,5,train,False,False
T10_d24_149_a_5.jpg,T10_149,5,train,False,False
T10_d24_149_b_5.jpg,T10_149,5,train,False,False
T10_d24_152_a_5.jpg,T10_152,5,train,False,False
T10_d24_152_b_5.jpg,T10_152,5,train,False,False
T10_d24_156_a_5.jpg,T10_156,5,train,False,False
T10_d24_156_b_5.jpg,T10_156,5,train,False,False
T10_d24_165_a_5.jpg,T10_165,5,train,False,False
T10_d24_165_b_5.jpg,T10_165,5,train,False,True
T10_d24_166_a_5.jpg,T10_166,5,train,False,False
T10_d24_166_b_5.jpg,T10_166,5,train,False,False
T10_d24_167_a_5.jpg,T10_167,5,train,False,False
T10_d24_167_b_5.jpg,T10_167,5,train,False,True
T10_d24_168_a_5.jpg,T10_168,5,train,False,False
T10_d24_168_b_5.jpg,T10_168,5,train,False,False
T10_d24_172_a_5.jpg,T10_172,5,train,False,False
T10_d24_172_b_5.jpg,T10_172,5,train,False,False
T10_d24_181_a_5.jpg,T10_181,5,train,False,False
T10_d24_181_b_5.jpg,T10_181,5,train,False,False
T10_d24_193_a_5.jpg,T10_193,5,train,False,False
T10_d24_193_b_5.jpg,T10_193,5,train,False,False
T10_d24_194_a_4.jpg,T10_194,4,train,False,False
T10_d24_194_b_4.jpg,T10_194,4,train,False,False
T10_d24_196_a_5.jpg,T10_196,5,train,False,False
T10_d24_196_b_5.jpg,T10_196,5,train,False,False
T10_d24_202_a_5.jpg,T10_202,5,train,False,True
T10_d24_202_b_5.jpg,T10_202,5,train,False,False
T10_d24_204_a_5.jpg,T10_204,5,train,False,False
T10_d24_204_b_5.jpg,T10_204,5,train,False,False
T10_d24_206_a_4.jpg,T10_206,4,train,False,False
T10_d24_206_b_4.jpg,T10_206,4,train,False,True
T10_d24_211_a_5.jpg,T10_211,5,train,False,False
T10_d24_211_b_5.jpg,T10_211,5,train,False,False
T10_d24_213_a_5.jpg,T10_213,5,train,False,False
T10_d24_213_b_5.jpg,T10_213,5,train,False,False
T10_d24_217_a_5.jpg,T10_217,5,train,False,False
T10_d24_217_b_5.jpg,T10_217,5,train,False,False
T10_d24_219_a_5.jpg,T10_219,5,test,False,False
T10_d24_219_b_5.jpg,T10_219,5,test,False,False
T10_d24_220_a_5.jpg,T10_220,5,val,False,False
T10_d24_220_b_5.jpg,T10_220,5,val,False,False
T10_d24_227_a_5.jpg,T10_227,5,train,False,False
T10_d24_227_b_5.jpg,T10_227,5,train,False,False
T10_d24_229_a_5.jpg,T10_229,5,train,False,False
T10_d24_229_b_5.jpg,T10_229,5,train,False,False
T10_d24_233_a_5.jpg,T10_233,5,train,False,False
T10_d24_233_b_5.jpg,T10_233,5,train,False,False
T10_d24_234_a_5.jpg,T10_234,5,train,False,False
T10_d24_234_b_5.jpg,T10_234,5,train,False,True
T10_d24_236_a_5.jpg,T10_236,5,train,False,False
T10_d24_236_b_5.jpg,T10_236,5,train,False,False
T10_d24_237_a_5.jpg,T10_237,5,train,False,False
T10_d24_237_b_5.jpg,T10_237,5,train,False,False
T10_d24_243_a_5.jpg,T10_243,5,train,False,False
T10_d24_243_b_5.jpg,T10_243,5,train,False,False
T10_d24_250_a_5.jpg,T10_250,5,train,False,False
T10_d24_250_b_5.jpg,T10_250,5,train,False,False
T10_d24_253_a_4.jpg,T10_253,4,val,False,False
T10_d24_253_b_4.jpg,T10_253,4,val,False,False
T10_d24_254_a_5.jpg,T10_254,5,val,False,False
T10_d24_254_b_5.jpg,T10_254,5,val,False,False
T10_d24_262_a_5.jpg,T10_262,5,train,False,False
T10_d24_262_b_5.jpg,T10_262,5,train,False,False
T10_d24_269_a_4.jpg,T10_269,4,train,False,False
T10_d24_269_b_4.jpg,T10_269,4,train,False,False
T10_d24_274_a_5.jpg,T10_274,5,train,True,False
T10_d24_274_b_5.jpg,T10_274,5,train,True,False
T10_d24_275_a_5.jpg,T10_275,5,test,False,False
T10_d24_275_b_5.jpg,T10_275,5,test,False,False
T10_d24_276_a_5.jpg,T10_276,5,train,False,False
T10_d24_276_b_5.jpg,T10_276,5,train,False,False
T10_d24_282_a_5.jpg,T10_282,5,train,False,True
T10_d24_282_b_5.jpg,T10_282,5,train,False,False
T10_d24_283_a_5.jpg,T10_283,5,train,False,False
T10_d24_283_b_5.jpg,T10_283,5,train,False,False
T10_d24_284_a_5.jpg,T10_284,5,train,False,False
T10_d24_284_b_5.jpg,T10_284,5,train,False,False
T10_d24_290_a_5.jpg,T10_290,5,train,False,False
T10_d24_290_b_5.jpg,T10_290,5,train,False,False
T10_d24_292_a_5.jpg,T10_292,5,val,False,False
T10_d24_292_b_5.jpg,T10_292,5,val,False,False
T10_d24_294_a_5.jpg,T10_294,5,train,False,True
T10_d24_294_b_5.jpg,T10_294,5,train,False,True
T10_d24_295_a_5.jpg,T10_295,5,train,False,False
T10_d24_295_b_5.jpg,T10_295,5,train,False,True
T10_d24_296_a_5.jpg,T10_296,5,train,False,False
T10_d24_296_b_5.jpg,T10_296,5,train,False,False
T10_d24_306_a_5.jpg,T10_306,5,train,False,False
T10_d24_306_b_5.jpg,T10_306,5,train,False,False
T10_d24_310_a_5.jpg,T10_310,5,val,False,False
T10_d24_310_b_5.jpg,T10_310,5,val,False,False
T10_d24_315_a_4.jpg,T10_315,4,train,False,False
T10_d24_315_b_4.jpg,T10_315,4,train,False,True
T10_d24_326_a_5.jpg,T10_326,5,train,False,False
T10_d24_326_b_5.jpg,T10_326,5,train,False,False
T10_d24_327_a_5.jpg,T10_327,5,train,False,False
T10_d24_327_b_5.jpg,T10_327,5,train,False,False
T10_d24_328_a_5.jpg,T10_328,5,train,False,False
T10_d24_328_b_5.jpg,T10_328,5,train,False,False
T10_d24_330_a_4.jpg,T10_330,4,train,False,False
T10_d24_330_b_4.jpg,T10_330,4,train,False,False
T10_d24_333_a_5.jpg,T10_333,5,train,False,False
T10_d24_333_b_5.jpg,T10_333,5,train,False,False
T10_d24_336_a_5.jpg,T10_336,5,train,False,True
T10_d24_336_b_5.jpg,T10_336,5,train,False,False
T10_d24_337_a_4.jpg,T10_337,4,train,False,False
T10_d24_337_b_4.jpg,T10_337,4,train,False,False
T10_d24_338_a_5.jpg,T10_338,5,train,False,False
T10_d24_338_b_5.jpg,T10_338,5,train,False,False
T10_d24_349_a_5.jpg,T10_349,5,train,False,True
T10_d24_349_b_5.jpg,T10_349,5,train,False,False
T10_d24_350_a_5.jpg,T10_350,5,train,False,False
T10_d24_350_b_5.jpg,T10_350,5,train,False,True
T10_d24_353_a_5.jpg,T10_353,5,val,False,False
T10_d24_353_b_5.jpg,T10_353,5,val,False,False
T10_d24_355_a_5.jpg,T10_355,5,train,False,False
T10_d24_355_b_5.jpg,T10_355,5,train,False,False
T10_d24_357_a_5.jpg,T10_357,5,train,False,True
T10_d24_357_b_5.jpg,T10_357,5,train,False,False
T10_d24_366_a_5.jpg,T10_366,5,train,False,False
T10_d24_366_b_5.jpg,T10_366,5,train,False,False
T10_d24_367_a_5.jpg,T10_367,5,train,False,False
T10_d24_367_b_5.jpg,T10_367,5,train,False,False
T10_d24_372_a_5.jpg,T10_372,5,train,False,False
T10_d24_372_b_5.jpg,T10_372,5,train,False,False
T10_d24_375_a_5.jpg,T10_375,5,val,False,False
T10_d24_375_b_5.jpg,T10_375,5,val,False,False
T10_d24_376_a_5.jpg,T10_376,5,train,False,False
T10_d24_376_b_5.jpg,T10_376,5,train,False,False
T10_d24_377_a_5.jpg,T10_377,5,train,False,False
T10_d24_377_b_5.jpg,T10_377,5,train,False,False
T10_d24_381_a_5.jpg,T10_381,5,train,False,False
T10_d24_381_b_5.jpg,T10_381,5,train,False,True
T10_d24_382_a_4.jpg,T10_382,4,train,False,False
T10_d24_382_b_4.jpg,T10_382,4,train,False,False
T10_d24_385_a_5.jpg,T10_385,5,val,False,False
T10_d24_385_b_5.jpg,T10_385,5,val,False,False
T10_d24_387_a_5.jpg,T10_387,5,train,False,False
T10_d24_387_b_5.jpg,T10_387,5,train,False,False
T10_d24_392_a_5.jpg,T10_392,5,test,False,False
T10_d24_392_b_5.jpg,T10_392,5,test,False,False
T10_d24_393_a_4.jpg,T10_393,4,val,False,False
T10_d24_393_b_4.jpg,T10_393,4,val,False,False
T10_d24_395_a_5.jpg,T10_395,5,test,False,False
T10_d24_395_b_5.jpg,T10_395,5,test,False,False
T10_d24_399_a_5.jpg,T10_399,5,val,False,False
T10_d24_399_b_5.jpg,T10_399,5,val,False,False
T10_d24_400_a_5.jpg,T10_400,5,train,False,False
T10_d24_400_b_5.jpg,T10_400,5,train,False,False
T10_d24_401_a_5.jpg,T10_401,5,train,False,False
T10_d24_401_b_5.jpg,T10_401,5,train,False,True
T10_d24_402_a_5.jpg,T10_402,5,val,False,False
T10_d24_402_b_5.jpg,T10_402,5,val,False,False
T10_d24_405_a_5.jpg,T10_405,5,train,False,False
T10_d24_405_b_5.jpg,T10_405,5,train,False,False
T10_d24_406_a_5.jpg,T10_406,5,val,False,False
T10_d24_406_b_5.jpg,T10_406,5,val,False,False
T10_d24_408_a_5.jpg,T10_408,5,train,False,False
T10_d24_408_b_5.jpg,T10_408,5,train,False,False
T10_d24_410_a_5.jpg,T10_410,5,train,False,False
T10_d24_410_b_5.jpg,T10_410,5,train,False,False
T10_d24_411_a_5.jpg,T10_411,5,val,False,False
T10_d24_411_b_5.jpg,T10_411,5,val,False,False
T10_d24_413_a_5.jpg,T10_413,5,train,False,False
T10_d24_413_b_5.jpg,T10_413,5,train,False,False
T10_d24_414_a_4.jpg,T10_414,4,train,False,False
T10_d24_414_b_4.jpg,T10_414,4,train,False,False
T10_d24_415_a_5.jpg,T10_415,5,train,False,False
T10_d24_415_b_5.jpg,T10_415,5,train,False,True
T10_d24_420_a_4.jpg,T10_420,4,train,False,False
T10_d24_420_b_4.jpg,T10_420,4,train,False,False
T10_d24_422_a_5.jpg,T10_422,5,train,False,False
T10_d24_422_b_5.jpg,T10_422,5,train,False,False
T10_d24_425_a_5.jpg,T10_425,5,train,False,False
T10_d24_425_b_5.jpg,T10_425,5,train,False,False
T10_d24_429_a_5.jpg,T10_429,5,train,False,False
T10_d24_429_b_5.jpg,T10_429,5,train,False,False
T10_d24_430_a_5.jpg,T10_430,5,val,False,False
T10_d24_430_b_5.jpg,T10_430,5,val,False,False
T10_d24_442_a_4.jpg,T10_442,4,train,False,True
T10_d24_442_b_4.jpg,T10_442,4,train,False,False
T10_d24_444_a_5.jpg,T10_444,5,train,False,False
T10_d24_444_b_5.jpg,T10_444,5,train,False,False
T10_d24_445_a_5.jpg,T10_445,5,train,False,False
T10_d24_445_b_5.jpg,T10_445,5,train,False,False
T10_d24_446_a_5.jpg,T10_446,5,train,False,True
T10_d24_446_b_5.jpg,T10_446,5,train,False,False
T10_d24_447_a_5.jpg,T10_447,5,train,False,False
T10_d24_447_b_5.jpg,T10_447,5,train,False,False
T10_d24_448_a_5.jpg,T10_448,5,train,False,False
T10_d24_448_b_5.jpg,T10_448,5,train,False,False
T10_d24_449_a_5.jpg,T10_449,5,train,False,False
T10_d24_449_b_5.jpg,T10_449,5,train,False,False
T10_d24_450_a_5.jpg,T10_450,5,val,False,False
T10_d24_450_b_5.jpg,T10_450,5,val,False,False
T10_d24_451_a_5.jpg,T10_451,5,val,False,False
T10_d24_451_b_5.jpg,T10_451,5,val,False,False
T10_d24_452_a_5.jpg,T10_452,5,val,False,False
T10_d24_452_b_5.jpg,T10_452,5,val,False,False
T10_d24_454_a_4.jpg,T10_454,4,train,False,False
T10_d24_454_b_4.jpg,T10_454,4,train,False,False
T10_d24_458_a_4.jpg,T10_458,4,train,False,False
T10_d24_458_b_4.jpg,T10_458,4,train,False,False
T10_d24_459_a_5.jpg,T10_459,5,train,False,False
T10_d24_459_b_5.jpg,T10_459,5,train,False,False
T10_d24_470_a_5.jpg,T10_470,5,train,False,False
T10_d24_470_b_5.jpg,T10_470,5,train,False,True
T10_d24_471_a_5.jpg,T10_471,5,test,False,True
T10_d24_471_b_5.jpg,T10_471,5,test,False,False
T10_d24_475_a_5.jpg,T10_475,5,train,False,True
T10_d24_475_b_5.jpg,T10_475,5,train,False,False
T10_d24_478_a_4.jpg,T10_478,4,val,False,True
T10_d24_478_b_4.jpg,T10_478,4,val,False,False
T10_d25_002_a_5.jpg,T10_002,5,train,False,False
T10_d25_002_b_5.jpg,T10_002,5,train,False,False
T10_d25_003_a_5.jpg,T10_003,5,train,False,True
T10_d25_003_b_5.jpg,T10_003,5,train,False,False
T10_d25_007_a_5.jpg,T10_007,5,train,False,False
T10_d25_007_b_5.jpg,T10_007,5,train,False,False
T10_d25_011_a_5.jpg,T10_011,5,train,False,False
T10_d25_011_b_5.jpg,T10_011,5,train,False,False
T10_d25_012_a_5.jpg,T10_012,5,val,False,False
T10_d25_012_b_5.jpg,T10_012,5,val,False,False
T10_d25_013_a_5.jpg,T10_013,5,train,False,False
T10_d25_013_b_5.jpg,T10_013,5,train,False,False
T10_d25_014_a_5.jpg,T10_014,5,val,False,False
T10_d25_014_b_5.jpg,T10_014,5,val,False,False
T10_d25_015_a_5.jpg,T10_015,5,test,False,True
T10_d25_015_b_5.jpg,T10_015,5,test,False,False
T10_d25_018_a_5.jpg,T10_018,5,val,False,False
T10_d25_018_b_5.jpg,T10_018,5,val,False,False
T10_d25_021_a_5.jpg,T10_021,5,train,False,False
T10_d25_021_b_5.jpg,T10_021,5,train,False,False
T10_d25_022_a_5.jpg,T10_022,5,train,False,False
T10_d25_022_b_5.jpg,T10_022,5,train,False,False
T10_d25_026_a_5.jpg,T10_026,5,train,False,False
T10_d25_026_b_5.jpg,T10_026,5,train,False,True
T10_d25_034_a_5.jpg,T10_034,5,train,False,False
T10_d25_034_b_5.jpg,T10_034,5,train,False,False
T10_d25_035_a_5.jpg,T10_035,5,val,False,False
T10_d25_035_b_5.jpg,T10_035,5,val,False,False
T10_d25_041_a_5.jpg,T10_041,5,val,False,False
T10_d25_041_b_5.jpg,T10_041,5,val,False,False
T10_d25_046_a_5.jpg,T10_046,5,train,False,False
T10_d25_046_b_5.jpg,T10_046,5,train,False,False
T10_d25_047_a_5.jpg,T10_047,5,train,False,False
T10_d25_047_b_5.jpg,T10_047,5,train,False,True
T10_d25_048_a_5.jpg,T10_048,5,train,False,False
T10_d25_048_b_5.jpg,T10_048,5,train,False,False
T10_d25_055_a_4.jpg,T10_055,4,train,False,False
T10_d25_055_b_4.jpg,T10_055,4,train,False,False
T10_d25_058_a_5.jpg,T10_058,5,val,False,False
T10_d25_058_b_5.jpg,T10_058,5,val,False,False
T10_d25_061_a_5.jpg,T10_061,5,train,False,False
T10_d25_061_b_5.jpg,T10_061,5,train,False,False
T10_d25_067_a_5.jpg,T10_067,5,train,False,False
T10_d25_067_b_5.jpg,T10_067,5,train,False,False
T10_d25_069_a_5.jpg,T10_069,5,train,False,False
T10_d25_069_b_5.jpg,T10_069,5,train,False,False
T10_d25_072_a_5.jpg,T10_072,5,val,False,False
T10_d25_072_b_5.jpg,T10_072,5,val,False,False
T10_d25_083_a_5.jpg,T10_083,5,train,False,False
T10_d25_083_b_5.jpg,T10_083,5,train,False,False
T10_d25_087_a_5.jpg,T10_087,5,val,False,False
T10_d25_087_b_5.jpg,T10_087,5,val,False,True
T10_d25_089_a_5.jpg,T10_089,5,train,False,False
T10_d25_089_b_5.jpg,T10_089,5,train,False,False
T10_d25_092_a_5.jpg,T10_092,5,test,False,True
T10_d25_092_b_5.jpg,T10_092,5,test,False,False
T10_d25_093_a_5.jpg,T10_093,5,train,False,False
T10_d25_093_b_5.jpg,T10_093,5,train,False,False
T10_d25_094_a_5.jpg,T10_094,5,train,False,True
T10_d25_094_b_5.jpg,T10_094,5,train,False,False
T10_d25_096_a_4.jpg,T10_096,4,train,False,False
T10_d25_096_b_4.jpg,T10_096,4,train,False,False
T10_d25_097_a_5.jpg,T10_097,5,train,False,False
T10_d25_097_b_5.jpg,T10_097,5,train,False,False
T10_d25_098_a_5.jpg,T10_098,5,train,False,False
T10_d25_098_b_5.jpg,T10_098,5,train,False,False
T10_d25_099_a_5.jpg,T10_099,5,train,False,False
T10_d25_099_b_5.jpg,T10_099,5,train,False,False
T10_d25_110_a_5.jpg,T10_110,5,train,False,False
T10_d25_110_b_5.jpg,T10_110,5,train,False,False
T10_d25_111_a_5.jpg,T10_111,5,val,False,False
T10_d25_111_b_5.jpg,T10_111,5,val,False,True
T10_d25_113_a_5.jpg,T10_113,5,train,False,False
T10_d25_113_b_5.jpg,T10_113,5,train,False,False
T10_d25_118_a_5.jpg,T10_118,5,train,False,False
T10_d25_118_b_5.jpg,T10_118,5,train,False,False
T10_d25_122_a_5.jpg,T10_122,5,train,False,True
T10_d25_122_b_5.jpg,T10_122,5,train,False,False
T10_d25_125_a_5.jpg,T10_125,5,train,False,True
T10_d25_125_b_5.jpg,T10_125,5,train,False,False
T10_d25_128_a_5.jpg,T10_128,5,train,False,False
T10_d25_128_b_5.jpg,T10_128,5,train,False,False
T10_d25_129_a_5.jpg,T10_129,5,train,False,False
T10_d25_129_b_5.jpg,T10_129,5,train,False,False
T10_d25_130_a_5.jpg,T10_130,5,train,False,False
T10_d25_130_b_5.jpg,T10_130,5,train,False,False
T10_d25_131_a_5.jpg,T10_131,5,train,False,False
T10_d25_131_b_5.jpg,T10_131,5,train,False,False
T10_d25_133_a_5.jpg,T10_133,5,train,False,False
T10_d25_133_b_5.jpg,T10_133,5,train,False,False
T10_d25_136_a_5.jpg,T10_136,5,val,False,False
T10_d25_136_b_5.jpg,T10_136,5,val,False,False
T10_d25_138_a_5.jpg,T10_138,5,train,False,False
T10_d25_138_b_5.jpg,T10_138,5,train,False,False
T10_d25_145_a_5.jpg,T10_145,5,train,False,True
T10_d25_145_b_5.jpg,T10_145,5,train,False,False
T10_d25_149_a_5.jpg,T10_149,5,train,False,False
T10_d25_149_b_5.jpg,T10_149,5,train,False,False
T10_d25_152_a_5.jpg,T10_152,5,train,False,False
T10_d25_152_b_5.jpg,T10_152,5,train,False,False
T10_d25_156_a_5.jpg,T10_156,5,train,False,False
T10_d25_156_b_5.jpg,T10_156,5,train,False,False
T10_d25_165_a_5.jpg,T10_165,5,train,False,False
T10_d25_165_b_5.jpg,T10_165,5,train,False,False
T10_d25_166_a_5.jpg,T10_166,5,train,False,False
T10_d25_166_b_5.jpg,T10_166,5,train,False,False
T10_d25_167_a_5.jpg,T10_167,5,train,False,False
T10_d25_167_b_5.jpg,T10_167,5,train,False,False
T10_d25_168_a_5.jpg,T10_168,5,train,False,False
T10_d25_168_b_5.jpg,T10_168,5,train,False,False
T10_d25_172_a_5.jpg,T10_172,5,train,False,False
T10_d25_172_b_5.jpg,T10_172,5,train,False,False
T10_d25_181_a_5.jpg,T10_181,5,train,False,False
T10_d25_181_b_5.jpg,T10_181,5,train,False,False
T10_d25_193_a_5.jpg,T10_193,5,train,False,False
T10_d25_193_b_5.jpg,T10_193,5,train,False,False
T10_d25_194_a_5.jpg,T10_194,5,train,False,False
T10_d25_194_b_5.jpg,T10_194,5,train,False,False
T10_d25_196_a_5.jpg,T10_196,5,train,False,False
T10_d25_196_b_5.jpg,T10_196,5,train,False,False
T10_d25_202_a_5.jpg,T10_202,5,train,False,False
T10_d25_202_b_5.jpg,T10_202,5,train,False,False
T10_d25_204_a_5.jpg,T10_204,5,train,False,False
T10_d25_204_b_5.jpg,T10_204,5,train,False,False
T10_d25_206_a_5.jpg,T10_206,5,train,False,False
T10_d25_206_b_5.jpg,T10_206,5,train,False,True
T10_d25_211_a_5.jpg,T10_211,5,train,False,False
T10_d25_211_b_5.jpg,T10_211,5,train,False,True
T10_d25_213_a_5.jpg,T10_213,5,train,False,False
T10_d25_213_b_5.jpg,T10_213,5,train,False,False
T10_d25_217_a_5.jpg,T10_217,5,train,False,False
T10_d25_217_b_5.jpg,T10_217,5,train,False,False
T10_d25_219_a_5.jpg,T10_219,5,test,False,False
T10_d25_219_b_5.jpg,T10_219,5,test,False,False
T10_d25_220_a_5.jpg,T10_220,5,val,False,False
T10_d25_220_b_5.jpg,T10_220,5,val,False,False
T10_d25_227_a_5.jpg,T10_227,5,train,False,False
T10_d25_227_b_5.jpg,T10_227,5,train,False,False
T10_d25_229_a_5.jpg,T10_229,5,train,False,False
T10_d25_229_b_5.jpg,T10_229,5,train,False,False
T10_d25_233_a_5.jpg,T10_233,5,train,False,False
T10_d25_233_b_5.jpg,T10_233,5,train,False,False
T10_d25_234_a_5.jpg,T10_234,5,train,False,False
T10_d25_234_b_5.jpg,T10_234,5,train,False,True
T10_d25_236_a_5.jpg,T10_236,5,train,False,False
T10_d25_236_b_5.jpg,T10_236,5,train,False,False
T10_d25_237_a_5.jpg,T10_237,5,train,False,False
T10_d25_237_b_5.jpg,T10_237,5,train,False,False
T10_d25_243_a_5.jpg,T10_243,5,train,False,True
T10_d25_243_b_5.jpg,T10_243,5,train,False,False
T10_d25_250_a_5.jpg,T10_250,5,train,False,False
T10_d25_250_b_5.jpg,T10_250,5,train,False,False
T10_d25_253_a_5.jpg,T10_253,5,val,False,False
T10_d25_253_b_5.jpg,T10_253,5,val,False,False
T10_d25_254_a_5.jpg,T10_254,5,val,False,False
T10_d25_254_b_5.jpg,T10_254,5,val,False,True
T10_d25_262_a_5.jpg,T10_262,5,train,False,False
T10_d25_262_b_5.jpg,T10_262,5,train,False,False
T10_d25_269_a_5.jpg,T10_269,5,train,False,False
T10_d25_269_b_5.jpg,T10_269,5,train,False,False
T10_d25_274_a_5.jpg,T10_274,5,train,True,False
T10_d25_274_b_5.jpg,T10_274,5,train,True,False
T10_d25_275_a_5.jpg,T10_275,5,test,False,False
T10_d25_275_b_5.jpg,T10_275,5,test,False,False
T10_d25_276_a_5.jpg,T10_276,5,train,False,False
T10_d25_276_b_5.jpg,T10_276,5,train,False,False
T10_d25_282_a_5.jpg,T10_282,5,train,False,False
T10_d25_282_b_5.jpg,T10_282,5,train,False,False
T10_d25_283_a_5.jpg,T10_283,5,train,False,False
T10_d25_283_b_5.jpg,T10_283,5,train,False,False
T10_d25_284_a_5.jpg,T10_284,5,train,False,True
T10_d25_284_b_5.jpg,T10_284,5,train,False,False
T10_d25_290_a_5.jpg,T10_290,5,train,False,False
T10_d25_290_b_5.jpg,T10_290,5,train,False,False
T10_d25_292_a_5.jpg,T10_292,5,val,False,False
T10_d25_292_b_5.jpg,T10_292,5,val,False,False
T10_d25_294_a_5.jpg,T10_294,5,train,False,False
T10_d25_294_b_5.jpg,T10_294,5,train,False,False
T10_d25_295_a_5.jpg,T10_295,5,train,False,False
T10_d25_295_b_5.jpg,T10_295,5,train,False,False
T10_d25_296_a_5.jpg,T10_296,5,train,False,False
T10_d25_296_b_5.jpg,T10_296,5,train,False,False
T10_d25_306_a_5.jpg,T10_306,5,train,False,False
T10_d25_306_b_5.jpg,T10_306,5,train,False,False
T10_d25_310_a_5.jpg,T10_310,5,val,False,False
T10_d25_310_b_5.jpg,T10_310,5,val,False,False
T10_d25_315_a_4.jpg,T10_315,4,train,False,False
T10_d25_315_b_4.jpg,T10_315,4,train,False,False
T10_d25_326_a_5.jpg,T10_326,5,train,False,False
T10_d25_326_b_5.jpg,T10_326,5,train,False,False
T10_d25_327_a_5.jpg,T10_327,5,train,False,False
T10_d25_327_b_5.jpg,T10_327,5,train,False,False
T10_d25_328_a_5.jpg,T10_328,5,train,False,False
T10_d25_328_b_5.jpg,T10_328,5,train,False,False
T10_d25_330_a_4.jpg,T10_330,4,train,False,False
T10_d25_330_b_4.jpg,T10_330,4,train,False,False
T10_d25_333_a_5.jpg,T10_333,5,train,False,False
T10_d25_333_b_5.jpg,T10_333,5,train,False,False
T10_d25_336_a_5.jpg,T10_336,5,train,False,False
T10_d25_336_b_5.jpg,T10_336,5,train,False,False
T10_d25_337_a_5.jpg,T10_337,5,train,False,False
T10_d25_337_b_5.jpg,T10_337,5,train,False,False
T10_d25_338_a_5.jpg,T10_338,5,train,False,False
T10_d25_338_b_5.jpg,T10_338,5,train,False,False
T10_d25_349_a_5.jpg,T10_349,5,train,False,False
T10_d25_349_b_5.jpg,T10_349,5,train,False,True
T10_d25_350_a_5.jpg,T10_350,5,train,False,False
T10_d25_350_b_5.jpg,T10_350,5,train,False,False
T10_d25_353_a_5.jpg,T10_353,5,val,False,False
T10_d25_353_b_5.jpg,T10_353,5,val,False,False
T10_d25_355_a_5.jpg,T10_355,5,train,False,False
T10_d25_355_b_5.jpg,T10_355,5,train,False,False
T10_d25_357_a_5.jpg,T10_357,5,train,False,False
T10_d25_357_b_5.jpg,T10_357,5,train,False,False
T10_d25_366_a_5.jpg,T10_366,5,train,False,False
T10_d25_366_b_5.jpg,T10_366,5,train,False,False
T10_d25_367_a_5.jpg,T10_367,5,train,False,False
T10_d25_367_b_5.jpg,T10_367,5,train,False,False
T10_d25_372_a_5.jpg,T10_372,5,train,False,False
T10_d25_372_b_5.jpg,T10_372,5,train,False,False
T10_d25_375_a_5.jpg,T10_375,5,val,False,False
T10_d25_375_b_5.jpg,T10_375,5,val,False,False
T10_d25_376_a_5.jpg,T10_376,5,train,False,False
T10_d25_376_b_5.jpg,T10_376,5,train,False,False
T10_d25_377_a_5.jpg,T10_377,5,train,False,False
T10_d25_377_b_5.jpg,T10_377,5,train,False,False
T10_d25_381_a_5.jpg,T10_381,5,train,False,False
T10_d25_381_b_5.jpg,T10_381,5,train,False,False
T10_d25_382_a_5.jpg,T10_382,5,train,False,False
T10_d25_382_b_5.jpg,T10_382,5,train,False,False
T10_d25_385_a_5.jpg,T10_385,5,val,False,False
T10_d25_385_b_5.jpg,T10_385,5,val,False,False
T10_d25_387_a_5.jpg,T10_387,5,train,False,False
T10_d25_387_b_5.jpg,T10_387,5,train,False,False
T10_d25_392_a_5.jpg,T10_392,5,test,False,False
T10_d25_392_b_5.jpg,T10_392,5,test,False,False
T10_d25_393_a_5.jpg,T10_393,5,val,False,False
T10_d25_393_b_5.jpg,T10_393,5,val,False,False
T10_d25_395_a_5.jpg,T10_395,5,test,False,True
T10_d25_395_b_5.jpg,T10_395,5,test,False,False
T10_d25_399_a_5.jpg,T10_399,5,val,False,False
T10_d25_399_b_5.jpg,T10_399,5,val,False,False
T10_d25_400_a_5.jpg,T10_400,5,train,False,False
T10_d25_400_b_5.jpg,T10_400,5,train,False,False
T10_d25_401_a_5.jpg,T10_401,5,train,False,False
T10_d25_401_b_5.jpg,T10_401,5,train,False,False
T10_d25_402_a_5.jpg,T10_402,5,val,False,False
T10_d25_402_b_5.jpg,T10_402,5,val,False,False
T10_d25_405_a_5.jpg,T10_405,5,train,False,False
T10_d25_405_b_5.jpg,T10_405,5,train,False,False
T10_d25_406_a_5.jpg,T10_406,5,val,False,True
T10_d25_406_b_5.jpg,T10_406,5,val,False,False
T10_d25_408_a_5.jpg,T10_408,5,train,False,False
T10_d25_408_b_5.jpg,T10_408,5,train,False,False
T10_d25_410_a_5.jpg,T10_410,5,train,False,False
T10_d25_410_b_5.jpg,T10_410,5,train,False,False
T10_d25_411_a_5.jpg,T10_411,5,val,False,False
T10_d25_411_b_5.jpg,T10_411,5,val,False,False
T10_d25_413_a_5.jpg,T10_413,5,train,False,False
T10_d25_413_b_5.jpg,T10_413,5,train,False,False
T10_d25_414_a_4.jpg,T10_414,4,train,False,False
T10_d25_414_b_4.jpg,T10_414,4,train,False,False
T10_d25_415_a_5.jpg,T10_415,5,train,False,True
T10_d25_415_b_5.jpg,T10_415,5,train,False,False
T10_d25_420_a_4.jpg,T10_420,4,train,False,False
T10_d25_420_b_4.jpg,T10_420,4,train,False,False
T10_d25_422_a_5.jpg,T10_422,5,train,False,False
T10_d25_422_b_5.jpg,T10_422,5,train,False,False
T10_d25_425_a_5.jpg,T10_425,5,train,False,False
T10_d25_425_b_5.jpg,T10_425,5,train,False,False
T10_d25_429_a_5.jpg,T10_429,5,train,False,False
T10_d25_429_b_5.jpg,T10_429,5,train,False,False
T10_d25_430_a_5.jpg,T10_430,5,val,False,False
T10_d25_430_b_5.jpg,T10_430,5,val,False,False
T10_d25_442_a_4.jpg,T10_442,4,train,False,False
T10_d25_442_b_4.jpg,T10_442,4,train,False,False
T10_d25_444_a_5.jpg,T10_444,5,train,False,False
T10_d25_444_b_5.jpg,T10_444,5,train,False,False
T10_d25_445_a_5.jpg,T10_445,5,train,False,True
T10_d25_445_b_5.jpg,T10_445,5,train,False,True
T10_d25_446_a_5.jpg,T10_446,5,train,False,False
T10_d25_446_b_5.jpg,T10_446,5,train,False,False
T10_d25_447_a_5.jpg,T10_447,5,train,False,False
T10_d25_447_b_5.jpg,T10_447,5,train,False,False
T10_d25_448_a_5.jpg,T10_448,5,train,False,False
T10_d25_448_b_5.jpg,T10_448,5,train,False,False
T10_d25_449_a_5.jpg,T10_449,5,train,False,False
T10_d25_449_b_5.jpg,T10_449,5,train,False,False
T10_d25_450_a_5.jpg,T10_450,5,val,False,False
T10_d25_450_b_5.jpg,T10_450,5,val,False,False
T10_d25_451_a_5.jpg,T10_451,5,val,False,False
T10_d25_451_b_5.jpg,T10_451,5,val,False,False
T10_d25_452_a_5.jpg,T10_452,5,val,False,False
T10_d25_452_b_5.jpg,T10_452,5,val,False,False
T10_d25_454_a_4.jpg,T10_454,4,train,False,False
T10_d25_454_b_4.jpg,T10_454,4,train,False,False
T10_d25_458_a_5.jpg,T10_458,5,train,False,False
T10_d25_458_b_5.jpg,T10_458,5,train,False,False
T10_d25_459_a_5.jpg,T10_459,5,train,False,False
T10_d25_459_b_5.jpg,T10_459,5,train,False,False
T10_d25_470_a_5.jpg,T10_470,5,train,False,False
T10_d25_470_b_5.jpg,T10_470,5,train,False,False
T10_d25_471_a_5.jpg,T10_471,5,test,False,False
T10_d25_471_b_5.jpg,T10_471,5,test,False,False
T10_d25_475_a_5.jpg,T10_475,5,train,False,False
T10_d25_475_b_5.jpg,T10_475,5,train,False,False
T10_d25_478_a_5.jpg,T10_478,5,val,False,False
T10_d25_478_b_5.jpg,T10_478,5,val,False,False
T10_d26_002_a_5.jpg,T10_002,5,train,False,False
T10_d26_002_b_5.jpg,T10_002,5,train,False,False
T10_d26_003_a_5.jpg,T10_003,5,train,False,False
T10_d26_003_b_5.jpg,T10_003,5,train,False,False
T10_d26_007_a_5.jpg,T10_007,5,train,False,False
T10_d26_007_b_5.jpg,T10_007,5,train,False,False
T10_d26_011_a_5.jpg,T10_011,5,train,False,False
T10_d26_011_b_5.jpg,T10_011,5,train,False,False
T10_d26_012_a_5.jpg,T10_012,5,val,False,False
T10_d26_012_b_5.jpg,T10_012,5,val,False,False
T10_d26_013_a_5.jpg,T10_013,5,train,False,False
T10_d26_013_b_5.jpg,T10_013,5,train,False,False
T10_d26_014_a_5.jpg,T10_014,5,val,False,True
T10_d26_014_b_5.jpg,T10_014,5,val,False,False
T10_d26_015_a_5.jpg,T10_015,5,test,False,False
T10_d26_015_b_5.jpg,T10_015,5,test,False,True
T10_d26_018_a_5.jpg,T10_018,5,val,False,False
T10_d26_018_b_5.jpg,T10_018,5,val,False,False
T10_d26_021_a_5.jpg,T10_021,5,train,False,False
T10_d26_021_b_5.jpg,T10_021,5,train,False,False
T10_d26_022_a_5.jpg,T10_022,5,train,False,False
T10_d26_022_b_5.jpg,T10_022,5,train,False,False
T10_d26_026_a_5.jpg,T10_026,5,train,False,False
T10_d26_026_b_5.jpg,T10_026,5,train,False,False
T10_d26_034_a_5.jpg,T10_034,5,train,False,False
T10_d26_034_b_5.jpg,T10_034,5,train,False,False
T10_d26_035_a_5.jpg,T10_035,5,val,False,False
T10_d26_035_b_5.jpg,T10_035,5,val,False,False
T10_d26_041_a_5.jpg,T10_041,5,val,False,False
T10_d26_041_b_5.jpg,T10_041,5,val,False,False
T10_d26_046_a_5.jpg,T10_046,5,train,False,False
T10_d26_046_b_5.jpg,T10_046,5,train,False,False
T10_d26_047_a_5.jpg,T10_047,5,train,False,True
T10_d26_047_b_5.jpg,T10_047,5,train,False,False
T10_d26_048_a_5.jpg,T10_048,5,train,False,False
T10_d26_048_b_5.jpg,T10_048,5,train,False,False
T10_d26_055_a_5.jpg,T10_055,5,train,False,False
T10_d26_055_b_5.jpg,T10_055,5,train,False,False
T10_d26_058_a_5.jpg,T10_058,5,val,False,False
T10_d26_058_b_5.jpg,T10_058,5,val,False,False
T10_d26_061_a_5.jpg,T10_061,5,train,False,False
T10_d26_061_b_5.jpg,T10_061,5,train,False,False
T10_d26_067_a_5.jpg,T10_067,5,train,False,False
T10_d26_067_b_5.jpg,T10_067,5,train,False,False
T10_d26_069_a_5.jpg,T10_069,5,train,False,True
T10_d26_069_b_5.jpg,T10_069,5,train,False,False
T10_d26_083_a_5.jpg,T10_083,5,train,False,False
T10_d26_083_b_5.jpg,T10_083,5,train,False,False
T10_d26_087_a_5.jpg,T10_087,5,val,False,True
T10_d26_087_b_5.jpg,T10_087,5,val,False,False
T10_d26_089_a_5.jpg,T10_089,5,train,False,True
T10_d26_089_b_5.jpg,T10_089,5,train,False,False
T10_d26_092_a_5.jpg,T10_092,5,test,False,False
T10_d26_092_b_5.jpg,T10_092,5,test,False,False
T10_d26_093_a_5.jpg,T10_093,5,train,False,True
T10_d26_093_b_5.jpg,T10_093,5,train,False,False
T10_d26_094_a_5.jpg,T10_094,5,train,False,False
T10_d26_094_b_5.jpg,T10_094,5,train,False,False
T10_d26_096_a_4.jpg,T10_096,4,train,False,False
T10_d26_096_b_4.jpg,T10_096,4,train,False,False
T10_d26_097_a_5.jpg,T10_097,5,train,False,False
T10_d26_097_b_5.jpg,T10_097,5,train,False,False
T10_d26_098_a_5.jpg,T10_098,5,train,False,False
T10_d26_098_b_5.jpg,T10_098,5,train,False,False
T10_d26_099_a_5.jpg,T10_099,5,train,False,False
T10_d26_099_b_5.jpg,T10_099,5,train,False,False
T10_d26_110_a_5.jpg,T10_110,5,train,False,False
T10_d26_110_b_5.jpg,T10_110,5,train,False,False
T10_d26_111_a_5.jpg,T10_111,5,val,False,False
T10_d26_111_b_5.jpg,T10_111,5,val,False,False
T10_d26_113_a_5.jpg,T10_113,5,train,False,False
T10_d26_113_b_5.jpg,T10_113,5,train,False,False
T10_d26_118_a_5.jpg,T10_118,5,train,False,False
T10_d26_118_b_5.jpg,T10_118,5,train,False,False
T10_d26_122_a_5.jpg,T10_122,5,train,False,False
T10_d26_122_b_5.jpg,T10_122,5,train,False,False
T10_d26_125_a_5.jpg,T10_125,5,train,False,False
T10_d26_125_b_5.jpg,T10_125,5,train,False,False
T10_d26_128_a_5.jpg,T10_128,5,train,False,False
T10_d26_128_b_5.jpg,T10_128,5,train,False,False
T10_d26_129_a_5.jpg,T10_129,5,train,False,False
T10_d26_129_b_5.jpg,T10_129,5,train,False,False
T10_d26_130_a_5.jpg,T10_130,5,train,False,True
T10_d26_130_b_5.jpg,T10_130,5,train,False,False
T10_d26_131_a_5.jpg,T10_131,5,train,False,True
T10_d26_131_b_5.jpg,T10_131,5,train,False,False
T10_d26_133_a_5.jpg,T10_133,5,train,False,False
T10_d26_133_b_5.jpg,T10_133,5,train,False,False
T10_d26_136_a_5.jpg,T10_136,5,val,False,False
T10_d26_136_b_5.jpg,T10_136,5,val,False,False
T10_d26_138_a_5.jpg,T10_138,5,train,False,False
T10_d26_138_b_5.jpg,T10_138,5,train,False,False
T10_d26_145_a_5.jpg,T10_145,5,train,False,False
T10_d26_145_b_5.jpg,T10_145,5,train,False,False
T10_d26_149_a_5.jpg,T10_149,5,train,False,False
T10_d26_149_b_5.jpg,T10_149,5,train,False,False
T10_d26_152_a_5.jpg,T10_152,5,train,False,False
T10_d26_152_b_5.jpg,T10_152,5,train,False,False
T10_d26_156_a_5.jpg,T10_156,5,train,False,False
T10_d26_156_b_5.jpg,T10_156,5,train,False,True
T10_d26_165_a_5.jpg,T10_165,5,train,False,False
T10_d26_165_b_5.jpg,T10_165,5,train,False,False
T10_d26_166_a_5.jpg,T10_166,5,train,False,False
T10_d26_166_b_5.jpg,T10_166,5,train,False,False
T10_d26_167_a_5.jpg,T10_167,5,train,False,False
T10_d26_167_b_5.jpg,T10_167,5,train,False,True
T10_d26_168_a_5.jpg,T10_168,5,train,False,False
T10_d26_168_b_5.jpg,T10_168,5,train,False,False
T10_d26_172_a_5.jpg,T10_172,5,train,False,False
T10_d26_172_b_5.jpg,T10_172,5,train,False,False
T10_d26_181_a_5.jpg,T10_181,5,train,False,False
T10_d26_181_b_5.jpg,T10_181,5,train,False,False
T10_d26_193_a_5.jpg,T10_193,5,train,False,False
T10_d26_193_b_5.jpg,T10_193,5,train,False,False
T10_d26_194_a_5.jpg,T10_194,5,train,False,False
T10_d26_194_b_5.jpg,T10_194,5,train,False,False
T10_d26_196_a_5.jpg,T10_196,5,train,False,False
T10_d26_196_b_5.jpg,T10_196,5,train,False,False
T10_d26_202_a_5.jpg,T10_202,5,train,False,False
T10_d26_202_b_5.jpg,T10_202,5,train,False,False
T10_d26_204_a_5.jpg,T10_204,5,train,False,True
T10_d26_204_b_5.jpg,T10_204,5,train,False,True
T10_d26_206_a_5.jpg,T10_206,5,train,False,False
T10_d26_206_b_5.jpg,T10_206,5,train,False,False
T10_d26_211_a_5.jpg,T10_211,5,train,False,False
T10_d26_211_b_5.jpg,T10_211,5,train,False,False
T10_d26_213_a_5.jpg,T10_213,5,train,False,False
T10_d26_213_b_5.jpg,T10_213,5,train,False,False
T10_d26_217_a_5.jpg,T10_217,5,train,False,True
T10_d26_217_b_5.jpg,T10_217,5,train,False,True
T10_d26_219_a_5.jpg,T10_219,5,test,False,False
T10_d26_219_b_5.jpg,T10_219,5,test,False,False
T10_d26_220_a_5.jpg,T10_220,5,val,False,False
T10_d26_220_b_5.jpg,T10_220,5,val,False,False
T10_d26_227_a_5.jpg,T10_227,5,train,False,False
T10_d26_227_b_5.jpg,T10_227,5,train,False,False
T10_d26_229_a_5.jpg,T10_229,5,train,False,False
T10_d26_229_b_5.jpg,T10_229,5,train,False,False
T10_d26_233_a_5.jpg,T10_233,5,train,False,True
T10_d26_233_b_5.jpg,T10_233,5,train,False,False
T10_d26_234_a_5.jpg,T10_234,5,train,False,False
T10_d26_234_b_5.jpg,T10_234,5,train,False,False
T10_d26_236_a_5.jpg,T10_236,5,train,False,False
T10_d26_236_b_5.jpg,T10_236,5,train,False,False
T10_d26_237_a_5.jpg,T10_237,5,train,False,False
T10_d26_237_b_5.jpg,T10_237,5,train,False,True
T10_d26_243_a_5.jpg,T10_243,5,train,False,False
T10_d26_243_b_5.jpg,T10_243,5,train,False,False
T10_d26_250_a_5.jpg,T10_250,5,train,False,False
T10_d26_250_b_5.jpg,T10_250,5,train,False,False
T10_d26_254_a_5.jpg,T10_254,5,val,False,False
T10_d26_254_b_5.jpg,T10_254,5,val,False,False
T10_d26_262_a_5.jpg,T10_262,5,train,False,False
T10_d26_262_b_5.jpg,T10_262,5,train,False,False
T10_d26_269_a_5.jpg,T10_269,5,train,False,False
T10_d26_269_b_5.jpg,T10_269,5,train,False,True
T10_d26_274_a_5.jpg,T10_274,5,train,True,False
T10_d26_274_b_5.jpg,T10_274,5,train,True,False
T10_d26_275_a_5.jpg,T10_275,5,test,False,False
T10_d26_275_b_5.jpg,T10_275,5,test,False,False
T10_d26_276_a_5.jpg,T10_276,5,train,False,False
T10_d26_276_b_5.jpg,T10_276,5,train,False,False
T10_d26_282_a_5.jpg,T10_282,5,train,False,False
T10_d26_282_b_5.jpg,T10_282,5,train,False,False
T10_d26_283_a_5.jpg,T10_283,5,train,False,False
T10_d26_283_b_5.jpg,T10_283,5,train,False,False
T10_d26_284_a_5.jpg,T10_284,5,train,False,False
T10_d26_284_b_5.jpg,T10_284,5,train,False,False
T10_d26_290_a_5.jpg,T10_290,5,train,False,False
T10_d26_290_b_5.jpg,T10_290,5,train,False,False
T10_d26_292_a_5.jpg,T10_292,5,val,False,False
T10_d26_292_b_5.jpg,T10_292,5,val,False,True
T10_d26_294_a_5.jpg,T10_294,5,train,False,False
T10_d26_294_b_5.jpg,T10_294,5,train,False,False
T10_d26_295_a_5.jpg,T10_295,5,train,False,False
T10_d26_295_b_5.jpg,T10_295,5,train,False,False
T10_d26_296_a_5.jpg,T10_296,5,train,False,False
T10_d26_296_b_5.jpg,T10_296,5,train,False,False
T10_d26_306_a_5.jpg,T10_306,5,train,False,False
T10_d26_306_b_5.jpg,T10_306,5,train,False,False
T10_d26_310_a_5.jpg,T10_310,5,val,False,False
T10_d26_310_b_5.jpg,T10_310,5,val,False,False
T10_d26_315_a_5.jpg,T10_315,5,train,False,True
T10_d26_315_b_5.jpg,T10_315,5,train,False,True
T10_d26_326_a_5.jpg,T10_326,5,train,False,False
T10_d26_326_b_5.jpg,T10_326,5,train,False,False
T10_d26_327_a_5.jpg,T10_327,5,train,False,False
T10_d26_327_b_5.jpg,T10_327,5,train,False,False
T10_d26_328_a_5.jpg,T10_328,5,train,False,False
T10_d26_328_b_5.jpg,T10_328,5,train,False,False
T10_d26_330_a_5.jpg,T10_330,5,train,False,True
T10_d26_330_b_5.jpg,T10_330,5,train,False,False
T10_d26_333_a_5.jpg,T10_333,5,train,False,False
T10_d26_333_b_5.jpg,T10_333,5,train,False,False
T10_d26_336_a_5.jpg,T10_336,5,train,False,False
T10_d26_336_b_5.jpg,T10_336,5,train,False,False
T10_d26_337_a_5.jpg,T10_337,5,train,False,False
T10_d26_337_b_5.jpg,T10_337,5,train,False,False
T10_d26_349_a_5.jpg,T10_349,5,train,False,False
T10_d26_349_b_5.jpg,T10_349,5,train,False,False
T10_d26_350_a_5.jpg,T10_350,5,train,False,False
T10_d26_350_b_5.jpg,T10_350,5,train,False,False
T10_d26_353_a_5.jpg,T10_353,5,val,False,True
T10_d26_353_b_5.jpg,T10_353,5,val,False,False
T10_d26_355_a_5.jpg,T10_355,5,train,False,False
T10_d26_355_b_5.jpg,T10_355,5,train,False,False
T10_d26_357_a_5.jpg,T10_357,5,train,False,False
T10_d26_357_b_5.jpg,T10_357,5,train,False,False
T10_d26_366_a_5.jpg,T10_366,5,train,False,False
T10_d26_366_b_5.jpg,T10_366,5,train,False,False
T10_d26_367_a_5.jpg,T10_367,5,train,False,False
T10_d26_367_b_5.jpg,T10_367,5,train,False,False
T10_d26_372_a_5.jpg,T10_372,5,train,False,False
T10_d26_372_b_5.jpg,T10_372,5,train,False,False
T10_d26_375_a_5.jpg,T10_375,5,val,False,False
T10_d26_375_b_5.jpg,T10_375,5,val,False,False
T10_d26_376_a_5.jpg,T10_376,5,train,False,False
T10_d26_376_b_5.jpg,T10_376,5,train,False,False
T10_d26_377_a_5.jpg,T10_377,5,train,False,False
T10_d26_377_b_5.jpg,T10_377,5,train,False,False
T10_d26_381_a_5.jpg,T10_381,5,train,False,False
T10_d26_381_b_5.jpg,T10_381,5,train,False,False
T10_d26_382_a_5.jpg,T10_382,5,train,False,False
T10_d26_382_b_5.jpg,T10_382,5,train,False,False
T10_d26_385_a_5.jpg,T10_385,5,val,False,False
T10_d26_385_b_5.jpg,T10_385,5,val,False,False
T10_d26_387_a_5.jpg,T10_387,5,train,False,False
T10_d26_387_b_5.jpg,T10_387,5,train,False,False
T10_d26_392_a_5.jpg,T10_392,5,test,False,False
T10_d26_392_b_5.jpg,T10_392,5,test,False,False
T10_d26_393_a_5.jpg,T10_393,5,val,False,False
T10_d26_393_b_5.jpg,T10_393,5,val,False,False
T10_d26_395_a_5.jpg,T10_395,5,test,False,False
T10_d26_395_b_5.jpg,T10_395,5,test,False,False
T10_d26_399_a_5.jpg,T10_399,5,val,False,True
T10_d26_399_b_5.jpg,T10_399,5,val,False,False
T10_d26_400_a_5.jpg,T10_400,5,train,False,False
T10_d26_400_b_5.jpg,T10_400,5,train,False,False
T10_d26_401_a_5.jpg,T10_401,5,train,False,False
T10_d26_401_b_5.jpg,T10_401,5,train,False,False
T10_d26_402_a_5.jpg,T10_402,5,val,False,False
T10_d26_402_b_5.jpg,T10_402,5,val,False,False
T10_d26_405_a_5.jpg,T10_405,5,train,False,False
T10_d26_405_b_5.jpg,T10_405,5,train,False,False
T10_d26_406_a_5.jpg,T10_406,5,val,False,False
T10_d26_406_b_5.jpg,T10_406,5,val,False,False
T10_d26_408_a_5.jpg,T10_408,5,train,False,False
T10_d26_408_b_5.jpg,T10_408,5,train,False,False
T10_d26_410_a_5.jpg,T10_410,5,train,False,False
T10_d26_410_b_5.jpg,T10_410,5,train,False,False
T10_d26_411_a_5.jpg,T10_411,5,val,False,False
T10_d26_411_b_5.jpg,T10_411,5,val,False,False
T10_d26_413_a_5.jpg,T10_413,5,train,False,False
T10_d26_413_b_5.jpg,T10_413,5,train,False,False
T10_d26_414_a_4.jpg,T10_414,4,train,False,True
T10_d26_414_b_4.jpg,T10_414,4,train,False,True
T10_d26_415_a_5.jpg,T10_415,5,train,False,False
T10_d26_415_b_5.jpg,T10_415,5,train,False,False
T10_d26_420_a_5.jpg,T10_420,5,train,False,False
T10_d26_420_b_5.jpg,T10_420,5,train,False,False
T10_d26_422_a_5.jpg,T10_422,5,train,False,False
T10_d26_422_b_5.jpg,T10_422,5,train,False,False
T10_d26_425_a_5.jpg,T10_425,5,train,False,False
T10_d26_425_b_5.jpg,T10_425,5,train,False,False
T10_d26_429_a_5.jpg,T10_429,5,train,False,True
T10_d26_429_b_5.jpg,T10_429,5,train,False,False
T10_d26_430_a_5.jpg,T10_430,5,val,False,False
T10_d26_430_b_5.jpg,T10_430,5,val,False,False
T10_d26_442_a_4.jpg,T10_442,4,train,False,False
T10_d26_442_b_4.jpg,T10_442,4,train,False,False
T10_d26_444_a_5.jpg,T10_444,5,train,False,False
T10_d26_444_b_5.jpg,T10_444,5,train,False,True
T10_d26_445_a_5.jpg,T10_445,5,train,False,False
T10_d26_445_b_5.jpg,T10_445,5,train,False,False
T10_d26_446_a_5.jpg,T10_446,5,train,False,True
T10_d26_446_b_5.jpg,T10_446,5,train,False,False
T10_d26_447_a_5.jpg,T10_447,5,train,False,False
T10_d26_447_b_5.jpg,T10_447,5,train,False,False
T10_d26_448_a_5.jpg,T10_448,5,train,False,False
T10_d26_448_b_5.jpg,T10_448,5,train,False,False
T10_d26_449_a_5.jpg,T10_449,5,train,False,False
T10_d26_449_b_5.jpg,T10_449,5,train,False,False
T10_d26_450_a_5.jpg,T10_450,5,val,False,False
T10_d26_450_b_5.jpg,T10_450,5,val,False,False
T10_d26_451_a_5.jpg,T10_451,5,val,False,False
T10_d26_451_b_5.jpg,T10_451,5,val,False,False
T10_d26_452_a_5.jpg,T10_452,5,val,False,False
T10_d26_452_b_5.jpg,T10_452,5,val,False,False
T10_d26_454_a_5.jpg,T10_454,5,train,False,False
T10_d26_454_b_5.jpg,T10_454,5,train,False,False
T10_d26_458_a_5.jpg,T10_458,5,train,False,False
T10_d26_458_b_5.jpg,T10_458,5,train,False,False
T10_d26_459_a_5.jpg,T10_459,5,train,False,False
T10_d26_459_b_5.jpg,T10_459,5,train,False,False
T10_d26_470_a_5.jpg,T10_470,5,train,False,True
T10_d26_470_b_5.jpg,T10_470,5,train,False,False
T10_d26_471_a_5.jpg,T10_471,5,test,False,False
T10_d26_471_b_5.jpg,T10_471,5,test,False,False
T10_d26_475_a_5.jpg,T10_475,5,train,False,False
T10_d26_475_b_5.jpg,T10_475,5,train,False,False
T10_d26_478_a_5.jpg,T10_478,5,val,False,False
T10_d26_478_b_5.jpg,T10_478,5,val,False,False
T20_d01_001_a_1.jpg,T20_001,1,train,False,False
T20_d01_001_b_1.jpg,T20_001,1,train,False,False
T20_d01_004_a_1.jpg,T20_004,1,train,False,False
T20_d01_004_b_1.jpg,T20_004,1,train,False,False
T20_d01_005_a_1.jpg,T20_005,1,train,False,False
T20_d01_005_b_1.jpg,T20_005,1,train,False,False
T20_d01_006_a_1.jpg,T20_006,1,val,False,False
T20_d01_006_b_1.jpg,T20_006,1,val,False,False
T20_d01_008_a_1.jpg,T20_008,1,train,False,False
T20_d01_008_b_1.jpg,T20_008,1,train,False,False
T20_d01_010_a_1.jpg,T20_010,1,val,False,False
T20_d01_010_b_1.jpg,T20_010,1,val,False,False
T20_d01_020_a_1.jpg,T20_020,1,test,False,False
T20_d01_020_b_1.jpg,T20_020,1,test,False,False
T20_d01_023_a_1.jpg,T20_023,1,train,True,False
T20_d01_023_b_1.jpg,T20_023,1,train,True,False
T20_d01_024_a_1.jpg,T20_024,1,test,True,False
T20_d01_024_b_1.jpg,T20_024,1,test,True,False
T20_d01_025_a_1.jpg,T20_025,1,train,False,True
T20_d01_025_b_1.jpg,T20_025,1,train,False,False
T20_d01_029_a_1.jpg,T20_029,1,train,False,False
T20_d01_029_b_1.jpg,T20_029,1,train,False,False
T20_d01_031_a_1.jpg,T20_031,1,train,True,False
T20_d01_031_b_1.jpg,T20_031,1,train,True,False
T20_d01_032_a_1.jpg,T20_032,1,train,False,False
T20_d01_032_b_1.jpg,T20_032,1,train,False,False
T20_d01_036_a_1.jpg,T20_036,1,train,True,False
T20_d01_036_b_1.jpg,T20_036,1,train,True,False
T20_d01_040_a_1.jpg,T20_040,1,train,False,True
T20_d01_040_b_1.jpg,T20_040,1,train,False,False
T20_d01_042_a_1.jpg,T20_042,1,train,False,False
T20_d01_042_b_1.jpg,T20_042,1,train,False,False
T20_d01_043_a_1.jpg,T20_043,1,val,True,False
T20_d01_043_b_1.jpg,T20_043,1,val,True,False
T20_d01_049_a_1.jpg,T20_049,1,train,False,False
T20_d01_049_b_1.jpg,T20_049,1,train,False,False
T20_d01_050_a_1.jpg,T20_050,1,train,False,False
T20_d01_050_b_1.jpg,T20_050,1,train,False,False
T20_d01_060_a_1.jpg,T20_060,1,train,False,False
T20_d01_060_b_1.jpg,T20_060,1,train,False,False
T20_d01_063_a_1.jpg,T20_063,1,val,False,False
T20_d01_063_b_1.jpg,T20_063,1,val,False,False
T20_d01_071_a_1.jpg,T20_071,1,train,False,False
T20_d01_071_b_1.jpg,T20_071,1,train,False,False
T20_d01_075_a_1.jpg,T20_075,1,val,False,False
T20_d01_075_b_1.jpg,T20_075,1,val,False,False
T20_d01_076_a_1.jpg,T20_076,1,train,False,False
T20_d01_076_b_1.jpg,T20_076,1,train,False,False
T20_d01_081_a_1.jpg,T20_081,1,train,True,False
T20_d01_081_b_1.jpg,T20_081,1,train,True,False
T20_d01_082_a_1.jpg,T20_082,1,train,True,False
T20_d01_082_b_1.jpg,T20_082,1,train,True,False
T20_d01_084_a_1.jpg,T20_084,1,train,False,False
T20_d01_084_b_1.jpg,T20_084,1,train,False,False
T20_d01_085_a_1.jpg,T20_085,1,test,False,False
T20_d01_085_b_1.jpg,T20_085,1,test,False,False
T20_d01_090_a_1.jpg,T20_090,1,train,False,False
T20_d01_090_b_1.jpg,T20_090,1,train,False,True
T20_d01_091_a_1.jpg,T20_091,1,train,False,True
T20_d01_091_b_1.jpg,T20_091,1,train,False,False
T20_d01_095_a_1.jpg,T20_095,1,train,False,False
T20_d01_095_b_1.jpg,T20_095,1,train,False,False
T20_d01_101_a_1.jpg,T20_101,1,train,True,False
T20_d01_101_b_1.jpg,T20_101,1,train,True,False
T20_d01_103_a_1.jpg,T20_103,1,train,False,False
T20_d01_103_b_1.jpg,T20_103,1,train,False,False
T20_d01_106_a_1.jpg,T20_106,1,train,False,False
T20_d01_106_b_1.jpg,T20_106,1,train,False,False
T20_d01_107_a_1.jpg,T20_107,1,train,False,False
T20_d01_107_b_1.jpg,T20_107,1,train,False,False
T20_d01_112_a_1.jpg,T20_112,1,train,False,False
T20_d01_112_b_1.jpg,T20_112,1,train,False,False
T20_d01_114_a_1.jpg,T20_114,1,train,False,False
T20_d01_114_b_1.jpg,T20_114,1,train,False,True
T20_d01_115_a_1.jpg,T20_115,1,train,False,False
T20_d01_115_b_1.jpg,T20_115,1,train,False,False
T20_d01_116_a_1.jpg,T20_116,1,train,True,False
T20_d01_116_b_1.jpg,T20_116,1,train,True,False
T20_d01_123_a_1.jpg,T20_123,1,train,True,False
T20_d01_123_b_1.jpg,T20_123,1,train,True,False
T20_d01_127_a_1.jpg,T20_127,1,train,True,False
T20_d01_127_b_1.jpg,T20_127,1,train,True,False
T20_d01_132_a_1.jpg,T20_132,1,train,False,False
T20_d01_132_b_1.jpg,T20_132,1,train,False,False
T20_d01_137_a_1.jpg,T20_137,1,train,False,False
T20_d01_137_b_1.jpg,T20_137,1,train,False,False
T20_d01_141_a_1.jpg,T20_141,1,test,False,False
T20_d01_141_b_1.jpg,T20_141,1,test,False,False
T20_d01_143_a_1.jpg,T20_143,1,train,False,False
T20_d01_143_b_1.jpg,T20_143,1,train,False,False
T20_d01_146_a_1.jpg,T20_146,1,train,False,False
T20_d01_146_b_1.jpg,T20_146,1,train,False,False
T20_d01_150_a_1.jpg,T20_150,1,train,False,False
T20_d01_150_b_1.jpg,T20_150,1,train,False,False
T20_d01_151_a_1.jpg,T20_151,1,val,False,False
T20_d01_151_b_1.jpg,T20_151,1,val,False,False
T20_d01_153_a_1.jpg,T20_153,1,val,False,False
T20_d01_153_b_1.jpg,T20_153,1,val,False,False
T20_d01_155_a_1.jpg,T20_155,1,train,False,False
T20_d01_155_b_1.jpg,T20_155,1,train,False,False
T20_d01_161_a_1.jpg,T20_161,1,test,False,True
T20_d01_161_b_1.jpg,T20_161,1,test,False,False
T20_d01_170_a_1.jpg,T20_170,1,train,False,False
T20_d01_170_b_1.jpg,T20_170,1,train,False,False
T20_d01_174_a_1.jpg,T20_174,1,train,False,False
T20_d01_174_b_1.jpg,T20_174,1,train,False,False
T20_d01_176_a_1.jpg,T20_176,1,val,False,False
T20_d01_176_b_1.jpg,T20_176,1,val,False,False
T20_d01_177_a_1.jpg,T20_177,1,train,False,False
T20_d01_177_b_1.jpg,T20_177,1,train,False,False
T20_d01_178_a_1.jpg,T20_178,1,train,True,False
T20_d01_178_b_1.jpg,T20_178,1,train,True,False
T20_d01_183_a_1.jpg,T20_183,1,train,False,False
T20_d01_183_b_1.jpg,T20_183,1,train,False,False
T20_d01_185_a_1.jpg,T20_185,1,train,False,False
T20_d01_185_b_1.jpg,T20_185,1,train,False,True
T20_d01_187_a_1.jpg,T20_187,1,train,False,False
T20_d01_187_b_1.jpg,T20_187,1,train,False,False
T20_d01_188_a_1.jpg,T20_188,1,train,False,False
T20_d01_188_b_1.jpg,T20_188,1,train,False,False
T20_d01_190_a_1.jpg,T20_190,1,test,False,False
T20_d01_190_b_1.jpg,T20_190,1,test,False,False
T20_d01_192_a_1.jpg,T20_192,1,train,True,False
T20_d01_192_b_1.jpg,T20_192,1,train,True,False
T20_d01_199_a_1.jpg,T20_199,1,val,False,False
T20_d01_199_b_1.jpg,T20_199,1,val,False,False
T20_d01_212_a_1.jpg,T20_212,1,train,False,False
T20_d01_212_b_1.jpg,T20_212,1,train,False,False
T20_d01_214_a_1.jpg,T20_214,1,train,False,True
T20_d01_214_b_1.jpg,T20_214,1,train,False,False
T20_d01_222_a_1.jpg,T20_222,1,train,False,False
T20_d01_222_b_1.jpg,T20_222,1,train,False,True
T20_d01_224_a_1.jpg,T20_224,1,val,False,False
T20_d01_224_b_1.jpg,T20_224,1,val,False,False
T20_d01_225_a_1.jpg,T20_225,1,train,False,False
T20_d01_225_b_1.jpg,T20_225,1,train,False,False
T20_d01_226_a_1.jpg,T20_226,1,train,False,False
T20_d01_226_b_1.jpg,T20_226,1,train,False,False
T20_d01_228_a_1.jpg,T20_228,1,test,False,False
T20_d01_228_b_1.jpg,T20_228,1,test,False,False
T20_d01_232_a_1.jpg,T20_232,1,train,True,False
T20_d01_232_b_1.jpg,T20_232,1,train,True,False
T20_d01_239_a_1.jpg,T20_239,1,val,False,False
T20_d01_239_b_1.jpg,T20_239,1,val,False,False
T20_d01_240_a_1.jpg,T20_240,1,test,False,False
T20_d01_240_b_1.jpg,T20_240,1,test,False,False
T20_d01_244_a_1.jpg,T20_244,1,train,False,False
T20_d01_244_b_1.jpg,T20_244,1,train,False,True
T20_d01_255_a_1.jpg,T20_255,1,train,False,False
T20_d01_255_b_1.jpg,T20_255,1,train,False,True
T20_d01_256_a_1.jpg,T20_256,1,train,False,False
T20_d01_256_b_1.jpg,T20_256,1,train,False,False
T20_d01_258_a_1.jpg,T20_258,1,train,False,False
T20_d01_258_b_1.jpg,T20_258,1,train,False,False
T20_d01_259_a_1.jpg,T20_259,1,train,False,False
T20_d01_259_b_1.jpg,T20_259,1,train,False,False
T20_d01_260_a_1.jpg,T20_260,1,train,False,False
T20_d01_260_b_1.jpg,T20_260,1,train,False,False
T20_d01_263_a_1.jpg,T20_263,1,train,False,False
T20_d01_263_b_1.jpg,T20_263,1,train,False,False
T20_d01_265_a_1.jpg,T20_265,1,train,False,False
T20_d01_265_b_1.jpg,T20_265,1,train,False,True
T20_d01_267_a_1.jpg,T20_267,1,train,False,True
T20_d01_267_b_1.jpg,T20_267,1,train,False,False
T20_d01_268_a_1.jpg,T20_268,1,train,False,False
T20_d01_268_b_1.jpg,T20_268,1,train,False,False
T20_d01_272_a_1.jpg,T20_272,1,train,False,False
T20_d01_272_b_1.jpg,T20_272,1,train,False,False
T20_d01_277_a_1.jpg,T20_277,1,train,False,False
T20_d01_277_b_1.jpg,T20_277,1,train,False,False
T20_d01_279_a_1.jpg,T20_279,1,test,False,False
T20_d01_279_b_1.jpg,T20_279,1,test,False,False
T20_d01_287_a_1.jpg,T20_287,1,train,False,False
T20_d01_287_b_1.jpg,T20_287,1,train,False,False
T20_d01_288_a_1.jpg,T20_288,1,train,False,False
T20_d01_288_b_1.jpg,T20_288,1,train,False,False
T20_d01_289_a_1.jpg,T20_289,1,test,False,False
T20_d01_289_b_1.jpg,T20_289,1,test,False,False
T20_d01_291_a_1.jpg,T20_291,1,val,False,False
T20_d01_291_b_1.jpg,T20_291,1,val,False,False
T20_d01_293_a_1.jpg,T20_293,1,train,False,False
T20_d01_293_b_1.jpg,T20_293,1,train,False,False
T20_d01_300_a_1.jpg,T20_300,1,train,False,False
T20_d01_300_b_1.jpg,T20_300,1,train,False,True
T20_d01_305_a_1.jpg,T20_305,1,train,True,False
T20_d01_305_b_1.jpg,T20_305,1,train,True,False
T20_d01_309_a_1.jpg,T20_309,1,val,False,False
T20_d01_309_b_1.jpg,T20_309,1,val,False,False
T20_d01_311_a_1.jpg,T20_311,1,train,False,False
T20_d01_311_b_1.jpg,T20_311,1,train,False,False
T20_d01_313_a_1.jpg,T20_313,1,test,False,True
T20_d01_313_b_1.jpg,T20_313,1,test,False,False
T20_d01_316_a_1.jpg,T20_316,1,train,False,False
T20_d01_316_b_1.jpg,T20_316,1,train,False,False
T20_d01_317_a_1.jpg,T20_317,1,val,True,False
T20_d01_317_b_1.jpg,T20_317,1,val,True,False
T20_d01_321_a_1.jpg,T20_321,1,val,False,False
T20_d01_321_b_1.jpg,T20_321,1,val,False,False
T20_d01_322_a_1.jpg,T20_322,1,train,False,False
T20_d01_322_b_1.jpg,T20_322,1,train,False,True
T20_d01_324_a_1.jpg,T20_324,1,train,False,False
T20_d01_324_b_1.jpg,T20_324,1,train,False,False
T20_d01_332_a_1.jpg,T20_332,1,train,False,False
T20_d01_332_b_1.jpg,T20_332,1,train,False,False
T20_d01_334_a_1.jpg,T20_334,1,val,False,False
T20_d01_334_b_1.jpg,T20_334,1,val,False,False
T20_d01_346_a_1.jpg,T20_346,1,train,False,False
T20_d01_346_b_1.jpg,T20_346,1,train,False,False
T20_d01_347_a_1.jpg,T20_347,1,train,False,False
T20_d01_347_b_1.jpg,T20_347,1,train,False,False
T20_d01_352_a_1.jpg,T20_352,1,train,True,False
T20_d01_352_b_1.jpg,T20_352,1,train,True,False
T20_d01_354_a_1.jpg,T20_354,1,train,False,False
T20_d01_354_b_1.jpg,T20_354,1,train,False,False
T20_d01_360_a_1.jpg,T20_360,1,test,False,True
T20_d01_360_b_1.jpg,T20_360,1,test,False,False
T20_d01_361_a_1.jpg,T20_361,1,train,True,False
T20_d01_361_b_1.jpg,T20_361,1,train,True,False
T20_d01_363_a_1.jpg,T20_363,1,val,False,False
T20_d01_363_b_1.jpg,T20_363,1,val,False,False
T20_d01_369_a_1.jpg,T20_369,1,train,False,False
T20_d01_369_b_1.jpg,T20_369,1,train,False,False
T20_d01_371_a_1.jpg,T20_371,1,val,False,False
T20_d01_371_b_1.jpg,T20_371,1,val,False,False
T20_d01_378_a_1.jpg,T20_378,1,train,False,False
T20_d01_378_b_1.jpg,T20_378,1,train,False,True
T20_d01_383_a_1.jpg,T20_383,1,val,False,False
T20_d01_383_b_1.jpg,T20_383,1,val,False,False
T20_d01_384_a_1.jpg,T20_384,1,train,False,False
T20_d01_384_b_1.jpg,T20_384,1,train,False,False
T20_d01_386_a_1.jpg,T20_386,1,train,False,False
T20_d01_386_b_1.jpg,T20_386,1,train,False,False
T20_d01_388_a_1.jpg,T20_388,1,train,False,False
T20_d01_388_b_1.jpg,T20_388,1,train,False,False
T20_d01_389_a_1.jpg,T20_389,1,train,False,False
T20_d01_389_b_1.jpg,T20_389,1,train,False,False
T20_d01_390_a_1.jpg,T20_390,1,train,False,False
T20_d01_390_b_1.jpg,T20_390,1,train,False,False
T20_d01_391_a_1.jpg,T20_391,1,train,False,False
T20_d01_391_b_1.jpg,T20_391,1,train,False,True
T20_d01_394_a_1.jpg,T20_394,1,train,True,False
T20_d01_394_b_1.jpg,T20_394,1,train,True,False
T20_d01_409_a_1.jpg,T20_409,1,train,False,False
T20_d01_409_b_1.jpg,T20_409,1,train,False,False
T20_d01_412_a_1.jpg,T20_412,1,train,True,False
T20_d01_412_b_1.jpg,T20_412,1,train,True,False
T20_d01_421_a_1.jpg,T20_421,1,train,False,False
T20_d01_421_b_1.jpg,T20_421,1,train,False,False
T20_d01_423_a_1.jpg,T20_423,1,train,False,False
T20_d01_423_b_1.jpg,T20_423,1,train,False,False
T20_d01_426_a_1.jpg,T20_426,1,train,False,False
T20_d01_426_b_1.jpg,T20_426,1,train,False,False
T20_d01_431_a_1.jpg,T20_431,1,train,False,False
T20_d01_431_b_1.jpg,T20_431,1,train,False,True
T20_d01_432_a_1.jpg,T20_432,1,val,True,False
T20_d01_432_b_1.jpg,T20_432,1,val,True,False
T20_d01_433_a_1.jpg,T20_433,1,val,True,False
T20_d01_433_b_1.jpg,T20_433,1,val,True,False
T20_d01_435_a_1.jpg,T20_435,1,train,False,False
T20_d01_435_b_1.jpg,T20_435,1,train,False,False
T20_d01_438_a_1.jpg,T20_438,1,train,False,False
T20_d01_438_b_1.jpg,T20_438,1,train,False,False
T20_d01_439_a_1.jpg,T20_439,1,train,False,False
T20_d01_439_b_1.jpg,T20_439,1,train,False,False
T20_d01_440_a_1.jpg,T20_440,1,train,True,False
T20_d01_440_b_1.jpg,T20_440,1,train,True,False
T20_d01_443_a_1.jpg,T20_443,1,train,False,False
T20_d01_443_b_1.jpg,T20_443,1,train,False,False
T20_d01_453_a_1.jpg,T20_453,1,val,False,False
T20_d01_453_b_1.jpg,T20_453,1,val,False,False
T20_d01_455_a_1.jpg,T20_455,1,train,True,False
T20_d01_455_b_1.jpg,T20_455,1,train,True,False
T20_d01_461_a_1.jpg,T20_461,1,train,False,False
T20_d01_461_b_1.jpg,T20_461,1,train,False,False
T20_d01_462_a_1.jpg,T20_462,1,test,False,False
T20_d01_462_b_1.jpg,T20_462,1,test,False,False
T20_d01_463_a_1.jpg,T20_463,1,train,False,False
T20_d01_463_b_1.jpg,T20_463,1,train,False,True
T20_d01_464_a_1.jpg,T20_464,1,train,False,False
T20_d01_464_b_1.jpg,T20_464,1,train,False,False
T20_d01_468_a_1.jpg,T20_468,1,test,False,False
T20_d01_468_b_1.jpg,T20_468,1,test,False,False
T20_d01_469_a_1.jpg,T20_469,1,train,False,False
T20_d01_469_b_1.jpg,T20_469,1,train,False,False
T20_d01_477_a_1.jpg,T20_477,1,train,False,False
T20_d01_477_b_1.jpg,T20_477,1,train,False,False
T20_d02_001_a_1.jpg,T20_001,1,train,False,False
T20_d02_001_b_1.jpg,T20_001,1,train,False,False
T20_d02_004_a_2.jpg,T20_004,2,train,False,False
T20_d02_004_b_2.jpg,T20_004,2,train,False,False
T20_d02_005_a_1.jpg,T20_005,1,train,False,False
T20_d02_005_b_1.jpg,T20_005,1,train,False,False
T20_d02_006_a_1.jpg,T20_006,1,val,False,False
T20_d02_006_b_1.jpg,T20_006,1,val,False,False
T20_d02_008_a_1.jpg,T20_008,1,train,False,False
T20_d02_008_b_1.jpg,T20_008,1,train,False,False
T20_d02_010_a_2.jpg,T20_010,2,val,False,True
T20_d02_010_b_2.jpg,T20_010,2,val,False,False
T20_d02_020_a_1.jpg,T20_020,1,test,False,False
T20_d02_020_b_1.jpg,T20_020,1,test,False,False
T20_d02_023_a_1.jpg,T20_023,1,train,True,False
T20_d02_023_b_1.jpg,T20_023,1,train,True,False
T20_d02_024_a_1.jpg,T20_024,1,test,True,False
T20_d02_024_b_1.jpg,T20_024,1,test,True,False
T20_d02_025_a_1.jpg,T20_025,1,train,False,False
T20_d02_025_b_1.jpg,T20_025,1,train,False,False
T20_d02_029_a_1.jpg,T20_029,1,train,False,False
T20_d02_029_b_1.jpg,T20_029,1,train,False,True
T20_d02_031_a_1.jpg,T20_031,1,train,True,False
T20_d02_031_b_1.jpg,T20_031,1,train,True,False
T20_d02_032_a_2.jpg,T20_032,2,train,False,False
T20_d02_032_b_2.jpg,T20_032,2,train,False,False
T20_d02_036_a_1.jpg,T20_036,1,train,True,False
T20_d02_036_b_1.jpg,T20_036,1,train,True,False
T20_d02_040_a_1.jpg,T20_040,1,train,False,False
T20_d02_040_b_1.jpg,T20_040,1,train,False,False
T20_d02_042_a_2.jpg,T20_042,2,train,False,False
T20_d02_042_b_2.jpg,T20_042,2,train,False,True
T20_d02_043_a_1.jpg,T20_043,1,val,True,False
T20_d02_043_b_1.jpg,T20_043,1,val,True,False
T20_d02_049_a_1.jpg,T20_049,1,train,False,False
T20_d02_049_b_1.jpg,T20_049,1,train,False,True
T20_d02_050_a_2.jpg,T20_050,2,train,False,False
T20_d02_050_b_2.jpg,T20_050,2,train,False,False
T20_d02_060_a_2.jpg,T20_060,2,train,False,False
T20_d02_060_b_2.jpg,T20_060,2,train,False,False
T20_d02_063_a_1.jpg,T20_063,1,val,False,False
T20_d02_063_b_1.jpg,T20_063,1,val,False,False
T20_d02_071_a_1.jpg,T20_071,1,train,False,False
T20_d02_071_b_1.jpg,T20_071,1,train,False,False
T20_d02_075_a_2.jpg,T20_075,2,val,False,False
T20_d02_075_b_2.jpg,T20_075,2,val,False,True
T20_d02_076_a_1.jpg,T20_076,1,train,False,False
T20_d02_076_b_1.jpg,T20_076,1,train,False,False
T20_d02_084_a_2.jpg,T20_084,2,train,False,True
T20_d02_084_b_2.jpg,T20_084,2,train,False,False
T20_d02_085_a_1.jpg,T20_085,1,test,False,False
T20_d02_085_b_1.jpg,T20_085,1,test,False,False
T20_d02_090_a_1.jpg,T20_090,1,train,False,False
T20_d02_090_b_1.jpg,T20_090,1,train,False,False
T20_d02_095_a_2.jpg,T20_095,2,train,False,True
T20_d02_095_b_2.jpg,T20_095,2,train,False,False
T20_d02_101_a_1.jpg,T20_101,1,train,True,False
T20_d02_101_b_1.jpg,T20_101,1,train,True,False
T20_d02_103_a_1.jpg,T20_103,1,train,False,True
T20_d02_103_b_1.jpg,T20_103,1,train,False,False
T20_d02_106_a_1.jpg,T20_106,1,train,False,True
T20_d02_106_b_1.jpg,T20_106,1,train,False,False
T20_d02_107_a_2.jpg,T20_107,2,train,False,False
T20_d02_107_b_2.jpg,T20_107,2,train,False,False
T20_d02_112_a_1.jpg,T20_112,1,train,False,False
T20_d02_112_b_1.jpg,T20_112,1,train,False,False
T20_d02_114_a_1.jpg,T20_114,1,train,False,False
T20_d02_114_b_1.jpg,T20_114,1,train,False,False
T20_d02_115_a_1.jpg,T20_115,1,train,False,True
T20_d02_115_b_1.jpg,T20_115,1,train,False,False
T20_d02_116_a_1.jpg,T20_116,1,train,True,False
T20_d02_116_b_1.jpg,T20_116,1,train,True,False
T20_d02_123_a_2.jpg,T20_123,2,train,True,False
T20_d02_123_b_2.jpg,T20_123,2,train,True,False
T20_d02_132_a_2.jpg,T20_132,2,train,False,True
T20_d02_132_b_2.jpg,T20_132,2,train,False,True
T20_d02_137_a_1.jpg,T20_137,1,train,False,False
T20_d02_137_b_1.jpg,T20_137,1,train,False,True
T20_d02_143_a_2.jpg,T20_143,2,train,False,False
T20_d02_143_b_2.jpg,T20_143,2,train,False,False
T20_d02_146_a_2.jpg,T20_146,2,train,False,False
T20_d02_146_b_2.jpg,T20_146,2,train,False,False
T20_d02_150_a_2.jpg,T20_150,2,train,False,False
T20_d02_150_b_2.jpg,T20_150,2,train,False,False
T20_d02_151_a_2.jpg,T20_151,2,val,False,True
T20_d02_151_b_2.jpg,T20_151,2,val,False,False
T20_d02_153_a_1.jpg,T20_153,1,val,False,True
T20_d02_153_b_1.jpg,T20_153,1,val,False,False
T20_d02_155_a_1.jpg,T20_155,1,train,False,False
T20_d02_155_b_1.jpg,T20_155,1,train,False,False
T20_d02_161_a_1.jpg,T20_161,1,test,False,False
T20_d02_161_b_1.jpg,T20_161,1,test,False,False
T20_d02_170_a_2.jpg,T20_170,2,train,False,False
T20_d02_170_b_2.jpg,T20_170,2,train,False,False
T20_d02_174_a_2.jpg,T20_174,2,train,False,True
T20_d02_174_b_2.jpg,T20_174,2,train,False,False
T20_d02_176_a_1.jpg,T20_176,1,val,False,False
T20_d02_176_b_1.jpg,T20_176,1,val,False,False
T20_d02_177_a_1.jpg,T20_177,1,train,False,False
T20_d02_177_b_1.jpg,T20_177,1,train,False,False
T20_d02_178_a_1.jpg,T20_178,1,train,True,False
T20_d02_178_b_1.jpg,T20_178,1,train,True,False
T20_d02_183_a_2.jpg,T20_183,2,train,False,False
T20_d02_183_b_2.jpg,T20_183,2,train,False,False
T20_d02_185_a_1.jpg,T20_185,1,train,False,False
T20_d02_185_b_1.jpg,T20_185,1,train,False,False
T20_d02_187_a_1.jpg,T20_187,1,train,False,True
T20_d02_187_b_1.jpg,T20_187,1,train,False,False
T20_d02_188_a_2.jpg,T20_188,2,train,False,False
T20_d02_188_b_2.jpg,T20_188,2,train,False,False
T20_d02_190_a_2.jpg,T20_190,2,test,False,False
T20_d02_190_b_2.jpg,T20_190,2,test,False,False
T20_d02_192_a_1.jpg,T20_192,1,train,True,False
T20_d02_192_b_1.jpg,T20_192,1,train,True,False
T20_d02_199_a_1.jpg,T20_199,1,val,False,False
T20_d02_199_b_1.jpg,T20_199,1,val,False,False
T20_d02_212_a_1.jpg,T20_212,1,train,False,False
T20_d02_212_b_1.jpg,T20_212,1,train,False,False
T20_d02_214_a_1.jpg,T20_214,1,train,False,False
T20_d02_214_b_1.jpg,T20_214,1,train,False,False
T20_d02_222_a_1.jpg,T20_222,1,train,False,False
T20_d02_222_b_1.jpg,T20_222,1,train,False,False
T20_d02_224_a_1.jpg,T20_224,1,val,False,False
T20_d02_224_b_1.jpg,T20_224,1,val,False,False
T20_d02_225_a_1.jpg,T20_225,1,train,False,False
T20_d02_225_b_1.jpg,T20_225,1,train,False,False
T20_d02_226_a_2.jpg,T20_226,2,train,False,False
T20_d02_226_b_2.jpg,T20_226,2,train,False,True
T20_d02_228_a_1.jpg,T20_228,1,test,False,False
T20_d02_228_b_1.jpg,T20_228,1,test,False,False
T20_d02_232_a_1.jpg,T20_232,1,train,True,False
T20_d02_232_b_1.jpg,T20_232,1,train,True,False
T20_d02_239_a_1.jpg,T20_239,1,val,False,False
T20_d02_239_b_1.jpg,T20_239,1,val,False,False
T20_d02_240_a_1.jpg,T20_240,1,test,False,False
T20_d02_240_b_1.jpg,T20_240,1,test,False,False
T20_d02_244_a_1.jpg,T20_244,1,train,False,False
T20_d02_244_b_1.jpg,T20_244,1,train,False,False
T20_d02_255_a_1.jpg,T20_255,1,train,False,False
T20_d02_255_b_1.jpg,T20_255,1,train,False,False
T20_d02_256_a_1.jpg,T20_256,1,train,False,False
T20_d02_256_b_1.jpg,T20_256,1,train,False,False
T20_d02_258_a_2.jpg,T20_258,2,train,False,False
T20_d02_258_b_2.jpg,T20_258,2,train,False,False
T20_d02_259_a_2.jpg,T20_259,2,train,False,False
T20_d02_259_b_2.jpg,T20_259,2,train,False,False
T20_d02_260_a_1.jpg,T20_260,1,train,False,False
T20_d02_260_b_1.jpg,T20_260,1,train,False,False
T20_d02_263_a_1.jpg,T20_263,1,train,False,True
T20_d02_263_b_1.jpg,T20_263,1,train,False,False
T20_d02_265_a_1.jpg,T20_265,1,train,False,False
T20_d02_265_b_1.jpg,T20_265,1,train,False,False
T20_d02_267_a_2.jpg,T20_267,2,train,False,False
T20_d02_267_b_2.jpg,T20_267,2,train,False,False
T20_d02_268_a_1.jpg,T20_268,1,train,False,False
T20_d02_268_b_1.jpg,T20_268,1,train,False,False
T20_d02_272_a_1.jpg,T20_272,1,train,False,False
T20_d02_272_b_1.jpg,T20_272,1,train,False,False
T20_d02_277_a_1.jpg,T20_277,1,train,False,False
T20_d02_277_b_1.jpg,T20_277,1,train,False,False
T20_d02_279_a_1.jpg,T20_279,1,test,False,True
T20_d02_279_b_1.jpg,T20_279,1,test,False,False
T20_d02_287_a_2.jpg,T20_287,2,train,False,False
T20_d02_287_b_2.jpg,T20_287,2,train,False,False
T20_d02_288_a_1.jpg,T20_288,1,train,False,False
T20_d02_288_b_1.jpg,T20_288,1,train,False,False
T20_d02_289_a_2.jpg,T20_289,2,test,False,False
T20_d02_289_b_2.jpg,T20_289,2,test,False,False
T20_d02_291_a_1.jpg,T20_291,1,val,False,False
T20_d02_291_b_1.jpg,T20_291,1,val,False,False
T20_d02_293_a_2.jpg,T20_293,2,train,False,False
T20_d02_293_b_2.jpg,T20_293,2,train,False,False
T20_d02_300_a_1.jpg,T20_300,1,train,False,False
T20_d02_300_b_1.jpg,T20_300,1,train,False,False
T20_d02_305_a_1.jpg,T20_305,1,train,True,False
T20_d02_305_b_1.jpg,T20_305,1,train,True,False
T20_d02_309_a_1.jpg,T20_309,1,val,False,False
T20_d02_309_b_1.jpg,T20_309,1,val,False,False
T20_d02_311_a_1.jpg,T20_311,1,train,False,False
T20_d02_311_b_1.jpg,T20_311,1,train,False,True
T20_d02_313_a_2.jpg,T20_313,2,test,False,False
T20_d02_313_b_2.jpg,T20_313,2,test,False,False
T20_d02_316_a_2.jpg,T20_316,2,train,False,False
T20_d02_316_b_2.jpg,T20_316,2,train,False,False
T20_d02_321_a_1.jpg,T20_321,1,val,False,False
T20_d02_321_b_1.jpg,T20_321,1,val,False,True
T20_d02_322_a_1.jpg,T20_322,1,train,False,False
T20_d02_322_b_1.jpg,T20_322,1,train,False,False
T20_d02_324_a_1.jpg,T20_324,1,train,False,False
T20_d02_324_b_1.jpg,T20_324,1,train,False,False
T20_d02_332_a_1.jpg,T20_332,1,train,False,False
T20_d02_332_b_1.jpg,T20_332,1,train,False,False
T20_d02_334_a_2.jpg,T20_334,2,val,False,False
T20_d02_334_b_2.jpg,T20_334,2,val,False,False
T20_d02_346_a_2.jpg,T20_346,2,train,False,False
T20_d02_346_b_2.jpg,T20_346,2,train,False,False
T20_d02_347_a_1.jpg,T20_347,1,train,False,False
T20_d02_347_b_1.jpg,T20_347,1,train,False,False
T20_d02_352_a_1.jpg,T20_352,1,train,True,False
T20_d02_352_b_1.jpg,T20_352,1,train,True,False
T20_d02_354_a_2.jpg,T20_354,2,train,False,False
T20_d02_354_b_2.jpg,T20_354,2,train,False,False
T20_d02_360_a_1.jpg,T20_360,1,test,False,True
T20_d02_360_b_1.jpg,T20_360,1,test,False,False
T20_d02_361_a_2.jpg,T20_361,2,train,True,False
T20_d02_361_b_2.jpg,T20_361,2,train,True,False
T20_d02_363_a_1.jpg,T20_363,1,val,False,False
T20_d02_363_b_1.jpg,T20_363,1,val,False,False
T20_d02_369_a_1.jpg,T20_369,1,train,False,False
T20_d02_369_b_1.jpg,T20_369,1,train,False,False
T20_d02_371_a_1.jpg,T20_371,1,val,False,False
T20_d02_371_b_1.jpg,T20_371,1,val,False,False
T20_d02_378_a_1.jpg,T20_378,1,train,False,False
T20_d02_378_b_1.jpg,T20_378,1,train,False,False
T20_d02_383_a_1.jpg,T20_383,1,val,False,False
T20_d02_383_b_1.jpg,T20_383,1,val,False,False
T20_d02_384_a_1.jpg,T20_384,1,train,False,False
T20_d02_384_b_1.jpg,T20_384,1,train,False,False
T20_d02_386_a_2.jpg,T20_386,2,train,False,False
T20_d02_386_b_2.jpg,T20_386,2,train,False,True
T20_d02_388_a_1.jpg,T20_388,1,train,False,False
T20_d02_388_b_1.jpg,T20_388,1,train,False,False
T20_d02_389_a_1.jpg,T20_389,1,train,False,False
T20_d02_389_b_1.jpg,T20_389,1,train,False,False
T20_d02_390_a_1.jpg,T20_390,1,train,False,False
T20_d02_390_b_1.jpg,T20_390,1,train,False,False
T20_d02_391_a_1.jpg,T20_391,1,train,False,True
T20_d02_391_b_1.jpg,T20_391,1,train,False,False
T20_d02_394_a_2.jpg,T20_394,2,train,True,False
T20_d02_394_b_2.jpg,T20_394,2,train,True,False
T20_d02_409_a_1.jpg,T20_409,1,train,False,False
T20_d02_409_b_1.jpg,T20_409,1,train,False,False
T20_d02_412_a_2.jpg,T20_412,2,train,True,False
T20_d02_412_b_2.jpg,T20_412,2,train,True,False
T20_d02_421_a_2.jpg,T20_421,2,train,False,False
T20_d02_421_b_2.jpg,T20_421,2,train,False,False
T20_d02_423_a_1.jpg,T20_423,1,train,False,False
T20_d02_423_b_1.jpg,T20_423,1,train,False,False
T20_d02_426_a_2.jpg,T20_426,2,train,False,True
T20_d02_426_b_2.jpg,T20_426,2,train,False,True
T20_d02_431_a_2.jpg,T20_431,2,train,False,False
T20_d02_431_b_2.jpg,T20_431,2,train,False,False
T20_d02_432_a_1.jpg,T20_432,1,val,True,False
T20_d02_432_b_1.jpg,T20_432,1,val,True,False
T20_d02_433_a_1.jpg,T20_433,1,val,True,False
T20_d02_433_b_1.jpg,T20_433,1,val,True,False
T20_d02_435_a_2.jpg,T20_435,2,train,False,False
T20_d02_435_b_2.jpg,T20_435,2,train,False,False
T20_d02_438_a_1.jpg,T20_438,1,train,False,False
T20_d02_438_b_1.jpg,T20_438,1,train,False,False
T20_d02_439_a_1.jpg,T20_439,1,train,False,False
T20_d02_439_b_1.jpg,T20_439,1,train,False,False
T20_d02_440_a_1.jpg,T20_440,1,train,True,False
T20_d02_440_b_1.jpg,T20_440,1,train,True,False
T20_d02_443_a_1.jpg,T20_443,1,train,False,False
T20_d02_443_b_1.jpg,T20_443,1,train,False,False
T20_d02_453_a_2.jpg,T20_453,2,val,False,False
T20_d02_453_b_2.jpg,T20_453,2,val,False,True
T20_d02_455_a_2.jpg,T20_455,2,train,True,False
T20_d02_455_b_2.jpg,T20_455,2,train,True,False
T20_d02_461_a_1.jpg,T20_461,1,train,False,False
T20_d02_461_b_1.jpg,T20_461,1,train,False,False
T20_d02_462_a_1.jpg,T20_462,1,test,False,False
T20_d02_462_b_1.jpg,T20_462,1,test,False,False
T20_d02_463_a_1.jpg,T20_463,1,train,False,False
T20_d02_463_b_1.jpg,T20_463,1,train,False,False
T20_d02_464_a_2.jpg,T20_464,2,train,False,False
T20_d02_464_b_2.jpg,T20_464,2,train,False,False
T20_d02_468_a_2.jpg,T20_468,2,test,False,False
T20_d02_468_b_2.jpg,T20_468,2,test,False,False
T20_d02_469_a_1.jpg,T20_469,1,train,False,False
T20_d02_469_b_1.jpg,T20_469,1,train,False,False
T20_d02_477_a_1.jpg,T20_477,1,train,False,False
T20_d02_477_b_1.jpg,T20_477,1,train,False,False
T20_d03_001_a_2.jpg,T20_001,2,train,False,False
T20_d03_001_b_2.jpg,T20_001,2,train,False,False
T20_d03_004_a_2.jpg,T20_004,2,train,False,False
T20_d03_004_b_2.jpg,T20_004,2,train,False,False
T20_d03_005_a_2.jpg,T20_005,2,train,False,False
T20_d03_005_b_2.jpg,T20_005,2,train,False,False
T20_d03_006_a_2.jpg,T20_006,2,val,False,False
T20_d03_006_b_2.jpg,T20_006,2,val,False,False
T20_d03_008_a_2.jpg,T20_008,2,train,False,False
T20_d03_008_b_2.jpg,T20_008,2,train,False,False
T20_d03_010_a_2.jpg,T20_010,2,val,False,False
T20_d03_010_b_2.jpg,T20_010,2,val,False,False
T20_d03_020_a_1.jpg,T20_020,1,test,False,True
T20_d03_020_b_1.jpg,T20_020,1,test,False,True
T20_d03_023_a_2.jpg,T20_023,2,train,True,False
T20_d03_023_b_2.jpg,T20_023,2,train,True,False
T20_d03_024_a_2.jpg,T20_024,2,test,True,False
T20_d03_024_b_2.jpg,T20_024,2,test,True,False
T20_d03_025_a_2.jpg,T20_025,2,train,False,False
T20_d03_025_b_2.jpg,T20_025,2,train,False,False
T20_d03_029_a_2.jpg,T20_029,2,train,False,False
T20_d03_029_b_2.jpg,T20_029,2,train,False,False
T20_d03_031_a_2.jpg,T20_031,2,train,True,False
T20_d03_031_b_2.jpg,T20_031,2,train,True,False
T20_d03_032_a_2.jpg,T20_032,2,train,False,False
T20_d03_032_b_2.jpg,T20_032,2,train,False,False
T20_d03_036_a_2.jpg,T20_036,2,train,True,False
T20_d03_036_b_2.jpg,T20_036,2,train,True,False
T20_d03_040_a_2.jpg,T20_040,2,train,False,False
T20_d03_040_b_2.jpg,T20_040,2,train,False,False
T20_d03_042_a_2.jpg,T20_042,2,train,False,False
T20_d03_042_b_2.jpg,T20_042,2,train,False,False
T20_d03_043_a_2.jpg,T20_043,2,val,True,False
T20_d03_043_b_2.jpg,T20_043,2,val,True,False
T20_d03_049_a_2.jpg,T20_049,2,train,False,False
T20_d03_049_b_2.jpg,T20_049,2,train,False,False
T20_d03_050_a_2.jpg,T20_050,2,train,False,False
T20_d03_050_b_2.jpg,T20_050,2,train,False,False
T20_d03_060_a_2.jpg,T20_060,2,train,False,False
T20_d03_060_b_2.jpg,T20_060,2,train,False,False
T20_d03_063_a_2.jpg,T20_063,2,val,False,False
T20_d03_063_b_2.jpg,T20_063,2,val,False,False
T20_d03_071_a_2.jpg,T20_071,2,train,False,False
T20_d03_071_b_2.jpg,T20_071,2,train,False,True
T20_d03_075_a_2.jpg,T20_075,2,val,False,False
T20_d03_075_b_2.jpg,T20_075,2,val,False,False
T20_d03_076_a_2.jpg,T20_076,2,train,False,False
T20_d03_076_b_2.jpg,T20_076,2,train,False,False
T20_d03_084_a_2.jpg,T20_084,2,train,False,False
T20_d03_084_b_2.jpg,T20_084,2,train,False,False
T20_d03_085_a_2.jpg,T20_085,2,test,False,False
T20_d03_085_b_2.jpg,T20_085,2,test,False,False
T20_d03_090_a_2.jpg,T20_090,2,train,False,True
T20_d03_090_b_2.jpg,T20_090,2,train,False,False
T20_d03_095_a_2.jpg,T20_095,2,train,False,False
T20_d03_095_b_2.jpg,T20_095,2,train,False,False
T20_d03_101_a_2.jpg,T20_101,2,train,True,False
T20_d03_101_b_2.jpg,T20_101,2,train,True,False
T20_d03_103_a_2.jpg,T20_103,2,train,False,False
T20_d03_103_b_2.jpg,T20_103,2,train,False,False
T20_d03_106_a_2.jpg,T20_106,2,train,False,False
T20_d03_106_b_2.jpg,T20_106,2,train,False,False
T20_d03_107_a_2.jpg,T20_107,2,train,False,False
T20_d03_107_b_2.jpg,T20_107,2,train,False,False
T20_d03_112_a_2.jpg,T20_112,2,train,False,False
T20_d03_112_b_2.jpg,T20_112,2,train,False,False
T20_d03_114_a_1.jpg,T20_114,1,train,False,False
T20_d03_114_b_1.jpg,T20_114,1,train,False,False
T20_d03_115_a_1.jpg,T20_115,1,train,False,False
T20_d03_115_b_1.jpg,T20_115,1,train,False,False
T20_d03_116_a_2.jpg,T20_116,2,train,True,False
T20_d03_116_b_2.jpg,T20_116,2,train,True,False
T20_d03_123_a_2.jpg,T20_123,2,train,True,False
T20_d03_123_b_2.jpg,T20_123,2,train,True,False
T20_d03_132_a_2.jpg,T20_132,2,train,False,False
T20_d03_132_b_2.jpg,T20_132,2,train,False,False
T20_d03_137_a_2.jpg,T20_137,2,train,False,True
T20_d03_137_b_2.jpg,T20_137,2,train,False,True
T20_d03_141_a_2.jpg,T20_141,2,test,False,False
T20_d03_141_b_2.jpg,T20_141,2,test,False,False
T20_d03_143_a_2.jpg,T20_143,2,train,False,False
T20_d03_143_b_2.jpg,T20_143,2,train,False,False
T20_d03_146_a_2.jpg,T20_146,2,train,False,False
T20_d03_146_b_2.jpg,T20_146,2,train,False,False
T20_d03_150_a_2.jpg,T20_150,2,train,False,False
T20_d03_150_b_2.jpg,T20_150,2,train,False,False
T20_d03_151_a_2.jpg,T20_151,2,val,False,False
T20_d03_151_b_2.jpg,T20_151,2,val,False,False
T20_d03_153_a_2.jpg,T20_153,2,val,False,False
T20_d03_153_b_2.jpg,T20_153,2,val,False,False
T20_d03_155_a_2.jpg,T20_155,2,train,False,False
T20_d03_155_b_2.jpg,T20_155,2,train,False,False
T20_d03_161_a_2.jpg,T20_161,2,test,False,False
T20_d03_161_b_2.jpg,T20_161,2,test,False,False
T20_d03_170_a_2.jpg,T20_170,2,train,False,False
T20_d03_170_b_2.jpg,T20_170,2,train,False,False
T20_d03_174_a_2.jpg,T20_174,2,train,False,False
T20_d03_174_b_2.jpg,T20_174,2,train,False,False
T20_d03_176_a_1.jpg,T20_176,1,val,False,False
T20_d03_176_b_1.jpg,T20_176,1,val,False,False
T20_d03_177_a_2.jpg,T20_177,2,train,False,False
T20_d03_177_b_2.jpg,T20_177,2,train,False,False
T20_d03_178_a_2.jpg,T20_178,2,train,True,False
T20_d03_178_b_2.jpg,T20_178,2,train,True,False
T20_d03_183_a_2.jpg,T20_183,2,train,False,False
T20_d03_183_b_2.jpg,T20_183,2,train,False,False
T20_d03_185_a_2.jpg,T20_185,2,train,False,False
T20_d03_185_b_2.jpg,T20_185,2,train,False,False
T20_d03_187_a_2.jpg,T20_187,2,train,False,False
T20_d03_187_b_2.jpg,T20_187,2,train,False,False
T20_d03_188_a_2.jpg,T20_188,2,train,False,False
T20_d03_188_b_2.jpg,T20_188,2,train,False,False
T20_d03_190_a_2.jpg,T20_190,2,test,False,False
T20_d03_190_b_2.jpg,T20_190,2,test,False,True
T20_d03_199_a_2.jpg,T20_199,2,val,False,False
T20_d03_199_b_2.jpg,T20_199,2,val,False,True
T20_d03_214_a_2.jpg,T20_214,2,train,False,False
T20_d03_214_b_2.jpg,T20_214,2,train,False,False
T20_d03_222_a_1.jpg,T20_222,1,train,False,False
T20_d03_222_b_1.jpg,T20_222,1,train,False,False
T20_d03_224_a_2.jpg,T20_224,2,val,False,False
T20_d03_224_b_2.jpg,T20_224,2,val,False,False
T20_d03_225_a_2.jpg,T20_225,2,train,False,False
T20_d03_225_b_2.jpg,T20_225,2,train,False,False
T20_d03_226_a_2.jpg,T20_226,2,train,False,False
T20_d03_226_b_2.jpg,T20_226,2,train,False,False
T20_d03_228_a_1.jpg,T20_228,1,test,False,False
T20_d03_228_b_1.jpg,T20_228,1,test,False,False
T20_d03_232_a_2.jpg,T20_232,2,train,True,False
T20_d03_232_b_2.jpg,T20_232,2,train,True,False
T20_d03_239_a_2.jpg,T20_239,2,val,False,False
T20_d03_239_b_2.jpg,T20_239,2,val,False,True
T20_d03_240_a_2.jpg,T20_240,2,test,False,False
T20_d03_240_b_2.jpg,T20_240,2,test,False,False
T20_d03_244_a_2.jpg,T20_244,2,train,False,False
T20_d03_244_b_2.jpg,T20_244,2,train,False,False
T20_d03_255_a_2.jpg,T20_255,2,train,False,True
T20_d03_255_b_2.jpg,T20_255,2,train,False,False
T20_d03_256_a_2.jpg,T20_256,2,train,False,False
T20_d03_256_b_2.jpg,T20_256,2,train,False,True
T20_d03_258_a_2.jpg,T20_258,2,train,False,False
T20_d03_258_b_2.jpg,T20_258,2,train,False,False
T20_d03_259_a_2.jpg,T20_259,2,train,False,False
T20_d03_259_b_2.jpg,T20_259,2,train,False,False
T20_d03_260_a_2.jpg,T20_260,2,train,False,False
T20_d03_260_b_2.jpg,T20_260,2,train,False,False
T20_d03_263_a_2.jpg,T20_263,2,train,False,False
T20_d03_263_b_2.jpg,T20_263,2,train,False,False
T20_d03_265_a_2.jpg,T20_265,2,train,False,True
T20_d03_265_b_2.jpg,T20_265,2,train,False,False
T20_d03_267_a_2.jpg,T20_267,2,train,False,False
T20_d03_267_b_2.jpg,T20_267,2,train,False,False
T20_d03_268_a_1.jpg,T20_268,1,train,False,False
T20_d03_268_b_1.jpg,T20_268,1,train,False,False
T20_d03_272_a_2.jpg,T20_272,2,train,False,True
T20_d03_272_b_2.jpg,T20_272,2,train,False,False
T20_d03_277_a_2.jpg,T20_277,2,train,False,False
T20_d03_277_b_2.jpg,T20_277,2,train,False,False
T20_d03_279_a_2.jpg,T20_279,2,test,False,False
T20_d03_279_b_2.jpg,T20_279,2,test,False,False
T20_d03_287_a_2.jpg,T20_287,2,train,False,False
T20_d03_287_b_2.jpg,T20_287,2,train,False,False
T20_d03_288_a_2.jpg,T20_288,2,train,False,False
T20_d03_288_b_2.jpg,T20_288,2,train,False,False
T20_d03_289_a_2.jpg,T20_289,2,test,False,False
T20_d03_289_b_2.jpg,T20_289,2,test,False,False
T20_d03_291_a_2.jpg,T20_291,2,val,False,False
T20_d03_291_b_2.jpg,T20_291,2,val,False,False
T20_d03_293_a_2.jpg,T20_293,2,train,False,False
T20_d03_293_b_2.jpg,T20_293,2,train,False,False
T20_d03_300_a_2.jpg,T20_300,2,train,False,False
T20_d03_300_b_2.jpg,T20_300,2,train,False,False
T20_d03_305_a_2.jpg,T20_305,2,train,True,False
T20_d03_305_b_2.jpg,T20_305,2,train,True,False
T20_d03_309_a_2.jpg,T20_309,2,val,False,False
T20_d03_309_b_2.jpg,T20_309,2,val,False,False
T20_d03_311_a_2.jpg,T20_311,2,train,False,False
T20_d03_311_b_2.jpg,T20_311,2,train,False,False
T20_d03_313_a_2.jpg,T20_313,2,test,False,False
T20_d03_313_b_2.jpg,T20_313,2,test,False,False
T20_d03_316_a_2.jpg,T20_316,2,train,False,True
T20_d03_316_b_2.jpg,T20_316,2,train,False,False
T20_d03_321_a_2.jpg,T20_321,2,val,False,False
T20_d03_321_b_2.jpg,T20_321,2,val,False,False
T20_d03_322_a_2.jpg,T20_322,2,train,False,False
T20_d03_322_b_2.jpg,T20_322,2,train,False,False
T20_d03_324_a_2.jpg,T20_324,2,train,False,False
T20_d03_324_b_2.jpg,T20_324,2,train,False,False
T20_d03_332_a_2.jpg,T20_332,2,train,False,False
T20_d03_332_b_2.jpg,T20_332,2,train,False,True
T20_d03_334_a_2.jpg,T20_334,2,val,False,True
T20_d03_334_b_2.jpg,T20_334,2,val,False,False
T20_d03_346_a_2.jpg,T20_346,2,train,False,False
T20_d03_346_b_2.jpg,T20_346,2,train,False,False
T20_d03_347_a_1.jpg,T20_347,1,train,False,False
T20_d03_347_b_1.jpg,T20_347,1,train,False,False
T20_d03_352_a_2.jpg,T20_352,2,train,True,False
T20_d03_352_b_2.jpg,T20_352,2,train,True,False
T20_d03_354_a_2.jpg,T20_354,2,train,False,False
T20_d03_354_b_2.jpg,T20_354,2,train,False,False
T20_d03_360_a_2.jpg,T20_360,2,test,False,False
T20_d03_360_b_2.jpg,T20_360,2,test,False,True
T20_d03_361_a_2.jpg,T20_361,2,train,True,False
T20_d03_361_b_2.jpg,T20_361,2,train,True,False
T20_d03_363_a_2.jpg,T20_363,2,val,False,False
T20_d03_363_b_2.jpg,T20_363,2,val,False,False
T20_d03_369_a_2.jpg,T20_369,2,train,False,False
T20_d03_369_b_2.jpg,T20_369,2,train,False,False
T20_d03_371_a_2.jpg,T20_371,2,val,False,False
T20_d03_371_b_2.jpg,T20_371,2,val,False,True
T20_d03_378_a_1.jpg,T20_378,1,train,False,False
T20_d03_378_b_1.jpg,T20_378,1,train,False,True
T20_d03_383_a_1.jpg,T20_383,1,val,False,False
T20_d03_383_b_1.jpg,T20_383,1,val,False,False
T20_d03_384_a_1.jpg,T20_384,1,train,False,False
T20_d03_384_b_1.jpg,T20_384,1,train,False,True
T20_d03_386_a_2.jpg,T20_386,2,train,False,False
T20_d03_386_b_2.jpg,T20_386,2,train,False,False
T20_d03_388_a_2.jpg,T20_388,2,train,False,False
T20_d03_388_b_2.jpg,T20_388,2,train,False,False
T20_d03_389_a_2.jpg,T20_389,2,train,False,False
T20_d03_389_b_2.jpg,T20_389,2,train,False,False
T20_d03_390_a_1.jpg,T20_390,1,train,False,False
T20_d03_390_b_1.jpg,T20_390,1,train,False,False
T20_d03_391_a_2.jpg,T20_391,2,train,False,False
T20_d03_391_b_2.jpg,T20_391,2,train,False,False
T20_d03_394_a_2.jpg,T20_394,2,train,True,False
T20_d03_394_b_2.jpg,T20_394,2,train,True,False
T20_d03_409_a_2.jpg,T20_409,2,train,False,False
T20_d03_409_b_2.jpg,T20_409,2,train,False,False
T20_d03_412_a_2.jpg,T20_412,2,train,True,False
T20_d03_412_b_2.jpg,T20_412,2,train,True,False
T20_d03_421_a_2.jpg,T20_421,2,train,False,False
T20_d03_421_b_2.jpg,T20_421,2,train,False,False
T20_d03_423_a_1.jpg,T20_423,1,train,False,False
T20_d03_423_b_1.jpg,T20_423,1,train,False,False
T20_d03_426_a_2.jpg,T20_426,2,train,False,False
T20_d03_426_b_2.jpg,T20_426,2,train,False,False
T20_d03_431_a_2.jpg,T20_431,2,train,False,False
T20_d03_431_b_2.jpg,T20_431,2,train,False,False
T20_d03_432_a_2.jpg,T20_432,2,val,True,False
T20_d03_432_b_2.jpg,T20_432,2,val,True,False
T20_d03_433_a_2.jpg,T20_433,2,val,True,False
T20_d03_433_b_2.jpg,T20_433,2,val,True,False
T20_d03_435_a_2.jpg,T20_435,2,train,False,False
T20_d03_435_b_2.jpg,T20_435,2,train,False,False
T20_d03_438_a_2.jpg,T20_438,2,train,False,False
T20_d03_438_b_2.jpg,T20_438,2,train,False,False
T20_d03_439_a_1.jpg,T20_439,1,train,False,False
T20_d03_439_b_1.jpg,T20_439,1,train,False,False
T20_d03_440_a_2.jpg,T20_440,2,train,True,False
T20_d03_440_b_2.jpg,T20_440,2,train,True,False
T20_d03_443_a_2.jpg,T20_443,2,train,False,False
T20_d03_443_b_2.jpg,T20_443,2,train,False,False
T20_d03_453_a_2.jpg,T20_453,2,val,False,False
T20_d03_453_b_2.jpg,T20_453,2,val,False,False
T20_d03_455_a_2.jpg,T20_455,2,train,True,False
T20_d03_455_b_2.jpg,T20_455,2,train,True,False
T20_d03_461_a_2.jpg,T20_461,2,train,False,False
T20_d03_461_b_2.jpg,T20_461,2,train,False,False
T20_d03_462_a_2.jpg,T20_462,2,test,False,False
T20_d03_462_b_2.jpg,T20_462,2,test,False,False
T20_d03_463_a_1.jpg,T20_463,1,train,False,False
T20_d03_463_b_1.jpg,T20_463,1,train,False,False
T20_d03_464_a_2.jpg,T20_464,2,train,False,False
T20_d03_464_b_2.jpg,T20_464,2,train,False,False
T20_d03_468_a_2.jpg,T20_468,2,test,False,True
T20_d03_468_b_2.jpg,T20_468,2,test,False,False
T20_d03_469_a_2.jpg,T20_469,2,train,False,False
T20_d03_469_b_2.jpg,T20_469,2,train,False,False
T20_d03_477_a_2.jpg,T20_477,2,train,False,False
T20_d03_477_b_2.jpg,T20_477,2,train,False,True
T20_d04_001_a_2.jpg,T20_001,2,train,False,False
T20_d04_001_b_2.jpg,T20_001,2,train,False,False
T20_d04_004_a_2.jpg,T20_004,2,train,False,False
T20_d04_004_b_2.jpg,T20_004,2,train,False,False
T20_d04_005_a_2.jpg,T20_005,2,train,False,False
T20_d04_005_b_2.jpg,T20_005,2,train,False,False
T20_d04_006_a_2.jpg,T20_006,2,val,False,False
T20_d04_006_b_2.jpg,T20_006,2,val,False,False
T20_d04_008_a_2.jpg,T20_008,2,train,False,False
T20_d04_008_b_2.jpg,T20_008,2,train,False,False
T20_d04_010_a_3.jpg,T20_010,3,val,False,False
T20_d04_010_b_3.jpg,T20_010,3,val,False,False
T20_d04_020_a_1.jpg,T20_020,1,test,False,False
T20_d04_020_b_1.jpg,T20_020,1,test,False,False
T20_d04_023_a_2.jpg,T20_023,2,train,True,False
T20_d04_023_b_2.jpg,T20_023,2,train,True,False
T20_d04_024_a_2.jpg,T20_024,2,test,True,False
T20_d04_024_b_2.jpg,T20_024,2,test,True,False
T20_d04_025_a_2.jpg,T20_025,2,train,False,False
T20_d04_025_b_2.jpg,T20_025,2,train,False,False
T20_d04_029_a_2.jpg,T20_029,2,train,False,False
T20_d04_029_b_2.jpg,T20_029,2,train,False,False
T20_d04_031_a_2.jpg,T20_031,2,train,True,False
T20_d04_031_b_2.jpg,T20_031,2,train,True,False
T20_d04_032_a_2.jpg,T20_032,2,train,False,False
T20_d04_032_b_2.jpg,T20_032,2,train,False,True
T20_d04_036_a_2.jpg,T20_036,2,train,True,False
T20_d04_036_b_2.jpg,T20_036,2,train,True,False
T20_d04_040_a_2.jpg,T20_040,2,train,False,False
T20_d04_040_b_2.jpg,T20_040,2,train,False,False
T20_d04_042_a_3.jpg,T20_042,3,train,False,False
T20_d04_042_b_3.jpg,T20_042,3,train,False,False
T20_d04_049_a_2.jpg,T20_049,2,train,False,False
T20_d04_049_b_2.jpg,T20_049,2,train,False,False
T20_d04_050_a_3.jpg,T20_050,3,train,False,False
T20_d04_050_b_3.jpg,T20_050,3,train,False,False
T20_d04_060_a_3.jpg,T20_060,3,train,False,False
T20_d04_060_b_3.jpg,T20_060,3,train,False,False
T20_d04_063_a_2.jpg,T20_063,2,val,False,False
T20_d04_063_b_2.jpg,T20_063,2,val,False,False
T20_d04_071_a_2.jpg,T20_071,2,train,False,False
T20_d04_071_b_2.jpg,T20_071,2,train,False,False
T20_d04_075_a_3.jpg,T20_075,3,val,False,False
T20_d04_075_b_3.jpg,T20_075,3,val,False,False
T20_d04_076_a_2.jpg,T20_076,2,train,False,False
T20_d04_076_b_2.jpg,T20_076,2,train,False,False
T20_d04_084_a_3.jpg,T20_084,3,train,False,False
T20_d04_084_b_3.jpg,T20_084,3,train,False,False
T20_d04_085_a_2.jpg,T20_085,2,test,False,False
T20_d04_085_b_2.jpg,T20_085,2,test,False,False
T20_d04_090_a_2.jpg,T20_090,2,train,False,False
T20_d04_090_b_2.jpg,T20_090,2,train,False,False
T20_d04_095_a_2.jpg,T20_095,2,train,False,False
T20_d04_095_b_2.jpg,T20_095,2,train,False,False
T20_d04_101_a_2.jpg,T20_101,2,train,True,False
T20_d04_101_b_2.jpg,T20_101,2,train,True,False
T20_d04_103_a_2.jpg,T20_103,2,train,False,False
T20_d04_103_b_2.jpg,T20_103,2,train,False,False
T20_d04_106_a_2.jpg,T20_106,2,train,False,False
T20_d04_106_b_2.jpg,T20_106,2,train,False,False
T20_d04_107_a_3.jpg,T20_107,3,train,False,False
T20_d04_107_b_3.jpg,T20_107,3,train,False,True
T20_d04_112_a_2.jpg,T20_112,2,train,False,False
T20_d04_112_b_2.jpg,T20_112,2,train,False,False
T20_d04_114_a_1.jpg,T20_114,1,train,False,False
T20_d04_114_b_1.jpg,T20_114,1,train,False,False
T20_d04_115_a_1.jpg,T20_115,1,train,False,False
T20_d04_115_b_1.jpg,T20_115,1,train,False,False
T20_d04_116_a_2.jpg,T20_116,2,train,True,False
T20_d04_116_b_2.jpg,T20_116,2,train,True,False
T20_d04_123_a_3.jpg,T20_123,3,train,True,False
T20_d04_123_b_3.jpg,T20_123,3,train,True,False
T20_d04_132_a_3.jpg,T20_132,3,train,False,False
T20_d04_132_b_3.jpg,T20_132,3,train,False,True
T20_d04_137_a_2.jpg,T20_137,2,train,False,False
T20_d04_137_b_2.jpg,T20_137,2,train,False,False
T20_d04_141_a_3.jpg,T20_141,3,test,False,False
T20_d04_141_b_3.jpg,T20_141,3,test,False,False
T20_d04_143_a_3.jpg,T20_143,3,train,False,False
T20_d04_143_b_3.jpg,T20_143,3,train,False,False
T20_d04_146_a_3.jpg,T20_146,3,train,False,False
T20_d04_146_b_3.jpg,T20_146,3,train,False,False
T20_d04_150_a_2.jpg,T20_150,2,train,False,True
T20_d04_150_b_2.jpg,T20_150,2,train,False,False
T20_d04_151_a_3.jpg,T20_151,3,val,False,False
T20_d04_151_b_3.jpg,T20_151,3,val,False,False
T20_d04_153_a_2.jpg,T20_153,2,val,False,False
T20_d04_153_b_2.jpg,T20_153,2,val,False,False
T20_d04_155_a_2.jpg,T20_155,2,train,False,False
T20_d04_155_b_2.jpg,T20_155,2,train,False,True
T20_d04_161_a_2.jpg,T20_161,2,test,False,False
T20_d04_161_b_2.jpg,T20_161,2,test,False,False
T20_d04_170_a_3.jpg,T20_170,3,train,False,True
T20_d04_170_b_3.jpg,T20_170,3,train,False,False
T20_d04_174_a_2.jpg,T20_174,2,train,False,False
T20_d04_174_b_2.jpg,T20_174,2,train,False,True
T20_d04_176_a_1.jpg,T20_176,1,val,False,False
T20_d04_176_b_1.jpg,T20_176,1,val,False,False
T20_d04_178_a_2.jpg,T20_178,2,train,True,False
T20_d04_178_b_2.jpg,T20_178,2,train,True,False
T20_d04_183_a_2.jpg,T20_183,2,train,False,False
T20_d04_183_b_2.jpg,T20_183,2,train,False,False
T20_d04_185_a_2.jpg,T20_185,2,train,False,False
T20_d04_185_b_2.jpg,T20_185,2,train,False,False
T20_d04_187_a_2.jpg,T20_187,2,train,False,False
T20_d04_187_b_2.jpg,T20_187,2,train,False,False
T20_d04_188_a_2.jpg,T20_188,2,train,False,False
T20_d04_188_b_2.jpg,T20_188,2,train,False,False
T20_d04_190_a_3.jpg,T20_190,3,test,False,False
T20_d04_190_b_3.jpg,T20_190,3,test,False,False
T20_d04_192_a_2.jpg,T20_192,2,train,True,False
T20_d04_192_b_2.jpg,T20_192,2,train,True,False
T20_d04_199_a_2.jpg,T20_199,2,val,False,False
T20_d04_199_b_2.jpg,T20_199,2,val,False,False
T20_d04_212_a_2.jpg,T20_212,2,train,False,False
T20_d04_212_b_2.jpg,T20_212,2,train,False,False
T20_d04_214_a_2.jpg,T20_214,2,train,False,False
T20_d04_214_b_2.jpg,T20_214,2,train,False,False
T20_d04_222_a_1.jpg,T20_222,1,train,False,False
T20_d04_222_b_1.jpg,T20_222,1,train,False,False
T20_d04_224_a_2.jpg,T20_224,2,val,False,False
T20_d04_224_b_2.jpg,T20_224,2,val,False,False
T20_d04_225_a_2.jpg,T20_225,2,train,False,False
T20_d04_225_b_2.jpg,T20_225,2,train,False,False
T20_d04_226_a_3.jpg,T20_226,3,train,False,False
T20_d04_226_b_3.jpg,T20_226,3,train,False,False
T20_d04_228_a_1.jpg,T20_228,1,test,False,False
T20_d04_228_b_1.jpg,T20_228,1,test,False,False
T20_d04_232_a_3.jpg,T20_232,3,train,True,False
T20_d04_232_b_3.jpg,T20_232,3,train,True,False
T20_d04_239_a_2.jpg,T20_239,2,val,False,False
T20_d04_239_b_2.jpg,T20_239,2,val,False,False
T20_d04_240_a_2.jpg,T20_240,2,test,False,False
T20_d04_240_b_2.jpg,T20_240,2,test,False,False
T20_d04_244_a_2.jpg,T20_244,2,train,False,True
T20_d04_244_b_2.jpg,T20_244,2,train,False,False
T20_d04_255_a_2.jpg,T20_255,2,train,False,False
T20_d04_255_b_2.jpg,T20_255,2,train,False,False
T20_d04_256_a_2.jpg,T20_256,2,train,False,True
T20_d04_256_b_2.jpg,T20_256,2,train,False,False
T20_d04_258_a_3.jpg,T20_258,3,train,False,False
T20_d04_258_b_3.jpg,T20_258,3,train,False,True
T20_d04_259_a_3.jpg,T20_259,3,train,False,False
T20_d04_259_b_3.jpg,T20_259,3,train,False,False
T20_d04_260_a_2.jpg,T20_260,2,train,False,False
T20_d04_260_b_2.jpg,T20_260,2,train,False,False
T20_d04_263_a_2.jpg,T20_263,2,train,False,False
T20_d04_263_b_2.jpg,T20_263,2,train,False,False
T20_d04_265_a_2.jpg,T20_265,2,train,False,False
T20_d04_265_b_2.jpg,T20_265,2,train,False,False
T20_d04_267_a_3.jpg,T20_267,3,train,False,False
T20_d04_267_b_3.jpg,T20_267,3,train,False,False
T20_d04_268_a_1.jpg,T20_268,1,train,False,False
T20_d04_268_b_1.jpg,T20_268,1,train,False,False
T20_d04_272_a_2.jpg,T20_272,2,train,False,False
T20_d04_272_b_2.jpg,T20_272,2,train,False,False
T20_d04_277_a_3.jpg,T20_277,3,train,False,False
T20_d04_277_b_3.jpg,T20_277,3,train,False,False
T20_d04_279_a_2.jpg,T20_279,2,test,False,False
T20_d04_279_b_2.jpg,T20_279,2,test,False,False
T20_d04_287_a_4.jpg,T20_287,4,train,False,False
T20_d04_287_b_4.jpg,T20_287,4,train,False,False
T20_d04_288_a_2.jpg,T20_288,2,train,False,False
T20_d04_288_b_2.jpg,T20_288,2,train,False,False
T20_d04_289_a_4.jpg,T20_289,4,test,False,False
T20_d04_289_b_4.jpg,T20_289,4,test,False,False
T20_d04_291_a_2.jpg,T20_291,2,val,False,False
T20_d04_291_b_2.jpg,T20_291,2,val,False,False
T20_d04_293_a_3.jpg,T20_293,3,train,False,False
T20_d04_293_b_3.jpg,T20_293,3,train,False,False
T20_d04_300_a_2.jpg,T20_300,2,train,False,False
T20_d04_300_b_2.jpg,T20_300,2,train,False,False
T20_d04_305_a_2.jpg,T20_305,2,train,True,False
T20_d04_305_b_2.jpg,T20_305,2,train,True,False
T20_d04_309_a_2.jpg,T20_309,2,val,False,False
T20_d04_309_b_2.jpg,T20_309,2,val,False,False
T20_d04_311_a_2.jpg,T20_311,2,train,False,False
T20_d04_311_b_2.jpg,T20_311,2,train,False,False
T20_d04_313_a_2.jpg,T20_313,2,test,False,False
T20_d04_313_b_2.jpg,T20_313,2,test,False,False
T20_d04_316_a_3.jpg,T20_316,3,train,False,False
T20_d04_316_b_3.jpg,T20_316,3,train,False,False
T20_d04_321_a_2.jpg,T20_321,2,val,False,False
T20_d04_321_b_2.jpg,T20_321,2,val,False,False
T20_d04_322_a_2.jpg,T20_322,2,train,False,False
T20_d04_322_b_2.jpg,T20_322,2,train,False,True
T20_d04_324_a_2.jpg,T20_324,2,train,False,False
T20_d04_324_b_2.jpg,T20_324,2,train,False,False
T20_d04_332_a_2.jpg,T20_332,2,train,False,False
T20_d04_332_b_2.jpg,T20_332,2,train,False,False
T20_d04_334_a_2.jpg,T20_334,2,val,False,False
T20_d04_334_b_2.jpg,T20_334,2,val,False,False
T20_d04_346_a_3.jpg,T20_346,3,train,False,True
T20_d04_346_b_3.jpg,T20_346,3,train,False,True
T20_d04_347_a_2.jpg,T20_347,2,train,False,False
T20_d04_347_b_2.jpg,T20_347,2,train,False,False
T20_d04_352_a_2.jpg,T20_352,2,train,True,False
T20_d04_352_b_2.jpg,T20_352,2,train,True,False
T20_d04_354_a_2.jpg,T20_354,2,train,False,False
T20_d04_354_b_2.jpg,T20_354,2,train,False,False
T20_d04_360_a_2.jpg,T20_360,2,test,False,False
T20_d04_360_b_2.jpg,T20_360,2,test,False,True
T20_d04_361_a_3.jpg,T20_361,3,train,True,False
T20_d04_361_b_3.jpg,T20_361,3,train,True,False
T20_d04_363_a_2.jpg,T20_363,2,val,False,False
T20_d04_363_b_2.jpg,T20_363,2,val,False,True
T20_d04_369_a_2.jpg,T20_369,2,train,False,False
T20_d04_369_b_2.jpg,T20_369,2,train,False,False
T20_d04_371_a_2.jpg,T20_371,2,val,False,False
T20_d04_371_b_2.jpg,T20_371,2,val,False,False
T20_d04_378_a_2.jpg,T20_378,2,train,False,False
T20_d04_378_b_2.jpg,T20_378,2,train,False,False
T20_d04_383_a_1.jpg,T20_383,1,val,False,False
T20_d04_383_b_1.jpg,T20_383,1,val,False,False
T20_d04_384_a_1.jpg,T20_384,1,train,False,False
T20_d04_384_b_1.jpg,T20_384,1,train,False,False
T20_d04_386_a_3.jpg,T20_386,3,train,False,False
T20_d04_386_b_3.jpg,T20_386,3,train,False,False
T20_d04_388_a_2.jpg,T20_388,2,train,False,False
T20_d04_388_b_2.jpg,T20_388,2,train,False,False
T20_d04_389_a_2.jpg,T20_389,2,train,False,False
T20_d04_389_b_2.jpg,T20_389,2,train,False,False
T20_d04_390_a_2.jpg,T20_390,2,train,False,False
T20_d04_390_b_2.jpg,T20_390,2,train,False,False
T20_d04_391_a_2.jpg,T20_391,2,train,False,False
T20_d04_391_b_2.jpg,T20_391,2,train,False,False
T20_d04_394_a_3.jpg,T20_394,3,train,True,False
T20_d04_394_b_3.jpg,T20_394,3,train,True,False
T20_d04_409_a_2.jpg,T20_409,2,train,False,False
T20_d04_409_b_2.jpg,T20_409,2,train,False,False
T20_d04_412_a_3.jpg,T20_412,3,train,True,False
T20_d04_412_b_3.jpg,T20_412,3,train,True,False
T20_d04_421_a_3.jpg,T20_421,3,train,False,False
T20_d04_421_b_3.jpg,T20_421,3,train,False,False
T20_d04_423_a_2.jpg,T20_423,2,train,False,False
T20_d04_423_b_2.jpg,T20_423,2,train,False,False
T20_d04_426_a_3.jpg,T20_426,3,train,False,False
T20_d04_426_b_3.jpg,T20_426,3,train,False,False
T20_d04_431_a_3.jpg,T20_431,3,train,False,False
T20_d04_431_b_3.jpg,T20_431,3,train,False,True
T20_d04_432_a_2.jpg,T20_432,2,val,True,False
T20_d04_432_b_2.jpg,T20_432,2,val,True,False
T20_d04_435_a_3.jpg,T20_435,3,train,False,False
T20_d04_435_b_3.jpg,T20_435,3,train,False,True
T20_d04_438_a_2.jpg,T20_438,2,train,False,True
T20_d04_438_b_2.jpg,T20_438,2,train,False,False
T20_d04_439_a_2.jpg,T20_439,2,train,False,True
T20_d04_439_b_2.jpg,T20_439,2,train,False,False
T20_d04_440_a_2.jpg,T20_440,2,train,True,False
T20_d04_440_b_2.jpg,T20_440,2,train,True,False
T20_d04_443_a_2.jpg,T20_443,2,train,False,False
T20_d04_443_b_2.jpg,T20_443,2,train,False,False
T20_d04_453_a_3.jpg,T20_453,3,val,False,False
T20_d04_453_b_3.jpg,T20_453,3,val,False,False
T20_d04_455_a_3.jpg,T20_455,3,train,True,False
T20_d04_455_b_3.jpg,T20_455,3,train,True,False
T20_d04_461_a_2.jpg,T20_461,2,train,False,False
T20_d04_461_b_2.jpg,T20_461,2,train,False,False
T20_d04_462_a_2.jpg,T20_462,2,test,False,False
T20_d04_462_b_2.jpg,T20_462,2,test,False,True
T20_d04_463_a_1.jpg,T20_463,1,train,False,False
T20_d04_463_b_1.jpg,T20_463,1,train,False,False
T20_d04_464_a_3.jpg,T20_464,3,train,False,False
T20_d04_464_b_3.jpg,T20_464,3,train,False,False
T20_d04_468_a_3.jpg,T20_468,3,test,False,False
T20_d04_468_b_3.jpg,T20_468,3,test,False,False
T20_d04_469_a_2.jpg,T20_469,2,train,False,False
T20_d04_469_b_2.jpg,T20_469,2,train,False,False
T20_d04_477_a_2.jpg,T20_477,2,train,False,False
T20_d04_477_b_2.jpg,T20_477,2,train,False,False
T20_d05_001_a_3.jpg,T20_001,3,train,False,False
T20_d05_001_b_3.jpg,T20_001,3,train,False,False
T20_d05_004_a_4.jpg,T20_004,4,train,False,False
T20_d05_004_b_4.jpg,T20_004,4,train,False,False
T20_d05_005_a_3.jpg,T20_005,3,train,False,False
T20_d05_005_b_3.jpg,T20_005,3,train,False,False
T20_d05_006_a_3.jpg,T20_006,3,val,False,False
T20_d05_006_b_3.jpg,T20_006,3,val,False,False
T20_d05_008_a_3.jpg,T20_008,3,train,False,True
T20_d05_008_b_3.jpg,T20_008,3,train,False,False
T20_d05_010_a_3.jpg,T20_010,3,val,False,False
T20_d05_010_b_3.jpg,T20_010,3,val,False,False
T20_d05_020_a_2.jpg,T20_020,2,test,False,False
T20_d05_020_b_2.jpg,T20_020,2,test,False,False
T20_d05_023_a_3.jpg,T20_023,3,train,True,False
T20_d05_023_b_3.jpg,T20_023,3,train,True,False
T20_d05_024_a_3.jpg,T20_024,3,test,True,False
T20_d05_024_b_3.jpg,T20_024,3,test,True,False
T20_d05_025_a_3.jpg,T20_025,3,train,False,False
T20_d05_025_b_3.jpg,T20_025,3,train,False,False
T20_d05_029_a_3.jpg,T20_029,3,train,False,False
T20_d05_029_b_3.jpg,T20_029,3,train,False,False
T20_d05_031_a_3.jpg,T20_031,3,train,True,False
T20_d05_031_b_3.jpg,T20_031,3,train,True,False
T20_d05_032_a_3.jpg,T20_032,3,train,False,True
T20_d05_032_b_3.jpg,T20_032,3,train,False,False
T20_d05_036_a_3.jpg,T20_036,3,train,True,False
T20_d05_036_b_3.jpg,T20_036,3,train,True,False
T20_d05_040_a_3.jpg,T20_040,3,train,False,False
T20_d05_040_b_3.jpg,T20_040,3,train,False,False
T20_d05_042_a_3.jpg,T20_042,3,train,False,False
T20_d05_042_b_3.jpg,T20_042,3,train,False,False
T20_d05_049_a_3.jpg,T20_049,3,train,False,False
T20_d05_049_b_3.jpg,T20_049,3,train,False,False
T20_d05_050_a_4.jpg,T20_050,4,train,False,False
T20_d05_050_b_4.jpg,T20_050,4,train,False,False
T20_d05_060_a_4.jpg,T20_060,4,train,False,False
T20_d05_060_b_4.jpg,T20_060,4,train,False,False
T20_d05_063_a_3.jpg,T20_063,3,val,False,False
T20_d05_063_b_3.jpg,T20_063,3,val,False,False
T20_d05_071_a_3.jpg,T20_071,3,train,False,False
T20_d05_071_b_3.jpg,T20_071,3,train,False,False
T20_d05_075_a_3.jpg,T20_075,3,val,False,False
T20_d05_075_b_3.jpg,T20_075,3,val,False,False
T20_d05_076_a_3.jpg,T20_076,3,train,False,False
T20_d05_076_b_3.jpg,T20_076,3,train,False,False
T20_d05_084_a_4.jpg,T20_084,4,train,False,False
T20_d05_084_b_4.jpg,T20_084,4,train,False,False
T20_d05_085_a_3.jpg,T20_085,3,test,False,True
T20_d05_085_b_3.jpg,T20_085,3,test,False,False
T20_d05_090_a_3.jpg,T20_090,3,train,False,False
T20_d05_090_b_3.jpg,T20_090,3,train,False,False
T20_d05_095_a_3.jpg,T20_095,3,train,False,False
T20_d05_095_b_3.jpg,T20_095,3,train,False,False
T20_d05_101_a_3.jpg,T20_101,3,train,True,False
T20_d05_101_b_3.jpg,T20_101,3,train,True,False
T20_d05_103_a_3.jpg,T20_103,3,train,False,False
T20_d05_103_b_3.jpg,T20_103,3,train,False,False
T20_d05_106_a_3.jpg,T20_106,3,train,False,False
T20_d05_106_b_3.jpg,T20_106,3,train,False,False
T20_d05_107_a_3.jpg,T20_107,3,train,False,False
T20_d05_107_b_3.jpg,T20_107,3,train,False,False
T20_d05_112_a_3.jpg,T20_112,3,train,False,False
T20_d05_112_b_3.jpg,T20_112,3,train,False,False
T20_d05_114_a_2.jpg,T20_114,2,train,False,False
T20_d05_114_b_2.jpg,T20_114,2,train,False,False
T20_d05_115_a_2.jpg,T20_115,2,train,False,False
T20_d05_115_b_2.jpg,T20_115,2,train,False,False
T20_d05_116_a_3.jpg,T20_116,3,train,True,False
T20_d05_116_b_3.jpg,T20_116,3,train,True,False
T20_d05_123_a_3.jpg,T20_123,3,train,True,False
T20_d05_123_b_3.jpg,T20_123,3,train,True,False
T20_d05_132_a_4.jpg,T20_132,4,train,False,False
T20_d05_132_b_4.jpg,T20_132,4,train,False,False
T20_d05_137_a_3.jpg,T20_137,3,train,False,False
T20_d05_137_b_3.jpg,T20_137,3,train,False,False
T20_d05_141_a_3.jpg,T20_141,3,test,False,False
T20_d05_141_b_3.jpg,T20_141,3,test,False,False
T20_d05_143_a_4.jpg,T20_143,4,train,False,False
T20_d05_143_b_4.jpg,T20_143,4,train,False,False
T20_d05_146_a_4.jpg,T20_146,4,train,False,False
T20_d05_146_b_4.jpg,T20_146,4,train,False,False
T20_d05_150_a_2.jpg,T20_150,2,train,False,False
T20_d05_150_b_2.jpg,T20_150,2,train,False,False
T20_d05_151_a_4.jpg,T20_151,4,val,False,False
T20_d05_151_b_4.jpg,T20_151,4,val,False,True
T20_d05_153_a_3.jpg,T20_153,3,val,False,True
T20_d05_153_b_3.jpg,T20_153,3,val,False,True
T20_d05_155_a_3.jpg,T20_155,3,train,False,False
T20_d05_155_b_3.jpg,T20_155,3,train,False,False
T20_d05_161_a_4.jpg,T20_161,4,test,False,False
T20_d05_161_b_4.jpg,T20_161,4,test,False,True
T20_d05_170_a_3.jpg,T20_170,3,train,False,False
T20_d05_170_b_3.jpg,T20_170,3,train,False,False
T20_d05_174_a_3.jpg,T20_174,3,train,False,False
T20_d05_174_b_3.jpg,T20_174,3,train,False,False
T20_d05_176_a_2.jpg,T20_176,2,val,False,True
T20_d05_176_b_2.jpg,T20_176,2,val,False,False
T20_d05_178_a_3.jpg,T20_178,3,train,True,False
T20_d05_178_b_3.jpg,T20_178,3,train,True,False
T20_d05_183_a_3.jpg,T20_183,3,train,False,False
T20_d05_183_b_3.jpg,T20_183,3,train,False,True
T20_d05_185_a_3.jpg,T20_185,3,train,False,False
T20_d05_185_b_3.jpg,T20_185,3,train,False,False
T20_d05_187_a_3.jpg,T20_187,3,train,False,False
T20_d05_187_b_3.jpg,T20_187,3,train,False,False
T20_d05_188_a_3.jpg,T20_188,3,train,False,True
T20_d05_188_b_3.jpg,T20_188,3,train,False,False
T20_d05_190_a_4.jpg,T20_190,4,test,False,True
T20_d05_190_b_4.jpg,T20_190,4,test,False,False
T20_d05_192_a_3.jpg,T20_192,3,train,True,False
T20_d05_192_b_3.jpg,T20_192,3,train,True,False
T20_d05_199_a_3.jpg,T20_199,3,val,False,False
T20_d05_199_b_3.jpg,T20_199,3,val,False,False
T20_d05_212_a_4.jpg,T20_212,4,train,False,True
T20_d05_212_b_4.jpg,T20_212,4,train,False,False
T20_d05_214_a_3.jpg,T20_214,3,train,False,False
T20_d05_214_b_3.jpg,T20_214,3,train,False,False
T20_d05_222_a_2.jpg,T20_222,2,train,False,False
T20_d05_222_b_2.jpg,T20_222,2,train,False,False
T20_d05_224_a_3.jpg,T20_224,3,val,False,True
T20_d05_224_b_3.jpg,T20_224,3,val,False,False
T20_d05_225_a_3.jpg,T20_225,3,train,False,False
T20_d05_225_b_3.jpg,T20_225,3,train,False,False
T20_d05_226_a_3.jpg,T20_226,3,train,False,False
T20_d05_226_b_3.jpg,T20_226,3,train,False,False
T20_d05_228_a_2.jpg,T20_228,2,test,False,False
T20_d05_228_b_2.jpg,T20_228,2,test,False,False
T20_d05_232_a_4.jpg,T20_232,4,train,True,False
T20_d05_232_b_4.jpg,T20_232,4,train,True,False
T20_d05_239_a_2.jpg,T20_239,2,val,False,False
T20_d05_239_b_2.jpg,T20_239,2,val,False,False
T20_d05_240_a_3.jpg,T20_240,3,test,False,False
T20_d05_240_b_3.jpg,T20_240,3,test,False,False
T20_d05_244_a_3.jpg,T20_244,3,train,False,False
T20_d05_244_b_3.jpg,T20_244,3,train,False,False
T20_d05_255_a_3.jpg,T20_255,3,train,False,False
T20_d05_255_b_3.jpg,T20_255,3,train,False,True
T20_d05_256_a_3.jpg,T20_256,3,train,False,False
T20_d05_256_b_3.jpg,T20_256,3,train,False,False
T20_d05_258_a_4.jpg,T20_258,4,train,False,False
T20_d05_258_b_4.jpg,T20_258,4,train,False,True
T20_d05_259_a_3.jpg,T20_259,3,train,False,False
T20_d05_259_b_3.jpg,T20_259,3,train,False,False
T20_d05_260_a_2.jpg,T20_260,2,train,False,False
T20_d05_260_b_2.jpg,T20_260,2,train,False,False
T20_d05_263_a_3.jpg,T20_263,3,train,False,False
T20_d05_263_b_3.jpg,T20_263,3,train,False,False
T20_d05_265_a_3.jpg,T20_265,3,train,False,False
T20_d05_265_b_3.jpg,T20_265,3,train,False,False
T20_d05_267_a_3.jpg,T20_267,3,train,False,False
T20_d05_267_b_3.jpg,T20_267,3,train,False,False
T20_d05_268_a_2.jpg,T20_268,2,train,False,False
T20_d05_268_b_2.jpg,T20_268,2,train,False,False
T20_d05_272_a_2.jpg,T20_272,2,train,False,False
T20_d05_272_b_2.jpg,T20_272,2,train,False,False
T20_d05_277_a_3.jpg,T20_277,3,train,False,False
T20_d05_277_b_3.jpg,T20_277,3,train,False,False
T20_d05_279_a_3.jpg,T20_279,3,test,False,False
T20_d05_279_b_3.jpg,T20_279,3,test,False,False
T20_d05_287_a_4.jpg,T20_287,4,train,False,False
T20_d05_287_b_4.jpg,T20_287,4,train,False,False
T20_d05_288_a_3.jpg,T20_288,3,train,False,False
T20_d05_288_b_3.jpg,T20_288,3,train,False,False
T20_d05_289_a_4.jpg,T20_289,4,test,False,False
T20_d05_289_b_4.jpg,T20_289,4,test,False,False
T20_d05_291_a_3.jpg,T20_291,3,val,False,True
T20_d05_291_b_3.jpg,T20_291,3,val,False,True
T20_d05_293_a_3.jpg,T20_293,3,train,False,False
T20_d05_293_b_3.jpg,T20_293,3,train,False,False
T20_d05_300_a_3.jpg,T20_300,3,train,False,False
T20_d05_300_b_3.jpg,T20_300,3,train,False,True
T20_d05_305_a_3.jpg,T20_305,3,train,True,False
T20_d05_305_b_3.jpg,T20_305,3,train,True,False
T20_d05_309_a_3.jpg,T20_309,3,val,False,False
T20_d05_309_b_3.jpg,T20_309,3,val,False,False
T20_d05_311_a_3.jpg,T20_311,3,train,False,False
T20_d05_311_b_3.jpg,T20_311,3,train,False,False
T20_d05_313_a_3.jpg,T20_313,3,test,False,False
T20_d05_313_b_3.jpg,T20_313,3,test,False,False
T20_d05_316_a_4.jpg,T20_316,4,train,False,False
T20_d05_316_b_4.jpg,T20_316,4,train,False,False
T20_d05_321_a_3.jpg,T20_321,3,val,False,False
T20_d05_321_b_3.jpg,T20_321,3,val,False,False
T20_d05_322_a_3.jpg,T20_322,3,train,False,False
T20_d05_322_b_3.jpg,T20_322,3,train,False,False
T20_d05_324_a_3.jpg,T20_324,3,train,False,True
T20_d05_324_b_3.jpg,T20_324,3,train,False,False
T20_d05_332_a_3.jpg,T20_332,3,train,False,False
T20_d05_332_b_3.jpg,T20_332,3,train,False,False
T20_d05_334_a_3.jpg,T20_334,3,val,False,False
T20_d05_334_b_3.jpg,T20_334,3,val,False,False
T20_d05_346_a_3.jpg,T20_346,3,train,False,False
T20_d05_346_b_3.jpg,T20_346,3,train,False,False
T20_d05_347_a_2.jpg,T20_347,2,train,False,False
T20_d05_347_b_2.jpg,T20_347,2,train,False,False
T20_d05_352_a_3.jpg,T20_352,3,train,True,False
T20_d05_352_b_3.jpg,T20_352,3,train,True,False
T20_d05_354_a_4.jpg,T20_354,4,train,False,False
T20_d05_354_b_4.jpg,T20_354,4,train,False,False
T20_d05_360_a_3.jpg,T20_360,3,test,False,False
T20_d05_360_b_3.jpg,T20_360,3,test,False,False
T20_d05_361_a_3.jpg,T20_361,3,train,True,False
T20_d05_361_b_3.jpg,T20_361,3,train,True,False
T20_d05_363_a_3.jpg,T20_363,3,val,False,False
T20_d05_363_b_3.jpg,T20_363,3,val,False,False
T20_d05_369_a_3.jpg,T20_369,3,train,False,False
T20_d05_369_b_3.jpg,T20_369,3,train,False,False
T20_d05_371_a_2.jpg,T20_371,2,val,False,False
T20_d05_371_b_2.jpg,T20_371,2,val,False,False
T20_d05_378_a_2.jpg,T20_378,2,train,False,False
T20_d05_378_b_2.jpg,T20_378,2,train,False,False
T20_d05_383_a_2.jpg,T20_383,2,val,False,False
T20_d05_383_b_2.jpg,T20_383,2,val,False,False
T20_d05_384_a_2.jpg,T20_384,2,train,False,True
T20_d05_384_b_2.jpg,T20_384,2,train,False,False
T20_d05_386_a_4.jpg,T20_386,4,train,False,True
T20_d05_386_b_4.jpg,T20_386,4,train,False,False
T20_d05_388_a_3.jpg,T20_388,3,train,False,False
T20_d05_388_b_3.jpg,T20_388,3,train,False,False
T20_d05_389_a_3.jpg,T20_389,3,train,False,False
T20_d05_389_b_3.jpg,T20_389,3,train,False,False
T20_d05_390_a_3.jpg,T20_390,3,train,False,False
T20_d05_390_b_3.jpg,T20_390,3,train,False,False
T20_d05_391_a_2.jpg,T20_391,2,train,False,True
T20_d05_391_b_2.jpg,T20_391,2,train,False,False
T20_d05_394_a_4.jpg,T20_394,4,train,True,False
T20_d05_394_b_4.jpg,T20_394,4,train,True,False
T20_d05_409_a_2.jpg,T20_409,2,train,False,False
T20_d05_409_b_2.jpg,T20_409,2,train,False,False
T20_d05_412_a_3.jpg,T20_412,3,train,True,False
T20_d05_412_b_3.jpg,T20_412,3,train,True,False
T20_d05_421_a_3.jpg,T20_421,3,train,False,False
T20_d05_421_b_3.jpg,T20_421,3,train,False,False
T20_d05_423_a_2.jpg,T20_423,2,train,False,False
T20_d05_423_b_2.jpg,T20_423,2,train,False,False
T20_d05_426_a_3.jpg,T20_426,3,train,False,False
T20_d05_426_b_3.jpg,T20_426,3,train,False,False
T20_d05_431_a_4.jpg,T20_431,4,train,False,False
T20_d05_431_b_4.jpg,T20_431,4,train,False,False
T20_d05_432_a_3.jpg,T20_432,3,val,True,False
T20_d05_432_b_3.jpg,T20_432,3,val,True,False
T20_d05_435_a_3.jpg,T20_435,3,train,False,False
T20_d05_435_b_3.jpg,T20_435,3,train,False,False
T20_d05_438_a_3.jpg,T20_438,3,train,False,False
T20_d05_438_b_3.jpg,T20_438,3,train,False,False
T20_d05_439_a_3.jpg,T20_439,3,train,False,False
T20_d05_439_b_3.jpg,T20_439,3,train,False,False
T20_d05_440_a_3.jpg,T20_440,3,train,True,False
T20_d05_440_b_3.jpg,T20_440,3,train,True,False
T20_d05_443_a_3.jpg,T20_443,3,train,False,False
T20_d05_443_b_3.jpg,T20_443,3,train,False,False
T20_d05_453_a_4.jpg,T20_453,4,val,False,False
T20_d05_453_b_4.jpg,T20_453,4,val,False,False
T20_d05_455_a_3.jpg,T20_455,3,train,True,False
T20_d05_455_b_3.jpg,T20_455,3,train,True,False
T20_d05_461_a_3.jpg,T20_461,3,train,False,False
T20_d05_461_b_3.jpg,T20_461,3,train,False,False
T20_d05_462_a_3.jpg,T20_462,3,test,False,False
T20_d05_462_b_3.jpg,T20_462,3,test,False,False
T20_d05_463_a_2.jpg,T20_463,2,train,False,False
T20_d05_463_b_2.jpg,T20_463,2,train,False,False
T20_d05_464_a_4.jpg,T20_464,4,train,False,False
T20_d05_464_b_4.jpg,T20_464,4,train,False,False
T20_d05_468_a_3.jpg,T20_468,3,test,False,False
T20_d05_468_b_3.jpg,T20_468,3,test,False,False
T20_d05_469_a_3.jpg,T20_469,3,train,False,False
T20_d05_469_b_3.jpg,T20_469,3,train,False,False
T20_d05_477_a_3.jpg,T20_477,3,train,False,False
T20_d05_477_b_3.jpg,T20_477,3,train,False,False
T20_d06_001_a_4.jpg,T20_001,4,train,False,False
T20_d06_001_b_4.jpg,T20_001,4,train,False,False
T20_d06_004_a_4.jpg,T20_004,4,train,False,False
T20_d06_004_b_4.jpg,T20_004,4,train,False,False
T20_d06_005_a_4.jpg,T20_005,4,train,False,False
T20_d06_005_b_4.jpg,T20_005,4,train,False,False
T20_d06_006_a_4.jpg,T20_006,4,val,False,False
T20_d06_006_b_4.jpg,T20_006,4,val,False,False
T20_d06_008_a_3.jpg,T20_008,3,train,False,False
T20_d06_008_b_3.jpg,T20_008,3,train,False,False
T20_d06_010_a_4.jpg,T20_010,4,val,False,False
T20_d06_010_b_4.jpg,T20_010,4,val,False,False
T20_d06_020_a_3.jpg,T20_020,3,test,False,False
T20_d06_020_b_3.jpg,T20_020,3,test,False,False
T20_d06_023_a_4.jpg,T20_023,4,train,True,False
T20_d06_023_b_4.jpg,T20_023,4,train,True,False
T20_d06_024_a_4.jpg,T20_024,4,test,True,False
T20_d06_024_b_4.jpg,T20_024,4,test,True,False
T20_d06_025_a_3.jpg,T20_025,3,train,False,False
T20_d06_025_b_3.jpg,T20_025,3,train,False,False
T20_d06_029_a_3.jpg,T20_029,3,train,False,False
T20_d06_029_b_3.jpg,T20_029,3,train,False,False
T20_d06_031_a_4.jpg,T20_031,4,train,True,False
T20_d06_031_b_4.jpg,T20_031,4,train,True,False
T20_d06_032_a_3.jpg,T20_032,3,train,False,False
T20_d06_032_b_3.jpg,T20_032,3,train,False,False
T20_d06_036_a_3.jpg,T20_036,3,train,True,False
T20_d06_036_b_3.jpg,T20_036,3,train,True,False
T20_d06_042_a_3.jpg,T20_042,3,train,False,False
T20_d06_042_b_3.jpg,T20_042,3,train,False,False
T20_d06_049_a_3.jpg,T20_049,3,train,False,False
T20_d06_049_b_3.jpg,T20_049,3,train,False,False
T20_d06_050_a_4.jpg,T20_050,4,train,False,False
T20_d06_050_b_4.jpg,T20_050,4,train,False,False
T20_d06_060_a_4.jpg,T20_060,4,train,False,False
T20_d06_060_b_4.jpg,T20_060,4,train,False,False
T20_d06_063_a_4.jpg,T20_063,4,val,False,False
T20_d06_063_b_4.jpg,T20_063,4,val,False,False
T20_d06_071_a_3.jpg,T20_071,3,train,False,False
T20_d06_071_b_3.jpg,T20_071,3,train,False,False
T20_d06_075_a_3.jpg,T20_075,3,val,False,False
T20_d06_075_b_3.jpg,T20_075,3,val,False,False
T20_d06_076_a_3.jpg,T20_076,3,train,False,True
T20_d06_076_b_3.jpg,T20_076,3,train,False,False
T20_d06_084_a_4.jpg,T20_084,4,train,False,False
T20_d06_084_b_4.jpg,T20_084,4,train,False,False
T20_d06_085_a_3.jpg,T20_085,3,test,False,False
T20_d06_085_b_3.jpg,T20_085,3,test,False,False
T20_d06_090_a_3.jpg,T20_090,3,train,False,False
T20_d06_090_b_3.jpg,T20_090,3,train,False,False
T20_d06_095_a_4.jpg,T20_095,4,train,False,False
T20_d06_095_b_4.jpg,T20_095,4,train,False,False
T20_d06_101_a_3.jpg,T20_101,3,train,True,False
T20_d06_101_b_3.jpg,T20_101,3,train,True,False
T20_d06_103_a_3.jpg,T20_103,3,train,False,False
T20_d06_103_b_3.jpg,T20_103,3,train,False,False
T20_d06_106_a_3.jpg,T20_106,3,train,False,False
T20_d06_106_b_3.jpg,T20_106,3,train,False,False
T20_d06_107_a_3.jpg,T20_107,3,train,False,False
T20_d06_107_b_3.jpg,T20_107,3,train,False,False
T20_d06_112_a_3.jpg,T20_112,3,train,False,False
T20_d06_112_b_3.jpg,T20_112,3,train,False,False
T20_d06_114_a_2.jpg,T20_114,2,train,False,False
T20_d06_114_b_2.jpg,T20_114,2,train,False,False
T20_d06_115_a_2.jpg,T20_115,2,train,False,False
T20_d06_115_b_2.jpg,T20_115,2,train,False,False
T20_d06_116_a_3.jpg,T20_116,3,train,True,False
T20_d06_116_b_3.jpg,T20_116,3,train,True,False
T20_d06_132_a_4.jpg,T20_132,4,train,False,False
T20_d06_132_b_4.jpg,T20_132,4,train,False,False
T20_d06_137_a_3.jpg,T20_137,3,train,False,False
T20_d06_137_b_3.jpg,T20_137,3,train,False,False
T20_d06_141_a_3.jpg,T20_141,3,test,False,False
T20_d06_141_b_3.jpg,T20_141,3,test,False,False
T20_d06_143_a_4.jpg,T20_143,4,train,False,False
T20_d06_143_b_4.jpg,T20_143,4,train,False,True
T20_d06_146_a_4.jpg,T20_146,4,train,False,False
T20_d06_146_b_4.jpg,T20_146,4,train,False,False
T20_d06_150_a_2.jpg,T20_150,2,train,False,False
T20_d06_150_b_2.jpg,T20_150,2,train,False,False
T20_d06_151_a_4.jpg,T20_151,4,val,False,False
T20_d06_151_b_4.jpg,T20_151,4,val,False,True
T20_d06_153_a_3.jpg,T20_153,3,val,False,False
T20_d06_153_b_3.jpg,T20_153,3,val,False,False
T20_d06_155_a_3.jpg,T20_155,3,train,False,False
T20_d06_155_b_3.jpg,T20_155,3,train,False,True
T20_d06_161_a_4.jpg,T20_161,4,test,False,False
T20_d06_161_b_4.jpg,T20_161,4,test,False,False
T20_d06_170_a_3.jpg,T20_170,3,train,False,False
T20_d06_170_b_3.jpg,T20_170,3,train,False,False
T20_d06_174_a_4.jpg,T20_174,4,train,False,False
T20_d06_174_b_4.jpg,T20_174,4,train,False,False
T20_d06_176_a_2.jpg,T20_176,2,val,False,False
T20_d06_176_b_2.jpg,T20_176,2,val,False,False
T20_d06_178_a_3.jpg,T20_178,3,train,True,False
T20_d06_178_b_3.jpg,T20_178,3,train,True,False
T20_d06_183_a_4.jpg,T20_183,4,train,False,False
T20_d06_183_b_4.jpg,T20_183,4,train,False,False
T20_d06_185_a_3.jpg,T20_185,3,train,False,False
T20_d06_185_b_3.jpg,T20_185,3,train,False,False
T20_d06_187_a_3.jpg,T20_187,3,train,False,False
T20_d06_187_b_3.jpg,T20_187,3,train,False,False
T20_d06_188_a_4.jpg,T20_188,4,train,False,False
T20_d06_188_b_4.jpg,T20_188,4,train,False,False
T20_d06_190_a_4.jpg,T20_190,4,test,False,False
T20_d06_190_b_4.jpg,T20_190,4,test,False,False
T20_d06_192_a_3.jpg,T20_192,3,train,True,False
T20_d06_192_b_3.jpg,T20_192,3,train,True,False
T20_d06_199_a_4.jpg,T20_199,4,val,False,False
T20_d06_199_b_4.jpg,T20_199,4,val,False,False
T20_d06_212_a_4.jpg,T20_212,4,train,False,False
T20_d06_212_b_4.jpg,T20_212,4,train,False,False
T20_d06_214_a_4.jpg,T20_214,4,train,False,False
T20_d06_214_b_4.jpg,T20_214,4,train,False,False
T20_d06_222_a_3.jpg,T20_222,3,train,False,False
T20_d06_222_b_3.jpg,T20_222,3,train,False,False
T20_d06_224_a_4.jpg,T20_224,4,val,False,False
T20_d06_224_b_4.jpg,T20_224,4,val,False,False
T20_d06_225_a_4.jpg,T20_225,4,train,False,False
T20_d06_225_b_4.jpg,T20_225,4,train,False,False
T20_d06_226_a_3.jpg,T20_226,3,train,False,False
T20_d06_226_b_3.jpg,T20_226,3,train,False,False
T20_d06_228_a_2.jpg,T20_228,2,test,False,False
T20_d06_228_b_2.jpg,T20_228,2,test,False,False
T20_d06_232_a_4.jpg,T20_232,4,train,True,False
T20_d06_232_b_4.jpg,T20_232,4,train,True,False
T20_d06_239_a_3.jpg,T20_239,3,val,False,False
T20_d06_239_b_3.jpg,T20_239,3,val,False,False
T20_d06_240_a_4.jpg,T20_240,4,test,False,True
T20_d06_240_b_4.jpg,T20_240,4,test,False,False
T20_d06_244_a_4.jpg,T20_244,4,train,False,False
T20_d06_244_b_4.jpg,T20_244,4,train,False,False
T20_d06_255_a_3.jpg,T20_255,3,train,False,False
T20_d06_255_b_3.jpg,T20_255,3,train,False,False
T20_d06_256_a_3.jpg,T20_256,3,train,False,False
T20_d06_256_b_3.jpg,T20_256,3,train,False,False
T20_d06_258_a_4.jpg,T20_258,4,train,False,False
T20_d06_258_b_4.jpg,T20_258,4,train,False,False
T20_d06_259_a_3.jpg,T20_259,3,train,False,False
T20_d06_259_b_3.jpg,T20_259,3,train,False,False
T20_d06_260_a_2.jpg,T20_260,2,train,False,False
T20_d06_260_b_2.jpg,T20_260,2,train,False,False
T20_d06_263_a_3.jpg,T20_263,3,train,False,False
T20_d06_263_b_3.jpg,T20_263,3,train,False,False
T20_d06_265_a_3.jpg,T20_265,3,train,False,False
T20_d06_265_b_3.jpg,T20_265,3,train,False,False
T20_d06_267_a_4.jpg,T20_267,4,train,False,False
T20_d06_267_b_4.jpg,T20_267,4,train,False,False
T20_d06_268_a_2.jpg,T20_268,2,train,False,True
T20_d06_268_b_2.jpg,T20_268,2,train,False,False
T20_d06_272_a_2.jpg,T20_272,2,train,False,True
T20_d06_272_b_2.jpg,T20_272,2,train,False,False
T20_d06_277_a_4.jpg,T20_277,4,train,False,False
T20_d06_277_b_4.jpg,T20_277,4,train,False,False
T20_d06_279_a_4.jpg,T20_279,4,test,False,False
T20_d06_279_b_4.jpg,T20_279,4,test,False,True
T20_d06_287_a_4.jpg,T20_287,4,train,False,True
T20_d06_287_b_4.jpg,T20_287,4,train,False,True
T20_d06_288_a_4.jpg,T20_288,4,train,False,False
T20_d06_288_b_4.jpg,T20_288,4,train,False,False
T20_d06_289_a_4.jpg,T20_289,4,test,False,False
T20_d06_289_b_4.jpg,T20_289,4,test,False,False
T20_d06_291_a_3.jpg,T20_291,3,val,False,False
T20_d06_291_b_3.jpg,T20_291,3,val,False,False
T20_d06_293_a_4.jpg,T20_293,4,train,False,False
T20_d06_293_b_4.jpg,T20_293,4,train,False,False
T20_d06_305_a_3.jpg,T20_305,3,train,True,False
T20_d06_305_b_3.jpg,T20_305,3,train,True,False
T20_d06_309_a_4.jpg,T20_309,4,val,False,False
T20_d06_309_b_4.jpg,T20_309,4,val,False,False
T20_d06_311_a_3.jpg,T20_311,3,train,False,False
T20_d06_311_b_3.jpg,T20_311,3,train,False,False
T20_d06_313_a_3.jpg,T20_313,3,test,False,False
T20_d06_313_b_3.jpg,T20_313,3,test,False,False
T20_d06_316_a_4.jpg,T20_316,4,train,False,False
T20_d06_316_b_4.jpg,T20_316,4,train,False,False
T20_d06_321_a_3.jpg,T20_321,3,val,False,False
T20_d06_321_b_3.jpg,T20_321,3,val,False,False
T20_d06_322_a_3.jpg,T20_322,3,train,False,False
T20_d06_322_b_3.jpg,T20_322,3,train,False,False
T20_d06_324_a_3.jpg,T20_324,3,train,False,False
T20_d06_324_b_3.jpg,T20_324,3,train,False,False
T20_d06_332_a_3.jpg,T20_332,3,train,False,False
T20_d06_332_b_3.jpg,T20_332,3,train,False,False
T20_d06_334_a_3.jpg,T20_334,3,val,False,False
T20_d06_334_b_3.jpg,T20_334,3,val,False,False
T20_d06_346_a_3.jpg,T20_346,3,train,False,True
T20_d06_346_b_3.jpg,T20_346,3,train,False,False
T20_d06_347_a_3.jpg,T20_347,3,train,False,True
T20_d06_347_b_3.jpg,T20_347,3,train,False,False
T20_d06_352_a_4.jpg,T20_352,4,train,True,False
T20_d06_352_b_4.jpg,T20_352,4,train,True,False
T20_d06_354_a_4.jpg,T20_354,4,train,False,False
T20_d06_354_b_4.jpg,T20_354,4,train,False,False
T20_d06_360_a_3.jpg,T20_360,3,test,False,False
T20_d06_360_b_3.jpg,T20_360,3,test,False,False
T20_d06_361_a_3.jpg,T20_361,3,train,True,False
T20_d06_361_b_3.jpg,T20_361,3,train,True,False
T20_d06_363_a_3.jpg,T20_363,3,val,False,False
T20_d06_363_b_3.jpg,T20_363,3,val,False,False
T20_d06_369_a_3.jpg,T20_369,3,train,False,False
T20_d06_369_b_3.jpg,T20_369,3,train,False,False
T20_d06_371_a_3.jpg,T20_371,3,val,False,False
T20_d06_371_b_3.jpg,T20_371,3,val,False,False
T20_d06_378_a_2.jpg,T20_378,2,train,False,False
T20_d06_378_b_2.jpg,T20_378,2,train,False,False
T20_d06_383_a_2.jpg,T20_383,2,val,False,False
T20_d06_383_b_2.jpg,T20_383,2,val,False,False
T20_d06_384_a_2.jpg,T20_384,2,train,False,False
T20_d06_384_b_2.jpg,T20_384,2,train,False,False
T20_d06_386_a_4.jpg,T20_386,4,train,False,False
T20_d06_386_b_4.jpg,T20_386,4,train,False,False
T20_d06_388_a_3.jpg,T20_388,3,train,False,False
T20_d06_388_b_3.jpg,T20_388,3,train,False,False
T20_d06_389_a_3.jpg,T20_389,3,train,False,True
T20_d06_389_b_3.jpg,T20_389,3,train,False,False
T20_d06_390_a_3.jpg,T20_390,3,train,False,False
T20_d06_390_b_3.jpg,T20_390,3,train,False,False
T20_d06_391_a_2.jpg,T20_391,2,train,False,False
T20_d06_391_b_2.jpg,T20_391,2,train,False,False
T20_d06_394_a_4.jpg,T20_394,4,train,True,False
T20_d06_394_b_4.jpg,T20_394,4,train,True,False
T20_d06_409_a_3.jpg,T20_409,3,train,False,False
T20_d06_409_b_3.jpg,T20_409,3,train,False,False
T20_d06_412_a_3.jpg,T20_412,3,train,True,False
T20_d06_412_b_3.jpg,T20_412,3,train,True,False
T20_d06_421_a_4.jpg,T20_421,4,train,False,False
T20_d06_421_b_4.jpg,T20_421,4,train,False,False
T20_d06_423_a_2.jpg,T20_423,2,train,False,False
T20_d06_423_b_2.jpg,T20_423,2,train,False,True
T20_d06_426_a_3.jpg,T20_426,3,train,False,False
T20_d06_426_b_3.jpg,T20_426,3,train,False,False
T20_d06_431_a_4.jpg,T20_431,4,train,False,False
T20_d06_431_b_4.jpg,T20_431,4,train,False,False
T20_d06_432_a_4.jpg,T20_432,4,val,True,False
T20_d06_432_b_4.jpg,T20_432,4,val,True,False
T20_d06_435_a_3.jpg,T20_435,3,train,False,False
T20_d06_435_b_3.jpg,T20_435,3,train,False,False
T20_d06_438_a_3.jpg,T20_438,3,train,False,False
T20_d06_438_b_3.jpg,T20_438,3,train,False,False
T20_d06_439_a_3.jpg,T20_439,3,train,False,False
T20_d06_439_b_3.jpg,T20_439,3,train,False,False
T20_d06_440_a_4.jpg,T20_440,4,train,True,False
T20_d06_440_b_4.jpg,T20_440,4,train,True,False
T20_d06_443_a_3.jpg,T20_443,3,train,False,False
T20_d06_443_b_3.jpg,T20_443,3,train,False,False
T20_d06_453_a_4.jpg,T20_453,4,val,False,False
T20_d06_453_b_4.jpg,T20_453,4,val,False,False
T20_d06_455_a_3.jpg,T20_455,3,train,True,False
T20_d06_455_b_3.jpg,T20_455,3,train,True,False
T20_d06_461_a_4.jpg,T20_461,4,train,False,False
T20_d06_461_b_4.jpg,T20_461,4,train,False,False
T20_d06_462_a_3.jpg,T20_462,3,test,False,False
T20_d06_462_b_3.jpg,T20_462,3,test,False,False
T20_d06_463_a_2.jpg,T20_463,2,train,False,True
T20_d06_463_b_2.jpg,T20_463,2,train,False,True
T20_d06_464_a_4.jpg,T20_464,4,train,False,False
T20_d06_464_b_4.jpg,T20_464,4,train,False,False
T20_d06_468_a_4.jpg,T20_468,4,test,False,False
T20_d06_468_b_4.jpg,T20_468,4,test,False,True
T20_d06_469_a_3.jpg,T20_469,3,train,False,False
T20_d06_469_b_3.jpg,T20_469,3,train,False,False
T20_d06_477_a_4.jpg,T20_477,4,train,False,False
T20_d06_477_b_4.jpg,T20_477,4,train,False,True
T20_d07_001_a_4.jpg,T20_001,4,train,False,False
T20_d07_001_b_4.jpg,T20_001,4,train,False,False
T20_d07_004_a_4.jpg,T20_004,4,train,False,False
T20_d07_004_b_4.jpg,T20_004,4,train,False,False
T20_d07_005_a_4.jpg,T20_005,4,train,False,True
T20_d07_005_b_4.jpg,T20_005,4,train,False,False
T20_d07_006_a_4.jpg,T20_006,4,val,False,True
T20_d07_006_b_4.jpg,T20_006,4,val,False,False
T20_d07_008_a_3.jpg,T20_008,3,train,False,False
T20_d07_008_b_3.jpg,T20_008,3,train,False,False
T20_d07_010_a_4.jpg,T20_010,4,val,False,False
T20_d07_010_b_4.jpg,T20_010,4,val,False,False
T20_d07_020_a_3.jpg,T20_020,3,test,False,False
T20_d07_020_b_3.jpg,T20_020,3,test,False,False
T20_d07_023_a_4.jpg,T20_023,4,train,True,False
T20_d07_023_b_4.jpg,T20_023,4,train,True,False
T20_d07_024_a_4.jpg,T20_024,4,test,True,False
T20_d07_024_b_4.jpg,T20_024,4,test,True,False
T20_d07_025_a_4.jpg,T20_025,4,train,False,False
T20_d07_025_b_4.jpg,T20_025,4,train,False,False
T20_d07_029_a_4.jpg,T20_029,4,train,False,False
T20_d07_029_b_4.jpg,T20_029,4,train,False,False
T20_d07_031_a_4.jpg,T20_031,4,train,True,False
T20_d07_031_b_4.jpg,T20_031,4,train,True,False
T20_d07_032_a_4.jpg,T20_032,4,train,False,False
T20_d07_032_b_4.jpg,T20_032,4,train,False,False
T20_d07_036_a_3.jpg,T20_036,3,train,True,False
T20_d07_036_b_3.jpg,T20_036,3,train,True,False
T20_d07_042_a_4.jpg,T20_042,4,train,False,False
T20_d07_042_b_4.jpg,T20_042,4,train,False,False
T20_d07_049_a_4.jpg,T20_049,4,train,False,False
T20_d07_049_b_4.jpg,T20_049,4,train,False,False
T20_d07_050_a_4.jpg,T20_050,4,train,False,False
T20_d07_050_b_4.jpg,T20_050,4,train,False,False
T20_d07_060_a_4.jpg,T20_060,4,train,False,False
T20_d07_060_b_4.jpg,T20_060,4,train,False,False
T20_d07_063_a_4.jpg,T20_063,4,val,False,False
T20_d07_063_b_4.jpg,T20_063,4,val,False,False
T20_d07_071_a_4.jpg,T20_071,4,train,False,False
T20_d07_071_b_4.jpg,T20_071,4,train,False,False
T20_d07_075_a_4.jpg,T20_075,4,val,False,False
T20_d07_075_b_4.jpg,T20_075,4,val,False,False
T20_d07_076_a_4.jpg,T20_076,4,train,False,False
T20_d07_076_b_4.jpg,T20_076,4,train,False,False
T20_d07_084_a_4.jpg,T20_084,4,train,False,False
T20_d07_084_b_4.jpg,T20_084,4,train,False,False
T20_d07_085_a_3.jpg,T20_085,3,test,False,True
T20_d07_085_b_3.jpg,T20_085,3,test,False,False
T20_d07_090_a_4.jpg,T20_090,4,train,False,False
T20_d07_090_b_4.jpg,T20_090,4,train,False,False
T20_d07_095_a_4.jpg,T20_095,4,train,False,False
T20_d07_095_b_4.jpg,T20_095,4,train,False,False
T20_d07_101_a_3.jpg,T20_101,3,train,True,False
T20_d07_101_b_3.jpg,T20_101,3,train,True,False
T20_d07_103_a_4.jpg,T20_103,4,train,False,False
T20_d07_103_b_4.jpg,T20_103,4,train,False,False
T20_d07_106_a_4.jpg,T20_106,4,train,False,False
T20_d07_106_b_4.jpg,T20_106,4,train,False,False
T20_d07_107_a_4.jpg,T20_107,4,train,False,False
T20_d07_107_b_4.jpg,T20_107,4,train,False,False
T20_d07_112_a_3.jpg,T20_112,3,train,False,False
T20_d07_112_b_3.jpg,T20_112,3,train,False,False
T20_d07_114_a_4.jpg,T20_114,4,train,False,False
T20_d07_114_b_4.jpg,T20_114,4,train,False,False
T20_d07_115_a_3.jpg,T20_115,3,train,False,False
T20_d07_115_b_3.jpg,T20_115,3,train,False,False
T20_d07_116_a_3.jpg,T20_116,3,train,True,False
T20_d07_116_b_3.jpg,T20_116,3,train,True,False
T20_d07_132_a_4.jpg,T20_132,4,train,False,False
T20_d07_132_b_4.jpg,T20_132,4,train,False,False
T20_d07_137_a_3.jpg,T20_137,3,train,False,False
T20_d07_137_b_3.jpg,T20_137,3,train,False,False
T20_d07_141_a_3.jpg,T20_141,3,test,False,True
T20_d07_141_b_3.jpg,T20_141,3,test,False,False
T20_d07_143_a_4.jpg,T20_143,4,train,False,False
T20_d07_143_b_4.jpg,T20_143,4,train,False,False
T20_d07_146_a_4.jpg,T20_146,4,train,False,False
T20_d07_146_b_4.jpg,T20_146,4,train,False,True
T20_d07_150_a_3.jpg,T20_150,3,train,False,False
T20_d07_150_b_3.jpg,T20_150,3,train,False,False
T20_d07_151_a_4.jpg,T20_151,4,val,False,False
T20_d07_151_b_4.jpg,T20_151,4,val,False,False
T20_d07_153_a_4.jpg,T20_153,4,val,False,False
T20_d07_153_b_4.jpg,T20_153,4,val,False,False
T20_d07_155_a_4.jpg,T20_155,4,train,False,False
T20_d07_155_b_4.jpg,T20_155,4,train,False,False
T20_d07_161_a_4.jpg,T20_161,4,test,False,False
T20_d07_161_b_4.jpg,T20_161,4,test,False,False
T20_d07_170_a_4.jpg,T20_170,4,train,False,False
T20_d07_170_b_4.jpg,T20_170,4,train,False,False
T20_d07_174_a_4.jpg,T20_174,4,train,False,True
T20_d07_174_b_4.jpg,T20_174,4,train,False,False
T20_d07_176_a_4.jpg,T20_176,4,val,False,True
T20_d07_176_b_4.jpg,T20_176,4,val,False,False
T20_d07_178_a_4.jpg,T20_178,4,train,True,False
T20_d07_178_b_4.jpg,T20_178,4,train,True,False
T20_d07_183_a_4.jpg,T20_183,4,train,False,False
T20_d07_183_b_4.jpg,T20_183,4,train,False,False
T20_d07_185_a_4.jpg,T20_185,4,train,False,False
T20_d07_185_b_4.jpg,T20_185,4,train,False,False
T20_d07_187_a_3.jpg,T20_187,3,train,False,False
T20_d07_187_b_3.jpg,T20_187,3,train,False,False
T20_d07_188_a_4.jpg,T20_188,4,train,False,True
T20_d07_188_b_4.jpg,T20_188,4,train,False,False
T20_d07_190_a_4.jpg,T20_190,4,test,False,False
T20_d07_190_b_4.jpg,T20_190,4,test,False,False
T20_d07_192_a_4.jpg,T20_192,4,train,True,False
T20_d07_192_b_4.jpg,T20_192,4,train,True,False
T20_d07_199_a_4.jpg,T20_199,4,val,False,False
T20_d07_199_b_4.jpg,T20_199,4,val,False,False
T20_d07_212_a_4.jpg,T20_212,4,train,False,False
T20_d07_212_b_4.jpg,T20_212,4,train,False,False
T20_d07_214_a_4.jpg,T20_214,4,train,False,True
T20_d07_214_b_4.jpg,T20_214,4,train,False,False
T20_d07_222_a_3.jpg,T20_222,3,train,False,True
T20_d07_222_b_3.jpg,T20_222,3,train,False,False
T20_d07_224_a_4.jpg,T20_224,4,val,False,False
T20_d07_224_b_4.jpg,T20_224,4,val,False,False
T20_d07_225_a_4.jpg,T20_225,4,train,False,False
T20_d07_225_b_4.jpg,T20_225,4,train,False,False
T20_d07_226_a_3.jpg,T20_226,3,train,False,False
T20_d07_226_b_3.jpg,T20_226,3,train,False,False
T20_d07_228_a_3.jpg,T20_228,3,test,False,False
T20_d07_228_b_3.jpg,T20_228,3,test,False,False
T20_d07_232_a_4.jpg,T20_232,4,train,True,False
T20_d07_232_b_4.jpg,T20_232,4,train,True,False
T20_d07_239_a_3.jpg,T20_239,3,val,False,True
T20_d07_239_b_3.jpg,T20_239,3,val,False,False
T20_d07_240_a_4.jpg,T20_240,4,test,False,False
T20_d07_240_b_4.jpg,T20_240,4,test,False,False
T20_d07_244_a_4.jpg,T20_244,4,train,False,False
T20_d07_244_b_4.jpg,T20_244,4,train,False,False
T20_d07_255_a_4.jpg,T20_255,4,train,False,False
T20_d07_255_b_4.jpg,T20_255,4,train,False,False
T20_d07_256_a_3.jpg,T20_256,3,train,False,False
T20_d07_256_b_3.jpg,T20_256,3,train,False,False
T20_d07_258_a_4.jpg,T20_258,4,train,False,False
T20_d07_258_b_4.jpg,T20_258,4,train,False,False
T20_d07_259_a_3.jpg,T20_259,3,train,False,False
T20_d07_259_b_3.jpg,T20_259,3,train,False,True
T20_d07_260_a_3.jpg,T20_260,3,train,False,False
T20_d07_260_b_3.jpg,T20_260,3,train,False,False
T20_d07_263_a_4.jpg,T20_263,4,train,False,False
T20_d07_263_b_4.jpg,T20_263,4,train,False,False
T20_d07_265_a_3.jpg,T20_265,3,train,False,False
T20_d07_265_b_3.jpg,T20_265,3,train,False,False
T20_d07_267_a_4.jpg,T20_267,4,train,False,False
T20_d07_267_b_4.jpg,T20_267,4,train,False,False
T20_d07_268_a_3.jpg,T20_268,3,train,False,False
T20_d07_268_b_3.jpg,T20_268,3,train,False,False
T20_d07_272_a_3.jpg,T20_272,3,train,False,False
T20_d07_272_b_3.jpg,T20_272,3,train,False,False
T20_d07_277_a_4.jpg,T20_277,4,train,False,False
T20_d07_277_b_4.jpg,T20_277,4,train,False,False
T20_d07_279_a_4.jpg,T20_279,4,test,False,False
T20_d07_279_b_4.jpg,T20_279,4,test,False,False
T20_d07_287_a_4.jpg,T20_287,4,train,False,False
T20_d07_287_b_4.jpg,T20_287,4,train,False,False
T20_d07_288_a_4.jpg,T20_288,4,train,False,False
T20_d07_288_b_4.jpg,T20_288,4,train,False,False
T20_d07_289_a_4.jpg,T20_289,4,test,False,False
T20_d07_289_b_4.jpg,T20_289,4,test,False,False
T20_d07_291_a_4.jpg,T20_291,4,val,False,False
T20_d07_291_b_4.jpg,T20_291,4,val,False,False
T20_d07_293_a_4.jpg,T20_293,4,train,False,False
T20_d07_293_b_4.jpg,T20_293,4,train,False,False
T20_d07_305_a_3.jpg,T20_305,3,train,True,False
T20_d07_305_b_3.jpg,T20_305,3,train,True,False
T20_d07_309_a_4.jpg,T20_309,4,val,False,False
T20_d07_309_b_4.jpg,T20_309,4,val,False,False
T20_d07_311_a_4.jpg,T20_311,4,train,False,False
T20_d07_311_b_4.jpg,T20_311,4,train,False,False
T20_d07_313_a_3.jpg,T20_313,3,test,False,False
T20_d07_313_b_3.jpg,T20_313,3,test,False,False
T20_d07_316_a_4.jpg,T20_316,4,train,False,False
T20_d07_316_b_4.jpg,T20_316,4,train,False,False
T20_d07_321_a_4.jpg,T20_321,4,val,False,False
T20_d07_321_b_4.jpg,T20_321,4,val,False,False
T20_d07_322_a_3.jpg,T20_322,3,train,False,False
T20_d07_322_b_3.jpg,T20_322,3,train,False,False
T20_d07_324_a_4.jpg,T20_324,4,train,False,False
T20_d07_324_b_4.jpg,T20_324,4,train,False,True
T20_d07_332_a_3.jpg,T20_332,3,train,False,False
T20_d07_332_b_3.jpg,T20_332,3,train,False,False
T20_d07_334_a_3.jpg,T20_334,3,val,False,False
T20_d07_334_b_3.jpg,T20_334,3,val,False,False
T20_d07_346_a_4.jpg,T20_346,4,train,False,False
T20_d07_346_b_4.jpg,T20_346,4,train,False,False
T20_d07_347_a_4.jpg,T20_347,4,train,False,False
T20_d07_347_b_4.jpg,T20_347,4,train,False,False
T20_d07_352_a_4.jpg,T20_352,4,train,True,False
T20_d07_352_b_4.jpg,T20_352,4,train,True,False
T20_d07_354_a_4.jpg,T20_354,4,train,False,False
T20_d07_354_b_4.jpg,T20_354,4,train,False,True
T20_d07_360_a_3.jpg,T20_360,3,test,False,False
T20_d07_360_b_3.jpg,T20_360,3,test,False,False
T20_d07_361_a_3.jpg,T20_361,3,train,True,False
T20_d07_361_b_3.jpg,T20_361,3,train,True,False
T20_d07_363_a_3.jpg,T20_363,3,val,False,False
T20_d07_363_b_3.jpg,T20_363,3,val,False,False
T20_d07_369_a_4.jpg,T20_369,4,train,False,False
T20_d07_369_b_4.jpg,T20_369,4,train,False,False
T20_d07_371_a_3.jpg,T20_371,3,val,False,True
T20_d07_371_b_3.jpg,T20_371,3,val,False,False
T20_d07_378_a_3.jpg,T20_378,3,train,False,False
T20_d07_378_b_3.jpg,T20_378,3,train,False,False
T20_d07_383_a_3.jpg,T20_383,3,val,False,True
T20_d07_383_b_3.jpg,T20_383,3,val,False,False
T20_d07_384_a_3.jpg,T20_384,3,train,False,False
T20_d07_384_b_3.jpg,T20_384,3,train,False,False
T20_d07_386_a_4.jpg,T20_386,4,train,False,True
T20_d07_386_b_4.jpg,T20_386,4,train,False,False
T20_d07_388_a_3.jpg,T20_388,3,train,False,False
T20_d07_388_b_3.jpg,T20_388,3,train,False,False
T20_d07_389_a_4.jpg,T20_389,4,train,False,False
T20_d07_389_b_4.jpg,T20_389,4,train,False,False
T20_d07_390_a_3.jpg,T20_390,3,train,False,False
T20_d07_390_b_3.jpg,T20_390,3,train,False,False
T20_d07_391_a_3.jpg,T20_391,3,train,False,False
T20_d07_391_b_3.jpg,T20_391,3,train,False,False
T20_d07_394_a_4.jpg,T20_394,4,train,True,False
T20_d07_394_b_4.jpg,T20_394,4,train,True,False
T20_d07_409_a_4.jpg,T20_409,4,train,False,False
T20_d07_409_b_4.jpg,T20_409,4,train,False,False
T20_d07_412_a_4.jpg,T20_412,4,train,True,False
T20_d07_412_b_4.jpg,T20_412,4,train,True,False
T20_d07_421_a_4.jpg,T20_421,4,train,False,False
T20_d07_421_b_4.jpg,T20_421,4,train,False,False
T20_d07_423_a_3.jpg,T20_423,3,train,False,False
T20_d07_423_b_3.jpg,T20_423,3,train,False,False
T20_d07_426_a_3.jpg,T20_426,3,train,False,False
T20_d07_426_b_3.jpg,T20_426,3,train,False,False
T20_d07_431_a_4.jpg,T20_431,4,train,False,False
T20_d07_431_b_4.jpg,T20_431,4,train,False,False
T20_d07_432_a_4.jpg,T20_432,4,val,True,False
T20_d07_432_b_4.jpg,T20_432,4,val,True,False
T20_d07_435_a_4.jpg,T20_435,4,train,False,True
T20_d07_435_b_4.jpg,T20_435,4,train,False,True
T20_d07_438_a_3.jpg,T20_438,3,train,False,True
T20_d07_438_b_3.jpg,T20_438,3,train,False,False
T20_d07_439_a_3.jpg,T20_439,3,train,False,False
T20_d07_439_b_3.jpg,T20_439,3,train,False,False
T20_d07_440_a_4.jpg,T20_440,4,train,True,False
T20_d07_440_b_4.jpg,T20_440,4,train,True,False
T20_d07_443_a_3.jpg,T20_443,3,train,False,False
T20_d07_443_b_3.jpg,T20_443,3,train,False,False
T20_d07_453_a_4.jpg,T20_453,4,val,False,False
T20_d07_453_b_4.jpg,T20_453,4,val,False,False
T20_d07_455_a_3.jpg,T20_455,3,train,True,False
T20_d07_455_b_3.jpg,T20_455,3,train,True,False
T20_d07_461_a_4.jpg,T20_461,4,train,False,True
T20_d07_461_b_4.jpg,T20_461,4,train,False,False
T20_d07_462_a_3.jpg,T20_462,3,test,False,True
T20_d07_462_b_3.jpg,T20_462,3,test,False,False
T20_d07_463_a_3.jpg,T20_463,3,train,False,False
T20_d07_463_b_3.jpg,T20_463,3,train,False,False
T20_d07_464_a_4.jpg,T20_464,4,train,False,False
T20_d07_464_b_4.jpg,T20_464,4,train,False,False
T20_d07_468_a_4.jpg,T20_468,4,test,False,False
T20_d07_468_b_4.jpg,T20_468,4,test,False,False
T20_d07_469_a_3.jpg,T20_469,3,train,False,False
T20_d07_469_b_3.jpg,T20_469,3,train,False,False
T20_d07_477_a_4.jpg,T20_477,4,train,False,False
T20_d07_477_b_4.jpg,T20_477,4,train,False,False
T20_d08_001_a_4.jpg,T20_001,4,train,False,False
T20_d08_001_b_4.jpg,T20_001,4,train,False,True
T20_d08_004_a_4.jpg,T20_004,4,train,False,False
T20_d08_004_b_4.jpg,T20_004,4,train,False,False
T20_d08_005_a_4.jpg,T20_005,4,train,False,False
T20_d08_005_b_4.jpg,T20_005,4,train,False,False
T20_d08_006_a_4.jpg,T20_006,4,val,False,True
T20_d08_006_b_4.jpg,T20_006,4,val,False,False
T20_d08_008_a_4.jpg,T20_008,4,train,False,False
T20_d08_008_b_4.jpg,T20_008,4,train,False,False
T20_d08_010_a_5.jpg,T20_010,5,val,False,False
T20_d08_010_b_5.jpg,T20_010,5,val,False,False
T20_d08_020_a_4.jpg,T20_020,4,test,False,False
T20_d08_020_b_4.jpg,T20_020,4,test,False,False
T20_d08_023_a_4.jpg,T20_023,4,train,True,False
T20_d08_023_b_4.jpg,T20_023,4,train,True,False
T20_d08_024_a_4.jpg,T20_024,4,test,True,False
T20_d08_024_b_4.jpg,T20_024,4,test,True,False
T20_d08_025_a_4.jpg,T20_025,4,train,False,True
T20_d08_025_b_4.jpg,T20_025,4,train,False,False
T20_d08_031_a_4.jpg,T20_031,4,train,True,False
T20_d08_031_b_4.jpg,T20_031,4,train,True,False
T20_d08_032_a_4.jpg,T20_032,4,train,False,False
T20_d08_032_b_4.jpg,T20_032,4,train,False,False
T20_d08_036_a_4.jpg,T20_036,4,train,True,False
T20_d08_036_b_4.jpg,T20_036,4,train,True,False
T20_d08_042_a_4.jpg,T20_042,4,train,False,True
T20_d08_042_b_4.jpg,T20_042,4,train,False,False
T20_d08_049_a_4.jpg,T20_049,4,train,False,False
T20_d08_049_b_4.jpg,T20_049,4,train,False,False
T20_d08_050_a_4.jpg,T20_050,4,train,False,True
T20_d08_050_b_4.jpg,T20_050,4,train,False,False
T20_d08_060_a_4.jpg,T20_060,4,train,False,False
T20_d08_060_b_4.jpg,T20_060,4,train,False,False
T20_d08_063_a_4.jpg,T20_063,4,val,False,False
T20_d08_063_b_4.jpg,T20_063,4,val,False,False
T20_d08_071_a_4.jpg,T20_071,4,train,False,False
T20_d08_071_b_4.jpg,T20_071,4,train,False,False
T20_d08_075_a_4.jpg,T20_075,4,val,False,False
T20_d08_075_b_4.jpg,T20_075,4,val,False,False
T20_d08_076_a_4.jpg,T20_076,4,train,False,False
T20_d08_076_b_4.jpg,T20_076,4,train,False,False
T20_d08_084_a_5.jpg,T20_084,5,train,False,False
T20_d08_084_b_5.jpg,T20_084,5,train,False,False
T20_d08_085_a_4.jpg,T20_085,4,test,False,False
T20_d08_085_b_4.jpg,T20_085,4,test,False,False
T20_d08_090_a_4.jpg,T20_090,4,train,False,False
T20_d08_090_b_4.jpg,T20_090,4,train,False,False
T20_d08_095_a_4.jpg,T20_095,4,train,False,False
T20_d08_095_b_4.jpg,T20_095,4,train,False,False
T20_d08_101_a_4.jpg,T20_101,4,train,True,False
T20_d08_101_b_4.jpg,T20_101,4,train,True,False
T20_d08_103_a_4.jpg,T20_103,4,train,False,False
T20_d08_103_b_4.jpg,T20_103,4,train,False,False
T20_d08_106_a_4.jpg,T20_106,4,train,False,False
T20_d08_106_b_4.jpg,T20_106,4,train,False,True
T20_d08_107_a_4.jpg,T20_107,4,train,False,False
T20_d08_107_b_4.jpg,T20_107,4,train,False,False
T20_d08_112_a_4.jpg,T20_112,4,train,False,False
T20_d08_112_b_4.jpg,T20_112,4,train,False,False
T20_d08_114_a_4.jpg,T20_114,4,train,False,False
T20_d08_114_b_4.jpg,T20_114,4,train,False,False
T20_d08_115_a_4.jpg,T20_115,4,train,False,False
T20_d08_115_b_4.jpg,T20_115,4,train,False,False
T20_d08_116_a_4.jpg,T20_116,4,train,True,False
T20_d08_116_b_4.jpg,T20_116,4,train,True,False
T20_d08_132_a_4.jpg,T20_132,4,train,False,False
T20_d08_132_b_4.jpg,T20_132,4,train,False,False
T20_d08_137_a_4.jpg,T20_137,4,train,False,False
T20_d08_137_b_4.jpg,T20_137,4,train,False,False
T20_d08_141_a_4.jpg,T20_141,4,test,False,False
T20_d08_141_b_4.jpg,T20_141,4,test,False,False
T20_d08_143_a_4.jpg,T20_143,4,train,False,False
T20_d08_143_b_4.jpg,T20_143,4,train,False,False
T20_d08_146_a_4.jpg,T20_146,4,train,False,False
T20_d08_146_b_4.jpg,T20_146,4,train,False,False
T20_d08_150_a_4.jpg,T20_150,4,train,False,True
T20_d08_150_b_4.jpg,T20_150,4,train,False,False
T20_d08_151_a_4.jpg,T20_151,4,val,False,False
T20_d08_151_b_4.jpg,T20_151,4,val,False,False
T20_d08_153_a_4.jpg,T20_153,4,val,False,False
T20_d08_153_b_4.jpg,T20_153,4,val,False,False
T20_d08_155_a_4.jpg,T20_155,4,train,False,False
T20_d08_155_b_4.jpg,T20_155,4,train,False,False
T20_d08_161_a_4.jpg,T20_161,4,test,False,False
T20_d08_161_b_4.jpg,T20_161,4,test,False,False
T20_d08_170_a_4.jpg,T20_170,4,train,False,False
T20_d08_170_b_4.jpg,T20_170,4,train,False,False
T20_d08_174_a_5.jpg,T20_174,5,train,False,False
T20_d08_174_b_5.jpg,T20_174,5,train,False,False
T20_d08_176_a_4.jpg,T20_176,4,val,False,False
T20_d08_176_b_4.jpg,T20_176,4,val,False,False
T20_d08_178_a_4.jpg,T20_178,4,train,True,False
T20_d08_178_b_4.jpg,T20_178,4,train,True,False
T20_d08_183_a_4.jpg,T20_183,4,train,False,False
T20_d08_183_b_4.jpg,T20_183,4,train,False,False
T20_d08_185_a_4.jpg,T20_185,4,train,False,False
T20_d08_185_b_4.jpg,T20_185,4,train,False,False
T20_d08_187_a_4.jpg,T20_187,4,train,False,True
T20_d08_187_b_4.jpg,T20_187,4,train,False,False
T20_d08_188_a_4.jpg,T20_188,4,train,False,False
T20_d08_188_b_4.jpg,T20_188,4,train,False,False
T20_d08_190_a_4.jpg,T20_190,4,test,False,False
T20_d08_190_b_4.jpg,T20_190,4,test,False,True
T20_d08_192_a_4.jpg,T20_192,4,train,True,False
T20_d08_192_b_4.jpg,T20_192,4,train,True,False
T20_d08_199_a_4.jpg,T20_199,4,val,False,False
T20_d08_199_b_4.jpg,T20_199,4,val,False,False
T20_d08_212_a_4.jpg,T20_212,4,train,False,False
T20_d08_212_b_4.jpg,T20_212,4,train,False,False
T20_d08_214_a_4.jpg,T20_214,4,train,False,True
T20_d08_214_b_4.jpg,T20_214,4,train,False,False
T20_d08_222_a_4.jpg,T20_222,4,train,False,False
T20_d08_222_b_4.jpg,T20_222,4,train,False,False
T20_d08_224_a_4.jpg,T20_224,4,val,False,False
T20_d08_224_b_4.jpg,T20_224,4,val,False,False
T20_d08_225_a_4.jpg,T20_225,4,train,False,False
T20_d08_225_b_4.jpg,T20_225,4,train,False,False
T20_d08_226_a_4.jpg,T20_226,4,train,False,False
T20_d08_226_b_4.jpg,T20_226,4,train,False,False
T20_d08_228_a_4.jpg,T20_228,4,test,False,False
T20_d08_228_b_4.jpg,T20_228,4,test,False,False
T20_d08_232_a_4.jpg,T20_232,4,train,True,False
T20_d08_232_b_4.jpg,T20_232,4,train,True,False
T20_d08_239_a_4.jpg,T20_239,4,val,False,False
T20_d08_239_b_4.jpg,T20_239,4,val,False,False
T20_d08_240_a_4.jpg,T20_240,4,test,False,False
T20_d08_240_b_4.jpg,T20_240,4,test,False,False
T20_d08_244_a_4.jpg,T20_244,4,train,False,False
T20_d08_244_b_4.jpg,T20_244,4,train,False,False
T20_d08_255_a_4.jpg,T20_255,4,train,False,False
T20_d08_255_b_4.jpg,T20_255,4,train,False,False
T20_d08_256_a_4.jpg,T20_256,4,train,False,False
T20_d08_256_b_4.jpg,T20_256,4,train,False,False
T20_d08_258_a_4.jpg,T20_258,4,train,False,False
T20_d08_258_b_4.jpg,T20_258,4,train,False,False
T20_d08_259_a_4.jpg,T20_259,4,train,False,False
T20_d08_259_b_4.jpg,T20_259,4,train,False,False
T20_d08_260_a_4.jpg,T20_260,4,train,False,True
T20_d08_260_b_4.jpg,T20_260,4,train,False,False
T20_d08_263_a_4.jpg,T20_263,4,train,False,False
T20_d08_263_b_4.jpg,T20_263,4,train,False,False
T20_d08_265_a_4.jpg,T20_265,4,train,False,False
T20_d08_265_b_4.jpg,T20_265,4,train,False,False
T20_d08_267_a_4.jpg,T20_267,4,train,False,False
T20_d08_267_b_4.jpg,T20_267,4,train,False,False
T20_d08_268_a_4.jpg,T20_268,4,train,False,False
T20_d08_268_b_4.jpg,T20_268,4,train,False,True
T20_d08_272_a_4.jpg,T20_272,4,train,False,False
T20_d08_272_b_4.jpg,T20_272,4,train,False,False
T20_d08_277_a_4.jpg,T20_277,4,train,False,False
T20_d08_277_b_4.jpg,T20_277,4,train,False,True
T20_d08_279_a_4.jpg,T20_279,4,test,False,False
T20_d08_279_b_4.jpg,T20_279,4,test,False,False
T20_d08_287_a_4.jpg,T20_287,4,train,False,False
T20_d08_287_b_4.jpg,T20_287,4,train,False,False
T20_d08_288_a_4.jpg,T20_288,4,train,False,False
T20_d08_288_b_4.jpg,T20_288,4,train,False,False
T20_d08_289_a_4.jpg,T20_289,4,test,False,False
T20_d08_289_b_4.jpg,T20_289,4,test,False,False
T20_d08_291_a_4.jpg,T20_291,4,val,False,False
T20_d08_291_b_4.jpg,T20_291,4,val,False,False
T20_d08_293_a_4.jpg,T20_293,4,train,False,False
T20_d08_293_b_4.jpg,T20_293,4,train,False,False
T20_d08_309_a_4.jpg,T20_309,4,val,False,False
T20_d08_309_b_4.jpg,T20_309,4,val,False,True
T20_d08_311_a_4.jpg,T20_311,4,train,False,False
T20_d08_311_b_4.jpg,T20_311,4,train,False,False
T20_d08_313_a_3.jpg,T20_313,3,test,False,False
T20_d08_313_b_3.jpg,T20_313,3,test,False,False
T20_d08_316_a_4.jpg,T20_316,4,train,False,False
T20_d08_316_b_4.jpg,T20_316,4,train,False,False
T20_d08_321_a_4.jpg,T20_321,4,val,False,False
T20_d08_321_b_4.jpg,T20_321,4,val,False,False
T20_d08_322_a_3.jpg,T20_322,3,train,False,False
T20_d08_322_b_3.jpg,T20_322,3,train,False,False
T20_d08_324_a_4.jpg,T20_324,4,train,False,False
T20_d08_324_b_4.jpg,T20_324,4,train,False,False
T20_d08_332_a_4.jpg,T20_332,4,train,False,False
T20_d08_332_b_4.jpg,T20_332,4,train,False,False
T20_d08_334_a_4.jpg,T20_334,4,val,False,False
T20_d08_334_b_4.jpg,T20_334,4,val,False,False
T20_d08_346_a_4.jpg,T20_346,4,train,False,True
T20_d08_346_b_4.jpg,T20_346,4,train,False,False
T20_d08_347_a_4.jpg,T20_347,4,train,False,False
T20_d08_347_b_4.jpg,T20_347,4,train,False,False
T20_d08_352_a_4.jpg,T20_352,4,train,True,False
T20_d08_352_b_4.jpg,T20_352,4,train,True,False
T20_d08_354_a_5.jpg,T20_354,5,train,False,False
T20_d08_354_b_5.jpg,T20_354,5,train,False,True
T20_d08_360_a_4.jpg,T20_360,4,test,False,False
T20_d08_360_b_4.jpg,T20_360,4,test,False,False
T20_d08_361_a_4.jpg,T20_361,4,train,True,False
T20_d08_361_b_4.jpg,T20_361,4,train,True,False
T20_d08_363_a_4.jpg,T20_363,4,val,False,False
T20_d08_363_b_4.jpg,T20_363,4,val,False,False
T20_d08_369_a_4.jpg,T20_369,4,train,False,False
T20_d08_369_b_4.jpg,T20_369,4,train,False,True
T20_d08_378_a_4.jpg,T20_378,4,train,False,False
T20_d08_378_b_4.jpg,T20_378,4,train,False,False
T20_d08_383_a_3.jpg,T20_383,3,val,False,False
T20_d08_383_b_3.jpg,T20_383,3,val,False,False
T20_d08_384_a_4.jpg,T20_384,4,train,False,False
T20_d08_384_b_4.jpg,T20_384,4,train,False,False
T20_d08_386_a_4.jpg,T20_386,4,train,False,False
T20_d08_386_b_4.jpg,T20_386,4,train,False,True
T20_d08_388_a_4.jpg,T20_388,4,train,False,False
T20_d08_388_b_4.jpg,T20_388,4,train,False,False
T20_d08_389_a_4.jpg,T20_389,4,train,False,False
T20_d08_389_b_4.jpg,T20_389,4,train,False,False
T20_d08_390_a_4.jpg,T20_390,4,train,False,False
T20_d08_390_b_4.jpg,T20_390,4,train,False,True
T20_d08_391_a_4.jpg,T20_391,4,train,False,False
T20_d08_391_b_4.jpg,T20_391,4,train,False,False
T20_d08_394_a_4.jpg,T20_394,4,train,True,False
T20_d08_394_b_4.jpg,T20_394,4,train,True,False
T20_d08_409_a_4.jpg,T20_409,4,train,False,False
T20_d08_409_b_4.jpg,T20_409,4,train,False,False
T20_d08_412_a_4.jpg,T20_412,4,train,True,False
T20_d08_412_b_4.jpg,T20_412,4,train,True,False
T20_d08_421_a_4.jpg,T20_421,4,train,False,False
T20_d08_421_b_4.jpg,T20_421,4,train,False,False
T20_d08_423_a_4.jpg,T20_423,4,train,False,False
T20_d08_423_b_4.jpg,T20_423,4,train,False,False
T20_d08_426_a_4.jpg,T20_426,4,train,False,False
T20_d08_426_b_4.jpg,T20_426,4,train,False,False
T20_d08_431_a_5.jpg,T20_431,5,train,False,False
T20_d08_431_b_5.jpg,T20_431,5,train,False,False
T20_d08_432_a_4.jpg,T20_432,4,val,True,False
T20_d08_432_b_4.jpg,T20_432,4,val,True,False
T20_d08_435_a_4.jpg,T20_435,4,train,False,False
T20_d08_435_b_4.jpg,T20_435,4,train,False,False
T20_d08_438_a_4.jpg,T20_438,4,train,False,True
T20_d08_438_b_4.jpg,T20_438,4,train,False,False
T20_d08_439_a_4.jpg,T20_439,4,train,False,False
T20_d08_439_b_4.jpg,T20_439,4,train,False,False
T20_d08_440_a_4.jpg,T20_440,4,train,True,False
T20_d08_440_b_4.jpg,T20_440,4,train,True,False
T20_d08_443_a_4.jpg,T20_443,4,train,False,False
T20_d08_443_b_4.jpg,T20_443,4,train,False,False
T20_d08_453_a_4.jpg,T20_453,4,val,False,False
T20_d08_453_b_4.jpg,T20_453,4,val,False,False
T20_d08_455_a_4.jpg,T20_455,4,train,True,False
T20_d08_455_b_4.jpg,T20_455,4,train,True,False
T20_d08_461_a_4.jpg,T20_461,4,train,False,False
T20_d08_461_b_4.jpg,T20_461,4,train,False,False
T20_d08_462_a_4.jpg,T20_462,4,test,False,False
T20_d08_462_b_4.jpg,T20_462,4,test,False,False
T20_d08_463_a_4.jpg,T20_463,4,train,False,False
T20_d08_463_b_4.jpg,T20_463,4,train,False,False
T20_d08_464_a_4.jpg,T20_464,4,train,False,False
T20_d08_464_b_4.jpg,T20_464,4,train,False,True
T20_d08_468_a_4.jpg,T20_468,4,test,False,False
T20_d08_468_b_4.jpg,T20_468,4,test,False,False
T20_d08_469_a_4.jpg,T20_469,4,train,False,False
T20_d08_469_b_4.jpg,T20_469,4,train,False,False
T20_d08_477_a_4.jpg,T20_477,4,train,False,False
T20_d08_477_b_4.jpg,T20_477,4,train,False,False
T20_d09_001_a_5.jpg,T20_001,5,train,False,False
T20_d09_001_b_5.jpg,T20_001,5,train,False,False
T20_d09_004_a_5.jpg,T20_004,5,train,False,False
T20_d09_004_b_5.jpg,T20_004,5,train,False,True
T20_d09_005_a_5.jpg,T20_005,5,train,False,False
T20_d09_005_b_5.jpg,T20_005,5,train,False,False
T20_d09_006_a_4.jpg,T20_006,4,val,False,False
T20_d09_006_b_4.jpg,T20_006,4,val,False,False
T20_d09_008_a_4.jpg,T20_008,4,train,False,False
T20_d09_008_b_4.jpg,T20_008,4,train,False,False
T20_d09_010_a_5.jpg,T20_010,5,val,False,False
T20_d09_010_b_5.jpg,T20_010,5,val,False,False
T20_d09_020_a_4.jpg,T20_020,4,test,False,False
T20_d09_020_b_4.jpg,T20_020,4,test,False,False
T20_d09_023_a_4.jpg,T20_023,4,train,True,False
T20_d09_023_b_4.jpg,T20_023,4,train,True,False
T20_d09_024_a_4.jpg,T20_024,4,test,True,False
T20_d09_024_b_4.jpg,T20_024,4,test,True,False
T20_d09_025_a_4.jpg,T20_025,4,train,False,False
T20_d09_025_b_4.jpg,T20_025,4,train,False,False
T20_d09_031_a_4.jpg,T20_031,4,train,True,False
T20_d09_031_b_4.jpg,T20_031,4,train,True,False
T20_d09_032_a_4.jpg,T20_032,4,train,False,False
T20_d09_032_b_4.jpg,T20_032,4,train,False,False
T20_d09_036_a_4.jpg,T20_036,4,train,True,False
T20_d09_036_b_4.jpg,T20_036,4,train,True,False
T20_d09_042_a_4.jpg,T20_042,4,train,False,False
T20_d09_042_b_4.jpg,T20_042,4,train,False,True
T20_d09_049_a_4.jpg,T20_049,4,train,False,True
T20_d09_049_b_4.jpg,T20_049,4,train,False,True
T20_d09_050_a_5.jpg,T20_050,5,train,False,False
T20_d09_050_b_5.jpg,T20_050,5,train,False,False
T20_d09_060_a_4.jpg,T20_060,4,train,False,False
T20_d09_060_b_4.jpg,T20_060,4,train,False,False
T20_d09_063_a_4.jpg,T20_063,4,val,False,False
T20_d09_063_b_4.jpg,T20_063,4,val,False,True
T20_d09_071_a_4.jpg,T20_071,4,train,False,False
T20_d09_071_b_4.jpg,T20_071,4,train,False,False
T20_d09_075_a_4.jpg,T20_075,4,val,False,False
T20_d09_075_b_4.jpg,T20_075,4,val,False,False
T20_d09_076_a_5.jpg,T20_076,5,train,False,False
T20_d09_076_b_5.jpg,T20_076,5,train,False,False
T20_d09_084_a_5.jpg,T20_084,5,train,False,False
T20_d09_084_b_5.jpg,T20_084,5,train,False,True
T20_d09_085_a_4.jpg,T20_085,4,test,False,False
T20_d09_085_b_4.jpg,T20_085,4,test,False,False
T20_d09_090_a_5.jpg,T20_090,5,train,False,True
T20_d09_090_b_5.jpg,T20_090,5,train,False,False
T20_d09_095_a_4.jpg,T20_095,4,train,False,False
T20_d09_095_b_4.jpg,T20_095,4,train,False,False
T20_d09_101_a_4.jpg,T20_101,4,train,True,False
T20_d09_101_b_4.jpg,T20_101,4,train,True,False
T20_d09_103_a_4.jpg,T20_103,4,train,False,False
T20_d09_103_b_4.jpg,T20_103,4,train,False,False
T20_d09_106_a_5.jpg,T20_106,5,train,False,False
T20_d09_106_b_5.jpg,T20_106,5,train,False,False
T20_d09_107_a_4.jpg,T20_107,4,train,False,False
T20_d09_107_b_4.jpg,T20_107,4,train,False,True
T20_d09_112_a_4.jpg,T20_112,4,train,False,False
T20_d09_112_b_4.jpg,T20_112,4,train,False,False
T20_d09_114_a_4.jpg,T20_114,4,train,False,False
T20_d09_114_b_4.jpg,T20_114,4,train,False,False
T20_d09_115_a_4.jpg,T20_115,4,train,False,False
T20_d09_115_b_4.jpg,T20_115,4,train,False,False
T20_d09_116_a_4.jpg,T20_116,4,train,True,False
T20_d09_116_b_4.jpg,T20_116,4,train,True,False
T20_d09_132_a_4.jpg,T20_132,4,train,False,False
T20_d09_132_b_4.jpg,T20_132,4,train,False,False
T20_d09_137_a_4.jpg,T20_137,4,train,False,False
T20_d09_137_b_4.jpg,T20_137,4,train,False,False
T20_d09_141_a_4.jpg,T20_141,4,test,False,False
T20_d09_141_b_4.jpg,T20_141,4,test,False,False
T20_d09_143_a_4.jpg,T20_143,4,train,False,False
T20_d09_143_b_4.jpg,T20_143,4,train,False,False
T20_d09_146_a_5.jpg,T20_146,5,train,False,False
T20_d09_146_b_5.jpg,T20_146,5,train,False,True
T20_d09_150_a_5.jpg,T20_150,5,train,False,False
T20_d09_150_b_5.jpg,T20_150,5,train,False,False
T20_d09_151_a_4.jpg,T20_151,4,val,False,False
T20_d09_151_b_4.jpg,T20_151,4,val,False,False
T20_d09_153_a_4.jpg,T20_153,4,val,False,False
T20_d09_153_b_4.jpg,T20_153,4,val,False,False
T20_d09_155_a_4.jpg,T20_155,4,train,False,False
T20_d09_155_b_4.jpg,T20_155,4,train,False,True
T20_d09_161_a_5.jpg,T20_161,5,test,False,False
T20_d09_161_b_5.jpg,T20_161,5,test,False,False
T20_d09_170_a_4.jpg,T20_170,4,train,False,False
T20_d09_170_b_4.jpg,T20_170,4,train,False,False
T20_d09_174_a_5.jpg,T20_174,5,train,False,False
T20_d09_174_b_5.jpg,T20_174,5,train,False,False
T20_d09_176_a_4.jpg,T20_176,4,val,False,False
T20_d09_176_b_4.jpg,T20_176,4,val,False,False
T20_d09_178_a_4.jpg,T20_178,4,train,True,False
T20_d09_178_b_4.jpg,T20_178,4,train,True,False
T20_d09_183_a_4.jpg,T20_183,4,train,False,False
T20_d09_183_b_4.jpg,T20_183,4,train,False,False
T20_d09_185_a_4.jpg,T20_185,4,train,False,False
T20_d09_185_b_4.jpg,T20_185,4,train,False,False
T20_d09_187_a_4.jpg,T20_187,4,train,False,False
T20_d09_187_b_4.jpg,T20_187,4,train,False,False
T20_d09_188_a_4.jpg,T20_188,4,train,False,False
T20_d09_188_b_4.jpg,T20_188,4,train,False,False
T20_d09_190_a_4.jpg,T20_190,4,test,False,False
T20_d09_190_b_4.jpg,T20_190,4,test,False,False
T20_d09_192_a_4.jpg,T20_192,4,train,True,False
T20_d09_192_b_4.jpg,T20_192,4,train,True,False
T20_d09_199_a_4.jpg,T20_199,4,val,False,False
T20_d09_199_b_4.jpg,T20_199,4,val,False,False
T20_d09_212_a_4.jpg,T20_212,4,train,False,False
T20_d09_212_b_4.jpg,T20_212,4,train,False,False
T20_d09_214_a_4.jpg,T20_214,4,train,False,False
T20_d09_214_b_4.jpg,T20_214,4,train,False,False
T20_d09_222_a_4.jpg,T20_222,4,train,False,False
T20_d09_222_b_4.jpg,T20_222,4,train,False,False
T20_d09_224_a_4.jpg,T20_224,4,val,False,False
T20_d09_224_b_4.jpg,T20_224,4,val,False,True
T20_d09_225_a_4.jpg,T20_225,4,train,False,False
T20_d09_225_b_4.jpg,T20_225,4,train,False,False
T20_d09_226_a_4.jpg,T20_226,4,train,False,False
T20_d09_226_b_4.jpg,T20_226,4,train,False,False
T20_d09_228_a_4.jpg,T20_228,4,test,False,False
T20_d09_228_b_4.jpg,T20_228,4,test,False,False
T20_d09_232_a_4.jpg,T20_232,4,train,True,False
T20_d09_232_b_4.jpg,T20_232,4,train,True,False
T20_d09_239_a_5.jpg,T20_239,5,val,False,False
T20_d09_239_b_5.jpg,T20_239,5,val,False,False
T20_d09_240_a_4.jpg,T20_240,4,test,False,False
T20_d09_240_b_4.jpg,T20_240,4,test,False,False
T20_d09_244_a_4.jpg,T20_244,4,train,False,False
T20_d09_244_b_4.jpg,T20_244,4,train,False,False
T20_d09_255_a_4.jpg,T20_255,4,train,False,False
T20_d09_255_b_4.jpg,T20_255,4,train,False,False
T20_d09_256_a_4.jpg,T20_256,4,train,False,True
T20_d09_256_b_4.jpg,T20_256,4,train,False,False
T20_d09_258_a_4.jpg,T20_258,4,train,False,False
T20_d09_258_b_4.jpg,T20_258,4,train,False,False
T20_d09_259_a_4.jpg,T20_259,4,train,False,False
T20_d09_259_b_4.jpg,T20_259,4,train,False,False
T20_d09_260_a_4.jpg,T20_260,4,train,False,False
T20_d09_260_b_4.jpg,T20_260,4,train,False,False
T20_d09_263_a_4.jpg,T20_263,4,train,False,False
T20_d09_263_b_4.jpg,T20_263,4,train,False,False
T20_d09_265_a_4.jpg,T20_265,4,train,False,False
T20_d09_265_b_4.jpg,T20_265,4,train,False,False
T20_d09_267_a_4.jpg,T20_267,4,train,False,False
T20_d09_267_b_4.jpg,T20_267,4,train,False,False
T20_d09_268_a_4.jpg,T20_268,4,train,False,False
T20_d09_268_b_4.jpg,T20_268,4,train,False,False
T20_d09_272_a_4.jpg,T20_272,4,train,False,True
T20_d09_272_b_4.jpg,T20_272,4,train,False,False
T20_d09_277_a_4.jpg,T20_277,4,train,False,False
T20_d09_277_b_4.jpg,T20_277,4,train,False,False
T20_d09_279_a_4.jpg,T20_279,4,test,False,False
T20_d09_279_b_4.jpg,T20_279,4,test,False,False
T20_d09_287_a_4.jpg,T20_287,4,train,False,False
T20_d09_287_b_4.jpg,T20_287,4,train,False,False
T20_d09_288_a_4.jpg,T20_288,4,train,False,True
T20_d09_288_b_4.jpg,T20_288,4,train,False,False
T20_d09_289_a_4.jpg,T20_289,4,test,False,False
T20_d09_289_b_4.jpg,T20_289,4,test,False,False
T20_d09_291_a_4.jpg,T20_291,4,val,False,False
T20_d09_291_b_4.jpg,T20_291,4,val,False,False
T20_d09_293_a_4.jpg,T20_293,4,train,False,False
T20_d09_293_b_4.jpg,T20_293,4,train,False,False
T20_d09_309_a_4.jpg,T20_309,4,val,False,False
T20_d09_309_b_4.jpg,T20_309,4,val,False,False
T20_d09_311_a_4.jpg,T20_311,4,train,False,False
T20_d09_311_b_4.jpg,T20_311,4,train,False,False
T20_d09_313_a_4.jpg,T20_313,4,test,False,False
T20_d09_313_b_4.jpg,T20_313,4,test,False,False
T20_d09_316_a_4.jpg,T20_316,4,train,False,False
T20_d09_316_b_4.jpg,T20_316,4,train,False,False
T20_d09_321_a_4.jpg,T20_321,4,val,False,False
T20_d09_321_b_4.jpg,T20_321,4,val,False,False
T20_d09_322_a_4.jpg,T20_322,4,train,False,False
T20_d09_322_b_4.jpg,T20_322,4,train,False,False
T20_d09_324_a_4.jpg,T20_324,4,train,False,False
T20_d09_324_b_4.jpg,T20_324,4,train,False,False
T20_d09_332_a_4.jpg,T20_332,4,train,False,False
T20_d09_332_b_4.jpg,T20_332,4,train,False,True
T20_d09_334_a_4.jpg,T20_334,4,val,False,True
T20_d09_334_b_4.jpg,T20_334,4,val,False,False
T20_d09_346_a_5.jpg,T20_346,5,train,False,False
T20_d09_346_b_5.jpg,T20_346,5,train,False,False
T20_d09_347_a_5.jpg,T20_347,5,train,False,False
T20_d09_347_b_5.jpg,T20_347,5,train,False,False
T20_d09_352_a_5.jpg,T20_352,5,train,True,False
T20_d09_352_b_5.jpg,T20_352,5,train,True,False
T20_d09_354_a_5.jpg,T20_354,5,train,False,False
T20_d09_354_b_5.jpg,T20_354,5,train,False,False
T20_d09_360_a_4.jpg,T20_360,4,test,False,False
T20_d09_360_b_4.jpg,T20_360,4,test,False,False
T20_d09_361_a_4.jpg,T20_361,4,train,True,False
T20_d09_361_b_4.jpg,T20_361,4,train,True,False
T20_d09_363_a_4.jpg,T20_363,4,val,False,False
T20_d09_363_b_4.jpg,T20_363,4,val,False,False
T20_d09_369_a_4.jpg,T20_369,4,train,False,False
T20_d09_369_b_4.jpg,T20_369,4,train,False,False
T20_d09_378_a_4.jpg,T20_378,4,train,False,False
T20_d09_378_b_4.jpg,T20_378,4,train,False,False
T20_d09_383_a_4.jpg,T20_383,4,val,False,False
T20_d09_383_b_4.jpg,T20_383,4,val,False,False
T20_d09_384_a_4.jpg,T20_384,4,train,False,False
T20_d09_384_b_4.jpg,T20_384,4,train,False,False
T20_d09_386_a_4.jpg,T20_386,4,train,False,False
T20_d09_386_b_4.jpg,T20_386,4,train,False,False
T20_d09_388_a_4.jpg,T20_388,4,train,False,False
T20_d09_388_b_4.jpg,T20_388,4,train,False,True
T20_d09_389_a_4.jpg,T20_389,4,train,False,False
T20_d09_389_b_4.jpg,T20_389,4,train,False,False
T20_d09_390_a_4.jpg,T20_390,4,train,False,False
T20_d09_390_b_4.jpg,T20_390,4,train,False,False
T20_d09_391_a_4.jpg,T20_391,4,train,False,False
T20_d09_391_b_4.jpg,T20_391,4,train,False,True
T20_d09_394_a_4.jpg,T20_394,4,train,True,False
T20_d09_394_b_4.jpg,T20_394,4,train,True,False
T20_d09_409_a_4.jpg,T20_409,4,train,False,False
T20_d09_409_b_4.jpg,T20_409,4,train,False,True
T20_d09_412_a_5.jpg,T20_412,5,train,True,False
T20_d09_412_b_5.jpg,T20_412,5,train,True,False
T20_d09_421_a_4.jpg,T20_421,4,train,False,True
T20_d09_421_b_4.jpg,T20_421,4,train,False,False
T20_d09_423_a_4.jpg,T20_423,4,train,False,False
T20_d09_423_b_4.jpg,T20_423,4,train,False,False
T20_d09_426_a_4.jpg,T20_426,4,train,False,False
T20_d09_426_b_4.jpg,T20_426,4,train,False,False
T20_d09_431_a_5.jpg,T20_431,5,train,False,False
T20_d09_431_b_5.jpg,T20_431,5,train,False,True
T20_d09_432_a_4.jpg,T20_432,4,val,True,False
T20_d09_432_b_4.jpg,T20_432,4,val,True,False
T20_d09_435_a_4.jpg,T20_435,4,train,False,False
T20_d09_435_b_4.jpg,T20_435,4,train,False,False
T20_d09_438_a_4.jpg,T20_438,4,train,False,False
T20_d09_438_b_4.jpg,T20_438,4,train,False,False
T20_d09_439_a_4.jpg,T20_439,4,train,False,False
T20_d09_439_b_4.jpg,T20_439,4,train,False,False
T20_d09_440_a_4.jpg,T20_440,4,train,True,False
T20_d09_440_b_4.jpg,T20_440,4,train,True,False
T20_d09_443_a_4.jpg,T20_443,4,train,False,False
T20_d09_443_b_4.jpg,T20_443,4,train,False,False
T20_d09_453_a_4.jpg,T20_453,4,val,False,False
T20_d09_453_b_4.jpg,T20_453,4,val,False,False
T20_d09_455_a_4.jpg,T20_455,4,train,True,False
T20_d09_455_b_4.jpg,T20_455,4,train,True,False
T20_d09_461_a_4.jpg,T20_461,4,train,False,False
T20_d09_461_b_4.jpg,T20_461,4,train,False,False
T20_d09_462_a_4.jpg,T20_462,4,test,False,True
T20_d09_462_b_4.jpg,T20_462,4,test,False,False
T20_d09_463_a_4.jpg,T20_463,4,train,False,False
T20_d09_463_b_4.jpg,T20_463,4,train,False,False
T20_d09_464_a_5.jpg,T20_464,5,train,False,False
T20_d09_464_b_5.jpg,T20_464,5,train,False,False
T20_d09_468_a_5.jpg,T20_468,5,test,False,True
T20_d09_468_b_5.jpg,T20_468,5,test,False,False
T20_d09_469_a_4.jpg,T20_469,4,train,False,False
T20_d09_469_b_4.jpg,T20_469,4,train,False,False
T20_d09_477_a_4.jpg,T20_477,4,train,False,False
T20_d09_477_b_4.jpg,T20_477,4,train,False,False
T20_d10_001_a_5.jpg,T20_001,5,train,False,True
T20_d10_001_b_5.jpg,T20_001,5,train,False,False
T20_d10_004_a_5.jpg,T20_004,5,train,False,True
T20_d10_004_b_5.jpg,T20_004,5,train,False,False
T20_d10_005_a_5.jpg,T20_005,5,train,False,False
T20_d10_005_b_5.jpg,T20_005,5,train,False,False
T20_d10_008_a_4.jpg,T20_008,4,train,False,False
T20_d10_008_b_4.jpg,T20_008,4,train,False,False
T20_d10_010_a_5.jpg,T20_010,5,val,False,False
T20_d10_010_b_5.jpg,T20_010,5,val,False,False
T20_d10_020_a_5.jpg,T20_020,5,test,False,False
T20_d10_020_b_5.jpg,T20_020,5,test,False,False
T20_d10_023_a_5.jpg,T20_023,5,train,True,False
T20_d10_023_b_5.jpg,T20_023,5,train,True,False
T20_d10_024_a_4.jpg,T20_024,4,test,True,False
T20_d10_024_b_4.jpg,T20_024,4,test,True,False
T20_d10_025_a_5.jpg,T20_025,5,train,False,False
T20_d10_025_b_5.jpg,T20_025,5,train,False,False
T20_d10_031_a_5.jpg,T20_031,5,train,True,False
T20_d10_031_b_5.jpg,T20_031,5,train,True,False
T20_d10_032_a_5.jpg,T20_032,5,train,False,False
T20_d10_032_b_5.jpg,T20_032,5,train,False,True
T20_d10_036_a_5.jpg,T20_036,5,train,True,False
T20_d10_036_b_5.jpg,T20_036,5,train,True,False
T20_d10_042_a_5.jpg,T20_042,5,train,False,False
T20_d10_042_b_5.jpg,T20_042,5,train,False,False
T20_d10_049_a_5.jpg,T20_049,5,train,False,False
T20_d10_049_b_5.jpg,T20_049,5,train,False,False
T20_d10_050_a_5.jpg,T20_050,5,train,False,True
T20_d10_050_b_5.jpg,T20_050,5,train,False,False
T20_d10_060_a_5.jpg,T20_060,5,train,False,True
T20_d10_060_b_5.jpg,T20_060,5,train,False,False
T20_d10_063_a_5.jpg,T20_063,5,val,False,False
T20_d10_063_b_5.jpg,T20_063,5,val,False,False
T20_d10_071_a_5.jpg,T20_071,5,train,False,True
T20_d10_071_b_5.jpg,T20_071,5,train,False,False
T20_d10_075_a_5.jpg,T20_075,5,val,False,False
T20_d10_075_b_5.jpg,T20_075,5,val,False,False
T20_d10_076_a_5.jpg,T20_076,5,train,False,False
T20_d10_076_b_5.jpg,T20_076,5,train,False,False
T20_d10_084_a_5.jpg,T20_084,5,train,False,False
T20_d10_084_b_5.jpg,T20_084,5,train,False,False
T20_d10_085_a_4.jpg,T20_085,4,test,False,False
T20_d10_085_b_4.jpg,T20_085,4,test,False,False
T20_d10_090_a_5.jpg,T20_090,5,train,False,False
T20_d10_090_b_5.jpg,T20_090,5,train,False,False
T20_d10_095_a_5.jpg,T20_095,5,train,False,False
T20_d10_095_b_5.jpg,T20_095,5,train,False,False
T20_d10_101_a_5.jpg,T20_101,5,train,True,False
T20_d10_101_b_5.jpg,T20_101,5,train,True,False
T20_d10_103_a_5.jpg,T20_103,5,train,False,False
T20_d10_103_b_5.jpg,T20_103,5,train,False,False
T20_d10_106_a_5.jpg,T20_106,5,train,False,False
T20_d10_106_b_5.jpg,T20_106,5,train,False,False
T20_d10_107_a_5.jpg,T20_107,5,train,False,False
T20_d10_107_b_5.jpg,T20_107,5,train,False,False
T20_d10_112_a_5.jpg,T20_112,5,train,False,False
T20_d10_112_b_5.jpg,T20_112,5,train,False,False
T20_d10_114_a_5.jpg,T20_114,5,train,False,False
T20_d10_114_b_5.jpg,T20_114,5,train,False,False
T20_d10_115_a_5.jpg,T20_115,5,train,False,False
T20_d10_115_b_5.jpg,T20_115,5,train,False,False
T20_d10_116_a_5.jpg,T20_116,5,train,True,False
T20_d10_116_b_5.jpg,T20_116,5,train,True,False
T20_d10_132_a_5.jpg,T20_132,5,train,False,False
T20_d10_132_b_5.jpg,T20_132,5,train,False,False
T20_d10_137_a_5.jpg,T20_137,5,train,False,False
T20_d10_137_b_5.jpg,T20_137,5,train,False,False
T20_d10_141_a_5.jpg,T20_141,5,test,False,True
T20_d10_141_b_5.jpg,T20_141,5,test,False,False
T20_d10_143_a_5.jpg,T20_143,5,train,False,False
T20_d10_143_b_5.jpg,T20_143,5,train,False,False
T20_d10_146_a_5.jpg,T20_146,5,train,False,False
T20_d10_146_b_5.jpg,T20_146,5,train,False,False
T20_d10_150_a_5.jpg,T20_150,5,train,False,False
T20_d10_150_b_5.jpg,T20_150,5,train,False,False
T20_d10_151_a_5.jpg,T20_151,5,val,False,False
T20_d10_151_b_5.jpg,T20_151,5,val,False,False
T20_d10_153_a_5.jpg,T20_153,5,val,False,False
T20_d10_153_b_5.jpg,T20_153,5,val,False,False
T20_d10_155_a_5.jpg,T20_155,5,train,False,False
T20_d10_155_b_5.jpg,T20_155,5,train,False,True
T20_d10_161_a_5.jpg,T20_161,5,test,False,False
T20_d10_161_b_5.jpg,T20_161,5,test,False,False
T20_d10_170_a_5.jpg,T20_170,5,train,False,False
T20_d10_170_b_5.jpg,T20_170,5,train,False,False
T20_d10_174_a_5.jpg,T20_174,5,train,False,False
T20_d10_174_b_5.jpg,T20_174,5,train,False,False
T20_d10_176_a_5.jpg,T20_176,5,val,False,False
T20_d10_176_b_5.jpg,T20_176,5,val,False,False
T20_d10_178_a_5.jpg,T20_178,5,train,True,False
T20_d10_178_b_5.jpg,T20_178,5,train,True,False
T20_d10_183_a_5.jpg,T20_183,5,train,False,False
T20_d10_183_b_5.jpg,T20_183,5,train,False,False
T20_d10_185_a_5.jpg,T20_185,5,train,False,False
T20_d10_185_b_5.jpg,T20_185,5,train,False,True
T20_d10_187_a_5.jpg,T20_187,5,train,False,False
T20_d10_187_b_5.jpg,T20_187,5,train,False,False
T20_d10_188_a_5.jpg,T20_188,5,train,False,False
T20_d10_188_b_5.jpg,T20_188,5,train,False,False
T20_d10_190_a_5.jpg,T20_190,5,test,False,False
T20_d10_190_b_5.jpg,T20_190,5,test,False,False
T20_d10_192_a_5.jpg,T20_192,5,train,True,False
T20_d10_192_b_5.jpg,T20_192,5,train,True,False
T20_d10_199_a_4.jpg,T20_199,4,val,False,False
T20_d10_199_b_4.jpg,T20_199,4,val,False,False
T20_d10_212_a_5.jpg,T20_212,5,train,False,True
T20_d10_212_b_5.jpg,T20_212,5,train,False,False
T20_d10_214_a_5.jpg,T20_214,5,train,False,False
T20_d10_214_b_5.jpg,T20_214,5,train,False,False
T20_d10_222_a_5.jpg,T20_222,5,train,False,False
T20_d10_222_b_5.jpg,T20_222,5,train,False,False
T20_d10_224_a_5.jpg,T20_224,5,val,False,False
T20_d10_224_b_5.jpg,T20_224,5,val,False,False
T20_d10_225_a_5.jpg,T20_225,5,train,False,False
T20_d10_225_b_5.jpg,T20_225,5,train,False,True
T20_d10_226_a_5.jpg,T20_226,5,train,False,False
T20_d10_226_b_5.jpg,T20_226,5,train,False,False
T20_d10_228_a_5.jpg,T20_228,5,test,False,False
T20_d10_228_b_5.jpg,T20_228,5,test,False,True
T20_d10_232_a_5.jpg,T20_232,5,train,True,False
T20_d10_232_b_5.jpg,T20_232,5,train,True,False
T20_d10_239_a_5.jpg,T20_239,5,val,False,False
T20_d10_239_b_5.jpg,T20_239,5,val,False,False
T20_d10_240_a_5.jpg,T20_240,5,test,False,False
T20_d10_240_b_5.jpg,T20_240,5,test,False,True
T20_d10_244_a_5.jpg,T20_244,5,train,False,False
T20_d10_244_b_5.jpg,T20_244,5,train,False,False
T20_d10_255_a_5.jpg,T20_255,5,train,False,False
T20_d10_255_b_5.jpg,T20_255,5,train,False,False
T20_d10_256_a_5.jpg,T20_256,5,train,False,False
T20_d10_256_b_5.jpg,T20_256,5,train,False,False
T20_d10_258_a_5.jpg,T20_258,5,train,False,False
T20_d10_258_b_5.jpg,T20_258,5,train,False,True
T20_d10_259_a_5.jpg,T20_259,5,train,False,False
T20_d10_259_b_5.jpg,T20_259,5,train,False,False
T20_d10_260_a_5.jpg,T20_260,5,train,False,False
T20_d10_260_b_5.jpg,T20_260,5,train,False,False
T20_d10_263_a_5.jpg,T20_263,5,train,False,False
T20_d10_263_b_5.jpg,T20_263,5,train,False,True
T20_d10_265_a_5.jpg,T20_265,5,train,False,False
T20_d10_265_b_5.jpg,T20_265,5,train,False,False
T20_d10_267_a_5.jpg,T20_267,5,train,False,False
T20_d10_267_b_5.jpg,T20_267,5,train,False,False
T20_d10_272_a_5.jpg,T20_272,5,train,False,False
T20_d10_272_b_5.jpg,T20_272,5,train,False,True
T20_d10_277_a_5.jpg,T20_277,5,train,False,False
T20_d10_277_b_5.jpg,T20_277,5,train,False,False
T20_d10_279_a_5.jpg,T20_279,5,test,False,False
T20_d10_279_b_5.jpg,T20_279,5,test,False,False
T20_d10_287_a_5.jpg,T20_287,5,train,False,False
T20_d10_287_b_5.jpg,T20_287,5,train,False,False
T20_d10_288_a_5.jpg,T20_288,5,train,False,False
T20_d10_288_b_5.jpg,T20_288,5,train,False,False
T20_d10_289_a_5.jpg,T20_289,5,test,False,False
T20_d10_289_b_5.jpg,T20_289,5,test,False,True
T20_d10_291_a_5.jpg,T20_291,5,val,False,False
T20_d10_291_b_5.jpg,T20_291,5,val,False,False
T20_d10_293_a_5.jpg,T20_293,5,train,False,False
T20_d10_293_b_5.jpg,T20_293,5,train,False,False
T20_d10_309_a_5.jpg,T20_309,5,val,False,False
T20_d10_309_b_5.jpg,T20_309,5,val,False,False
T20_d10_311_a_4.jpg,T20_311,4,train,False,True
T20_d10_311_b_4.jpg,T20_311,4,train,False,False
T20_d10_313_a_5.jpg,T20_313,5,test,False,False
T20_d10_313_b_5.jpg,T20_313,5,test,False,False
T20_d10_316_a_5.jpg,T20_316,5,train,False,False
T20_d10_316_b_5.jpg,T20_316,5,train,False,False
T20_d10_321_a_5.jpg,T20_321,5,val,False,False
T20_d10_321_b_5.jpg,T20_321,5,val,False,False
T20_d10_322_a_5.jpg,T20_322,5,train,False,False
T20_d10_322_b_5.jpg,T20_322,5,train,False,False
T20_d10_324_a_5.jpg,T20_324,5,train,False,False
T20_d10_324_b_5.jpg,T20_324,5,train,False,False
T20_d10_332_a_5.jpg,T20_332,5,train,False,False
T20_d10_332_b_5.jpg,T20_332,5,train,False,False
T20_d10_334_a_5.jpg,T20_334,5,val,False,True
T20_d10_334_b_5.jpg,T20_334,5,val,False,True
T20_d10_346_a_5.jpg,T20_346,5,train,False,False
T20_d10_346_b_5.jpg,T20_346,5,train,False,False
T20_d10_347_a_5.jpg,T20_347,5,train,False,False
T20_d10_347_b_5.jpg,T20_347,5,train,False,False
T20_d10_352_a_5.jpg,T20_352,5,train,True,False
T20_d10_352_b_5.jpg,T20_352,5,train,True,False
T20_d10_354_a_5.jpg,T20_354,5,train,False,False
T20_d10_354_b_5.jpg,T20_354,5,train,False,False
T20_d10_360_a_5.jpg,T20_360,5,test,False,False
T20_d10_360_b_5.jpg,T20_360,5,test,False,False
T20_d10_361_a_5.jpg,T20_361,5,train,True,False
T20_d10_361_b_5.jpg,T20_361,5,train,True,False
T20_d10_363_a_5.jpg,T20_363,5,val,False,False
T20_d10_363_b_5.jpg,T20_363,5,val,False,False
T20_d10_369_a_5.jpg,T20_369,5,train,False,False
T20_d10_369_b_5.jpg,T20_369,5,train,False,False
T20_d10_378_a_5.jpg,T20_378,5,train,False,False
T20_d10_378_b_5.jpg,T20_378,5,train,False,False
T20_d10_383_a_5.jpg,T20_383,5,val,False,False
T20_d10_383_b_5.jpg,T20_383,5,val,False,True
T20_d10_384_a_5.jpg,T20_384,5,train,False,False
T20_d10_384_b_5.jpg,T20_384,5,train,False,False
T20_d10_386_a_5.jpg,T20_386,5,train,False,False
T20_d10_386_b_5.jpg,T20_386,5,train,False,False
T20_d10_388_a_5.jpg,T20_388,5,train,False,False
T20_d10_388_b_5.jpg,T20_388,5,train,False,False
T20_d10_389_a_5.jpg,T20_389,5,train,False,False
T20_d10_389_b_5.jpg,T20_389,5,train,False,False
T20_d10_390_a_5.jpg,T20_390,5,train,False,False
T20_d10_390_b_5.jpg,T20_390,5,train,False,True
T20_d10_391_a_5.jpg,T20_391,5,train,False,False
T20_d10_391_b_5.jpg,T20_391,5,train,False,False
T20_d10_394_a_5.jpg,T20_394,5,train,True,False
T20_d10_394_b_5.jpg,T20_394,5,train,True,False
T20_d10_409_a_5.jpg,T20_409,5,train,False,False
T20_d10_409_b_5.jpg,T20_409,5,train,False,False
T20_d10_412_a_5.jpg,T20_412,5,train,True,False
T20_d10_412_b_5.jpg,T20_412,5,train,True,False
T20_d10_421_a_5.jpg,T20_421,5,train,False,False
T20_d10_421_b_5.jpg,T20_421,5,train,False,False
T20_d10_423_a_5.jpg,T20_423,5,train,False,False
T20_d10_423_b_5.jpg,T20_423,5,train,False,False
T20_d10_426_a_5.jpg,T20_426,5,train,False,False
T20_d10_426_b_5.jpg,T20_426,5,train,False,False
T20_d10_431_a_5.jpg,T20_431,5,train,False,False
T20_d10_431_b_5.jpg,T20_431,5,train,False,True
T20_d10_432_a_5.jpg,T20_432,5,val,True,False
T20_d10_432_b_5.jpg,T20_432,5,val,True,False
T20_d10_435_a_5.jpg,T20_435,5,train,False,False
T20_d10_435_b_5.jpg,T20_435,5,train,False,False
T20_d10_438_a_4.jpg,T20_438,4,train,False,False
T20_d10_438_b_4.jpg,T20_438,4,train,False,False
T20_d10_439_a_5.jpg,T20_439,5,train,False,False
T20_d10_439_b_5.jpg,T20_439,5,train,False,False
T20_d10_440_a_5.jpg,T20_440,5,train,True,False
T20_d10_440_b_5.jpg,T20_440,5,train,True,False
T20_d10_443_a_5.jpg,T20_443,5,train,False,False
T20_d10_443_b_5.jpg,T20_443,5,train,False,True
T20_d10_453_a_5.jpg,T20_453,5,val,False,False
T20_d10_453_b_5.jpg,T20_453,5,val,False,False
T20_d10_455_a_5.jpg,T20_455,5,train,True,False
T20_d10_455_b_5.jpg,T20_455,5,train,True,False
T20_d10_461_a_5.jpg,T20_461,5,train,False,False
T20_d10_461_b_5.jpg,T20_461,5,train,False,False
T20_d10_462_a_5.jpg,T20_462,5,test,False,False
T20_d10_462_b_5.jpg,T20_462,5,test,False,False
T20_d10_463_a_5.jpg,T20_463,5,train,False,False
T20_d10_463_b_5.jpg,T20_463,5,train,False,False
T20_d10_464_a_5.jpg,T20_464,5,train,False,False
T20_d10_464_b_5.jpg,T20_464,5,train,False,False
T20_d10_469_a_5.jpg,T20_469,5,train,False,False
T20_d10_469_b_5.jpg,T20_469,5,train,False,False
T20_d10_477_a_5.jpg,T20_477,5,train,False,False
T20_d10_477_b_5.jpg,T20_477,5,train,False,False
T20_d11_001_a_5.jpg,T20_001,5,train,False,False
T20_d11_001_b_5.jpg,T20_001,5,train,False,False
T20_d11_004_a_5.jpg,T20_004,5,train,False,False
T20_d11_004_b_5.jpg,T20_004,5,train,False,False
T20_d11_005_a_5.jpg,T20_005,5,train,False,False
T20_d11_005_b_5.jpg,T20_005,5,train,False,False
T20_d11_008_a_5.jpg,T20_008,5,train,False,False
T20_d11_008_b_5.jpg,T20_008,5,train,False,False
T20_d11_010_a_5.jpg,T20_010,5,val,False,False
T20_d11_010_b_5.jpg,T20_010,5,val,False,False
T20_d11_020_a_5.jpg,T20_020,5,test,False,False
T20_d11_020_b_5.jpg,T20_020,5,test,False,False
T20_d11_023_a_5.jpg,T20_023,5,train,True,False
T20_d11_023_b_5.jpg,T20_023,5,train,True,False
T20_d11_024_a_5.jpg,T20_024,5,test,True,False
T20_d11_024_b_5.jpg,T20_024,5,test,True,False
T20_d11_025_a_5.jpg,T20_025,5,train,False,False
T20_d11_025_b_5.jpg,T20_025,5,train,False,False
T20_d11_031_a_5.jpg,T20_031,5,train,True,False
T20_d11_031_b_5.jpg,T20_031,5,train,True,False
T20_d11_032_a_5.jpg,T20_032,5,train,False,False
T20_d11_032_b_5.jpg,T20_032,5,train,False,False
T20_d11_036_a_5.jpg,T20_036,5,train,True,False
T20_d11_036_b_5.jpg,T20_036,5,train,True,False
T20_d11_042_a_5.jpg,T20_042,5,train,False,False
T20_d11_042_b_5.jpg,T20_042,5,train,False,True
T20_d11_049_a_5.jpg,T20_049,5,train,False,False
T20_d11_049_b_5.jpg,T20_049,5,train,False,False
T20_d11_050_a_5.jpg,T20_050,5,train,False,False
T20_d11_050_b_5.jpg,T20_050,5,train,False,False
T20_d11_060_a_5.jpg,T20_060,5,train,False,False
T20_d11_060_b_5.jpg,T20_060,5,train,False,False
T20_d11_063_a_5.jpg,T20_063,5,val,False,False
T20_d11_063_b_5.jpg,T20_063,5,val,False,False
T20_d11_071_a_5.jpg,T20_071,5,train,False,False
T20_d11_071_b_5.jpg,T20_071,5,train,False,False
T20_d11_075_a_5.jpg,T20_075,5,val,False,True
T20_d11_075_b_5.jpg,T20_075,5,val,False,False
T20_d11_076_a_5.jpg,T20_076,5,train,False,False
T20_d11_076_b_5.jpg,T20_076,5,train,False,False
T20_d11_084_a_5.jpg,T20_084,5,train,False,False
T20_d11_084_b_5.jpg,T20_084,5,train,False,False
T20_d11_085_a_5.jpg,T20_085,5,test,False,False
T20_d11_085_b_5.jpg,T20_085,5,test,False,False
T20_d11_090_a_5.jpg,T20_090,5,train,False,False
T20_d11_090_b_5.jpg,T20_090,5,train,False,False
T20_d11_095_a_5.jpg,T20_095,5,train,False,False
T20_d11_095_b_5.jpg,T20_095,5,train,False,False
T20_d11_101_a_5.jpg,T20_101,5,train,True,False
T20_d11_101_b_5.jpg,T20_101,5,train,True,False
T20_d11_103_a_5.jpg,T20_103,5,train,False,False
T20_d11_103_b_5.jpg,T20_103,5,train,False,False
T20_d11_106_a_5.jpg,T20_106,5,train,False,False
T20_d11_106_b_5.jpg,T20_106,5,train,False,False
T20_d11_107_a_5.jpg,T20_107,5,train,False,False
T20_d11_107_b_5.jpg,T20_107,5,train,False,False
T20_d11_112_a_5.jpg,T20_112,5,train,False,False
T20_d11_112_b_5.jpg,T20_112,5,train,False,True
T20_d11_114_a_5.jpg,T20_114,5,train,False,False
T20_d11_114_b_5.jpg,T20_114,5,train,False,False
T20_d11_115_a_5.jpg,T20_115,5,train,False,False
T20_d11_115_b_5.jpg,T20_115,5,train,False,False
T20_d11_116_a_5.jpg,T20_116,5,train,True,False
T20_d11_116_b_5.jpg,T20_116,5,train,True,False
T20_d11_132_a_5.jpg,T20_132,5,train,False,False
T20_d11_132_b_5.jpg,T20_132,5,train,False,True
T20_d11_137_a_5.jpg,T20_137,5,train,False,False
T20_d11_137_b_5.jpg,T20_137,5,train,False,False
T20_d11_141_a_5.jpg,T20_141,5,test,False,False
T20_d11_141_b_5.jpg,T20_141,5,test,False,False
T20_d11_143_a_5.jpg,T20_143,5,train,False,False
T20_d11_143_b_5.jpg,T20_143,5,train,False,False
T20_d11_146_a_5.jpg,T20_146,5,train,False,False
T20_d11_146_b_5.jpg,T20_146,5,train,False,False
T20_d11_150_a_5.jpg,T20_150,5,train,False,False
T20_d11_150_b_5.jpg,T20_150,5,train,False,False
T20_d11_151_a_5.jpg,T20_151,5,val,False,False
T20_d11_151_b_5.jpg,T20_151,5,val,False,False
T20_d11_153_a_5.jpg,T20_153,5,val,False,True
T20_d11_153_b_5.jpg,T20_153,5,val,False,False
T20_d11_155_a_5.jpg,T20_155,5,train,False,False
T20_d11_155_b_5.jpg,T20_155,5,train,False,False
T20_d11_161_a_5.jpg,T20_161,5,test,False,True
T20_d11_161_b_5.jpg,T20_161,5,test,False,False
T20_d11_170_a_5.jpg,T20_170,5,train,False,False
T20_d11_170_b_5.jpg,T20_170,5,train,False,False
T20_d11_174_a_5.jpg,T20_174,5,train,False,False
T20_d11_174_b_5.jpg,T20_174,5,train,False,False
T20_d11_176_a_5.jpg,T20_176,5,val,False,True
T20_d11_176_b_5.jpg,T20_176,5,val,False,False
T20_d11_178_a_5.jpg,T20_178,5,train,True,False
T20_d11_178_b_5.jpg,T20_178,5,train,True,False
T20_d11_183_a_5.jpg,T20_183,5,train,False,False
T20_d11_183_b_5.jpg,T20_183,5,train,False,False
T20_d11_185_a_5.jpg,T20_185,5,train,False,False
T20_d11_185_b_5.jpg,T20_185,5,train,False,False
T20_d11_187_a_5.jpg,T20_187,5,train,False,False
T20_d11_187_b_5.jpg,T20_187,5,train,False,False
T20_d11_188_a_5.jpg,T20_188,5,train,False,False
T20_d11_188_b_5.jpg,T20_188,5,train,False,False
T20_d11_190_a_5.jpg,T20_190,5,test,False,True
T20_d11_190_b_5.jpg,T20_190,5,test,False,False
T20_d11_192_a_5.jpg,T20_192,5,train,True,False
T20_d11_192_b_5.jpg,T20_192,5,train,True,False
T20_d11_199_a_5.jpg,T20_199,5,val,False,False
T20_d11_199_b_5.jpg,T20_199,5,val,False,False
T20_d11_212_a_5.jpg,T20_212,5,train,False,False
T20_d11_212_b_5.jpg,T20_212,5,train,False,False
T20_d11_214_a_5.jpg,T20_214,5,train,False,False
T20_d11_214_b_5.jpg,T20_214,5,train,False,False
T20_d11_222_a_5.jpg,T20_222,5,train,False,False
T20_d11_222_b_5.jpg,T20_222,5,train,False,False
T20_d11_224_a_5.jpg,T20_224,5,val,False,False
T20_d11_224_b_5.jpg,T20_224,5,val,False,True
T20_d11_225_a_5.jpg,T20_225,5,train,False,False
T20_d11_225_b_5.jpg,T20_225,5,train,False,False
T20_d11_226_a_5.jpg,T20_226,5,train,False,False
T20_d11_226_b_5.jpg,T20_226,5,train,False,False
T20_d11_228_a_5.jpg,T20_228,5,test,False,False
T20_d11_228_b_5.jpg,T20_228,5,test,False,False
T20_d11_232_a_5.jpg,T20_232,5,train,True,False
T20_d11_232_b_5.jpg,T20_232,5,train,True,False
T20_d11_239_a_5.jpg,T20_239,5,val,False,False
T20_d11_239_b_5.jpg,T20_239,5,val,False,False
T20_d11_240_a_5.jpg,T20_240,5,test,False,False
T20_d11_240_b_5.jpg,T20_240,5,test,False,False
T20_d11_244_a_5.jpg,T20_244,5,train,False,False
T20_d11_244_b_5.jpg,T20_244,5,train,False,True
T20_d11_255_a_5.jpg,T20_255,5,train,False,False
T20_d11_255_b_5.jpg,T20_255,5,train,False,False
T20_d11_256_a_5.jpg,T20_256,5,train,False,False
T20_d11_256_b_5.jpg,T20_256,5,train,False,False
T20_d11_258_a_5.jpg,T20_258,5,train,False,False
T20_d11_258_b_5.jpg,T20_258,5,train,False,False
T20_d11_259_a_5.jpg,T20_259,5,train,False,False
T20_d11_259_b_5.jpg,T20_259,5,train,False,False
T20_d11_260_a_5.jpg,T20_260,5,train,False,False
T20_d11_260_b_5.jpg,T20_260,5,train,False,False
T20_d11_263_a_5.jpg,T20_263,5,train,False,False
T20_d11_263_b_5.jpg,T20_263,5,train,False,False
T20_d11_265_a_5.jpg,T20_265,5,train,False,False
T20_d11_265_b_5.jpg,T20_265,5,train,False,False
T20_d11_267_a_5.jpg,T20_267,5,train,False,False
T20_d11_267_b_5.jpg,T20_267,5,train,False,False
T20_d11_272_a_5.jpg,T20_272,5,train,False,False
T20_d11_272_b_5.jpg,T20_272,5,train,False,False
T20_d11_277_a_5.jpg,T20_277,5,train,False,False
T20_d11_277_b_5.jpg,T20_277,5,train,False,False
T20_d11_279_a_5.jpg,T20_279,5,test,False,False
T20_d11_279_b_5.jpg,T20_279,5,test,False,False
T20_d11_287_a_5.jpg,T20_287,5,train,False,False
T20_d11_287_b_5.jpg,T20_287,5,train,False,False
T20_d11_288_a_5.jpg,T20_288,5,train,False,False
T20_d11_288_b_5.jpg,T20_288,5,train,False,False
T20_d11_289_a_5.jpg,T20_289,5,test,False,False
T20_d11_289_b_5.jpg,T20_289,5,test,False,False
T20_d11_291_a_5.jpg,T20_291,5,val,False,False
T20_d11_291_b_5.jpg,T20_291,5,val,False,False
T20_d11_293_a_5.jpg,T20_293,5,train,False,True
T20_d11_293_b_5.jpg,T20_293,5,train,False,False
T20_d11_309_a_5.jpg,T20_309,5,val,False,False
T20_d11_309_b_5.jpg,T20_309,5,val,False,False
T20_d11_311_a_5.jpg,T20_311,5,train,False,False
T20_d11_311_b_5.jpg,T20_311,5,train,False,True
T20_d11_313_a_5.jpg,T20_313,5,test,False,False
T20_d11_313_b_5.jpg,T20_313,5,test,False,False
T20_d11_316_a_5.jpg,T20_316,5,train,False,False
T20_d11_316_b_5.jpg,T20_316,5,train,False,False
T20_d11_321_a_5.jpg,T20_321,5,val,False,False
T20_d11_321_b_5.jpg,T20_321,5,val,False,False
T20_d11_322_a_5.jpg,T20_322,5,train,False,False
T20_d11_322_b_5.jpg,T20_322,5,train,False,False
T20_d11_324_a_5.jpg,T20_324,5,train,False,False
T20_d11_324_b_5.jpg,T20_324,5,train,False,True
T20_d11_332_a_5.jpg,T20_332,5,train,False,False
T20_d11_332_b_5.jpg,T20_332,5,train,False,False
T20_d11_334_a_5.jpg,T20_334,5,val,False,False
T20_d11_334_b_5.jpg,T20_334,5,val,False,False
T20_d11_346_a_5.jpg,T20_346,5,train,False,False
T20_d11_346_b_5.jpg,T20_346,5,train,False,False
T20_d11_347_a_5.jpg,T20_347,5,train,False,False
T20_d11_347_b_5.jpg,T20_347,5,train,False,True
T20_d11_352_a_5.jpg,T20_352,5,train,True,False
T20_d11_352_b_5.jpg,T20_352,5,train,True,False
T20_d11_354_a_5.jpg,T20_354,5,train,False,True
T20_d11_354_b_5.jpg,T20_354,5,train,False,False
T20_d11_360_a_5.jpg,T20_360,5,test,False,False
T20_d11_360_b_5.jpg,T20_360,5,test,False,False
T20_d11_361_a_5.jpg,T20_361,5,train,True,False
T20_d11_361_b_5.jpg,T20_361,5,train,True,False
T20_d11_363_a_5.jpg,T20_363,5,val,False,False
T20_d11_363_b_5.jpg,T20_363,5,val,False,False
T20_d11_369_a_5.jpg,T20_369,5,train,False,True
T20_d11_369_b_5.jpg,T20_369,5,train,False,False
T20_d11_378_a_5.jpg,T20_378,5,train,False,False
T20_d11_378_b_5.jpg,T20_378,5,train,False,False
T20_d11_383_a_5.jpg,T20_383,5,val,False,False
T20_d11_383_b_5.jpg,T20_383,5,val,False,False
T20_d11_384_a_5.jpg,T20_384,5,train,False,False
T20_d11_384_b_5.jpg,T20_384,5,train,False,False
T20_d11_386_a_5.jpg,T20_386,5,train,False,False
T20_d11_386_b_5.jpg,T20_386,5,train,False,False
T20_d11_388_a_5.jpg,T20_388,5,train,False,False
T20_d11_388_b_5.jpg,T20_388,5,train,False,False
T20_d11_389_a_5.jpg,T20_389,5,train,False,False
T20_d11_389_b_5.jpg,T20_389,5,train,False,False
T20_d11_390_a_5.jpg,T20_390,5,train,False,False
T20_d11_390_b_5.jpg,T20_390,5,train,False,False
T20_d11_391_a_5.jpg,T20_391,5,train,False,False
T20_d11_391_b_5.jpg,T20_391,5,train,False,False
T20_d11_394_a_5.jpg,T20_394,5,train,True,False
T20_d11_394_b_5.jpg,T20_394,5,train,True,False
T20_d11_409_a_5.jpg,T20_409,5,train,False,False
T20_d11_409_b_5.jpg,T20_409,5,train,False,False
T20_d11_412_a_5.jpg,T20_412,5,train,True,False
T20_d11_412_b_5.jpg,T20_412,5,train,True,False
T20_d11_421_a_5.jpg,T20_421,5,train,False,False
T20_d11_421_b_5.jpg,T20_421,5,train,False,False
T20_d11_423_a_5.jpg,T20_423,5,train,False,False
T20_d11_423_b_5.jpg,T20_423,5,train,False,False
T20_d11_426_a_5.jpg,T20_426,5,train,False,False
T20_d11_426_b_5.jpg,T20_426,5,train,False,False
T20_d11_431_a_5.jpg,T20_431,5,train,False,False
T20_d11_431_b_5.jpg,T20_431,5,train,False,False
T20_d11_432_a_5.jpg,T20_432,5,val,True,False
T20_d11_432_b_5.jpg,T20_432,5,val,True,False
T20_d11_435_a_5.jpg,T20_435,5,train,False,False
T20_d11_435_b_5.jpg,T20_435,5,train,False,True
T20_d11_438_a_5.jpg,T20_438,5,train,False,False
T20_d11_438_b_5.jpg,T20_438,5,train,False,False
T20_d11_439_a_5.jpg,T20_439,5,train,False,False
T20_d11_439_b_5.jpg,T20_439,5,train,False,False
T20_d11_440_a_5.jpg,T20_440,5,train,True,False
T20_d11_440_b_5.jpg,T20_440,5,train,True,False
T20_d11_443_a_5.jpg,T20_443,5,train,False,False
T20_d11_443_b_5.jpg,T20_443,5,train,False,False
T20_d11_453_a_5.jpg,T20_453,5,val,False,False
T20_d11_453_b_5.jpg,T20_453,5,val,False,False
T20_d11_455_a_5.jpg,T20_455,5,train,True,False
T20_d11_455_b_5.jpg,T20_455,5,train,True,False
T20_d11_461_a_5.jpg,T20_461,5,train,False,False
T20_d11_461_b_5.jpg,T20_461,5,train,False,False
T20_d11_462_a_5.jpg,T20_462,5,test,False,False
T20_d11_462_b_5.jpg,T20_462,5,test,False,False
T20_d11_463_a_5.jpg,T20_463,5,train,False,False
T20_d11_463_b_5.jpg,T20_463,5,train,False,False
T20_d11_464_a_5.jpg,T20_464,5,train,False,False
T20_d11_464_b_5.jpg,T20_464,5,train,False,False
T20_d11_469_a_5.jpg,T20_469,5,train,False,False
T20_d11_469_b_5.jpg,T20_469,5,train,False,True
T20_d11_477_a_5.jpg,T20_477,5,train,False,False
T20_d11_477_b_5.jpg,T20_477,5,train,False,False
Tam_d01_009_a_1.jpg,Tam_009,1,train,False,False
Tam_d01_009_b_1.jpg,Tam_009,1,train,False,False
Tam_d01_016_a_1.jpg,Tam_016,1,val,True,False
Tam_d01_016_b_1.jpg,Tam_016,1,val,True,False
Tam_d01_017_a_1.jpg,Tam_017,1,train,True,False
Tam_d01_017_b_1.jpg,Tam_017,1,train,True,False
Tam_d01_019_a_1.jpg,Tam_019,1,val,False,False
Tam_d01_019_b_1.jpg,Tam_019,1,val,False,True
Tam_d01_028_a_1.jpg,Tam_028,1,train,False,False
Tam_d01_028_b_1.jpg,Tam_028,1,train,False,True
Tam_d01_030_a_1.jpg,Tam_030,1,train,True,False
Tam_d01_030_b_1.jpg,Tam_030,1,train,True,False
Tam_d01_039_a_1.jpg,Tam_039,1,train,False,False
Tam_d01_039_b_1.jpg,Tam_039,1,train,False,False
Tam_d01_051_a_1.jpg,Tam_051,1,train,False,False
Tam_d01_051_b_1.jpg,Tam_051,1,train,False,False
Tam_d01_052_a_1.jpg,Tam_052,1,val,True,False
Tam_d01_052_b_1.jpg,Tam_052,1,val,True,False
Tam_d01_053_a_1.jpg,Tam_053,1,train,False,False
Tam_d01_053_b_1.jpg,Tam_053,1,train,False,False
Tam_d01_056_a_1.jpg,Tam_056,1,val,True,False
Tam_d01_056_b_1.jpg,Tam_056,1,val,True,False
Tam_d01_057_a_1.jpg,Tam_057,1,train,True,False
Tam_d01_057_b_1.jpg,Tam_057,1,train,True,False
Tam_d01_059_a_1.jpg,Tam_059,1,train,False,False
Tam_d01_059_b_1.jpg,Tam_059,1,train,False,False
Tam_d01_062_a_1.jpg,Tam_062,1,val,False,False
Tam_d01_062_b_1.jpg,Tam_062,1,val,False,False
Tam_d01_064_a_1.jpg,Tam_064,1,train,True,False
Tam_d01_064_b_1.jpg,Tam_064,1,train,True,False
Tam_d01_066_a_1.jpg,Tam_066,1,train,True,False
Tam_d01_066_b_1.jpg,Tam_066,1,train,True,False
Tam_d01_068_a_1.jpg,Tam_068,1,val,False,False
Tam_d01_068_b_1.jpg,Tam_068,1,val,False,False
Tam_d01_070_a_1.jpg,Tam_070,1,val,False,False
Tam_d01_070_b_1.jpg,Tam_070,1,val,False,False
Tam_d01_073_a_1.jpg,Tam_073,1,val,False,False
Tam_d01_073_b_1.jpg,Tam_073,1,val,False,True
Tam_d01_074_a_1.jpg,Tam_074,1,train,False,False
Tam_d01_074_b_1.jpg,Tam_074,1,train,False,False
Tam_d01_077_a_1.jpg,Tam_077,1,val,True,False
Tam_d01_077_b_1.jpg,Tam_077,1,val,True,False
Tam_d01_078_a_1.jpg,Tam_078,1,test,False,True
Tam_d01_078_b_1.jpg,Tam_078,1,test,False,False
Tam_d01_079_a_1.jpg,Tam_079,1,val,False,False
Tam_d01_079_b_1.jpg,Tam_079,1,val,False,False
Tam_d01_086_a_1.jpg,Tam_086,1,val,True,False
Tam_d01_086_b_1.jpg,Tam_086,1,val,True,False
Tam_d01_088_a_1.jpg,Tam_088,1,val,False,False
Tam_d01_088_b_1.jpg,Tam_088,1,val,False,False
Tam_d01_102_a_1.jpg,Tam_102,1,train,False,False
Tam_d01_102_b_1.jpg,Tam_102,1,train,False,False
Tam_d01_105_a_1.jpg,Tam_105,1,train,False,False
Tam_d01_105_b_1.jpg,Tam_105,1,train,False,False
Tam_d01_117_a_1.jpg,Tam_117,1,train,False,False
Tam_d01_117_b_1.jpg,Tam_117,1,train,False,True
Tam_d01_119_a_1.jpg,Tam_119,1,train,False,False
Tam_d01_119_b_1.jpg,Tam_119,1,train,False,False
Tam_d01_121_a_1.jpg,Tam_121,1,train,False,False
Tam_d01_121_b_1.jpg,Tam_121,1,train,False,True
Tam_d01_124_a_1.jpg,Tam_124,1,train,False,False
Tam_d01_124_b_1.jpg,Tam_124,1,train,False,True
Tam_d01_126_a_1.jpg,Tam_126,1,test,False,False
Tam_d01_126_b_1.jpg,Tam_126,1,test,False,False
Tam_d01_134_a_1.jpg,Tam_134,1,train,True,False
Tam_d01_134_b_1.jpg,Tam_134,1,train,True,False
Tam_d01_135_a_1.jpg,Tam_135,1,test,False,False
Tam_d01_135_b_1.jpg,Tam_135,1,test,False,False
Tam_d01_139_a_1.jpg,Tam_139,1,test,True,False
Tam_d01_139_b_1.jpg,Tam_139,1,test,True,False
Tam_d01_140_a_1.jpg,Tam_140,1,test,False,False
Tam_d01_140_b_1.jpg,Tam_140,1,test,False,False
Tam_d01_142_a_1.jpg,Tam_142,1,train,False,False
Tam_d01_142_b_1.jpg,Tam_142,1,train,False,False
Tam_d01_144_a_1.jpg,Tam_144,1,train,False,True
Tam_d01_144_b_1.jpg,Tam_144,1,train,False,False
Tam_d01_147_a_1.jpg,Tam_147,1,train,False,False
Tam_d01_147_b_1.jpg,Tam_147,1,train,False,False
Tam_d01_154_a_1.jpg,Tam_154,1,train,False,False
Tam_d01_154_b_1.jpg,Tam_154,1,train,False,False
Tam_d01_157_a_1.jpg,Tam_157,1,train,False,False
Tam_d01_157_b_1.jpg,Tam_157,1,train,False,False
Tam_d01_158_a_1.jpg,Tam_158,1,train,False,True
Tam_d01_158_b_1.jpg,Tam_158,1,train,False,False
Tam_d01_159_a_1.jpg,Tam_159,1,train,False,False
Tam_d01_159_b_1.jpg,Tam_159,1,train,False,False
Tam_d01_160_a_1.jpg,Tam_160,1,train,False,False
Tam_d01_160_b_1.jpg,Tam_160,1,train,False,False
Tam_d01_164_a_1.jpg,Tam_164,1,test,False,False
Tam_d01_164_b_1.jpg,Tam_164,1,test,False,False
Tam_d01_169_a_1.jpg,Tam_169,1,train,False,False
Tam_d01_169_b_1.jpg,Tam_169,1,train,False,False
Tam_d01_171_a_1.jpg,Tam_171,1,train,False,False
Tam_d01_171_b_1.jpg,Tam_171,1,train,False,False
Tam_d01_173_a_1.jpg,Tam_173,1,val,False,False
Tam_d01_173_b_1.jpg,Tam_173,1,val,False,False
Tam_d01_175_a_1.jpg,Tam_175,1,val,False,False
Tam_d01_175_b_1.jpg,Tam_175,1,val,False,False
Tam_d01_179_a_1.jpg,Tam_179,1,train,False,False
Tam_d01_179_b_1.jpg,Tam_179,1,train,False,False
Tam_d01_182_a_1.jpg,Tam_182,1,train,False,True
Tam_d01_182_b_1.jpg,Tam_182,1,train,False,False
Tam_d01_184_a_1.jpg,Tam_184,1,val,False,False
Tam_d01_184_b_1.jpg,Tam_184,1,val,False,False
Tam_d01_189_a_1.jpg,Tam_189,1,train,False,False
Tam_d01_189_b_1.jpg,Tam_189,1,train,False,False
Tam_d01_191_a_1.jpg,Tam_191,1,train,False,False
Tam_d01_191_b_1.jpg,Tam_191,1,train,False,False
Tam_d01_195_a_1.jpg,Tam_195,1,train,False,False
Tam_d01_195_b_1.jpg,Tam_195,1,train,False,False
Tam_d01_197_a_1.jpg,Tam_197,1,val,False,False
Tam_d01_197_b_1.jpg,Tam_197,1,val,False,False
Tam_d01_198_a_1.jpg,Tam_198,1,train,False,False
Tam_d01_198_b_1.jpg,Tam_198,1,train,False,False
Tam_d01_200_a_1.jpg,Tam_200,1,train,False,False
Tam_d01_200_b_1.jpg,Tam_200,1,train,False,False
Tam_d01_201_a_1.jpg,Tam_201,1,val,False,False
Tam_d01_201_b_1.jpg,Tam_201,1,val,False,False
Tam_d01_203_a_1.jpg,Tam_203,1,test,True,False
Tam_d01_203_b_1.jpg,Tam_203,1,test,True,False
Tam_d01_205_a_1.jpg,Tam_205,1,train,False,False
Tam_d01_205_b_1.jpg,Tam_205,1,train,False,False
Tam_d01_207_a_1.jpg,Tam_207,1,train,True,False
Tam_d01_207_b_1.jpg,Tam_207,1,train,True,False
Tam_d01_208_a_1.jpg,Tam_208,1,train,False,False
Tam_d01_208_b_1.jpg,Tam_208,1,train,False,False
Tam_d01_209_a_1.jpg,Tam_209,1,test,False,False
Tam_d01_209_b_1.jpg,Tam_209,1,test,False,False
Tam_d01_210_a_1.jpg,Tam_210,1,train,False,False
Tam_d01_210_b_1.jpg,Tam_210,1,train,False,False
Tam_d01_216_a_1.jpg,Tam_216,1,train,False,False
Tam_d01_216_b_1.jpg,Tam_216,1,train,False,False
Tam_d01_218_a_1.jpg,Tam_218,1,train,False,True
Tam_d01_218_b_1.jpg,Tam_218,1,train,False,False
Tam_d01_230_a_1.jpg,Tam_230,1,val,False,False
Tam_d01_230_b_1.jpg,Tam_230,1,val,False,False
Tam_d01_231_a_1.jpg,Tam_231,1,test,False,False
Tam_d01_231_b_1.jpg,Tam_231,1,test,False,False
Tam_d01_235_a_1.jpg,Tam_235,1,train,True,False
Tam_d01_235_b_1.jpg,Tam_235,1,train,True,False
Tam_d01_238_a_1.jpg,Tam_238,1,test,False,False
Tam_d01_238_b_1.jpg,Tam_238,1,test,False,False
Tam_d01_241_a_1.jpg,Tam_241,1,train,False,False
Tam_d01_241_b_1.jpg,Tam_241,1,train,False,False
Tam_d01_242_a_1.jpg,Tam_242,1,train,False,False
Tam_d01_242_b_1.jpg,Tam_242,1,train,False,False
Tam_d01_246_a_1.jpg,Tam_246,1,train,True,False
Tam_d01_246_b_1.jpg,Tam_246,1,train,True,False
Tam_d01_247_a_1.jpg,Tam_247,1,train,False,False
Tam_d01_247_b_1.jpg,Tam_247,1,train,False,False
Tam_d01_248_a_1.jpg,Tam_248,1,train,False,False
Tam_d01_248_b_1.jpg,Tam_248,1,train,False,True
Tam_d01_249_a_1.jpg,Tam_249,1,train,False,False
Tam_d01_249_b_1.jpg,Tam_249,1,train,False,False
Tam_d01_251_a_1.jpg,Tam_251,1,train,False,False
Tam_d01_251_b_1.jpg,Tam_251,1,train,False,False
Tam_d01_257_a_1.jpg,Tam_257,1,train,False,False
Tam_d01_257_b_1.jpg,Tam_257,1,train,False,False
Tam_d01_261_a_1.jpg,Tam_261,1,train,False,False
Tam_d01_261_b_1.jpg,Tam_261,1,train,False,False
Tam_d01_264_a_1.jpg,Tam_264,1,val,True,False
Tam_d01_264_b_1.jpg,Tam_264,1,val,True,False
Tam_d01_270_a_1.jpg,Tam_270,1,train,False,False
Tam_d01_270_b_1.jpg,Tam_270,1,train,False,False
Tam_d01_271_a_1.jpg,Tam_271,1,train,True,False
Tam_d01_271_b_1.jpg,Tam_271,1,train,True,False
Tam_d01_273_a_1.jpg,Tam_273,1,train,False,False
Tam_d01_273_b_1.jpg,Tam_273,1,train,False,False
Tam_d01_278_a_1.jpg,Tam_278,1,train,False,False
Tam_d01_278_b_1.jpg,Tam_278,1,train,False,False
Tam_d01_280_a_1.jpg,Tam_280,1,train,False,False
Tam_d01_280_b_1.jpg,Tam_280,1,train,False,True
Tam_d01_281_a_1.jpg,Tam_281,1,test,False,False
Tam_d01_281_b_1.jpg,Tam_281,1,test,False,False
Tam_d01_285_a_1.jpg,Tam_285,1,train,False,False
Tam_d01_285_b_1.jpg,Tam_285,1,train,False,False
Tam_d01_286_a_1.jpg,Tam_286,1,val,True,False
Tam_d01_286_b_1.jpg,Tam_286,1,val,True,False
Tam_d01_297_a_1.jpg,Tam_297,1,train,False,False
Tam_d01_297_b_1.jpg,Tam_297,1,train,False,False
Tam_d01_299_a_1.jpg,Tam_299,1,train,False,False
Tam_d01_299_b_1.jpg,Tam_299,1,train,False,False
Tam_d01_301_a_1.jpg,Tam_301,1,val,False,False
Tam_d01_301_b_1.jpg,Tam_301,1,val,False,False
Tam_d01_302_a_1.jpg,Tam_302,1,train,False,False
Tam_d01_302_b_1.jpg,Tam_302,1,train,False,False
Tam_d01_303_a_1.jpg,Tam_303,1,train,False,False
Tam_d01_303_b_1.jpg,Tam_303,1,train,False,False
Tam_d01_304_a_1.jpg,Tam_304,1,train,False,False
Tam_d01_304_b_1.jpg,Tam_304,1,train,False,False
Tam_d01_307_a_1.jpg,Tam_307,1,train,False,True
Tam_d01_307_b_1.jpg,Tam_307,1,train,False,False
Tam_d01_308_a_1.jpg,Tam_308,1,train,False,False
Tam_d01_308_b_1.jpg,Tam_308,1,train,False,False
Tam_d01_312_a_1.jpg,Tam_312,1,train,False,False
Tam_d01_312_b_1.jpg,Tam_312,1,train,False,False
Tam_d01_318_a_1.jpg,Tam_318,1,train,False,False
Tam_d01_318_b_1.jpg,Tam_318,1,train,False,False
Tam_d01_319_a_1.jpg,Tam_319,1,train,False,False
Tam_d01_319_b_1.jpg,Tam_319,1,train,False,False
Tam_d01_320_a_1.jpg,Tam_320,1,train,True,False
Tam_d01_320_b_1.jpg,Tam_320,1,train,True,False
Tam_d01_323_a_1.jpg,Tam_323,1,train,False,True
Tam_d01_323_b_1.jpg,Tam_323,1,train,False,False
Tam_d01_329_a_1.jpg,Tam_329,1,train,False,False
Tam_d01_329_b_1.jpg,Tam_329,1,train,False,False
Tam_d01_335_a_1.jpg,Tam_335,1,train,True,False
Tam_d01_335_b_1.jpg,Tam_335,1,train,True,False
Tam_d01_339_a_1.jpg,Tam_339,1,test,False,False
Tam_d01_339_b_1.jpg,Tam_339,1,test,False,False
Tam_d01_340_a_1.jpg,Tam_340,1,val,False,False
Tam_d01_340_b_1.jpg,Tam_340,1,val,False,False
Tam_d01_341_a_1.jpg,Tam_341,1,val,False,False
Tam_d01_341_b_1.jpg,Tam_341,1,val,False,False
Tam_d01_342_a_1.jpg,Tam_342,1,train,False,False
Tam_d01_342_b_1.jpg,Tam_342,1,train,False,False
Tam_d01_343_a_1.jpg,Tam_343,1,train,False,False
Tam_d01_343_b_1.jpg,Tam_343,1,train,False,False
Tam_d01_344_a_1.jpg,Tam_344,1,test,False,False
Tam_d01_344_b_1.jpg,Tam_344,1,test,False,False
Tam_d01_345_a_1.jpg,Tam_345,1,val,False,False
Tam_d01_345_b_1.jpg,Tam_345,1,val,False,False
Tam_d01_348_a_1.jpg,Tam_348,1,train,False,False
Tam_d01_348_b_1.jpg,Tam_348,1,train,False,False
Tam_d01_356_a_1.jpg,Tam_356,1,train,False,False
Tam_d01_356_b_1.jpg,Tam_356,1,train,False,False
Tam_d01_362_a_1.jpg,Tam_362,1,test,False,False
Tam_d01_362_b_1.jpg,Tam_362,1,test,False,False
Tam_d01_364_a_1.jpg,Tam_364,1,val,False,False
Tam_d01_364_b_1.jpg,Tam_364,1,val,False,False
Tam_d01_370_a_1.jpg,Tam_370,1,train,False,False
Tam_d01_370_b_1.jpg,Tam_370,1,train,False,False
Tam_d01_374_a_1.jpg,Tam_374,1,test,False,False
Tam_d01_374_b_1.jpg,Tam_374,1,test,False,False
Tam_d01_379_a_1.jpg,Tam_379,1,train,False,True
Tam_d01_379_b_1.jpg,Tam_379,1,train,False,False
Tam_d01_380_a_1.jpg,Tam_380,1,train,False,False
Tam_d01_380_b_1.jpg,Tam_380,1,train,False,False
Tam_d01_396_a_1.jpg,Tam_396,1,test,False,False
Tam_d01_396_b_1.jpg,Tam_396,1,test,False,True
Tam_d01_397_a_1.jpg,Tam_397,1,val,False,False
Tam_d01_397_b_1.jpg,Tam_397,1,val,False,False
Tam_d01_403_a_1.jpg,Tam_403,1,val,False,False
Tam_d01_403_b_1.jpg,Tam_403,1,val,False,False
Tam_d01_404_a_1.jpg,Tam_404,1,train,False,False
Tam_d01_404_b_1.jpg,Tam_404,1,train,False,False
Tam_d01_407_a_1.jpg,Tam_407,1,val,False,False
Tam_d01_407_b_1.jpg,Tam_407,1,val,False,False
Tam_d01_416_a_1.jpg,Tam_416,1,test,False,False
Tam_d01_416_b_1.jpg,Tam_416,1,test,False,False
Tam_d01_417_a_1.jpg,Tam_417,1,train,False,False
Tam_d01_417_b_1.jpg,Tam_417,1,train,False,False
Tam_d01_419_a_1.jpg,Tam_419,1,train,False,False
Tam_d01_419_b_1.jpg,Tam_419,1,train,False,False
Tam_d01_424_a_1.jpg,Tam_424,1,val,False,False
Tam_d01_424_b_1.jpg,Tam_424,1,val,False,False
Tam_d01_427_a_1.jpg,Tam_427,1,train,False,False
Tam_d01_427_b_1.jpg,Tam_427,1,train,False,False
Tam_d01_428_a_1.jpg,Tam_428,1,val,False,False
Tam_d01_428_b_1.jpg,Tam_428,1,val,False,False
Tam_d01_434_a_1.jpg,Tam_434,1,train,False,False
Tam_d01_434_b_1.jpg,Tam_434,1,train,False,False
Tam_d01_436_a_1.jpg,Tam_436,1,train,False,False
Tam_d01_436_b_1.jpg,Tam_436,1,train,False,False
Tam_d01_437_a_1.jpg,Tam_437,1,val,True,False
Tam_d01_437_b_1.jpg,Tam_437,1,val,True,False
Tam_d01_441_a_1.jpg,Tam_441,1,train,False,False
Tam_d01_441_b_1.jpg,Tam_441,1,train,False,False
Tam_d01_456_a_1.jpg,Tam_456,1,train,True,False
Tam_d01_456_b_1.jpg,Tam_456,1,train,True,False
Tam_d01_457_a_1.jpg,Tam_457,1,train,False,False
Tam_d01_457_b_1.jpg,Tam_457,1,train,False,False
Tam_d01_460_a_1.jpg,Tam_460,1,val,True,False
Tam_d01_460_b_1.jpg,Tam_460,1,val,True,False
Tam_d01_465_a_1.jpg,Tam_465,1,test,True,False
Tam_d01_465_b_1.jpg,Tam_465,1,test,True,False
Tam_d01_466_a_1.jpg,Tam_466,1,train,True,False
Tam_d01_466_b_1.jpg,Tam_466,1,train,True,False
Tam_d01_467_a_1.jpg,Tam_467,1,train,False,False
Tam_d01_467_b_1.jpg,Tam_467,1,train,False,False
Tam_d01_472_a_1.jpg,Tam_472,1,test,False,False
Tam_d01_472_b_1.jpg,Tam_472,1,test,False,False
Tam_d01_473_a_1.jpg,Tam_473,1,val,False,False
Tam_d01_473_b_1.jpg,Tam_473,1,val,False,False
Tam_d01_474_a_1.jpg,Tam_474,1,val,False,False
Tam_d01_474_b_1.jpg,Tam_474,1,val,False,False
Tam_d02_009_a_2.jpg,Tam_009,2,train,False,False
Tam_d02_009_b_2.jpg,Tam_009,2,train,False,False
Tam_d02_016_a_2.jpg,Tam_016,2,val,True,False
Tam_d02_016_b_2.jpg,Tam_016,2,val,True,False
Tam_d02_017_a_2.jpg,Tam_017,2,train,True,False
Tam_d02_017_b_2.jpg,Tam_017,2,train,True,False
Tam_d02_019_a_1.jpg,Tam_019,1,val,False,False
Tam_d02_019_b_1.jpg,Tam_019,1,val,False,False
Tam_d02_028_a_2.jpg,Tam_028,2,train,False,False
Tam_d02_028_b_2.jpg,Tam_028,2,train,False,True
Tam_d02_030_a_2.jpg,Tam_030,2,train,True,False
Tam_d02_030_b_2.jpg,Tam_030,2,train,True,False
Tam_d02_039_a_2.jpg,Tam_039,2,train,False,False
Tam_d02_039_b_2.jpg,Tam_039,2,train,False,False
Tam_d02_051_a_1.jpg,Tam_051,1,train,False,False
Tam_d02_051_b_1.jpg,Tam_051,1,train,False,False
Tam_d02_053_a_2.jpg,Tam_053,2,train,False,False
Tam_d02_053_b_2.jpg,Tam_053,2,train,False,True
Tam_d02_057_a_2.jpg,Tam_057,2,train,True,False
Tam_d02_057_b_2.jpg,Tam_057,2,train,True,False
Tam_d02_059_a_1.jpg,Tam_059,1,train,False,False
Tam_d02_059_b_1.jpg,Tam_059,1,train,False,False
Tam_d02_062_a_2.jpg,Tam_062,2,val,False,False
Tam_d02_062_b_2.jpg,Tam_062,2,val,False,False
Tam_d02_064_a_2.jpg,Tam_064,2,train,True,False
Tam_d02_064_b_2.jpg,Tam_064,2,train,True,False
Tam_d02_066_a_2.jpg,Tam_066,2,train,True,False
Tam_d02_066_b_2.jpg,Tam_066,2,train,True,False
Tam_d02_068_a_1.jpg,Tam_068,1,val,False,False
Tam_d02_068_b_1.jpg,Tam_068,1,val,False,False
Tam_d02_070_a_1.jpg,Tam_070,1,val,False,False
Tam_d02_070_b_1.jpg,Tam_070,1,val,False,False
Tam_d02_073_a_2.jpg,Tam_073,2,val,False,False
Tam_d02_073_b_2.jpg,Tam_073,2,val,False,False
Tam_d02_074_a_1.jpg,Tam_074,1,train,False,False
Tam_d02_074_b_1.jpg,Tam_074,1,train,False,False
Tam_d02_077_a_1.jpg,Tam_077,1,val,True,False
Tam_d02_077_b_1.jpg,Tam_077,1,val,True,False
Tam_d02_078_a_2.jpg,Tam_078,2,test,False,False
Tam_d02_078_b_2.jpg,Tam_078,2,test,False,False
Tam_d02_079_a_2.jpg,Tam_079,2,val,False,False
Tam_d02_079_b_2.jpg,Tam_079,2,val,False,False
Tam_d02_086_a_1.jpg,Tam_086,1,val,True,False
Tam_d02_086_b_1.jpg,Tam_086,1,val,True,False
Tam_d02_088_a_1.jpg,Tam_088,1,val,False,False
Tam_d02_088_b_1.jpg,Tam_088,1,val,False,False
Tam_d02_102_a_1.jpg,Tam_102,1,train,False,False
Tam_d02_102_b_1.jpg,Tam_102,1,train,False,False
Tam_d02_105_a_1.jpg,Tam_105,1,train,False,False
Tam_d02_105_b_1.jpg,Tam_105,1,train,False,False
Tam_d02_119_a_1.jpg,Tam_119,1,train,False,False
Tam_d02_119_b_1.jpg,Tam_119,1,train,False,False
Tam_d02_121_a_1.jpg,Tam_121,1,train,False,False
Tam_d02_121_b_1.jpg,Tam_121,1,train,False,False
Tam_d02_124_a_1.jpg,Tam_124,1,train,False,False
Tam_d02_124_b_1.jpg,Tam_124,1,train,False,False
Tam_d02_126_a_1.jpg,Tam_126,1,test,False,False
Tam_d02_126_b_1.jpg,Tam_126,1,test,False,False
Tam_d02_134_a_2.jpg,Tam_134,2,train,True,False
Tam_d02_134_b_2.jpg,Tam_134,2,train,True,False
Tam_d02_135_a_2.jpg,Tam_135,2,test,False,False
Tam_d02_135_b_2.jpg,Tam_135,2,test,False,False
Tam_d02_139_a_2.jpg,Tam_139,2,test,True,False
Tam_d02_139_b_2.jpg,Tam_139,2,test,True,False
Tam_d02_140_a_2.jpg,Tam_140,2,test,False,False
Tam_d02_140_b_2.jpg,Tam_140,2,test,False,False
Tam_d02_142_a_2.jpg,Tam_142,2,train,False,True
Tam_d02_142_b_2.jpg,Tam_142,2,train,False,False
Tam_d02_144_a_2.jpg,Tam_144,2,train,False,False
Tam_d02_144_b_2.jpg,Tam_144,2,train,False,False
Tam_d02_147_a_1.jpg,Tam_147,1,train,False,False
Tam_d02_147_b_1.jpg,Tam_147,1,train,False,False
Tam_d02_154_a_1.jpg,Tam_154,1,train,False,False
Tam_d02_154_b_1.jpg,Tam_154,1,train,False,False
Tam_d02_157_a_2.jpg,Tam_157,2,train,False,False
Tam_d02_157_b_2.jpg,Tam_157,2,train,False,False
Tam_d02_158_a_1.jpg,Tam_158,1,train,False,False
Tam_d02_158_b_1.jpg,Tam_158,1,train,False,False
Tam_d02_159_a_1.jpg,Tam_159,1,train,False,False
Tam_d02_159_b_1.jpg,Tam_159,1,train,False,False
Tam_d02_160_a_2.jpg,Tam_160,2,train,False,False
Tam_d02_160_b_2.jpg,Tam_160,2,train,False,False
Tam_d02_164_a_1.jpg,Tam_164,1,test,False,True
Tam_d02_164_b_1.jpg,Tam_164,1,test,False,False
Tam_d02_169_a_1.jpg,Tam_169,1,train,False,False
Tam_d02_169_b_1.jpg,Tam_169,1,train,False,True
Tam_d02_171_a_1.jpg,Tam_171,1,train,False,False
Tam_d02_171_b_1.jpg,Tam_171,1,train,False,False
Tam_d02_173_a_1.jpg,Tam_173,1,val,False,False
Tam_d02_173_b_1.jpg,Tam_173,1,val,False,True
Tam_d02_175_a_1.jpg,Tam_175,1,val,False,False
Tam_d02_175_b_1.jpg,Tam_175,1,val,False,True
Tam_d02_179_a_2.jpg,Tam_179,2,train,False,False
Tam_d02_179_b_2.jpg,Tam_179,2,train,False,False
Tam_d02_182_a_1.jpg,Tam_182,1,train,False,False
Tam_d02_182_b_1.jpg,Tam_182,1,train,False,False
Tam_d02_184_a_1.jpg,Tam_184,1,val,False,False
Tam_d02_184_b_1.jpg,Tam_184,1,val,False,False
Tam_d02_189_a_2.jpg,Tam_189,2,train,False,False
Tam_d02_189_b_2.jpg,Tam_189,2,train,False,False
Tam_d02_191_a_2.jpg,Tam_191,2,train,False,False
Tam_d02_191_b_2.jpg,Tam_191,2,train,False,False
Tam_d02_195_a_1.jpg,Tam_195,1,train,False,False
Tam_d02_195_b_1.jpg,Tam_195,1,train,False,False
Tam_d02_197_a_1.jpg,Tam_197,1,val,False,False
Tam_d02_197_b_1.jpg,Tam_197,1,val,False,False
Tam_d02_198_a_2.jpg,Tam_198,2,train,False,False
Tam_d02_198_b_2.jpg,Tam_198,2,train,False,False
Tam_d02_200_a_1.jpg,Tam_200,1,train,False,False
Tam_d02_200_b_1.jpg,Tam_200,1,train,False,True
Tam_d02_201_a_1.jpg,Tam_201,1,val,False,False
Tam_d02_201_b_1.jpg,Tam_201,1,val,False,False
Tam_d02_203_a_1.jpg,Tam_203,1,test,True,False
Tam_d02_203_b_1.jpg,Tam_203,1,test,True,False
Tam_d02_205_a_1.jpg,Tam_205,1,train,False,False
Tam_d02_205_b_1.jpg,Tam_205,1,train,False,False
Tam_d02_208_a_2.jpg,Tam_208,2,train,False,False
Tam_d02_208_b_2.jpg,Tam_208,2,train,False,False
Tam_d02_209_a_1.jpg,Tam_209,1,test,False,True
Tam_d02_209_b_1.jpg,Tam_209,1,test,False,False
Tam_d02_210_a_1.jpg,Tam_210,1,train,False,False
Tam_d02_210_b_1.jpg,Tam_210,1,train,False,False
Tam_d02_216_a_2.jpg,Tam_216,2,train,False,False
Tam_d02_216_b_2.jpg,Tam_216,2,train,False,False
Tam_d02_218_a_2.jpg,Tam_218,2,train,False,False
Tam_d02_218_b_2.jpg,Tam_218,2,train,False,False
Tam_d02_230_a_1.jpg,Tam_230,1,val,False,False
Tam_d02_230_b_1.jpg,Tam_230,1,val,False,False
Tam_d02_231_a_2.jpg,Tam_231,2,test,False,False
Tam_d02_231_b_2.jpg,Tam_231,2,test,False,False
Tam_d02_238_a_2.jpg,Tam_238,2,test,False,False
Tam_d02_238_b_2.jpg,Tam_238,2,test,False,False
Tam_d02_241_a_1.jpg,Tam_241,1,train,False,False
Tam_d02_241_b_1.jpg,Tam_241,1,train,False,False
Tam_d02_242_a_2.jpg,Tam_242,2,train,False,False
Tam_d02_242_b_2.jpg,Tam_242,2,train,False,False
Tam_d02_246_a_2.jpg,Tam_246,2,train,True,False
Tam_d02_246_b_2.jpg,Tam_246,2,train,True,False
Tam_d02_247_a_1.jpg,Tam_247,1,train,False,False
Tam_d02_247_b_1.jpg,Tam_247,1,train,False,False
Tam_d02_248_a_2.jpg,Tam_248,2,train,False,False
Tam_d02_248_b_2.jpg,Tam_248,2,train,False,False
Tam_d02_249_a_2.jpg,Tam_249,2,train,False,False
Tam_d02_249_b_2.jpg,Tam_249,2,train,False,False
Tam_d02_251_a_2.jpg,Tam_251,2,train,False,False
Tam_d02_251_b_2.jpg,Tam_251,2,train,False,True
Tam_d02_257_a_2.jpg,Tam_257,2,train,False,False
Tam_d02_257_b_2.jpg,Tam_257,2,train,False,False
Tam_d02_261_a_2.jpg,Tam_261,2,train,False,False
Tam_d02_261_b_2.jpg,Tam_261,2,train,False,False
Tam_d02_264_a_2.jpg,Tam_264,2,val,True,False
Tam_d02_264_b_2.jpg,Tam_264,2,val,True,False
Tam_d02_270_a_1.jpg,Tam_270,1,train,False,False
Tam_d02_270_b_1.jpg,Tam_270,1,train,False,False
Tam_d02_273_a_1.jpg,Tam_273,1,train,False,False
Tam_d02_273_b_1.jpg,Tam_273,1,train,False,False
Tam_d02_278_a_2.jpg,Tam_278,2,train,False,False
Tam_d02_278_b_2.jpg,Tam_278,2,train,False,True
Tam_d02_280_a_1.jpg,Tam_280,1,train,False,False
Tam_d02_280_b_1.jpg,Tam_280,1,train,False,False
Tam_d02_281_a_1.jpg,Tam_281,1,test,False,False
Tam_d02_281_b_1.jpg,Tam_281,1,test,False,False
Tam_d02_285_a_2.jpg,Tam_285,2,train,False,False
Tam_d02_285_b_2.jpg,Tam_285,2,train,False,False
Tam_d02_286_a_1.jpg,Tam_286,1,val,True,False
Tam_d02_286_b_1.jpg,Tam_286,1,val,True,False
Tam_d02_297_a_2.jpg,Tam_297,2,train,False,False
Tam_d02_297_b_2.jpg,Tam_297,2,train,False,False
Tam_d02_299_a_1.jpg,Tam_299,1,train,False,False
Tam_d02_299_b_1.jpg,Tam_299,1,train,False,False
Tam_d02_301_a_1.jpg,Tam_301,1,val,False,False
Tam_d02_301_b_1.jpg,Tam_301,1,val,False,False
Tam_d02_302_a_2.jpg,Tam_302,2,train,False,False
Tam_d02_302_b_2.jpg,Tam_302,2,train,False,False
Tam_d02_303_a_2.jpg,Tam_303,2,train,False,True
Tam_d02_303_b_2.jpg,Tam_303,2,train,False,False
Tam_d02_304_a_1.jpg,Tam_304,1,train,False,False
Tam_d02_304_b_1.jpg,Tam_304,1,train,False,False
Tam_d02_307_a_1.jpg,Tam_307,1,train,False,False
Tam_d02_307_b_1.jpg,Tam_307,1,train,False,False
Tam_d02_308_a_2.jpg,Tam_308,2,train,False,False
Tam_d02_308_b_2.jpg,Tam_308,2,train,False,False
Tam_d02_312_a_1.jpg,Tam_312,1,train,False,False
Tam_d02_312_b_1.jpg,Tam_312,1,train,False,False
Tam_d02_318_a_1.jpg,Tam_318,1,train,False,False
Tam_d02_318_b_1.jpg,Tam_318,1,train,False,False
Tam_d02_319_a_1.jpg,Tam_319,1,train,False,False
Tam_d02_319_b_1.jpg,Tam_319,1,train,False,False
Tam_d02_320_a_1.jpg,Tam_320,1,train,True,False
Tam_d02_320_b_1.jpg,Tam_320,1,train,True,False
Tam_d02_323_a_2.jpg,Tam_323,2,train,False,True
Tam_d02_323_b_2.jpg,Tam_323,2,train,False,False
Tam_d02_329_a_2.jpg,Tam_329,2,train,False,False
Tam_d02_329_b_2.jpg,Tam_329,2,train,False,True
Tam_d02_335_a_1.jpg,Tam_335,1,train,True,False
Tam_d02_335_b_1.jpg,Tam_335,1,train,True,False
Tam_d02_339_a_1.jpg,Tam_339,1,test,False,False
Tam_d02_339_b_1.jpg,Tam_339,1,test,False,False
Tam_d02_340_a_1.jpg,Tam_340,1,val,False,False
Tam_d02_340_b_1.jpg,Tam_340,1,val,False,False
Tam_d02_341_a_2.jpg,Tam_341,2,val,False,False
Tam_d02_341_b_2.jpg,Tam_341,2,val,False,False
Tam_d02_342_a_1.jpg,Tam_342,1,train,False,False
Tam_d02_342_b_1.jpg,Tam_342,1,train,False,False
Tam_d02_343_a_2.jpg,Tam_343,2,train,False,False
Tam_d02_343_b_2.jpg,Tam_343,2,train,False,True
Tam_d02_344_a_2.jpg,Tam_344,2,test,False,False
Tam_d02_344_b_2.jpg,Tam_344,2,test,False,False
Tam_d02_345_a_1.jpg,Tam_345,1,val,False,False
Tam_d02_345_b_1.jpg,Tam_345,1,val,False,True
Tam_d02_348_a_2.jpg,Tam_348,2,train,False,False
Tam_d02_348_b_2.jpg,Tam_348,2,train,False,False
Tam_d02_356_a_2.jpg,Tam_356,2,train,False,False
Tam_d02_356_b_2.jpg,Tam_356,2,train,False,True
Tam_d02_362_a_1.jpg,Tam_362,1,test,False,False
Tam_d02_362_b_1.jpg,Tam_362,1,test,False,False
Tam_d02_364_a_1.jpg,Tam_364,1,val,False,False
Tam_d02_364_b_1.jpg,Tam_364,1,val,False,False
Tam_d02_370_a_2.jpg,Tam_370,2,train,False,False
Tam_d02_370_b_2.jpg,Tam_370,2,train,False,False
Tam_d02_374_a_1.jpg,Tam_374,1,test,False,False
Tam_d02_374_b_1.jpg,Tam_374,1,test,False,False
Tam_d02_379_a_1.jpg,Tam_379,1,train,False,False
Tam_d02_379_b_1.jpg,Tam_379,1,train,False,False
Tam_d02_380_a_2.jpg,Tam_380,2,train,False,True
Tam_d02_380_b_2.jpg,Tam_380,2,train,False,False
Tam_d02_396_a_1.jpg,Tam_396,1,test,False,False
Tam_d02_396_b_1.jpg,Tam_396,1,test,False,True
Tam_d02_397_a_2.jpg,Tam_397,2,val,False,False
Tam_d02_397_b_2.jpg,Tam_397,2,val,False,False
Tam_d02_403_a_2.jpg,Tam_403,2,val,False,False
Tam_d02_403_b_2.jpg,Tam_403,2,val,False,False
Tam_d02_404_a_1.jpg,Tam_404,1,train,False,False
Tam_d02_404_b_1.jpg,Tam_404,1,train,False,False
Tam_d02_407_a_1.jpg,Tam_407,1,val,False,False
Tam_d02_407_b_1.jpg,Tam_407,1,val,False,False
Tam_d02_416_a_1.jpg,Tam_416,1,test,False,False
Tam_d02_416_b_1.jpg,Tam_416,1,test,False,False
Tam_d02_417_a_1.jpg,Tam_417,1,train,False,False
Tam_d02_417_b_1.jpg,Tam_417,1,train,False,False
Tam_d02_419_a_1.jpg,Tam_419,1,train,False,False
Tam_d02_419_b_1.jpg,Tam_419,1,train,False,False
Tam_d02_424_a_1.jpg,Tam_424,1,val,False,False
Tam_d02_424_b_1.jpg,Tam_424,1,val,False,False
Tam_d02_427_a_2.jpg,Tam_427,2,train,False,False
Tam_d02_427_b_2.jpg,Tam_427,2,train,False,False
Tam_d02_428_a_1.jpg,Tam_428,1,val,False,False
Tam_d02_428_b_1.jpg,Tam_428,1,val,False,False
Tam_d02_434_a_1.jpg,Tam_434,1,train,False,False
Tam_d02_434_b_1.jpg,Tam_434,1,train,False,False
Tam_d02_436_a_2.jpg,Tam_436,2,train,False,False
Tam_d02_436_b_2.jpg,Tam_436,2,train,False,False
Tam_d02_437_a_2.jpg,Tam_437,2,val,True,False
Tam_d02_437_b_2.jpg,Tam_437,2,val,True,False
Tam_d02_441_a_2.jpg,Tam_441,2,train,False,True
Tam_d02_441_b_2.jpg,Tam_441,2,train,False,False
Tam_d02_456_a_2.jpg,Tam_456,2,train,True,False
Tam_d02_456_b_2.jpg,Tam_456,2,train,True,False
Tam_d02_457_a_2.jpg,Tam_457,2,train,False,False
Tam_d02_457_b_2.jpg,Tam_457,2,train,False,True
Tam_d02_460_a_1.jpg,Tam_460,1,val,True,False
Tam_d02_460_b_1.jpg,Tam_460,1,val,True,False
Tam_d02_465_a_1.jpg,Tam_465,1,test,True,False
Tam_d02_465_b_1.jpg,Tam_465,1,test,True,False
Tam_d02_466_a_2.jpg,Tam_466,2,train,True,False
Tam_d02_466_b_2.jpg,Tam_466,2,train,True,False
Tam_d02_467_a_2.jpg,Tam_467,2,train,False,False
Tam_d02_467_b_2.jpg,Tam_467,2,train,False,False
Tam_d02_472_a_2.jpg,Tam_472,2,test,False,False
Tam_d02_472_b_2.jpg,Tam_472,2,test,False,False
Tam_d02_473_a_1.jpg,Tam_473,1,val,False,False
Tam_d02_473_b_1.jpg,Tam_473,1,val,False,True
Tam_d02_474_a_1.jpg,Tam_474,1,val,False,False
Tam_d02_474_b_1.jpg,Tam_474,1,val,False,False
Tam_d03_009_a_2.jpg,Tam_009,2,train,False,False
Tam_d03_009_b_2.jpg,Tam_009,2,train,False,False
Tam_d03_016_a_2.jpg,Tam_016,2,val,True,False
Tam_d03_016_b_2.jpg,Tam_016,2,val,True,False
Tam_d03_017_a_2.jpg,Tam_017,2,train,True,False
Tam_d03_017_b_2.jpg,Tam_017,2,train,True,False
Tam_d03_019_a_2.jpg,Tam_019,2,val,False,False
Tam_d03_019_b_2.jpg,Tam_019,2,val,False,False
Tam_d03_028_a_2.jpg,Tam_028,2,train,False,False
Tam_d03_028_b_2.jpg,Tam_028,2,train,False,False
Tam_d03_030_a_2.jpg,Tam_030,2,train,True,False
Tam_d03_030_b_2.jpg,Tam_030,2,train,True,False
Tam_d03_039_a_2.jpg,Tam_039,2,train,False,False
Tam_d03_039_b_2.jpg,Tam_039,2,train,False,False
Tam_d03_051_a_2.jpg,Tam_051,2,train,False,True
Tam_d03_051_b_2.jpg,Tam_051,2,train,False,False
Tam_d03_052_a_2.jpg,Tam_052,2,val,True,False
Tam_d03_052_b_2.jpg,Tam_052,2,val,True,False
Tam_d03_053_a_2.jpg,Tam_053,2,train,False,False
Tam_d03_053_b_2.jpg,Tam_053,2,train,False,False
Tam_d03_057_a_2.jpg,Tam_057,2,train,True,False
Tam_d03_057_b_2.jpg,Tam_057,2,train,True,False
Tam_d03_059_a_1.jpg,Tam_059,1,train,False,False
Tam_d03_059_b_1.jpg,Tam_059,1,train,False,False
Tam_d03_062_a_2.jpg,Tam_062,2,val,False,False
Tam_d03_062_b_2.jpg,Tam_062,2,val,False,False
Tam_d03_064_a_2.jpg,Tam_064,2,train,True,False
Tam_d03_064_b_2.jpg,Tam_064,2,train,True,False
Tam_d03_066_a_2.jpg,Tam_066,2,train,True,False
Tam_d03_066_b_2.jpg,Tam_066,2,train,True,False
Tam_d03_068_a_2.jpg,Tam_068,2,val,False,True
Tam_d03_068_b_2.jpg,Tam_068,2,val,False,False
Tam_d03_070_a_2.jpg,Tam_070,2,val,False,False
Tam_d03_070_b_2.jpg,Tam_070,2,val,False,False
Tam_d03_073_a_2.jpg,Tam_073,2,val,False,False
Tam_d03_073_b_2.jpg,Tam_073,2,val,False,False
Tam_d03_074_a_1.jpg,Tam_074,1,train,False,False
Tam_d03_074_b_1.jpg,Tam_074,1,train,False,False
Tam_d03_077_a_2.jpg,Tam_077,2,val,True,False
Tam_d03_077_b_2.jpg,Tam_077,2,val,True,False
Tam_d03_078_a_2.jpg,Tam_078,2,test,False,False
Tam_d03_078_b_2.jpg,Tam_078,2,test,False,False
Tam_d03_079_a_2.jpg,Tam_079,2,val,False,False
Tam_d03_079_b_2.jpg,Tam_079,2,val,False,False
Tam_d03_086_a_1.jpg,Tam_086,1,val,True,False
Tam_d03_086_b_1.jpg,Tam_086,1,val,True,False
Tam_d03_088_a_2.jpg,Tam_088,2,val,False,True
Tam_d03_088_b_2.jpg,Tam_088,2,val,False,True
Tam_d03_102_a_1.jpg,Tam_102,1,train,False,False
Tam_d03_102_b_1.jpg,Tam_102,1,train,False,True
Tam_d03_105_a_2.jpg,Tam_105,2,train,False,False
Tam_d03_105_b_2.jpg,Tam_105,2,train,False,False
Tam_d03_119_a_2.jpg,Tam_119,2,train,False,False
Tam_d03_119_b_2.jpg,Tam_119,2,train,False,True
Tam_d03_121_a_1.jpg,Tam_121,1,train,False,False
Tam_d03_121_b_1.jpg,Tam_121,1,train,False,False
Tam_d03_124_a_2.jpg,Tam_124,2,train,False,True
Tam_d03_124_b_2.jpg,Tam_124,2,train,False,False
Tam_d03_126_a_2.jpg,Tam_126,2,test,False,False
Tam_d03_126_b_2.jpg,Tam_126,2,test,False,False
Tam_d03_134_a_2.jpg,Tam_134,2,train,True,False
Tam_d03_134_b_2.jpg,Tam_134,2,train,True,False
Tam_d03_135_a_2.jpg,Tam_135,2,test,False,False
Tam_d03_135_b_2.jpg,Tam_135,2,test,False,False
Tam_d03_139_a_2.jpg,Tam_139,2,test,True,False
Tam_d03_139_b_2.jpg,Tam_139,2,test,True,False
Tam_d03_140_a_2.jpg,Tam_140,2,test,False,False
Tam_d03_140_b_2.jpg,Tam_140,2,test,False,False
Tam_d03_142_a_2.jpg,Tam_142,2,train,False,False
Tam_d03_142_b_2.jpg,Tam_142,2,train,False,False
Tam_d03_144_a_2.jpg,Tam_144,2,train,False,False
Tam_d03_144_b_2.jpg,Tam_144,2,train,False,False
Tam_d03_147_a_2.jpg,Tam_147,2,train,False,False
Tam_d03_147_b_2.jpg,Tam_147,2,train,False,False
Tam_d03_154_a_2.jpg,Tam_154,2,train,False,False
Tam_d03_154_b_2.jpg,Tam_154,2,train,False,False
Tam_d03_157_a_2.jpg,Tam_157,2,train,False,False
Tam_d03_157_b_2.jpg,Tam_157,2,train,False,False
Tam_d03_158_a_1.jpg,Tam_158,1,train,False,False
Tam_d03_158_b_1.jpg,Tam_158,1,train,False,False
Tam_d03_159_a_2.jpg,Tam_159,2,train,False,False
Tam_d03_159_b_2.jpg,Tam_159,2,train,False,False
Tam_d03_160_a_2.jpg,Tam_160,2,train,False,False
Tam_d03_160_b_2.jpg,Tam_160,2,train,False,False
Tam_d03_164_a_2.jpg,Tam_164,2,test,False,False
Tam_d03_164_b_2.jpg,Tam_164,2,test,False,False
Tam_d03_169_a_1.jpg,Tam_169,1,train,False,False
Tam_d03_169_b_1.jpg,Tam_169,1,train,False,False
Tam_d03_171_a_1.jpg,Tam_171,1,train,False,False
Tam_d03_171_b_1.jpg,Tam_171,1,train,False,False
Tam_d03_173_a_2.jpg,Tam_173,2,val,False,False
Tam_d03_173_b_2.jpg,Tam_173,2,val,False,False
Tam_d03_175_a_2.jpg,Tam_175,2,val,False,False
Tam_d03_175_b_2.jpg,Tam_175,2,val,False,True
Tam_d03_179_a_2.jpg,Tam_179,2,train,False,False
Tam_d03_179_b_2.jpg,Tam_179,2,train,False,False
Tam_d03_182_a_2.jpg,Tam_182,2,train,False,False
Tam_d03_182_b_2.jpg,Tam_182,2,train,False,False
Tam_d03_184_a_1.jpg,Tam_184,1,val,False,False
Tam_d03_184_b_1.jpg,Tam_184,1,val,False,True
Tam_d03_189_a_2.jpg,Tam_189,2,train,False,False
Tam_d03_189_b_2.jpg,Tam_189,2,train,False,False
Tam_d03_191_a_2.jpg,Tam_191,2,train,False,False
Tam_d03_191_b_2.jpg,Tam_191,2,train,False,False
Tam_d03_195_a_2.jpg,Tam_195,2,train,False,False
Tam_d03_195_b_2.jpg,Tam_195,2,train,False,False
Tam_d03_197_a_2.jpg,Tam_197,2,val,False,False
Tam_d03_197_b_2.jpg,Tam_197,2,val,False,False
Tam_d03_198_a_2.jpg,Tam_198,2,train,False,False
Tam_d03_198_b_2.jpg,Tam_198,2,train,False,False
Tam_d03_200_a_1.jpg,Tam_200,1,train,False,False
Tam_d03_200_b_1.jpg,Tam_200,1,train,False,False
Tam_d03_201_a_2.jpg,Tam_201,2,val,False,True
Tam_d03_201_b_2.jpg,Tam_201,2,val,False,True
Tam_d03_203_a_2.jpg,Tam_203,2,test,True,False
Tam_d03_203_b_2.jpg,Tam_203,2,test,True,False
Tam_d03_205_a_1.jpg,Tam_205,1,train,False,False
Tam_d03_205_b_1.jpg,Tam_205,1,train,False,False
Tam_d03_208_a_2.jpg,Tam_208,2,train,False,False
Tam_d03_208_b_2.jpg,Tam_208,2,train,False,False
Tam_d03_209_a_1.jpg,Tam_209,1,test,False,False
Tam_d03_209_b_1.jpg,Tam_209,1,test,False,False
Tam_d03_210_a_2.jpg,Tam_210,2,train,False,False
Tam_d03_210_b_2.jpg,Tam_210,2,train,False,False
Tam_d03_216_a_3.jpg,Tam_216,3,train,False,False
Tam_d03_216_b_3.jpg,Tam_216,3,train,False,True
Tam_d03_218_a_2.jpg,Tam_218,2,train,False,False
Tam_d03_218_b_2.jpg,Tam_218,2,train,False,False
Tam_d03_230_a_1.jpg,Tam_230,1,val,False,False
Tam_d03_230_b_1.jpg,Tam_230,1,val,False,False
Tam_d03_231_a_2.jpg,Tam_231,2,test,False,False
Tam_d03_231_b_2.jpg,Tam_231,2,test,False,False
Tam_d03_238_a_2.jpg,Tam_238,2,test,False,False
Tam_d03_238_b_2.jpg,Tam_238,2,test,False,False
Tam_d03_241_a_2.jpg,Tam_241,2,train,False,False
Tam_d03_241_b_2.jpg,Tam_241,2,train,False,True
Tam_d03_242_a_2.jpg,Tam_242,2,train,False,False
Tam_d03_242_b_2.jpg,Tam_242,2,train,False,False
Tam_d03_246_a_2.jpg,Tam_246,2,train,True,False
Tam_d03_246_b_2.jpg,Tam_246,2,train,True,False
Tam_d03_247_a_2.jpg,Tam_247,2,train,False,False
Tam_d03_247_b_2.jpg,Tam_247,2,train,False,True
Tam_d03_248_a_3.jpg,Tam_248,3,train,False,False
Tam_d03_248_b_3.jpg,Tam_248,3,train,False,False
Tam_d03_249_a_2.jpg,Tam_249,2,train,False,False
Tam_d03_249_b_2.jpg,Tam_249,2,train,False,False
Tam_d03_251_a_2.jpg,Tam_251,2,train,False,False
Tam_d03_251_b_2.jpg,Tam_251,2,train,False,False
Tam_d03_257_a_3.jpg,Tam_257,3,train,False,False
Tam_d03_257_b_3.jpg,Tam_257,3,train,False,False
Tam_d03_261_a_2.jpg,Tam_261,2,train,False,False
Tam_d03_261_b_2.jpg,Tam_261,2,train,False,False
Tam_d03_264_a_2.jpg,Tam_264,2,val,True,False
Tam_d03_264_b_2.jpg,Tam_264,2,val,True,False
Tam_d03_270_a_2.jpg,Tam_270,2,train,False,False
Tam_d03_270_b_2.jpg,Tam_270,2,train,False,False
Tam_d03_273_a_2.jpg,Tam_273,2,train,False,False
Tam_d03_273_b_2.jpg,Tam_273,2,train,False,False
Tam_d03_278_a_2.jpg,Tam_278,2,train,False,False
Tam_d03_278_b_2.jpg,Tam_278,2,train,False,True
Tam_d03_280_a_2.jpg,Tam_280,2,train,False,False
Tam_d03_280_b_2.jpg,Tam_280,2,train,False,False
Tam_d03_281_a_2.jpg,Tam_281,2,test,False,True
Tam_d03_281_b_2.jpg,Tam_281,2,test,False,False
Tam_d03_285_a_2.jpg,Tam_285,2,train,False,False
Tam_d03_285_b_2.jpg,Tam_285,2,train,False,False
Tam_d03_286_a_2.jpg,Tam_286,2,val,True,False
Tam_d03_286_b_2.jpg,Tam_286,2,val,True,False
Tam_d03_297_a_2.jpg,Tam_297,2,train,False,False
Tam_d03_297_b_2.jpg,Tam_297,2,train,False,False
Tam_d03_299_a_2.jpg,Tam_299,2,train,False,False
Tam_d03_299_b_2.jpg,Tam_299,2,train,False,False
Tam_d03_301_a_2.jpg,Tam_301,2,val,False,False
Tam_d03_301_b_2.jpg,Tam_301,2,val,False,False
Tam_d03_302_a_2.jpg,Tam_302,2,train,False,False
Tam_d03_302_b_2.jpg,Tam_302,2,train,False,False
Tam_d03_303_a_2.jpg,Tam_303,2,train,False,False
Tam_d03_303_b_2.jpg,Tam_303,2,train,False,False
Tam_d03_304_a_2.jpg,Tam_304,2,train,False,False
Tam_d03_304_b_2.jpg,Tam_304,2,train,False,False
Tam_d03_307_a_2.jpg,Tam_307,2,train,False,False
Tam_d03_307_b_2.jpg,Tam_307,2,train,False,False
Tam_d03_308_a_2.jpg,Tam_308,2,train,False,False
Tam_d03_308_b_2.jpg,Tam_308,2,train,False,True
Tam_d03_312_a_2.jpg,Tam_312,2,train,False,False
Tam_d03_312_b_2.jpg,Tam_312,2,train,False,True
Tam_d03_318_a_2.jpg,Tam_318,2,train,False,False
Tam_d03_318_b_2.jpg,Tam_318,2,train,False,False
Tam_d03_319_a_2.jpg,Tam_319,2,train,False,False
Tam_d03_319_b_2.jpg,Tam_319,2,train,False,False
Tam_d03_320_a_2.jpg,Tam_320,2,train,True,False
Tam_d03_320_b_2.jpg,Tam_320,2,train,True,False
Tam_d03_323_a_2.jpg,Tam_323,2,train,False,False
Tam_d03_323_b_2.jpg,Tam_323,2,train,False,False
Tam_d03_329_a_2.jpg,Tam_329,2,train,False,False
Tam_d03_329_b_2.jpg,Tam_329,2,train,False,False
Tam_d03_335_a_1.jpg,Tam_335,1,train,True,False
Tam_d03_335_b_1.jpg,Tam_335,1,train,True,False
Tam_d03_339_a_2.jpg,Tam_339,2,test,False,False
Tam_d03_339_b_2.jpg,Tam_339,2,test,False,True
Tam_d03_340_a_1.jpg,Tam_340,1,val,False,False
Tam_d03_340_b_1.jpg,Tam_340,1,val,False,False
Tam_d03_341_a_2.jpg,Tam_341,2,val,False,False
Tam_d03_341_b_2.jpg,Tam_341,2,val,False,False
Tam_d03_342_a_1.jpg,Tam_342,1,train,False,False
Tam_d03_342_b_1.jpg,Tam_342,1,train,False,False
Tam_d03_343_a_2.jpg,Tam_343,2,train,False,False
Tam_d03_343_b_2.jpg,Tam_343,2,train,False,False
Tam_d03_344_a_3.jpg,Tam_344,3,test,False,False
Tam_d03_344_b_3.jpg,Tam_344,3,test,False,False
Tam_d03_345_a_2.jpg,Tam_345,2,val,False,False
Tam_d03_345_b_2.jpg,Tam_345,2,val,False,False
Tam_d03_348_a_2.jpg,Tam_348,2,train,False,False
Tam_d03_348_b_2.jpg,Tam_348,2,train,False,False
Tam_d03_356_a_2.jpg,Tam_356,2,train,False,True
Tam_d03_356_b_2.jpg,Tam_356,2,train,False,False
Tam_d03_362_a_1.jpg,Tam_362,1,test,False,False
Tam_d03_362_b_1.jpg,Tam_362,1,test,False,True
Tam_d03_364_a_1.jpg,Tam_364,1,val,False,False
Tam_d03_364_b_1.jpg,Tam_364,1,val,False,False
Tam_d03_370_a_2.jpg,Tam_370,2,train,False,False
Tam_d03_370_b_2.jpg,Tam_370,2,train,False,False
Tam_d03_374_a_1.jpg,Tam_374,1,test,False,False
Tam_d03_374_b_1.jpg,Tam_374,1,test,False,False
Tam_d03_379_a_1.jpg,Tam_379,1,train,False,False
Tam_d03_379_b_1.jpg,Tam_379,1,train,False,False
Tam_d03_380_a_2.jpg,Tam_380,2,train,False,False
Tam_d03_380_b_2.jpg,Tam_380,2,train,False,True
Tam_d03_396_a_1.jpg,Tam_396,1,test,False,False
Tam_d03_396_b_1.jpg,Tam_396,1,test,False,False
Tam_d03_397_a_2.jpg,Tam_397,2,val,False,True
Tam_d03_397_b_2.jpg,Tam_397,2,val,False,False
Tam_d03_403_a_2.jpg,Tam_403,2,val,False,False
Tam_d03_403_b_2.jpg,Tam_403,2,val,False,False
Tam_d03_404_a_2.jpg,Tam_404,2,train,False,False
Tam_d03_404_b_2.jpg,Tam_404,2,train,False,False
Tam_d03_407_a_2.jpg,Tam_407,2,val,False,False
Tam_d03_407_b_2.jpg,Tam_407,2,val,False,False
Tam_d03_416_a_1.jpg,Tam_416,1,test,False,False
Tam_d03_416_b_1.jpg,Tam_416,1,test,False,False
Tam_d03_417_a_2.jpg,Tam_417,2,train,False,False
Tam_d03_417_b_2.jpg,Tam_417,2,train,False,False
Tam_d03_419_a_1.jpg,Tam_419,1,train,False,False
Tam_d03_419_b_1.jpg,Tam_419,1,train,False,False
Tam_d03_424_a_1.jpg,Tam_424,1,val,False,False
Tam_d03_424_b_1.jpg,Tam_424,1,val,False,False
Tam_d03_427_a_2.jpg,Tam_427,2,train,False,False
Tam_d03_427_b_2.jpg,Tam_427,2,train,False,False
Tam_d03_428_a_1.jpg,Tam_428,1,val,False,False
Tam_d03_428_b_1.jpg,Tam_428,1,val,False,False
Tam_d03_434_a_2.jpg,Tam_434,2,train,False,False
Tam_d03_434_b_2.jpg,Tam_434,2,train,False,False
Tam_d03_436_a_2.jpg,Tam_436,2,train,False,False
Tam_d03_436_b_2.jpg,Tam_436,2,train,False,False
Tam_d03_437_a_3.jpg,Tam_437,3,val,True,False
Tam_d03_437_b_3.jpg,Tam_437,3,val,True,False
Tam_d03_441_a_2.jpg,Tam_441,2,train,False,False
Tam_d03_441_b_2.jpg,Tam_441,2,train,False,False
Tam_d03_456_a_2.jpg,Tam_456,2,train,True,False
Tam_d03_456_b_2.jpg,Tam_456,2,train,True,False
Tam_d03_457_a_3.jpg,Tam_457,3,train,False,False
Tam_d03_457_b_3.jpg,Tam_457,3,train,False,False
Tam_d03_460_a_1.jpg,Tam_460,1,val,True,False
Tam_d03_460_b_1.jpg,Tam_460,1,val,True,False
Tam_d03_465_a_2.jpg,Tam_465,2,test,True,False
Tam_d03_465_b_2.jpg,Tam_465,2,test,True,False
Tam_d03_466_a_3.jpg,Tam_466,3,train,True,False
Tam_d03_466_b_3.jpg,Tam_466,3,train,True,False
Tam_d03_467_a_2.jpg,Tam_467,2,train,False,False
Tam_d03_467_b_2.jpg,Tam_467,2,train,False,False
Tam_d03_472_a_2.jpg,Tam_472,2,test,False,False
Tam_d03_472_b_2.jpg,Tam_472,2,test,False,False
Tam_d03_473_a_1.jpg,Tam_473,1,val,False,False
Tam_d03_473_b_1.jpg,Tam_473,1,val,False,True
Tam_d03_474_a_1.jpg,Tam_474,1,val,False,False
Tam_d03_474_b_1.jpg,Tam_474,1,val,False,False
Tam_d04_009_a_3.jpg,Tam_009,3,train,False,False
Tam_d04_009_b_3.jpg,Tam_009,3,train,False,False
Tam_d04_016_a_3.jpg,Tam_016,3,val,True,False
Tam_d04_016_b_3.jpg,Tam_016,3,val,True,False
Tam_d04_017_a_3.jpg,Tam_017,3,train,True,False
Tam_d04_017_b_3.jpg,Tam_017,3,train,True,False
Tam_d04_019_a_2.jpg,Tam_019,2,val,False,False
Tam_d04_019_b_2.jpg,Tam_019,2,val,False,False
Tam_d04_028_a_3.jpg,Tam_028,3,train,False,False
Tam_d04_028_b_3.jpg,Tam_028,3,train,False,False
Tam_d04_030_a_3.jpg,Tam_030,3,train,True,False
Tam_d04_030_b_3.jpg,Tam_030,3,train,True,False
Tam_d04_039_a_3.jpg,Tam_039,3,train,False,True
Tam_d04_039_b_3.jpg,Tam_039,3,train,False,False
Tam_d04_051_a_2.jpg,Tam_051,2,train,False,False
Tam_d04_051_b_2.jpg,Tam_051,2,train,False,False
Tam_d04_052_a_3.jpg,Tam_052,3,val,True,False
Tam_d04_052_b_3.jpg,Tam_052,3,val,True,False
Tam_d04_053_a_3.jpg,Tam_053,3,train,False,False
Tam_d04_053_b_3.jpg,Tam_053,3,train,False,False
Tam_d04_057_a_3.jpg,Tam_057,3,train,True,False
Tam_d04_057_b_3.jpg,Tam_057,3,train,True,False
Tam_d04_059_a_1.jpg,Tam_059,1,train,False,False
Tam_d04_059_b_1.jpg,Tam_059,1,train,False,False
Tam_d04_062_a_3.jpg,Tam_062,3,val,False,False
Tam_d04_062_b_3.jpg,Tam_062,3,val,False,True
Tam_d04_064_a_3.jpg,Tam_064,3,train,True,False
Tam_d04_064_b_3.jpg,Tam_064,3,train,True,False
Tam_d04_066_a_3.jpg,Tam_066,3,train,True,False
Tam_d04_066_b_3.jpg,Tam_066,3,train,True,False
Tam_d04_068_a_2.jpg,Tam_068,2,val,False,False
Tam_d04_068_b_2.jpg,Tam_068,2,val,False,True
Tam_d04_070_a_2.jpg,Tam_070,2,val,False,False
Tam_d04_070_b_2.jpg,Tam_070,2,val,False,False
Tam_d04_073_a_3.jpg,Tam_073,3,val,False,False
Tam_d04_073_b_3.jpg,Tam_073,3,val,False,False
Tam_d04_074_a_2.jpg,Tam_074,2,train,False,False
Tam_d04_074_b_2.jpg,Tam_074,2,train,False,False
Tam_d04_077_a_2.jpg,Tam_077,2,val,True,False
Tam_d04_077_b_2.jpg,Tam_077,2,val,True,False
Tam_d04_078_a_3.jpg,Tam_078,3,test,False,False
Tam_d04_078_b_3.jpg,Tam_078,3,test,False,False
Tam_d04_079_a_3.jpg,Tam_079,3,val,False,False
Tam_d04_079_b_3.jpg,Tam_079,3,val,False,False
Tam_d04_086_a_2.jpg,Tam_086,2,val,True,False
Tam_d04_086_b_2.jpg,Tam_086,2,val,True,False
Tam_d04_088_a_2.jpg,Tam_088,2,val,False,False
Tam_d04_088_b_2.jpg,Tam_088,2,val,False,False
Tam_d04_102_a_2.jpg,Tam_102,2,train,False,False
Tam_d04_102_b_2.jpg,Tam_102,2,train,False,False
Tam_d04_105_a_2.jpg,Tam_105,2,train,False,True
Tam_d04_105_b_2.jpg,Tam_105,2,train,False,False
Tam_d04_119_a_2.jpg,Tam_119,2,train,False,False
Tam_d04_119_b_2.jpg,Tam_119,2,train,False,False
Tam_d04_121_a_2.jpg,Tam_121,2,train,False,False
Tam_d04_121_b_2.jpg,Tam_121,2,train,False,False
Tam_d04_124_a_2.jpg,Tam_124,2,train,False,True
Tam_d04_124_b_2.jpg,Tam_124,2,train,False,False
Tam_d04_126_a_2.jpg,Tam_126,2,test,False,False
Tam_d04_126_b_2.jpg,Tam_126,2,test,False,False
Tam_d04_134_a_3.jpg,Tam_134,3,train,True,False
Tam_d04_134_b_3.jpg,Tam_134,3,train,True,False
Tam_d04_135_a_3.jpg,Tam_135,3,test,False,False
Tam_d04_135_b_3.jpg,Tam_135,3,test,False,False
Tam_d04_139_a_3.jpg,Tam_139,3,test,True,False
Tam_d04_139_b_3.jpg,Tam_139,3,test,True,False
Tam_d04_140_a_3.jpg,Tam_140,3,test,False,True
Tam_d04_140_b_3.jpg,Tam_140,3,test,False,False
Tam_d04_142_a_3.jpg,Tam_142,3,train,False,False
Tam_d04_142_b_3.jpg,Tam_142,3,train,False,False
Tam_d04_144_a_3.jpg,Tam_144,3,train,False,False
Tam_d04_144_b_3.jpg,Tam_144,3,train,False,False
Tam_d04_147_a_2.jpg,Tam_147,2,train,False,False
Tam_d04_147_b_2.jpg,Tam_147,2,train,False,True
Tam_d04_154_a_2.jpg,Tam_154,2,train,False,True
Tam_d04_154_b_2.jpg,Tam_154,2,train,False,False
Tam_d04_157_a_3.jpg,Tam_157,3,train,False,False
Tam_d04_157_b_3.jpg,Tam_157,3,train,False,False
Tam_d04_158_a_1.jpg,Tam_158,1,train,False,False
Tam_d04_158_b_1.jpg,Tam_158,1,train,False,False
Tam_d04_159_a_2.jpg,Tam_159,2,train,False,False
Tam_d04_159_b_2.jpg,Tam_159,2,train,False,False
Tam_d04_160_a_3.jpg,Tam_160,3,train,False,False
Tam_d04_160_b_3.jpg,Tam_160,3,train,False,True
Tam_d04_164_a_2.jpg,Tam_164,2,test,False,False
Tam_d04_164_b_2.jpg,Tam_164,2,test,False,False
Tam_d04_169_a_2.jpg,Tam_169,2,train,False,False
Tam_d04_169_b_2.jpg,Tam_169,2,train,False,False
Tam_d04_171_a_2.jpg,Tam_171,2,train,False,False
Tam_d04_171_b_2.jpg,Tam_171,2,train,False,False
Tam_d04_173_a_2.jpg,Tam_173,2,val,False,False
Tam_d04_173_b_2.jpg,Tam_173,2,val,False,False
Tam_d04_175_a_2.jpg,Tam_175,2,val,False,False
Tam_d04_175_b_2.jpg,Tam_175,2,val,False,False
Tam_d04_179_a_3.jpg,Tam_179,3,train,False,False
Tam_d04_179_b_3.jpg,Tam_179,3,train,False,False
Tam_d04_182_a_2.jpg,Tam_182,2,train,False,False
Tam_d04_182_b_2.jpg,Tam_182,2,train,False,False
Tam_d04_184_a_2.jpg,Tam_184,2,val,False,False
Tam_d04_184_b_2.jpg,Tam_184,2,val,False,False
Tam_d04_189_a_3.jpg,Tam_189,3,train,False,False
Tam_d04_189_b_3.jpg,Tam_189,3,train,False,True
Tam_d04_191_a_3.jpg,Tam_191,3,train,False,False
Tam_d04_191_b_3.jpg,Tam_191,3,train,False,False
Tam_d04_195_a_2.jpg,Tam_195,2,train,False,False
Tam_d04_195_b_2.jpg,Tam_195,2,train,False,True
Tam_d04_197_a_2.jpg,Tam_197,2,val,False,True
Tam_d04_197_b_2.jpg,Tam_197,2,val,False,True
Tam_d04_198_a_3.jpg,Tam_198,3,train,False,True
Tam_d04_198_b_3.jpg,Tam_198,3,train,False,False
Tam_d04_200_a_1.jpg,Tam_200,1,train,False,False
Tam_d04_200_b_1.jpg,Tam_200,1,train,False,False
Tam_d04_201_a_2.jpg,Tam_201,2,val,False,False
Tam_d04_201_b_2.jpg,Tam_201,2,val,False,False
Tam_d04_203_a_2.jpg,Tam_203,2,test,True,False
Tam_d04_203_b_2.jpg,Tam_203,2,test,True,False
Tam_d04_205_a_2.jpg,Tam_205,2,train,False,False
Tam_d04_205_b_2.jpg,Tam_205,2,train,False,False
Tam_d04_208_a_2.jpg,Tam_208,2,train,False,False
Tam_d04_208_b_2.jpg,Tam_208,2,train,False,False
Tam_d04_209_a_2.jpg,Tam_209,2,test,False,True
Tam_d04_209_b_2.jpg,Tam_209,2,test,False,False
Tam_d04_210_a_2.jpg,Tam_210,2,train,False,False
Tam_d04_210_b_2.jpg,Tam_210,2,train,False,False
Tam_d04_218_a_3.jpg,Tam_218,3,train,False,False
Tam_d04_218_b_3.jpg,Tam_218,3,train,False,False
Tam_d04_230_a_1.jpg,Tam_230,1,val,False,False
Tam_d04_230_b_1.jpg,Tam_230,1,val,False,False
Tam_d04_231_a_3.jpg,Tam_231,3,test,False,False
Tam_d04_231_b_3.jpg,Tam_231,3,test,False,True
Tam_d04_238_a_3.jpg,Tam_238,3,test,False,True
Tam_d04_238_b_3.jpg,Tam_238,3,test,False,False
Tam_d04_241_a_2.jpg,Tam_241,2,train,False,False
Tam_d04_241_b_2.jpg,Tam_241,2,train,False,False
Tam_d04_242_a_3.jpg,Tam_242,3,train,False,False
Tam_d04_242_b_3.jpg,Tam_242,3,train,False,False
Tam_d04_246_a_3.jpg,Tam_246,3,train,True,False
Tam_d04_246_b_3.jpg,Tam_246,3,train,True,False
Tam_d04_247_a_2.jpg,Tam_247,2,train,False,True
Tam_d04_247_b_2.jpg,Tam_247,2,train,False,False
Tam_d04_248_a_4.jpg,Tam_248,4,train,False,False
Tam_d04_248_b_4.jpg,Tam_248,4,train,False,True
Tam_d04_249_a_3.jpg,Tam_249,3,train,False,False
Tam_d04_249_b_3.jpg,Tam_249,3,train,False,False
Tam_d04_251_a_3.jpg,Tam_251,3,train,False,False
Tam_d04_251_b_3.jpg,Tam_251,3,train,False,False
Tam_d04_257_a_4.jpg,Tam_257,4,train,False,False
Tam_d04_257_b_4.jpg,Tam_257,4,train,False,False
Tam_d04_261_a_3.jpg,Tam_261,3,train,False,False
Tam_d04_261_b_3.jpg,Tam_261,3,train,False,False
Tam_d04_264_a_3.jpg,Tam_264,3,val,True,False
Tam_d04_264_b_3.jpg,Tam_264,3,val,True,False
Tam_d04_270_a_2.jpg,Tam_270,2,train,False,False
Tam_d04_270_b_2.jpg,Tam_270,2,train,False,False
Tam_d04_273_a_2.jpg,Tam_273,2,train,False,False
Tam_d04_273_b_2.jpg,Tam_273,2,train,False,False
Tam_d04_278_a_3.jpg,Tam_278,3,train,False,False
Tam_d04_278_b_3.jpg,Tam_278,3,train,False,False
Tam_d04_280_a_2.jpg,Tam_280,2,train,False,True
Tam_d04_280_b_2.jpg,Tam_280,2,train,False,False
Tam_d04_281_a_2.jpg,Tam_281,2,test,False,False
Tam_d04_281_b_2.jpg,Tam_281,2,test,False,False
Tam_d04_285_a_3.jpg,Tam_285,3,train,False,False
Tam_d04_285_b_3.jpg,Tam_285,3,train,False,False
Tam_d04_286_a_2.jpg,Tam_286,2,val,True,False
Tam_d04_286_b_2.jpg,Tam_286,2,val,True,False
Tam_d04_297_a_3.jpg,Tam_297,3,train,False,False
Tam_d04_297_b_3.jpg,Tam_297,3,train,False,False
Tam_d04_299_a_2.jpg,Tam_299,2,train,False,True
Tam_d04_299_b_2.jpg,Tam_299,2,train,False,False
Tam_d04_301_a_2.jpg,Tam_301,2,val,False,False
Tam_d04_301_b_2.jpg,Tam_301,2,val,False,False
Tam_d04_302_a_3.jpg,Tam_302,3,train,False,False
Tam_d04_302_b_3.jpg,Tam_302,3,train,False,False
Tam_d04_303_a_3.jpg,Tam_303,3,train,False,False
Tam_d04_303_b_3.jpg,Tam_303,3,train,False,True
Tam_d04_304_a_2.jpg,Tam_304,2,train,False,False
Tam_d04_304_b_2.jpg,Tam_304,2,train,False,False
Tam_d04_307_a_2.jpg,Tam_307,2,train,False,False
Tam_d04_307_b_2.jpg,Tam_307,2,train,False,False
Tam_d04_308_a_3.jpg,Tam_308,3,train,False,False
Tam_d04_308_b_3.jpg,Tam_308,3,train,False,False
Tam_d04_312_a_2.jpg,Tam_312,2,train,False,False
Tam_d04_312_b_2.jpg,Tam_312,2,train,False,True
Tam_d04_318_a_2.jpg,Tam_318,2,train,False,False
Tam_d04_318_b_2.jpg,Tam_318,2,train,False,False
Tam_d04_319_a_2.jpg,Tam_319,2,train,False,False
Tam_d04_319_b_2.jpg,Tam_319,2,train,False,False
Tam_d04_323_a_3.jpg,Tam_323,3,train,False,False
Tam_d04_323_b_3.jpg,Tam_323,3,train,False,True
Tam_d04_329_a_3.jpg,Tam_329,3,train,False,False
Tam_d04_329_b_3.jpg,Tam_329,3,train,False,False
Tam_d04_335_a_2.jpg,Tam_335,2,train,True,False
Tam_d04_335_b_2.jpg,Tam_335,2,train,True,False
Tam_d04_339_a_2.jpg,Tam_339,2,test,False,False
Tam_d04_339_b_2.jpg,Tam_339,2,test,False,False
Tam_d04_340_a_2.jpg,Tam_340,2,val,False,False
Tam_d04_340_b_2.jpg,Tam_340,2,val,False,False
Tam_d04_341_a_3.jpg,Tam_341,3,val,False,False
Tam_d04_341_b_3.jpg,Tam_341,3,val,False,False
Tam_d04_342_a_1.jpg,Tam_342,1,train,False,True
Tam_d04_342_b_1.jpg,Tam_342,1,train,False,False
Tam_d04_343_a_3.jpg,Tam_343,3,train,False,True
Tam_d04_343_b_3.jpg,Tam_343,3,train,False,False
Tam_d04_344_a_4.jpg,Tam_344,4,test,False,False
Tam_d04_344_b_4.jpg,Tam_344,4,test,False,False
Tam_d04_348_a_3.jpg,Tam_348,3,train,False,False
Tam_d04_348_b_3.jpg,Tam_348,3,train,False,False
Tam_d04_356_a_3.jpg,Tam_356,3,train,False,False
Tam_d04_356_b_3.jpg,Tam_356,3,train,False,True
Tam_d04_362_a_1.jpg,Tam_362,1,test,False,False
Tam_d04_362_b_1.jpg,Tam_362,1,test,False,False
Tam_d04_364_a_2.jpg,Tam_364,2,val,False,False
Tam_d04_364_b_2.jpg,Tam_364,2,val,False,False
Tam_d04_370_a_3.jpg,Tam_370,3,train,False,False
Tam_d04_370_b_3.jpg,Tam_370,3,train,False,False
Tam_d04_374_a_2.jpg,Tam_374,2,test,False,False
Tam_d04_374_b_2.jpg,Tam_374,2,test,False,False
Tam_d04_379_a_2.jpg,Tam_379,2,train,False,False
Tam_d04_379_b_2.jpg,Tam_379,2,train,False,False
Tam_d04_380_a_3.jpg,Tam_380,3,train,False,False
Tam_d04_380_b_3.jpg,Tam_380,3,train,False,False
Tam_d04_396_a_2.jpg,Tam_396,2,test,False,True
Tam_d04_396_b_2.jpg,Tam_396,2,test,False,True
Tam_d04_397_a_3.jpg,Tam_397,3,val,False,False
Tam_d04_397_b_3.jpg,Tam_397,3,val,False,False
Tam_d04_403_a_3.jpg,Tam_403,3,val,False,False
Tam_d04_403_b_3.jpg,Tam_403,3,val,False,False
Tam_d04_404_a_2.jpg,Tam_404,2,train,False,True
Tam_d04_404_b_2.jpg,Tam_404,2,train,False,True
Tam_d04_407_a_2.jpg,Tam_407,2,val,False,False
Tam_d04_407_b_2.jpg,Tam_407,2,val,False,False
Tam_d04_416_a_2.jpg,Tam_416,2,test,False,True
Tam_d04_416_b_2.jpg,Tam_416,2,test,False,False
Tam_d04_417_a_2.jpg,Tam_417,2,train,False,False
Tam_d04_417_b_2.jpg,Tam_417,2,train,False,False
Tam_d04_419_a_2.jpg,Tam_419,2,train,False,False
Tam_d04_419_b_2.jpg,Tam_419,2,train,False,True
Tam_d04_424_a_2.jpg,Tam_424,2,val,False,False
Tam_d04_424_b_2.jpg,Tam_424,2,val,False,False
Tam_d04_427_a_3.jpg,Tam_427,3,train,False,True
Tam_d04_427_b_3.jpg,Tam_427,3,train,False,False
Tam_d04_428_a_2.jpg,Tam_428,2,val,False,False
Tam_d04_428_b_2.jpg,Tam_428,2,val,False,True
Tam_d04_434_a_2.jpg,Tam_434,2,train,False,False
Tam_d04_434_b_2.jpg,Tam_434,2,train,False,False
Tam_d04_436_a_3.jpg,Tam_436,3,train,False,False
Tam_d04_436_b_3.jpg,Tam_436,3,train,False,True
Tam_d04_437_a_4.jpg,Tam_437,4,val,True,False
Tam_d04_437_b_4.jpg,Tam_437,4,val,True,False
Tam_d04_441_a_3.jpg,Tam_441,3,train,False,True
Tam_d04_441_b_3.jpg,Tam_441,3,train,False,False
Tam_d04_456_a_3.jpg,Tam_456,3,train,True,False
Tam_d04_456_b_3.jpg,Tam_456,3,train,True,False
Tam_d04_457_a_3.jpg,Tam_457,3,train,False,False
Tam_d04_457_b_3.jpg,Tam_457,3,train,False,False
Tam_d04_460_a_2.jpg,Tam_460,2,val,True,False
Tam_d04_460_b_2.jpg,Tam_460,2,val,True,False
Tam_d04_465_a_2.jpg,Tam_465,2,test,True,False
Tam_d04_465_b_2.jpg,Tam_465,2,test,True,False
Tam_d04_466_a_4.jpg,Tam_466,4,train,True,False
Tam_d04_466_b_4.jpg,Tam_466,4,train,True,False
Tam_d04_467_a_3.jpg,Tam_467,3,train,False,False
Tam_d04_467_b_3.jpg,Tam_467,3,train,False,False
Tam_d04_472_a_3.jpg,Tam_472,3,test,False,False
Tam_d04_472_b_3.jpg,Tam_472,3,test,False,False
Tam_d04_473_a_2.jpg,Tam_473,2,val,False,False
Tam_d04_473_b_2.jpg,Tam_473,2,val,False,False
Tam_d04_474_a_2.jpg,Tam_474,2,val,False,False
Tam_d04_474_b_2.jpg,Tam_474,2,val,False,False
Tam_d05_009_a_4.jpg,Tam_009,4,train,False,False
Tam_d05_009_b_4.jpg,Tam_009,4,train,False,False
Tam_d05_016_a_3.jpg,Tam_016,3,val,True,False
Tam_d05_016_b_3.jpg,Tam_016,3,val,True,False
Tam_d05_017_a_3.jpg,Tam_017,3,train,True,False
Tam_d05_017_b_3.jpg,Tam_017,3,train,True,False
Tam_d05_019_a_3.jpg,Tam_019,3,val,False,False
Tam_d05_019_b_3.jpg,Tam_019,3,val,False,False
Tam_d05_028_a_3.jpg,Tam_028,3,train,False,True
Tam_d05_028_b_3.jpg,Tam_028,3,train,False,False
Tam_d05_030_a_3.jpg,Tam_030,3,train,True,False
Tam_d05_030_b_3.jpg,Tam_030,3,train,True,False
Tam_d05_039_a_4.jpg,Tam_039,4,train,False,False
Tam_d05_039_b_4.jpg,Tam_039,4,train,False,False
Tam_d05_051_a_3.jpg,Tam_051,3,train,False,False
Tam_d05_051_b_3.jpg,Tam_051,3,train,False,False
Tam_d05_052_a_3.jpg,Tam_052,3,val,True,False
Tam_d05_052_b_3.jpg,Tam_052,3,val,True,False
Tam_d05_053_a_3.jpg,Tam_053,3,train,False,False
Tam_d05_053_b_3.jpg,Tam_053,3,train,False,False
Tam_d05_057_a_3.jpg,Tam_057,3,train,True,False
Tam_d05_057_b_3.jpg,Tam_057,3,train,True,False
Tam_d05_059_a_1.jpg,Tam_059,1,train,False,False
Tam_d05_059_b_1.jpg,Tam_059,1,train,False,False
Tam_d05_062_a_3.jpg,Tam_062,3,val,False,False
Tam_d05_062_b_3.jpg,Tam_062,3,val,False,False
Tam_d05_064_a_3.jpg,Tam_064,3,train,True,False
Tam_d05_064_b_3.jpg,Tam_064,3,train,True,False
Tam_d05_066_a_3.jpg,Tam_066,3,train,True,False
Tam_d05_066_b_3.jpg,Tam_066,3,train,True,False
Tam_d05_068_a_2.jpg,Tam_068,2,val,False,False
Tam_d05_068_b_2.jpg,Tam_068,2,val,False,False
Tam_d05_070_a_3.jpg,Tam_070,3,val,False,False
Tam_d05_070_b_3.jpg,Tam_070,3,val,False,False
Tam_d05_073_a_4.jpg,Tam_073,4,val,False,False
Tam_d05_073_b_4.jpg,Tam_073,4,val,False,False
Tam_d05_074_a_2.jpg,Tam_074,2,train,False,False
Tam_d05_074_b_2.jpg,Tam_074,2,train,False,False
Tam_d05_077_a_3.jpg,Tam_077,3,val,True,False
Tam_d05_077_b_3.jpg,Tam_077,3,val,True,False
Tam_d05_078_a_4.jpg,Tam_078,4,test,False,False
Tam_d05_078_b_4.jpg,Tam_078,4,test,False,False
Tam_d05_079_a_3.jpg,Tam_079,3,val,False,False
Tam_d05_079_b_3.jpg,Tam_079,3,val,False,False
Tam_d05_086_a_3.jpg,Tam_086,3,val,True,False
Tam_d05_086_b_3.jpg,Tam_086,3,val,True,False
Tam_d05_088_a_3.jpg,Tam_088,3,val,False,False
Tam_d05_088_b_3.jpg,Tam_088,3,val,False,False
Tam_d05_102_a_2.jpg,Tam_102,2,train,False,False
Tam_d05_102_b_2.jpg,Tam_102,2,train,False,False
Tam_d05_105_a_3.jpg,Tam_105,3,train,False,False
Tam_d05_105_b_3.jpg,Tam_105,3,train,False,False
Tam_d05_119_a_3.jpg,Tam_119,3,train,False,False
Tam_d05_119_b_3.jpg,Tam_119,3,train,False,False
Tam_d05_121_a_2.jpg,Tam_121,2,train,False,False
Tam_d05_121_b_2.jpg,Tam_121,2,train,False,False
Tam_d05_124_a_2.jpg,Tam_124,2,train,False,False
Tam_d05_124_b_2.jpg,Tam_124,2,train,False,True
Tam_d05_126_a_3.jpg,Tam_126,3,test,False,False
Tam_d05_126_b_3.jpg,Tam_126,3,test,False,False
Tam_d05_134_a_4.jpg,Tam_134,4,train,True,False
Tam_d05_134_b_4.jpg,Tam_134,4,train,True,False
Tam_d05_135_a_4.jpg,Tam_135,4,test,False,False
Tam_d05_135_b_4.jpg,Tam_135,4,test,False,False
Tam_d05_139_a_3.jpg,Tam_139,3,test,True,False
Tam_d05_139_b_3.jpg,Tam_139,3,test,True,False
Tam_d05_140_a_3.jpg,Tam_140,3,test,False,False
Tam_d05_140_b_3.jpg,Tam_140,3,test,False,False
Tam_d05_142_a_3.jpg,Tam_142,3,train,False,True
Tam_d05_142_b_3.jpg,Tam_142,3,train,False,False
Tam_d05_144_a_3.jpg,Tam_144,3,train,False,False
Tam_d05_144_b_3.jpg,Tam_144,3,train,False,False
Tam_d05_147_a_3.jpg,Tam_147,3,train,False,False
Tam_d05_147_b_3.jpg,Tam_147,3,train,False,False
Tam_d05_154_a_3.jpg,Tam_154,3,train,False,False
Tam_d05_154_b_3.jpg,Tam_154,3,train,False,True
Tam_d05_157_a_3.jpg,Tam_157,3,train,False,False
Tam_d05_157_b_3.jpg,Tam_157,3,train,False,False
Tam_d05_158_a_2.jpg,Tam_158,2,train,False,False
Tam_d05_158_b_2.jpg,Tam_158,2,train,False,False
Tam_d05_159_a_2.jpg,Tam_159,2,train,False,False
Tam_d05_159_b_2.jpg,Tam_159,2,train,False,False
Tam_d05_160_a_3.jpg,Tam_160,3,train,False,False
Tam_d05_160_b_3.jpg,Tam_160,3,train,False,False
Tam_d05_164_a_3.jpg,Tam_164,3,test,False,False
Tam_d05_164_b_3.jpg,Tam_164,3,test,False,False
Tam_d05_169_a_2.jpg,Tam_169,2,train,False,False
Tam_d05_169_b_2.jpg,Tam_169,2,train,False,False
Tam_d05_171_a_2.jpg,Tam_171,2,train,False,False
Tam_d05_171_b_2.jpg,Tam_171,2,train,False,True
Tam_d05_173_a_2.jpg,Tam_173,2,val,False,False
Tam_d05_173_b_2.jpg,Tam_173,2,val,False,False
Tam_d05_175_a_3.jpg,Tam_175,3,val,False,True
Tam_d05_175_b_3.jpg,Tam_175,3,val,False,False
Tam_d05_179_a_4.jpg,Tam_179,4,train,False,False
Tam_d05_179_b_4.jpg,Tam_179,4,train,False,False
Tam_d05_182_a_2.jpg,Tam_182,2,train,False,False
Tam_d05_182_b_2.jpg,Tam_182,2,train,False,False
Tam_d05_184_a_2.jpg,Tam_184,2,val,False,False
Tam_d05_184_b_2.jpg,Tam_184,2,val,False,False
Tam_d05_189_a_3.jpg,Tam_189,3,train,False,False
Tam_d05_189_b_3.jpg,Tam_189,3,train,False,False
Tam_d05_191_a_4.jpg,Tam_191,4,train,False,True
Tam_d05_191_b_4.jpg,Tam_191,4,train,False,False
Tam_d05_195_a_3.jpg,Tam_195,3,train,False,False
Tam_d05_195_b_3.jpg,Tam_195,3,train,False,True
Tam_d05_197_a_3.jpg,Tam_197,3,val,False,False
Tam_d05_197_b_3.jpg,Tam_197,3,val,False,False
Tam_d05_198_a_3.jpg,Tam_198,3,train,False,False
Tam_d05_198_b_3.jpg,Tam_198,3,train,False,False
Tam_d05_200_a_2.jpg,Tam_200,2,train,False,False
Tam_d05_200_b_2.jpg,Tam_200,2,train,False,False
Tam_d05_201_a_3.jpg,Tam_201,3,val,False,False
Tam_d05_201_b_3.jpg,Tam_201,3,val,False,False
Tam_d05_203_a_2.jpg,Tam_203,2,test,True,False
Tam_d05_203_b_2.jpg,Tam_203,2,test,True,False
Tam_d05_205_a_2.jpg,Tam_205,2,train,False,False
Tam_d05_205_b_2.jpg,Tam_205,2,train,False,False
Tam_d05_208_a_2.jpg,Tam_208,2,train,False,False
Tam_d05_208_b_2.jpg,Tam_208,2,train,False,False
Tam_d05_209_a_2.jpg,Tam_209,2,test,False,False
Tam_d05_209_b_2.jpg,Tam_209,2,test,False,False
Tam_d05_210_a_3.jpg,Tam_210,3,train,False,False
Tam_d05_210_b_3.jpg,Tam_210,3,train,False,False
Tam_d05_218_a_3.jpg,Tam_218,3,train,False,False
Tam_d05_218_b_3.jpg,Tam_218,3,train,False,False
Tam_d05_230_a_2.jpg,Tam_230,2,val,False,False
Tam_d05_230_b_2.jpg,Tam_230,2,val,False,False
Tam_d05_231_a_3.jpg,Tam_231,3,test,False,False
Tam_d05_231_b_3.jpg,Tam_231,3,test,False,False
Tam_d05_238_a_3.jpg,Tam_238,3,test,False,False
Tam_d05_238_b_3.jpg,Tam_238,3,test,False,False
Tam_d05_241_a_3.jpg,Tam_241,3,train,False,False
Tam_d05_241_b_3.jpg,Tam_241,3,train,False,False
Tam_d05_242_a_3.jpg,Tam_242,3,train,False,False
Tam_d05_242_b_3.jpg,Tam_242,3,train,False,False
Tam_d05_246_a_4.jpg,Tam_246,4,train,True,False
Tam_d05_246_b_4.jpg,Tam_246,4,train,True,False
Tam_d05_247_a_3.jpg,Tam_247,3,train,False,False
Tam_d05_247_b_3.jpg,Tam_247,3,train,False,False
Tam_d05_248_a_4.jpg,Tam_248,4,train,False,False
Tam_d05_248_b_4.jpg,Tam_248,4,train,False,False
Tam_d05_249_a_3.jpg,Tam_249,3,train,False,False
Tam_d05_249_b_3.jpg,Tam_249,3,train,False,False
Tam_d05_251_a_3.jpg,Tam_251,3,train,False,False
Tam_d05_251_b_3.jpg,Tam_251,3,train,False,False
Tam_d05_257_a_4.jpg,Tam_257,4,train,False,False
Tam_d05_257_b_4.jpg,Tam_257,4,train,False,False
Tam_d05_261_a_3.jpg,Tam_261,3,train,False,False
Tam_d05_261_b_3.jpg,Tam_261,3,train,False,False
Tam_d05_264_a_4.jpg,Tam_264,4,val,True,False
Tam_d05_264_b_4.jpg,Tam_264,4,val,True,False
Tam_d05_270_a_3.jpg,Tam_270,3,train,False,False
Tam_d05_270_b_3.jpg,Tam_270,3,train,False,False
Tam_d05_273_a_2.jpg,Tam_273,2,train,False,False
Tam_d05_273_b_2.jpg,Tam_273,2,train,False,False
Tam_d05_278_a_3.jpg,Tam_278,3,train,False,False
Tam_d05_278_b_3.jpg,Tam_278,3,train,False,False
Tam_d05_280_a_3.jpg,Tam_280,3,train,False,False
Tam_d05_280_b_3.jpg,Tam_280,3,train,False,False
Tam_d05_281_a_2.jpg,Tam_281,2,test,False,False
Tam_d05_281_b_2.jpg,Tam_281,2,test,False,True
Tam_d05_285_a_3.jpg,Tam_285,3,train,False,False
Tam_d05_285_b_3.jpg,Tam_285,3,train,False,False
Tam_d05_286_a_2.jpg,Tam_286,2,val,True,False
Tam_d05_286_b_2.jpg,Tam_286,2,val,True,False
Tam_d05_297_a_3.jpg,Tam_297,3,train,False,False
Tam_d05_297_b_3.jpg,Tam_297,3,train,False,False
Tam_d05_299_a_2.jpg,Tam_299,2,train,False,False
Tam_d05_299_b_2.jpg,Tam_299,2,train,False,False
Tam_d05_301_a_3.jpg,Tam_301,3,val,False,False
Tam_d05_301_b_3.jpg,Tam_301,3,val,False,False
Tam_d05_302_a_3.jpg,Tam_302,3,train,False,False
Tam_d05_302_b_3.jpg,Tam_302,3,train,False,False
Tam_d05_303_a_3.jpg,Tam_303,3,train,False,False
Tam_d05_303_b_3.jpg,Tam_303,3,train,False,False
Tam_d05_304_a_2.jpg,Tam_304,2,train,False,False
Tam_d05_304_b_2.jpg,Tam_304,2,train,False,False
Tam_d05_307_a_3.jpg,Tam_307,3,train,False,False
Tam_d05_307_b_3.jpg,Tam_307,3,train,False,False
Tam_d05_308_a_4.jpg,Tam_308,4,train,False,False
Tam_d05_308_b_4.jpg,Tam_308,4,train,False,False
Tam_d05_312_a_2.jpg,Tam_312,2,train,False,False
Tam_d05_312_b_2.jpg,Tam_312,2,train,False,False
Tam_d05_318_a_2.jpg,Tam_318,2,train,False,True
Tam_d05_318_b_2.jpg,Tam_318,2,train,False,False
Tam_d05_319_a_3.jpg,Tam_319,3,train,False,True
Tam_d05_319_b_3.jpg,Tam_319,3,train,False,False
Tam_d05_323_a_3.jpg,Tam_323,3,train,False,False
Tam_d05_323_b_3.jpg,Tam_323,3,train,False,False
Tam_d05_329_a_3.jpg,Tam_329,3,train,False,False
Tam_d05_329_b_3.jpg,Tam_329,3,train,False,False
Tam_d05_335_a_2.jpg,Tam_335,2,train,True,False
Tam_d05_335_b_2.jpg,Tam_335,2,train,True,False
Tam_d05_339_a_2.jpg,Tam_339,2,test,False,False
Tam_d05_339_b_2.jpg,Tam_339,2,test,False,False
Tam_d05_340_a_2.jpg,Tam_340,2,val,False,False
Tam_d05_340_b_2.jpg,Tam_340,2,val,False,False
Tam_d05_341_a_3.jpg,Tam_341,3,val,False,False
Tam_d05_341_b_3.jpg,Tam_341,3,val,False,False
Tam_d05_342_a_1.jpg,Tam_342,1,train,False,False
Tam_d05_342_b_1.jpg,Tam_342,1,train,False,False
Tam_d05_343_a_3.jpg,Tam_343,3,train,False,True
Tam_d05_343_b_3.jpg,Tam_343,3,train,False,False
Tam_d05_344_a_4.jpg,Tam_344,4,test,False,True
Tam_d05_344_b_4.jpg,Tam_344,4,test,False,False
Tam_d05_348_a_3.jpg,Tam_348,3,train,False,False
Tam_d05_348_b_3.jpg,Tam_348,3,train,False,False
Tam_d05_356_a_3.jpg,Tam_356,3,train,False,False
Tam_d05_356_b_3.jpg,Tam_356,3,train,False,False
Tam_d05_362_a_2.jpg,Tam_362,2,test,False,False
Tam_d05_362_b_2.jpg,Tam_362,2,test,False,False
Tam_d05_364_a_2.jpg,Tam_364,2,val,False,False
Tam_d05_364_b_2.jpg,Tam_364,2,val,False,True
Tam_d05_370_a_4.jpg,Tam_370,4,train,False,True
Tam_d05_370_b_4.jpg,Tam_370,4,train,False,False
Tam_d05_374_a_2.jpg,Tam_374,2,test,False,False
Tam_d05_374_b_2.jpg,Tam_374,2,test,False,False
Tam_d05_379_a_2.jpg,Tam_379,2,train,False,False
Tam_d05_379_b_2.jpg,Tam_379,2,train,False,False
Tam_d05_380_a_3.jpg,Tam_380,3,train,False,False
Tam_d05_380_b_3.jpg,Tam_380,3,train,False,False
Tam_d05_396_a_2.jpg,Tam_396,2,test,False,False
Tam_d05_396_b_2.jpg,Tam_396,2,test,False,True
Tam_d05_397_a_4.jpg,Tam_397,4,val,False,False
Tam_d05_397_b_4.jpg,Tam_397,4,val,False,False
Tam_d05_403_a_4.jpg,Tam_403,4,val,False,False
Tam_d05_403_b_4.jpg,Tam_403,4,val,False,False
Tam_d05_404_a_2.jpg,Tam_404,2,train,False,False
Tam_d05_404_b_2.jpg,Tam_404,2,train,False,False
Tam_d05_407_a_2.jpg,Tam_407,2,val,False,False
Tam_d05_407_b_2.jpg,Tam_407,2,val,False,False
Tam_d05_416_a_2.jpg,Tam_416,2,test,False,True
Tam_d05_416_b_2.jpg,Tam_416,2,test,False,True
Tam_d05_417_a_3.jpg,Tam_417,3,train,False,False
Tam_d05_417_b_3.jpg,Tam_417,3,train,False,False
Tam_d05_419_a_2.jpg,Tam_419,2,train,False,True
Tam_d05_419_b_2.jpg,Tam_419,2,train,False,False
Tam_d05_424_a_2.jpg,Tam_424,2,val,False,False
Tam_d05_424_b_2.jpg,Tam_424,2,val,False,False
Tam_d05_427_a_3.jpg,Tam_427,3,train,False,False
Tam_d05_427_b_3.jpg,Tam_427,3,train,False,False
Tam_d05_428_a_2.jpg,Tam_428,2,val,False,False
Tam_d05_428_b_2.jpg,Tam_428,2,val,False,False
Tam_d05_434_a_2.jpg,Tam_434,2,train,False,False
Tam_d05_434_b_2.jpg,Tam_434,2,train,False,True
Tam_d05_436_a_3.jpg,Tam_436,3,train,False,False
Tam_d05_436_b_3.jpg,Tam_436,3,train,False,False
Tam_d05_437_a_4.jpg,Tam_437,4,val,True,False
Tam_d05_437_b_4.jpg,Tam_437,4,val,True,False
Tam_d05_441_a_4.jpg,Tam_441,4,train,False,False
Tam_d05_441_b_4.jpg,Tam_441,4,train,False,False
Tam_d05_456_a_4.jpg,Tam_456,4,train,True,False
Tam_d05_456_b_4.jpg,Tam_456,4,train,True,False
Tam_d05_457_a_4.jpg,Tam_457,4,train,False,True
Tam_d05_457_b_4.jpg,Tam_457,4,train,False,False
Tam_d05_460_a_2.jpg,Tam_460,2,val,True,False
Tam_d05_460_b_2.jpg,Tam_460,2,val,True,False
Tam_d05_465_a_3.jpg,Tam_465,3,test,True,False
Tam_d05_465_b_3.jpg,Tam_465,3,test,True,False
Tam_d05_466_a_4.jpg,Tam_466,4,train,True,False
Tam_d05_466_b_4.jpg,Tam_466,4,train,True,False
Tam_d05_467_a_3.jpg,Tam_467,3,train,False,False
Tam_d05_467_b_3.jpg,Tam_467,3,train,False,False
Tam_d05_472_a_3.jpg,Tam_472,3,test,False,False
Tam_d05_472_b_3.jpg,Tam_472,3,test,False,False
Tam_d05_473_a_2.jpg,Tam_473,2,val,False,False
Tam_d05_473_b_2.jpg,Tam_473,2,val,False,False
Tam_d05_474_a_2.jpg,Tam_474,2,val,False,False
Tam_d05_474_b_2.jpg,Tam_474,2,val,False,True
Tam_d06_009_a_4.jpg,Tam_009,4,train,False,False
Tam_d06_009_b_4.jpg,Tam_009,4,train,False,False
Tam_d06_016_a_3.jpg,Tam_016,3,val,True,False
Tam_d06_016_b_3.jpg,Tam_016,3,val,True,False
Tam_d06_017_a_4.jpg,Tam_017,4,train,True,False
Tam_d06_017_b_4.jpg,Tam_017,4,train,True,False
Tam_d06_019_a_3.jpg,Tam_019,3,val,False,False
Tam_d06_019_b_3.jpg,Tam_019,3,val,False,False
Tam_d06_028_a_4.jpg,Tam_028,4,train,False,True
Tam_d06_028_b_4.jpg,Tam_028,4,train,False,False
Tam_d06_030_a_4.jpg,Tam_030,4,train,True,False
Tam_d06_030_b_4.jpg,Tam_030,4,train,True,False
Tam_d06_039_a_4.jpg,Tam_039,4,train,False,False
Tam_d06_039_b_4.jpg,Tam_039,4,train,False,False
Tam_d06_051_a_4.jpg,Tam_051,4,train,False,False
Tam_d06_051_b_4.jpg,Tam_051,4,train,False,False
Tam_d06_053_a_4.jpg,Tam_053,4,train,False,False
Tam_d06_053_b_4.jpg,Tam_053,4,train,False,False
Tam_d06_057_a_3.jpg,Tam_057,3,train,True,False
Tam_d06_057_b_3.jpg,Tam_057,3,train,True,False
Tam_d06_059_a_2.jpg,Tam_059,2,train,False,False
Tam_d06_059_b_2.jpg,Tam_059,2,train,False,False
Tam_d06_062_a_4.jpg,Tam_062,4,val,False,False
Tam_d06_062_b_4.jpg,Tam_062,4,val,False,False
Tam_d06_066_a_4.jpg,Tam_066,4,train,True,False
Tam_d06_066_b_4.jpg,Tam_066,4,train,True,False
Tam_d06_068_a_3.jpg,Tam_068,3,val,False,False
Tam_d06_068_b_3.jpg,Tam_068,3,val,False,False
Tam_d06_070_a_3.jpg,Tam_070,3,val,False,False
Tam_d06_070_b_3.jpg,Tam_070,3,val,False,False
Tam_d06_073_a_4.jpg,Tam_073,4,val,False,False
Tam_d06_073_b_4.jpg,Tam_073,4,val,False,False
Tam_d06_074_a_3.jpg,Tam_074,3,train,False,False
Tam_d06_074_b_3.jpg,Tam_074,3,train,False,False
Tam_d06_077_a_3.jpg,Tam_077,3,val,True,False
Tam_d06_077_b_3.jpg,Tam_077,3,val,True,False
Tam_d06_078_a_4.jpg,Tam_078,4,test,False,False
Tam_d06_078_b_4.jpg,Tam_078,4,test,False,True
Tam_d06_079_a_4.jpg,Tam_079,4,val,False,False
Tam_d06_079_b_4.jpg,Tam_079,4,val,False,False
Tam_d06_088_a_3.jpg,Tam_088,3,val,False,True
Tam_d06_088_b_3.jpg,Tam_088,3,val,False,False
Tam_d06_102_a_3.jpg,Tam_102,3,train,False,False
Tam_d06_102_b_3.jpg,Tam_102,3,train,False,False
Tam_d06_105_a_3.jpg,Tam_105,3,train,False,False
Tam_d06_105_b_3.jpg,Tam_105,3,train,False,False
Tam_d06_119_a_3.jpg,Tam_119,3,train,False,False
Tam_d06_119_b_3.jpg,Tam_119,3,train,False,False
Tam_d06_121_a_2.jpg,Tam_121,2,train,False,False
Tam_d06_121_b_2.jpg,Tam_121,2,train,False,False
Tam_d06_124_a_3.jpg,Tam_124,3,train,False,False
Tam_d06_124_b_3.jpg,Tam_124,3,train,False,False
Tam_d06_126_a_3.jpg,Tam_126,3,test,False,False
Tam_d06_126_b_3.jpg,Tam_126,3,test,False,False
Tam_d06_134_a_4.jpg,Tam_134,4,train,True,False
Tam_d06_134_b_4.jpg,Tam_134,4,train,True,False
Tam_d06_135_a_4.jpg,Tam_135,4,test,False,False
Tam_d06_135_b_4.jpg,Tam_135,4,test,False,False
Tam_d06_139_a_3.jpg,Tam_139,3,test,True,False
Tam_d06_139_b_3.jpg,Tam_139,3,test,True,False
Tam_d06_140_a_3.jpg,Tam_140,3,test,False,True
Tam_d06_140_b_3.jpg,Tam_140,3,test,False,False
Tam_d06_142_a_3.jpg,Tam_142,3,train,False,False
Tam_d06_142_b_3.jpg,Tam_142,3,train,False,False
Tam_d06_144_a_4.jpg,Tam_144,4,train,False,False
Tam_d06_144_b_4.jpg,Tam_144,4,train,False,False
Tam_d06_147_a_3.jpg,Tam_147,3,train,False,False
Tam_d06_147_b_3.jpg,Tam_147,3,train,False,False
Tam_d06_154_a_3.jpg,Tam_154,3,train,False,False
Tam_d06_154_b_3.jpg,Tam_154,3,train,False,False
Tam_d06_157_a_4.jpg,Tam_157,4,train,False,False
Tam_d06_157_b_4.jpg,Tam_157,4,train,False,False
Tam_d06_158_a_2.jpg,Tam_158,2,train,False,False
Tam_d06_158_b_2.jpg,Tam_158,2,train,False,False
Tam_d06_159_a_3.jpg,Tam_159,3,train,False,False
Tam_d06_159_b_3.jpg,Tam_159,3,train,False,False
Tam_d06_160_a_3.jpg,Tam_160,3,train,False,False
Tam_d06_160_b_3.jpg,Tam_160,3,train,False,False
Tam_d06_164_a_3.jpg,Tam_164,3,test,False,False
Tam_d06_164_b_3.jpg,Tam_164,3,test,False,False
Tam_d06_169_a_3.jpg,Tam_169,3,train,False,False
Tam_d06_169_b_3.jpg,Tam_169,3,train,False,True
Tam_d06_171_a_2.jpg,Tam_171,2,train,False,False
Tam_d06_171_b_2.jpg,Tam_171,2,train,False,False
Tam_d06_173_a_3.jpg,Tam_173,3,val,False,False
Tam_d06_173_b_3.jpg,Tam_173,3,val,False,False
Tam_d06_175_a_3.jpg,Tam_175,3,val,False,False
Tam_d06_175_b_3.jpg,Tam_175,3,val,False,False
Tam_d06_179_a_5.jpg,Tam_179,5,train,False,False
Tam_d06_179_b_5.jpg,Tam_179,5,train,False,False
Tam_d06_182_a_3.jpg,Tam_182,3,train,False,False
Tam_d06_182_b_3.jpg,Tam_182,3,train,False,False
Tam_d06_184_a_2.jpg,Tam_184,2,val,False,False
Tam_d06_184_b_2.jpg,Tam_184,2,val,False,False
Tam_d06_189_a_3.jpg,Tam_189,3,train,False,False
Tam_d06_189_b_3.jpg,Tam_189,3,train,False,False
Tam_d06_191_a_4.jpg,Tam_191,4,train,False,False
Tam_d06_191_b_4.jpg,Tam_191,4,train,False,False
Tam_d06_195_a_3.jpg,Tam_195,3,train,False,False
Tam_d06_195_b_3.jpg,Tam_195,3,train,False,False
Tam_d06_197_a_3.jpg,Tam_197,3,val,False,False
Tam_d06_197_b_3.jpg,Tam_197,3,val,False,False
Tam_d06_198_a_3.jpg,Tam_198,3,train,False,False
Tam_d06_198_b_3.jpg,Tam_198,3,train,False,False
Tam_d06_200_a_3.jpg,Tam_200,3,train,False,False
Tam_d06_200_b_3.jpg,Tam_200,3,train,False,False
Tam_d06_201_a_3.jpg,Tam_201,3,val,False,False
Tam_d06_201_b_3.jpg,Tam_201,3,val,False,False
Tam_d06_203_a_3.jpg,Tam_203,3,test,True,False
Tam_d06_203_b_3.jpg,Tam_203,3,test,True,False
Tam_d06_205_a_3.jpg,Tam_205,3,train,False,False
Tam_d06_205_b_3.jpg,Tam_205,3,train,False,False
Tam_d06_208_a_3.jpg,Tam_208,3,train,False,False
Tam_d06_208_b_3.jpg,Tam_208,3,train,False,False
Tam_d06_209_a_3.jpg,Tam_209,3,test,False,False
Tam_d06_209_b_3.jpg,Tam_209,3,test,False,False
Tam_d06_210_a_3.jpg,Tam_210,3,train,False,False
Tam_d06_210_b_3.jpg,Tam_210,3,train,False,False
Tam_d06_218_a_4.jpg,Tam_218,4,train,False,False
Tam_d06_218_b_4.jpg,Tam_218,4,train,False,False
Tam_d06_230_a_2.jpg,Tam_230,2,val,False,False
Tam_d06_230_b_2.jpg,Tam_230,2,val,False,True
Tam_d06_231_a_3.jpg,Tam_231,3,test,False,False
Tam_d06_231_b_3.jpg,Tam_231,3,test,False,False
Tam_d06_238_a_3.jpg,Tam_238,3,test,False,True
Tam_d06_238_b_3.jpg,Tam_238,3,test,False,False
Tam_d06_241_a_3.jpg,Tam_241,3,train,False,False
Tam_d06_241_b_3.jpg,Tam_241,3,train,False,False
Tam_d06_242_a_3.jpg,Tam_242,3,train,False,False
Tam_d06_242_b_3.jpg,Tam_242,3,train,False,False
Tam_d06_246_a_4.jpg,Tam_246,4,train,True,False
Tam_d06_246_b_4.jpg,Tam_246,4,train,True,False
Tam_d06_247_a_4.jpg,Tam_247,4,train,False,False
Tam_d06_247_b_4.jpg,Tam_247,4,train,False,True
Tam_d06_248_a_4.jpg,Tam_248,4,train,False,False
Tam_d06_248_b_4.jpg,Tam_248,4,train,False,False
Tam_d06_249_a_4.jpg,Tam_249,4,train,False,False
Tam_d06_249_b_4.jpg,Tam_249,4,train,False,False
Tam_d06_251_a_4.jpg,Tam_251,4,train,False,False
Tam_d06_251_b_4.jpg,Tam_251,4,train,False,False
Tam_d06_257_a_4.jpg,Tam_257,4,train,False,False
Tam_d06_257_b_4.jpg,Tam_257,4,train,False,True
Tam_d06_261_a_4.jpg,Tam_261,4,train,False,False
Tam_d06_261_b_4.jpg,Tam_261,4,train,False,False
Tam_d06_264_a_4.jpg,Tam_264,4,val,True,False
Tam_d06_264_b_4.jpg,Tam_264,4,val,True,False
Tam_d06_270_a_3.jpg,Tam_270,3,train,False,True
Tam_d06_270_b_3.jpg,Tam_270,3,train,False,False
Tam_d06_273_a_3.jpg,Tam_273,3,train,False,True
Tam_d06_273_b_3.jpg,Tam_273,3,train,False,False
Tam_d06_278_a_3.jpg,Tam_278,3,train,False,False
Tam_d06_278_b_3.jpg,Tam_278,3,train,False,False
Tam_d06_280_a_3.jpg,Tam_280,3,train,False,False
Tam_d06_280_b_3.jpg,Tam_280,3,train,False,False
Tam_d06_281_a_3.jpg,Tam_281,3,test,False,False
Tam_d06_281_b_3.jpg,Tam_281,3,test,False,False
Tam_d06_285_a_3.jpg,Tam_285,3,train,False,True
Tam_d06_285_b_3.jpg,Tam_285,3,train,False,False
Tam_d06_286_a_2.jpg,Tam_286,2,val,True,False
Tam_d06_286_b_2.jpg,Tam_286,2,val,True,False
Tam_d06_297_a_3.jpg,Tam_297,3,train,False,False
Tam_d06_297_b_3.jpg,Tam_297,3,train,False,False
Tam_d06_299_a_3.jpg,Tam_299,3,train,False,False
Tam_d06_299_b_3.jpg,Tam_299,3,train,False,False
Tam_d06_301_a_3.jpg,Tam_301,3,val,False,False
Tam_d06_301_b_3.jpg,Tam_301,3,val,False,False
Tam_d06_302_a_3.jpg,Tam_302,3,train,False,False
Tam_d06_302_b_3.jpg,Tam_302,3,train,False,False
Tam_d06_303_a_4.jpg,Tam_303,4,train,False,False
Tam_d06_303_b_4.jpg,Tam_303,4,train,False,False
Tam_d06_304_a_3.jpg,Tam_304,3,train,False,False
Tam_d06_304_b_3.jpg,Tam_304,3,train,False,False
Tam_d06_307_a_3.jpg,Tam_307,3,train,False,False
Tam_d06_307_b_3.jpg,Tam_307,3,train,False,False
Tam_d06_308_a_4.jpg,Tam_308,4,train,False,False
Tam_d06_308_b_4.jpg,Tam_308,4,train,False,True
Tam_d06_312_a_2.jpg,Tam_312,2,train,False,True
Tam_d06_312_b_2.jpg,Tam_312,2,train,False,False
Tam_d06_318_a_3.jpg,Tam_318,3,train,False,False
Tam_d06_318_b_3.jpg,Tam_318,3,train,False,False
Tam_d06_319_a_3.jpg,Tam_319,3,train,False,False
Tam_d06_319_b_3.jpg,Tam_319,3,train,False,False
Tam_d06_323_a_3.jpg,Tam_323,3,train,False,False
Tam_d06_323_b_3.jpg,Tam_323,3,train,False,False
Tam_d06_329_a_4.jpg,Tam_329,4,train,False,False
Tam_d06_329_b_4.jpg,Tam_329,4,train,False,False
Tam_d06_335_a_2.jpg,Tam_335,2,train,True,False
Tam_d06_335_b_2.jpg,Tam_335,2,train,True,False
Tam_d06_339_a_3.jpg,Tam_339,3,test,False,False
Tam_d06_339_b_3.jpg,Tam_339,3,test,False,False
Tam_d06_340_a_2.jpg,Tam_340,2,val,False,False
Tam_d06_340_b_2.jpg,Tam_340,2,val,False,True
Tam_d06_341_a_3.jpg,Tam_341,3,val,False,False
Tam_d06_341_b_3.jpg,Tam_341,3,val,False,False
Tam_d06_342_a_2.jpg,Tam_342,2,train,False,True
Tam_d06_342_b_2.jpg,Tam_342,2,train,False,True
Tam_d06_343_a_4.jpg,Tam_343,4,train,False,False
Tam_d06_343_b_4.jpg,Tam_343,4,train,False,False
Tam_d06_344_a_4.jpg,Tam_344,4,test,False,False
Tam_d06_344_b_4.jpg,Tam_344,4,test,False,False
Tam_d06_348_a_3.jpg,Tam_348,3,train,False,False
Tam_d06_348_b_3.jpg,Tam_348,3,train,False,True
Tam_d06_356_a_4.jpg,Tam_356,4,train,False,False
Tam_d06_356_b_4.jpg,Tam_356,4,train,False,False
Tam_d06_362_a_2.jpg,Tam_362,2,test,False,False
Tam_d06_362_b_2.jpg,Tam_362,2,test,False,False
Tam_d06_364_a_3.jpg,Tam_364,3,val,False,False
Tam_d06_364_b_3.jpg,Tam_364,3,val,False,False
Tam_d06_370_a_4.jpg,Tam_370,4,train,False,False
Tam_d06_370_b_4.jpg,Tam_370,4,train,False,False
Tam_d06_374_a_2.jpg,Tam_374,2,test,False,False
Tam_d06_374_b_2.jpg,Tam_374,2,test,False,False
Tam_d06_379_a_2.jpg,Tam_379,2,train,False,False
Tam_d06_379_b_2.jpg,Tam_379,2,train,False,False
Tam_d06_380_a_3.jpg,Tam_380,3,train,False,False
Tam_d06_380_b_3.jpg,Tam_380,3,train,False,False
Tam_d06_396_a_2.jpg,Tam_396,2,test,False,False
Tam_d06_396_b_2.jpg,Tam_396,2,test,False,False
Tam_d06_397_a_4.jpg,Tam_397,4,val,False,False
Tam_d06_397_b_4.jpg,Tam_397,4,val,False,False
Tam_d06_403_a_4.jpg,Tam_403,4,val,False,False
Tam_d06_403_b_4.jpg,Tam_403,4,val,False,True
Tam_d06_404_a_3.jpg,Tam_404,3,train,False,True
Tam_d06_404_b_3.jpg,Tam_404,3,train,False,False
Tam_d06_407_a_2.jpg,Tam_407,2,val,False,False
Tam_d06_407_b_2.jpg,Tam_407,2,val,False,True
Tam_d06_416_a_2.jpg,Tam_416,2,test,False,False
Tam_d06_416_b_2.jpg,Tam_416,2,test,False,False
Tam_d06_417_a_3.jpg,Tam_417,3,train,False,False
Tam_d06_417_b_3.jpg,Tam_417,3,train,False,False
Tam_d06_419_a_2.jpg,Tam_419,2,train,False,False
Tam_d06_419_b_2.jpg,Tam_419,2,train,False,False
Tam_d06_424_a_3.jpg,Tam_424,3,val,False,False
Tam_d06_424_b_3.jpg,Tam_424,3,val,False,False
Tam_d06_427_a_4.jpg,Tam_427,4,train,False,False
Tam_d06_427_b_4.jpg,Tam_427,4,train,False,False
Tam_d06_428_a_3.jpg,Tam_428,3,val,False,False
Tam_d06_428_b_3.jpg,Tam_428,3,val,False,False
Tam_d06_434_a_3.jpg,Tam_434,3,train,False,False
Tam_d06_434_b_3.jpg,Tam_434,3,train,False,False
Tam_d06_436_a_3.jpg,Tam_436,3,train,False,False
Tam_d06_436_b_3.jpg,Tam_436,3,train,False,False
Tam_d06_437_a_4.jpg,Tam_437,4,val,True,False
Tam_d06_437_b_4.jpg,Tam_437,4,val,True,False
Tam_d06_441_a_4.jpg,Tam_441,4,train,False,False
Tam_d06_441_b_4.jpg,Tam_441,4,train,False,False
Tam_d06_456_a_4.jpg,Tam_456,4,train,True,False
Tam_d06_456_b_4.jpg,Tam_456,4,train,True,False
Tam_d06_457_a_4.jpg,Tam_457,4,train,False,False
Tam_d06_457_b_4.jpg,Tam_457,4,train,False,True
Tam_d06_460_a_3.jpg,Tam_460,3,val,True,False
Tam_d06_460_b_3.jpg,Tam_460,3,val,True,False
Tam_d06_465_a_4.jpg,Tam_465,4,test,True,False
Tam_d06_465_b_4.jpg,Tam_465,4,test,True,False
Tam_d06_466_a_4.jpg,Tam_466,4,train,True,False
Tam_d06_466_b_4.jpg,Tam_466,4,train,True,False
Tam_d06_467_a_3.jpg,Tam_467,3,train,False,False
Tam_d06_467_b_3.jpg,Tam_467,3,train,False,False
Tam_d06_472_a_3.jpg,Tam_472,3,test,False,False
Tam_d06_472_b_3.jpg,Tam_472,3,test,False,False
Tam_d06_473_a_2.jpg,Tam_473,2,val,False,False
Tam_d06_473_b_2.jpg,Tam_473,2,val,False,False
Tam_d06_474_a_3.jpg,Tam_474,3,val,False,False
Tam_d06_474_b_3.jpg,Tam_474,3,val,False,False
Tam_d07_009_a_4.jpg,Tam_009,4,train,False,False
Tam_d07_009_b_4.jpg,Tam_009,4,train,False,True
Tam_d07_016_a_4.jpg,Tam_016,4,val,True,False
Tam_d07_016_b_4.jpg,Tam_016,4,val,True,False
Tam_d07_017_a_4.jpg,Tam_017,4,train,True,False
Tam_d07_017_b_4.jpg,Tam_017,4,train,True,False
Tam_d07_019_a_3.jpg,Tam_019,3,val,False,False
Tam_d07_019_b_3.jpg,Tam_019,3,val,False,False
Tam_d07_028_a_4.jpg,Tam_028,4,train,False,False
Tam_d07_028_b_4.jpg,Tam_028,4,train,False,False
Tam_d07_030_a_4.jpg,Tam_030,4,train,True,False
Tam_d07_030_b_4.jpg,Tam_030,4,train,True,False
Tam_d07_039_a_4.jpg,Tam_039,4,train,False,False
Tam_d07_039_b_4.jpg,Tam_039,4,train,False,False
Tam_d07_051_a_4.jpg,Tam_051,4,train,False,True
Tam_d07_051_b_4.jpg,Tam_051,4,train,False,False
Tam_d07_053_a_4.jpg,Tam_053,4,train,False,False
Tam_d07_053_b_4.jpg,Tam_053,4,train,False,False
Tam_d07_057_a_4.jpg,Tam_057,4,train,True,False
Tam_d07_057_b_4.jpg,Tam_057,4,train,True,False
Tam_d07_059_a_2.jpg,Tam_059,2,train,False,False
Tam_d07_059_b_2.jpg,Tam_059,2,train,False,False
Tam_d07_062_a_4.jpg,Tam_062,4,val,False,False
Tam_d07_062_b_4.jpg,Tam_062,4,val,False,False
Tam_d07_066_a_4.jpg,Tam_066,4,train,True,False
Tam_d07_066_b_4.jpg,Tam_066,4,train,True,False
Tam_d07_068_a_4.jpg,Tam_068,4,val,False,False
Tam_d07_068_b_4.jpg,Tam_068,4,val,False,False
Tam_d07_070_a_4.jpg,Tam_070,4,val,False,False
Tam_d07_070_b_4.jpg,Tam_070,4,val,False,False
Tam_d07_073_a_4.jpg,Tam_073,4,val,False,False
Tam_d07_073_b_4.jpg,Tam_073,4,val,False,False
Tam_d07_074_a_3.jpg,Tam_074,3,train,False,False
Tam_d07_074_b_3.jpg,Tam_074,3,train,False,True
Tam_d07_077_a_4.jpg,Tam_077,4,val,True,False
Tam_d07_077_b_4.jpg,Tam_077,4,val,True,False
Tam_d07_078_a_4.jpg,Tam_078,4,test,False,False
Tam_d07_078_b_4.jpg,Tam_078,4,test,False,True
Tam_d07_079_a_4.jpg,Tam_079,4,val,False,False
Tam_d07_079_b_4.jpg,Tam_079,4,val,False,True
Tam_d07_088_a_4.jpg,Tam_088,4,val,False,True
Tam_d07_088_b_4.jpg,Tam_088,4,val,False,True
Tam_d07_102_a_3.jpg,Tam_102,3,train,False,False
Tam_d07_102_b_3.jpg,Tam_102,3,train,False,False
Tam_d07_105_a_4.jpg,Tam_105,4,train,False,False
Tam_d07_105_b_4.jpg,Tam_105,4,train,False,False
Tam_d07_119_a_4.jpg,Tam_119,4,train,False,True
Tam_d07_119_b_4.jpg,Tam_119,4,train,False,False
Tam_d07_121_a_3.jpg,Tam_121,3,train,False,False
Tam_d07_121_b_3.jpg,Tam_121,3,train,False,False
Tam_d07_124_a_4.jpg,Tam_124,4,train,False,False
Tam_d07_124_b_4.jpg,Tam_124,4,train,False,False
Tam_d07_126_a_4.jpg,Tam_126,4,test,False,False
Tam_d07_126_b_4.jpg,Tam_126,4,test,False,False
Tam_d07_134_a_4.jpg,Tam_134,4,train,True,False
Tam_d07_134_b_4.jpg,Tam_134,4,train,True,False
Tam_d07_135_a_4.jpg,Tam_135,4,test,False,True
Tam_d07_135_b_4.jpg,Tam_135,4,test,False,False
Tam_d07_139_a_3.jpg,Tam_139,3,test,True,False
Tam_d07_139_b_3.jpg,Tam_139,3,test,True,False
Tam_d07_140_a_4.jpg,Tam_140,4,test,False,False
Tam_d07_140_b_4.jpg,Tam_140,4,test,False,True
Tam_d07_142_a_4.jpg,Tam_142,4,train,False,False
Tam_d07_142_b_4.jpg,Tam_142,4,train,False,False
Tam_d07_144_a_4.jpg,Tam_144,4,train,False,False
Tam_d07_144_b_4.jpg,Tam_144,4,train,False,False
Tam_d07_147_a_4.jpg,Tam_147,4,train,False,False
Tam_d07_147_b_4.jpg,Tam_147,4,train,False,False
Tam_d07_154_a_4.jpg,Tam_154,4,train,False,False
Tam_d07_154_b_4.jpg,Tam_154,4,train,False,False
Tam_d07_157_a_4.jpg,Tam_157,4,train,False,False
Tam_d07_157_b_4.jpg,Tam_157,4,train,False,False
Tam_d07_158_a_3.jpg,Tam_158,3,train,False,False
Tam_d07_158_b_3.jpg,Tam_158,3,train,False,True
Tam_d07_159_a_4.jpg,Tam_159,4,train,False,False
Tam_d07_159_b_4.jpg,Tam_159,4,train,False,True
Tam_d07_160_a_4.jpg,Tam_160,4,train,False,False
Tam_d07_160_b_4.jpg,Tam_160,4,train,False,False
Tam_d07_164_a_4.jpg,Tam_164,4,test,False,False
Tam_d07_164_b_4.jpg,Tam_164,4,test,False,False
Tam_d07_169_a_4.jpg,Tam_169,4,train,False,False
Tam_d07_169_b_4.jpg,Tam_169,4,train,False,False
Tam_d07_171_a_4.jpg,Tam_171,4,train,False,False
Tam_d07_171_b_4.jpg,Tam_171,4,train,False,False
Tam_d07_173_a_3.jpg,Tam_173,3,val,False,False
Tam_d07_173_b_3.jpg,Tam_173,3,val,False,False
Tam_d07_175_a_4.jpg,Tam_175,4,val,False,True
Tam_d07_175_b_4.jpg,Tam_175,4,val,False,False
Tam_d07_179_a_5.jpg,Tam_179,5,train,False,False
Tam_d07_179_b_5.jpg,Tam_179,5,train,False,False
Tam_d07_182_a_4.jpg,Tam_182,4,train,False,False
Tam_d07_182_b_4.jpg,Tam_182,4,train,False,False
Tam_d07_184_a_4.jpg,Tam_184,4,val,False,False
Tam_d07_184_b_4.jpg,Tam_184,4,val,False,False
Tam_d07_189_a_4.jpg,Tam_189,4,train,False,False
Tam_d07_189_b_4.jpg,Tam_189,4,train,False,False
Tam_d07_191_a_4.jpg,Tam_191,4,train,False,False
Tam_d07_191_b_4.jpg,Tam_191,4,train,False,False
Tam_d07_195_a_3.jpg,Tam_195,3,train,False,False
Tam_d07_195_b_3.jpg,Tam_195,3,train,False,True
Tam_d07_197_a_4.jpg,Tam_197,4,val,False,False
Tam_d07_197_b_4.jpg,Tam_197,4,val,False,False
Tam_d07_198_a_3.jpg,Tam_198,3,train,False,False
Tam_d07_198_b_3.jpg,Tam_198,3,train,False,False
Tam_d07_200_a_4.jpg,Tam_200,4,train,False,True
Tam_d07_200_b_4.jpg,Tam_200,4,train,False,False
Tam_d07_201_a_4.jpg,Tam_201,4,val,False,False
Tam_d07_201_b_4.jpg,Tam_201,4,val,False,False
Tam_d07_203_a_3.jpg,Tam_203,3,test,True,False
Tam_d07_203_b_3.jpg,Tam_203,3,test,True,False
Tam_d07_205_a_4.jpg,Tam_205,4,train,False,False
Tam_d07_205_b_4.jpg,Tam_205,4,train,False,False
Tam_d07_208_a_4.jpg,Tam_208,4,train,False,False
Tam_d07_208_b_4.jpg,Tam_208,4,train,False,True
Tam_d07_209_a_3.jpg,Tam_209,3,test,False,False
Tam_d07_209_b_3.jpg,Tam_209,3,test,False,False
Tam_d07_210_a_4.jpg,Tam_210,4,train,False,False
Tam_d07_210_b_4.jpg,Tam_210,4,train,False,False
Tam_d07_218_a_4.jpg,Tam_218,4,train,False,False
Tam_d07_218_b_4.jpg,Tam_218,4,train,False,False
Tam_d07_230_a_3.jpg,Tam_230,3,val,False,False
Tam_d07_230_b_3.jpg,Tam_230,3,val,False,False
Tam_d07_231_a_4.jpg,Tam_231,4,test,False,False
Tam_d07_231_b_4.jpg,Tam_231,4,test,False,False
Tam_d07_238_a_4.jpg,Tam_238,4,test,False,False
Tam_d07_238_b_4.jpg,Tam_238,4,test,False,False
Tam_d07_241_a_4.jpg,Tam_241,4,train,False,False
Tam_d07_241_b_4.jpg,Tam_241,4,train,False,False
Tam_d07_242_a_4.jpg,Tam_242,4,train,False,False
Tam_d07_242_b_4.jpg,Tam_242,4,train,False,True
Tam_d07_246_a_4.jpg,Tam_246,4,train,True,False
Tam_d07_246_b_4.jpg,Tam_246,4,train,True,False
Tam_d07_247_a_4.jpg,Tam_247,4,train,False,False
Tam_d07_247_b_4.jpg,Tam_247,4,train,False,False
Tam_d07_248_a_4.jpg,Tam_248,4,train,False,False
Tam_d07_248_b_4.jpg,Tam_248,4,train,False,False
Tam_d07_249_a_4.jpg,Tam_249,4,train,False,False
Tam_d07_249_b_4.jpg,Tam_249,4,train,False,False
Tam_d07_251_a_4.jpg,Tam_251,4,train,False,False
Tam_d07_251_b_4.jpg,Tam_251,4,train,False,False
Tam_d07_257_a_4.jpg,Tam_257,4,train,False,False
Tam_d07_257_b_4.jpg,Tam_257,4,train,False,False
Tam_d07_261_a_4.jpg,Tam_261,4,train,False,False
Tam_d07_261_b_4.jpg,Tam_261,4,train,False,False
Tam_d07_264_a_4.jpg,Tam_264,4,val,True,False
Tam_d07_264_b_4.jpg,Tam_264,4,val,True,False
Tam_d07_270_a_4.jpg,Tam_270,4,train,False,False
Tam_d07_270_b_4.jpg,Tam_270,4,train,False,False
Tam_d07_273_a_4.jpg,Tam_273,4,train,False,False
Tam_d07_273_b_4.jpg,Tam_273,4,train,False,False
Tam_d07_278_a_4.jpg,Tam_278,4,train,False,False
Tam_d07_278_b_4.jpg,Tam_278,4,train,False,False
Tam_d07_280_a_4.jpg,Tam_280,4,train,False,False
Tam_d07_280_b_4.jpg,Tam_280,4,train,False,False
Tam_d07_281_a_4.jpg,Tam_281,4,test,False,False
Tam_d07_281_b_4.jpg,Tam_281,4,test,False,False
Tam_d07_285_a_3.jpg,Tam_285,3,train,False,False
Tam_d07_285_b_3.jpg,Tam_285,3,train,False,False
Tam_d07_286_a_3.jpg,Tam_286,3,val,True,False
Tam_d07_286_b_3.jpg,Tam_286,3,val,True,False
Tam_d07_297_a_3.jpg,Tam_297,3,train,False,False
Tam_d07_297_b_3.jpg,Tam_297,3,train,False,False
Tam_d07_299_a_4.jpg,Tam_299,4,train,False,False
Tam_d07_299_b_4.jpg,Tam_299,4,train,False,True
Tam_d07_301_a_4.jpg,Tam_301,4,val,False,False
Tam_d07_301_b_4.jpg,Tam_301,4,val,False,False
Tam_d07_302_a_4.jpg,Tam_302,4,train,False,True
Tam_d07_302_b_4.jpg,Tam_302,4,train,False,False
Tam_d07_303_a_4.jpg,Tam_303,4,train,False,False
Tam_d07_303_b_4.jpg,Tam_303,4,train,False,False
Tam_d07_304_a_4.jpg,Tam_304,4,train,False,False
Tam_d07_304_b_4.jpg,Tam_304,4,train,False,False
Tam_d07_307_a_4.jpg,Tam_307,4,train,False,False
Tam_d07_307_b_4.jpg,Tam_307,4,train,False,False
Tam_d07_308_a_4.jpg,Tam_308,4,train,False,False
Tam_d07_308_b_4.jpg,Tam_308,4,train,False,False
Tam_d07_312_a_4.jpg,Tam_312,4,train,False,False
Tam_d07_312_b_4.jpg,Tam_312,4,train,False,False
Tam_d07_318_a_4.jpg,Tam_318,4,train,False,False
Tam_d07_318_b_4.jpg,Tam_318,4,train,False,False
Tam_d07_319_a_3.jpg,Tam_319,3,train,False,True
Tam_d07_319_b_3.jpg,Tam_319,3,train,False,False
Tam_d07_323_a_4.jpg,Tam_323,4,train,False,False
Tam_d07_323_b_4.jpg,Tam_323,4,train,False,False
Tam_d07_329_a_4.jpg,Tam_329,4,train,False,False
Tam_d07_329_b_4.jpg,Tam_329,4,train,False,False
Tam_d07_335_a_3.jpg,Tam_335,3,train,True,False
Tam_d07_335_b_3.jpg,Tam_335,3,train,True,False
Tam_d07_339_a_3.jpg,Tam_339,3,test,False,False
Tam_d07_339_b_3.jpg,Tam_339,3,test,False,False
Tam_d07_340_a_4.jpg,Tam_340,4,val,False,False
Tam_d07_340_b_4.jpg,Tam_340,4,val,False,False
Tam_d07_341_a_4.jpg,Tam_341,4,val,False,False
Tam_d07_341_b_4.jpg,Tam_341,4,val,False,True
Tam_d07_342_a_3.jpg,Tam_342,3,train,False,False
Tam_d07_342_b_3.jpg,Tam_342,3,train,False,False
Tam_d07_343_a_4.jpg,Tam_343,4,train,False,False
Tam_d07_343_b_4.jpg,Tam_343,4,train,False,False
Tam_d07_344_a_4.jpg,Tam_344,4,test,False,False
Tam_d07_344_b_4.jpg,Tam_344,4,test,False,False
Tam_d07_348_a_3.jpg,Tam_348,3,train,False,False
Tam_d07_348_b_3.jpg,Tam_348,3,train,False,False
Tam_d07_356_a_4.jpg,Tam_356,4,train,False,False
Tam_d07_356_b_4.jpg,Tam_356,4,train,False,True
Tam_d07_362_a_3.jpg,Tam_362,3,test,False,False
Tam_d07_362_b_3.jpg,Tam_362,3,test,False,False
Tam_d07_364_a_3.jpg,Tam_364,3,val,False,False
Tam_d07_364_b_3.jpg,Tam_364,3,val,False,False
Tam_d07_370_a_4.jpg,Tam_370,4,train,False,False
Tam_d07_370_b_4.jpg,Tam_370,4,train,False,False
Tam_d07_374_a_3.jpg,Tam_374,3,test,False,True
Tam_d07_374_b_3.jpg,Tam_374,3,test,False,False
Tam_d07_379_a_4.jpg,Tam_379,4,train,False,False
Tam_d07_379_b_4.jpg,Tam_379,4,train,False,False
Tam_d07_380_a_4.jpg,Tam_380,4,train,False,False
Tam_d07_380_b_4.jpg,Tam_380,4,train,False,False
Tam_d07_396_a_3.jpg,Tam_396,3,test,False,False
Tam_d07_396_b_3.jpg,Tam_396,3,test,False,True
Tam_d07_397_a_4.jpg,Tam_397,4,val,False,False
Tam_d07_397_b_4.jpg,Tam_397,4,val,False,False
Tam_d07_403_a_4.jpg,Tam_403,4,val,False,True
Tam_d07_403_b_4.jpg,Tam_403,4,val,False,False
Tam_d07_404_a_4.jpg,Tam_404,4,train,False,True
Tam_d07_404_b_4.jpg,Tam_404,4,train,False,False
Tam_d07_407_a_3.jpg,Tam_407,3,val,False,False
Tam_d07_407_b_3.jpg,Tam_407,3,val,False,False
Tam_d07_416_a_4.jpg,Tam_416,4,test,False,False
Tam_d07_416_b_4.jpg,Tam_416,4,test,False,True
Tam_d07_417_a_4.jpg,Tam_417,4,train,False,False
Tam_d07_417_b_4.jpg,Tam_417,4,train,False,False
Tam_d07_419_a_3.jpg,Tam_419,3,train,False,False
Tam_d07_419_b_3.jpg,Tam_419,3,train,False,False
Tam_d07_424_a_4.jpg,Tam_424,4,val,False,False
Tam_d07_424_b_4.jpg,Tam_424,4,val,False,False
Tam_d07_427_a_4.jpg,Tam_427,4,train,False,False
Tam_d07_427_b_4.jpg,Tam_427,4,train,False,False
Tam_d07_428_a_4.jpg,Tam_428,4,val,False,False
Tam_d07_428_b_4.jpg,Tam_428,4,val,False,False
Tam_d07_434_a_3.jpg,Tam_434,3,train,False,False
Tam_d07_434_b_3.jpg,Tam_434,3,train,False,False
Tam_d07_436_a_4.jpg,Tam_436,4,train,False,False
Tam_d07_436_b_4.jpg,Tam_436,4,train,False,False
Tam_d07_437_a_4.jpg,Tam_437,4,val,True,False
Tam_d07_437_b_4.jpg,Tam_437,4,val,True,False
Tam_d07_441_a_4.jpg,Tam_441,4,train,False,False
Tam_d07_441_b_4.jpg,Tam_441,4,train,False,False
Tam_d07_456_a_4.jpg,Tam_456,4,train,True,False
Tam_d07_456_b_4.jpg,Tam_456,4,train,True,False
Tam_d07_457_a_4.jpg,Tam_457,4,train,False,False
Tam_d07_457_b_4.jpg,Tam_457,4,train,False,False
Tam_d07_460_a_4.jpg,Tam_460,4,val,True,False
Tam_d07_460_b_4.jpg,Tam_460,4,val,True,False
Tam_d07_465_a_4.jpg,Tam_465,4,test,True,False
Tam_d07_465_b_4.jpg,Tam_465,4,test,True,False
Tam_d07_466_a_4.jpg,Tam_466,4,train,True,False
Tam_d07_466_b_4.jpg,Tam_466,4,train,True,False
Tam_d07_467_a_4.jpg,Tam_467,4,train,False,False
Tam_d07_467_b_4.jpg,Tam_467,4,train,False,False
Tam_d07_472_a_4.jpg,Tam_472,4,test,False,False
Tam_d07_472_b_4.jpg,Tam_472,4,test,False,False
Tam_d07_473_a_4.jpg,Tam_473,4,val,False,False
Tam_d07_473_b_4.jpg,Tam_473,4,val,False,False
Tam_d07_474_a_4.jpg,Tam_474,4,val,False,False
Tam_d07_474_b_4.jpg,Tam_474,4,val,False,False
Tam_d08_009_a_5.jpg,Tam_009,5,train,False,False
Tam_d08_009_b_5.jpg,Tam_009,5,train,False,False
Tam_d08_016_a_4.jpg,Tam_016,4,val,True,False
Tam_d08_016_b_4.jpg,Tam_016,4,val,True,False
Tam_d08_017_a_4.jpg,Tam_017,4,train,True,False
Tam_d08_017_b_4.jpg,Tam_017,4,train,True,False
Tam_d08_019_a_4.jpg,Tam_019,4,val,False,False
Tam_d08_019_b_4.jpg,Tam_019,4,val,False,False
Tam_d08_028_a_4.jpg,Tam_028,4,train,False,False
Tam_d08_028_b_4.jpg,Tam_028,4,train,False,False
Tam_d08_030_a_5.jpg,Tam_030,5,train,True,False
Tam_d08_030_b_5.jpg,Tam_030,5,train,True,False
Tam_d08_039_a_4.jpg,Tam_039,4,train,False,False
Tam_d08_039_b_4.jpg,Tam_039,4,train,False,False
Tam_d08_051_a_4.jpg,Tam_051,4,train,False,False
Tam_d08_051_b_4.jpg,Tam_051,4,train,False,False
Tam_d08_053_a_4.jpg,Tam_053,4,train,False,False
Tam_d08_053_b_4.jpg,Tam_053,4,train,False,False
Tam_d08_059_a_3.jpg,Tam_059,3,train,False,False
Tam_d08_059_b_3.jpg,Tam_059,3,train,False,False
Tam_d08_062_a_4.jpg,Tam_062,4,val,False,False
Tam_d08_062_b_4.jpg,Tam_062,4,val,False,True
Tam_d08_066_a_4.jpg,Tam_066,4,train,True,False
Tam_d08_066_b_4.jpg,Tam_066,4,train,True,False
Tam_d08_068_a_4.jpg,Tam_068,4,val,False,False
Tam_d08_068_b_4.jpg,Tam_068,4,val,False,False
Tam_d08_070_a_4.jpg,Tam_070,4,val,False,False
Tam_d08_070_b_4.jpg,Tam_070,4,val,False,False
Tam_d08_073_a_4.jpg,Tam_073,4,val,False,False
Tam_d08_073_b_4.jpg,Tam_073,4,val,False,False
Tam_d08_074_a_4.jpg,Tam_074,4,train,False,False
Tam_d08_074_b_4.jpg,Tam_074,4,train,False,False
Tam_d08_077_a_4.jpg,Tam_077,4,val,True,False
Tam_d08_077_b_4.jpg,Tam_077,4,val,True,False
Tam_d08_078_a_4.jpg,Tam_078,4,test,False,False
Tam_d08_078_b_4.jpg,Tam_078,4,test,False,False
Tam_d08_079_a_4.jpg,Tam_079,4,val,False,False
Tam_d08_079_b_4.jpg,Tam_079,4,val,False,False
Tam_d08_088_a_4.jpg,Tam_088,4,val,False,False
Tam_d08_088_b_4.jpg,Tam_088,4,val,False,False
Tam_d08_102_a_4.jpg,Tam_102,4,train,False,False
Tam_d08_102_b_4.jpg,Tam_102,4,train,False,False
Tam_d08_105_a_4.jpg,Tam_105,4,train,False,False
Tam_d08_105_b_4.jpg,Tam_105,4,train,False,False
Tam_d08_119_a_4.jpg,Tam_119,4,train,False,False
Tam_d08_119_b_4.jpg,Tam_119,4,train,False,False
Tam_d08_121_a_4.jpg,Tam_121,4,train,False,False
Tam_d08_121_b_4.jpg,Tam_121,4,train,False,False
Tam_d08_124_a_5.jpg,Tam_124,5,train,False,False
Tam_d08_124_b_5.jpg,Tam_124,5,train,False,False
Tam_d08_126_a_4.jpg,Tam_126,4,test,False,False
Tam_d08_126_b_4.jpg,Tam_126,4,test,False,False
Tam_d08_134_a_5.jpg,Tam_134,5,train,True,False
Tam_d08_134_b_5.jpg,Tam_134,5,train,True,False
Tam_d08_135_a_5.jpg,Tam_135,5,test,False,False
Tam_d08_135_b_5.jpg,Tam_135,5,test,False,False
Tam_d08_139_a_4.jpg,Tam_139,4,test,True,False
Tam_d08_139_b_4.jpg,Tam_139,4,test,True,False
Tam_d08_140_a_4.jpg,Tam_140,4,test,False,False
Tam_d08_140_b_4.jpg,Tam_140,4,test,False,False
Tam_d08_142_a_4.jpg,Tam_142,4,train,False,False
Tam_d08_142_b_4.jpg,Tam_142,4,train,False,False
Tam_d08_144_a_5.jpg,Tam_144,5,train,False,False
Tam_d08_144_b_5.jpg,Tam_144,5,train,False,False
Tam_d08_147_a_4.jpg,Tam_147,4,train,False,False
Tam_d08_147_b_4.jpg,Tam_147,4,train,False,False
Tam_d08_154_a_4.jpg,Tam_154,4,train,False,False
Tam_d08_154_b_4.jpg,Tam_154,4,train,False,False
Tam_d08_157_a_4.jpg,Tam_157,4,train,False,True
Tam_d08_157_b_4.jpg,Tam_157,4,train,False,True
Tam_d08_159_a_4.jpg,Tam_159,4,train,False,False
Tam_d08_159_b_4.jpg,Tam_159,4,train,False,False
Tam_d08_160_a_4.jpg,Tam_160,4,train,False,False
Tam_d08_160_b_4.jpg,Tam_160,4,train,False,True
Tam_d08_164_a_4.jpg,Tam_164,4,test,False,False
Tam_d08_164_b_4.jpg,Tam_164,4,test,False,True
Tam_d08_169_a_4.jpg,Tam_169,4,train,False,False
Tam_d08_169_b_4.jpg,Tam_169,4,train,False,False
Tam_d08_171_a_4.jpg,Tam_171,4,train,False,False
Tam_d08_171_b_4.jpg,Tam_171,4,train,False,False
Tam_d08_173_a_4.jpg,Tam_173,4,val,False,False
Tam_d08_173_b_4.jpg,Tam_173,4,val,False,False
Tam_d08_175_a_4.jpg,Tam_175,4,val,False,False
Tam_d08_175_b_4.jpg,Tam_175,4,val,False,False
Tam_d08_179_a_5.jpg,Tam_179,5,train,False,False
Tam_d08_179_b_5.jpg,Tam_179,5,train,False,False
Tam_d08_182_a_4.jpg,Tam_182,4,train,False,False
Tam_d08_182_b_4.jpg,Tam_182,4,train,False,False
Tam_d08_184_a_4.jpg,Tam_184,4,val,False,False
Tam_d08_184_b_4.jpg,Tam_184,4,val,False,False
Tam_d08_189_a_5.jpg,Tam_189,5,train,False,False
Tam_d08_189_b_5.jpg,Tam_189,5,train,False,False
Tam_d08_191_a_4.jpg,Tam_191,4,train,False,False
Tam_d08_191_b_4.jpg,Tam_191,4,train,False,False
Tam_d08_195_a_4.jpg,Tam_195,4,train,False,False
Tam_d08_195_b_4.jpg,Tam_195,4,train,False,False
Tam_d08_197_a_4.jpg,Tam_197,4,val,False,False
Tam_d08_197_b_4.jpg,Tam_197,4,val,False,False
Tam_d08_198_a_4.jpg,Tam_198,4,train,False,False
Tam_d08_198_b_4.jpg,Tam_198,4,train,False,False
Tam_d08_200_a_4.jpg,Tam_200,4,train,False,False
Tam_d08_200_b_4.jpg,Tam_200,4,train,False,False
Tam_d08_201_a_4.jpg,Tam_201,4,val,False,False
Tam_d08_201_b_4.jpg,Tam_201,4,val,False,False
Tam_d08_203_a_4.jpg,Tam_203,4,test,True,False
Tam_d08_203_b_4.jpg,Tam_203,4,test,True,False
Tam_d08_205_a_4.jpg,Tam_205,4,train,False,False
Tam_d08_205_b_4.jpg,Tam_205,4,train,False,False
Tam_d08_208_a_4.jpg,Tam_208,4,train,False,False
Tam_d08_208_b_4.jpg,Tam_208,4,train,False,False
Tam_d08_209_a_3.jpg,Tam_209,3,test,False,False
Tam_d08_209_b_3.jpg,Tam_209,3,test,False,False
Tam_d08_210_a_4.jpg,Tam_210,4,train,False,False
Tam_d08_210_b_4.jpg,Tam_210,4,train,False,True
Tam_d08_218_a_4.jpg,Tam_218,4,train,False,False
Tam_d08_218_b_4.jpg,Tam_218,4,train,False,False
Tam_d08_230_a_4.jpg,Tam_230,4,val,False,False
Tam_d08_230_b_4.jpg,Tam_230,4,val,False,False
Tam_d08_231_a_5.jpg,Tam_231,5,test,False,False
Tam_d08_231_b_5.jpg,Tam_231,5,test,False,False
Tam_d08_238_a_4.jpg,Tam_238,4,test,False,True
Tam_d08_238_b_4.jpg,Tam_238,4,test,False,False
Tam_d08_241_a_4.jpg,Tam_241,4,train,False,False
Tam_d08_241_b_4.jpg,Tam_241,4,train,False,False
Tam_d08_242_a_4.jpg,Tam_242,4,train,False,False
Tam_d08_242_b_4.jpg,Tam_242,4,train,False,False
Tam_d08_246_a_4.jpg,Tam_246,4,train,True,False
Tam_d08_246_b_4.jpg,Tam_246,4,train,True,False
Tam_d08_247_a_4.jpg,Tam_247,4,train,False,False
Tam_d08_247_b_4.jpg,Tam_247,4,train,False,False
Tam_d08_248_a_5.jpg,Tam_248,5,train,False,False
Tam_d08_248_b_5.jpg,Tam_248,5,train,False,False
Tam_d08_249_a_4.jpg,Tam_249,4,train,False,False
Tam_d08_249_b_4.jpg,Tam_249,4,train,False,False
Tam_d08_251_a_5.jpg,Tam_251,5,train,False,False
Tam_d08_251_b_5.jpg,Tam_251,5,train,False,False
Tam_d08_257_a_5.jpg,Tam_257,5,train,False,False
Tam_d08_257_b_5.jpg,Tam_257,5,train,False,False
Tam_d08_261_a_4.jpg,Tam_261,4,train,False,False
Tam_d08_261_b_4.jpg,Tam_261,4,train,False,False
Tam_d08_264_a_4.jpg,Tam_264,4,val,True,False
Tam_d08_264_b_4.jpg,Tam_264,4,val,True,False
Tam_d08_270_a_4.jpg,Tam_270,4,train,False,False
Tam_d08_270_b_4.jpg,Tam_270,4,train,False,False
Tam_d08_273_a_4.jpg,Tam_273,4,train,False,False
Tam_d08_273_b_4.jpg,Tam_273,4,train,False,False
Tam_d08_278_a_4.jpg,Tam_278,4,train,False,False
Tam_d08_278_b_4.jpg,Tam_278,4,train,False,False
Tam_d08_280_a_4.jpg,Tam_280,4,train,False,False
Tam_d08_280_b_4.jpg,Tam_280,4,train,False,False
Tam_d08_281_a_4.jpg,Tam_281,4,test,False,False
Tam_d08_281_b_4.jpg,Tam_281,4,test,False,False
Tam_d08_285_a_4.jpg,Tam_285,4,train,False,False
Tam_d08_285_b_4.jpg,Tam_285,4,train,False,False
Tam_d08_286_a_3.jpg,Tam_286,3,val,True,False
Tam_d08_286_b_3.jpg,Tam_286,3,val,True,False
Tam_d08_297_a_4.jpg,Tam_297,4,train,False,False
Tam_d08_297_b_4.jpg,Tam_297,4,train,False,False
Tam_d08_299_a_4.jpg,Tam_299,4,train,False,True
Tam_d08_299_b_4.jpg,Tam_299,4,train,False,False
Tam_d08_301_a_4.jpg,Tam_301,4,val,False,False
Tam_d08_301_b_4.jpg,Tam_301,4,val,False,False
Tam_d08_302_a_5.jpg,Tam_302,5,train,False,False
Tam_d08_302_b_5.jpg,Tam_302,5,train,False,False
Tam_d08_303_a_4.jpg,Tam_303,4,train,False,True
Tam_d08_303_b_4.jpg,Tam_303,4,train,False,False
Tam_d08_304_a_4.jpg,Tam_304,4,train,False,False
Tam_d08_304_b_4.jpg,Tam_304,4,train,False,False
Tam_d08_307_a_4.jpg,Tam_307,4,train,False,False
Tam_d08_307_b_4.jpg,Tam_307,4,train,False,False
Tam_d08_308_a_5.jpg,Tam_308,5,train,False,False
Tam_d08_308_b_5.jpg,Tam_308,5,train,False,False
Tam_d08_312_a_4.jpg,Tam_312,4,train,False,False
Tam_d08_312_b_4.jpg,Tam_312,4,train,False,False
Tam_d08_318_a_4.jpg,Tam_318,4,train,False,False
Tam_d08_318_b_4.jpg,Tam_318,4,train,False,False
Tam_d08_319_a_4.jpg,Tam_319,4,train,False,False
Tam_d08_319_b_4.jpg,Tam_319,4,train,False,False
Tam_d08_323_a_4.jpg,Tam_323,4,train,False,False
Tam_d08_323_b_4.jpg,Tam_323,4,train,False,False
Tam_d08_329_a_4.jpg,Tam_329,4,train,False,False
Tam_d08_329_b_4.jpg,Tam_329,4,train,False,False
Tam_d08_335_a_4.jpg,Tam_335,4,train,True,False
Tam_d08_335_b_4.jpg,Tam_335,4,train,True,False
Tam_d08_339_a_4.jpg,Tam_339,4,test,False,False
Tam_d08_339_b_4.jpg,Tam_339,4,test,False,False
Tam_d08_340_a_4.jpg,Tam_340,4,val,False,False
Tam_d08_340_b_4.jpg,Tam_340,4,val,False,True
Tam_d08_341_a_4.jpg,Tam_341,4,val,False,False
Tam_d08_341_b_4.jpg,Tam_341,4,val,False,False
Tam_d08_342_a_4.jpg,Tam_342,4,train,False,False
Tam_d08_342_b_4.jpg,Tam_342,4,train,False,False
Tam_d08_343_a_5.jpg,Tam_343,5,train,False,False
Tam_d08_343_b_5.jpg,Tam_343,5,train,False,False
Tam_d08_344_a_4.jpg,Tam_344,4,test,False,False
Tam_d08_344_b_4.jpg,Tam_344,4,test,False,False
Tam_d08_348_a_4.jpg,Tam_348,4,train,False,True
Tam_d08_348_b_4.jpg,Tam_348,4,train,False,False
Tam_d08_356_a_4.jpg,Tam_356,4,train,False,False
Tam_d08_356_b_4.jpg,Tam_356,4,train,False,False
Tam_d08_362_a_4.jpg,Tam_362,4,test,False,False
Tam_d08_362_b_4.jpg,Tam_362,4,test,False,False
Tam_d08_370_a_4.jpg,Tam_370,4,train,False,False
Tam_d08_370_b_4.jpg,Tam_370,4,train,False,False
Tam_d08_374_a_4.jpg,Tam_374,4,test,False,False
Tam_d08_374_b_4.jpg,Tam_374,4,test,False,False
Tam_d08_379_a_4.jpg,Tam_379,4,train,False,False
Tam_d08_379_b_4.jpg,Tam_379,4,train,False,False
Tam_d08_380_a_4.jpg,Tam_380,4,train,False,False
Tam_d08_380_b_4.jpg,Tam_380,4,train,False,False
Tam_d08_396_a_4.jpg,Tam_396,4,test,False,False
Tam_d08_396_b_4.jpg,Tam_396,4,test,False,False
Tam_d08_397_a_4.jpg,Tam_397,4,val,False,False
Tam_d08_397_b_4.jpg,Tam_397,4,val,False,False
Tam_d08_403_a_5.jpg,Tam_403,5,val,False,False
Tam_d08_403_b_5.jpg,Tam_403,5,val,False,False
Tam_d08_404_a_4.jpg,Tam_404,4,train,False,True
Tam_d08_404_b_4.jpg,Tam_404,4,train,False,False
Tam_d08_407_a_4.jpg,Tam_407,4,val,False,False
Tam_d08_407_b_4.jpg,Tam_407,4,val,False,False
Tam_d08_416_a_4.jpg,Tam_416,4,test,False,False
Tam_d08_416_b_4.jpg,Tam_416,4,test,False,False
Tam_d08_417_a_4.jpg,Tam_417,4,train,False,False
Tam_d08_417_b_4.jpg,Tam_417,4,train,False,False
Tam_d08_419_a_4.jpg,Tam_419,4,train,False,False
Tam_d08_419_b_4.jpg,Tam_419,4,train,False,False
Tam_d08_424_a_4.jpg,Tam_424,4,val,False,False
Tam_d08_424_b_4.jpg,Tam_424,4,val,False,True
Tam_d08_427_a_4.jpg,Tam_427,4,train,False,True
Tam_d08_427_b_4.jpg,Tam_427,4,train,False,False
Tam_d08_428_a_4.jpg,Tam_428,4,val,False,False
Tam_d08_428_b_4.jpg,Tam_428,4,val,False,True
Tam_d08_434_a_4.jpg,Tam_434,4,train,False,False
Tam_d08_434_b_4.jpg,Tam_434,4,train,False,False
Tam_d08_436_a_4.jpg,Tam_436,4,train,False,False
Tam_d08_436_b_4.jpg,Tam_436,4,train,False,False
Tam_d08_437_a_4.jpg,Tam_437,4,val,True,False
Tam_d08_437_b_4.jpg,Tam_437,4,val,True,False
Tam_d08_441_a_5.jpg,Tam_441,5,train,False,False
Tam_d08_441_b_5.jpg,Tam_441,5,train,False,False
Tam_d08_456_a_5.jpg,Tam_456,5,train,True,False
Tam_d08_456_b_5.jpg,Tam_456,5,train,True,False
Tam_d08_457_a_4.jpg,Tam_457,4,train,False,False
Tam_d08_457_b_4.jpg,Tam_457,4,train,False,False
Tam_d08_460_a_4.jpg,Tam_460,4,val,True,False
Tam_d08_460_b_4.jpg,Tam_460,4,val,True,False
Tam_d08_465_a_4.jpg,Tam_465,4,test,True,False
Tam_d08_465_b_4.jpg,Tam_465,4,test,True,False
Tam_d08_466_a_5.jpg,Tam_466,5,train,True,False
Tam_d08_466_b_5.jpg,Tam_466,5,train,True,False
Tam_d08_467_a_5.jpg,Tam_467,5,train,False,True
Tam_d08_467_b_5.jpg,Tam_467,5,train,False,False
Tam_d08_472_a_4.jpg,Tam_472,4,test,False,False
Tam_d08_472_b_4.jpg,Tam_472,4,test,False,True
Tam_d08_473_a_4.jpg,Tam_473,4,val,False,False
Tam_d08_473_b_4.jpg,Tam_473,4,val,False,False
Tam_d08_474_a_4.jpg,Tam_474,4,val,False,False
Tam_d08_474_b_4.jpg,Tam_474,4,val,False,False
Tam_d09_009_a_5.jpg,Tam_009,5,train,False,False
Tam_d09_009_b_5.jpg,Tam_009,5,train,False,False
Tam_d09_016_a_5.jpg,Tam_016,5,val,True,False
Tam_d09_016_b_5.jpg,Tam_016,5,val,True,False
Tam_d09_017_a_5.jpg,Tam_017,5,train,True,False
Tam_d09_017_b_5.jpg,Tam_017,5,train,True,False
Tam_d09_019_a_5.jpg,Tam_019,5,val,False,False
Tam_d09_019_b_5.jpg,Tam_019,5,val,False,True
Tam_d09_028_a_5.jpg,Tam_028,5,train,False,False
Tam_d09_028_b_5.jpg,Tam_028,5,train,False,False
Tam_d09_030_a_5.jpg,Tam_030,5,train,True,False
Tam_d09_030_b_5.jpg,Tam_030,5,train,True,False
Tam_d09_039_a_4.jpg,Tam_039,4,train,False,False
Tam_d09_039_b_4.jpg,Tam_039,4,train,False,False
Tam_d09_051_a_4.jpg,Tam_051,4,train,False,False
Tam_d09_051_b_4.jpg,Tam_051,4,train,False,False
Tam_d09_053_a_5.jpg,Tam_053,5,train,False,False
Tam_d09_053_b_5.jpg,Tam_053,5,train,False,False
Tam_d09_059_a_4.jpg,Tam_059,4,train,False,False
Tam_d09_059_b_4.jpg,Tam_059,4,train,False,False
Tam_d09_062_a_5.jpg,Tam_062,5,val,False,False
Tam_d09_062_b_5.jpg,Tam_062,5,val,False,False
Tam_d09_066_a_5.jpg,Tam_066,5,train,True,False
Tam_d09_066_b_5.jpg,Tam_066,5,train,True,False
Tam_d09_068_a_5.jpg,Tam_068,5,val,False,True
Tam_d09_068_b_5.jpg,Tam_068,5,val,False,False
Tam_d09_070_a_4.jpg,Tam_070,4,val,False,False
Tam_d09_070_b_4.jpg,Tam_070,4,val,False,False
Tam_d09_073_a_4.jpg,Tam_073,4,val,False,False
Tam_d09_073_b_4.jpg,Tam_073,4,val,False,False
Tam_d09_074_a_4.jpg,Tam_074,4,train,False,False
Tam_d09_074_b_4.jpg,Tam_074,4,train,False,False
Tam_d09_077_a_5.jpg,Tam_077,5,val,True,False
Tam_d09_077_b_5.jpg,Tam_077,5,val,True,False
Tam_d09_078_a_4.jpg,Tam_078,4,test,False,False
Tam_d09_078_b_4.jpg,Tam_078,4,test,False,False
Tam_d09_079_a_5.jpg,Tam_079,5,val,False,False
Tam_d09_079_b_5.jpg,Tam_079,5,val,False,False
Tam_d09_088_a_5.jpg,Tam_088,5,val,False,False
Tam_d09_088_b_5.jpg,Tam_088,5,val,False,False
Tam_d09_102_a_4.jpg,Tam_102,4,train,False,False
Tam_d09_102_b_4.jpg,Tam_102,4,train,False,False
Tam_d09_105_a_4.jpg,Tam_105,4,train,False,False
Tam_d09_105_b_4.jpg,Tam_105,4,train,False,False
Tam_d09_119_a_4.jpg,Tam_119,4,train,False,False
Tam_d09_119_b_4.jpg,Tam_119,4,train,False,False
Tam_d09_121_a_4.jpg,Tam_121,4,train,False,False
Tam_d09_121_b_4.jpg,Tam_121,4,train,False,False
Tam_d09_124_a_5.jpg,Tam_124,5,train,False,False
Tam_d09_124_b_5.jpg,Tam_124,5,train,False,False
Tam_d09_126_a_5.jpg,Tam_126,5,test,False,False
Tam_d09_126_b_5.jpg,Tam_126,5,test,False,False
Tam_d09_134_a_5.jpg,Tam_134,5,train,True,False
Tam_d09_134_b_5.jpg,Tam_134,5,train,True,False
Tam_d09_135_a_5.jpg,Tam_135,5,test,False,False
Tam_d09_135_b_5.jpg,Tam_135,5,test,False,False
Tam_d09_139_a_4.jpg,Tam_139,4,test,True,False
Tam_d09_139_b_4.jpg,Tam_139,4,test,True,False
Tam_d09_140_a_5.jpg,Tam_140,5,test,False,False
Tam_d09_140_b_5.jpg,Tam_140,5,test,False,False
Tam_d09_142_a_5.jpg,Tam_142,5,train,False,True
Tam_d09_142_b_5.jpg,Tam_142,5,train,False,False
Tam_d09_144_a_5.jpg,Tam_144,5,train,False,False
Tam_d09_144_b_5.jpg,Tam_144,5,train,False,False
Tam_d09_147_a_4.jpg,Tam_147,4,train,False,False
Tam_d09_147_b_4.jpg,Tam_147,4,train,False,False
Tam_d09_154_a_5.jpg,Tam_154,5,train,False,False
Tam_d09_154_b_5.jpg,Tam_154,5,train,False,False
Tam_d09_157_a_5.jpg,Tam_157,5,train,False,False
Tam_d09_157_b_5.jpg,Tam_157,5,train,False,False
Tam_d09_159_a_5.jpg,Tam_159,5,train,False,False
Tam_d09_159_b_5.jpg,Tam_159,5,train,False,False
Tam_d09_160_a_5.jpg,Tam_160,5,train,False,False
Tam_d09_160_b_5.jpg,Tam_160,5,train,False,False
Tam_d09_164_a_5.jpg,Tam_164,5,test,False,False
Tam_d09_164_b_5.jpg,Tam_164,5,test,False,False
Tam_d09_169_a_4.jpg,Tam_169,4,train,False,False
Tam_d09_169_b_4.jpg,Tam_169,4,train,False,False
Tam_d09_171_a_5.jpg,Tam_171,5,train,False,False
Tam_d09_171_b_5.jpg,Tam_171,5,train,False,False
Tam_d09_173_a_5.jpg,Tam_173,5,val,False,False
Tam_d09_173_b_5.jpg,Tam_173,5,val,False,False
Tam_d09_175_a_4.jpg,Tam_175,4,val,False,False
Tam_d09_175_b_4.jpg,Tam_175,4,val,False,False
Tam_d09_179_a_5.jpg,Tam_179,5,train,False,False
Tam_d09_179_b_5.jpg,Tam_179,5,train,False,False
Tam_d09_182_a_5.jpg,Tam_182,5,train,False,False
Tam_d09_182_b_5.jpg,Tam_182,5,train,False,False
Tam_d09_184_a_5.jpg,Tam_184,5,val,False,False
Tam_d09_184_b_5.jpg,Tam_184,5,val,False,False
Tam_d09_189_a_5.jpg,Tam_189,5,train,False,False
Tam_d09_189_b_5.jpg,Tam_189,5,train,False,True
Tam_d09_191_a_4.jpg,Tam_191,4,train,False,False
Tam_d09_191_b_4.jpg,Tam_191,4,train,False,False
Tam_d09_195_a_5.jpg,Tam_195,5,train,False,False
Tam_d09_195_b_5.jpg,Tam_195,5,train,False,False
Tam_d09_197_a_5.jpg,Tam_197,5,val,False,False
Tam_d09_197_b_5.jpg,Tam_197,5,val,False,True
Tam_d09_198_a_4.jpg,Tam_198,4,train,False,False
Tam_d09_198_b_4.jpg,Tam_198,4,train,False,False
Tam_d09_200_a_4.jpg,Tam_200,4,train,False,False
Tam_d09_200_b_4.jpg,Tam_200,4,train,False,False
Tam_d09_201_a_5.jpg,Tam_201,5,val,False,False
Tam_d09_201_b_5.jpg,Tam_201,5,val,False,False
Tam_d09_203_a_4.jpg,Tam_203,4,test,True,False
Tam_d09_203_b_4.jpg,Tam_203,4,test,True,False
Tam_d09_205_a_5.jpg,Tam_205,5,train,False,True
Tam_d09_205_b_5.jpg,Tam_205,5,train,False,False
Tam_d09_208_a_5.jpg,Tam_208,5,train,False,False
Tam_d09_208_b_5.jpg,Tam_208,5,train,False,False
Tam_d09_209_a_4.jpg,Tam_209,4,test,False,True
Tam_d09_209_b_4.jpg,Tam_209,4,test,False,False
Tam_d09_210_a_5.jpg,Tam_210,5,train,False,False
Tam_d09_210_b_5.jpg,Tam_210,5,train,False,True
Tam_d09_218_a_4.jpg,Tam_218,4,train,False,False
Tam_d09_218_b_4.jpg,Tam_218,4,train,False,False
Tam_d09_230_a_4.jpg,Tam_230,4,val,False,False
Tam_d09_230_b_4.jpg,Tam_230,4,val,False,False
Tam_d09_231_a_5.jpg,Tam_231,5,test,False,False
Tam_d09_231_b_5.jpg,Tam_231,5,test,False,False
Tam_d09_238_a_5.jpg,Tam_238,5,test,False,False
Tam_d09_238_b_5.jpg,Tam_238,5,test,False,False
Tam_d09_241_a_4.jpg,Tam_241,4,train,False,False
Tam_d09_241_b_4.jpg,Tam_241,4,train,False,False
Tam_d09_242_a_4.jpg,Tam_242,4,train,False,False
Tam_d09_242_b_4.jpg,Tam_242,4,train,False,False
Tam_d09_246_a_5.jpg,Tam_246,5,train,True,False
Tam_d09_246_b_5.jpg,Tam_246,5,train,True,False
Tam_d09_247_a_5.jpg,Tam_247,5,train,False,False
Tam_d09_247_b_5.jpg,Tam_247,5,train,False,False
Tam_d09_248_a_5.jpg,Tam_248,5,train,False,False
Tam_d09_248_b_5.jpg,Tam_248,5,train,False,False
Tam_d09_249_a_4.jpg,Tam_249,4,train,False,False
Tam_d09_249_b_4.jpg,Tam_249,4,train,False,True
Tam_d09_251_a_5.jpg,Tam_251,5,train,False,False
Tam_d09_251_b_5.jpg,Tam_251,5,train,False,False
Tam_d09_257_a_5.jpg,Tam_257,5,train,False,False
Tam_d09_257_b_5.jpg,Tam_257,5,train,False,False
Tam_d09_261_a_5.jpg,Tam_261,5,train,False,False
Tam_d09_261_b_5.jpg,Tam_261,5,train,False,False
Tam_d09_264_a_4.jpg,Tam_264,4,val,True,False
Tam_d09_264_b_4.jpg,Tam_264,4,val,True,False
Tam_d09_270_a_5.jpg,Tam_270,5,train,False,True
Tam_d09_270_b_5.jpg,Tam_270,5,train,False,False
Tam_d09_273_a_4.jpg,Tam_273,4,train,False,False
Tam_d09_273_b_4.jpg,Tam_273,4,train,False,False
Tam_d09_278_a_5.jpg,Tam_278,5,train,False,False
Tam_d09_278_b_5.jpg,Tam_278,5,train,False,False
Tam_d09_280_a_4.jpg,Tam_280,4,train,False,False
Tam_d09_280_b_4.jpg,Tam_280,4,train,False,False
Tam_d09_281_a_5.jpg,Tam_281,5,test,False,False
Tam_d09_281_b_5.jpg,Tam_281,5,test,False,True
Tam_d09_285_a_4.jpg,Tam_285,4,train,False,True
Tam_d09_285_b_4.jpg,Tam_285,4,train,False,False
Tam_d09_286_a_4.jpg,Tam_286,4,val,True,False
Tam_d09_286_b_4.jpg,Tam_286,4,val,True,False
Tam_d09_297_a_4.jpg,Tam_297,4,train,False,False
Tam_d09_297_b_4.jpg,Tam_297,4,train,False,False
Tam_d09_299_a_4.jpg,Tam_299,4,train,False,False
Tam_d09_299_b_4.jpg,Tam_299,4,train,False,False
Tam_d09_301_a_5.jpg,Tam_301,5,val,False,True
Tam_d09_301_b_5.jpg,Tam_301,5,val,False,False
Tam_d09_302_a_5.jpg,Tam_302,5,train,False,False
Tam_d09_302_b_5.jpg,Tam_302,5,train,False,True
Tam_d09_303_a_4.jpg,Tam_303,4,train,False,False
Tam_d09_303_b_4.jpg,Tam_303,4,train,False,False
Tam_d09_304_a_5.jpg,Tam_304,5,train,False,True
Tam_d09_304_b_5.jpg,Tam_304,5,train,False,False
Tam_d09_307_a_5.jpg,Tam_307,5,train,False,False
Tam_d09_307_b_5.jpg,Tam_307,5,train,False,False
Tam_d09_308_a_5.jpg,Tam_308,5,train,False,False
Tam_d09_308_b_5.jpg,Tam_308,5,train,False,False
Tam_d09_312_a_4.jpg,Tam_312,4,train,False,False
Tam_d09_312_b_4.jpg,Tam_312,4,train,False,False
Tam_d09_318_a_4.jpg,Tam_318,4,train,False,False
Tam_d09_318_b_4.jpg,Tam_318,4,train,False,False
Tam_d09_319_a_4.jpg,Tam_319,4,train,False,False
Tam_d09_319_b_4.jpg,Tam_319,4,train,False,False
Tam_d09_323_a_5.jpg,Tam_323,5,train,False,False
Tam_d09_323_b_5.jpg,Tam_323,5,train,False,False
Tam_d09_329_a_5.jpg,Tam_329,5,train,False,False
Tam_d09_329_b_5.jpg,Tam_329,5,train,False,False
Tam_d09_335_a_4.jpg,Tam_335,4,train,True,False
Tam_d09_335_b_4.jpg,Tam_335,4,train,True,False
Tam_d09_339_a_4.jpg,Tam_339,4,test,False,False
Tam_d09_339_b_4.jpg,Tam_339,4,test,False,False
Tam_d09_340_a_5.jpg,Tam_340,5,val,False,True
Tam_d09_340_b_5.jpg,Tam_340,5,val,False,False
Tam_d09_341_a_5.jpg,Tam_341,5,val,False,False
Tam_d09_341_b_5.jpg,Tam_341,5,val,False,False
Tam_d09_342_a_4.jpg,Tam_342,4,train,False,False
Tam_d09_342_b_4.jpg,Tam_342,4,train,False,False
Tam_d09_343_a_5.jpg,Tam_343,5,train,False,False
Tam_d09_343_b_5.jpg,Tam_343,5,train,False,False
Tam_d09_344_a_5.jpg,Tam_344,5,test,False,False
Tam_d09_344_b_5.jpg,Tam_344,5,test,False,False
Tam_d09_348_a_4.jpg,Tam_348,4,train,False,False
Tam_d09_348_b_4.jpg,Tam_348,4,train,False,False
Tam_d09_356_a_5.jpg,Tam_356,5,train,False,False
Tam_d09_356_b_5.jpg,Tam_356,5,train,False,False
Tam_d09_362_a_4.jpg,Tam_362,4,test,False,False
Tam_d09_362_b_4.jpg,Tam_362,4,test,False,False
Tam_d09_370_a_4.jpg,Tam_370,4,train,False,False
Tam_d09_370_b_4.jpg,Tam_370,4,train,False,False
Tam_d09_374_a_4.jpg,Tam_374,4,test,False,False
Tam_d09_374_b_4.jpg,Tam_374,4,test,False,False
Tam_d09_379_a_5.jpg,Tam_379,5,train,False,False
Tam_d09_379_b_5.jpg,Tam_379,5,train,False,False
Tam_d09_380_a_4.jpg,Tam_380,4,train,False,False
Tam_d09_380_b_4.jpg,Tam_380,4,train,False,False
Tam_d09_396_a_4.jpg,Tam_396,4,test,False,False
Tam_d09_396_b_4.jpg,Tam_396,4,test,False,False
Tam_d09_397_a_4.jpg,Tam_397,4,val,False,True
Tam_d09_397_b_4.jpg,Tam_397,4,val,False,False
Tam_d09_403_a_5.jpg,Tam_403,5,val,False,False
Tam_d09_403_b_5.jpg,Tam_403,5,val,False,False
Tam_d09_404_a_5.jpg,Tam_404,5,train,False,True
Tam_d09_404_b_5.jpg,Tam_404,5,train,False,False
Tam_d09_407_a_4.jpg,Tam_407,4,val,False,False
Tam_d09_407_b_4.jpg,Tam_407,4,val,False,False
Tam_d09_416_a_5.jpg,Tam_416,5,test,False,False
Tam_d09_416_b_5.jpg,Tam_416,5,test,False,False
Tam_d09_417_a_5.jpg,Tam_417,5,train,False,False
Tam_d09_417_b_5.jpg,Tam_417,5,train,False,False
Tam_d09_419_a_5.jpg,Tam_419,5,train,False,False
Tam_d09_419_b_5.jpg,Tam_419,5,train,False,False
Tam_d09_424_a_5.jpg,Tam_424,5,val,False,False
Tam_d09_424_b_5.jpg,Tam_424,5,val,False,False
Tam_d09_427_a_5.jpg,Tam_427,5,train,False,False
Tam_d09_427_b_5.jpg,Tam_427,5,train,False,False
Tam_d09_428_a_4.jpg,Tam_428,4,val,False,False
Tam_d09_428_b_4.jpg,Tam_428,4,val,False,False
Tam_d09_434_a_5.jpg,Tam_434,5,train,False,False
Tam_d09_434_b_5.jpg,Tam_434,5,train,False,False
Tam_d09_436_a_5.jpg,Tam_436,5,train,False,False
Tam_d09_436_b_5.jpg,Tam_436,5,train,False,False
Tam_d09_437_a_5.jpg,Tam_437,5,val,True,False
Tam_d09_437_b_5.jpg,Tam_437,5,val,True,False
Tam_d09_441_a_5.jpg,Tam_441,5,train,False,False
Tam_d09_441_b_5.jpg,Tam_441,5,train,False,False
Tam_d09_456_a_5.jpg,Tam_456,5,train,True,False
Tam_d09_456_b_5.jpg,Tam_456,5,train,True,False
Tam_d09_457_a_5.jpg,Tam_457,5,train,False,False
Tam_d09_457_b_5.jpg,Tam_457,5,train,False,False
Tam_d09_460_a_5.jpg,Tam_460,5,val,True,False
Tam_d09_460_b_5.jpg,Tam_460,5,val,True,False
Tam_d09_465_a_5.jpg,Tam_465,5,test,True,False
Tam_d09_465_b_5.jpg,Tam_465,5,test,True,False
Tam_d09_466_a_5.jpg,Tam_466,5,train,True,False
Tam_d09_466_b_5.jpg,Tam_466,5,train,True,False
Tam_d09_467_a_5.jpg,Tam_467,5,train,False,False
Tam_d09_467_b_5.jpg,Tam_467,5,train,False,False
Tam_d09_472_a_5.jpg,Tam_472,5,test,False,False
Tam_d09_472_b_5.jpg,Tam_472,5,test,False,False
Tam_d09_473_a_5.jpg,Tam_473,5,val,False,False
Tam_d09_473_b_5.jpg,Tam_473,5,val,False,False
Tam_d09_474_a_5.jpg,Tam_474,5,val,False,False
Tam_d09_474_b_5.jpg,Tam_474,5,val,False,False
Tam_d10_009_a_5.jpg,Tam_009,5,train,False,False
Tam_d10_009_b_5.jpg,Tam_009,5,train,False,True
Tam_d10_016_a_5.jpg,Tam_016,5,val,True,False
Tam_d10_016_b_5.jpg,Tam_016,5,val,True,False
Tam_d10_017_a_5.jpg,Tam_017,5,train,True,False
Tam_d10_017_b_5.jpg,Tam_017,5,train,True,False
Tam_d10_019_a_5.jpg,Tam_019,5,val,False,False
Tam_d10_019_b_5.jpg,Tam_019,5,val,False,False
Tam_d10_028_a_5.jpg,Tam_028,5,train,False,False
Tam_d10_028_b_5.jpg,Tam_028,5,train,False,False
Tam_d10_030_a_5.jpg,Tam_030,5,train,True,False
Tam_d10_030_b_5.jpg,Tam_030,5,train,True,False
Tam_d10_039_a_5.jpg,Tam_039,5,train,False,False
Tam_d10_039_b_5.jpg,Tam_039,5,train,False,False
Tam_d10_051_a_5.jpg,Tam_051,5,train,False,False
Tam_d10_051_b_5.jpg,Tam_051,5,train,False,False
Tam_d10_053_a_5.jpg,Tam_053,5,train,False,False
Tam_d10_053_b_5.jpg,Tam_053,5,train,False,False
Tam_d10_059_a_5.jpg,Tam_059,5,train,False,True
Tam_d10_059_b_5.jpg,Tam_059,5,train,False,False
Tam_d10_062_a_5.jpg,Tam_062,5,val,False,False
Tam_d10_062_b_5.jpg,Tam_062,5,val,False,False
Tam_d10_066_a_5.jpg,Tam_066,5,train,True,False
Tam_d10_066_b_5.jpg,Tam_066,5,train,True,False
Tam_d10_068_a_5.jpg,Tam_068,5,val,False,False
Tam_d10_068_b_5.jpg,Tam_068,5,val,False,True
Tam_d10_070_a_5.jpg,Tam_070,5,val,False,False
Tam_d10_070_b_5.jpg,Tam_070,5,val,False,False
Tam_d10_073_a_5.jpg,Tam_073,5,val,False,False
Tam_d10_073_b_5.jpg,Tam_073,5,val,False,False
Tam_d10_074_a_5.jpg,Tam_074,5,train,False,False
Tam_d10_074_b_5.jpg,Tam_074,5,train,False,False
Tam_d10_077_a_5.jpg,Tam_077,5,val,True,False
Tam_d10_077_b_5.jpg,Tam_077,5,val,True,False
Tam_d10_078_a_5.jpg,Tam_078,5,test,False,False
Tam_d10_078_b_5.jpg,Tam_078,5,test,False,False
Tam_d10_079_a_5.jpg,Tam_079,5,val,False,False
Tam_d10_079_b_5.jpg,Tam_079,5,val,False,False
Tam_d10_088_a_5.jpg,Tam_088,5,val,False,False
Tam_d10_088_b_5.jpg,Tam_088,5,val,False,True
Tam_d10_102_a_5.jpg,Tam_102,5,train,False,True
Tam_d10_102_b_5.jpg,Tam_102,5,train,False,False
Tam_d10_105_a_5.jpg,Tam_105,5,train,False,False
Tam_d10_105_b_5.jpg,Tam_105,5,train,False,False
Tam_d10_119_a_5.jpg,Tam_119,5,train,False,False
Tam_d10_119_b_5.jpg,Tam_119,5,train,False,False
Tam_d10_121_a_5.jpg,Tam_121,5,train,False,False
Tam_d10_121_b_5.jpg,Tam_121,5,train,False,True
Tam_d10_124_a_5.jpg,Tam_124,5,train,False,False
Tam_d10_124_b_5.jpg,Tam_124,5,train,False,False
Tam_d10_126_a_5.jpg,Tam_126,5,test,False,False
Tam_d10_126_b_5.jpg,Tam_126,5,test,False,False
Tam_d10_134_a_5.jpg,Tam_134,5,train,True,False
Tam_d10_134_b_5.jpg,Tam_134,5,train,True,False
Tam_d10_135_a_5.jpg,Tam_135,5,test,False,False
Tam_d10_135_b_5.jpg,Tam_135,5,test,False,False
Tam_d10_139_a_5.jpg,Tam_139,5,test,True,False
Tam_d10_139_b_5.jpg,Tam_139,5,test,True,False
Tam_d10_140_a_5.jpg,Tam_140,5,test,False,False
Tam_d10_140_b_5.jpg,Tam_140,5,test,False,False
Tam_d10_142_a_5.jpg,Tam_142,5,train,False,False
Tam_d10_142_b_5.jpg,Tam_142,5,train,False,False
Tam_d10_144_a_5.jpg,Tam_144,5,train,False,False
Tam_d10_144_b_5.jpg,Tam_144,5,train,False,False
Tam_d10_147_a_5.jpg,Tam_147,5,train,False,False
Tam_d10_147_b_5.jpg,Tam_147,5,train,False,False
Tam_d10_154_a_5.jpg,Tam_154,5,train,False,False
Tam_d10_154_b_5.jpg,Tam_154,5,train,False,False
Tam_d10_157_a_5.jpg,Tam_157,5,train,False,False
Tam_d10_157_b_5.jpg,Tam_157,5,train,False,False
Tam_d10_159_a_5.jpg,Tam_159,5,train,False,False
Tam_d10_159_b_5.jpg,Tam_159,5,train,False,False
Tam_d10_160_a_5.jpg,Tam_160,5,train,False,False
Tam_d10_160_b_5.jpg,Tam_160,5,train,False,False
Tam_d10_164_a_5.jpg,Tam_164,5,test,False,False
Tam_d10_164_b_5.jpg,Tam_164,5,test,False,False
Tam_d10_169_a_5.jpg,Tam_169,5,train,False,False
Tam_d10_169_b_5.jpg,Tam_169,5,train,False,False
Tam_d10_171_a_5.jpg,Tam_171,5,train,False,False
Tam_d10_171_b_5.jpg,Tam_171,5,train,False,False
Tam_d10_173_a_5.jpg,Tam_173,5,val,False,False
Tam_d10_173_b_5.jpg,Tam_173,5,val,False,False
Tam_d10_175_a_5.jpg,Tam_175,5,val,False,False
Tam_d10_175_b_5.jpg,Tam_175,5,val,False,True
Tam_d10_179_a_5.jpg,Tam_179,5,train,False,False
Tam_d10_179_b_5.jpg,Tam_179,5,train,False,False
Tam_d10_182_a_5.jpg,Tam_182,5,train,False,False
Tam_d10_182_b_5.jpg,Tam_182,5,train,False,False
Tam_d10_184_a_5.jpg,Tam_184,5,val,False,True
Tam_d10_184_b_5.jpg,Tam_184,5,val,False,False
Tam_d10_189_a_5.jpg,Tam_189,5,train,False,False
Tam_d10_189_b_5.jpg,Tam_189,5,train,False,False
Tam_d10_191_a_5.jpg,Tam_191,5,train,False,False
Tam_d10_191_b_5.jpg,Tam_191,5,train,False,False
Tam_d10_195_a_5.jpg,Tam_195,5,train,False,False
Tam_d10_195_b_5.jpg,Tam_195,5,train,False,False
Tam_d10_197_a_5.jpg,Tam_197,5,val,False,False
Tam_d10_197_b_5.jpg,Tam_197,5,val,False,False
Tam_d10_198_a_5.jpg,Tam_198,5,train,False,False
Tam_d10_198_b_5.jpg,Tam_198,5,train,False,False
Tam_d10_200_a_5.jpg,Tam_200,5,train,False,True
Tam_d10_200_b_5.jpg,Tam_200,5,train,False,False
Tam_d10_201_a_5.jpg,Tam_201,5,val,False,False
Tam_d10_201_b_5.jpg,Tam_201,5,val,False,False
Tam_d10_203_a_5.jpg,Tam_203,5,test,True,False
Tam_d10_203_b_5.jpg,Tam_203,5,test,True,False
Tam_d10_205_a_5.jpg,Tam_205,5,train,False,False
Tam_d10_205_b_5.jpg,Tam_205,5,train,False,False
Tam_d10_208_a_5.jpg,Tam_208,5,train,False,False
Tam_d10_208_b_5.jpg,Tam_208,5,train,False,False
Tam_d10_209_a_5.jpg,Tam_209,5,test,False,False
Tam_d10_209_b_5.jpg,Tam_209,5,test,False,False
Tam_d10_210_a_5.jpg,Tam_210,5,train,False,False
Tam_d10_210_b_5.jpg,Tam_210,5,train,False,False
Tam_d10_218_a_5.jpg,Tam_218,5,train,False,False
Tam_d10_218_b_5.jpg,Tam_218,5,train,False,False
Tam_d10_230_a_5.jpg,Tam_230,5,val,False,False
Tam_d10_230_b_5.jpg,Tam_230,5,val,False,False
Tam_d10_231_a_5.jpg,Tam_231,5,test,False,False
Tam_d10_231_b_5.jpg,Tam_231,5,test,False,False
Tam_d10_238_a_5.jpg,Tam_238,5,test,False,False
Tam_d10_238_b_5.jpg,Tam_238,5,test,False,False
Tam_d10_241_a_5.jpg,Tam_241,5,train,False,True
Tam_d10_241_b_5.jpg,Tam_241,5,train,False,True
Tam_d10_242_a_5.jpg,Tam_242,5,train,False,False
Tam_d10_242_b_5.jpg,Tam_242,5,train,False,False
Tam_d10_246_a_5.jpg,Tam_246,5,train,True,False
Tam_d10_246_b_5.jpg,Tam_246,5,train,True,False
Tam_d10_247_a_5.jpg,Tam_247,5,train,False,False
Tam_d10_247_b_5.jpg,Tam_247,5,train,False,False
Tam_d10_248_a_5.jpg,Tam_248,5,train,False,False
Tam_d10_248_b_5.jpg,Tam_248,5,train,False,False
Tam_d10_251_a_5.jpg,Tam_251,5,train,False,False
Tam_d10_251_b_5.jpg,Tam_251,5,train,False,False
Tam_d10_257_a_5.jpg,Tam_257,5,train,False,False
Tam_d10_257_b_5.jpg,Tam_257,5,train,False,False
Tam_d10_261_a_5.jpg,Tam_261,5,train,False,False
Tam_d10_261_b_5.jpg,Tam_261,5,train,False,False
Tam_d10_264_a_5.jpg,Tam_264,5,val,True,False
Tam_d10_264_b_5.jpg,Tam_264,5,val,True,False
Tam_d10_270_a_5.jpg,Tam_270,5,train,False,False
Tam_d10_270_b_5.jpg,Tam_270,5,train,False,False
Tam_d10_273_a_5.jpg,Tam_273,5,train,False,False
Tam_d10_273_b_5.jpg,Tam_273,5,train,False,False
Tam_d10_278_a_5.jpg,Tam_278,5,train,False,False
Tam_d10_278_b_5.jpg,Tam_278,5,train,False,False
Tam_d10_280_a_5.jpg,Tam_280,5,train,False,False
Tam_d10_280_b_5.jpg,Tam_280,5,train,False,False
Tam_d10_281_a_5.jpg,Tam_281,5,test,False,False
Tam_d10_281_b_5.jpg,Tam_281,5,test,False,False
Tam_d10_285_a_5.jpg,Tam_285,5,train,False,False
Tam_d10_285_b_5.jpg,Tam_285,5,train,False,False
Tam_d10_286_a_5.jpg,Tam_286,5,val,True,False
Tam_d10_286_b_5.jpg,Tam_286,5,val,True,False
Tam_d10_297_a_5.jpg,Tam_297,5,train,False,False
Tam_d10_297_b_5.jpg,Tam_297,5,train,False,True
Tam_d10_299_a_5.jpg,Tam_299,5,train,False,True
Tam_d10_299_b_5.jpg,Tam_299,5,train,False,False
Tam_d10_301_a_5.jpg,Tam_301,5,val,False,False
Tam_d10_301_b_5.jpg,Tam_301,5,val,False,False
Tam_d10_302_a_5.jpg,Tam_302,5,train,False,False
Tam_d10_302_b_5.jpg,Tam_302,5,train,False,False
Tam_d10_303_a_5.jpg,Tam_303,5,train,False,False
Tam_d10_303_b_5.jpg,Tam_303,5,train,False,False
Tam_d10_307_a_5.jpg,Tam_307,5,train,False,False
Tam_d10_307_b_5.jpg,Tam_307,5,train,False,False
Tam_d10_308_a_5.jpg,Tam_308,5,train,False,False
Tam_d10_308_b_5.jpg,Tam_308,5,train,False,False
Tam_d10_312_a_5.jpg,Tam_312,5,train,False,False
Tam_d10_312_b_5.jpg,Tam_312,5,train,False,False
Tam_d10_318_a_5.jpg,Tam_318,5,train,False,False
Tam_d10_318_b_5.jpg,Tam_318,5,train,False,False
Tam_d10_319_a_5.jpg,Tam_319,5,train,False,False
Tam_d10_319_b_5.jpg,Tam_319,5,train,False,False
Tam_d10_323_a_5.jpg,Tam_323,5,train,False,False
Tam_d10_323_b_5.jpg,Tam_323,5,train,False,False
Tam_d10_329_a_5.jpg,Tam_329,5,train,False,False
Tam_d10_329_b_5.jpg,Tam_329,5,train,False,False
Tam_d10_335_a_5.jpg,Tam_335,5,train,True,False
Tam_d10_335_b_5.jpg,Tam_335,5,train,True,False
Tam_d10_339_a_5.jpg,Tam_339,5,test,False,False
Tam_d10_339_b_5.jpg,Tam_339,5,test,False,False
Tam_d10_340_a_5.jpg,Tam_340,5,val,False,True
Tam_d10_340_b_5.jpg,Tam_340,5,val,False,False
Tam_d10_341_a_5.jpg,Tam_341,5,val,False,False
Tam_d10_341_b_5.jpg,Tam_341,5,val,False,False
Tam_d10_342_a_5.jpg,Tam_342,5,train,False,False
Tam_d10_342_b_5.jpg,Tam_342,5,train,False,False
Tam_d10_343_a_5.jpg,Tam_343,5,train,False,False
Tam_d10_343_b_5.jpg,Tam_343,5,train,False,False
Tam_d10_344_a_5.jpg,Tam_344,5,test,False,False
Tam_d10_344_b_5.jpg,Tam_344,5,test,False,True
Tam_d10_348_a_5.jpg,Tam_348,5,train,False,False
Tam_d10_348_b_5.jpg,Tam_348,5,train,False,False
Tam_d10_356_a_5.jpg,Tam_356,5,train,False,False
Tam_d10_356_b_5.jpg,Tam_356,5,train,False,False
Tam_d10_362_a_5.jpg,Tam_362,5,test,False,False
Tam_d10_362_b_5.jpg,Tam_362,5,test,False,False
Tam_d10_370_a_5.jpg,Tam_370,5,train,False,False
Tam_d10_370_b_5.jpg,Tam_370,5,train,False,False
Tam_d10_374_a_5.jpg,Tam_374,5,test,False,False
Tam_d10_374_b_5.jpg,Tam_374,5,test,False,False
Tam_d10_379_a_5.jpg,Tam_379,5,train,False,True
Tam_d10_379_b_5.jpg,Tam_379,5,train,False,False
Tam_d10_380_a_5.jpg,Tam_380,5,train,False,False
Tam_d10_380_b_5.jpg,Tam_380,5,train,False,False
Tam_d10_396_a_5.jpg,Tam_396,5,test,False,False
Tam_d10_396_b_5.jpg,Tam_396,5,test,False,False
Tam_d10_397_a_5.jpg,Tam_397,5,val,False,False
Tam_d10_397_b_5.jpg,Tam_397,5,val,False,False
Tam_d10_403_a_5.jpg,Tam_403,5,val,False,False
Tam_d10_403_b_5.jpg,Tam_403,5,val,False,False
Tam_d10_404_a_5.jpg,Tam_404,5,train,False,False
Tam_d10_404_b_5.jpg,Tam_404,5,train,False,False
Tam_d10_407_a_5.jpg,Tam_407,5,val,False,False
Tam_d10_407_b_5.jpg,Tam_407,5,val,False,False
Tam_d10_416_a_5.jpg,Tam_416,5,test,False,False
Tam_d10_416_b_5.jpg,Tam_416,5,test,False,False
Tam_d10_417_a_5.jpg,Tam_417,5,train,False,False
Tam_d10_417_b_5.jpg,Tam_417,5,train,False,True
Tam_d10_419_a_5.jpg,Tam_419,5,train,False,False
Tam_d10_419_b_5.jpg,Tam_419,5,train,False,False
Tam_d10_424_a_5.jpg,Tam_424,5,val,False,False
Tam_d10_424_b_5.jpg,Tam_424,5,val,False,False
Tam_d10_427_a_5.jpg,Tam_427,5,train,False,False
Tam_d10_427_b_5.jpg,Tam_427,5,train,False,False
Tam_d10_428_a_5.jpg,Tam_428,5,val,False,False
Tam_d10_428_b_5.jpg,Tam_428,5,val,False,False
Tam_d10_434_a_5.jpg,Tam_434,5,train,False,False
Tam_d10_434_b_5.jpg,Tam_434,5,train,False,False
Tam_d10_436_a_5.jpg,Tam_436,5,train,False,False
Tam_d10_436_b_5.jpg,Tam_436,5,train,False,False
Tam_d10_437_a_5.jpg,Tam_437,5,val,True,False
Tam_d10_437_b_5.jpg,Tam_437,5,val,True,False
Tam_d10_441_a_5.jpg,Tam_441,5,train,False,False
Tam_d10_441_b_5.jpg,Tam_441,5,train,False,False
Tam_d10_456_a_5.jpg,Tam_456,5,train,True,False
Tam_d10_456_b_5.jpg,Tam_456,5,train,True,False
Tam_d10_457_a_5.jpg,Tam_457,5,train,False,False
Tam_d10_457_b_5.jpg,Tam_457,5,train,False,False
Tam_d10_460_a_5.jpg,Tam_460,5,val,True,False
Tam_d10_460_b_5.jpg,Tam_460,5,val,True,False
Tam_d10_465_a_5.jpg,Tam_465,5,test,True,False
Tam_d10_465_b_5.jpg,Tam_465,5,test,True,False
Tam_d10_466_a_5.jpg,Tam_466,5,train,True,False
Tam_d10_466_b_5.jpg,Tam_466,5,train,True,False
Tam_d10_467_a_5.jpg,Tam_467,5,train,False,False
Tam_d10_467_b_5.jpg,Tam_467,5,train,False,False
Tam_d10_472_a_5.jpg,Tam_472,5,test,False,False
Tam_d10_472_b_5.jpg,Tam_472,5,test,False,True
Tam_d10_474_a_5.jpg,Tam_474,5,val,False,False
Tam_d10_474_b_5.jpg,Tam_474,5,val,False,False
Tam_d11_009_a_5.jpg,Tam_009,5,train,False,False
Tam_d11_009_b_5.jpg,Tam_009,5,train,False,False
Tam_d11_016_a_5.jpg,Tam_016,5,val,True,False
Tam_d11_016_b_5.jpg,Tam_016,5,val,True,False
Tam_d11_017_a_5.jpg,Tam_017,5,train,True,False
Tam_d11_017_b_5.jpg,Tam_017,5,train,True,False
Tam_d11_019_a_5.jpg,Tam_019,5,val,False,False
Tam_d11_019_b_5.jpg,Tam_019,5,val,False,False
Tam_d11_028_a_5.jpg,Tam_028,5,train,False,False
Tam_d11_028_b_5.jpg,Tam_028,5,train,False,False
Tam_d11_030_a_5.jpg,Tam_030,5,train,True,False
Tam_d11_030_b_5.jpg,Tam_030,5,train,True,False
Tam_d11_039_a_5.jpg,Tam_039,5,train,False,False
Tam_d11_039_b_5.jpg,Tam_039,5,train,False,False
Tam_d11_051_a_5.jpg,Tam_051,5,train,False,False
Tam_d11_051_b_5.jpg,Tam_051,5,train,False,True
Tam_d11_053_a_5.jpg,Tam_053,5,train,False,False
Tam_d11_053_b_5.jpg,Tam_053,5,train,False,False
Tam_d11_059_a_5.jpg,Tam_059,5,train,False,False
Tam_d11_059_b_5.jpg,Tam_059,5,train,False,False
Tam_d11_062_a_5.jpg,Tam_062,5,val,False,False
Tam_d11_062_b_5.jpg,Tam_062,5,val,False,False
Tam_d11_066_a_5.jpg,Tam_066,5,train,True,False
Tam_d11_066_b_5.jpg,Tam_066,5,train,True,False
Tam_d11_068_a_5.jpg,Tam_068,5,val,False,False
Tam_d11_068_b_5.jpg,Tam_068,5,val,False,False
Tam_d11_070_a_5.jpg,Tam_070,5,val,False,True
Tam_d11_070_b_5.jpg,Tam_070,5,val,False,False
Tam_d11_073_a_5.jpg,Tam_073,5,val,False,False
Tam_d11_073_b_5.jpg,Tam_073,5,val,False,False
Tam_d11_074_a_5.jpg,Tam_074,5,train,False,True
Tam_d11_074_b_5.jpg,Tam_074,5,train,False,False
Tam_d11_077_a_5.jpg,Tam_077,5,val,True,False
Tam_d11_077_b_5.jpg,Tam_077,5,val,True,False
Tam_d11_078_a_5.jpg,Tam_078,5,test,False,False
Tam_d11_078_b_5.jpg,Tam_078,5,test,False,False
Tam_d11_079_a_5.jpg,Tam_079,5,val,False,False
Tam_d11_079_b_5.jpg,Tam_079,5,val,False,False
Tam_d11_088_a_5.jpg,Tam_088,5,val,False,False
Tam_d11_088_b_5.jpg,Tam_088,5,val,False,False
Tam_d11_102_a_5.jpg,Tam_102,5,train,False,False
Tam_d11_102_b_5.jpg,Tam_102,5,train,False,False
Tam_d11_105_a_5.jpg,Tam_105,5,train,False,False
Tam_d11_105_b_5.jpg,Tam_105,5,train,False,False
Tam_d11_119_a_5.jpg,Tam_119,5,train,False,False
Tam_d11_119_b_5.jpg,Tam_119,5,train,False,False
Tam_d11_121_a_5.jpg,Tam_121,5,train,False,False
Tam_d11_121_b_5.jpg,Tam_121,5,train,False,False
Tam_d11_124_a_5.jpg,Tam_124,5,train,False,False
Tam_d11_124_b_5.jpg,Tam_124,5,train,False,True
Tam_d11_126_a_5.jpg,Tam_126,5,test,False,False
Tam_d11_126_b_5.jpg,Tam_126,5,test,False,True
Tam_d11_134_a_5.jpg,Tam_134,5,train,True,False
Tam_d11_134_b_5.jpg,Tam_134,5,train,True,False
Tam_d11_135_a_5.jpg,Tam_135,5,test,False,False
Tam_d11_135_b_5.jpg,Tam_135,5,test,False,False
Tam_d11_139_a_5.jpg,Tam_139,5,test,True,False
Tam_d11_139_b_5.jpg,Tam_139,5,test,True,False
Tam_d11_140_a_5.jpg,Tam_140,5,test,False,False
Tam_d11_140_b_5.jpg,Tam_140,5,test,False,False
Tam_d11_142_a_5.jpg,Tam_142,5,train,False,False
Tam_d11_142_b_5.jpg,Tam_142,5,train,False,False
Tam_d11_144_a_5.jpg,Tam_144,5,train,False,False
Tam_d11_144_b_5.jpg,Tam_144,5,train,False,False
Tam_d11_147_a_5.jpg,Tam_147,5,train,False,False
Tam_d11_147_b_5.jpg,Tam_147,5,train,False,False
Tam_d11_154_a_5.jpg,Tam_154,5,train,False,False
Tam_d11_154_b_5.jpg,Tam_154,5,train,False,False
Tam_d11_157_a_5.jpg,Tam_157,5,train,False,False
Tam_d11_157_b_5.jpg,Tam_157,5,train,False,False
Tam_d11_159_a_5.jpg,Tam_159,5,train,False,False
Tam_d11_159_b_5.jpg,Tam_159,5,train,False,False
Tam_d11_160_a_5.jpg,Tam_160,5,train,False,False
Tam_d11_160_b_5.jpg,Tam_160,5,train,False,False
Tam_d11_164_a_5.jpg,Tam_164,5,test,False,False
Tam_d11_164_b_5.jpg,Tam_164,5,test,False,False
Tam_d11_169_a_5.jpg,Tam_169,5,train,False,False
Tam_d11_169_b_5.jpg,Tam_169,5,train,False,False
Tam_d11_171_a_5.jpg,Tam_171,5,train,False,False
Tam_d11_171_b_5.jpg,Tam_171,5,train,False,False
Tam_d11_173_a_5.jpg,Tam_173,5,val,False,False
Tam_d11_173_b_5.jpg,Tam_173,5,val,False,False
Tam_d11_175_a_5.jpg,Tam_175,5,val,False,False
Tam_d11_175_b_5.jpg,Tam_175,5,val,False,False
Tam_d11_179_a_5.jpg,Tam_179,5,train,False,False
Tam_d11_179_b_5.jpg,Tam_179,5,train,False,True
Tam_d11_182_a_5.jpg,Tam_182,5,train,False,False
Tam_d11_182_b_5.jpg,Tam_182,5,train,False,False
Tam_d11_184_a_5.jpg,Tam_184,5,val,False,False
Tam_d11_184_b_5.jpg,Tam_184,5,val,False,False
Tam_d11_189_a_5.jpg,Tam_189,5,train,False,False
Tam_d11_189_b_5.jpg,Tam_189,5,train,False,False
Tam_d11_191_a_5.jpg,Tam_191,5,train,False,False
Tam_d11_191_b_5.jpg,Tam_191,5,train,False,False
Tam_d11_195_a_5.jpg,Tam_195,5,train,False,False
Tam_d11_195_b_5.jpg,Tam_195,5,train,False,False
Tam_d11_197_a_5.jpg,Tam_197,5,val,False,False
Tam_d11_197_b_5.jpg,Tam_197,5,val,False,False
Tam_d11_198_a_5.jpg,Tam_198,5,train,False,False
Tam_d11_198_b_5.jpg,Tam_198,5,train,False,False
Tam_d11_200_a_5.jpg,Tam_200,5,train,False,False
Tam_d11_200_b_5.jpg,Tam_200,5,train,False,False
Tam_d11_201_a_5.jpg,Tam_201,5,val,False,False
Tam_d11_201_b_5.jpg,Tam_201,5,val,False,False
Tam_d11_203_a_5.jpg,Tam_203,5,test,True,False
Tam_d11_203_b_5.jpg,Tam_203,5,test,True,False
Tam_d11_205_a_5.jpg,Tam_205,5,train,False,False
Tam_d11_205_b_5.jpg,Tam_205,5,train,False,False
Tam_d11_208_a_5.jpg,Tam_208,5,train,False,False
Tam_d11_208_b_5.jpg,Tam_208,5,train,False,False
Tam_d11_209_a_5.jpg,Tam_209,5,test,False,False
Tam_d11_209_b_5.jpg,Tam_209,5,test,False,False
Tam_d11_210_a_5.jpg,Tam_210,5,train,False,False
Tam_d11_210_b_5.jpg,Tam_210,5,train,False,False
Tam_d11_218_a_5.jpg,Tam_218,5,train,False,False
Tam_d11_218_b_5.jpg,Tam_218,5,train,False,True
Tam_d11_230_a_5.jpg,Tam_230,5,val,False,False
Tam_d11_230_b_5.jpg,Tam_230,5,val,False,False
Tam_d11_231_a_5.jpg,Tam_231,5,test,False,False
Tam_d11_231_b_5.jpg,Tam_231,5,test,False,False
Tam_d11_238_a_5.jpg,Tam_238,5,test,False,False
Tam_d11_238_b_5.jpg,Tam_238,5,test,False,False
Tam_d11_241_a_5.jpg,Tam_241,5,train,False,False
Tam_d11_241_b_5.jpg,Tam_241,5,train,False,False
Tam_d11_242_a_5.jpg,Tam_242,5,train,False,False
Tam_d11_242_b_5.jpg,Tam_242,5,train,False,False
Tam_d11_246_a_5.jpg,Tam_246,5,train,True,False
Tam_d11_246_b_5.jpg,Tam_246,5,train,True,False
Tam_d11_247_a_5.jpg,Tam_247,5,train,False,False
Tam_d11_247_b_5.jpg,Tam_247,5,train,False,False
Tam_d11_248_a_5.jpg,Tam_248,5,train,False,False
Tam_d11_248_b_5.jpg,Tam_248,5,train,False,True
Tam_d11_251_a_5.jpg,Tam_251,5,train,False,False
Tam_d11_251_b_5.jpg,Tam_251,5,train,False,False
Tam_d11_257_a_5.jpg,Tam_257,5,train,False,False
Tam_d11_257_b_5.jpg,Tam_257,5,train,False,False
Tam_d11_261_a_5.jpg,Tam_261,5,train,False,False
Tam_d11_261_b_5.jpg,Tam_261,5,train,False,True
Tam_d11_264_a_5.jpg,Tam_264,5,val,True,False
Tam_d11_264_b_5.jpg,Tam_264,5,val,True,False
Tam_d11_270_a_5.jpg,Tam_270,5,train,False,False
Tam_d11_270_b_5.jpg,Tam_270,5,train,False,False
Tam_d11_273_a_5.jpg,Tam_273,5,train,False,False
Tam_d11_273_b_5.jpg,Tam_273,5,train,False,False
Tam_d11_278_a_5.jpg,Tam_278,5,train,False,False
Tam_d11_278_b_5.jpg,Tam_278,5,train,False,False
Tam_d11_280_a_5.jpg,Tam_280,5,train,False,False
Tam_d11_280_b_5.jpg,Tam_280,5,train,False,True
Tam_d11_281_a_5.jpg,Tam_281,5,test,False,False
Tam_d11_281_b_5.jpg,Tam_281,5,test,False,False
Tam_d11_285_a_5.jpg,Tam_285,5,train,False,False
Tam_d11_285_b_5.jpg,Tam_285,5,train,False,False
Tam_d11_286_a_5.jpg,Tam_286,5,val,True,False
Tam_d11_286_b_5.jpg,Tam_286,5,val,True,False
Tam_d11_297_a_5.jpg,Tam_297,5,train,False,True
Tam_d11_297_b_5.jpg,Tam_297,5,train,False,False
Tam_d11_299_a_5.jpg,Tam_299,5,train,False,False
Tam_d11_299_b_5.jpg,Tam_299,5,train,False,False
Tam_d11_301_a_5.jpg,Tam_301,5,val,False,False
Tam_d11_301_b_5.jpg,Tam_301,5,val,False,False
Tam_d11_302_a_5.jpg,Tam_302,5,train,False,False
Tam_d11_302_b_5.jpg,Tam_302,5,train,False,False
Tam_d11_303_a_5.jpg,Tam_303,5,train,False,False
Tam_d11_303_b_5.jpg,Tam_303,5,train,False,False
Tam_d11_307_a_5.jpg,Tam_307,5,train,False,False
Tam_d11_307_b_5.jpg,Tam_307,5,train,False,False
Tam_d11_308_a_5.jpg,Tam_308,5,train,False,False
Tam_d11_308_b_5.jpg,Tam_308,5,train,False,False
Tam_d11_312_a_5.jpg,Tam_312,5,train,False,False
Tam_d11_312_b_5.jpg,Tam_312,5,train,False,False
Tam_d11_318_a_5.jpg,Tam_318,5,train,False,False
Tam_d11_318_b_5.jpg,Tam_318,5,train,False,True
Tam_d11_319_a_5.jpg,Tam_319,5,train,False,False
Tam_d11_319_b_5.jpg,Tam_319,5,train,False,False
Tam_d11_323_a_5.jpg,Tam_323,5,train,False,False
Tam_d11_323_b_5.jpg,Tam_323,5,train,False,False
Tam_d11_329_a_5.jpg,Tam_329,5,train,False,False
Tam_d11_329_b_5.jpg,Tam_329,5,train,False,False
Tam_d11_335_a_5.jpg,Tam_335,5,train,True,False
Tam_d11_335_b_5.jpg,Tam_335,5,train,True,False
Tam_d11_339_a_5.jpg,Tam_339,5,test,False,False
Tam_d11_339_b_5.jpg,Tam_339,5,test,False,True
Tam_d11_340_a_5.jpg,Tam_340,5,val,False,False
Tam_d11_340_b_5.jpg,Tam_340,5,val,False,False
Tam_d11_341_a_5.jpg,Tam_341,5,val,False,False
Tam_d11_341_b_5.jpg,Tam_341,5,val,False,False
Tam_d11_342_a_5.jpg,Tam_342,5,train,False,False
Tam_d11_342_b_5.jpg,Tam_342,5,train,False,False
Tam_d11_343_a_5.jpg,Tam_343,5,train,False,False
Tam_d11_343_b_5.jpg,Tam_343,5,train,False,False
Tam_d11_344_a_5.jpg,Tam_344,5,test,False,False
Tam_d11_344_b_5.jpg,Tam_344,5,test,False,False
Tam_d11_348_a_5.jpg,Tam_348,5,train,False,False
Tam_d11_348_b_5.jpg,Tam_348,5,train,False,False
Tam_d11_356_a_5.jpg,Tam_356,5,train,False,False
Tam_d11_356_b_5.jpg,Tam_356,5,train,False,False
Tam_d11_362_a_5.jpg,Tam_362,5,test,False,True
Tam_d11_362_b_5.jpg,Tam_362,5,test,False,False
Tam_d11_370_a_5.jpg,Tam_370,5,train,False,False
Tam_d11_370_b_5.jpg,Tam_370,5,train,False,False
Tam_d11_374_a_5.jpg,Tam_374,5,test,False,False
Tam_d11_374_b_5.jpg,Tam_374,5,test,False,False
Tam_d11_379_a_5.jpg,Tam_379,5,train,False,True
Tam_d11_379_b_5.jpg,Tam_379,5,train,False,False
Tam_d11_380_a_5.jpg,Tam_380,5,train,False,False
Tam_d11_380_b_5.jpg,Tam_380,5,train,False,False
Tam_d11_396_a_5.jpg,Tam_396,5,test,False,False
Tam_d11_396_b_5.jpg,Tam_396,5,test,False,False
Tam_d11_397_a_5.jpg,Tam_397,5,val,False,False
Tam_d11_397_b_5.jpg,Tam_397,5,val,False,False
Tam_d11_403_a_5.jpg,Tam_403,5,val,False,False
Tam_d11_403_b_5.jpg,Tam_403,5,val,False,False
Tam_d11_404_a_5.jpg,Tam_404,5,train,False,False
Tam_d11_404_b_5.jpg,Tam_404,5,train,False,False
Tam_d11_407_a_5.jpg,Tam_407,5,val,False,False
Tam_d11_407_b_5.jpg,Tam_407,5,val,False,False
Tam_d11_416_a_5.jpg,Tam_416,5,test,False,False
Tam_d11_416_b_5.jpg,Tam_416,5,test,False,False
Tam_d11_417_a_5.jpg,Tam_417,5,train,False,True
Tam_d11_417_b_5.jpg,Tam_417,5,train,False,False
Tam_d11_419_a_5.jpg,Tam_419,5,train,False,False
Tam_d11_419_b_5.jpg,Tam_419,5,train,False,False
Tam_d11_424_a_5.jpg,Tam_424,5,val,False,False
Tam_d11_424_b_5.jpg,Tam_424,5,val,False,False
Tam_d11_427_a_5.jpg,Tam_427,5,train,False,False
Tam_d11_427_b_5.jpg,Tam_427,5,train,False,False
Tam_d11_428_a_5.jpg,Tam_428,5,val,False,False
Tam_d11_428_b_5.jpg,Tam_428,5,val,False,True
Tam_d11_434_a_5.jpg,Tam_434,5,train,False,False
Tam_d11_434_b_5.jpg,Tam_434,5,train,False,False
Tam_d11_436_a_5.jpg,Tam_436,5,train,False,True
Tam_d11_436_b_5.jpg,Tam_436,5,train,False,False
Tam_d11_437_a_5.jpg,Tam_437,5,val,True,False
Tam_d11_437_b_5.jpg,Tam_437,5,val,True,False
Tam_d11_441_a_5.jpg,Tam_441,5,train,False,False
Tam_d11_441_b_5.jpg,Tam_441,5,train,False,False
Tam_d11_456_a_5.jpg,Tam_456,5,train,True,False
Tam_d11_456_b_5.jpg,Tam_456,5,train,True,False
Tam_d11_457_a_5.jpg,Tam_457,5,train,False,False
Tam_d11_457_b_5.jpg,Tam_457,5,train,False,False
Tam_d11_460_a_5.jpg,Tam_460,5,val,True,False
Tam_d11_460_b_5.jpg,Tam_460,5,val,True,False
Tam_d11_465_a_5.jpg,Tam_465,5,test,True,False
Tam_d11_465_b_5.jpg,Tam_465,5,test,True,False
Tam_d11_466_a_5.jpg,Tam_466,5,train,True,False
Tam_d11_466_b_5.jpg,Tam_466,5,train,True,False
Tam_d11_467_a_5.jpg,Tam_467,5,train,False,False
Tam_d11_467_b_5.jpg,Tam_467,5,train,False,False
Tam_d11_472_a_5.jpg,Tam_472,5,test,False,False
Tam_d11_472_b_5.jpg,Tam_472,5,test,False,False
Tam_d11_474_a_5.jpg,Tam_474,5,val,False,False
Tam_d11_474_b_5.jpg,Tam_474,5,val,False,False
