archivo,conf_def,max_dudosa,aceptada,tp,fp,fn,def_real,def_pred,ocde_real,ocde_pred
T10_d01_033_a_1_jpg.rf.ykeRuHPJ3G6SbBmhnKNr.jpg,0.15,0.0,0,4321,6443,2726,7047,10764,0,0
T10_d01_033_a_1_jpg.rf.ykeRuHPJ3G6SbBmhnKNr.jpg,0.15,0.1,0,4321,6443,2726,7047,10764,0,0
T10_d01_033_a_1_jpg.rf.ykeRuHPJ3G6SbBmhnKNr.jpg,0.15,0.25,0,4321,6443,2726,7047,10764,0,0
T10_d01_033_a_1_jpg.rf.ykeRuHPJ3G6SbBmhnKNr.jpg,0.15,0.5,0,4321,6443,2726,7047,10764,0,0
T10_d01_033_a_1_jpg.rf.ykeRuHPJ3G6SbBmhnKNr.jpg,0.15,1.0,1,4321,6443,2726,7047,10764,0,0
T10_d01_033_a_1_jpg.rf.ykeRuHPJ3G6SbBmhnKNr.jpg,0.2,0.0,1,0,0,7047,7047,0,0,0
T10_d01_033_a_1_jpg.rf.ykeRuHPJ3G6SbBmhnKNr.jpg,0.2,0.1,1,0,0,7047,7047,0,0,0
T10_d01_033_a_1_jpg.rf.ykeRuHPJ3G6SbBmhnKNr.jpg,0.2,0.25,1,0,0,7047,7047,0,0,0
T10_d01_033_a_1_jpg.rf.ykeRuHPJ3G6SbBmhnKNr.jpg,0.2,0.5,1,0,0,7047,7047,0,0,0
T10_d01_033_a_1_jpg.rf.ykeRuHPJ3G6SbBmhnKNr.jpg,0.2,1.0,1,0,0,7047,7047,0,0,0
T10_d01_033_a_1_jpg.rf.ykeRuHPJ3G6SbBmhnKNr.jpg,0.25,0.0,1,0,0,7047,7047,0,0,0
T10_d01_033_a_1_jpg.rf.ykeRuHPJ3G6SbBmhnKNr.jpg,0.25,0.1,1,0,0,7047,7047,0,0,0
T10_d01_033_a_1_jpg.rf.ykeRuHPJ3G6SbBmhnKNr.jpg,0.25,0.25,1,0,0,7047,7047,0,0,0
T10_d01_033_a_1_jpg.rf.ykeRuHPJ3G6SbBmhnKNr.jpg,0.25,0.5,1,0,0,7047,7047,0,0,0
T10_d01_033_a_1_jpg.rf.ykeRuHPJ3G6SbBmhnKNr.jpg,0.25,1.0,1,0,0,7047,7047,0,0,0
T10_d01_033_a_1_jpg.rf.ykeRuHPJ3G6SbBmhnKNr.jpg,0.3,0.0,1,0,0,7047,7047,0,0,0
T10_d01_033_a_1_jpg.rf.ykeRuHPJ3G6SbBmhnKNr.jpg,0.3,0.1,1,0,0,7047,7047,0,0,0
T10_d01_033_a_1_jpg.rf.ykeRuHPJ3G6SbBmhnKNr.jpg,0.3,0.25,1,0,0,7047,7047,0,0,0
T10_d01_033_a_1_jpg.rf.ykeRuHPJ3G6SbBmhnKNr.jpg,0.3,0.5,1,0,0,7047,7047,0,0,0
T10_d01_033_a_1_jpg.rf.ykeRuHPJ3G6SbBmhnKNr.jpg,0.3,1.0,1,0,0,7047,7047,0,0,0
T10_d01_033_a_1_jpg.rf.ykeRuHPJ3G6SbBmhnKNr.jpg,0.4,0.0,1,0,0,7047,7047,0,0,0
T10_d01_033_a_1_jpg.rf.ykeRuHPJ3G6SbBmhnKNr.jpg,0.4,0.1,1,0,0,7047,7047,0,0,0
T10_d01_033_a_1_jpg.rf.ykeRuHPJ3G6SbBmhnKNr.jpg,0.4,0.25,1,0,0,7047,7047,0,0,0
T10_d01_033_a_1_jpg.rf.ykeRuHPJ3G6SbBmhnKNr.jpg,0.4,0.5,1,0,0,7047,7047,0,0,0
T10_d01_033_a_1_jpg.rf.ykeRuHPJ3G6SbBmhnKNr.jpg,0.4,1.0,1,0,0,7047,7047,0,0,0
T10_d01_033_a_1_jpg.rf.ykeRuHPJ3G6SbBmhnKNr.jpg,0.5,0.0,1,0,0,7047,7047,0,0,0
T10_d01_033_a_1_jpg.rf.ykeRuHPJ3G6SbBmhnKNr.jpg,0.5,0.1,1,0,0,7047,7047,0,0,0
T10_d01_033_a_1_jpg.rf.ykeRuHPJ3G6SbBmhnKNr.jpg,0.5,0.25,1,0,0,7047,7047,0,0,0
T10_d01_033_a_1_jpg.rf.ykeRuHPJ3G6SbBmhnKNr.jpg,0.5,0.5,1,0,0,7047,7047,0,0,0
T10_d01_033_a_1_jpg.rf.ykeRuHPJ3G6SbBmhnKNr.jpg,0.5,1.0,1,0,0,7047,7047,0,0,0
T10_d01_033_b_1_jpg.rf.Zcv659Y3Ha0znreZqNu1.jpg,0.15,0.0,0,10146,222,681,10827,10368,0,0
T10_d01_033_b_1_jpg.rf.Zcv659Y3Ha0znreZqNu1.jpg,0.15,0.1,0,10146,222,681,10827,10368,0,0
T10_d01_033_b_1_jpg.rf.Zcv659Y3Ha0znreZqNu1.jpg,0.15,0.25,0,10146,222,681,10827,10368,0,0
T10_d01_033_b_1_jpg.rf.Zcv659Y3Ha0znreZqNu1.jpg,0.15,0.5,0,10146,222,681,10827,10368,0,0
T10_d01_033_b_1_jpg.rf.Zcv659Y3Ha0znreZqNu1.jpg,0.15,1.0,1,10146,222,681,10827,10368,0,0
T10_d01_033_b_1_jpg.rf.Zcv659Y3Ha0znreZqNu1.jpg,0.2,0.0,1,9359,109,1468,10827,9468,0,0
T10_d01_033_b_1_jpg.rf.Zcv659Y3Ha0znreZqNu1.jpg,0.2,0.1,1,9359,109,1468,10827,9468,0,0
T10_d01_033_b_1_jpg.rf.Zcv659Y3Ha0znreZqNu1.jpg,0.2,0.25,1,9359,109,1468,10827,9468,0,0
T10_d01_033_b_1_jpg.rf.Zcv659Y3Ha0znreZqNu1.jpg,0.2,0.5,1,9359,109,1468,10827,9468,0,0
T10_d01_033_b_1_jpg.rf.Zcv659Y3Ha0znreZqNu1.jpg,0.2,1.0,1,9359,109,1468,10827,9468,0,0
T10_d01_033_b_1_jpg.rf.Zcv659Y3Ha0znreZqNu1.jpg,0.25,0.0,1,9359,109,1468,10827,9468,0,0
T10_d01_033_b_1_jpg.rf.Zcv659Y3Ha0znreZqNu1.jpg,0.25,0.1,1,9359,109,1468,10827,9468,0,0
T10_d01_033_b_1_jpg.rf.Zcv659Y3Ha0znreZqNu1.jpg,0.25,0.25,1,9359,109,1468,10827,9468,0,0
T10_d01_033_b_1_jpg.rf.Zcv659Y3Ha0znreZqNu1.jpg,0.25,0.5,1,9359,109,1468,10827,9468,0,0
T10_d01_033_b_1_jpg.rf.Zcv659Y3Ha0znreZqNu1.jpg,0.25,1.0,1,9359,109,1468,10827,9468,0,0
T10_d01_033_b_1_jpg.rf.Zcv659Y3Ha0znreZqNu1.jpg,0.3,0.0,1,9359,109,1468,10827,9468,0,0
T10_d01_033_b_1_jpg.rf.Zcv659Y3Ha0znreZqNu1.jpg,0.3,0.1,1,9359,109,1468,10827,9468,0,0
T10_d01_033_b_1_jpg.rf.Zcv659Y3Ha0znreZqNu1.jpg,0.3,0.25,1,9359,109,1468,10827,9468,0,0
T10_d01_033_b_1_jpg.rf.Zcv659Y3Ha0znreZqNu1.jpg,0.3,0.5,1,9359,109,1468,10827,9468,0,0
T10_d01_033_b_1_jpg.rf.Zcv659Y3Ha0znreZqNu1.jpg,0.3,1.0,1,9359,109,1468,10827,9468,0,0
T10_d01_033_b_1_jpg.rf.Zcv659Y3Ha0znreZqNu1.jpg,0.4,0.0,1,9359,109,1468,10827,9468,0,0
T10_d01_033_b_1_jpg.rf.Zcv659Y3Ha0znreZqNu1.jpg,0.4,0.1,1,9359,109,1468,10827,9468,0,0
T10_d01_033_b_1_jpg.rf.Zcv659Y3Ha0znreZqNu1.jpg,0.4,0.25,1,9359,109,1468,10827,9468,0,0
T10_d01_033_b_1_jpg.rf.Zcv659Y3Ha0znreZqNu1.jpg,0.4,0.5,1,9359,109,1468,10827,9468,0,0
T10_d01_033_b_1_jpg.rf.Zcv659Y3Ha0znreZqNu1.jpg,0.4,1.0,1,9359,109,1468,10827,9468,0,0
T10_d01_033_b_1_jpg.rf.Zcv659Y3Ha0znreZqNu1.jpg,0.5,0.0,1,9359,109,1468,10827,9468,0,0
T10_d01_033_b_1_jpg.rf.Zcv659Y3Ha0znreZqNu1.jpg,0.5,0.1,1,9359,109,1468,10827,9468,0,0
T10_d01_033_b_1_jpg.rf.Zcv659Y3Ha0znreZqNu1.jpg,0.5,0.25,1,9359,109,1468,10827,9468,0,0
T10_d01_033_b_1_jpg.rf.Zcv659Y3Ha0znreZqNu1.jpg,0.5,0.5,1,9359,109,1468,10827,9468,0,0
T10_d01_033_b_1_jpg.rf.Zcv659Y3Ha0znreZqNu1.jpg,0.5,1.0,1,9359,109,1468,10827,9468,0,0
T10_d01_310_a_1_jpg.rf.6xRaO0naFMYMl9A2LZYg.jpg,0.15,0.0,1,0,0,0,0,0,0,0
T10_d01_310_a_1_jpg.rf.6xRaO0naFMYMl9A2LZYg.jpg,0.15,0.1,1,0,0,0,0,0,0,0
T10_d01_310_a_1_jpg.rf.6xRaO0naFMYMl9A2LZYg.jpg,0.15,0.25,1,0,0,0,0,0,0,0
T10_d01_310_a_1_jpg.rf.6xRaO0naFMYMl9A2LZYg.jpg,0.15,0.5,1,0,0,0,0,0,0,0
T10_d01_310_a_1_jpg.rf.6xRaO0naFMYMl9A2LZYg.jpg,0.15,1.0,1,0,0,0,0,0,0,0
T10_d01_310_a_1_jpg.rf.6xRaO0naFMYMl9A2LZYg.jpg,0.2,0.0,1,0,0,0,0,0,0,0
T10_d01_310_a_1_jpg.rf.6xRaO0naFMYMl9A2LZYg.jpg,0.2,0.1,1,0,0,0,0,0,0,0
T10_d01_310_a_1_jpg.rf.6xRaO0naFMYMl9A2LZYg.jpg,0.2,0.25,1,0,0,0,0,0,0,0
T10_d01_310_a_1_jpg.rf.6xRaO0naFMYMl9A2LZYg.jpg,0.2,0.5,1,0,0,0,0,0,0,0
T10_d01_310_a_1_jpg.rf.6xRaO0naFMYMl9A2LZYg.jpg,0.2,1.0,1,0,0,0,0,0,0,0
T10_d01_310_a_1_jpg.rf.6xRaO0naFMYMl9A2LZYg.jpg,0.25,0.0,1,0,0,0,0,0,0,0
T10_d01_310_a_1_jpg.rf.6xRaO0naFMYMl9A2LZYg.jpg,0.25,0.1,1,0,0,0,0,0,0,0
T10_d01_310_a_1_jpg.rf.6xRaO0naFMYMl9A2LZYg.jpg,0.25,0.25,1,0,0,0,0,0,0,0
T10_d01_310_a_1_jpg.rf.6xRaO0naFMYMl9A2LZYg.jpg,0.25,0.5,1,0,0,0,0,0,0,0
T10_d01_310_a_1_jpg.rf.6xRaO0naFMYMl9A2LZYg.jpg,0.25,1.0,1,0,0,0,0,0,0,0
T10_d01_310_a_1_jpg.rf.6xRaO0naFMYMl9A2LZYg.jpg,0.3,0.0,1,0,0,0,0,0,0,0
T10_d01_310_a_1_jpg.rf.6xRaO0naFMYMl9A2LZYg.jpg,0.3,0.1,1,0,0,0,0,0,0,0
T10_d01_310_a_1_jpg.rf.6xRaO0naFMYMl9A2LZYg.jpg,0.3,0.25,1,0,0,0,0,0,0,0
T10_d01_310_a_1_jpg.rf.6xRaO0naFMYMl9A2LZYg.jpg,0.3,0.5,1,0,0,0,0,0,0,0
T10_d01_310_a_1_jpg.rf.6xRaO0naFMYMl9A2LZYg.jpg,0.3,1.0,1,0,0,0,0,0,0,0
T10_d01_310_a_1_jpg.rf.6xRaO0naFMYMl9A2LZYg.jpg,0.4,0.0,1,0,0,0,0,0,0,0
T10_d01_310_a_1_jpg.rf.6xRaO0naFMYMl9A2LZYg.jpg,0.4,0.1,1,0,0,0,0,0,0,0
T10_d01_310_a_1_jpg.rf.6xRaO0naFMYMl9A2LZYg.jpg,0.4,0.25,1,0,0,0,0,0,0,0
T10_d01_310_a_1_jpg.rf.6xRaO0naFMYMl9A2LZYg.jpg,0.4,0.5,1,0,0,0,0,0,0,0
T10_d01_310_a_1_jpg.rf.6xRaO0naFMYMl9A2LZYg.jpg,0.4,1.0,1,0,0,0,0,0,0,0
T10_d01_310_a_1_jpg.rf.6xRaO0naFMYMl9A2LZYg.jpg,0.5,0.0,1,0,0,0,0,0,0,0
T10_d01_310_a_1_jpg.rf.6xRaO0naFMYMl9A2LZYg.jpg,0.5,0.1,1,0,0,0,0,0,0,0
T10_d01_310_a_1_jpg.rf.6xRaO0naFMYMl9A2LZYg.jpg,0.5,0.25,1,0,0,0,0,0,0,0
T10_d01_310_a_1_jpg.rf.6xRaO0naFMYMl9A2LZYg.jpg,0.5,0.5,1,0,0,0,0,0,0,0
T10_d01_310_a_1_jpg.rf.6xRaO0naFMYMl9A2LZYg.jpg,0.5,1.0,1,0,0,0,0,0,0,0
T10_d01_368_a_1_jpg.rf.KqrLsMfRZrUY3wx8Fq3q.jpg,0.15,0.0,0,5488,6060,19905,25393,11548,2,1
T10_d01_368_a_1_jpg.rf.KqrLsMfRZrUY3wx8Fq3q.jpg,0.15,0.1,0,5488,6060,19905,25393,11548,2,1
T10_d01_368_a_1_jpg.rf.KqrLsMfRZrUY3wx8Fq3q.jpg,0.15,0.25,0,5488,6060,19905,25393,11548,2,1
T10_d01_368_a_1_jpg.rf.KqrLsMfRZrUY3wx8Fq3q.jpg,0.15,0.5,0,5488,6060,19905,25393,11548,2,1
T10_d01_368_a_1_jpg.rf.KqrLsMfRZrUY3wx8Fq3q.jpg,0.15,1.0,1,5488,6060,19905,25393,11548,2,1
T10_d01_368_a_1_jpg.rf.KqrLsMfRZrUY3wx8Fq3q.jpg,0.2,0.0,0,5488,6060,19905,25393,11548,2,1
T10_d01_368_a_1_jpg.rf.KqrLsMfRZrUY3wx8Fq3q.jpg,0.2,0.1,0,5488,6060,19905,25393,11548,2,1
T10_d01_368_a_1_jpg.rf.KqrLsMfRZrUY3wx8Fq3q.jpg,0.2,0.25,0,5488,6060,19905,25393,11548,2,1
T10_d01_368_a_1_jpg.rf.KqrLsMfRZrUY3wx8Fq3q.jpg,0.2,0.5,0,5488,6060,19905,25393,11548,2,1
T10_d01_368_a_1_jpg.rf.KqrLsMfRZrUY3wx8Fq3q.jpg,0.2,1.0,1,5488,6060,19905,25393,11548,2,1
T10_d01_368_a_1_jpg.rf.KqrLsMfRZrUY3wx8Fq3q.jpg,0.25,0.0,0,5488,6060,19905,25393,11548,2,1
T10_d01_368_a_1_jpg.rf.KqrLsMfRZrUY3wx8Fq3q.jpg,0.25,0.1,0,5488,6060,19905,25393,11548,2,1
T10_d01_368_a_1_jpg.rf.KqrLsMfRZrUY3wx8Fq3q.jpg,0.25,0.25,0,5488,6060,19905,25393,11548,2,1
T10_d01_368_a_1_jpg.rf.KqrLsMfRZrUY3wx8Fq3q.jpg,0.25,0.5,0,5488,6060,19905,25393,11548,2,1
T10_d01_368_a_1_jpg.rf.KqrLsMfRZrUY3wx8Fq3q.jpg,0.25,1.0,1,5488,6060,19905,25393,11548,2,1
T10_d01_368_a_1_jpg.rf.KqrLsMfRZrUY3wx8Fq3q.jpg,0.3,0.0,0,3773,53,21620,25393,3826,2,0
T10_d01_368_a_1_jpg.rf.KqrLsMfRZrUY3wx8Fq3q.jpg,0.3,0.1,0,3773,53,21620,25393,3826,2,0
T10_d01_368_a_1_jpg.rf.KqrLsMfRZrUY3wx8Fq3q.jpg,0.3,0.25,0,3773,53,21620,25393,3826,2,0
T10_d01_368_a_1_jpg.rf.KqrLsMfRZrUY3wx8Fq3q.jpg,0.3,0.5,0,3773,53,21620,25393,3826,2,0
T10_d01_368_a_1_jpg.rf.KqrLsMfRZrUY3wx8Fq3q.jpg,0.3,1.0,1,3773,53,21620,25393,3826,2,0
T10_d01_368_a_1_jpg.rf.KqrLsMfRZrUY3wx8Fq3q.jpg,0.4,0.0,1,0,0,25393,25393,0,2,0
T10_d01_368_a_1_jpg.rf.KqrLsMfRZrUY3wx8Fq3q.jpg,0.4,0.1,1,0,0,25393,25393,0,2,0
T10_d01_368_a_1_jpg.rf.KqrLsMfRZrUY3wx8Fq3q.jpg,0.4,0.25,1,0,0,25393,25393,0,2,0
T10_d01_368_a_1_jpg.rf.KqrLsMfRZrUY3wx8Fq3q.jpg,0.4,0.5,1,0,0,25393,25393,0,2,0
T10_d01_368_a_1_jpg.rf.KqrLsMfRZrUY3wx8Fq3q.jpg,0.4,1.0,1,0,0,25393,25393,0,2,0
T10_d01_368_a_1_jpg.rf.KqrLsMfRZrUY3wx8Fq3q.jpg,0.5,0.0,1,0,0,25393,25393,0,2,0
T10_d01_368_a_1_jpg.rf.KqrLsMfRZrUY3wx8Fq3q.jpg,0.5,0.1,1,0,0,25393,25393,0,2,0
T10_d01_368_a_1_jpg.rf.KqrLsMfRZrUY3wx8Fq3q.jpg,0.5,0.25,1,0,0,25393,25393,0,2,0
T10_d01_368_a_1_jpg.rf.KqrLsMfRZrUY3wx8Fq3q.jpg,0.5,0.5,1,0,0,25393,25393,0,2,0
T10_d01_368_a_1_jpg.rf.KqrLsMfRZrUY3wx8Fq3q.jpg,0.5,1.0,1,0,0,25393,25393,0,2,0
T10_d01_385_a_1_jpg.rf.4FreYxU2hB1VH2gVoRfv.jpg,0.15,0.0,1,1469,540,14,1483,2009,0,0
T10_d01_385_a_1_jpg.rf.4FreYxU2hB1VH2gVoRfv.jpg,0.15,0.1,1,1469,540,14,1483,2009,0,0
T10_d01_385_a_1_jpg.rf.4FreYxU2hB1VH2gVoRfv.jpg,0.15,0.25,1,1469,540,14,1483,2009,0,0
T10_d01_385_a_1_jpg.rf.4FreYxU2hB1VH2gVoRfv.jpg,0.15,0.5,1,1469,540,14,1483,2009,0,0
T10_d01_385_a_1_jpg.rf.4FreYxU2hB1VH2gVoRfv.jpg,0.15,1.0,1,1469,540,14,1483,2009,0,0
T10_d01_385_a_1_jpg.rf.4FreYxU2hB1VH2gVoRfv.jpg,0.2,0.0,1,1469,540,14,1483,2009,0,0
T10_d01_385_a_1_jpg.rf.4FreYxU2hB1VH2gVoRfv.jpg,0.2,0.1,1,1469,540,14,1483,2009,0,0
T10_d01_385_a_1_jpg.rf.4FreYxU2hB1VH2gVoRfv.jpg,0.2,0.25,1,1469,540,14,1483,2009,0,0
T10_d01_385_a_1_jpg.rf.4FreYxU2hB1VH2gVoRfv.jpg,0.2,0.5,1,1469,540,14,1483,2009,0,0
T10_d01_385_a_1_jpg.rf.4FreYxU2hB1VH2gVoRfv.jpg,0.2,1.0,1,1469,540,14,1483,2009,0,0
T10_d01_385_a_1_jpg.rf.4FreYxU2hB1VH2gVoRfv.jpg,0.25,0.0,1,1469,540,14,1483,2009,0,0
T10_d01_385_a_1_jpg.rf.4FreYxU2hB1VH2gVoRfv.jpg,0.25,0.1,1,1469,540,14,1483,2009,0,0
T10_d01_385_a_1_jpg.rf.4FreYxU2hB1VH2gVoRfv.jpg,0.25,0.25,1,1469,540,14,1483,2009,0,0
T10_d01_385_a_1_jpg.rf.4FreYxU2hB1VH2gVoRfv.jpg,0.25,0.5,1,1469,540,14,1483,2009,0,0
T10_d01_385_a_1_jpg.rf.4FreYxU2hB1VH2gVoRfv.jpg,0.25,1.0,1,1469,540,14,1483,2009,0,0
T10_d01_385_a_1_jpg.rf.4FreYxU2hB1VH2gVoRfv.jpg,0.3,0.0,1,1469,540,14,1483,2009,0,0
T10_d01_385_a_1_jpg.rf.4FreYxU2hB1VH2gVoRfv.jpg,0.3,0.1,1,1469,540,14,1483,2009,0,0
T10_d01_385_a_1_jpg.rf.4FreYxU2hB1VH2gVoRfv.jpg,0.3,0.25,1,1469,540,14,1483,2009,0,0
T10_d01_385_a_1_jpg.rf.4FreYxU2hB1VH2gVoRfv.jpg,0.3,0.5,1,1469,540,14,1483,2009,0,0
T10_d01_385_a_1_jpg.rf.4FreYxU2hB1VH2gVoRfv.jpg,0.3,1.0,1,1469,540,14,1483,2009,0,0
T10_d01_385_a_1_jpg.rf.4FreYxU2hB1VH2gVoRfv.jpg,0.4,0.0,1,1469,540,14,1483,2009,0,0
T10_d01_385_a_1_jpg.rf.4FreYxU2hB1VH2gVoRfv.jpg,0.4,0.1,1,1469,540,14,1483,2009,0,0
T10_d01_385_a_1_jpg.rf.4FreYxU2hB1VH2gVoRfv.jpg,0.4,0.25,1,1469,540,14,1483,2009,0,0
T10_d01_385_a_1_jpg.rf.4FreYxU2hB1VH2gVoRfv.jpg,0.4,0.5,1,1469,540,14,1483,2009,0,0
T10_d01_385_a_1_jpg.rf.4FreYxU2hB1VH2gVoRfv.jpg,0.4,1.0,1,1469,540,14,1483,2009,0,0
T10_d01_385_a_1_jpg.rf.4FreYxU2hB1VH2gVoRfv.jpg,0.5,0.0,1,1469,540,14,1483,2009,0,0
T10_d01_385_a_1_jpg.rf.4FreYxU2hB1VH2gVoRfv.jpg,0.5,0.1,1,1469,540,14,1483,2009,0,0
T10_d01_385_a_1_jpg.rf.4FreYxU2hB1VH2gVoRfv.jpg,0.5,0.25,1,1469,540,14,1483,2009,0,0
T10_d01_385_a_1_jpg.rf.4FreYxU2hB1VH2gVoRfv.jpg,0.5,0.5,1,1469,540,14,1483,2009,0,0
T10_d01_385_a_1_jpg.rf.4FreYxU2hB1VH2gVoRfv.jpg,0.5,1.0,1,1469,540,14,1483,2009,0,0
T10_d01_452_b_1_jpg.rf.niBXZbpyuuPB6R0LNN48.jpg,0.15,0.0,1,0,0,0,0,0,0,0
T10_d01_452_b_1_jpg.rf.niBXZbpyuuPB6R0LNN48.jpg,0.15,0.1,1,0,0,0,0,0,0,0
T10_d01_452_b_1_jpg.rf.niBXZbpyuuPB6R0LNN48.jpg,0.15,0.25,1,0,0,0,0,0,0,0
T10_d01_452_b_1_jpg.rf.niBXZbpyuuPB6R0LNN48.jpg,0.15,0.5,1,0,0,0,0,0,0,0
T10_d01_452_b_1_jpg.rf.niBXZbpyuuPB6R0LNN48.jpg,0.15,1.0,1,0,0,0,0,0,0,0
T10_d01_452_b_1_jpg.rf.niBXZbpyuuPB6R0LNN48.jpg,0.2,0.0,1,0,0,0,0,0,0,0
T10_d01_452_b_1_jpg.rf.niBXZbpyuuPB6R0LNN48.jpg,0.2,0.1,1,0,0,0,0,0,0,0
T10_d01_452_b_1_jpg.rf.niBXZbpyuuPB6R0LNN48.jpg,0.2,0.25,1,0,0,0,0,0,0,0
T10_d01_452_b_1_jpg.rf.niBXZbpyuuPB6R0LNN48.jpg,0.2,0.5,1,0,0,0,0,0,0,0
T10_d01_452_b_1_jpg.rf.niBXZbpyuuPB6R0LNN48.jpg,0.2,1.0,1,0,0,0,0,0,0,0
T10_d01_452_b_1_jpg.rf.niBXZbpyuuPB6R0LNN48.jpg,0.25,0.0,1,0,0,0,0,0,0,0
T10_d01_452_b_1_jpg.rf.niBXZbpyuuPB6R0LNN48.jpg,0.25,0.1,1,0,0,0,0,0,0,0
T10_d01_452_b_1_jpg.rf.niBXZbpyuuPB6R0LNN48.jpg,0.25,0.25,1,0,0,0,0,0,0,0
T10_d01_452_b_1_jpg.rf.niBXZbpyuuPB6R0LNN48.jpg,0.25,0.5,1,0,0,0,0,0,0,0
T10_d01_452_b_1_jpg.rf.niBXZbpyuuPB6R0LNN48.jpg,0.25,1.0,1,0,0,0,0,0,0,0
T10_d01_452_b_1_jpg.rf.niBXZbpyuuPB6R0LNN48.jpg,0.3,0.0,1,0,0,0,0,0,0,0
T10_d01_452_b_1_jpg.rf.niBXZbpyuuPB6R0LNN48.jpg,0.3,0.1,1,0,0,0,0,0,0,0
T10_d01_452_b_1_jpg.rf.niBXZbpyuuPB6R0LNN48.jpg,0.3,0.25,1,0,0,0,0,0,0,0
T10_d01_452_b_1_jpg.rf.niBXZbpyuuPB6R0LNN48.jpg,0.3,0.5,1,0,0,0,0,0,0,0
T10_d01_452_b_1_jpg.rf.niBXZbpyuuPB6R0LNN48.jpg,0.3,1.0,1,0,0,0,0,0,0,0
T10_d01_452_b_1_jpg.rf.niBXZbpyuuPB6R0LNN48.jpg,0.4,0.0,1,0,0,0,0,0,0,0
T10_d01_452_b_1_jpg.rf.niBXZbpyuuPB6R0LNN48.jpg,0.4,0.1,1,0,0,0,0,0,0,0
T10_d01_452_b_1_jpg.rf.niBXZbpyuuPB6R0LNN48.jpg,0.4,0.25,1,0,0,0,0,0,0,0
T10_d01_452_b_1_jpg.rf.niBXZbpyuuPB6R0LNN48.jpg,0.4,0.5,1,0,0,0,0,0,0,0
T10_d01_452_b_1_jpg.rf.niBXZbpyuuPB6R0LNN48.jpg,0.4,1.0,1,0,0,0,0,0,0,0
T10_d01_452_b_1_jpg.rf.niBXZbpyuuPB6R0LNN48.jpg,0.5,0.0,1,0,0,0,0,0,0,0
T10_d01_452_b_1_jpg.rf.niBXZbpyuuPB6R0LNN48.jpg,0.5,0.1,1,0,0,0,0,0,0,0
T10_d01_452_b_1_jpg.rf.niBXZbpyuuPB6R0LNN48.jpg,0.5,0.25,1,0,0,0,0,0,0,0
T10_d01_452_b_1_jpg.rf.niBXZbpyuuPB6R0LNN48.jpg,0.5,0.5,1,0,0,0,0,0,0,0
T10_d01_452_b_1_jpg.rf.niBXZbpyuuPB6R0LNN48.jpg,0.5,1.0,1,0,0,0,0,0,0,0
T10_d01_478_b_1_jpg.rf.1FIrMmgCmqZUFqgLSsoJ.jpg,0.15,0.0,0,7691,1104,453,8144,8795,0,1
T10_d01_478_b_1_jpg.rf.1FIrMmgCmqZUFqgLSsoJ.jpg,0.15,0.1,0,7691,1104,453,8144,8795,0,1
T10_d01_478_b_1_jpg.rf.1FIrMmgCmqZUFqgLSsoJ.jpg,0.15,0.25,0,7691,1104,453,8144,8795,0,1
T10_d01_478_b_1_jpg.rf.1FIrMmgCmqZUFqgLSsoJ.jpg,0.15,0.5,0,7691,1104,453,8144,8795,0,1
T10_d01_478_b_1_jpg.rf.1FIrMmgCmqZUFqgLSsoJ.jpg,0.15,1.0,1,7691,1104,453,8144,8795,0,1
T10_d01_478_b_1_jpg.rf.1FIrMmgCmqZUFqgLSsoJ.jpg,0.2,0.0,0,7691,1104,453,8144,8795,0,1
T10_d01_478_b_1_jpg.rf.1FIrMmgCmqZUFqgLSsoJ.jpg,0.2,0.1,0,7691,1104,453,8144,8795,0,1
T10_d01_478_b_1_jpg.rf.1FIrMmgCmqZUFqgLSsoJ.jpg,0.2,0.25,0,7691,1104,453,8144,8795,0,1
T10_d01_478_b_1_jpg.rf.1FIrMmgCmqZUFqgLSsoJ.jpg,0.2,0.5,0,7691,1104,453,8144,8795,0,1
T10_d01_478_b_1_jpg.rf.1FIrMmgCmqZUFqgLSsoJ.jpg,0.2,1.0,1,7691,1104,453,8144,8795,0,1
T10_d01_478_b_1_jpg.rf.1FIrMmgCmqZUFqgLSsoJ.jpg,0.25,0.0,0,7691,1104,453,8144,8795,0,1
T10_d01_478_b_1_jpg.rf.1FIrMmgCmqZUFqgLSsoJ.jpg,0.25,0.1,0,7691,1104,453,8144,8795,0,1
T10_d01_478_b_1_jpg.rf.1FIrMmgCmqZUFqgLSsoJ.jpg,0.25,0.25,0,7691,1104,453,8144,8795,0,1
T10_d01_478_b_1_jpg.rf.1FIrMmgCmqZUFqgLSsoJ.jpg,0.25,0.5,0,7691,1104,453,8144,8795,0,1
T10_d01_478_b_1_jpg.rf.1FIrMmgCmqZUFqgLSsoJ.jpg,0.25,1.0,1,7691,1104,453,8144,8795,0,1
T10_d01_478_b_1_jpg.rf.1FIrMmgCmqZUFqgLSsoJ.jpg,0.3,0.0,1,7339,311,805,8144,7650,0,0
T10_d01_478_b_1_jpg.rf.1FIrMmgCmqZUFqgLSsoJ.jpg,0.3,0.1,1,7339,311,805,8144,7650,0,0
T10_d01_478_b_1_jpg.rf.1FIrMmgCmqZUFqgLSsoJ.jpg,0.3,0.25,1,7339,311,805,8144,7650,0,0
T10_d01_478_b_1_jpg.rf.1FIrMmgCmqZUFqgLSsoJ.jpg,0.3,0.5,1,7339,311,805,8144,7650,0,0
T10_d01_478_b_1_jpg.rf.1FIrMmgCmqZUFqgLSsoJ.jpg,0.3,1.0,1,7339,311,805,8144,7650,0,0
T10_d01_478_b_1_jpg.rf.1FIrMmgCmqZUFqgLSsoJ.jpg,0.4,0.0,1,7339,311,805,8144,7650,0,0
T10_d01_478_b_1_jpg.rf.1FIrMmgCmqZUFqgLSsoJ.jpg,0.4,0.1,1,7339,311,805,8144,7650,0,0
T10_d01_478_b_1_jpg.rf.1FIrMmgCmqZUFqgLSsoJ.jpg,0.4,0.25,1,7339,311,805,8144,7650,0,0
T10_d01_478_b_1_jpg.rf.1FIrMmgCmqZUFqgLSsoJ.jpg,0.4,0.5,1,7339,311,805,8144,7650,0,0
T10_d01_478_b_1_jpg.rf.1FIrMmgCmqZUFqgLSsoJ.jpg,0.4,1.0,1,7339,311,805,8144,7650,0,0
T10_d01_478_b_1_jpg.rf.1FIrMmgCmqZUFqgLSsoJ.jpg,0.5,0.0,1,7339,311,805,8144,7650,0,0
T10_d01_478_b_1_jpg.rf.1FIrMmgCmqZUFqgLSsoJ.jpg,0.5,0.1,1,7339,311,805,8144,7650,0,0
T10_d01_478_b_1_jpg.rf.1FIrMmgCmqZUFqgLSsoJ.jpg,0.5,0.25,1,7339,311,805,8144,7650,0,0
T10_d01_478_b_1_jpg.rf.1FIrMmgCmqZUFqgLSsoJ.jpg,0.5,0.5,1,7339,311,805,8144,7650,0,0
T10_d01_478_b_1_jpg.rf.1FIrMmgCmqZUFqgLSsoJ.jpg,0.5,1.0,1,7339,311,805,8144,7650,0,0
T10_d02_012_a_1_jpg.rf.fVw4Xpsd2ZcSq828ABTV.jpg,0.15,0.0,0,56928,60199,30,56958,117127,2,2
T10_d02_012_a_1_jpg.rf.fVw4Xpsd2ZcSq828ABTV.jpg,0.15,0.1,0,56928,60199,30,56958,117127,2,2
T10_d02_012_a_1_jpg.rf.fVw4Xpsd2ZcSq828ABTV.jpg,0.15,0.25,0,56928,60199,30,56958,117127,2,2
T10_d02_012_a_1_jpg.rf.fVw4Xpsd2ZcSq828ABTV.jpg,0.15,0.5,0,56928,60199,30,56958,117127,2,2
T10_d02_012_a_1_jpg.rf.fVw4Xpsd2ZcSq828ABTV.jpg,0.15,1.0,0,56928,60199,30,56958,117127,2,2
T10_d02_012_a_1_jpg.rf.fVw4Xpsd2ZcSq828ABTV.jpg,0.2,0.0,0,56927,59465,31,56958,116392,2,2
T10_d02_012_a_1_jpg.rf.fVw4Xpsd2ZcSq828ABTV.jpg,0.2,0.1,0,56927,59465,31,56958,116392,2,2
T10_d02_012_a_1_jpg.rf.fVw4Xpsd2ZcSq828ABTV.jpg,0.2,0.25,0,56927,59465,31,56958,116392,2,2
T10_d02_012_a_1_jpg.rf.fVw4Xpsd2ZcSq828ABTV.jpg,0.2,0.5,0,56927,59465,31,56958,116392,2,2
T10_d02_012_a_1_jpg.rf.fVw4Xpsd2ZcSq828ABTV.jpg,0.2,1.0,1,56927,59465,31,56958,116392,2,2
T10_d02_012_a_1_jpg.rf.fVw4Xpsd2ZcSq828ABTV.jpg,0.25,0.0,0,55930,17493,1028,56958,73423,2,2
T10_d02_012_a_1_jpg.rf.fVw4Xpsd2ZcSq828ABTV.jpg,0.25,0.1,0,55930,17493,1028,56958,73423,2,2
T10_d02_012_a_1_jpg.rf.fVw4Xpsd2ZcSq828ABTV.jpg,0.25,0.25,0,55930,17493,1028,56958,73423,2,2
T10_d02_012_a_1_jpg.rf.fVw4Xpsd2ZcSq828ABTV.jpg,0.25,0.5,0,55930,17493,1028,56958,73423,2,2
T10_d02_012_a_1_jpg.rf.fVw4Xpsd2ZcSq828ABTV.jpg,0.25,1.0,1,55930,17493,1028,56958,73423,2,2
T10_d02_012_a_1_jpg.rf.fVw4Xpsd2ZcSq828ABTV.jpg,0.3,0.0,0,55930,17493,1028,56958,73423,2,2
T10_d02_012_a_1_jpg.rf.fVw4Xpsd2ZcSq828ABTV.jpg,0.3,0.1,0,55930,17493,1028,56958,73423,2,2
T10_d02_012_a_1_jpg.rf.fVw4Xpsd2ZcSq828ABTV.jpg,0.3,0.25,0,55930,17493,1028,56958,73423,2,2
T10_d02_012_a_1_jpg.rf.fVw4Xpsd2ZcSq828ABTV.jpg,0.3,0.5,0,55930,17493,1028,56958,73423,2,2
T10_d02_012_a_1_jpg.rf.fVw4Xpsd2ZcSq828ABTV.jpg,0.3,1.0,1,55930,17493,1028,56958,73423,2,2
T10_d02_012_a_1_jpg.rf.fVw4Xpsd2ZcSq828ABTV.jpg,0.4,0.0,1,0,0,56958,56958,0,2,0
T10_d02_012_a_1_jpg.rf.fVw4Xpsd2ZcSq828ABTV.jpg,0.4,0.1,1,0,0,56958,56958,0,2,0
T10_d02_012_a_1_jpg.rf.fVw4Xpsd2ZcSq828ABTV.jpg,0.4,0.25,1,0,0,56958,56958,0,2,0
T10_d02_012_a_1_jpg.rf.fVw4Xpsd2ZcSq828ABTV.jpg,0.4,0.5,1,0,0,56958,56958,0,2,0
T10_d02_012_a_1_jpg.rf.fVw4Xpsd2ZcSq828ABTV.jpg,0.4,1.0,1,0,0,56958,56958,0,2,0
T10_d02_012_a_1_jpg.rf.fVw4Xpsd2ZcSq828ABTV.jpg,0.5,0.0,1,0,0,56958,56958,0,2,0
T10_d02_012_a_1_jpg.rf.fVw4Xpsd2ZcSq828ABTV.jpg,0.5,0.1,1,0,0,56958,56958,0,2,0
T10_d02_012_a_1_jpg.rf.fVw4Xpsd2ZcSq828ABTV.jpg,0.5,0.25,1,0,0,56958,56958,0,2,0
T10_d02_012_a_1_jpg.rf.fVw4Xpsd2ZcSq828ABTV.jpg,0.5,0.5,1,0,0,56958,56958,0,2,0
T10_d02_012_a_1_jpg.rf.fVw4Xpsd2ZcSq828ABTV.jpg,0.5,1.0,1,0,0,56958,56958,0,2,0
T10_d02_014_a_1_jpg.rf.obyi0noJvUM5tC6MrUpK.jpg,0.15,0.0,0,59625,8499,18934,78559,68124,2,2
T10_d02_014_a_1_jpg.rf.obyi0noJvUM5tC6MrUpK.jpg,0.15,0.1,0,59625,8499,18934,78559,68124,2,2
T10_d02_014_a_1_jpg.rf.obyi0noJvUM5tC6MrUpK.jpg,0.15,0.25,0,59625,8499,18934,78559,68124,2,2
T10_d02_014_a_1_jpg.rf.obyi0noJvUM5tC6MrUpK.jpg,0.15,0.5,0,59625,8499,18934,78559,68124,2,2
T10_d02_014_a_1_jpg.rf.obyi0noJvUM5tC6MrUpK.jpg,0.15,1.0,1,59625,8499,18934,78559,68124,2,2
T10_d02_014_a_1_jpg.rf.obyi0noJvUM5tC6MrUpK.jpg,0.2,0.0,0,59501,8439,19058,78559,67940,2,2
T10_d02_014_a_1_jpg.rf.obyi0noJvUM5tC6MrUpK.jpg,0.2,0.1,0,59501,8439,19058,78559,67940,2,2
T10_d02_014_a_1_jpg.rf.obyi0noJvUM5tC6MrUpK.jpg,0.2,0.25,0,59501,8439,19058,78559,67940,2,2
T10_d02_014_a_1_jpg.rf.obyi0noJvUM5tC6MrUpK.jpg,0.2,0.5,0,59501,8439,19058,78559,67940,2,2
T10_d02_014_a_1_jpg.rf.obyi0noJvUM5tC6MrUpK.jpg,0.2,1.0,1,59501,8439,19058,78559,67940,2,2
T10_d02_014_a_1_jpg.rf.obyi0noJvUM5tC6MrUpK.jpg,0.25,0.0,0,51436,7768,27123,78559,59204,2,2
T10_d02_014_a_1_jpg.rf.obyi0noJvUM5tC6MrUpK.jpg,0.25,0.1,0,51436,7768,27123,78559,59204,2,2
T10_d02_014_a_1_jpg.rf.obyi0noJvUM5tC6MrUpK.jpg,0.25,0.25,0,51436,7768,27123,78559,59204,2,2
T10_d02_014_a_1_jpg.rf.obyi0noJvUM5tC6MrUpK.jpg,0.25,0.5,0,51436,7768,27123,78559,59204,2,2
T10_d02_014_a_1_jpg.rf.obyi0noJvUM5tC6MrUpK.jpg,0.25,1.0,1,51436,7768,27123,78559,59204,2,2
T10_d02_014_a_1_jpg.rf.obyi0noJvUM5tC6MrUpK.jpg,0.3,0.0,0,51436,7768,27123,78559,59204,2,2
T10_d02_014_a_1_jpg.rf.obyi0noJvUM5tC6MrUpK.jpg,0.3,0.1,0,51436,7768,27123,78559,59204,2,2
T10_d02_014_a_1_jpg.rf.obyi0noJvUM5tC6MrUpK.jpg,0.3,0.25,0,51436,7768,27123,78559,59204,2,2
T10_d02_014_a_1_jpg.rf.obyi0noJvUM5tC6MrUpK.jpg,0.3,0.5,0,51436,7768,27123,78559,59204,2,2
T10_d02_014_a_1_jpg.rf.obyi0noJvUM5tC6MrUpK.jpg,0.3,1.0,1,51436,7768,27123,78559,59204,2,2
T10_d02_014_a_1_jpg.rf.obyi0noJvUM5tC6MrUpK.jpg,0.4,0.0,0,17512,0,61047,78559,17512,2,1
T10_d02_014_a_1_jpg.rf.obyi0noJvUM5tC6MrUpK.jpg,0.4,0.1,0,17512,0,61047,78559,17512,2,1
T10_d02_014_a_1_jpg.rf.obyi0noJvUM5tC6MrUpK.jpg,0.4,0.25,0,17512,0,61047,78559,17512,2,1
T10_d02_014_a_1_jpg.rf.obyi0noJvUM5tC6MrUpK.jpg,0.4,0.5,0,17512,0,61047,78559,17512,2,1
T10_d02_014_a_1_jpg.rf.obyi0noJvUM5tC6MrUpK.jpg,0.4,1.0,1,17512,0,61047,78559,17512,2,1
T10_d02_014_a_1_jpg.rf.obyi0noJvUM5tC6MrUpK.jpg,0.5,0.0,1,0,0,78559,78559,0,2,0
T10_d02_014_a_1_jpg.rf.obyi0noJvUM5tC6MrUpK.jpg,0.5,0.1,1,0,0,78559,78559,0,2,0
T10_d02_014_a_1_jpg.rf.obyi0noJvUM5tC6MrUpK.jpg,0.5,0.25,1,0,0,78559,78559,0,2,0
T10_d02_014_a_1_jpg.rf.obyi0noJvUM5tC6MrUpK.jpg,0.5,0.5,1,0,0,78559,78559,0,2,0
T10_d02_014_a_1_jpg.rf.obyi0noJvUM5tC6MrUpK.jpg,0.5,1.0,1,0,0,78559,78559,0,2,0
T10_d02_014_b_1_jpg.rf.9RY2WUxVupn5XvJJ27p4.jpg,0.15,0.0,0,71279,7643,9679,80958,78922,2,2
T10_d02_014_b_1_jpg.rf.9RY2WUxVupn5XvJJ27p4.jpg,0.15,0.1,0,71279,7643,9679,80958,78922,2,2
T10_d02_014_b_1_jpg.rf.9RY2WUxVupn5XvJJ27p4.jpg,0.15,0.25,0,71279,7643,9679,80958,78922,2,2
T10_d02_014_b_1_jpg.rf.9RY2WUxVupn5XvJJ27p4.jpg,0.15,0.5,0,71279,7643,9679,80958,78922,2,2
T10_d02_014_b_1_jpg.rf.9RY2WUxVupn5XvJJ27p4.jpg,0.15,1.0,1,71279,7643,9679,80958,78922,2,2
T10_d02_014_b_1_jpg.rf.9RY2WUxVupn5XvJJ27p4.jpg,0.2,0.0,0,71279,7643,9679,80958,78922,2,2
T10_d02_014_b_1_jpg.rf.9RY2WUxVupn5XvJJ27p4.jpg,0.2,0.1,0,71279,7643,9679,80958,78922,2,2
T10_d02_014_b_1_jpg.rf.9RY2WUxVupn5XvJJ27p4.jpg,0.2,0.25,0,71279,7643,9679,80958,78922,2,2
T10_d02_014_b_1_jpg.rf.9RY2WUxVupn5XvJJ27p4.jpg,0.2,0.5,0,71279,7643,9679,80958,78922,2,2
T10_d02_014_b_1_jpg.rf.9RY2WUxVupn5XvJJ27p4.jpg,0.2,1.0,1,71279,7643,9679,80958,78922,2,2
T10_d02_014_b_1_jpg.rf.9RY2WUxVupn5XvJJ27p4.jpg,0.25,0.0,0,27044,4443,53914,80958,31487,2,2
T10_d02_014_b_1_jpg.rf.9RY2WUxVupn5XvJJ27p4.jpg,0.25,0.1,0,27044,4443,53914,80958,31487,2,2
T10_d02_014_b_1_jpg.rf.9RY2WUxVupn5XvJJ27p4.jpg,0.25,0.25,0,27044,4443,53914,80958,31487,2,2
T10_d02_014_b_1_jpg.rf.9RY2WUxVupn5XvJJ27p4.jpg,0.25,0.5,0,27044,4443,53914,80958,31487,2,2
T10_d02_014_b_1_jpg.rf.9RY2WUxVupn5XvJJ27p4.jpg,0.25,1.0,1,27044,4443,53914,80958,31487,2,2
T10_d02_014_b_1_jpg.rf.9RY2WUxVupn5XvJJ27p4.jpg,0.3,0.0,1,0,0,80958,80958,0,2,0
T10_d02_014_b_1_jpg.rf.9RY2WUxVupn5XvJJ27p4.jpg,0.3,0.1,1,0,0,80958,80958,0,2,0
T10_d02_014_b_1_jpg.rf.9RY2WUxVupn5XvJJ27p4.jpg,0.3,0.25,1,0,0,80958,80958,0,2,0
T10_d02_014_b_1_jpg.rf.9RY2WUxVupn5XvJJ27p4.jpg,0.3,0.5,1,0,0,80958,80958,0,2,0
T10_d02_014_b_1_jpg.rf.9RY2WUxVupn5XvJJ27p4.jpg,0.3,1.0,1,0,0,80958,80958,0,2,0
T10_d02_014_b_1_jpg.rf.9RY2WUxVupn5XvJJ27p4.jpg,0.4,0.0,1,0,0,80958,80958,0,2,0
T10_d02_014_b_1_jpg.rf.9RY2WUxVupn5XvJJ27p4.jpg,0.4,0.1,1,0,0,80958,80958,0,2,0
T10_d02_014_b_1_jpg.rf.9RY2WUxVupn5XvJJ27p4.jpg,0.4,0.25,1,0,0,80958,80958,0,2,0
T10_d02_014_b_1_jpg.rf.9RY2WUxVupn5XvJJ27p4.jpg,0.4,0.5,1,0,0,80958,80958,0,2,0
T10_d02_014_b_1_jpg.rf.9RY2WUxVupn5XvJJ27p4.jpg,0.4,1.0,1,0,0,80958,80958,0,2,0
T10_d02_014_b_1_jpg.rf.9RY2WUxVupn5XvJJ27p4.jpg,0.5,0.0,1,0,0,80958,80958,0,2,0
T10_d02_014_b_1_jpg.rf.9RY2WUxVupn5XvJJ27p4.jpg,0.5,0.1,1,0,0,80958,80958,0,2,0
T10_d02_014_b_1_jpg.rf.9RY2WUxVupn5XvJJ27p4.jpg,0.5,0.25,1,0,0,80958,80958,0,2,0
T10_d02_014_b_1_jpg.rf.9RY2WUxVupn5XvJJ27p4.jpg,0.5,0.5,1,0,0,80958,80958,0,2,0
T10_d02_014_b_1_jpg.rf.9RY2WUxVupn5XvJJ27p4.jpg,0.5,1.0,1,0,0,80958,80958,0,2,0
T10_d02_033_a_1_jpg.rf.sbQgh27II1dq1xbgu7Xs.jpg,0.15,0.0,0,3675,6763,9080,12755,10438,0,0
T10_d02_033_a_1_jpg.rf.sbQgh27II1dq1xbgu7Xs.jpg,0.15,0.1,0,3675,6763,9080,12755,10438,0,0
T10_d02_033_a_1_jpg.rf.sbQgh27II1dq1xbgu7Xs.jpg,0.15,0.25,0,3675,6763,9080,12755,10438,0,0
T10_d02_033_a_1_jpg.rf.sbQgh27II1dq1xbgu7Xs.jpg,0.15,0.5,0,3675,6763,9080,12755,10438,0,0
T10_d02_033_a_1_jpg.rf.sbQgh27II1dq1xbgu7Xs.jpg,0.15,1.0,1,3675,6763,9080,12755,10438,0,0
T10_d02_033_a_1_jpg.rf.sbQgh27II1dq1xbgu7Xs.jpg,0.2,0.0,0,3306,811,9449,12755,4117,0,0
T10_d02_033_a_1_jpg.rf.sbQgh27II1dq1xbgu7Xs.jpg,0.2,0.1,0,3306,811,9449,12755,4117,0,0
T10_d02_033_a_1_jpg.rf.sbQgh27II1dq1xbgu7Xs.jpg,0.2,0.25,0,3306,811,9449,12755,4117,0,0
T10_d02_033_a_1_jpg.rf.sbQgh27II1dq1xbgu7Xs.jpg,0.2,0.5,0,3306,811,9449,12755,4117,0,0
T10_d02_033_a_1_jpg.rf.sbQgh27II1dq1xbgu7Xs.jpg,0.2,1.0,1,3306,811,9449,12755,4117,0,0
T10_d02_033_a_1_jpg.rf.sbQgh27II1dq1xbgu7Xs.jpg,0.25,0.0,0,3306,811,9449,12755,4117,0,0
T10_d02_033_a_1_jpg.rf.sbQgh27II1dq1xbgu7Xs.jpg,0.25,0.1,0,3306,811,9449,12755,4117,0,0
T10_d02_033_a_1_jpg.rf.sbQgh27II1dq1xbgu7Xs.jpg,0.25,0.25,0,3306,811,9449,12755,4117,0,0
T10_d02_033_a_1_jpg.rf.sbQgh27II1dq1xbgu7Xs.jpg,0.25,0.5,0,3306,811,9449,12755,4117,0,0
T10_d02_033_a_1_jpg.rf.sbQgh27II1dq1xbgu7Xs.jpg,0.25,1.0,1,3306,811,9449,12755,4117,0,0
T10_d02_033_a_1_jpg.rf.sbQgh27II1dq1xbgu7Xs.jpg,0.3,0.0,1,0,0,12755,12755,0,0,0
T10_d02_033_a_1_jpg.rf.sbQgh27II1dq1xbgu7Xs.jpg,0.3,0.1,1,0,0,12755,12755,0,0,0
T10_d02_033_a_1_jpg.rf.sbQgh27II1dq1xbgu7Xs.jpg,0.3,0.25,1,0,0,12755,12755,0,0,0
T10_d02_033_a_1_jpg.rf.sbQgh27II1dq1xbgu7Xs.jpg,0.3,0.5,1,0,0,12755,12755,0,0,0
T10_d02_033_a_1_jpg.rf.sbQgh27II1dq1xbgu7Xs.jpg,0.3,1.0,1,0,0,12755,12755,0,0,0
T10_d02_033_a_1_jpg.rf.sbQgh27II1dq1xbgu7Xs.jpg,0.4,0.0,1,0,0,12755,12755,0,0,0
T10_d02_033_a_1_jpg.rf.sbQgh27II1dq1xbgu7Xs.jpg,0.4,0.1,1,0,0,12755,12755,0,0,0
T10_d02_033_a_1_jpg.rf.sbQgh27II1dq1xbgu7Xs.jpg,0.4,0.25,1,0,0,12755,12755,0,0,0
T10_d02_033_a_1_jpg.rf.sbQgh27II1dq1xbgu7Xs.jpg,0.4,0.5,1,0,0,12755,12755,0,0,0
T10_d02_033_a_1_jpg.rf.sbQgh27II1dq1xbgu7Xs.jpg,0.4,1.0,1,0,0,12755,12755,0,0,0
T10_d02_033_a_1_jpg.rf.sbQgh27II1dq1xbgu7Xs.jpg,0.5,0.0,1,0,0,12755,12755,0,0,0
T10_d02_033_a_1_jpg.rf.sbQgh27II1dq1xbgu7Xs.jpg,0.5,0.1,1,0,0,12755,12755,0,0,0
T10_d02_033_a_1_jpg.rf.sbQgh27II1dq1xbgu7Xs.jpg,0.5,0.25,1,0,0,12755,12755,0,0,0
T10_d02_033_a_1_jpg.rf.sbQgh27II1dq1xbgu7Xs.jpg,0.5,0.5,1,0,0,12755,12755,0,0,0
T10_d02_033_a_1_jpg.rf.sbQgh27II1dq1xbgu7Xs.jpg,0.5,1.0,1,0,0,12755,12755,0,0,0
T10_d02_038_a_1_jpg.rf.iFKG1twkqSTMZNn3McGd.jpg,0.15,0.0,0,38552,3308,9342,47894,41860,2,2
T10_d02_038_a_1_jpg.rf.iFKG1twkqSTMZNn3McGd.jpg,0.15,0.1,0,38552,3308,9342,47894,41860,2,2
T10_d02_038_a_1_jpg.rf.iFKG1twkqSTMZNn3McGd.jpg,0.15,0.25,0,38552,3308,9342,47894,41860,2,2
T10_d02_038_a_1_jpg.rf.iFKG1twkqSTMZNn3McGd.jpg,0.15,0.5,0,38552,3308,9342,47894,41860,2,2
T10_d02_038_a_1_jpg.rf.iFKG1twkqSTMZNn3McGd.jpg,0.15,1.0,1,38552,3308,9342,47894,41860,2,2
T10_d02_038_a_1_jpg.rf.iFKG1twkqSTMZNn3McGd.jpg,0.2,0.0,0,7478,0,40416,47894,7478,2,0
T10_d02_038_a_1_jpg.rf.iFKG1twkqSTMZNn3McGd.jpg,0.2,0.1,0,7478,0,40416,47894,7478,2,0
T10_d02_038_a_1_jpg.rf.iFKG1twkqSTMZNn3McGd.jpg,0.2,0.25,0,7478,0,40416,47894,7478,2,0
T10_d02_038_a_1_jpg.rf.iFKG1twkqSTMZNn3McGd.jpg,0.2,0.5,0,7478,0,40416,47894,7478,2,0
T10_d02_038_a_1_jpg.rf.iFKG1twkqSTMZNn3McGd.jpg,0.2,1.0,1,7478,0,40416,47894,7478,2,0
T10_d02_038_a_1_jpg.rf.iFKG1twkqSTMZNn3McGd.jpg,0.25,0.0,0,7478,0,40416,47894,7478,2,0
T10_d02_038_a_1_jpg.rf.iFKG1twkqSTMZNn3McGd.jpg,0.25,0.1,0,7478,0,40416,47894,7478,2,0
T10_d02_038_a_1_jpg.rf.iFKG1twkqSTMZNn3McGd.jpg,0.25,0.25,0,7478,0,40416,47894,7478,2,0
T10_d02_038_a_1_jpg.rf.iFKG1twkqSTMZNn3McGd.jpg,0.25,0.5,0,7478,0,40416,47894,7478,2,0
T10_d02_038_a_1_jpg.rf.iFKG1twkqSTMZNn3McGd.jpg,0.25,1.0,1,7478,0,40416,47894,7478,2,0
T10_d02_038_a_1_jpg.rf.iFKG1twkqSTMZNn3McGd.jpg,0.3,0.0,0,7478,0,40416,47894,7478,2,0
T10_d02_038_a_1_jpg.rf.iFKG1twkqSTMZNn3McGd.jpg,0.3,0.1,0,7478,0,40416,47894,7478,2,0
T10_d02_038_a_1_jpg.rf.iFKG1twkqSTMZNn3McGd.jpg,0.3,0.25,0,7478,0,40416,47894,7478,2,0
T10_d02_038_a_1_jpg.rf.iFKG1twkqSTMZNn3McGd.jpg,0.3,0.5,0,7478,0,40416,47894,7478,2,0
T10_d02_038_a_1_jpg.rf.iFKG1twkqSTMZNn3McGd.jpg,0.3,1.0,1,7478,0,40416,47894,7478,2,0
T10_d02_038_a_1_jpg.rf.iFKG1twkqSTMZNn3McGd.jpg,0.4,0.0,0,7478,0,40416,47894,7478,2,0
T10_d02_038_a_1_jpg.rf.iFKG1twkqSTMZNn3McGd.jpg,0.4,0.1,0,7478,0,40416,47894,7478,2,0
T10_d02_038_a_1_jpg.rf.iFKG1twkqSTMZNn3McGd.jpg,0.4,0.25,0,7478,0,40416,47894,7478,2,0
T10_d02_038_a_1_jpg.rf.iFKG1twkqSTMZNn3McGd.jpg,0.4,0.5,0,7478,0,40416,47894,7478,2,0
T10_d02_038_a_1_jpg.rf.iFKG1twkqSTMZNn3McGd.jpg,0.4,1.0,1,7478,0,40416,47894,7478,2,0
T10_d02_038_a_1_jpg.rf.iFKG1twkqSTMZNn3McGd.jpg,0.5,0.0,1,0,0,47894,47894,0,2,0
T10_d02_038_a_1_jpg.rf.iFKG1twkqSTMZNn3McGd.jpg,0.5,0.1,1,0,0,47894,47894,0,2,0
T10_d02_038_a_1_jpg.rf.iFKG1twkqSTMZNn3McGd.jpg,0.5,0.25,1,0,0,47894,47894,0,2,0
T10_d02_038_a_1_jpg.rf.iFKG1twkqSTMZNn3McGd.jpg,0.5,0.5,1,0,0,47894,47894,0,2,0
T10_d02_038_a_1_jpg.rf.iFKG1twkqSTMZNn3McGd.jpg,0.5,1.0,1,0,0,47894,47894,0,2,0
T10_d02_038_b_1_jpg.rf.Qaf2fHgxhKumFsycsw74.jpg,0.15,0.0,1,3434,330,8950,12384,3764,0,0
T10_d02_038_b_1_jpg.rf.Qaf2fHgxhKumFsycsw74.jpg,0.15,0.1,1,3434,330,8950,12384,3764,0,0
T10_d02_038_b_1_jpg.rf.Qaf2fHgxhKumFsycsw74.jpg,0.15,0.25,1,3434,330,8950,12384,3764,0,0
T10_d02_038_b_1_jpg.rf.Qaf2fHgxhKumFsycsw74.jpg,0.15,0.5,1,3434,330,8950,12384,3764,0,0
T10_d02_038_b_1_jpg.rf.Qaf2fHgxhKumFsycsw74.jpg,0.15,1.0,1,3434,330,8950,12384,3764,0,0
T10_d02_038_b_1_jpg.rf.Qaf2fHgxhKumFsycsw74.jpg,0.2,0.0,1,3434,330,8950,12384,3764,0,0
T10_d02_038_b_1_jpg.rf.Qaf2fHgxhKumFsycsw74.jpg,0.2,0.1,1,3434,330,8950,12384,3764,0,0
T10_d02_038_b_1_jpg.rf.Qaf2fHgxhKumFsycsw74.jpg,0.2,0.25,1,3434,330,8950,12384,3764,0,0
T10_d02_038_b_1_jpg.rf.Qaf2fHgxhKumFsycsw74.jpg,0.2,0.5,1,3434,330,8950,12384,3764,0,0
T10_d02_038_b_1_jpg.rf.Qaf2fHgxhKumFsycsw74.jpg,0.2,1.0,1,3434,330,8950,12384,3764,0,0
T10_d02_038_b_1_jpg.rf.Qaf2fHgxhKumFsycsw74.jpg,0.25,0.0,1,3434,330,8950,12384,3764,0,0
T10_d02_038_b_1_jpg.rf.Qaf2fHgxhKumFsycsw74.jpg,0.25,0.1,1,3434,330,8950,12384,3764,0,0
T10_d02_038_b_1_jpg.rf.Qaf2fHgxhKumFsycsw74.jpg,0.25,0.25,1,3434,330,8950,12384,3764,0,0
T10_d02_038_b_1_jpg.rf.Qaf2fHgxhKumFsycsw74.jpg,0.25,0.5,1,3434,330,8950,12384,3764,0,0
T10_d02_038_b_1_jpg.rf.Qaf2fHgxhKumFsycsw74.jpg,0.25,1.0,1,3434,330,8950,12384,3764,0,0
T10_d02_038_b_1_jpg.rf.Qaf2fHgxhKumFsycsw74.jpg,0.3,0.0,1,3434,330,8950,12384,3764,0,0
T10_d02_038_b_1_jpg.rf.Qaf2fHgxhKumFsycsw74.jpg,0.3,0.1,1,3434,330,8950,12384,3764,0,0
T10_d02_038_b_1_jpg.rf.Qaf2fHgxhKumFsycsw74.jpg,0.3,0.25,1,3434,330,8950,12384,3764,0,0
T10_d02_038_b_1_jpg.rf.Qaf2fHgxhKumFsycsw74.jpg,0.3,0.5,1,3434,330,8950,12384,3764,0,0
T10_d02_038_b_1_jpg.rf.Qaf2fHgxhKumFsycsw74.jpg,0.3,1.0,1,3434,330,8950,12384,3764,0,0
T10_d02_038_b_1_jpg.rf.Qaf2fHgxhKumFsycsw74.jpg,0.4,0.0,1,3434,330,8950,12384,3764,0,0
T10_d02_038_b_1_jpg.rf.Qaf2fHgxhKumFsycsw74.jpg,0.4,0.1,1,3434,330,8950,12384,3764,0,0
T10_d02_038_b_1_jpg.rf.Qaf2fHgxhKumFsycsw74.jpg,0.4,0.25,1,3434,330,8950,12384,3764,0,0
T10_d02_038_b_1_jpg.rf.Qaf2fHgxhKumFsycsw74.jpg,0.4,0.5,1,3434,330,8950,12384,3764,0,0
T10_d02_038_b_1_jpg.rf.Qaf2fHgxhKumFsycsw74.jpg,0.4,1.0,1,3434,330,8950,12384,3764,0,0
T10_d02_038_b_1_jpg.rf.Qaf2fHgxhKumFsycsw74.jpg,0.5,0.0,1,3434,330,8950,12384,3764,0,0
T10_d02_038_b_1_jpg.rf.Qaf2fHgxhKumFsycsw74.jpg,0.5,0.1,1,3434,330,8950,12384,3764,0,0
T10_d02_038_b_1_jpg.rf.Qaf2fHgxhKumFsycsw74.jpg,0.5,0.25,1,3434,330,8950,12384,3764,0,0
T10_d02_038_b_1_jpg.rf.Qaf2fHgxhKumFsycsw74.jpg,0.5,0.5,1,3434,330,8950,12384,3764,0,0
T10_d02_038_b_1_jpg.rf.Qaf2fHgxhKumFsycsw74.jpg,0.5,1.0,1,3434,330,8950,12384,3764,0,0
T10_d02_058_b_1_jpg.rf.mNiC2yjadTXndcb8B9Ic.jpg,0.15,0.0,1,0,0,0,0,0,0,0
T10_d02_058_b_1_jpg.rf.mNiC2yjadTXndcb8B9Ic.jpg,0.15,0.1,1,0,0,0,0,0,0,0
T10_d02_058_b_1_jpg.rf.mNiC2yjadTXndcb8B9Ic.jpg,0.15,0.25,1,0,0,0,0,0,0,0
T10_d02_058_b_1_jpg.rf.mNiC2yjadTXndcb8B9Ic.jpg,0.15,0.5,1,0,0,0,0,0,0,0
T10_d02_058_b_1_jpg.rf.mNiC2yjadTXndcb8B9Ic.jpg,0.15,1.0,1,0,0,0,0,0,0,0
T10_d02_058_b_1_jpg.rf.mNiC2yjadTXndcb8B9Ic.jpg,0.2,0.0,1,0,0,0,0,0,0,0
T10_d02_058_b_1_jpg.rf.mNiC2yjadTXndcb8B9Ic.jpg,0.2,0.1,1,0,0,0,0,0,0,0
T10_d02_058_b_1_jpg.rf.mNiC2yjadTXndcb8B9Ic.jpg,0.2,0.25,1,0,0,0,0,0,0,0
T10_d02_058_b_1_jpg.rf.mNiC2yjadTXndcb8B9Ic.jpg,0.2,0.5,1,0,0,0,0,0,0,0
T10_d02_058_b_1_jpg.rf.mNiC2yjadTXndcb8B9Ic.jpg,0.2,1.0,1,0,0,0,0,0,0,0
T10_d02_058_b_1_jpg.rf.mNiC2yjadTXndcb8B9Ic.jpg,0.25,0.0,1,0,0,0,0,0,0,0
T10_d02_058_b_1_jpg.rf.mNiC2yjadTXndcb8B9Ic.jpg,0.25,0.1,1,0,0,0,0,0,0,0
T10_d02_058_b_1_jpg.rf.mNiC2yjadTXndcb8B9Ic.jpg,0.25,0.25,1,0,0,0,0,0,0,0
T10_d02_058_b_1_jpg.rf.mNiC2yjadTXndcb8B9Ic.jpg,0.25,0.5,1,0,0,0,0,0,0,0
T10_d02_058_b_1_jpg.rf.mNiC2yjadTXndcb8B9Ic.jpg,0.25,1.0,1,0,0,0,0,0,0,0
T10_d02_058_b_1_jpg.rf.mNiC2yjadTXndcb8B9Ic.jpg,0.3,0.0,1,0,0,0,0,0,0,0
T10_d02_058_b_1_jpg.rf.mNiC2yjadTXndcb8B9Ic.jpg,0.3,0.1,1,0,0,0,0,0,0,0
T10_d02_058_b_1_jpg.rf.mNiC2yjadTXndcb8B9Ic.jpg,0.3,0.25,1,0,0,0,0,0,0,0
T10_d02_058_b_1_jpg.rf.mNiC2yjadTXndcb8B9Ic.jpg,0.3,0.5,1,0,0,0,0,0,0,0
T10_d02_058_b_1_jpg.rf.mNiC2yjadTXndcb8B9Ic.jpg,0.3,1.0,1,0,0,0,0,0,0,0
T10_d02_058_b_1_jpg.rf.mNiC2yjadTXndcb8B9Ic.jpg,0.4,0.0,1,0,0,0,0,0,0,0
T10_d02_058_b_1_jpg.rf.mNiC2yjadTXndcb8B9Ic.jpg,0.4,0.1,1,0,0,0,0,0,0,0
T10_d02_058_b_1_jpg.rf.mNiC2yjadTXndcb8B9Ic.jpg,0.4,0.25,1,0,0,0,0,0,0,0
T10_d02_058_b_1_jpg.rf.mNiC2yjadTXndcb8B9Ic.jpg,0.4,0.5,1,0,0,0,0,0,0,0
T10_d02_058_b_1_jpg.rf.mNiC2yjadTXndcb8B9Ic.jpg,0.4,1.0,1,0,0,0,0,0,0,0
T10_d02_058_b_1_jpg.rf.mNiC2yjadTXndcb8B9Ic.jpg,0.5,0.0,1,0,0,0,0,0,0,0
T10_d02_058_b_1_jpg.rf.mNiC2yjadTXndcb8B9Ic.jpg,0.5,0.1,1,0,0,0,0,0,0,0
T10_d02_058_b_1_jpg.rf.mNiC2yjadTXndcb8B9Ic.jpg,0.5,0.25,1,0,0,0,0,0,0,0
T10_d02_058_b_1_jpg.rf.mNiC2yjadTXndcb8B9Ic.jpg,0.5,0.5,1,0,0,0,0,0,0,0
T10_d02_058_b_1_jpg.rf.mNiC2yjadTXndcb8B9Ic.jpg,0.5,1.0,1,0,0,0,0,0,0,0
T10_d03_038_b_1_jpg.rf.HxiNWruTDlv7ogoj9gX7.jpg,0.15,0.0,0,0,2593,0,0,2593,0,0
T10_d03_038_b_1_jpg.rf.HxiNWruTDlv7ogoj9gX7.jpg,0.15,0.1,0,0,2593,0,0,2593,0,0
T10_d03_038_b_1_jpg.rf.HxiNWruTDlv7ogoj9gX7.jpg,0.15,0.25,0,0,2593,0,0,2593,0,0
T10_d03_038_b_1_jpg.rf.HxiNWruTDlv7ogoj9gX7.jpg,0.15,0.5,0,0,2593,0,0,2593,0,0
T10_d03_038_b_1_jpg.rf.HxiNWruTDlv7ogoj9gX7.jpg,0.15,1.0,1,0,2593,0,0,2593,0,0
T10_d03_038_b_1_jpg.rf.HxiNWruTDlv7ogoj9gX7.jpg,0.2,0.0,0,0,2593,0,0,2593,0,0
T10_d03_038_b_1_jpg.rf.HxiNWruTDlv7ogoj9gX7.jpg,0.2,0.1,0,0,2593,0,0,2593,0,0
T10_d03_038_b_1_jpg.rf.HxiNWruTDlv7ogoj9gX7.jpg,0.2,0.25,0,0,2593,0,0,2593,0,0
T10_d03_038_b_1_jpg.rf.HxiNWruTDlv7ogoj9gX7.jpg,0.2,0.5,0,0,2593,0,0,2593,0,0
T10_d03_038_b_1_jpg.rf.HxiNWruTDlv7ogoj9gX7.jpg,0.2,1.0,1,0,2593,0,0,2593,0,0
T10_d03_038_b_1_jpg.rf.HxiNWruTDlv7ogoj9gX7.jpg,0.25,0.0,0,0,2593,0,0,2593,0,0
T10_d03_038_b_1_jpg.rf.HxiNWruTDlv7ogoj9gX7.jpg,0.25,0.1,0,0,2593,0,0,2593,0,0
T10_d03_038_b_1_jpg.rf.HxiNWruTDlv7ogoj9gX7.jpg,0.25,0.25,0,0,2593,0,0,2593,0,0
T10_d03_038_b_1_jpg.rf.HxiNWruTDlv7ogoj9gX7.jpg,0.25,0.5,0,0,2593,0,0,2593,0,0
T10_d03_038_b_1_jpg.rf.HxiNWruTDlv7ogoj9gX7.jpg,0.25,1.0,1,0,2593,0,0,2593,0,0
T10_d03_038_b_1_jpg.rf.HxiNWruTDlv7ogoj9gX7.jpg,0.3,0.0,1,0,0,0,0,0,0,0
T10_d03_038_b_1_jpg.rf.HxiNWruTDlv7ogoj9gX7.jpg,0.3,0.1,1,0,0,0,0,0,0,0
T10_d03_038_b_1_jpg.rf.HxiNWruTDlv7ogoj9gX7.jpg,0.3,0.25,1,0,0,0,0,0,0,0
T10_d03_038_b_1_jpg.rf.HxiNWruTDlv7ogoj9gX7.jpg,0.3,0.5,1,0,0,0,0,0,0,0
T10_d03_038_b_1_jpg.rf.HxiNWruTDlv7ogoj9gX7.jpg,0.3,1.0,1,0,0,0,0,0,0,0
T10_d03_038_b_1_jpg.rf.HxiNWruTDlv7ogoj9gX7.jpg,0.4,0.0,1,0,0,0,0,0,0,0
T10_d03_038_b_1_jpg.rf.HxiNWruTDlv7ogoj9gX7.jpg,0.4,0.1,1,0,0,0,0,0,0,0
T10_d03_038_b_1_jpg.rf.HxiNWruTDlv7ogoj9gX7.jpg,0.4,0.25,1,0,0,0,0,0,0,0
T10_d03_038_b_1_jpg.rf.HxiNWruTDlv7ogoj9gX7.jpg,0.4,0.5,1,0,0,0,0,0,0,0
T10_d03_038_b_1_jpg.rf.HxiNWruTDlv7ogoj9gX7.jpg,0.4,1.0,1,0,0,0,0,0,0,0
T10_d03_038_b_1_jpg.rf.HxiNWruTDlv7ogoj9gX7.jpg,0.5,0.0,1,0,0,0,0,0,0,0
T10_d03_038_b_1_jpg.rf.HxiNWruTDlv7ogoj9gX7.jpg,0.5,0.1,1,0,0,0,0,0,0,0
T10_d03_038_b_1_jpg.rf.HxiNWruTDlv7ogoj9gX7.jpg,0.5,0.25,1,0,0,0,0,0,0,0
T10_d03_038_b_1_jpg.rf.HxiNWruTDlv7ogoj9gX7.jpg,0.5,0.5,1,0,0,0,0,0,0,0
T10_d03_038_b_1_jpg.rf.HxiNWruTDlv7ogoj9gX7.jpg,0.5,1.0,1,0,0,0,0,0,0,0
T10_d03_072_b_1_jpg.rf.NTOCuIxE1JTGH15HHbmF.jpg,0.15,0.0,0,16298,9150,228,16526,25448,1,2
T10_d03_072_b_1_jpg.rf.NTOCuIxE1JTGH15HHbmF.jpg,0.15,0.1,0,16298,9150,228,16526,25448,1,2
T10_d03_072_b_1_jpg.rf.NTOCuIxE1JTGH15HHbmF.jpg,0.15,0.25,1,16298,9150,228,16526,25448,1,2
T10_d03_072_b_1_jpg.rf.NTOCuIxE1JTGH15HHbmF.jpg,0.15,0.5,1,16298,9150,228,16526,25448,1,2
T10_d03_072_b_1_jpg.rf.NTOCuIxE1JTGH15HHbmF.jpg,0.15,1.0,1,16298,9150,228,16526,25448,1,2
T10_d03_072_b_1_jpg.rf.NTOCuIxE1JTGH15HHbmF.jpg,0.2,0.0,0,16298,9150,228,16526,25448,1,2
T10_d03_072_b_1_jpg.rf.NTOCuIxE1JTGH15HHbmF.jpg,0.2,0.1,0,16298,9150,228,16526,25448,1,2
T10_d03_072_b_1_jpg.rf.NTOCuIxE1JTGH15HHbmF.jpg,0.2,0.25,1,16298,9150,228,16526,25448,1,2
T10_d03_072_b_1_jpg.rf.NTOCuIxE1JTGH15HHbmF.jpg,0.2,0.5,1,16298,9150,228,16526,25448,1,2
T10_d03_072_b_1_jpg.rf.NTOCuIxE1JTGH15HHbmF.jpg,0.2,1.0,1,16298,9150,228,16526,25448,1,2
T10_d03_072_b_1_jpg.rf.NTOCuIxE1JTGH15HHbmF.jpg,0.25,0.0,0,15539,8536,987,16526,24075,1,2
T10_d03_072_b_1_jpg.rf.NTOCuIxE1JTGH15HHbmF.jpg,0.25,0.1,0,15539,8536,987,16526,24075,1,2
T10_d03_072_b_1_jpg.rf.NTOCuIxE1JTGH15HHbmF.jpg,0.25,0.25,1,15539,8536,987,16526,24075,1,2
T10_d03_072_b_1_jpg.rf.NTOCuIxE1JTGH15HHbmF.jpg,0.25,0.5,1,15539,8536,987,16526,24075,1,2
T10_d03_072_b_1_jpg.rf.NTOCuIxE1JTGH15HHbmF.jpg,0.25,1.0,1,15539,8536,987,16526,24075,1,2
T10_d03_072_b_1_jpg.rf.NTOCuIxE1JTGH15HHbmF.jpg,0.3,0.0,0,15539,8536,987,16526,24075,1,2
T10_d03_072_b_1_jpg.rf.NTOCuIxE1JTGH15HHbmF.jpg,0.3,0.1,0,15539,8536,987,16526,24075,1,2
T10_d03_072_b_1_jpg.rf.NTOCuIxE1JTGH15HHbmF.jpg,0.3,0.25,1,15539,8536,987,16526,24075,1,2
T10_d03_072_b_1_jpg.rf.NTOCuIxE1JTGH15HHbmF.jpg,0.3,0.5,1,15539,8536,987,16526,24075,1,2
T10_d03_072_b_1_jpg.rf.NTOCuIxE1JTGH15HHbmF.jpg,0.3,1.0,1,15539,8536,987,16526,24075,1,2
T10_d03_072_b_1_jpg.rf.NTOCuIxE1JTGH15HHbmF.jpg,0.4,0.0,0,15539,8536,987,16526,24075,1,2
T10_d03_072_b_1_jpg.rf.NTOCuIxE1JTGH15HHbmF.jpg,0.4,0.1,0,15539,8536,987,16526,24075,1,2
T10_d03_072_b_1_jpg.rf.NTOCuIxE1JTGH15HHbmF.jpg,0.4,0.25,1,15539,8536,987,16526,24075,1,2
T10_d03_072_b_1_jpg.rf.NTOCuIxE1JTGH15HHbmF.jpg,0.4,0.5,1,15539,8536,987,16526,24075,1,2
T10_d03_072_b_1_jpg.rf.NTOCuIxE1JTGH15HHbmF.jpg,0.4,1.0,1,15539,8536,987,16526,24075,1,2
T10_d03_072_b_1_jpg.rf.NTOCuIxE1JTGH15HHbmF.jpg,0.5,0.0,1,11048,8291,5478,16526,19339,1,1
T10_d03_072_b_1_jpg.rf.NTOCuIxE1JTGH15HHbmF.jpg,0.5,0.1,1,11048,8291,5478,16526,19339,1,1
T10_d03_072_b_1_jpg.rf.NTOCuIxE1JTGH15HHbmF.jpg,0.5,0.25,1,11048,8291,5478,16526,19339,1,1
T10_d03_072_b_1_jpg.rf.NTOCuIxE1JTGH15HHbmF.jpg,0.5,0.5,1,11048,8291,5478,16526,19339,1,1
T10_d03_072_b_1_jpg.rf.NTOCuIxE1JTGH15HHbmF.jpg,0.5,1.0,1,11048,8291,5478,16526,19339,1,1
T10_d03_253_b_1_jpg.rf.ll8yabe2QOC5My79DmRu.jpg,0.15,0.0,0,4854,522,74,4928,5376,0,0
T10_d03_253_b_1_jpg.rf.ll8yabe2QOC5My79DmRu.jpg,0.15,0.1,0,4854,522,74,4928,5376,0,0
T10_d03_253_b_1_jpg.rf.ll8yabe2QOC5My79DmRu.jpg,0.15,0.25,0,4854,522,74,4928,5376,0,0
T10_d03_253_b_1_jpg.rf.ll8yabe2QOC5My79DmRu.jpg,0.15,0.5,0,4854,522,74,4928,5376,0,0
T10_d03_253_b_1_jpg.rf.ll8yabe2QOC5My79DmRu.jpg,0.15,1.0,1,4854,522,74,4928,5376,0,0
T10_d03_253_b_1_jpg.rf.ll8yabe2QOC5My79DmRu.jpg,0.2,0.0,0,4189,444,739,4928,4633,0,0
T10_d03_253_b_1_jpg.rf.ll8yabe2QOC5My79DmRu.jpg,0.2,0.1,0,4189,444,739,4928,4633,0,0
T10_d03_253_b_1_jpg.rf.ll8yabe2QOC5My79DmRu.jpg,0.2,0.25,0,4189,444,739,4928,4633,0,0
T10_d03_253_b_1_jpg.rf.ll8yabe2QOC5My79DmRu.jpg,0.2,0.5,0,4189,444,739,4928,4633,0,0
T10_d03_253_b_1_jpg.rf.ll8yabe2QOC5My79DmRu.jpg,0.2,1.0,1,4189,444,739,4928,4633,0,0
T10_d03_253_b_1_jpg.rf.ll8yabe2QOC5My79DmRu.jpg,0.25,0.0,0,4189,444,739,4928,4633,0,0
T10_d03_253_b_1_jpg.rf.ll8yabe2QOC5My79DmRu.jpg,0.25,0.1,0,4189,444,739,4928,4633,0,0
T10_d03_253_b_1_jpg.rf.ll8yabe2QOC5My79DmRu.jpg,0.25,0.25,0,4189,444,739,4928,4633,0,0
T10_d03_253_b_1_jpg.rf.ll8yabe2QOC5My79DmRu.jpg,0.25,0.5,0,4189,444,739,4928,4633,0,0
T10_d03_253_b_1_jpg.rf.ll8yabe2QOC5My79DmRu.jpg,0.25,1.0,1,4189,444,739,4928,4633,0,0
T10_d03_253_b_1_jpg.rf.ll8yabe2QOC5My79DmRu.jpg,0.3,0.0,0,4189,444,739,4928,4633,0,0
T10_d03_253_b_1_jpg.rf.ll8yabe2QOC5My79DmRu.jpg,0.3,0.1,0,4189,444,739,4928,4633,0,0
T10_d03_253_b_1_jpg.rf.ll8yabe2QOC5My79DmRu.jpg,0.3,0.25,0,4189,444,739,4928,4633,0,0
T10_d03_253_b_1_jpg.rf.ll8yabe2QOC5My79DmRu.jpg,0.3,0.5,0,4189,444,739,4928,4633,0,0
T10_d03_253_b_1_jpg.rf.ll8yabe2QOC5My79DmRu.jpg,0.3,1.0,1,4189,444,739,4928,4633,0,0
T10_d03_253_b_1_jpg.rf.ll8yabe2QOC5My79DmRu.jpg,0.4,0.0,1,0,0,4928,4928,0,0,0
T10_d03_253_b_1_jpg.rf.ll8yabe2QOC5My79DmRu.jpg,0.4,0.1,1,0,0,4928,4928,0,0,0
T10_d03_253_b_1_jpg.rf.ll8yabe2QOC5My79DmRu.jpg,0.4,0.25,1,0,0,4928,4928,0,0,0
T10_d03_253_b_1_jpg.rf.ll8yabe2QOC5My79DmRu.jpg,0.4,0.5,1,0,0,4928,4928,0,0,0
T10_d03_253_b_1_jpg.rf.ll8yabe2QOC5My79DmRu.jpg,0.4,1.0,1,0,0,4928,4928,0,0,0
T10_d03_253_b_1_jpg.rf.ll8yabe2QOC5My79DmRu.jpg,0.5,0.0,1,0,0,4928,4928,0,0,0
T10_d03_253_b_1_jpg.rf.ll8yabe2QOC5My79DmRu.jpg,0.5,0.1,1,0,0,4928,4928,0,0,0
T10_d03_253_b_1_jpg.rf.ll8yabe2QOC5My79DmRu.jpg,0.5,0.25,1,0,0,4928,4928,0,0,0
T10_d03_253_b_1_jpg.rf.ll8yabe2QOC5My79DmRu.jpg,0.5,0.5,1,0,0,4928,4928,0,0,0
T10_d03_253_b_1_jpg.rf.ll8yabe2QOC5My79DmRu.jpg,0.5,1.0,1,0,0,4928,4928,0,0,0
T10_d03_478_a_1_jpg.rf.8k5SvpWVjXCk4EEYpNcV.jpg,0.15,0.0,1,1333,133,328,1661,1466,0,0
T10_d03_478_a_1_jpg.rf.8k5SvpWVjXCk4EEYpNcV.jpg,0.15,0.1,1,1333,133,328,1661,1466,0,0
T10_d03_478_a_1_jpg.rf.8k5SvpWVjXCk4EEYpNcV.jpg,0.15,0.25,1,1333,133,328,1661,1466,0,0
T10_d03_478_a_1_jpg.rf.8k5SvpWVjXCk4EEYpNcV.jpg,0.15,0.5,1,1333,133,328,1661,1466,0,0
T10_d03_478_a_1_jpg.rf.8k5SvpWVjXCk4EEYpNcV.jpg,0.15,1.0,1,1333,133,328,1661,1466,0,0
T10_d03_478_a_1_jpg.rf.8k5SvpWVjXCk4EEYpNcV.jpg,0.2,0.0,1,1333,133,328,1661,1466,0,0
T10_d03_478_a_1_jpg.rf.8k5SvpWVjXCk4EEYpNcV.jpg,0.2,0.1,1,1333,133,328,1661,1466,0,0
T10_d03_478_a_1_jpg.rf.8k5SvpWVjXCk4EEYpNcV.jpg,0.2,0.25,1,1333,133,328,1661,1466,0,0
T10_d03_478_a_1_jpg.rf.8k5SvpWVjXCk4EEYpNcV.jpg,0.2,0.5,1,1333,133,328,1661,1466,0,0
T10_d03_478_a_1_jpg.rf.8k5SvpWVjXCk4EEYpNcV.jpg,0.2,1.0,1,1333,133,328,1661,1466,0,0
T10_d03_478_a_1_jpg.rf.8k5SvpWVjXCk4EEYpNcV.jpg,0.25,0.0,1,1333,133,328,1661,1466,0,0
T10_d03_478_a_1_jpg.rf.8k5SvpWVjXCk4EEYpNcV.jpg,0.25,0.1,1,1333,133,328,1661,1466,0,0
T10_d03_478_a_1_jpg.rf.8k5SvpWVjXCk4EEYpNcV.jpg,0.25,0.25,1,1333,133,328,1661,1466,0,0
T10_d03_478_a_1_jpg.rf.8k5SvpWVjXCk4EEYpNcV.jpg,0.25,0.5,1,1333,133,328,1661,1466,0,0
T10_d03_478_a_1_jpg.rf.8k5SvpWVjXCk4EEYpNcV.jpg,0.25,1.0,1,1333,133,328,1661,1466,0,0
T10_d03_478_a_1_jpg.rf.8k5SvpWVjXCk4EEYpNcV.jpg,0.3,0.0,1,1333,133,328,1661,1466,0,0
T10_d03_478_a_1_jpg.rf.8k5SvpWVjXCk4EEYpNcV.jpg,0.3,0.1,1,1333,133,328,1661,1466,0,0
T10_d03_478_a_1_jpg.rf.8k5SvpWVjXCk4EEYpNcV.jpg,0.3,0.25,1,1333,133,328,1661,1466,0,0
T10_d03_478_a_1_jpg.rf.8k5SvpWVjXCk4EEYpNcV.jpg,0.3,0.5,1,1333,133,328,1661,1466,0,0
T10_d03_478_a_1_jpg.rf.8k5SvpWVjXCk4EEYpNcV.jpg,0.3,1.0,1,1333,133,328,1661,1466,0,0
T10_d03_478_a_1_jpg.rf.8k5SvpWVjXCk4EEYpNcV.jpg,0.4,0.0,1,1333,133,328,1661,1466,0,0
T10_d03_478_a_1_jpg.rf.8k5SvpWVjXCk4EEYpNcV.jpg,0.4,0.1,1,1333,133,328,1661,1466,0,0
T10_d03_478_a_1_jpg.rf.8k5SvpWVjXCk4EEYpNcV.jpg,0.4,0.25,1,1333,133,328,1661,1466,0,0
T10_d03_478_a_1_jpg.rf.8k5SvpWVjXCk4EEYpNcV.jpg,0.4,0.5,1,1333,133,328,1661,1466,0,0
T10_d03_478_a_1_jpg.rf.8k5SvpWVjXCk4EEYpNcV.jpg,0.4,1.0,1,1333,133,328,1661,1466,0,0
T10_d03_478_a_1_jpg.rf.8k5SvpWVjXCk4EEYpNcV.jpg,0.5,0.0,1,1333,133,328,1661,1466,0,0
T10_d03_478_a_1_jpg.rf.8k5SvpWVjXCk4EEYpNcV.jpg,0.5,0.1,1,1333,133,328,1661,1466,0,0
T10_d03_478_a_1_jpg.rf.8k5SvpWVjXCk4EEYpNcV.jpg,0.5,0.25,1,1333,133,328,1661,1466,0,0
T10_d03_478_a_1_jpg.rf.8k5SvpWVjXCk4EEYpNcV.jpg,0.5,0.5,1,1333,133,328,1661,1466,0,0
T10_d03_478_a_1_jpg.rf.8k5SvpWVjXCk4EEYpNcV.jpg,0.5,1.0,1,1333,133,328,1661,1466,0,0
T10_d04_012_a_1_jpg.rf.NjwHzDaHZQIqjrISxL9S.jpg,0.15,0.0,0,40349,12689,8858,49207,53038,2,2
T10_d04_012_a_1_jpg.rf.NjwHzDaHZQIqjrISxL9S.jpg,0.15,0.1,0,40349,12689,8858,49207,53038,2,2
T10_d04_012_a_1_jpg.rf.NjwHzDaHZQIqjrISxL9S.jpg,0.15,0.25,0,40349,12689,8858,49207,53038,2,2
T10_d04_012_a_1_jpg.rf.NjwHzDaHZQIqjrISxL9S.jpg,0.15,0.5,0,40349,12689,8858,49207,53038,2,2
T10_d04_012_a_1_jpg.rf.NjwHzDaHZQIqjrISxL9S.jpg,0.15,1.0,1,40349,12689,8858,49207,53038,2,2
T10_d04_012_a_1_jpg.rf.NjwHzDaHZQIqjrISxL9S.jpg,0.2,0.0,0,33317,1057,15890,49207,34374,2,2
T10_d04_012_a_1_jpg.rf.NjwHzDaHZQIqjrISxL9S.jpg,0.2,0.1,0,33317,1057,15890,49207,34374,2,2
T10_d04_012_a_1_jpg.rf.NjwHzDaHZQIqjrISxL9S.jpg,0.2,0.25,0,33317,1057,15890,49207,34374,2,2
T10_d04_012_a_1_jpg.rf.NjwHzDaHZQIqjrISxL9S.jpg,0.2,0.5,0,33317,1057,15890,49207,34374,2,2
T10_d04_012_a_1_jpg.rf.NjwHzDaHZQIqjrISxL9S.jpg,0.2,1.0,1,33317,1057,15890,49207,34374,2,2
T10_d04_012_a_1_jpg.rf.NjwHzDaHZQIqjrISxL9S.jpg,0.25,0.0,1,0,0,49207,49207,0,2,0
T10_d04_012_a_1_jpg.rf.NjwHzDaHZQIqjrISxL9S.jpg,0.25,0.1,1,0,0,49207,49207,0,2,0
T10_d04_012_a_1_jpg.rf.NjwHzDaHZQIqjrISxL9S.jpg,0.25,0.25,1,0,0,49207,49207,0,2,0
T10_d04_012_a_1_jpg.rf.NjwHzDaHZQIqjrISxL9S.jpg,0.25,0.5,1,0,0,49207,49207,0,2,0
T10_d04_012_a_1_jpg.rf.NjwHzDaHZQIqjrISxL9S.jpg,0.25,1.0,1,0,0,49207,49207,0,2,0
T10_d04_012_a_1_jpg.rf.NjwHzDaHZQIqjrISxL9S.jpg,0.3,0.0,1,0,0,49207,49207,0,2,0
T10_d04_012_a_1_jpg.rf.NjwHzDaHZQIqjrISxL9S.jpg,0.3,0.1,1,0,0,49207,49207,0,2,0
T10_d04_012_a_1_jpg.rf.NjwHzDaHZQIqjrISxL9S.jpg,0.3,0.25,1,0,0,49207,49207,0,2,0
T10_d04_012_a_1_jpg.rf.NjwHzDaHZQIqjrISxL9S.jpg,0.3,0.5,1,0,0,49207,49207,0,2,0
T10_d04_012_a_1_jpg.rf.NjwHzDaHZQIqjrISxL9S.jpg,0.3,1.0,1,0,0,49207,49207,0,2,0
T10_d04_012_a_1_jpg.rf.NjwHzDaHZQIqjrISxL9S.jpg,0.4,0.0,1,0,0,49207,49207,0,2,0
T10_d04_012_a_1_jpg.rf.NjwHzDaHZQIqjrISxL9S.jpg,0.4,0.1,1,0,0,49207,49207,0,2,0
T10_d04_012_a_1_jpg.rf.NjwHzDaHZQIqjrISxL9S.jpg,0.4,0.25,1,0,0,49207,49207,0,2,0
T10_d04_012_a_1_jpg.rf.NjwHzDaHZQIqjrISxL9S.jpg,0.4,0.5,1,0,0,49207,49207,0,2,0
T10_d04_012_a_1_jpg.rf.NjwHzDaHZQIqjrISxL9S.jpg,0.4,1.0,1,0,0,49207,49207,0,2,0
T10_d04_012_a_1_jpg.rf.NjwHzDaHZQIqjrISxL9S.jpg,0.5,0.0,1,0,0,49207,49207,0,2,0
T10_d04_012_a_1_jpg.rf.NjwHzDaHZQIqjrISxL9S.jpg,0.5,0.1,1,0,0,49207,49207,0,2,0
T10_d04_012_a_1_jpg.rf.NjwHzDaHZQIqjrISxL9S.jpg,0.5,0.25,1,0,0,49207,49207,0,2,0
T10_d04_012_a_1_jpg.rf.NjwHzDaHZQIqjrISxL9S.jpg,0.5,0.5,1,0,0,49207,49207,0,2,0
T10_d04_012_a_1_jpg.rf.NjwHzDaHZQIqjrISxL9S.jpg,0.5,1.0,1,0,0,49207,49207,0,2,0
T10_d04_018_a_1_jpg.rf.dUWFswhL3uZfK8DoxT7j.jpg,0.15,0.0,0,15621,7740,16288,31909,23361,2,2
T10_d04_018_a_1_jpg.rf.dUWFswhL3uZfK8DoxT7j.jpg,0.15,0.1,0,15621,7740,16288,31909,23361,2,2
T10_d04_018_a_1_jpg.rf.dUWFswhL3uZfK8DoxT7j.jpg,0.15,0.25,0,15621,7740,16288,31909,23361,2,2
T10_d04_018_a_1_jpg.rf.dUWFswhL3uZfK8DoxT7j.jpg,0.15,0.5,0,15621,7740,16288,31909,23361,2,2
T10_d04_018_a_1_jpg.rf.dUWFswhL3uZfK8DoxT7j.jpg,0.15,1.0,1,15621,7740,16288,31909,23361,2,2
T10_d04_018_a_1_jpg.rf.dUWFswhL3uZfK8DoxT7j.jpg,0.2,0.0,0,15621,7740,16288,31909,23361,2,2
T10_d04_018_a_1_jpg.rf.dUWFswhL3uZfK8DoxT7j.jpg,0.2,0.1,0,15621,7740,16288,31909,23361,2,2
T10_d04_018_a_1_jpg.rf.dUWFswhL3uZfK8DoxT7j.jpg,0.2,0.25,0,15621,7740,16288,31909,23361,2,2
T10_d04_018_a_1_jpg.rf.dUWFswhL3uZfK8DoxT7j.jpg,0.2,0.5,0,15621,7740,16288,31909,23361,2,2
T10_d04_018_a_1_jpg.rf.dUWFswhL3uZfK8DoxT7j.jpg,0.2,1.0,1,15621,7740,16288,31909,23361,2,2
T10_d04_018_a_1_jpg.rf.dUWFswhL3uZfK8DoxT7j.jpg,0.25,0.0,0,15621,7740,16288,31909,23361,2,2
T10_d04_018_a_1_jpg.rf.dUWFswhL3uZfK8DoxT7j.jpg,0.25,0.1,0,15621,7740,16288,31909,23361,2,2
T10_d04_018_a_1_jpg.rf.dUWFswhL3uZfK8DoxT7j.jpg,0.25,0.25,0,15621,7740,16288,31909,23361,2,2
T10_d04_018_a_1_jpg.rf.dUWFswhL3uZfK8DoxT7j.jpg,0.25,0.5,0,15621,7740,16288,31909,23361,2,2
T10_d04_018_a_1_jpg.rf.dUWFswhL3uZfK8DoxT7j.jpg,0.25,1.0,1,15621,7740,16288,31909,23361,2,2
T10_d04_018_a_1_jpg.rf.dUWFswhL3uZfK8DoxT7j.jpg,0.3,0.0,0,15621,7740,16288,31909,23361,2,2
T10_d04_018_a_1_jpg.rf.dUWFswhL3uZfK8DoxT7j.jpg,0.3,0.1,0,15621,7740,16288,31909,23361,2,2
T10_d04_018_a_1_jpg.rf.dUWFswhL3uZfK8DoxT7j.jpg,0.3,0.25,0,15621,7740,16288,31909,23361,2,2
T10_d04_018_a_1_jpg.rf.dUWFswhL3uZfK8DoxT7j.jpg,0.3,0.5,0,15621,7740,16288,31909,23361,2,2
T10_d04_018_a_1_jpg.rf.dUWFswhL3uZfK8DoxT7j.jpg,0.3,1.0,1,15621,7740,16288,31909,23361,2,2
T10_d04_018_a_1_jpg.rf.dUWFswhL3uZfK8DoxT7j.jpg,0.4,0.0,0,15621,7740,16288,31909,23361,2,2
T10_d04_018_a_1_jpg.rf.dUWFswhL3uZfK8DoxT7j.jpg,0.4,0.1,0,15621,7740,16288,31909,23361,2,2
T10_d04_018_a_1_jpg.rf.dUWFswhL3uZfK8DoxT7j.jpg,0.4,0.25,0,15621,7740,16288,31909,23361,2,2
T10_d04_018_a_1_jpg.rf.dUWFswhL3uZfK8DoxT7j.jpg,0.4,0.5,0,15621,7740,16288,31909,23361,2,2
T10_d04_018_a_1_jpg.rf.dUWFswhL3uZfK8DoxT7j.jpg,0.4,1.0,1,15621,7740,16288,31909,23361,2,2
T10_d04_018_a_1_jpg.rf.dUWFswhL3uZfK8DoxT7j.jpg,0.5,0.0,1,0,0,31909,31909,0,2,0
T10_d04_018_a_1_jpg.rf.dUWFswhL3uZfK8DoxT7j.jpg,0.5,0.1,1,0,0,31909,31909,0,2,0
T10_d04_018_a_1_jpg.rf.dUWFswhL3uZfK8DoxT7j.jpg,0.5,0.25,1,0,0,31909,31909,0,2,0
T10_d04_018_a_1_jpg.rf.dUWFswhL3uZfK8DoxT7j.jpg,0.5,0.5,1,0,0,31909,31909,0,2,0
T10_d04_018_a_1_jpg.rf.dUWFswhL3uZfK8DoxT7j.jpg,0.5,1.0,1,0,0,31909,31909,0,2,0
T10_d04_018_b_1_jpg.rf.ixU6UVUm842pLzGP1DTu.jpg,0.15,0.0,0,10298,82039,2,10300,92337,0,2
T10_d04_018_b_1_jpg.rf.ixU6UVUm842pLzGP1DTu.jpg,0.15,0.1,0,10298,82039,2,10300,92337,0,2
T10_d04_018_b_1_jpg.rf.ixU6UVUm842pLzGP1DTu.jpg,0.15,0.25,0,10298,82039,2,10300,92337,0,2
T10_d04_018_b_1_jpg.rf.ixU6UVUm842pLzGP1DTu.jpg,0.15,0.5,0,10298,82039,2,10300,92337,0,2
T10_d04_018_b_1_jpg.rf.ixU6UVUm842pLzGP1DTu.jpg,0.15,1.0,1,10298,82039,2,10300,92337,0,2
T10_d04_018_b_1_jpg.rf.ixU6UVUm842pLzGP1DTu.jpg,0.2,0.0,0,10298,61697,2,10300,71995,0,2
T10_d04_018_b_1_jpg.rf.ixU6UVUm842pLzGP1DTu.jpg,0.2,0.1,0,10298,61697,2,10300,71995,0,2
T10_d04_018_b_1_jpg.rf.ixU6UVUm842pLzGP1DTu.jpg,0.2,0.25,0,10298,61697,2,10300,71995,0,2
T10_d04_018_b_1_jpg.rf.ixU6UVUm842pLzGP1DTu.jpg,0.2,0.5,0,10298,61697,2,10300,71995,0,2
T10_d04_018_b_1_jpg.rf.ixU6UVUm842pLzGP1DTu.jpg,0.2,1.0,1,10298,61697,2,10300,71995,0,2
T10_d04_018_b_1_jpg.rf.ixU6UVUm842pLzGP1DTu.jpg,0.25,0.0,1,0,0,10300,10300,0,0,0
T10_d04_018_b_1_jpg.rf.ixU6UVUm842pLzGP1DTu.jpg,0.25,0.1,1,0,0,10300,10300,0,0,0
T10_d04_018_b_1_jpg.rf.ixU6UVUm842pLzGP1DTu.jpg,0.25,0.25,1,0,0,10300,10300,0,0,0
T10_d04_018_b_1_jpg.rf.ixU6UVUm842pLzGP1DTu.jpg,0.25,0.5,1,0,0,10300,10300,0,0,0
T10_d04_018_b_1_jpg.rf.ixU6UVUm842pLzGP1DTu.jpg,0.25,1.0,1,0,0,10300,10300,0,0,0
T10_d04_018_b_1_jpg.rf.ixU6UVUm842pLzGP1DTu.jpg,0.3,0.0,1,0,0,10300,10300,0,0,0
T10_d04_018_b_1_jpg.rf.ixU6UVUm842pLzGP1DTu.jpg,0.3,0.1,1,0,0,10300,10300,0,0,0
T10_d04_018_b_1_jpg.rf.ixU6UVUm842pLzGP1DTu.jpg,0.3,0.25,1,0,0,10300,10300,0,0,0
T10_d04_018_b_1_jpg.rf.ixU6UVUm842pLzGP1DTu.jpg,0.3,0.5,1,0,0,10300,10300,0,0,0
T10_d04_018_b_1_jpg.rf.ixU6UVUm842pLzGP1DTu.jpg,0.3,1.0,1,0,0,10300,10300,0,0,0
T10_d04_018_b_1_jpg.rf.ixU6UVUm842pLzGP1DTu.jpg,0.4,0.0,1,0,0,10300,10300,0,0,0
T10_d04_018_b_1_jpg.rf.ixU6UVUm842pLzGP1DTu.jpg,0.4,0.1,1,0,0,10300,10300,0,0,0
T10_d04_018_b_1_jpg.rf.ixU6UVUm842pLzGP1DTu.jpg,0.4,0.25,1,0,0,10300,10300,0,0,0
T10_d04_018_b_1_jpg.rf.ixU6UVUm842pLzGP1DTu.jpg,0.4,0.5,1,0,0,10300,10300,0,0,0
T10_d04_018_b_1_jpg.rf.ixU6UVUm842pLzGP1DTu.jpg,0.4,1.0,1,0,0,10300,10300,0,0,0
T10_d04_018_b_1_jpg.rf.ixU6UVUm842pLzGP1DTu.jpg,0.5,0.0,1,0,0,10300,10300,0,0,0
T10_d04_018_b_1_jpg.rf.ixU6UVUm842pLzGP1DTu.jpg,0.5,0.1,1,0,0,10300,10300,0,0,0
T10_d04_018_b_1_jpg.rf.ixU6UVUm842pLzGP1DTu.jpg,0.5,0.25,1,0,0,10300,10300,0,0,0
T10_d04_018_b_1_jpg.rf.ixU6UVUm842pLzGP1DTu.jpg,0.5,0.5,1,0,0,10300,10300,0,0,0
T10_d04_018_b_1_jpg.rf.ixU6UVUm842pLzGP1DTu.jpg,0.5,1.0,1,0,0,10300,10300,0,0,0
T10_d04_072_a_1_jpg.rf.CqeFDEFzVXU0uRgVvzsS.jpg,0.15,0.0,0,1480,29004,0,1480,30484,0,2
T10_d04_072_a_1_jpg.rf.CqeFDEFzVXU0uRgVvzsS.jpg,0.15,0.1,0,1480,29004,0,1480,30484,0,2
T10_d04_072_a_1_jpg.rf.CqeFDEFzVXU0uRgVvzsS.jpg,0.15,0.25,0,1480,29004,0,1480,30484,0,2
T10_d04_072_a_1_jpg.rf.CqeFDEFzVXU0uRgVvzsS.jpg,0.15,0.5,0,1480,29004,0,1480,30484,0,2
T10_d04_072_a_1_jpg.rf.CqeFDEFzVXU0uRgVvzsS.jpg,0.15,1.0,1,1480,29004,0,1480,30484,0,2
T10_d04_072_a_1_jpg.rf.CqeFDEFzVXU0uRgVvzsS.jpg,0.2,0.0,0,1480,29004,0,1480,30484,0,2
T10_d04_072_a_1_jpg.rf.CqeFDEFzVXU0uRgVvzsS.jpg,0.2,0.1,0,1480,29004,0,1480,30484,0,2
T10_d04_072_a_1_jpg.rf.CqeFDEFzVXU0uRgVvzsS.jpg,0.2,0.25,0,1480,29004,0,1480,30484,0,2
T10_d04_072_a_1_jpg.rf.CqeFDEFzVXU0uRgVvzsS.jpg,0.2,0.5,0,1480,29004,0,1480,30484,0,2
T10_d04_072_a_1_jpg.rf.CqeFDEFzVXU0uRgVvzsS.jpg,0.2,1.0,1,1480,29004,0,1480,30484,0,2
T10_d04_072_a_1_jpg.rf.CqeFDEFzVXU0uRgVvzsS.jpg,0.25,0.0,0,1480,29004,0,1480,30484,0,2
T10_d04_072_a_1_jpg.rf.CqeFDEFzVXU0uRgVvzsS.jpg,0.25,0.1,0,1480,29004,0,1480,30484,0,2
T10_d04_072_a_1_jpg.rf.CqeFDEFzVXU0uRgVvzsS.jpg,0.25,0.25,0,1480,29004,0,1480,30484,0,2
T10_d04_072_a_1_jpg.rf.CqeFDEFzVXU0uRgVvzsS.jpg,0.25,0.5,0,1480,29004,0,1480,30484,0,2
T10_d04_072_a_1_jpg.rf.CqeFDEFzVXU0uRgVvzsS.jpg,0.25,1.0,1,1480,29004,0,1480,30484,0,2
T10_d04_072_a_1_jpg.rf.CqeFDEFzVXU0uRgVvzsS.jpg,0.3,0.0,0,1480,29004,0,1480,30484,0,2
T10_d04_072_a_1_jpg.rf.CqeFDEFzVXU0uRgVvzsS.jpg,0.3,0.1,0,1480,29004,0,1480,30484,0,2
T10_d04_072_a_1_jpg.rf.CqeFDEFzVXU0uRgVvzsS.jpg,0.3,0.25,0,1480,29004,0,1480,30484,0,2
T10_d04_072_a_1_jpg.rf.CqeFDEFzVXU0uRgVvzsS.jpg,0.3,0.5,0,1480,29004,0,1480,30484,0,2
T10_d04_072_a_1_jpg.rf.CqeFDEFzVXU0uRgVvzsS.jpg,0.3,1.0,1,1480,29004,0,1480,30484,0,2
T10_d04_072_a_1_jpg.rf.CqeFDEFzVXU0uRgVvzsS.jpg,0.4,0.0,0,1480,29004,0,1480,30484,0,2
T10_d04_072_a_1_jpg.rf.CqeFDEFzVXU0uRgVvzsS.jpg,0.4,0.1,0,1480,29004,0,1480,30484,0,2
T10_d04_072_a_1_jpg.rf.CqeFDEFzVXU0uRgVvzsS.jpg,0.4,0.25,0,1480,29004,0,1480,30484,0,2
T10_d04_072_a_1_jpg.rf.CqeFDEFzVXU0uRgVvzsS.jpg,0.4,0.5,0,1480,29004,0,1480,30484,0,2
T10_d04_072_a_1_jpg.rf.CqeFDEFzVXU0uRgVvzsS.jpg,0.4,1.0,1,1480,29004,0,1480,30484,0,2
T10_d04_072_a_1_jpg.rf.CqeFDEFzVXU0uRgVvzsS.jpg,0.5,0.0,1,0,0,1480,1480,0,0,0
T10_d04_072_a_1_jpg.rf.CqeFDEFzVXU0uRgVvzsS.jpg,0.5,0.1,1,0,0,1480,1480,0,0,0
T10_d04_072_a_1_jpg.rf.CqeFDEFzVXU0uRgVvzsS.jpg,0.5,0.25,1,0,0,1480,1480,0,0,0
T10_d04_072_a_1_jpg.rf.CqeFDEFzVXU0uRgVvzsS.jpg,0.5,0.5,1,0,0,1480,1480,0,0,0
T10_d04_072_a_1_jpg.rf.CqeFDEFzVXU0uRgVvzsS.jpg,0.5,1.0,1,0,0,1480,1480,0,0,0
T10_d04_087_b_1_jpg.rf.v961iB6jUPK9W38N93Py.jpg,0.15,0.0,0,0,4003,34113,34113,4003,2,0
T10_d04_087_b_1_jpg.rf.v961iB6jUPK9W38N93Py.jpg,0.15,0.1,0,0,4003,34113,34113,4003,2,0
T10_d04_087_b_1_jpg.rf.v961iB6jUPK9W38N93Py.jpg,0.15,0.25,0,0,4003,34113,34113,4003,2,0
T10_d04_087_b_1_jpg.rf.v961iB6jUPK9W38N93Py.jpg,0.15,0.5,0,0,4003,34113,34113,4003,2,0
T10_d04_087_b_1_jpg.rf.v961iB6jUPK9W38N93Py.jpg,0.15,1.0,1,0,4003,34113,34113,4003,2,0
T10_d04_087_b_1_jpg.rf.v961iB6jUPK9W38N93Py.jpg,0.2,0.0,0,0,4003,34113,34113,4003,2,0
T10_d04_087_b_1_jpg.rf.v961iB6jUPK9W38N93Py.jpg,0.2,0.1,0,0,4003,34113,34113,4003,2,0
T10_d04_087_b_1_jpg.rf.v961iB6jUPK9W38N93Py.jpg,0.2,0.25,0,0,4003,34113,34113,4003,2,0
T10_d04_087_b_1_jpg.rf.v961iB6jUPK9W38N93Py.jpg,0.2,0.5,0,0,4003,34113,34113,4003,2,0
T10_d04_087_b_1_jpg.rf.v961iB6jUPK9W38N93Py.jpg,0.2,1.0,1,0,4003,34113,34113,4003,2,0
T10_d04_087_b_1_jpg.rf.v961iB6jUPK9W38N93Py.jpg,0.25,0.0,0,0,4003,34113,34113,4003,2,0
T10_d04_087_b_1_jpg.rf.v961iB6jUPK9W38N93Py.jpg,0.25,0.1,0,0,4003,34113,34113,4003,2,0
T10_d04_087_b_1_jpg.rf.v961iB6jUPK9W38N93Py.jpg,0.25,0.25,0,0,4003,34113,34113,4003,2,0
T10_d04_087_b_1_jpg.rf.v961iB6jUPK9W38N93Py.jpg,0.25,0.5,0,0,4003,34113,34113,4003,2,0
T10_d04_087_b_1_jpg.rf.v961iB6jUPK9W38N93Py.jpg,0.25,1.0,1,0,4003,34113,34113,4003,2,0
T10_d04_087_b_1_jpg.rf.v961iB6jUPK9W38N93Py.jpg,0.3,0.0,0,0,4003,34113,34113,4003,2,0
T10_d04_087_b_1_jpg.rf.v961iB6jUPK9W38N93Py.jpg,0.3,0.1,0,0,4003,34113,34113,4003,2,0
T10_d04_087_b_1_jpg.rf.v961iB6jUPK9W38N93Py.jpg,0.3,0.25,0,0,4003,34113,34113,4003,2,0
T10_d04_087_b_1_jpg.rf.v961iB6jUPK9W38N93Py.jpg,0.3,0.5,0,0,4003,34113,34113,4003,2,0
T10_d04_087_b_1_jpg.rf.v961iB6jUPK9W38N93Py.jpg,0.3,1.0,1,0,4003,34113,34113,4003,2,0
T10_d04_087_b_1_jpg.rf.v961iB6jUPK9W38N93Py.jpg,0.4,0.0,1,0,0,34113,34113,0,2,0
T10_d04_087_b_1_jpg.rf.v961iB6jUPK9W38N93Py.jpg,0.4,0.1,1,0,0,34113,34113,0,2,0
T10_d04_087_b_1_jpg.rf.v961iB6jUPK9W38N93Py.jpg,0.4,0.25,1,0,0,34113,34113,0,2,0
T10_d04_087_b_1_jpg.rf.v961iB6jUPK9W38N93Py.jpg,0.4,0.5,1,0,0,34113,34113,0,2,0
T10_d04_087_b_1_jpg.rf.v961iB6jUPK9W38N93Py.jpg,0.4,1.0,1,0,0,34113,34113,0,2,0
T10_d04_087_b_1_jpg.rf.v961iB6jUPK9W38N93Py.jpg,0.5,0.0,1,0,0,34113,34113,0,2,0
T10_d04_087_b_1_jpg.rf.v961iB6jUPK9W38N93Py.jpg,0.5,0.1,1,0,0,34113,34113,0,2,0
T10_d04_087_b_1_jpg.rf.v961iB6jUPK9W38N93Py.jpg,0.5,0.25,1,0,0,34113,34113,0,2,0
T10_d04_087_b_1_jpg.rf.v961iB6jUPK9W38N93Py.jpg,0.5,0.5,1,0,0,34113,34113,0,2,0
T10_d04_087_b_1_jpg.rf.v961iB6jUPK9W38N93Py.jpg,0.5,1.0,1,0,0,34113,34113,0,2,0
T10_d04_373_b_1_jpg.rf.PArONoxZmtnRRGTSOOs9.jpg,0.15,0.0,0,3113,19732,1,3114,22845,0,2
T10_d04_373_b_1_jpg.rf.PArONoxZmtnRRGTSOOs9.jpg,0.15,0.1,0,3113,19732,1,3114,22845,0,2
T10_d04_373_b_1_jpg.rf.PArONoxZmtnRRGTSOOs9.jpg,0.15,0.25,0,3113,19732,1,3114,22845,0,2
T10_d04_373_b_1_jpg.rf.PArONoxZmtnRRGTSOOs9.jpg,0.15,0.5,0,3113,19732,1,3114,22845,0,2
T10_d04_373_b_1_jpg.rf.PArONoxZmtnRRGTSOOs9.jpg,0.15,1.0,1,3113,19732,1,3114,22845,0,2
T10_d04_373_b_1_jpg.rf.PArONoxZmtnRRGTSOOs9.jpg,0.2,0.0,0,3113,19732,1,3114,22845,0,2
T10_d04_373_b_1_jpg.rf.PArONoxZmtnRRGTSOOs9.jpg,0.2,0.1,0,3113,19732,1,3114,22845,0,2
T10_d04_373_b_1_jpg.rf.PArONoxZmtnRRGTSOOs9.jpg,0.2,0.25,0,3113,19732,1,3114,22845,0,2
T10_d04_373_b_1_jpg.rf.PArONoxZmtnRRGTSOOs9.jpg,0.2,0.5,0,3113,19732,1,3114,22845,0,2
T10_d04_373_b_1_jpg.rf.PArONoxZmtnRRGTSOOs9.jpg,0.2,1.0,1,3113,19732,1,3114,22845,0,2
T10_d04_373_b_1_jpg.rf.PArONoxZmtnRRGTSOOs9.jpg,0.25,0.0,0,3099,1435,15,3114,4534,0,0
T10_d04_373_b_1_jpg.rf.PArONoxZmtnRRGTSOOs9.jpg,0.25,0.1,0,3099,1435,15,3114,4534,0,0
T10_d04_373_b_1_jpg.rf.PArONoxZmtnRRGTSOOs9.jpg,0.25,0.25,0,3099,1435,15,3114,4534,0,0
T10_d04_373_b_1_jpg.rf.PArONoxZmtnRRGTSOOs9.jpg,0.25,0.5,0,3099,1435,15,3114,4534,0,0
T10_d04_373_b_1_jpg.rf.PArONoxZmtnRRGTSOOs9.jpg,0.25,1.0,1,3099,1435,15,3114,4534,0,0
T10_d04_373_b_1_jpg.rf.PArONoxZmtnRRGTSOOs9.jpg,0.3,0.0,0,3099,1435,15,3114,4534,0,0
T10_d04_373_b_1_jpg.rf.PArONoxZmtnRRGTSOOs9.jpg,0.3,0.1,0,3099,1435,15,3114,4534,0,0
T10_d04_373_b_1_jpg.rf.PArONoxZmtnRRGTSOOs9.jpg,0.3,0.25,0,3099,1435,15,3114,4534,0,0
T10_d04_373_b_1_jpg.rf.PArONoxZmtnRRGTSOOs9.jpg,0.3,0.5,0,3099,1435,15,3114,4534,0,0
T10_d04_373_b_1_jpg.rf.PArONoxZmtnRRGTSOOs9.jpg,0.3,1.0,1,3099,1435,15,3114,4534,0,0
T10_d04_373_b_1_jpg.rf.PArONoxZmtnRRGTSOOs9.jpg,0.4,0.0,0,3099,1435,15,3114,4534,0,0
T10_d04_373_b_1_jpg.rf.PArONoxZmtnRRGTSOOs9.jpg,0.4,0.1,0,3099,1435,15,3114,4534,0,0
T10_d04_373_b_1_jpg.rf.PArONoxZmtnRRGTSOOs9.jpg,0.4,0.25,0,3099,1435,15,3114,4534,0,0
T10_d04_373_b_1_jpg.rf.PArONoxZmtnRRGTSOOs9.jpg,0.4,0.5,0,3099,1435,15,3114,4534,0,0
T10_d04_373_b_1_jpg.rf.PArONoxZmtnRRGTSOOs9.jpg,0.4,1.0,1,3099,1435,15,3114,4534,0,0
T10_d04_373_b_1_jpg.rf.PArONoxZmtnRRGTSOOs9.jpg,0.5,0.0,1,0,0,3114,3114,0,0,0
T10_d04_373_b_1_jpg.rf.PArONoxZmtnRRGTSOOs9.jpg,0.5,0.1,1,0,0,3114,3114,0,0,0
T10_d04_373_b_1_jpg.rf.PArONoxZmtnRRGTSOOs9.jpg,0.5,0.25,1,0,0,3114,3114,0,0,0
T10_d04_373_b_1_jpg.rf.PArONoxZmtnRRGTSOOs9.jpg,0.5,0.5,1,0,0,3114,3114,0,0,0
T10_d04_373_b_1_jpg.rf.PArONoxZmtnRRGTSOOs9.jpg,0.5,1.0,1,0,0,3114,3114,0,0,0
T10_d04_402_a_1_jpg.rf.1clrhhb38Sg9P9KCSXKi.jpg,0.15,0.0,1,6004,456,79,6083,6460,0,0
T10_d04_402_a_1_jpg.rf.1clrhhb38Sg9P9KCSXKi.jpg,0.15,0.1,1,6004,456,79,6083,6460,0,0
T10_d04_402_a_1_jpg.rf.1clrhhb38Sg9P9KCSXKi.jpg,0.15,0.25,1,6004,456,79,6083,6460,0,0
T10_d04_402_a_1_jpg.rf.1clrhhb38Sg9P9KCSXKi.jpg,0.15,0.5,1,6004,456,79,6083,6460,0,0
T10_d04_402_a_1_jpg.rf.1clrhhb38Sg9P9KCSXKi.jpg,0.15,1.0,1,6004,456,79,6083,6460,0,0
T10_d04_402_a_1_jpg.rf.1clrhhb38Sg9P9KCSXKi.jpg,0.2,0.0,1,6004,456,79,6083,6460,0,0
T10_d04_402_a_1_jpg.rf.1clrhhb38Sg9P9KCSXKi.jpg,0.2,0.1,1,6004,456,79,6083,6460,0,0
T10_d04_402_a_1_jpg.rf.1clrhhb38Sg9P9KCSXKi.jpg,0.2,0.25,1,6004,456,79,6083,6460,0,0
T10_d04_402_a_1_jpg.rf.1clrhhb38Sg9P9KCSXKi.jpg,0.2,0.5,1,6004,456,79,6083,6460,0,0
T10_d04_402_a_1_jpg.rf.1clrhhb38Sg9P9KCSXKi.jpg,0.2,1.0,1,6004,456,79,6083,6460,0,0
T10_d04_402_a_1_jpg.rf.1clrhhb38Sg9P9KCSXKi.jpg,0.25,0.0,1,6004,456,79,6083,6460,0,0
T10_d04_402_a_1_jpg.rf.1clrhhb38Sg9P9KCSXKi.jpg,0.25,0.1,1,6004,456,79,6083,6460,0,0
T10_d04_402_a_1_jpg.rf.1clrhhb38Sg9P9KCSXKi.jpg,0.25,0.25,1,6004,456,79,6083,6460,0,0
T10_d04_402_a_1_jpg.rf.1clrhhb38Sg9P9KCSXKi.jpg,0.25,0.5,1,6004,456,79,6083,6460,0,0
T10_d04_402_a_1_jpg.rf.1clrhhb38Sg9P9KCSXKi.jpg,0.25,1.0,1,6004,456,79,6083,6460,0,0
T10_d04_402_a_1_jpg.rf.1clrhhb38Sg9P9KCSXKi.jpg,0.3,0.0,1,6004,456,79,6083,6460,0,0
T10_d04_402_a_1_jpg.rf.1clrhhb38Sg9P9KCSXKi.jpg,0.3,0.1,1,6004,456,79,6083,6460,0,0
T10_d04_402_a_1_jpg.rf.1clrhhb38Sg9P9KCSXKi.jpg,0.3,0.25,1,6004,456,79,6083,6460,0,0
T10_d04_402_a_1_jpg.rf.1clrhhb38Sg9P9KCSXKi.jpg,0.3,0.5,1,6004,456,79,6083,6460,0,0
T10_d04_402_a_1_jpg.rf.1clrhhb38Sg9P9KCSXKi.jpg,0.3,1.0,1,6004,456,79,6083,6460,0,0
T10_d04_402_a_1_jpg.rf.1clrhhb38Sg9P9KCSXKi.jpg,0.4,0.0,1,6004,456,79,6083,6460,0,0
T10_d04_402_a_1_jpg.rf.1clrhhb38Sg9P9KCSXKi.jpg,0.4,0.1,1,6004,456,79,6083,6460,0,0
T10_d04_402_a_1_jpg.rf.1clrhhb38Sg9P9KCSXKi.jpg,0.4,0.25,1,6004,456,79,6083,6460,0,0
T10_d04_402_a_1_jpg.rf.1clrhhb38Sg9P9KCSXKi.jpg,0.4,0.5,1,6004,456,79,6083,6460,0,0
T10_d04_402_a_1_jpg.rf.1clrhhb38Sg9P9KCSXKi.jpg,0.4,1.0,1,6004,456,79,6083,6460,0,0
T10_d04_402_a_1_jpg.rf.1clrhhb38Sg9P9KCSXKi.jpg,0.5,0.0,1,6004,456,79,6083,6460,0,0
T10_d04_402_a_1_jpg.rf.1clrhhb38Sg9P9KCSXKi.jpg,0.5,0.1,1,6004,456,79,6083,6460,0,0
T10_d04_402_a_1_jpg.rf.1clrhhb38Sg9P9KCSXKi.jpg,0.5,0.25,1,6004,456,79,6083,6460,0,0
T10_d04_402_a_1_jpg.rf.1clrhhb38Sg9P9KCSXKi.jpg,0.5,0.5,1,6004,456,79,6083,6460,0,0
T10_d04_402_a_1_jpg.rf.1clrhhb38Sg9P9KCSXKi.jpg,0.5,1.0,1,6004,456,79,6083,6460,0,0
T10_d04_478_b_1_jpg.rf.doyK61rojsEIIC6u95PM.jpg,0.15,0.0,0,6431,1627,636,7067,8058,0,0
T10_d04_478_b_1_jpg.rf.doyK61rojsEIIC6u95PM.jpg,0.15,0.1,0,6431,1627,636,7067,8058,0,0
T10_d04_478_b_1_jpg.rf.doyK61rojsEIIC6u95PM.jpg,0.15,0.25,0,6431,1627,636,7067,8058,0,0
T10_d04_478_b_1_jpg.rf.doyK61rojsEIIC6u95PM.jpg,0.15,0.5,0,6431,1627,636,7067,8058,0,0
T10_d04_478_b_1_jpg.rf.doyK61rojsEIIC6u95PM.jpg,0.15,1.0,1,6431,1627,636,7067,8058,0,0
T10_d04_478_b_1_jpg.rf.doyK61rojsEIIC6u95PM.jpg,0.2,0.0,0,6431,1627,636,7067,8058,0,0
T10_d04_478_b_1_jpg.rf.doyK61rojsEIIC6u95PM.jpg,0.2,0.1,0,6431,1627,636,7067,8058,0,0
T10_d04_478_b_1_jpg.rf.doyK61rojsEIIC6u95PM.jpg,0.2,0.25,0,6431,1627,636,7067,8058,0,0
T10_d04_478_b_1_jpg.rf.doyK61rojsEIIC6u95PM.jpg,0.2,0.5,0,6431,1627,636,7067,8058,0,0
T10_d04_478_b_1_jpg.rf.doyK61rojsEIIC6u95PM.jpg,0.2,1.0,1,6431,1627,636,7067,8058,0,0
T10_d04_478_b_1_jpg.rf.doyK61rojsEIIC6u95PM.jpg,0.25,0.0,0,6431,1627,636,7067,8058,0,0
T10_d04_478_b_1_jpg.rf.doyK61rojsEIIC6u95PM.jpg,0.25,0.1,0,6431,1627,636,7067,8058,0,0
T10_d04_478_b_1_jpg.rf.doyK61rojsEIIC6u95PM.jpg,0.25,0.25,0,6431,1627,636,7067,8058,0,0
T10_d04_478_b_1_jpg.rf.doyK61rojsEIIC6u95PM.jpg,0.25,0.5,0,6431,1627,636,7067,8058,0,0
T10_d04_478_b_1_jpg.rf.doyK61rojsEIIC6u95PM.jpg,0.25,1.0,1,6431,1627,636,7067,8058,0,0
T10_d04_478_b_1_jpg.rf.doyK61rojsEIIC6u95PM.jpg,0.3,0.0,0,5188,819,1879,7067,6007,0,0
T10_d04_478_b_1_jpg.rf.doyK61rojsEIIC6u95PM.jpg,0.3,0.1,0,5188,819,1879,7067,6007,0,0
T10_d04_478_b_1_jpg.rf.doyK61rojsEIIC6u95PM.jpg,0.3,0.25,0,5188,819,1879,7067,6007,0,0
T10_d04_478_b_1_jpg.rf.doyK61rojsEIIC6u95PM.jpg,0.3,0.5,0,5188,819,1879,7067,6007,0,0
T10_d04_478_b_1_jpg.rf.doyK61rojsEIIC6u95PM.jpg,0.3,1.0,1,5188,819,1879,7067,6007,0,0
T10_d04_478_b_1_jpg.rf.doyK61rojsEIIC6u95PM.jpg,0.4,0.0,0,5188,819,1879,7067,6007,0,0
T10_d04_478_b_1_jpg.rf.doyK61rojsEIIC6u95PM.jpg,0.4,0.1,0,5188,819,1879,7067,6007,0,0
T10_d04_478_b_1_jpg.rf.doyK61rojsEIIC6u95PM.jpg,0.4,0.25,0,5188,819,1879,7067,6007,0,0
T10_d04_478_b_1_jpg.rf.doyK61rojsEIIC6u95PM.jpg,0.4,0.5,0,5188,819,1879,7067,6007,0,0
T10_d04_478_b_1_jpg.rf.doyK61rojsEIIC6u95PM.jpg,0.4,1.0,1,5188,819,1879,7067,6007,0,0
T10_d04_478_b_1_jpg.rf.doyK61rojsEIIC6u95PM.jpg,0.5,0.0,1,0,0,7067,7067,0,0,0
T10_d04_478_b_1_jpg.rf.doyK61rojsEIIC6u95PM.jpg,0.5,0.1,1,0,0,7067,7067,0,0,0
T10_d04_478_b_1_jpg.rf.doyK61rojsEIIC6u95PM.jpg,0.5,0.25,1,0,0,7067,7067,0,0,0
T10_d04_478_b_1_jpg.rf.doyK61rojsEIIC6u95PM.jpg,0.5,0.5,1,0,0,7067,7067,0,0,0
T10_d04_478_b_1_jpg.rf.doyK61rojsEIIC6u95PM.jpg,0.5,1.0,1,0,0,7067,7067,0,0,0
T10_d05_012_b_2_jpg.rf.0NFLm9ci6XjFxZmY2pht.jpg,0.15,0.0,1,0,0,0,0,0,0,0
T10_d05_012_b_2_jpg.rf.0NFLm9ci6XjFxZmY2pht.jpg,0.15,0.1,1,0,0,0,0,0,0,0
T10_d05_012_b_2_jpg.rf.0NFLm9ci6XjFxZmY2pht.jpg,0.15,0.25,1,0,0,0,0,0,0,0
T10_d05_012_b_2_jpg.rf.0NFLm9ci6XjFxZmY2pht.jpg,0.15,0.5,1,0,0,0,0,0,0,0
T10_d05_012_b_2_jpg.rf.0NFLm9ci6XjFxZmY2pht.jpg,0.15,1.0,1,0,0,0,0,0,0,0
T10_d05_012_b_2_jpg.rf.0NFLm9ci6XjFxZmY2pht.jpg,0.2,0.0,1,0,0,0,0,0,0,0
T10_d05_012_b_2_jpg.rf.0NFLm9ci6XjFxZmY2pht.jpg,0.2,0.1,1,0,0,0,0,0,0,0
T10_d05_012_b_2_jpg.rf.0NFLm9ci6XjFxZmY2pht.jpg,0.2,0.25,1,0,0,0,0,0,0,0
T10_d05_012_b_2_jpg.rf.0NFLm9ci6XjFxZmY2pht.jpg,0.2,0.5,1,0,0,0,0,0,0,0
T10_d05_012_b_2_jpg.rf.0NFLm9ci6XjFxZmY2pht.jpg,0.2,1.0,1,0,0,0,0,0,0,0
T10_d05_012_b_2_jpg.rf.0NFLm9ci6XjFxZmY2pht.jpg,0.25,0.0,1,0,0,0,0,0,0,0
T10_d05_012_b_2_jpg.rf.0NFLm9ci6XjFxZmY2pht.jpg,0.25,0.1,1,0,0,0,0,0,0,0
T10_d05_012_b_2_jpg.rf.0NFLm9ci6XjFxZmY2pht.jpg,0.25,0.25,1,0,0,0,0,0,0,0
T10_d05_012_b_2_jpg.rf.0NFLm9ci6XjFxZmY2pht.jpg,0.25,0.5,1,0,0,0,0,0,0,0
T10_d05_012_b_2_jpg.rf.0NFLm9ci6XjFxZmY2pht.jpg,0.25,1.0,1,0,0,0,0,0,0,0
T10_d05_012_b_2_jpg.rf.0NFLm9ci6XjFxZmY2pht.jpg,0.3,0.0,1,0,0,0,0,0,0,0
T10_d05_012_b_2_jpg.rf.0NFLm9ci6XjFxZmY2pht.jpg,0.3,0.1,1,0,0,0,0,0,0,0
T10_d05_012_b_2_jpg.rf.0NFLm9ci6XjFxZmY2pht.jpg,0.3,0.25,1,0,0,0,0,0,0,0
T10_d05_012_b_2_jpg.rf.0NFLm9ci6XjFxZmY2pht.jpg,0.3,0.5,1,0,0,0,0,0,0,0
T10_d05_012_b_2_jpg.rf.0NFLm9ci6XjFxZmY2pht.jpg,0.3,1.0,1,0,0,0,0,0,0,0
T10_d05_012_b_2_jpg.rf.0NFLm9ci6XjFxZmY2pht.jpg,0.4,0.0,1,0,0,0,0,0,0,0
T10_d05_012_b_2_jpg.rf.0NFLm9ci6XjFxZmY2pht.jpg,0.4,0.1,1,0,0,0,0,0,0,0
T10_d05_012_b_2_jpg.rf.0NFLm9ci6XjFxZmY2pht.jpg,0.4,0.25,1,0,0,0,0,0,0,0
T10_d05_012_b_2_jpg.rf.0NFLm9ci6XjFxZmY2pht.jpg,0.4,0.5,1,0,0,0,0,0,0,0
T10_d05_012_b_2_jpg.rf.0NFLm9ci6XjFxZmY2pht.jpg,0.4,1.0,1,0,0,0,0,0,0,0
T10_d05_012_b_2_jpg.rf.0NFLm9ci6XjFxZmY2pht.jpg,0.5,0.0,1,0,0,0,0,0,0,0
T10_d05_012_b_2_jpg.rf.0NFLm9ci6XjFxZmY2pht.jpg,0.5,0.1,1,0,0,0,0,0,0,0
T10_d05_012_b_2_jpg.rf.0NFLm9ci6XjFxZmY2pht.jpg,0.5,0.25,1,0,0,0,0,0,0,0
T10_d05_012_b_2_jpg.rf.0NFLm9ci6XjFxZmY2pht.jpg,0.5,0.5,1,0,0,0,0,0,0,0
T10_d05_012_b_2_jpg.rf.0NFLm9ci6XjFxZmY2pht.jpg,0.5,1.0,1,0,0,0,0,0,0,0
T10_d05_072_a_1_jpg.rf.76IYcRXPOXhDGlLtxf1n.jpg,0.15,0.0,0,1581,28790,38046,39627,30371,2,2
T10_d05_072_a_1_jpg.rf.76IYcRXPOXhDGlLtxf1n.jpg,0.15,0.1,0,1581,28790,38046,39627,30371,2,2
T10_d05_072_a_1_jpg.rf.76IYcRXPOXhDGlLtxf1n.jpg,0.15,0.25,0,1581,28790,38046,39627,30371,2,2
T10_d05_072_a_1_jpg.rf.76IYcRXPOXhDGlLtxf1n.jpg,0.15,0.5,0,1581,28790,38046,39627,30371,2,2
T10_d05_072_a_1_jpg.rf.76IYcRXPOXhDGlLtxf1n.jpg,0.15,1.0,1,1581,28790,38046,39627,30371,2,2
T10_d05_072_a_1_jpg.rf.76IYcRXPOXhDGlLtxf1n.jpg,0.2,0.0,0,1581,28790,38046,39627,30371,2,2
T10_d05_072_a_1_jpg.rf.76IYcRXPOXhDGlLtxf1n.jpg,0.2,0.1,0,1581,28790,38046,39627,30371,2,2
T10_d05_072_a_1_jpg.rf.76IYcRXPOXhDGlLtxf1n.jpg,0.2,0.25,0,1581,28790,38046,39627,30371,2,2
T10_d05_072_a_1_jpg.rf.76IYcRXPOXhDGlLtxf1n.jpg,0.2,0.5,0,1581,28790,38046,39627,30371,2,2
T10_d05_072_a_1_jpg.rf.76IYcRXPOXhDGlLtxf1n.jpg,0.2,1.0,1,1581,28790,38046,39627,30371,2,2
T10_d05_072_a_1_jpg.rf.76IYcRXPOXhDGlLtxf1n.jpg,0.25,0.0,0,1581,28790,38046,39627,30371,2,2
T10_d05_072_a_1_jpg.rf.76IYcRXPOXhDGlLtxf1n.jpg,0.25,0.1,0,1581,28790,38046,39627,30371,2,2
T10_d05_072_a_1_jpg.rf.76IYcRXPOXhDGlLtxf1n.jpg,0.25,0.25,0,1581,28790,38046,39627,30371,2,2
T10_d05_072_a_1_jpg.rf.76IYcRXPOXhDGlLtxf1n.jpg,0.25,0.5,0,1581,28790,38046,39627,30371,2,2
T10_d05_072_a_1_jpg.rf.76IYcRXPOXhDGlLtxf1n.jpg,0.25,1.0,1,1581,28790,38046,39627,30371,2,2
T10_d05_072_a_1_jpg.rf.76IYcRXPOXhDGlLtxf1n.jpg,0.3,0.0,0,1581,28790,38046,39627,30371,2,2
T10_d05_072_a_1_jpg.rf.76IYcRXPOXhDGlLtxf1n.jpg,0.3,0.1,0,1581,28790,38046,39627,30371,2,2
T10_d05_072_a_1_jpg.rf.76IYcRXPOXhDGlLtxf1n.jpg,0.3,0.25,0,1581,28790,38046,39627,30371,2,2
T10_d05_072_a_1_jpg.rf.76IYcRXPOXhDGlLtxf1n.jpg,0.3,0.5,0,1581,28790,38046,39627,30371,2,2
T10_d05_072_a_1_jpg.rf.76IYcRXPOXhDGlLtxf1n.jpg,0.3,1.0,1,1581,28790,38046,39627,30371,2,2
T10_d05_072_a_1_jpg.rf.76IYcRXPOXhDGlLtxf1n.jpg,0.4,0.0,1,0,0,39627,39627,0,2,0
T10_d05_072_a_1_jpg.rf.76IYcRXPOXhDGlLtxf1n.jpg,0.4,0.1,1,0,0,39627,39627,0,2,0
T10_d05_072_a_1_jpg.rf.76IYcRXPOXhDGlLtxf1n.jpg,0.4,0.25,1,0,0,39627,39627,0,2,0
T10_d05_072_a_1_jpg.rf.76IYcRXPOXhDGlLtxf1n.jpg,0.4,0.5,1,0,0,39627,39627,0,2,0
T10_d05_072_a_1_jpg.rf.76IYcRXPOXhDGlLtxf1n.jpg,0.4,1.0,1,0,0,39627,39627,0,2,0
T10_d05_072_a_1_jpg.rf.76IYcRXPOXhDGlLtxf1n.jpg,0.5,0.0,1,0,0,39627,39627,0,2,0
T10_d05_072_a_1_jpg.rf.76IYcRXPOXhDGlLtxf1n.jpg,0.5,0.1,1,0,0,39627,39627,0,2,0
T10_d05_072_a_1_jpg.rf.76IYcRXPOXhDGlLtxf1n.jpg,0.5,0.25,1,0,0,39627,39627,0,2,0
T10_d05_072_a_1_jpg.rf.76IYcRXPOXhDGlLtxf1n.jpg,0.5,0.5,1,0,0,39627,39627,0,2,0
T10_d05_072_a_1_jpg.rf.76IYcRXPOXhDGlLtxf1n.jpg,0.5,1.0,1,0,0,39627,39627,0,2,0
T10_d05_186_b_1_jpg.rf.yyFgHNjWuF9oDQbm9B0Q.jpg,0.15,0.0,0,22011,21714,17616,39627,43725,2,2
T10_d05_186_b_1_jpg.rf.yyFgHNjWuF9oDQbm9B0Q.jpg,0.15,0.1,0,22011,21714,17616,39627,43725,2,2
T10_d05_186_b_1_jpg.rf.yyFgHNjWuF9oDQbm9B0Q.jpg,0.15,0.25,0,22011,21714,17616,39627,43725,2,2
T10_d05_186_b_1_jpg.rf.yyFgHNjWuF9oDQbm9B0Q.jpg,0.15,0.5,0,22011,21714,17616,39627,43725,2,2
T10_d05_186_b_1_jpg.rf.yyFgHNjWuF9oDQbm9B0Q.jpg,0.15,1.0,1,22011,21714,17616,39627,43725,2,2
T10_d05_186_b_1_jpg.rf.yyFgHNjWuF9oDQbm9B0Q.jpg,0.2,0.0,0,22011,21714,17616,39627,43725,2,2
T10_d05_186_b_1_jpg.rf.yyFgHNjWuF9oDQbm9B0Q.jpg,0.2,0.1,0,22011,21714,17616,39627,43725,2,2
T10_d05_186_b_1_jpg.rf.yyFgHNjWuF9oDQbm9B0Q.jpg,0.2,0.25,0,22011,21714,17616,39627,43725,2,2
T10_d05_186_b_1_jpg.rf.yyFgHNjWuF9oDQbm9B0Q.jpg,0.2,0.5,0,22011,21714,17616,39627,43725,2,2
T10_d05_186_b_1_jpg.rf.yyFgHNjWuF9oDQbm9B0Q.jpg,0.2,1.0,1,22011,21714,17616,39627,43725,2,2
T10_d05_186_b_1_jpg.rf.yyFgHNjWuF9oDQbm9B0Q.jpg,0.25,0.0,0,22011,21714,17616,39627,43725,2,2
T10_d05_186_b_1_jpg.rf.yyFgHNjWuF9oDQbm9B0Q.jpg,0.25,0.1,0,22011,21714,17616,39627,43725,2,2
T10_d05_186_b_1_jpg.rf.yyFgHNjWuF9oDQbm9B0Q.jpg,0.25,0.25,0,22011,21714,17616,39627,43725,2,2
T10_d05_186_b_1_jpg.rf.yyFgHNjWuF9oDQbm9B0Q.jpg,0.25,0.5,0,22011,21714,17616,39627,43725,2,2
T10_d05_186_b_1_jpg.rf.yyFgHNjWuF9oDQbm9B0Q.jpg,0.25,1.0,1,22011,21714,17616,39627,43725,2,2
T10_d05_186_b_1_jpg.rf.yyFgHNjWuF9oDQbm9B0Q.jpg,0.3,0.0,0,22011,21714,17616,39627,43725,2,2
T10_d05_186_b_1_jpg.rf.yyFgHNjWuF9oDQbm9B0Q.jpg,0.3,0.1,0,22011,21714,17616,39627,43725,2,2
T10_d05_186_b_1_jpg.rf.yyFgHNjWuF9oDQbm9B0Q.jpg,0.3,0.25,0,22011,21714,17616,39627,43725,2,2
T10_d05_186_b_1_jpg.rf.yyFgHNjWuF9oDQbm9B0Q.jpg,0.3,0.5,0,22011,21714,17616,39627,43725,2,2
T10_d05_186_b_1_jpg.rf.yyFgHNjWuF9oDQbm9B0Q.jpg,0.3,1.0,1,22011,21714,17616,39627,43725,2,2
T10_d05_186_b_1_jpg.rf.yyFgHNjWuF9oDQbm9B0Q.jpg,0.4,0.0,1,3929,0,35698,39627,3929,2,0
T10_d05_186_b_1_jpg.rf.yyFgHNjWuF9oDQbm9B0Q.jpg,0.4,0.1,1,3929,0,35698,39627,3929,2,0
T10_d05_186_b_1_jpg.rf.yyFgHNjWuF9oDQbm9B0Q.jpg,0.4,0.25,1,3929,0,35698,39627,3929,2,0
T10_d05_186_b_1_jpg.rf.yyFgHNjWuF9oDQbm9B0Q.jpg,0.4,0.5,1,3929,0,35698,39627,3929,2,0
T10_d05_186_b_1_jpg.rf.yyFgHNjWuF9oDQbm9B0Q.jpg,0.4,1.0,1,3929,0,35698,39627,3929,2,0
T10_d05_186_b_1_jpg.rf.yyFgHNjWuF9oDQbm9B0Q.jpg,0.5,0.0,1,3929,0,35698,39627,3929,2,0
T10_d05_186_b_1_jpg.rf.yyFgHNjWuF9oDQbm9B0Q.jpg,0.5,0.1,1,3929,0,35698,39627,3929,2,0
T10_d05_186_b_1_jpg.rf.yyFgHNjWuF9oDQbm9B0Q.jpg,0.5,0.25,1,3929,0,35698,39627,3929,2,0
T10_d05_186_b_1_jpg.rf.yyFgHNjWuF9oDQbm9B0Q.jpg,0.5,0.5,1,3929,0,35698,39627,3929,2,0
T10_d05_186_b_1_jpg.rf.yyFgHNjWuF9oDQbm9B0Q.jpg,0.5,1.0,1,3929,0,35698,39627,3929,2,0
T10_d05_310_b_1_jpg.rf.UtUxNj1sqmzeTfPFU28T.jpg,0.15,0.0,0,3568,789,246,3814,4357,0,0
T10_d05_310_b_1_jpg.rf.UtUxNj1sqmzeTfPFU28T.jpg,0.15,0.1,0,3568,789,246,3814,4357,0,0
T10_d05_310_b_1_jpg.rf.UtUxNj1sqmzeTfPFU28T.jpg,0.15,0.25,0,3568,789,246,3814,4357,0,0
T10_d05_310_b_1_jpg.rf.UtUxNj1sqmzeTfPFU28T.jpg,0.15,0.5,0,3568,789,246,3814,4357,0,0
T10_d05_310_b_1_jpg.rf.UtUxNj1sqmzeTfPFU28T.jpg,0.15,1.0,1,3568,789,246,3814,4357,0,0
T10_d05_310_b_1_jpg.rf.UtUxNj1sqmzeTfPFU28T.jpg,0.2,0.0,0,3568,789,246,3814,4357,0,0
T10_d05_310_b_1_jpg.rf.UtUxNj1sqmzeTfPFU28T.jpg,0.2,0.1,0,3568,789,246,3814,4357,0,0
T10_d05_310_b_1_jpg.rf.UtUxNj1sqmzeTfPFU28T.jpg,0.2,0.25,0,3568,789,246,3814,4357,0,0
T10_d05_310_b_1_jpg.rf.UtUxNj1sqmzeTfPFU28T.jpg,0.2,0.5,0,3568,789,246,3814,4357,0,0
T10_d05_310_b_1_jpg.rf.UtUxNj1sqmzeTfPFU28T.jpg,0.2,1.0,1,3568,789,246,3814,4357,0,0
T10_d05_310_b_1_jpg.rf.UtUxNj1sqmzeTfPFU28T.jpg,0.25,0.0,0,3568,789,246,3814,4357,0,0
T10_d05_310_b_1_jpg.rf.UtUxNj1sqmzeTfPFU28T.jpg,0.25,0.1,0,3568,789,246,3814,4357,0,0
T10_d05_310_b_1_jpg.rf.UtUxNj1sqmzeTfPFU28T.jpg,0.25,0.25,0,3568,789,246,3814,4357,0,0
T10_d05_310_b_1_jpg.rf.UtUxNj1sqmzeTfPFU28T.jpg,0.25,0.5,0,3568,789,246,3814,4357,0,0
T10_d05_310_b_1_jpg.rf.UtUxNj1sqmzeTfPFU28T.jpg,0.25,1.0,1,3568,789,246,3814,4357,0,0
T10_d05_310_b_1_jpg.rf.UtUxNj1sqmzeTfPFU28T.jpg,0.3,0.0,1,0,0,3814,3814,0,0,0
T10_d05_310_b_1_jpg.rf.UtUxNj1sqmzeTfPFU28T.jpg,0.3,0.1,1,0,0,3814,3814,0,0,0
T10_d05_310_b_1_jpg.rf.UtUxNj1sqmzeTfPFU28T.jpg,0.3,0.25,1,0,0,3814,3814,0,0,0
T10_d05_310_b_1_jpg.rf.UtUxNj1sqmzeTfPFU28T.jpg,0.3,0.5,1,0,0,3814,3814,0,0,0
T10_d05_310_b_1_jpg.rf.UtUxNj1sqmzeTfPFU28T.jpg,0.3,1.0,1,0,0,3814,3814,0,0,0
T10_d05_310_b_1_jpg.rf.UtUxNj1sqmzeTfPFU28T.jpg,0.4,0.0,1,0,0,3814,3814,0,0,0
T10_d05_310_b_1_jpg.rf.UtUxNj1sqmzeTfPFU28T.jpg,0.4,0.1,1,0,0,3814,3814,0,0,0
T10_d05_310_b_1_jpg.rf.UtUxNj1sqmzeTfPFU28T.jpg,0.4,0.25,1,0,0,3814,3814,0,0,0
T10_d05_310_b_1_jpg.rf.UtUxNj1sqmzeTfPFU28T.jpg,0.4,0.5,1,0,0,3814,3814,0,0,0
T10_d05_310_b_1_jpg.rf.UtUxNj1sqmzeTfPFU28T.jpg,0.4,1.0,1,0,0,3814,3814,0,0,0
T10_d05_310_b_1_jpg.rf.UtUxNj1sqmzeTfPFU28T.jpg,0.5,0.0,1,0,0,3814,3814,0,0,0
T10_d05_310_b_1_jpg.rf.UtUxNj1sqmzeTfPFU28T.jpg,0.5,0.1,1,0,0,3814,3814,0,0,0
T10_d05_310_b_1_jpg.rf.UtUxNj1sqmzeTfPFU28T.jpg,0.5,0.25,1,0,0,3814,3814,0,0,0
T10_d05_310_b_1_jpg.rf.UtUxNj1sqmzeTfPFU28T.jpg,0.5,0.5,1,0,0,3814,3814,0,0,0
T10_d05_310_b_1_jpg.rf.UtUxNj1sqmzeTfPFU28T.jpg,0.5,1.0,1,0,0,3814,3814,0,0,0
T10_d05_385_a_1_jpg.rf.G8yjDIwuu2DR7PZzUtqJ.jpg,0.15,0.0,1,11153,822,302,11455,11975,1,1
T10_d05_385_a_1_jpg.rf.G8yjDIwuu2DR7PZzUtqJ.jpg,0.15,0.1,1,11153,822,302,11455,11975,1,1
T10_d05_385_a_1_jpg.rf.G8yjDIwuu2DR7PZzUtqJ.jpg,0.15,0.25,1,11153,822,302,11455,11975,1,1
T10_d05_385_a_1_jpg.rf.G8yjDIwuu2DR7PZzUtqJ.jpg,0.15,0.5,1,11153,822,302,11455,11975,1,1
T10_d05_385_a_1_jpg.rf.G8yjDIwuu2DR7PZzUtqJ.jpg,0.15,1.0,1,11153,822,302,11455,11975,1,1
T10_d05_385_a_1_jpg.rf.G8yjDIwuu2DR7PZzUtqJ.jpg,0.2,0.0,1,11153,822,302,11455,11975,1,1
T10_d05_385_a_1_jpg.rf.G8yjDIwuu2DR7PZzUtqJ.jpg,0.2,0.1,1,11153,822,302,11455,11975,1,1
T10_d05_385_a_1_jpg.rf.G8yjDIwuu2DR7PZzUtqJ.jpg,0.2,0.25,1,11153,822,302,11455,11975,1,1
T10_d05_385_a_1_jpg.rf.G8yjDIwuu2DR7PZzUtqJ.jpg,0.2,0.5,1,11153,822,302,11455,11975,1,1
T10_d05_385_a_1_jpg.rf.G8yjDIwuu2DR7PZzUtqJ.jpg,0.2,1.0,1,11153,822,302,11455,11975,1,1
T10_d05_385_a_1_jpg.rf.G8yjDIwuu2DR7PZzUtqJ.jpg,0.25,0.0,1,11153,822,302,11455,11975,1,1
T10_d05_385_a_1_jpg.rf.G8yjDIwuu2DR7PZzUtqJ.jpg,0.25,0.1,1,11153,822,302,11455,11975,1,1
T10_d05_385_a_1_jpg.rf.G8yjDIwuu2DR7PZzUtqJ.jpg,0.25,0.25,1,11153,822,302,11455,11975,1,1
T10_d05_385_a_1_jpg.rf.G8yjDIwuu2DR7PZzUtqJ.jpg,0.25,0.5,1,11153,822,302,11455,11975,1,1
T10_d05_385_a_1_jpg.rf.G8yjDIwuu2DR7PZzUtqJ.jpg,0.25,1.0,1,11153,822,302,11455,11975,1,1
T10_d05_385_a_1_jpg.rf.G8yjDIwuu2DR7PZzUtqJ.jpg,0.3,0.0,1,11153,822,302,11455,11975,1,1
T10_d05_385_a_1_jpg.rf.G8yjDIwuu2DR7PZzUtqJ.jpg,0.3,0.1,1,11153,822,302,11455,11975,1,1
T10_d05_385_a_1_jpg.rf.G8yjDIwuu2DR7PZzUtqJ.jpg,0.3,0.25,1,11153,822,302,11455,11975,1,1
T10_d05_385_a_1_jpg.rf.G8yjDIwuu2DR7PZzUtqJ.jpg,0.3,0.5,1,11153,822,302,11455,11975,1,1
T10_d05_385_a_1_jpg.rf.G8yjDIwuu2DR7PZzUtqJ.jpg,0.3,1.0,1,11153,822,302,11455,11975,1,1
T10_d05_385_a_1_jpg.rf.G8yjDIwuu2DR7PZzUtqJ.jpg,0.4,0.0,1,11153,822,302,11455,11975,1,1
T10_d05_385_a_1_jpg.rf.G8yjDIwuu2DR7PZzUtqJ.jpg,0.4,0.1,1,11153,822,302,11455,11975,1,1
T10_d05_385_a_1_jpg.rf.G8yjDIwuu2DR7PZzUtqJ.jpg,0.4,0.25,1,11153,822,302,11455,11975,1,1
T10_d05_385_a_1_jpg.rf.G8yjDIwuu2DR7PZzUtqJ.jpg,0.4,0.5,1,11153,822,302,11455,11975,1,1
T10_d05_385_a_1_jpg.rf.G8yjDIwuu2DR7PZzUtqJ.jpg,0.4,1.0,1,11153,822,302,11455,11975,1,1
T10_d05_385_a_1_jpg.rf.G8yjDIwuu2DR7PZzUtqJ.jpg,0.5,0.0,1,11153,822,302,11455,11975,1,1
T10_d05_385_a_1_jpg.rf.G8yjDIwuu2DR7PZzUtqJ.jpg,0.5,0.1,1,11153,822,302,11455,11975,1,1
T10_d05_385_a_1_jpg.rf.G8yjDIwuu2DR7PZzUtqJ.jpg,0.5,0.25,1,11153,822,302,11455,11975,1,1
T10_d05_385_a_1_jpg.rf.G8yjDIwuu2DR7PZzUtqJ.jpg,0.5,0.5,1,11153,822,302,11455,11975,1,1
T10_d05_385_a_1_jpg.rf.G8yjDIwuu2DR7PZzUtqJ.jpg,0.5,1.0,1,11153,822,302,11455,11975,1,1
T10_d05_398_a_2_jpg.rf.NG0FPuQqTKSfGdnxd0Co.jpg,0.15,0.0,1,20722,626,350,21072,21348,2,2
T10_d05_398_a_2_jpg.rf.NG0FPuQqTKSfGdnxd0Co.jpg,0.15,0.1,1,20722,626,350,21072,21348,2,2
T10_d05_398_a_2_jpg.rf.NG0FPuQqTKSfGdnxd0Co.jpg,0.15,0.25,1,20722,626,350,21072,21348,2,2
T10_d05_398_a_2_jpg.rf.NG0FPuQqTKSfGdnxd0Co.jpg,0.15,0.5,1,20722,626,350,21072,21348,2,2
T10_d05_398_a_2_jpg.rf.NG0FPuQqTKSfGdnxd0Co.jpg,0.15,1.0,1,20722,626,350,21072,21348,2,2
T10_d05_398_a_2_jpg.rf.NG0FPuQqTKSfGdnxd0Co.jpg,0.2,0.0,1,20722,626,350,21072,21348,2,2
T10_d05_398_a_2_jpg.rf.NG0FPuQqTKSfGdnxd0Co.jpg,0.2,0.1,1,20722,626,350,21072,21348,2,2
T10_d05_398_a_2_jpg.rf.NG0FPuQqTKSfGdnxd0Co.jpg,0.2,0.25,1,20722,626,350,21072,21348,2,2
T10_d05_398_a_2_jpg.rf.NG0FPuQqTKSfGdnxd0Co.jpg,0.2,0.5,1,20722,626,350,21072,21348,2,2
T10_d05_398_a_2_jpg.rf.NG0FPuQqTKSfGdnxd0Co.jpg,0.2,1.0,1,20722,626,350,21072,21348,2,2
T10_d05_398_a_2_jpg.rf.NG0FPuQqTKSfGdnxd0Co.jpg,0.25,0.0,1,20722,626,350,21072,21348,2,2
T10_d05_398_a_2_jpg.rf.NG0FPuQqTKSfGdnxd0Co.jpg,0.25,0.1,1,20722,626,350,21072,21348,2,2
T10_d05_398_a_2_jpg.rf.NG0FPuQqTKSfGdnxd0Co.jpg,0.25,0.25,1,20722,626,350,21072,21348,2,2
T10_d05_398_a_2_jpg.rf.NG0FPuQqTKSfGdnxd0Co.jpg,0.25,0.5,1,20722,626,350,21072,21348,2,2
T10_d05_398_a_2_jpg.rf.NG0FPuQqTKSfGdnxd0Co.jpg,0.25,1.0,1,20722,626,350,21072,21348,2,2
T10_d05_398_a_2_jpg.rf.NG0FPuQqTKSfGdnxd0Co.jpg,0.3,0.0,1,20722,626,350,21072,21348,2,2
T10_d05_398_a_2_jpg.rf.NG0FPuQqTKSfGdnxd0Co.jpg,0.3,0.1,1,20722,626,350,21072,21348,2,2
T10_d05_398_a_2_jpg.rf.NG0FPuQqTKSfGdnxd0Co.jpg,0.3,0.25,1,20722,626,350,21072,21348,2,2
T10_d05_398_a_2_jpg.rf.NG0FPuQqTKSfGdnxd0Co.jpg,0.3,0.5,1,20722,626,350,21072,21348,2,2
T10_d05_398_a_2_jpg.rf.NG0FPuQqTKSfGdnxd0Co.jpg,0.3,1.0,1,20722,626,350,21072,21348,2,2
T10_d05_398_a_2_jpg.rf.NG0FPuQqTKSfGdnxd0Co.jpg,0.4,0.0,1,20722,626,350,21072,21348,2,2
T10_d05_398_a_2_jpg.rf.NG0FPuQqTKSfGdnxd0Co.jpg,0.4,0.1,1,20722,626,350,21072,21348,2,2
T10_d05_398_a_2_jpg.rf.NG0FPuQqTKSfGdnxd0Co.jpg,0.4,0.25,1,20722,626,350,21072,21348,2,2
T10_d05_398_a_2_jpg.rf.NG0FPuQqTKSfGdnxd0Co.jpg,0.4,0.5,1,20722,626,350,21072,21348,2,2
T10_d05_398_a_2_jpg.rf.NG0FPuQqTKSfGdnxd0Co.jpg,0.4,1.0,1,20722,626,350,21072,21348,2,2
T10_d05_398_a_2_jpg.rf.NG0FPuQqTKSfGdnxd0Co.jpg,0.5,0.0,1,20722,626,350,21072,21348,2,2
T10_d05_398_a_2_jpg.rf.NG0FPuQqTKSfGdnxd0Co.jpg,0.5,0.1,1,20722,626,350,21072,21348,2,2
T10_d05_398_a_2_jpg.rf.NG0FPuQqTKSfGdnxd0Co.jpg,0.5,0.25,1,20722,626,350,21072,21348,2,2
T10_d05_398_a_2_jpg.rf.NG0FPuQqTKSfGdnxd0Co.jpg,0.5,0.5,1,20722,626,350,21072,21348,2,2
T10_d05_398_a_2_jpg.rf.NG0FPuQqTKSfGdnxd0Co.jpg,0.5,1.0,1,20722,626,350,21072,21348,2,2
T10_d06_018_a_1_jpg.rf.ETGjEh2lkzQrZqhOgn7Z.jpg,0.15,0.0,0,17412,19158,10748,28160,36570,2,2
T10_d06_018_a_1_jpg.rf.ETGjEh2lkzQrZqhOgn7Z.jpg,0.15,0.1,0,17412,19158,10748,28160,36570,2,2
T10_d06_018_a_1_jpg.rf.ETGjEh2lkzQrZqhOgn7Z.jpg,0.15,0.25,0,17412,19158,10748,28160,36570,2,2
T10_d06_018_a_1_jpg.rf.ETGjEh2lkzQrZqhOgn7Z.jpg,0.15,0.5,0,17412,19158,10748,28160,36570,2,2
T10_d06_018_a_1_jpg.rf.ETGjEh2lkzQrZqhOgn7Z.jpg,0.15,1.0,1,17412,19158,10748,28160,36570,2,2
T10_d06_018_a_1_jpg.rf.ETGjEh2lkzQrZqhOgn7Z.jpg,0.2,0.0,0,7127,2724,21033,28160,9851,2,0
T10_d06_018_a_1_jpg.rf.ETGjEh2lkzQrZqhOgn7Z.jpg,0.2,0.1,0,7127,2724,21033,28160,9851,2,0
T10_d06_018_a_1_jpg.rf.ETGjEh2lkzQrZqhOgn7Z.jpg,0.2,0.25,0,7127,2724,21033,28160,9851,2,0
T10_d06_018_a_1_jpg.rf.ETGjEh2lkzQrZqhOgn7Z.jpg,0.2,0.5,0,7127,2724,21033,28160,9851,2,0
T10_d06_018_a_1_jpg.rf.ETGjEh2lkzQrZqhOgn7Z.jpg,0.2,1.0,1,7127,2724,21033,28160,9851,2,0
T10_d06_018_a_1_jpg.rf.ETGjEh2lkzQrZqhOgn7Z.jpg,0.25,0.0,0,7127,2724,21033,28160,9851,2,0
T10_d06_018_a_1_jpg.rf.ETGjEh2lkzQrZqhOgn7Z.jpg,0.25,0.1,0,7127,2724,21033,28160,9851,2,0
T10_d06_018_a_1_jpg.rf.ETGjEh2lkzQrZqhOgn7Z.jpg,0.25,0.25,0,7127,2724,21033,28160,9851,2,0
T10_d06_018_a_1_jpg.rf.ETGjEh2lkzQrZqhOgn7Z.jpg,0.25,0.5,0,7127,2724,21033,28160,9851,2,0
T10_d06_018_a_1_jpg.rf.ETGjEh2lkzQrZqhOgn7Z.jpg,0.25,1.0,1,7127,2724,21033,28160,9851,2,0
T10_d06_018_a_1_jpg.rf.ETGjEh2lkzQrZqhOgn7Z.jpg,0.3,0.0,0,7127,2724,21033,28160,9851,2,0
T10_d06_018_a_1_jpg.rf.ETGjEh2lkzQrZqhOgn7Z.jpg,0.3,0.1,0,7127,2724,21033,28160,9851,2,0
T10_d06_018_a_1_jpg.rf.ETGjEh2lkzQrZqhOgn7Z.jpg,0.3,0.25,0,7127,2724,21033,28160,9851,2,0
T10_d06_018_a_1_jpg.rf.ETGjEh2lkzQrZqhOgn7Z.jpg,0.3,0.5,0,7127,2724,21033,28160,9851,2,0
T10_d06_018_a_1_jpg.rf.ETGjEh2lkzQrZqhOgn7Z.jpg,0.3,1.0,1,7127,2724,21033,28160,9851,2,0
T10_d06_018_a_1_jpg.rf.ETGjEh2lkzQrZqhOgn7Z.jpg,0.4,0.0,1,0,0,28160,28160,0,2,0
T10_d06_018_a_1_jpg.rf.ETGjEh2lkzQrZqhOgn7Z.jpg,0.4,0.1,1,0,0,28160,28160,0,2,0
T10_d06_018_a_1_jpg.rf.ETGjEh2lkzQrZqhOgn7Z.jpg,0.4,0.25,1,0,0,28160,28160,0,2,0
T10_d06_018_a_1_jpg.rf.ETGjEh2lkzQrZqhOgn7Z.jpg,0.4,0.5,1,0,0,28160,28160,0,2,0
T10_d06_018_a_1_jpg.rf.ETGjEh2lkzQrZqhOgn7Z.jpg,0.4,1.0,1,0,0,28160,28160,0,2,0
T10_d06_018_a_1_jpg.rf.ETGjEh2lkzQrZqhOgn7Z.jpg,0.5,0.0,1,0,0,28160,28160,0,2,0
T10_d06_018_a_1_jpg.rf.ETGjEh2lkzQrZqhOgn7Z.jpg,0.5,0.1,1,0,0,28160,28160,0,2,0
T10_d06_018_a_1_jpg.rf.ETGjEh2lkzQrZqhOgn7Z.jpg,0.5,0.25,1,0,0,28160,28160,0,2,0
T10_d06_018_a_1_jpg.rf.ETGjEh2lkzQrZqhOgn7Z.jpg,0.5,0.5,1,0,0,28160,28160,0,2,0
T10_d06_018_a_1_jpg.rf.ETGjEh2lkzQrZqhOgn7Z.jpg,0.5,1.0,1,0,0,28160,28160,0,2,0
T10_d06_186_a_1_jpg.rf.lzNeLYTYsoKmoXZsYvr0.jpg,0.15,0.0,1,0,0,0,0,0,0,0
T10_d06_186_a_1_jpg.rf.lzNeLYTYsoKmoXZsYvr0.jpg,0.15,0.1,1,0,0,0,0,0,0,0
T10_d06_186_a_1_jpg.rf.lzNeLYTYsoKmoXZsYvr0.jpg,0.15,0.25,1,0,0,0,0,0,0,0
T10_d06_186_a_1_jpg.rf.lzNeLYTYsoKmoXZsYvr0.jpg,0.15,0.5,1,0,0,0,0,0,0,0
T10_d06_186_a_1_jpg.rf.lzNeLYTYsoKmoXZsYvr0.jpg,0.15,1.0,1,0,0,0,0,0,0,0
T10_d06_186_a_1_jpg.rf.lzNeLYTYsoKmoXZsYvr0.jpg,0.2,0.0,1,0,0,0,0,0,0,0
T10_d06_186_a_1_jpg.rf.lzNeLYTYsoKmoXZsYvr0.jpg,0.2,0.1,1,0,0,0,0,0,0,0
T10_d06_186_a_1_jpg.rf.lzNeLYTYsoKmoXZsYvr0.jpg,0.2,0.25,1,0,0,0,0,0,0,0
T10_d06_186_a_1_jpg.rf.lzNeLYTYsoKmoXZsYvr0.jpg,0.2,0.5,1,0,0,0,0,0,0,0
T10_d06_186_a_1_jpg.rf.lzNeLYTYsoKmoXZsYvr0.jpg,0.2,1.0,1,0,0,0,0,0,0,0
T10_d06_186_a_1_jpg.rf.lzNeLYTYsoKmoXZsYvr0.jpg,0.25,0.0,1,0,0,0,0,0,0,0
T10_d06_186_a_1_jpg.rf.lzNeLYTYsoKmoXZsYvr0.jpg,0.25,0.1,1,0,0,0,0,0,0,0
T10_d06_186_a_1_jpg.rf.lzNeLYTYsoKmoXZsYvr0.jpg,0.25,0.25,1,0,0,0,0,0,0,0
T10_d06_186_a_1_jpg.rf.lzNeLYTYsoKmoXZsYvr0.jpg,0.25,0.5,1,0,0,0,0,0,0,0
T10_d06_186_a_1_jpg.rf.lzNeLYTYsoKmoXZsYvr0.jpg,0.25,1.0,1,0,0,0,0,0,0,0
T10_d06_186_a_1_jpg.rf.lzNeLYTYsoKmoXZsYvr0.jpg,0.3,0.0,1,0,0,0,0,0,0,0
T10_d06_186_a_1_jpg.rf.lzNeLYTYsoKmoXZsYvr0.jpg,0.3,0.1,1,0,0,0,0,0,0,0
T10_d06_186_a_1_jpg.rf.lzNeLYTYsoKmoXZsYvr0.jpg,0.3,0.25,1,0,0,0,0,0,0,0
T10_d06_186_a_1_jpg.rf.lzNeLYTYsoKmoXZsYvr0.jpg,0.3,0.5,1,0,0,0,0,0,0,0
T10_d06_186_a_1_jpg.rf.lzNeLYTYsoKmoXZsYvr0.jpg,0.3,1.0,1,0,0,0,0,0,0,0
T10_d06_186_a_1_jpg.rf.lzNeLYTYsoKmoXZsYvr0.jpg,0.4,0.0,1,0,0,0,0,0,0,0
T10_d06_186_a_1_jpg.rf.lzNeLYTYsoKmoXZsYvr0.jpg,0.4,0.1,1,0,0,0,0,0,0,0
T10_d06_186_a_1_jpg.rf.lzNeLYTYsoKmoXZsYvr0.jpg,0.4,0.25,1,0,0,0,0,0,0,0
T10_d06_186_a_1_jpg.rf.lzNeLYTYsoKmoXZsYvr0.jpg,0.4,0.5,1,0,0,0,0,0,0,0
T10_d06_186_a_1_jpg.rf.lzNeLYTYsoKmoXZsYvr0.jpg,0.4,1.0,1,0,0,0,0,0,0,0
T10_d06_186_a_1_jpg.rf.lzNeLYTYsoKmoXZsYvr0.jpg,0.5,0.0,1,0,0,0,0,0,0,0
T10_d06_186_a_1_jpg.rf.lzNeLYTYsoKmoXZsYvr0.jpg,0.5,0.1,1,0,0,0,0,0,0,0
T10_d06_186_a_1_jpg.rf.lzNeLYTYsoKmoXZsYvr0.jpg,0.5,0.25,1,0,0,0,0,0,0,0
T10_d06_186_a_1_jpg.rf.lzNeLYTYsoKmoXZsYvr0.jpg,0.5,0.5,1,0,0,0,0,0,0,0
T10_d06_186_a_1_jpg.rf.lzNeLYTYsoKmoXZsYvr0.jpg,0.5,1.0,1,0,0,0,0,0,0,0
T10_d07_065_a_3_jpg.rf.292rqSJTsBleakw98n5O.jpg,0.15,0.0,1,0,0,0,0,0,0,0
T10_d07_065_a_3_jpg.rf.292rqSJTsBleakw98n5O.jpg,0.15,0.1,1,0,0,0,0,0,0,0
T10_d07_065_a_3_jpg.rf.292rqSJTsBleakw98n5O.jpg,0.15,0.25,1,0,0,0,0,0,0,0
T10_d07_065_a_3_jpg.rf.292rqSJTsBleakw98n5O.jpg,0.15,0.5,1,0,0,0,0,0,0,0
T10_d07_065_a_3_jpg.rf.292rqSJTsBleakw98n5O.jpg,0.15,1.0,1,0,0,0,0,0,0,0
T10_d07_065_a_3_jpg.rf.292rqSJTsBleakw98n5O.jpg,0.2,0.0,1,0,0,0,0,0,0,0
T10_d07_065_a_3_jpg.rf.292rqSJTsBleakw98n5O.jpg,0.2,0.1,1,0,0,0,0,0,0,0
T10_d07_065_a_3_jpg.rf.292rqSJTsBleakw98n5O.jpg,0.2,0.25,1,0,0,0,0,0,0,0
T10_d07_065_a_3_jpg.rf.292rqSJTsBleakw98n5O.jpg,0.2,0.5,1,0,0,0,0,0,0,0
T10_d07_065_a_3_jpg.rf.292rqSJTsBleakw98n5O.jpg,0.2,1.0,1,0,0,0,0,0,0,0
T10_d07_065_a_3_jpg.rf.292rqSJTsBleakw98n5O.jpg,0.25,0.0,1,0,0,0,0,0,0,0
T10_d07_065_a_3_jpg.rf.292rqSJTsBleakw98n5O.jpg,0.25,0.1,1,0,0,0,0,0,0,0
T10_d07_065_a_3_jpg.rf.292rqSJTsBleakw98n5O.jpg,0.25,0.25,1,0,0,0,0,0,0,0
T10_d07_065_a_3_jpg.rf.292rqSJTsBleakw98n5O.jpg,0.25,0.5,1,0,0,0,0,0,0,0
T10_d07_065_a_3_jpg.rf.292rqSJTsBleakw98n5O.jpg,0.25,1.0,1,0,0,0,0,0,0,0
T10_d07_065_a_3_jpg.rf.292rqSJTsBleakw98n5O.jpg,0.3,0.0,1,0,0,0,0,0,0,0
T10_d07_065_a_3_jpg.rf.292rqSJTsBleakw98n5O.jpg,0.3,0.1,1,0,0,0,0,0,0,0
T10_d07_065_a_3_jpg.rf.292rqSJTsBleakw98n5O.jpg,0.3,0.25,1,0,0,0,0,0,0,0
T10_d07_065_a_3_jpg.rf.292rqSJTsBleakw98n5O.jpg,0.3,0.5,1,0,0,0,0,0,0,0
T10_d07_065_a_3_jpg.rf.292rqSJTsBleakw98n5O.jpg,0.3,1.0,1,0,0,0,0,0,0,0
T10_d07_065_a_3_jpg.rf.292rqSJTsBleakw98n5O.jpg,0.4,0.0,1,0,0,0,0,0,0,0
T10_d07_065_a_3_jpg.rf.292rqSJTsBleakw98n5O.jpg,0.4,0.1,1,0,0,0,0,0,0,0
T10_d07_065_a_3_jpg.rf.292rqSJTsBleakw98n5O.jpg,0.4,0.25,1,0,0,0,0,0,0,0
T10_d07_065_a_3_jpg.rf.292rqSJTsBleakw98n5O.jpg,0.4,0.5,1,0,0,0,0,0,0,0
T10_d07_065_a_3_jpg.rf.292rqSJTsBleakw98n5O.jpg,0.4,1.0,1,0,0,0,0,0,0,0
T10_d07_065_a_3_jpg.rf.292rqSJTsBleakw98n5O.jpg,0.5,0.0,1,0,0,0,0,0,0,0
T10_d07_065_a_3_jpg.rf.292rqSJTsBleakw98n5O.jpg,0.5,0.1,1,0,0,0,0,0,0,0
T10_d07_065_a_3_jpg.rf.292rqSJTsBleakw98n5O.jpg,0.5,0.25,1,0,0,0,0,0,0,0
T10_d07_065_a_3_jpg.rf.292rqSJTsBleakw98n5O.jpg,0.5,0.5,1,0,0,0,0,0,0,0
T10_d07_065_a_3_jpg.rf.292rqSJTsBleakw98n5O.jpg,0.5,1.0,1,0,0,0,0,0,0,0
T10_d07_087_b_2_jpg.rf.7qt1wvZgxM9iZ1EHuwII.jpg,0.15,0.0,0,0,4051,37080,37080,4051,2,0
T10_d07_087_b_2_jpg.rf.7qt1wvZgxM9iZ1EHuwII.jpg,0.15,0.1,0,0,4051,37080,37080,4051,2,0
T10_d07_087_b_2_jpg.rf.7qt1wvZgxM9iZ1EHuwII.jpg,0.15,0.25,0,0,4051,37080,37080,4051,2,0
T10_d07_087_b_2_jpg.rf.7qt1wvZgxM9iZ1EHuwII.jpg,0.15,0.5,0,0,4051,37080,37080,4051,2,0
T10_d07_087_b_2_jpg.rf.7qt1wvZgxM9iZ1EHuwII.jpg,0.15,1.0,1,0,4051,37080,37080,4051,2,0
T10_d07_087_b_2_jpg.rf.7qt1wvZgxM9iZ1EHuwII.jpg,0.2,0.0,1,0,0,37080,37080,0,2,0
T10_d07_087_b_2_jpg.rf.7qt1wvZgxM9iZ1EHuwII.jpg,0.2,0.1,1,0,0,37080,37080,0,2,0
T10_d07_087_b_2_jpg.rf.7qt1wvZgxM9iZ1EHuwII.jpg,0.2,0.25,1,0,0,37080,37080,0,2,0
T10_d07_087_b_2_jpg.rf.7qt1wvZgxM9iZ1EHuwII.jpg,0.2,0.5,1,0,0,37080,37080,0,2,0
T10_d07_087_b_2_jpg.rf.7qt1wvZgxM9iZ1EHuwII.jpg,0.2,1.0,1,0,0,37080,37080,0,2,0
T10_d07_087_b_2_jpg.rf.7qt1wvZgxM9iZ1EHuwII.jpg,0.25,0.0,1,0,0,37080,37080,0,2,0
T10_d07_087_b_2_jpg.rf.7qt1wvZgxM9iZ1EHuwII.jpg,0.25,0.1,1,0,0,37080,37080,0,2,0
T10_d07_087_b_2_jpg.rf.7qt1wvZgxM9iZ1EHuwII.jpg,0.25,0.25,1,0,0,37080,37080,0,2,0
T10_d07_087_b_2_jpg.rf.7qt1wvZgxM9iZ1EHuwII.jpg,0.25,0.5,1,0,0,37080,37080,0,2,0
T10_d07_087_b_2_jpg.rf.7qt1wvZgxM9iZ1EHuwII.jpg,0.25,1.0,1,0,0,37080,37080,0,2,0
T10_d07_087_b_2_jpg.rf.7qt1wvZgxM9iZ1EHuwII.jpg,0.3,0.0,1,0,0,37080,37080,0,2,0
T10_d07_087_b_2_jpg.rf.7qt1wvZgxM9iZ1EHuwII.jpg,0.3,0.1,1,0,0,37080,37080,0,2,0
T10_d07_087_b_2_jpg.rf.7qt1wvZgxM9iZ1EHuwII.jpg,0.3,0.25,1,0,0,37080,37080,0,2,0
T10_d07_087_b_2_jpg.rf.7qt1wvZgxM9iZ1EHuwII.jpg,0.3,0.5,1,0,0,37080,37080,0,2,0
T10_d07_087_b_2_jpg.rf.7qt1wvZgxM9iZ1EHuwII.jpg,0.3,1.0,1,0,0,37080,37080,0,2,0
T10_d07_087_b_2_jpg.rf.7qt1wvZgxM9iZ1EHuwII.jpg,0.4,0.0,1,0,0,37080,37080,0,2,0
T10_d07_087_b_2_jpg.rf.7qt1wvZgxM9iZ1EHuwII.jpg,0.4,0.1,1,0,0,37080,37080,0,2,0
T10_d07_087_b_2_jpg.rf.7qt1wvZgxM9iZ1EHuwII.jpg,0.4,0.25,1,0,0,37080,37080,0,2,0
T10_d07_087_b_2_jpg.rf.7qt1wvZgxM9iZ1EHuwII.jpg,0.4,0.5,1,0,0,37080,37080,0,2,0
T10_d07_087_b_2_jpg.rf.7qt1wvZgxM9iZ1EHuwII.jpg,0.4,1.0,1,0,0,37080,37080,0,2,0
T10_d07_087_b_2_jpg.rf.7qt1wvZgxM9iZ1EHuwII.jpg,0.5,0.0,1,0,0,37080,37080,0,2,0
T10_d07_087_b_2_jpg.rf.7qt1wvZgxM9iZ1EHuwII.jpg,0.5,0.1,1,0,0,37080,37080,0,2,0
T10_d07_087_b_2_jpg.rf.7qt1wvZgxM9iZ1EHuwII.jpg,0.5,0.25,1,0,0,37080,37080,0,2,0
T10_d07_087_b_2_jpg.rf.7qt1wvZgxM9iZ1EHuwII.jpg,0.5,0.5,1,0,0,37080,37080,0,2,0
T10_d07_087_b_2_jpg.rf.7qt1wvZgxM9iZ1EHuwII.jpg,0.5,1.0,1,0,0,37080,37080,0,2,0
T10_d07_292_b_1_jpg.rf.RgaqUcgDkmy6ob45raii.jpg,0.15,0.0,1,2578,126,89,2667,2704,0,0
T10_d07_292_b_1_jpg.rf.RgaqUcgDkmy6ob45raii.jpg,0.15,0.1,1,2578,126,89,2667,2704,0,0
T10_d07_292_b_1_jpg.rf.RgaqUcgDkmy6ob45raii.jpg,0.15,0.25,1,2578,126,89,2667,2704,0,0
T10_d07_292_b_1_jpg.rf.RgaqUcgDkmy6ob45raii.jpg,0.15,0.5,1,2578,126,89,2667,2704,0,0
T10_d07_292_b_1_jpg.rf.RgaqUcgDkmy6ob45raii.jpg,0.15,1.0,1,2578,126,89,2667,2704,0,0
T10_d07_292_b_1_jpg.rf.RgaqUcgDkmy6ob45raii.jpg,0.2,0.0,1,2578,126,89,2667,2704,0,0
T10_d07_292_b_1_jpg.rf.RgaqUcgDkmy6ob45raii.jpg,0.2,0.1,1,2578,126,89,2667,2704,0,0
T10_d07_292_b_1_jpg.rf.RgaqUcgDkmy6ob45raii.jpg,0.2,0.25,1,2578,126,89,2667,2704,0,0
T10_d07_292_b_1_jpg.rf.RgaqUcgDkmy6ob45raii.jpg,0.2,0.5,1,2578,126,89,2667,2704,0,0
T10_d07_292_b_1_jpg.rf.RgaqUcgDkmy6ob45raii.jpg,0.2,1.0,1,2578,126,89,2667,2704,0,0
T10_d07_292_b_1_jpg.rf.RgaqUcgDkmy6ob45raii.jpg,0.25,0.0,1,2578,126,89,2667,2704,0,0
T10_d07_292_b_1_jpg.rf.RgaqUcgDkmy6ob45raii.jpg,0.25,0.1,1,2578,126,89,2667,2704,0,0
T10_d07_292_b_1_jpg.rf.RgaqUcgDkmy6ob45raii.jpg,0.25,0.25,1,2578,126,89,2667,2704,0,0
T10_d07_292_b_1_jpg.rf.RgaqUcgDkmy6ob45raii.jpg,0.25,0.5,1,2578,126,89,2667,2704,0,0
T10_d07_292_b_1_jpg.rf.RgaqUcgDkmy6ob45raii.jpg,0.25,1.0,1,2578,126,89,2667,2704,0,0
T10_d07_292_b_1_jpg.rf.RgaqUcgDkmy6ob45raii.jpg,0.3,0.0,1,2578,126,89,2667,2704,0,0
T10_d07_292_b_1_jpg.rf.RgaqUcgDkmy6ob45raii.jpg,0.3,0.1,1,2578,126,89,2667,2704,0,0
T10_d07_292_b_1_jpg.rf.RgaqUcgDkmy6ob45raii.jpg,0.3,0.25,1,2578,126,89,2667,2704,0,0
T10_d07_292_b_1_jpg.rf.RgaqUcgDkmy6ob45raii.jpg,0.3,0.5,1,2578,126,89,2667,2704,0,0
T10_d07_292_b_1_jpg.rf.RgaqUcgDkmy6ob45raii.jpg,0.3,1.0,1,2578,126,89,2667,2704,0,0
T10_d07_292_b_1_jpg.rf.RgaqUcgDkmy6ob45raii.jpg,0.4,0.0,1,2578,126,89,2667,2704,0,0
T10_d07_292_b_1_jpg.rf.RgaqUcgDkmy6ob45raii.jpg,0.4,0.1,1,2578,126,89,2667,2704,0,0
T10_d07_292_b_1_jpg.rf.RgaqUcgDkmy6ob45raii.jpg,0.4,0.25,1,2578,126,89,2667,2704,0,0
T10_d07_292_b_1_jpg.rf.RgaqUcgDkmy6ob45raii.jpg,0.4,0.5,1,2578,126,89,2667,2704,0,0
T10_d07_292_b_1_jpg.rf.RgaqUcgDkmy6ob45raii.jpg,0.4,1.0,1,2578,126,89,2667,2704,0,0
T10_d07_292_b_1_jpg.rf.RgaqUcgDkmy6ob45raii.jpg,0.5,0.0,1,2578,126,89,2667,2704,0,0
T10_d07_292_b_1_jpg.rf.RgaqUcgDkmy6ob45raii.jpg,0.5,0.1,1,2578,126,89,2667,2704,0,0
T10_d07_292_b_1_jpg.rf.RgaqUcgDkmy6ob45raii.jpg,0.5,0.25,1,2578,126,89,2667,2704,0,0
T10_d07_292_b_1_jpg.rf.RgaqUcgDkmy6ob45raii.jpg,0.5,0.5,1,2578,126,89,2667,2704,0,0
T10_d07_292_b_1_jpg.rf.RgaqUcgDkmy6ob45raii.jpg,0.5,1.0,1,2578,126,89,2667,2704,0,0
T10_d07_310_b_1_jpg.rf.6Kl8Q52vAGTor3DgoiAq.jpg,0.15,0.0,0,1966,181,834,2800,2147,0,0
T10_d07_310_b_1_jpg.rf.6Kl8Q52vAGTor3DgoiAq.jpg,0.15,0.1,0,1966,181,834,2800,2147,0,0
T10_d07_310_b_1_jpg.rf.6Kl8Q52vAGTor3DgoiAq.jpg,0.15,0.25,0,1966,181,834,2800,2147,0,0
T10_d07_310_b_1_jpg.rf.6Kl8Q52vAGTor3DgoiAq.jpg,0.15,0.5,0,1966,181,834,2800,2147,0,0
T10_d07_310_b_1_jpg.rf.6Kl8Q52vAGTor3DgoiAq.jpg,0.15,1.0,1,1966,181,834,2800,2147,0,0
T10_d07_310_b_1_jpg.rf.6Kl8Q52vAGTor3DgoiAq.jpg,0.2,0.0,0,1966,181,834,2800,2147,0,0
T10_d07_310_b_1_jpg.rf.6Kl8Q52vAGTor3DgoiAq.jpg,0.2,0.1,0,1966,181,834,2800,2147,0,0
T10_d07_310_b_1_jpg.rf.6Kl8Q52vAGTor3DgoiAq.jpg,0.2,0.25,0,1966,181,834,2800,2147,0,0
T10_d07_310_b_1_jpg.rf.6Kl8Q52vAGTor3DgoiAq.jpg,0.2,0.5,0,1966,181,834,2800,2147,0,0
T10_d07_310_b_1_jpg.rf.6Kl8Q52vAGTor3DgoiAq.jpg,0.2,1.0,1,1966,181,834,2800,2147,0,0
T10_d07_310_b_1_jpg.rf.6Kl8Q52vAGTor3DgoiAq.jpg,0.25,0.0,0,1966,181,834,2800,2147,0,0
T10_d07_310_b_1_jpg.rf.6Kl8Q52vAGTor3DgoiAq.jpg,0.25,0.1,0,1966,181,834,2800,2147,0,0
T10_d07_310_b_1_jpg.rf.6Kl8Q52vAGTor3DgoiAq.jpg,0.25,0.25,0,1966,181,834,2800,2147,0,0
T10_d07_310_b_1_jpg.rf.6Kl8Q52vAGTor3DgoiAq.jpg,0.25,0.5,0,1966,181,834,2800,2147,0,0
T10_d07_310_b_1_jpg.rf.6Kl8Q52vAGTor3DgoiAq.jpg,0.25,1.0,1,1966,181,834,2800,2147,0,0
T10_d07_310_b_1_jpg.rf.6Kl8Q52vAGTor3DgoiAq.jpg,0.3,0.0,1,0,0,2800,2800,0,0,0
T10_d07_310_b_1_jpg.rf.6Kl8Q52vAGTor3DgoiAq.jpg,0.3,0.1,1,0,0,2800,2800,0,0,0
T10_d07_310_b_1_jpg.rf.6Kl8Q52vAGTor3DgoiAq.jpg,0.3,0.25,1,0,0,2800,2800,0,0,0
T10_d07_310_b_1_jpg.rf.6Kl8Q52vAGTor3DgoiAq.jpg,0.3,0.5,1,0,0,2800,2800,0,0,0
T10_d07_310_b_1_jpg.rf.6Kl8Q52vAGTor3DgoiAq.jpg,0.3,1.0,1,0,0,2800,2800,0,0,0
T10_d07_310_b_1_jpg.rf.6Kl8Q52vAGTor3DgoiAq.jpg,0.4,0.0,1,0,0,2800,2800,0,0,0
T10_d07_310_b_1_jpg.rf.6Kl8Q52vAGTor3DgoiAq.jpg,0.4,0.1,1,0,0,2800,2800,0,0,0
T10_d07_310_b_1_jpg.rf.6Kl8Q52vAGTor3DgoiAq.jpg,0.4,0.25,1,0,0,2800,2800,0,0,0
T10_d07_310_b_1_jpg.rf.6Kl8Q52vAGTor3DgoiAq.jpg,0.4,0.5,1,0,0,2800,2800,0,0,0
T10_d07_310_b_1_jpg.rf.6Kl8Q52vAGTor3DgoiAq.jpg,0.4,1.0,1,0,0,2800,2800,0,0,0
T10_d07_310_b_1_jpg.rf.6Kl8Q52vAGTor3DgoiAq.jpg,0.5,0.0,1,0,0,2800,2800,0,0,0
T10_d07_310_b_1_jpg.rf.6Kl8Q52vAGTor3DgoiAq.jpg,0.5,0.1,1,0,0,2800,2800,0,0,0
T10_d07_310_b_1_jpg.rf.6Kl8Q52vAGTor3DgoiAq.jpg,0.5,0.25,1,0,0,2800,2800,0,0,0
T10_d07_310_b_1_jpg.rf.6Kl8Q52vAGTor3DgoiAq.jpg,0.5,0.5,1,0,0,2800,2800,0,0,0
T10_d07_310_b_1_jpg.rf.6Kl8Q52vAGTor3DgoiAq.jpg,0.5,1.0,1,0,0,2800,2800,0,0,0
T10_d07_353_a_1_jpg.rf.P7DDt7urFWQ7Iueh2Zih.jpg,0.15,0.0,1,0,0,2848,2848,0,0,0
T10_d07_353_a_1_jpg.rf.P7DDt7urFWQ7Iueh2Zih.jpg,0.15,0.1,1,0,0,2848,2848,0,0,0
T10_d07_353_a_1_jpg.rf.P7DDt7urFWQ7Iueh2Zih.jpg,0.15,0.25,1,0,0,2848,2848,0,0,0
T10_d07_353_a_1_jpg.rf.P7DDt7urFWQ7Iueh2Zih.jpg,0.15,0.5,1,0,0,2848,2848,0,0,0
T10_d07_353_a_1_jpg.rf.P7DDt7urFWQ7Iueh2Zih.jpg,0.15,1.0,1,0,0,2848,2848,0,0,0
T10_d07_353_a_1_jpg.rf.P7DDt7urFWQ7Iueh2Zih.jpg,0.2,0.0,1,0,0,2848,2848,0,0,0
T10_d07_353_a_1_jpg.rf.P7DDt7urFWQ7Iueh2Zih.jpg,0.2,0.1,1,0,0,2848,2848,0,0,0
T10_d07_353_a_1_jpg.rf.P7DDt7urFWQ7Iueh2Zih.jpg,0.2,0.25,1,0,0,2848,2848,0,0,0
T10_d07_353_a_1_jpg.rf.P7DDt7urFWQ7Iueh2Zih.jpg,0.2,0.5,1,0,0,2848,2848,0,0,0
T10_d07_353_a_1_jpg.rf.P7DDt7urFWQ7Iueh2Zih.jpg,0.2,1.0,1,0,0,2848,2848,0,0,0
T10_d07_353_a_1_jpg.rf.P7DDt7urFWQ7Iueh2Zih.jpg,0.25,0.0,1,0,0,2848,2848,0,0,0
T10_d07_353_a_1_jpg.rf.P7DDt7urFWQ7Iueh2Zih.jpg,0.25,0.1,1,0,0,2848,2848,0,0,0
T10_d07_353_a_1_jpg.rf.P7DDt7urFWQ7Iueh2Zih.jpg,0.25,0.25,1,0,0,2848,2848,0,0,0
T10_d07_353_a_1_jpg.rf.P7DDt7urFWQ7Iueh2Zih.jpg,0.25,0.5,1,0,0,2848,2848,0,0,0
T10_d07_353_a_1_jpg.rf.P7DDt7urFWQ7Iueh2Zih.jpg,0.25,1.0,1,0,0,2848,2848,0,0,0
T10_d07_353_a_1_jpg.rf.P7DDt7urFWQ7Iueh2Zih.jpg,0.3,0.0,1,0,0,2848,2848,0,0,0
T10_d07_353_a_1_jpg.rf.P7DDt7urFWQ7Iueh2Zih.jpg,0.3,0.1,1,0,0,2848,2848,0,0,0
T10_d07_353_a_1_jpg.rf.P7DDt7urFWQ7Iueh2Zih.jpg,0.3,0.25,1,0,0,2848,2848,0,0,0
T10_d07_353_a_1_jpg.rf.P7DDt7urFWQ7Iueh2Zih.jpg,0.3,0.5,1,0,0,2848,2848,0,0,0
T10_d07_353_a_1_jpg.rf.P7DDt7urFWQ7Iueh2Zih.jpg,0.3,1.0,1,0,0,2848,2848,0,0,0
T10_d07_353_a_1_jpg.rf.P7DDt7urFWQ7Iueh2Zih.jpg,0.4,0.0,1,0,0,2848,2848,0,0,0
T10_d07_353_a_1_jpg.rf.P7DDt7urFWQ7Iueh2Zih.jpg,0.4,0.1,1,0,0,2848,2848,0,0,0
T10_d07_353_a_1_jpg.rf.P7DDt7urFWQ7Iueh2Zih.jpg,0.4,0.25,1,0,0,2848,2848,0,0,0
T10_d07_353_a_1_jpg.rf.P7DDt7urFWQ7Iueh2Zih.jpg,0.4,0.5,1,0,0,2848,2848,0,0,0
T10_d07_353_a_1_jpg.rf.P7DDt7urFWQ7Iueh2Zih.jpg,0.4,1.0,1,0,0,2848,2848,0,0,0
T10_d07_353_a_1_jpg.rf.P7DDt7urFWQ7Iueh2Zih.jpg,0.5,0.0,1,0,0,2848,2848,0,0,0
T10_d07_353_a_1_jpg.rf.P7DDt7urFWQ7Iueh2Zih.jpg,0.5,0.1,1,0,0,2848,2848,0,0,0
T10_d07_353_a_1_jpg.rf.P7DDt7urFWQ7Iueh2Zih.jpg,0.5,0.25,1,0,0,2848,2848,0,0,0
T10_d07_353_a_1_jpg.rf.P7DDt7urFWQ7Iueh2Zih.jpg,0.5,0.5,1,0,0,2848,2848,0,0,0
T10_d07_353_a_1_jpg.rf.P7DDt7urFWQ7Iueh2Zih.jpg,0.5,1.0,1,0,0,2848,2848,0,0,0
T10_d07_451_b_1_jpg.rf.tRjO5iiRvTJuHb6IH3Tj.jpg,0.15,0.0,1,15315,2291,102,15417,17606,1,2
T10_d07_451_b_1_jpg.rf.tRjO5iiRvTJuHb6IH3Tj.jpg,0.15,0.1,1,15315,2291,102,15417,17606,1,2
T10_d07_451_b_1_jpg.rf.tRjO5iiRvTJuHb6IH3Tj.jpg,0.15,0.25,1,15315,2291,102,15417,17606,1,2
T10_d07_451_b_1_jpg.rf.tRjO5iiRvTJuHb6IH3Tj.jpg,0.15,0.5,1,15315,2291,102,15417,17606,1,2
T10_d07_451_b_1_jpg.rf.tRjO5iiRvTJuHb6IH3Tj.jpg,0.15,1.0,1,15315,2291,102,15417,17606,1,2
T10_d07_451_b_1_jpg.rf.tRjO5iiRvTJuHb6IH3Tj.jpg,0.2,0.0,1,15315,2291,102,15417,17606,1,2
T10_d07_451_b_1_jpg.rf.tRjO5iiRvTJuHb6IH3Tj.jpg,0.2,0.1,1,15315,2291,102,15417,17606,1,2
T10_d07_451_b_1_jpg.rf.tRjO5iiRvTJuHb6IH3Tj.jpg,0.2,0.25,1,15315,2291,102,15417,17606,1,2
T10_d07_451_b_1_jpg.rf.tRjO5iiRvTJuHb6IH3Tj.jpg,0.2,0.5,1,15315,2291,102,15417,17606,1,2
T10_d07_451_b_1_jpg.rf.tRjO5iiRvTJuHb6IH3Tj.jpg,0.2,1.0,1,15315,2291,102,15417,17606,1,2
T10_d07_451_b_1_jpg.rf.tRjO5iiRvTJuHb6IH3Tj.jpg,0.25,0.0,1,15315,2291,102,15417,17606,1,2
T10_d07_451_b_1_jpg.rf.tRjO5iiRvTJuHb6IH3Tj.jpg,0.25,0.1,1,15315,2291,102,15417,17606,1,2
T10_d07_451_b_1_jpg.rf.tRjO5iiRvTJuHb6IH3Tj.jpg,0.25,0.25,1,15315,2291,102,15417,17606,1,2
T10_d07_451_b_1_jpg.rf.tRjO5iiRvTJuHb6IH3Tj.jpg,0.25,0.5,1,15315,2291,102,15417,17606,1,2
T10_d07_451_b_1_jpg.rf.tRjO5iiRvTJuHb6IH3Tj.jpg,0.25,1.0,1,15315,2291,102,15417,17606,1,2
T10_d07_451_b_1_jpg.rf.tRjO5iiRvTJuHb6IH3Tj.jpg,0.3,0.0,1,15315,2291,102,15417,17606,1,2
T10_d07_451_b_1_jpg.rf.tRjO5iiRvTJuHb6IH3Tj.jpg,0.3,0.1,1,15315,2291,102,15417,17606,1,2
T10_d07_451_b_1_jpg.rf.tRjO5iiRvTJuHb6IH3Tj.jpg,0.3,0.25,1,15315,2291,102,15417,17606,1,2
T10_d07_451_b_1_jpg.rf.tRjO5iiRvTJuHb6IH3Tj.jpg,0.3,0.5,1,15315,2291,102,15417,17606,1,2
T10_d07_451_b_1_jpg.rf.tRjO5iiRvTJuHb6IH3Tj.jpg,0.3,1.0,1,15315,2291,102,15417,17606,1,2
T10_d07_451_b_1_jpg.rf.tRjO5iiRvTJuHb6IH3Tj.jpg,0.4,0.0,1,15315,2291,102,15417,17606,1,2
T10_d07_451_b_1_jpg.rf.tRjO5iiRvTJuHb6IH3Tj.jpg,0.4,0.1,1,15315,2291,102,15417,17606,1,2
T10_d07_451_b_1_jpg.rf.tRjO5iiRvTJuHb6IH3Tj.jpg,0.4,0.25,1,15315,2291,102,15417,17606,1,2
T10_d07_451_b_1_jpg.rf.tRjO5iiRvTJuHb6IH3Tj.jpg,0.4,0.5,1,15315,2291,102,15417,17606,1,2
T10_d07_451_b_1_jpg.rf.tRjO5iiRvTJuHb6IH3Tj.jpg,0.4,1.0,1,15315,2291,102,15417,17606,1,2
T10_d07_451_b_1_jpg.rf.tRjO5iiRvTJuHb6IH3Tj.jpg,0.5,0.0,1,15315,2291,102,15417,17606,1,2
T10_d07_451_b_1_jpg.rf.tRjO5iiRvTJuHb6IH3Tj.jpg,0.5,0.1,1,15315,2291,102,15417,17606,1,2
T10_d07_451_b_1_jpg.rf.tRjO5iiRvTJuHb6IH3Tj.jpg,0.5,0.25,1,15315,2291,102,15417,17606,1,2
T10_d07_451_b_1_jpg.rf.tRjO5iiRvTJuHb6IH3Tj.jpg,0.5,0.5,1,15315,2291,102,15417,17606,1,2
T10_d07_451_b_1_jpg.rf.tRjO5iiRvTJuHb6IH3Tj.jpg,0.5,1.0,1,15315,2291,102,15417,17606,1,2
T10_d07_452_a_1_jpg.rf.L4coxvGZM3wMUVHswIYj.jpg,0.15,0.0,0,7082,1274,349,7431,8356,0,0
T10_d07_452_a_1_jpg.rf.L4coxvGZM3wMUVHswIYj.jpg,0.15,0.1,0,7082,1274,349,7431,8356,0,0
T10_d07_452_a_1_jpg.rf.L4coxvGZM3wMUVHswIYj.jpg,0.15,0.25,0,7082,1274,349,7431,8356,0,0
T10_d07_452_a_1_jpg.rf.L4coxvGZM3wMUVHswIYj.jpg,0.15,0.5,0,7082,1274,349,7431,8356,0,0
T10_d07_452_a_1_jpg.rf.L4coxvGZM3wMUVHswIYj.jpg,0.15,1.0,1,7082,1274,349,7431,8356,0,0
T10_d07_452_a_1_jpg.rf.L4coxvGZM3wMUVHswIYj.jpg,0.2,0.0,0,7082,1274,349,7431,8356,0,0
T10_d07_452_a_1_jpg.rf.L4coxvGZM3wMUVHswIYj.jpg,0.2,0.1,0,7082,1274,349,7431,8356,0,0
T10_d07_452_a_1_jpg.rf.L4coxvGZM3wMUVHswIYj.jpg,0.2,0.25,0,7082,1274,349,7431,8356,0,0
T10_d07_452_a_1_jpg.rf.L4coxvGZM3wMUVHswIYj.jpg,0.2,0.5,0,7082,1274,349,7431,8356,0,0
T10_d07_452_a_1_jpg.rf.L4coxvGZM3wMUVHswIYj.jpg,0.2,1.0,1,7082,1274,349,7431,8356,0,0
T10_d07_452_a_1_jpg.rf.L4coxvGZM3wMUVHswIYj.jpg,0.25,0.0,0,7082,1274,349,7431,8356,0,0
T10_d07_452_a_1_jpg.rf.L4coxvGZM3wMUVHswIYj.jpg,0.25,0.1,0,7082,1274,349,7431,8356,0,0
T10_d07_452_a_1_jpg.rf.L4coxvGZM3wMUVHswIYj.jpg,0.25,0.25,0,7082,1274,349,7431,8356,0,0
T10_d07_452_a_1_jpg.rf.L4coxvGZM3wMUVHswIYj.jpg,0.25,0.5,0,7082,1274,349,7431,8356,0,0
T10_d07_452_a_1_jpg.rf.L4coxvGZM3wMUVHswIYj.jpg,0.25,1.0,1,7082,1274,349,7431,8356,0,0
T10_d07_452_a_1_jpg.rf.L4coxvGZM3wMUVHswIYj.jpg,0.3,0.0,0,7082,1274,349,7431,8356,0,0
T10_d07_452_a_1_jpg.rf.L4coxvGZM3wMUVHswIYj.jpg,0.3,0.1,0,7082,1274,349,7431,8356,0,0
T10_d07_452_a_1_jpg.rf.L4coxvGZM3wMUVHswIYj.jpg,0.3,0.25,0,7082,1274,349,7431,8356,0,0
T10_d07_452_a_1_jpg.rf.L4coxvGZM3wMUVHswIYj.jpg,0.3,0.5,0,7082,1274,349,7431,8356,0,0
T10_d07_452_a_1_jpg.rf.L4coxvGZM3wMUVHswIYj.jpg,0.3,1.0,1,7082,1274,349,7431,8356,0,0
T10_d07_452_a_1_jpg.rf.L4coxvGZM3wMUVHswIYj.jpg,0.4,0.0,0,7082,1274,349,7431,8356,0,0
T10_d07_452_a_1_jpg.rf.L4coxvGZM3wMUVHswIYj.jpg,0.4,0.1,0,7082,1274,349,7431,8356,0,0
T10_d07_452_a_1_jpg.rf.L4coxvGZM3wMUVHswIYj.jpg,0.4,0.25,0,7082,1274,349,7431,8356,0,0
T10_d07_452_a_1_jpg.rf.L4coxvGZM3wMUVHswIYj.jpg,0.4,0.5,0,7082,1274,349,7431,8356,0,0
T10_d07_452_a_1_jpg.rf.L4coxvGZM3wMUVHswIYj.jpg,0.4,1.0,1,7082,1274,349,7431,8356,0,0
T10_d07_452_a_1_jpg.rf.L4coxvGZM3wMUVHswIYj.jpg,0.5,0.0,1,0,0,7431,7431,0,0,0
T10_d07_452_a_1_jpg.rf.L4coxvGZM3wMUVHswIYj.jpg,0.5,0.1,1,0,0,7431,7431,0,0,0
T10_d07_452_a_1_jpg.rf.L4coxvGZM3wMUVHswIYj.jpg,0.5,0.25,1,0,0,7431,7431,0,0,0
T10_d07_452_a_1_jpg.rf.L4coxvGZM3wMUVHswIYj.jpg,0.5,0.5,1,0,0,7431,7431,0,0,0
T10_d07_452_a_1_jpg.rf.L4coxvGZM3wMUVHswIYj.jpg,0.5,1.0,1,0,0,7431,7431,0,0,0
T10_d08_012_a_2_jpg.rf.6L1YekAyBA7OefGQm3g8.jpg,0.15,0.0,0,6862,41120,0,6862,47982,0,2
T10_d08_012_a_2_jpg.rf.6L1YekAyBA7OefGQm3g8.jpg,0.15,0.1,0,6862,41120,0,6862,47982,0,2
T10_d08_012_a_2_jpg.rf.6L1YekAyBA7OefGQm3g8.jpg,0.15,0.25,0,6862,41120,0,6862,47982,0,2
T10_d08_012_a_2_jpg.rf.6L1YekAyBA7OefGQm3g8.jpg,0.15,0.5,0,6862,41120,0,6862,47982,0,2
T10_d08_012_a_2_jpg.rf.6L1YekAyBA7OefGQm3g8.jpg,0.15,1.0,1,6862,41120,0,6862,47982,0,2
T10_d08_012_a_2_jpg.rf.6L1YekAyBA7OefGQm3g8.jpg,0.2,0.0,0,6862,41120,0,6862,47982,0,2
T10_d08_012_a_2_jpg.rf.6L1YekAyBA7OefGQm3g8.jpg,0.2,0.1,0,6862,41120,0,6862,47982,0,2
T10_d08_012_a_2_jpg.rf.6L1YekAyBA7OefGQm3g8.jpg,0.2,0.25,0,6862,41120,0,6862,47982,0,2
T10_d08_012_a_2_jpg.rf.6L1YekAyBA7OefGQm3g8.jpg,0.2,0.5,0,6862,41120,0,6862,47982,0,2
T10_d08_012_a_2_jpg.rf.6L1YekAyBA7OefGQm3g8.jpg,0.2,1.0,1,6862,41120,0,6862,47982,0,2
T10_d08_012_a_2_jpg.rf.6L1YekAyBA7OefGQm3g8.jpg,0.25,0.0,0,6862,41120,0,6862,47982,0,2
T10_d08_012_a_2_jpg.rf.6L1YekAyBA7OefGQm3g8.jpg,0.25,0.1,0,6862,41120,0,6862,47982,0,2
T10_d08_012_a_2_jpg.rf.6L1YekAyBA7OefGQm3g8.jpg,0.25,0.25,0,6862,41120,0,6862,47982,0,2
T10_d08_012_a_2_jpg.rf.6L1YekAyBA7OefGQm3g8.jpg,0.25,0.5,0,6862,41120,0,6862,47982,0,2
T10_d08_012_a_2_jpg.rf.6L1YekAyBA7OefGQm3g8.jpg,0.25,1.0,1,6862,41120,0,6862,47982,0,2
T10_d08_012_a_2_jpg.rf.6L1YekAyBA7OefGQm3g8.jpg,0.3,0.0,0,6862,41120,0,6862,47982,0,2
T10_d08_012_a_2_jpg.rf.6L1YekAyBA7OefGQm3g8.jpg,0.3,0.1,0,6862,41120,0,6862,47982,0,2
T10_d08_012_a_2_jpg.rf.6L1YekAyBA7OefGQm3g8.jpg,0.3,0.25,0,6862,41120,0,6862,47982,0,2
T10_d08_012_a_2_jpg.rf.6L1YekAyBA7OefGQm3g8.jpg,0.3,0.5,0,6862,41120,0,6862,47982,0,2
T10_d08_012_a_2_jpg.rf.6L1YekAyBA7OefGQm3g8.jpg,0.3,1.0,1,6862,41120,0,6862,47982,0,2
T10_d08_012_a_2_jpg.rf.6L1YekAyBA7OefGQm3g8.jpg,0.4,0.0,1,0,0,6862,6862,0,0,0
T10_d08_012_a_2_jpg.rf.6L1YekAyBA7OefGQm3g8.jpg,0.4,0.1,1,0,0,6862,6862,0,0,0
T10_d08_012_a_2_jpg.rf.6L1YekAyBA7OefGQm3g8.jpg,0.4,0.25,1,0,0,6862,6862,0,0,0
T10_d08_012_a_2_jpg.rf.6L1YekAyBA7OefGQm3g8.jpg,0.4,0.5,1,0,0,6862,6862,0,0,0
T10_d08_012_a_2_jpg.rf.6L1YekAyBA7OefGQm3g8.jpg,0.4,1.0,1,0,0,6862,6862,0,0,0
T10_d08_012_a_2_jpg.rf.6L1YekAyBA7OefGQm3g8.jpg,0.5,0.0,1,0,0,6862,6862,0,0,0
T10_d08_012_a_2_jpg.rf.6L1YekAyBA7OefGQm3g8.jpg,0.5,0.1,1,0,0,6862,6862,0,0,0
T10_d08_012_a_2_jpg.rf.6L1YekAyBA7OefGQm3g8.jpg,0.5,0.25,1,0,0,6862,6862,0,0,0
T10_d08_012_a_2_jpg.rf.6L1YekAyBA7OefGQm3g8.jpg,0.5,0.5,1,0,0,6862,6862,0,0,0
T10_d08_012_a_2_jpg.rf.6L1YekAyBA7OefGQm3g8.jpg,0.5,1.0,1,0,0,6862,6862,0,0,0
T10_d08_033_b_2_jpg.rf.EZ6UV1YRm6GXosBkAaak.jpg,0.15,0.0,1,16098,325,643,16741,16423,1,1
T10_d08_033_b_2_jpg.rf.EZ6UV1YRm6GXosBkAaak.jpg,0.15,0.1,1,16098,325,643,16741,16423,1,1
T10_d08_033_b_2_jpg.rf.EZ6UV1YRm6GXosBkAaak.jpg,0.15,0.25,1,16098,325,643,16741,16423,1,1
T10_d08_033_b_2_jpg.rf.EZ6UV1YRm6GXosBkAaak.jpg,0.15,0.5,1,16098,325,643,16741,16423,1,1
T10_d08_033_b_2_jpg.rf.EZ6UV1YRm6GXosBkAaak.jpg,0.15,1.0,1,16098,325,643,16741,16423,1,1
T10_d08_033_b_2_jpg.rf.EZ6UV1YRm6GXosBkAaak.jpg,0.2,0.0,1,16098,325,643,16741,16423,1,1
T10_d08_033_b_2_jpg.rf.EZ6UV1YRm6GXosBkAaak.jpg,0.2,0.1,1,16098,325,643,16741,16423,1,1
T10_d08_033_b_2_jpg.rf.EZ6UV1YRm6GXosBkAaak.jpg,0.2,0.25,1,16098,325,643,16741,16423,1,1
T10_d08_033_b_2_jpg.rf.EZ6UV1YRm6GXosBkAaak.jpg,0.2,0.5,1,16098,325,643,16741,16423,1,1
T10_d08_033_b_2_jpg.rf.EZ6UV1YRm6GXosBkAaak.jpg,0.2,1.0,1,16098,325,643,16741,16423,1,1
T10_d08_033_b_2_jpg.rf.EZ6UV1YRm6GXosBkAaak.jpg,0.25,0.0,1,16098,325,643,16741,16423,1,1
T10_d08_033_b_2_jpg.rf.EZ6UV1YRm6GXosBkAaak.jpg,0.25,0.1,1,16098,325,643,16741,16423,1,1
T10_d08_033_b_2_jpg.rf.EZ6UV1YRm6GXosBkAaak.jpg,0.25,0.25,1,16098,325,643,16741,16423,1,1
T10_d08_033_b_2_jpg.rf.EZ6UV1YRm6GXosBkAaak.jpg,0.25,0.5,1,16098,325,643,16741,16423,1,1
T10_d08_033_b_2_jpg.rf.EZ6UV1YRm6GXosBkAaak.jpg,0.25,1.0,1,16098,325,643,16741,16423,1,1
T10_d08_033_b_2_jpg.rf.EZ6UV1YRm6GXosBkAaak.jpg,0.3,0.0,1,16098,325,643,16741,16423,1,1
T10_d08_033_b_2_jpg.rf.EZ6UV1YRm6GXosBkAaak.jpg,0.3,0.1,1,16098,325,643,16741,16423,1,1
T10_d08_033_b_2_jpg.rf.EZ6UV1YRm6GXosBkAaak.jpg,0.3,0.25,1,16098,325,643,16741,16423,1,1
T10_d08_033_b_2_jpg.rf.EZ6UV1YRm6GXosBkAaak.jpg,0.3,0.5,1,16098,325,643,16741,16423,1,1
T10_d08_033_b_2_jpg.rf.EZ6UV1YRm6GXosBkAaak.jpg,0.3,1.0,1,16098,325,643,16741,16423,1,1
T10_d08_033_b_2_jpg.rf.EZ6UV1YRm6GXosBkAaak.jpg,0.4,0.0,1,16098,325,643,16741,16423,1,1
T10_d08_033_b_2_jpg.rf.EZ6UV1YRm6GXosBkAaak.jpg,0.4,0.1,1,16098,325,643,16741,16423,1,1
T10_d08_033_b_2_jpg.rf.EZ6UV1YRm6GXosBkAaak.jpg,0.4,0.25,1,16098,325,643,16741,16423,1,1
T10_d08_033_b_2_jpg.rf.EZ6UV1YRm6GXosBkAaak.jpg,0.4,0.5,1,16098,325,643,16741,16423,1,1
T10_d08_033_b_2_jpg.rf.EZ6UV1YRm6GXosBkAaak.jpg,0.4,1.0,1,16098,325,643,16741,16423,1,1
T10_d08_033_b_2_jpg.rf.EZ6UV1YRm6GXosBkAaak.jpg,0.5,0.0,1,16098,325,643,16741,16423,1,1
T10_d08_033_b_2_jpg.rf.EZ6UV1YRm6GXosBkAaak.jpg,0.5,0.1,1,16098,325,643,16741,16423,1,1
T10_d08_033_b_2_jpg.rf.EZ6UV1YRm6GXosBkAaak.jpg,0.5,0.25,1,16098,325,643,16741,16423,1,1
T10_d08_033_b_2_jpg.rf.EZ6UV1YRm6GXosBkAaak.jpg,0.5,0.5,1,16098,325,643,16741,16423,1,1
T10_d08_033_b_2_jpg.rf.EZ6UV1YRm6GXosBkAaak.jpg,0.5,1.0,1,16098,325,643,16741,16423,1,1
T10_d08_058_b_1_jpg.rf.DXvAyGiiowEDGLOKQZL0.jpg,0.15,0.0,0,1284,2371,1450,2734,3655,0,0
T10_d08_058_b_1_jpg.rf.DXvAyGiiowEDGLOKQZL0.jpg,0.15,0.1,0,1284,2371,1450,2734,3655,0,0
T10_d08_058_b_1_jpg.rf.DXvAyGiiowEDGLOKQZL0.jpg,0.15,0.25,0,1284,2371,1450,2734,3655,0,0
T10_d08_058_b_1_jpg.rf.DXvAyGiiowEDGLOKQZL0.jpg,0.15,0.5,0,1284,2371,1450,2734,3655,0,0
T10_d08_058_b_1_jpg.rf.DXvAyGiiowEDGLOKQZL0.jpg,0.15,1.0,1,1284,2371,1450,2734,3655,0,0
T10_d08_058_b_1_jpg.rf.DXvAyGiiowEDGLOKQZL0.jpg,0.2,0.0,1,0,0,2734,2734,0,0,0
T10_d08_058_b_1_jpg.rf.DXvAyGiiowEDGLOKQZL0.jpg,0.2,0.1,1,0,0,2734,2734,0,0,0
T10_d08_058_b_1_jpg.rf.DXvAyGiiowEDGLOKQZL0.jpg,0.2,0.25,1,0,0,2734,2734,0,0,0
T10_d08_058_b_1_jpg.rf.DXvAyGiiowEDGLOKQZL0.jpg,0.2,0.5,1,0,0,2734,2734,0,0,0
T10_d08_058_b_1_jpg.rf.DXvAyGiiowEDGLOKQZL0.jpg,0.2,1.0,1,0,0,2734,2734,0,0,0
T10_d08_058_b_1_jpg.rf.DXvAyGiiowEDGLOKQZL0.jpg,0.25,0.0,1,0,0,2734,2734,0,0,0
T10_d08_058_b_1_jpg.rf.DXvAyGiiowEDGLOKQZL0.jpg,0.25,0.1,1,0,0,2734,2734,0,0,0
T10_d08_058_b_1_jpg.rf.DXvAyGiiowEDGLOKQZL0.jpg,0.25,0.25,1,0,0,2734,2734,0,0,0
T10_d08_058_b_1_jpg.rf.DXvAyGiiowEDGLOKQZL0.jpg,0.25,0.5,1,0,0,2734,2734,0,0,0
T10_d08_058_b_1_jpg.rf.DXvAyGiiowEDGLOKQZL0.jpg,0.25,1.0,1,0,0,2734,2734,0,0,0
T10_d08_058_b_1_jpg.rf.DXvAyGiiowEDGLOKQZL0.jpg,0.3,0.0,1,0,0,2734,2734,0,0,0
T10_d08_058_b_1_jpg.rf.DXvAyGiiowEDGLOKQZL0.jpg,0.3,0.1,1,0,0,2734,2734,0,0,0
T10_d08_058_b_1_jpg.rf.DXvAyGiiowEDGLOKQZL0.jpg,0.3,0.25,1,0,0,2734,2734,0,0,0
T10_d08_058_b_1_jpg.rf.DXvAyGiiowEDGLOKQZL0.jpg,0.3,0.5,1,0,0,2734,2734,0,0,0
T10_d08_058_b_1_jpg.rf.DXvAyGiiowEDGLOKQZL0.jpg,0.3,1.0,1,0,0,2734,2734,0,0,0
T10_d08_058_b_1_jpg.rf.DXvAyGiiowEDGLOKQZL0.jpg,0.4,0.0,1,0,0,2734,2734,0,0,0
T10_d08_058_b_1_jpg.rf.DXvAyGiiowEDGLOKQZL0.jpg,0.4,0.1,1,0,0,2734,2734,0,0,0
T10_d08_058_b_1_jpg.rf.DXvAyGiiowEDGLOKQZL0.jpg,0.4,0.25,1,0,0,2734,2734,0,0,0
T10_d08_058_b_1_jpg.rf.DXvAyGiiowEDGLOKQZL0.jpg,0.4,0.5,1,0,0,2734,2734,0,0,0
T10_d08_058_b_1_jpg.rf.DXvAyGiiowEDGLOKQZL0.jpg,0.4,1.0,1,0,0,2734,2734,0,0,0
T10_d08_058_b_1_jpg.rf.DXvAyGiiowEDGLOKQZL0.jpg,0.5,0.0,1,0,0,2734,2734,0,0,0
T10_d08_058_b_1_jpg.rf.DXvAyGiiowEDGLOKQZL0.jpg,0.5,0.1,1,0,0,2734,2734,0,0,0
T10_d08_058_b_1_jpg.rf.DXvAyGiiowEDGLOKQZL0.jpg,0.5,0.25,1,0,0,2734,2734,0,0,0
T10_d08_058_b_1_jpg.rf.DXvAyGiiowEDGLOKQZL0.jpg,0.5,0.5,1,0,0,2734,2734,0,0,0
T10_d08_058_b_1_jpg.rf.DXvAyGiiowEDGLOKQZL0.jpg,0.5,1.0,1,0,0,2734,2734,0,0,0
T10_d08_065_a_4_jpg.rf.Ci5s3mLzJN0tltkDADmU.jpg,0.15,0.0,1,0,0,0,0,0,0,0
T10_d08_065_a_4_jpg.rf.Ci5s3mLzJN0tltkDADmU.jpg,0.15,0.1,1,0,0,0,0,0,0,0
T10_d08_065_a_4_jpg.rf.Ci5s3mLzJN0tltkDADmU.jpg,0.15,0.25,1,0,0,0,0,0,0,0
T10_d08_065_a_4_jpg.rf.Ci5s3mLzJN0tltkDADmU.jpg,0.15,0.5,1,0,0,0,0,0,0,0
T10_d08_065_a_4_jpg.rf.Ci5s3mLzJN0tltkDADmU.jpg,0.15,1.0,1,0,0,0,0,0,0,0
T10_d08_065_a_4_jpg.rf.Ci5s3mLzJN0tltkDADmU.jpg,0.2,0.0,1,0,0,0,0,0,0,0
T10_d08_065_a_4_jpg.rf.Ci5s3mLzJN0tltkDADmU.jpg,0.2,0.1,1,0,0,0,0,0,0,0
T10_d08_065_a_4_jpg.rf.Ci5s3mLzJN0tltkDADmU.jpg,0.2,0.25,1,0,0,0,0,0,0,0
T10_d08_065_a_4_jpg.rf.Ci5s3mLzJN0tltkDADmU.jpg,0.2,0.5,1,0,0,0,0,0,0,0
T10_d08_065_a_4_jpg.rf.Ci5s3mLzJN0tltkDADmU.jpg,0.2,1.0,1,0,0,0,0,0,0,0
T10_d08_065_a_4_jpg.rf.Ci5s3mLzJN0tltkDADmU.jpg,0.25,0.0,1,0,0,0,0,0,0,0
T10_d08_065_a_4_jpg.rf.Ci5s3mLzJN0tltkDADmU.jpg,0.25,0.1,1,0,0,0,0,0,0,0
T10_d08_065_a_4_jpg.rf.Ci5s3mLzJN0tltkDADmU.jpg,0.25,0.25,1,0,0,0,0,0,0,0
T10_d08_065_a_4_jpg.rf.Ci5s3mLzJN0tltkDADmU.jpg,0.25,0.5,1,0,0,0,0,0,0,0
T10_d08_065_a_4_jpg.rf.Ci5s3mLzJN0tltkDADmU.jpg,0.25,1.0,1,0,0,0,0,0,0,0
T10_d08_065_a_4_jpg.rf.Ci5s3mLzJN0tltkDADmU.jpg,0.3,0.0,1,0,0,0,0,0,0,0
T10_d08_065_a_4_jpg.rf.Ci5s3mLzJN0tltkDADmU.jpg,0.3,0.1,1,0,0,0,0,0,0,0
T10_d08_065_a_4_jpg.rf.Ci5s3mLzJN0tltkDADmU.jpg,0.3,0.25,1,0,0,0,0,0,0,0
T10_d08_065_a_4_jpg.rf.Ci5s3mLzJN0tltkDADmU.jpg,0.3,0.5,1,0,0,0,0,0,0,0
T10_d08_065_a_4_jpg.rf.Ci5s3mLzJN0tltkDADmU.jpg,0.3,1.0,1,0,0,0,0,0,0,0
T10_d08_065_a_4_jpg.rf.Ci5s3mLzJN0tltkDADmU.jpg,0.4,0.0,1,0,0,0,0,0,0,0
T10_d08_065_a_4_jpg.rf.Ci5s3mLzJN0tltkDADmU.jpg,0.4,0.1,1,0,0,0,0,0,0,0
T10_d08_065_a_4_jpg.rf.Ci5s3mLzJN0tltkDADmU.jpg,0.4,0.25,1,0,0,0,0,0,0,0
T10_d08_065_a_4_jpg.rf.Ci5s3mLzJN0tltkDADmU.jpg,0.4,0.5,1,0,0,0,0,0,0,0
T10_d08_065_a_4_jpg.rf.Ci5s3mLzJN0tltkDADmU.jpg,0.4,1.0,1,0,0,0,0,0,0,0
T10_d08_065_a_4_jpg.rf.Ci5s3mLzJN0tltkDADmU.jpg,0.5,0.0,1,0,0,0,0,0,0,0
T10_d08_065_a_4_jpg.rf.Ci5s3mLzJN0tltkDADmU.jpg,0.5,0.1,1,0,0,0,0,0,0,0
T10_d08_065_a_4_jpg.rf.Ci5s3mLzJN0tltkDADmU.jpg,0.5,0.25,1,0,0,0,0,0,0,0
T10_d08_065_a_4_jpg.rf.Ci5s3mLzJN0tltkDADmU.jpg,0.5,0.5,1,0,0,0,0,0,0,0
T10_d08_065_a_4_jpg.rf.Ci5s3mLzJN0tltkDADmU.jpg,0.5,1.0,1,0,0,0,0,0,0,0
T10_d08_087_b_2_jpg.rf.hvVRQOR4Yp76SH6XFMW4.jpg,0.15,0.0,1,0,0,32323,32323,0,2,0
T10_d08_087_b_2_jpg.rf.hvVRQOR4Yp76SH6XFMW4.jpg,0.15,0.1,1,0,0,32323,32323,0,2,0
T10_d08_087_b_2_jpg.rf.hvVRQOR4Yp76SH6XFMW4.jpg,0.15,0.25,1,0,0,32323,32323,0,2,0
T10_d08_087_b_2_jpg.rf.hvVRQOR4Yp76SH6XFMW4.jpg,0.15,0.5,1,0,0,32323,32323,0,2,0
T10_d08_087_b_2_jpg.rf.hvVRQOR4Yp76SH6XFMW4.jpg,0.15,1.0,1,0,0,32323,32323,0,2,0
T10_d08_087_b_2_jpg.rf.hvVRQOR4Yp76SH6XFMW4.jpg,0.2,0.0,1,0,0,32323,32323,0,2,0
T10_d08_087_b_2_jpg.rf.hvVRQOR4Yp76SH6XFMW4.jpg,0.2,0.1,1,0,0,32323,32323,0,2,0
T10_d08_087_b_2_jpg.rf.hvVRQOR4Yp76SH6XFMW4.jpg,0.2,0.25,1,0,0,32323,32323,0,2,0
T10_d08_087_b_2_jpg.rf.hvVRQOR4Yp76SH6XFMW4.jpg,0.2,0.5,1,0,0,32323,32323,0,2,0
T10_d08_087_b_2_jpg.rf.hvVRQOR4Yp76SH6XFMW4.jpg,0.2,1.0,1,0,0,32323,32323,0,2,0
T10_d08_087_b_2_jpg.rf.hvVRQOR4Yp76SH6XFMW4.jpg,0.25,0.0,1,0,0,32323,32323,0,2,0
T10_d08_087_b_2_jpg.rf.hvVRQOR4Yp76SH6XFMW4.jpg,0.25,0.1,1,0,0,32323,32323,0,2,0
T10_d08_087_b_2_jpg.rf.hvVRQOR4Yp76SH6XFMW4.jpg,0.25,0.25,1,0,0,32323,32323,0,2,0
T10_d08_087_b_2_jpg.rf.hvVRQOR4Yp76SH6XFMW4.jpg,0.25,0.5,1,0,0,32323,32323,0,2,0
T10_d08_087_b_2_jpg.rf.hvVRQOR4Yp76SH6XFMW4.jpg,0.25,1.0,1,0,0,32323,32323,0,2,0
T10_d08_087_b_2_jpg.rf.hvVRQOR4Yp76SH6XFMW4.jpg,0.3,0.0,1,0,0,32323,32323,0,2,0
T10_d08_087_b_2_jpg.rf.hvVRQOR4Yp76SH6XFMW4.jpg,0.3,0.1,1,0,0,32323,32323,0,2,0
T10_d08_087_b_2_jpg.rf.hvVRQOR4Yp76SH6XFMW4.jpg,0.3,0.25,1,0,0,32323,32323,0,2,0
T10_d08_087_b_2_jpg.rf.hvVRQOR4Yp76SH6XFMW4.jpg,0.3,0.5,1,0,0,32323,32323,0,2,0
T10_d08_087_b_2_jpg.rf.hvVRQOR4Yp76SH6XFMW4.jpg,0.3,1.0,1,0,0,32323,32323,0,2,0
T10_d08_087_b_2_jpg.rf.hvVRQOR4Yp76SH6XFMW4.jpg,0.4,0.0,1,0,0,32323,32323,0,2,0
T10_d08_087_b_2_jpg.rf.hvVRQOR4Yp76SH6XFMW4.jpg,0.4,0.1,1,0,0,32323,32323,0,2,0
T10_d08_087_b_2_jpg.rf.hvVRQOR4Yp76SH6XFMW4.jpg,0.4,0.25,1,0,0,32323,32323,0,2,0
T10_d08_087_b_2_jpg.rf.hvVRQOR4Yp76SH6XFMW4.jpg,0.4,0.5,1,0,0,32323,32323,0,2,0
T10_d08_087_b_2_jpg.rf.hvVRQOR4Yp76SH6XFMW4.jpg,0.4,1.0,1,0,0,32323,32323,0,2,0
T10_d08_087_b_2_jpg.rf.hvVRQOR4Yp76SH6XFMW4.jpg,0.5,0.0,1,0,0,32323,32323,0,2,0
T10_d08_087_b_2_jpg.rf.hvVRQOR4Yp76SH6XFMW4.jpg,0.5,0.1,1,0,0,32323,32323,0,2,0
T10_d08_087_b_2_jpg.rf.hvVRQOR4Yp76SH6XFMW4.jpg,0.5,0.25,1,0,0,32323,32323,0,2,0
T10_d08_087_b_2_jpg.rf.hvVRQOR4Yp76SH6XFMW4.jpg,0.5,0.5,1,0,0,32323,32323,0,2,0
T10_d08_087_b_2_jpg.rf.hvVRQOR4Yp76SH6XFMW4.jpg,0.5,1.0,1,0,0,32323,32323,0,2,0
T10_d08_186_b_2_jpg.rf.FgIWDUl2BJY810QQHFpq.jpg,0.15,0.0,0,4532,666,804,5336,5198,0,0
T10_d08_186_b_2_jpg.rf.FgIWDUl2BJY810QQHFpq.jpg,0.15,0.1,0,4532,666,804,5336,5198,0,0
T10_d08_186_b_2_jpg.rf.FgIWDUl2BJY810QQHFpq.jpg,0.15,0.25,0,4532,666,804,5336,5198,0,0
T10_d08_186_b_2_jpg.rf.FgIWDUl2BJY810QQHFpq.jpg,0.15,0.5,0,4532,666,804,5336,5198,0,0
T10_d08_186_b_2_jpg.rf.FgIWDUl2BJY810QQHFpq.jpg,0.15,1.0,1,4532,666,804,5336,5198,0,0
T10_d08_186_b_2_jpg.rf.FgIWDUl2BJY810QQHFpq.jpg,0.2,0.0,0,4532,666,804,5336,5198,0,0
T10_d08_186_b_2_jpg.rf.FgIWDUl2BJY810QQHFpq.jpg,0.2,0.1,0,4532,666,804,5336,5198,0,0
T10_d08_186_b_2_jpg.rf.FgIWDUl2BJY810QQHFpq.jpg,0.2,0.25,0,4532,666,804,5336,5198,0,0
T10_d08_186_b_2_jpg.rf.FgIWDUl2BJY810QQHFpq.jpg,0.2,0.5,0,4532,666,804,5336,5198,0,0
T10_d08_186_b_2_jpg.rf.FgIWDUl2BJY810QQHFpq.jpg,0.2,1.0,1,4532,666,804,5336,5198,0,0
T10_d08_186_b_2_jpg.rf.FgIWDUl2BJY810QQHFpq.jpg,0.25,0.0,0,4532,666,804,5336,5198,0,0
T10_d08_186_b_2_jpg.rf.FgIWDUl2BJY810QQHFpq.jpg,0.25,0.1,0,4532,666,804,5336,5198,0,0
T10_d08_186_b_2_jpg.rf.FgIWDUl2BJY810QQHFpq.jpg,0.25,0.25,0,4532,666,804,5336,5198,0,0
T10_d08_186_b_2_jpg.rf.FgIWDUl2BJY810QQHFpq.jpg,0.25,0.5,0,4532,666,804,5336,5198,0,0
T10_d08_186_b_2_jpg.rf.FgIWDUl2BJY810QQHFpq.jpg,0.25,1.0,1,4532,666,804,5336,5198,0,0
T10_d08_186_b_2_jpg.rf.FgIWDUl2BJY810QQHFpq.jpg,0.3,0.0,0,4532,666,804,5336,5198,0,0
T10_d08_186_b_2_jpg.rf.FgIWDUl2BJY810QQHFpq.jpg,0.3,0.1,0,4532,666,804,5336,5198,0,0
T10_d08_186_b_2_jpg.rf.FgIWDUl2BJY810QQHFpq.jpg,0.3,0.25,0,4532,666,804,5336,5198,0,0
T10_d08_186_b_2_jpg.rf.FgIWDUl2BJY810QQHFpq.jpg,0.3,0.5,0,4532,666,804,5336,5198,0,0
T10_d08_186_b_2_jpg.rf.FgIWDUl2BJY810QQHFpq.jpg,0.3,1.0,1,4532,666,804,5336,5198,0,0
T10_d08_186_b_2_jpg.rf.FgIWDUl2BJY810QQHFpq.jpg,0.4,0.0,1,0,0,5336,5336,0,0,0
T10_d08_186_b_2_jpg.rf.FgIWDUl2BJY810QQHFpq.jpg,0.4,0.1,1,0,0,5336,5336,0,0,0
T10_d08_186_b_2_jpg.rf.FgIWDUl2BJY810QQHFpq.jpg,0.4,0.25,1,0,0,5336,5336,0,0,0
T10_d08_186_b_2_jpg.rf.FgIWDUl2BJY810QQHFpq.jpg,0.4,0.5,1,0,0,5336,5336,0,0,0
T10_d08_186_b_2_jpg.rf.FgIWDUl2BJY810QQHFpq.jpg,0.4,1.0,1,0,0,5336,5336,0,0,0
T10_d08_186_b_2_jpg.rf.FgIWDUl2BJY810QQHFpq.jpg,0.5,0.0,1,0,0,5336,5336,0,0,0
T10_d08_186_b_2_jpg.rf.FgIWDUl2BJY810QQHFpq.jpg,0.5,0.1,1,0,0,5336,5336,0,0,0
T10_d08_186_b_2_jpg.rf.FgIWDUl2BJY810QQHFpq.jpg,0.5,0.25,1,0,0,5336,5336,0,0,0
T10_d08_186_b_2_jpg.rf.FgIWDUl2BJY810QQHFpq.jpg,0.5,0.5,1,0,0,5336,5336,0,0,0
T10_d08_186_b_2_jpg.rf.FgIWDUl2BJY810QQHFpq.jpg,0.5,1.0,1,0,0,5336,5336,0,0,0
T10_d08_253_b_2_jpg.rf.S9WYE9qZlXG06oz0WtfA.jpg,0.15,0.0,1,0,0,0,0,0,0,0
T10_d08_253_b_2_jpg.rf.S9WYE9qZlXG06oz0WtfA.jpg,0.15,0.1,1,0,0,0,0,0,0,0
T10_d08_253_b_2_jpg.rf.S9WYE9qZlXG06oz0WtfA.jpg,0.15,0.25,1,0,0,0,0,0,0,0
T10_d08_253_b_2_jpg.rf.S9WYE9qZlXG06oz0WtfA.jpg,0.15,0.5,1,0,0,0,0,0,0,0
T10_d08_253_b_2_jpg.rf.S9WYE9qZlXG06oz0WtfA.jpg,0.15,1.0,1,0,0,0,0,0,0,0
T10_d08_253_b_2_jpg.rf.S9WYE9qZlXG06oz0WtfA.jpg,0.2,0.0,1,0,0,0,0,0,0,0
T10_d08_253_b_2_jpg.rf.S9WYE9qZlXG06oz0WtfA.jpg,0.2,0.1,1,0,0,0,0,0,0,0
T10_d08_253_b_2_jpg.rf.S9WYE9qZlXG06oz0WtfA.jpg,0.2,0.25,1,0,0,0,0,0,0,0
T10_d08_253_b_2_jpg.rf.S9WYE9qZlXG06oz0WtfA.jpg,0.2,0.5,1,0,0,0,0,0,0,0
T10_d08_253_b_2_jpg.rf.S9WYE9qZlXG06oz0WtfA.jpg,0.2,1.0,1,0,0,0,0,0,0,0
T10_d08_253_b_2_jpg.rf.S9WYE9qZlXG06oz0WtfA.jpg,0.25,0.0,1,0,0,0,0,0,0,0
T10_d08_253_b_2_jpg.rf.S9WYE9qZlXG06oz0WtfA.jpg,0.25,0.1,1,0,0,0,0,0,0,0
T10_d08_253_b_2_jpg.rf.S9WYE9qZlXG06oz0WtfA.jpg,0.25,0.25,1,0,0,0,0,0,0,0
T10_d08_253_b_2_jpg.rf.S9WYE9qZlXG06oz0WtfA.jpg,0.25,0.5,1,0,0,0,0,0,0,0
T10_d08_253_b_2_jpg.rf.S9WYE9qZlXG06oz0WtfA.jpg,0.25,1.0,1,0,0,0,0,0,0,0
T10_d08_253_b_2_jpg.rf.S9WYE9qZlXG06oz0WtfA.jpg,0.3,0.0,1,0,0,0,0,0,0,0
T10_d08_253_b_2_jpg.rf.S9WYE9qZlXG06oz0WtfA.jpg,0.3,0.1,1,0,0,0,0,0,0,0
T10_d08_253_b_2_jpg.rf.S9WYE9qZlXG06oz0WtfA.jpg,0.3,0.25,1,0,0,0,0,0,0,0
T10_d08_253_b_2_jpg.rf.S9WYE9qZlXG06oz0WtfA.jpg,0.3,0.5,1,0,0,0,0,0,0,0
T10_d08_253_b_2_jpg.rf.S9WYE9qZlXG06oz0WtfA.jpg,0.3,1.0,1,0,0,0,0,0,0,0
T10_d08_253_b_2_jpg.rf.S9WYE9qZlXG06oz0WtfA.jpg,0.4,0.0,1,0,0,0,0,0,0,0
T10_d08_253_b_2_jpg.rf.S9WYE9qZlXG06oz0WtfA.jpg,0.4,0.1,1,0,0,0,0,0,0,0
T10_d08_253_b_2_jpg.rf.S9WYE9qZlXG06oz0WtfA.jpg,0.4,0.25,1,0,0,0,0,0,0,0
T10_d08_253_b_2_jpg.rf.S9WYE9qZlXG06oz0WtfA.jpg,0.4,0.5,1,0,0,0,0,0,0,0
T10_d08_253_b_2_jpg.rf.S9WYE9qZlXG06oz0WtfA.jpg,0.4,1.0,1,0,0,0,0,0,0,0
T10_d08_253_b_2_jpg.rf.S9WYE9qZlXG06oz0WtfA.jpg,0.5,0.0,1,0,0,0,0,0,0,0
T10_d08_253_b_2_jpg.rf.S9WYE9qZlXG06oz0WtfA.jpg,0.5,0.1,1,0,0,0,0,0,0,0
T10_d08_253_b_2_jpg.rf.S9WYE9qZlXG06oz0WtfA.jpg,0.5,0.25,1,0,0,0,0,0,0,0
T10_d08_253_b_2_jpg.rf.S9WYE9qZlXG06oz0WtfA.jpg,0.5,0.5,1,0,0,0,0,0,0,0
T10_d08_253_b_2_jpg.rf.S9WYE9qZlXG06oz0WtfA.jpg,0.5,1.0,1,0,0,0,0,0,0,0
T10_d08_254_b_2_jpg.rf.6fU9CDrjvMQEAakshNmy.jpg,0.15,0.0,0,48954,23783,7027,55981,72737,2,2
T10_d08_254_b_2_jpg.rf.6fU9CDrjvMQEAakshNmy.jpg,0.15,0.1,0,48954,23783,7027,55981,72737,2,2
T10_d08_254_b_2_jpg.rf.6fU9CDrjvMQEAakshNmy.jpg,0.15,0.25,0,48954,23783,7027,55981,72737,2,2
T10_d08_254_b_2_jpg.rf.6fU9CDrjvMQEAakshNmy.jpg,0.15,0.5,0,48954,23783,7027,55981,72737,2,2
T10_d08_254_b_2_jpg.rf.6fU9CDrjvMQEAakshNmy.jpg,0.15,1.0,0,48954,23783,7027,55981,72737,2,2
T10_d08_254_b_2_jpg.rf.6fU9CDrjvMQEAakshNmy.jpg,0.2,0.0,0,48490,5932,7491,55981,54422,2,2
T10_d08_254_b_2_jpg.rf.6fU9CDrjvMQEAakshNmy.jpg,0.2,0.1,0,48490,5932,7491,55981,54422,2,2
T10_d08_254_b_2_jpg.rf.6fU9CDrjvMQEAakshNmy.jpg,0.2,0.25,0,48490,5932,7491,55981,54422,2,2
T10_d08_254_b_2_jpg.rf.6fU9CDrjvMQEAakshNmy.jpg,0.2,0.5,0,48490,5932,7491,55981,54422,2,2
T10_d08_254_b_2_jpg.rf.6fU9CDrjvMQEAakshNmy.jpg,0.2,1.0,1,48490,5932,7491,55981,54422,2,2
T10_d08_254_b_2_jpg.rf.6fU9CDrjvMQEAakshNmy.jpg,0.25,0.0,0,48490,5932,7491,55981,54422,2,2
T10_d08_254_b_2_jpg.rf.6fU9CDrjvMQEAakshNmy.jpg,0.25,0.1,0,48490,5932,7491,55981,54422,2,2
T10_d08_254_b_2_jpg.rf.6fU9CDrjvMQEAakshNmy.jpg,0.25,0.25,0,48490,5932,7491,55981,54422,2,2
T10_d08_254_b_2_jpg.rf.6fU9CDrjvMQEAakshNmy.jpg,0.25,0.5,0,48490,5932,7491,55981,54422,2,2
T10_d08_254_b_2_jpg.rf.6fU9CDrjvMQEAakshNmy.jpg,0.25,1.0,1,48490,5932,7491,55981,54422,2,2
T10_d08_254_b_2_jpg.rf.6fU9CDrjvMQEAakshNmy.jpg,0.3,0.0,0,48490,5932,7491,55981,54422,2,2
T10_d08_254_b_2_jpg.rf.6fU9CDrjvMQEAakshNmy.jpg,0.3,0.1,0,48490,5932,7491,55981,54422,2,2
T10_d08_254_b_2_jpg.rf.6fU9CDrjvMQEAakshNmy.jpg,0.3,0.25,0,48490,5932,7491,55981,54422,2,2
T10_d08_254_b_2_jpg.rf.6fU9CDrjvMQEAakshNmy.jpg,0.3,0.5,0,48490,5932,7491,55981,54422,2,2
T10_d08_254_b_2_jpg.rf.6fU9CDrjvMQEAakshNmy.jpg,0.3,1.0,1,48490,5932,7491,55981,54422,2,2
T10_d08_254_b_2_jpg.rf.6fU9CDrjvMQEAakshNmy.jpg,0.4,0.0,0,39500,717,16481,55981,40217,2,2
T10_d08_254_b_2_jpg.rf.6fU9CDrjvMQEAakshNmy.jpg,0.4,0.1,0,39500,717,16481,55981,40217,2,2
T10_d08_254_b_2_jpg.rf.6fU9CDrjvMQEAakshNmy.jpg,0.4,0.25,0,39500,717,16481,55981,40217,2,2
T10_d08_254_b_2_jpg.rf.6fU9CDrjvMQEAakshNmy.jpg,0.4,0.5,0,39500,717,16481,55981,40217,2,2
T10_d08_254_b_2_jpg.rf.6fU9CDrjvMQEAakshNmy.jpg,0.4,1.0,1,39500,717,16481,55981,40217,2,2
T10_d08_254_b_2_jpg.rf.6fU9CDrjvMQEAakshNmy.jpg,0.5,0.0,1,0,0,55981,55981,0,2,0
T10_d08_254_b_2_jpg.rf.6fU9CDrjvMQEAakshNmy.jpg,0.5,0.1,1,0,0,55981,55981,0,2,0
T10_d08_254_b_2_jpg.rf.6fU9CDrjvMQEAakshNmy.jpg,0.5,0.25,1,0,0,55981,55981,0,2,0
T10_d08_254_b_2_jpg.rf.6fU9CDrjvMQEAakshNmy.jpg,0.5,0.5,1,0,0,55981,55981,0,2,0
T10_d08_254_b_2_jpg.rf.6fU9CDrjvMQEAakshNmy.jpg,0.5,1.0,1,0,0,55981,55981,0,2,0
T10_d08_292_a_1_jpg.rf.tBp1axklScnTXaxfMb1c.jpg,0.15,0.0,0,8621,382,496,9117,9003,1,1
T10_d08_292_a_1_jpg.rf.tBp1axklScnTXaxfMb1c.jpg,0.15,0.1,0,8621,382,496,9117,9003,1,1
T10_d08_292_a_1_jpg.rf.tBp1axklScnTXaxfMb1c.jpg,0.15,0.25,0,8621,382,496,9117,9003,1,1
T10_d08_292_a_1_jpg.rf.tBp1axklScnTXaxfMb1c.jpg,0.15,0.5,1,8621,382,496,9117,9003,1,1
T10_d08_292_a_1_jpg.rf.tBp1axklScnTXaxfMb1c.jpg,0.15,1.0,1,8621,382,496,9117,9003,1,1
T10_d08_292_a_1_jpg.rf.tBp1axklScnTXaxfMb1c.jpg,0.2,0.0,0,8621,382,496,9117,9003,1,1
T10_d08_292_a_1_jpg.rf.tBp1axklScnTXaxfMb1c.jpg,0.2,0.1,0,8621,382,496,9117,9003,1,1
T10_d08_292_a_1_jpg.rf.tBp1axklScnTXaxfMb1c.jpg,0.2,0.25,0,8621,382,496,9117,9003,1,1
T10_d08_292_a_1_jpg.rf.tBp1axklScnTXaxfMb1c.jpg,0.2,0.5,1,8621,382,496,9117,9003,1,1
T10_d08_292_a_1_jpg.rf.tBp1axklScnTXaxfMb1c.jpg,0.2,1.0,1,8621,382,496,9117,9003,1,1
T10_d08_292_a_1_jpg.rf.tBp1axklScnTXaxfMb1c.jpg,0.25,0.0,1,5122,155,3995,9117,5277,1,0
T10_d08_292_a_1_jpg.rf.tBp1axklScnTXaxfMb1c.jpg,0.25,0.1,1,5122,155,3995,9117,5277,1,0
T10_d08_292_a_1_jpg.rf.tBp1axklScnTXaxfMb1c.jpg,0.25,0.25,1,5122,155,3995,9117,5277,1,0
T10_d08_292_a_1_jpg.rf.tBp1axklScnTXaxfMb1c.jpg,0.25,0.5,1,5122,155,3995,9117,5277,1,0
T10_d08_292_a_1_jpg.rf.tBp1axklScnTXaxfMb1c.jpg,0.25,1.0,1,5122,155,3995,9117,5277,1,0
T10_d08_292_a_1_jpg.rf.tBp1axklScnTXaxfMb1c.jpg,0.3,0.0,1,5122,155,3995,9117,5277,1,0
T10_d08_292_a_1_jpg.rf.tBp1axklScnTXaxfMb1c.jpg,0.3,0.1,1,5122,155,3995,9117,5277,1,0
T10_d08_292_a_1_jpg.rf.tBp1axklScnTXaxfMb1c.jpg,0.3,0.25,1,5122,155,3995,9117,5277,1,0
T10_d08_292_a_1_jpg.rf.tBp1axklScnTXaxfMb1c.jpg,0.3,0.5,1,5122,155,3995,9117,5277,1,0
T10_d08_292_a_1_jpg.rf.tBp1axklScnTXaxfMb1c.jpg,0.3,1.0,1,5122,155,3995,9117,5277,1,0
T10_d08_292_a_1_jpg.rf.tBp1axklScnTXaxfMb1c.jpg,0.4,0.0,1,5122,155,3995,9117,5277,1,0
T10_d08_292_a_1_jpg.rf.tBp1axklScnTXaxfMb1c.jpg,0.4,0.1,1,5122,155,3995,9117,5277,1,0
T10_d08_292_a_1_jpg.rf.tBp1axklScnTXaxfMb1c.jpg,0.4,0.25,1,5122,155,3995,9117,5277,1,0
T10_d08_292_a_1_jpg.rf.tBp1axklScnTXaxfMb1c.jpg,0.4,0.5,1,5122,155,3995,9117,5277,1,0
T10_d08_292_a_1_jpg.rf.tBp1axklScnTXaxfMb1c.jpg,0.4,1.0,1,5122,155,3995,9117,5277,1,0
T10_d08_292_a_1_jpg.rf.tBp1axklScnTXaxfMb1c.jpg,0.5,0.0,1,5122,155,3995,9117,5277,1,0
T10_d08_292_a_1_jpg.rf.tBp1axklScnTXaxfMb1c.jpg,0.5,0.1,1,5122,155,3995,9117,5277,1,0
T10_d08_292_a_1_jpg.rf.tBp1axklScnTXaxfMb1c.jpg,0.5,0.25,1,5122,155,3995,9117,5277,1,0
T10_d08_292_a_1_jpg.rf.tBp1axklScnTXaxfMb1c.jpg,0.5,0.5,1,5122,155,3995,9117,5277,1,0
T10_d08_292_a_1_jpg.rf.tBp1axklScnTXaxfMb1c.jpg,0.5,1.0,1,5122,155,3995,9117,5277,1,0
T10_d08_353_a_2_jpg.rf.Ap3jZSMl00HR3Pn2n8nR.jpg,0.15,0.0,1,0,0,26648,26648,0,2,0
T10_d08_353_a_2_jpg.rf.Ap3jZSMl00HR3Pn2n8nR.jpg,0.15,0.1,1,0,0,26648,26648,0,2,0
T10_d08_353_a_2_jpg.rf.Ap3jZSMl00HR3Pn2n8nR.jpg,0.15,0.25,1,0,0,26648,26648,0,2,0
T10_d08_353_a_2_jpg.rf.Ap3jZSMl00HR3Pn2n8nR.jpg,0.15,0.5,1,0,0,26648,26648,0,2,0
T10_d08_353_a_2_jpg.rf.Ap3jZSMl00HR3Pn2n8nR.jpg,0.15,1.0,1,0,0,26648,26648,0,2,0
T10_d08_353_a_2_jpg.rf.Ap3jZSMl00HR3Pn2n8nR.jpg,0.2,0.0,1,0,0,26648,26648,0,2,0
T10_d08_353_a_2_jpg.rf.Ap3jZSMl00HR3Pn2n8nR.jpg,0.2,0.1,1,0,0,26648,26648,0,2,0
T10_d08_353_a_2_jpg.rf.Ap3jZSMl00HR3Pn2n8nR.jpg,0.2,0.25,1,0,0,26648,26648,0,2,0
T10_d08_353_a_2_jpg.rf.Ap3jZSMl00HR3Pn2n8nR.jpg,0.2,0.5,1,0,0,26648,26648,0,2,0
T10_d08_353_a_2_jpg.rf.Ap3jZSMl00HR3Pn2n8nR.jpg,0.2,1.0,1,0,0,26648,26648,0,2,0
T10_d08_353_a_2_jpg.rf.Ap3jZSMl00HR3Pn2n8nR.jpg,0.25,0.0,1,0,0,26648,26648,0,2,0
T10_d08_353_a_2_jpg.rf.Ap3jZSMl00HR3Pn2n8nR.jpg,0.25,0.1,1,0,0,26648,26648,0,2,0
T10_d08_353_a_2_jpg.rf.Ap3jZSMl00HR3Pn2n8nR.jpg,0.25,0.25,1,0,0,26648,26648,0,2,0
T10_d08_353_a_2_jpg.rf.Ap3jZSMl00HR3Pn2n8nR.jpg,0.25,0.5,1,0,0,26648,26648,0,2,0
T10_d08_353_a_2_jpg.rf.Ap3jZSMl00HR3Pn2n8nR.jpg,0.25,1.0,1,0,0,26648,26648,0,2,0
T10_d08_353_a_2_jpg.rf.Ap3jZSMl00HR3Pn2n8nR.jpg,0.3,0.0,1,0,0,26648,26648,0,2,0
T10_d08_353_a_2_jpg.rf.Ap3jZSMl00HR3Pn2n8nR.jpg,0.3,0.1,1,0,0,26648,26648,0,2,0
T10_d08_353_a_2_jpg.rf.Ap3jZSMl00HR3Pn2n8nR.jpg,0.3,0.25,1,0,0,26648,26648,0,2,0
T10_d08_353_a_2_jpg.rf.Ap3jZSMl00HR3Pn2n8nR.jpg,0.3,0.5,1,0,0,26648,26648,0,2,0
T10_d08_353_a_2_jpg.rf.Ap3jZSMl00HR3Pn2n8nR.jpg,0.3,1.0,1,0,0,26648,26648,0,2,0
T10_d08_353_a_2_jpg.rf.Ap3jZSMl00HR3Pn2n8nR.jpg,0.4,0.0,1,0,0,26648,26648,0,2,0
T10_d08_353_a_2_jpg.rf.Ap3jZSMl00HR3Pn2n8nR.jpg,0.4,0.1,1,0,0,26648,26648,0,2,0
T10_d08_353_a_2_jpg.rf.Ap3jZSMl00HR3Pn2n8nR.jpg,0.4,0.25,1,0,0,26648,26648,0,2,0
T10_d08_353_a_2_jpg.rf.Ap3jZSMl00HR3Pn2n8nR.jpg,0.4,0.5,1,0,0,26648,26648,0,2,0
T10_d08_353_a_2_jpg.rf.Ap3jZSMl00HR3Pn2n8nR.jpg,0.4,1.0,1,0,0,26648,26648,0,2,0
T10_d08_353_a_2_jpg.rf.Ap3jZSMl00HR3Pn2n8nR.jpg,0.5,0.0,1,0,0,26648,26648,0,2,0
T10_d08_353_a_2_jpg.rf.Ap3jZSMl00HR3Pn2n8nR.jpg,0.5,0.1,1,0,0,26648,26648,0,2,0
T10_d08_353_a_2_jpg.rf.Ap3jZSMl00HR3Pn2n8nR.jpg,0.5,0.25,1,0,0,26648,26648,0,2,0
T10_d08_353_a_2_jpg.rf.Ap3jZSMl00HR3Pn2n8nR.jpg,0.5,0.5,1,0,0,26648,26648,0,2,0
T10_d08_353_a_2_jpg.rf.Ap3jZSMl00HR3Pn2n8nR.jpg,0.5,1.0,1,0,0,26648,26648,0,2,0
T10_d08_450_a_2_jpg.rf.BW9FNDtXqDCjpsqppKfp.jpg,0.15,0.0,1,5759,165,207,5966,5924,0,0
T10_d08_450_a_2_jpg.rf.BW9FNDtXqDCjpsqppKfp.jpg,0.15,0.1,1,5759,165,207,5966,5924,0,0
T10_d08_450_a_2_jpg.rf.BW9FNDtXqDCjpsqppKfp.jpg,0.15,0.25,1,5759,165,207,5966,5924,0,0
T10_d08_450_a_2_jpg.rf.BW9FNDtXqDCjpsqppKfp.jpg,0.15,0.5,1,5759,165,207,5966,5924,0,0
T10_d08_450_a_2_jpg.rf.BW9FNDtXqDCjpsqppKfp.jpg,0.15,1.0,1,5759,165,207,5966,5924,0,0
T10_d08_450_a_2_jpg.rf.BW9FNDtXqDCjpsqppKfp.jpg,0.2,0.0,1,5759,165,207,5966,5924,0,0
T10_d08_450_a_2_jpg.rf.BW9FNDtXqDCjpsqppKfp.jpg,0.2,0.1,1,5759,165,207,5966,5924,0,0
T10_d08_450_a_2_jpg.rf.BW9FNDtXqDCjpsqppKfp.jpg,0.2,0.25,1,5759,165,207,5966,5924,0,0
T10_d08_450_a_2_jpg.rf.BW9FNDtXqDCjpsqppKfp.jpg,0.2,0.5,1,5759,165,207,5966,5924,0,0
T10_d08_450_a_2_jpg.rf.BW9FNDtXqDCjpsqppKfp.jpg,0.2,1.0,1,5759,165,207,5966,5924,0,0
T10_d08_450_a_2_jpg.rf.BW9FNDtXqDCjpsqppKfp.jpg,0.25,0.0,1,5759,165,207,5966,5924,0,0
T10_d08_450_a_2_jpg.rf.BW9FNDtXqDCjpsqppKfp.jpg,0.25,0.1,1,5759,165,207,5966,5924,0,0
T10_d08_450_a_2_jpg.rf.BW9FNDtXqDCjpsqppKfp.jpg,0.25,0.25,1,5759,165,207,5966,5924,0,0
T10_d08_450_a_2_jpg.rf.BW9FNDtXqDCjpsqppKfp.jpg,0.25,0.5,1,5759,165,207,5966,5924,0,0
T10_d08_450_a_2_jpg.rf.BW9FNDtXqDCjpsqppKfp.jpg,0.25,1.0,1,5759,165,207,5966,5924,0,0
T10_d08_450_a_2_jpg.rf.BW9FNDtXqDCjpsqppKfp.jpg,0.3,0.0,1,5759,165,207,5966,5924,0,0
T10_d08_450_a_2_jpg.rf.BW9FNDtXqDCjpsqppKfp.jpg,0.3,0.1,1,5759,165,207,5966,5924,0,0
T10_d08_450_a_2_jpg.rf.BW9FNDtXqDCjpsqppKfp.jpg,0.3,0.25,1,5759,165,207,5966,5924,0,0
T10_d08_450_a_2_jpg.rf.BW9FNDtXqDCjpsqppKfp.jpg,0.3,0.5,1,5759,165,207,5966,5924,0,0
T10_d08_450_a_2_jpg.rf.BW9FNDtXqDCjpsqppKfp.jpg,0.3,1.0,1,5759,165,207,5966,5924,0,0
T10_d08_450_a_2_jpg.rf.BW9FNDtXqDCjpsqppKfp.jpg,0.4,0.0,1,5759,165,207,5966,5924,0,0
T10_d08_450_a_2_jpg.rf.BW9FNDtXqDCjpsqppKfp.jpg,0.4,0.1,1,5759,165,207,5966,5924,0,0
T10_d08_450_a_2_jpg.rf.BW9FNDtXqDCjpsqppKfp.jpg,0.4,0.25,1,5759,165,207,5966,5924,0,0
T10_d08_450_a_2_jpg.rf.BW9FNDtXqDCjpsqppKfp.jpg,0.4,0.5,1,5759,165,207,5966,5924,0,0
T10_d08_450_a_2_jpg.rf.BW9FNDtXqDCjpsqppKfp.jpg,0.4,1.0,1,5759,165,207,5966,5924,0,0
T10_d08_450_a_2_jpg.rf.BW9FNDtXqDCjpsqppKfp.jpg,0.5,0.0,1,5759,165,207,5966,5924,0,0
T10_d08_450_a_2_jpg.rf.BW9FNDtXqDCjpsqppKfp.jpg,0.5,0.1,1,5759,165,207,5966,5924,0,0
T10_d08_450_a_2_jpg.rf.BW9FNDtXqDCjpsqppKfp.jpg,0.5,0.25,1,5759,165,207,5966,5924,0,0
T10_d08_450_a_2_jpg.rf.BW9FNDtXqDCjpsqppKfp.jpg,0.5,0.5,1,5759,165,207,5966,5924,0,0
T10_d08_450_a_2_jpg.rf.BW9FNDtXqDCjpsqppKfp.jpg,0.5,1.0,1,5759,165,207,5966,5924,0,0
T10_d08_452_a_1_jpg.rf.ukEshzSCUhsa6a6J2526.jpg,0.15,0.0,0,5678,2358,109,5787,8036,0,0
T10_d08_452_a_1_jpg.rf.ukEshzSCUhsa6a6J2526.jpg,0.15,0.1,0,5678,2358,109,5787,8036,0,0
T10_d08_452_a_1_jpg.rf.ukEshzSCUhsa6a6J2526.jpg,0.15,0.25,0,5678,2358,109,5787,8036,0,0
T10_d08_452_a_1_jpg.rf.ukEshzSCUhsa6a6J2526.jpg,0.15,0.5,0,5678,2358,109,5787,8036,0,0
T10_d08_452_a_1_jpg.rf.ukEshzSCUhsa6a6J2526.jpg,0.15,1.0,1,5678,2358,109,5787,8036,0,0
T10_d08_452_a_1_jpg.rf.ukEshzSCUhsa6a6J2526.jpg,0.2,0.0,0,5678,2358,109,5787,8036,0,0
T10_d08_452_a_1_jpg.rf.ukEshzSCUhsa6a6J2526.jpg,0.2,0.1,0,5678,2358,109,5787,8036,0,0
T10_d08_452_a_1_jpg.rf.ukEshzSCUhsa6a6J2526.jpg,0.2,0.25,0,5678,2358,109,5787,8036,0,0
T10_d08_452_a_1_jpg.rf.ukEshzSCUhsa6a6J2526.jpg,0.2,0.5,0,5678,2358,109,5787,8036,0,0
T10_d08_452_a_1_jpg.rf.ukEshzSCUhsa6a6J2526.jpg,0.2,1.0,1,5678,2358,109,5787,8036,0,0
T10_d08_452_a_1_jpg.rf.ukEshzSCUhsa6a6J2526.jpg,0.25,0.0,0,5678,2358,109,5787,8036,0,0
T10_d08_452_a_1_jpg.rf.ukEshzSCUhsa6a6J2526.jpg,0.25,0.1,0,5678,2358,109,5787,8036,0,0
T10_d08_452_a_1_jpg.rf.ukEshzSCUhsa6a6J2526.jpg,0.25,0.25,0,5678,2358,109,5787,8036,0,0
T10_d08_452_a_1_jpg.rf.ukEshzSCUhsa6a6J2526.jpg,0.25,0.5,0,5678,2358,109,5787,8036,0,0
T10_d08_452_a_1_jpg.rf.ukEshzSCUhsa6a6J2526.jpg,0.25,1.0,1,5678,2358,109,5787,8036,0,0
T10_d08_452_a_1_jpg.rf.ukEshzSCUhsa6a6J2526.jpg,0.3,0.0,1,0,0,5787,5787,0,0,0
T10_d08_452_a_1_jpg.rf.ukEshzSCUhsa6a6J2526.jpg,0.3,0.1,1,0,0,5787,5787,0,0,0
T10_d08_452_a_1_jpg.rf.ukEshzSCUhsa6a6J2526.jpg,0.3,0.25,1,0,0,5787,5787,0,0,0
T10_d08_452_a_1_jpg.rf.ukEshzSCUhsa6a6J2526.jpg,0.3,0.5,1,0,0,5787,5787,0,0,0
T10_d08_452_a_1_jpg.rf.ukEshzSCUhsa6a6J2526.jpg,0.3,1.0,1,0,0,5787,5787,0,0,0
T10_d08_452_a_1_jpg.rf.ukEshzSCUhsa6a6J2526.jpg,0.4,0.0,1,0,0,5787,5787,0,0,0
T10_d08_452_a_1_jpg.rf.ukEshzSCUhsa6a6J2526.jpg,0.4,0.1,1,0,0,5787,5787,0,0,0
T10_d08_452_a_1_jpg.rf.ukEshzSCUhsa6a6J2526.jpg,0.4,0.25,1,0,0,5787,5787,0,0,0
T10_d08_452_a_1_jpg.rf.ukEshzSCUhsa6a6J2526.jpg,0.4,0.5,1,0,0,5787,5787,0,0,0
T10_d08_452_a_1_jpg.rf.ukEshzSCUhsa6a6J2526.jpg,0.4,1.0,1,0,0,5787,5787,0,0,0
T10_d08_452_a_1_jpg.rf.ukEshzSCUhsa6a6J2526.jpg,0.5,0.0,1,0,0,5787,5787,0,0,0
T10_d08_452_a_1_jpg.rf.ukEshzSCUhsa6a6J2526.jpg,0.5,0.1,1,0,0,5787,5787,0,0,0
T10_d08_452_a_1_jpg.rf.ukEshzSCUhsa6a6J2526.jpg,0.5,0.25,1,0,0,5787,5787,0,0,0
T10_d08_452_a_1_jpg.rf.ukEshzSCUhsa6a6J2526.jpg,0.5,0.5,1,0,0,5787,5787,0,0,0
T10_d08_452_a_1_jpg.rf.ukEshzSCUhsa6a6J2526.jpg,0.5,1.0,1,0,0,5787,5787,0,0,0
T10_d09_058_a_2_jpg.rf.Qscym37044toy1hQTRlA.jpg,0.15,0.0,0,7933,0,46554,54487,7933,2,0
T10_d09_058_a_2_jpg.rf.Qscym37044toy1hQTRlA.jpg,0.15,0.1,0,7933,0,46554,54487,7933,2,0
T10_d09_058_a_2_jpg.rf.Qscym37044toy1hQTRlA.jpg,0.15,0.25,0,7933,0,46554,54487,7933,2,0
T10_d09_058_a_2_jpg.rf.Qscym37044toy1hQTRlA.jpg,0.15,0.5,0,7933,0,46554,54487,7933,2,0
T10_d09_058_a_2_jpg.rf.Qscym37044toy1hQTRlA.jpg,0.15,1.0,1,7933,0,46554,54487,7933,2,0
T10_d09_058_a_2_jpg.rf.Qscym37044toy1hQTRlA.jpg,0.2,0.0,0,7933,0,46554,54487,7933,2,0
T10_d09_058_a_2_jpg.rf.Qscym37044toy1hQTRlA.jpg,0.2,0.1,0,7933,0,46554,54487,7933,2,0
T10_d09_058_a_2_jpg.rf.Qscym37044toy1hQTRlA.jpg,0.2,0.25,0,7933,0,46554,54487,7933,2,0
T10_d09_058_a_2_jpg.rf.Qscym37044toy1hQTRlA.jpg,0.2,0.5,0,7933,0,46554,54487,7933,2,0
T10_d09_058_a_2_jpg.rf.Qscym37044toy1hQTRlA.jpg,0.2,1.0,1,7933,0,46554,54487,7933,2,0
T10_d09_058_a_2_jpg.rf.Qscym37044toy1hQTRlA.jpg,0.25,0.0,0,7933,0,46554,54487,7933,2,0
T10_d09_058_a_2_jpg.rf.Qscym37044toy1hQTRlA.jpg,0.25,0.1,0,7933,0,46554,54487,7933,2,0
T10_d09_058_a_2_jpg.rf.Qscym37044toy1hQTRlA.jpg,0.25,0.25,0,7933,0,46554,54487,7933,2,0
T10_d09_058_a_2_jpg.rf.Qscym37044toy1hQTRlA.jpg,0.25,0.5,0,7933,0,46554,54487,7933,2,0
T10_d09_058_a_2_jpg.rf.Qscym37044toy1hQTRlA.jpg,0.25,1.0,1,7933,0,46554,54487,7933,2,0
T10_d09_058_a_2_jpg.rf.Qscym37044toy1hQTRlA.jpg,0.3,0.0,0,7933,0,46554,54487,7933,2,0
T10_d09_058_a_2_jpg.rf.Qscym37044toy1hQTRlA.jpg,0.3,0.1,0,7933,0,46554,54487,7933,2,0
T10_d09_058_a_2_jpg.rf.Qscym37044toy1hQTRlA.jpg,0.3,0.25,0,7933,0,46554,54487,7933,2,0
T10_d09_058_a_2_jpg.rf.Qscym37044toy1hQTRlA.jpg,0.3,0.5,0,7933,0,46554,54487,7933,2,0
T10_d09_058_a_2_jpg.rf.Qscym37044toy1hQTRlA.jpg,0.3,1.0,1,7933,0,46554,54487,7933,2,0
T10_d09_058_a_2_jpg.rf.Qscym37044toy1hQTRlA.jpg,0.4,0.0,1,0,0,54487,54487,0,2,0
T10_d09_058_a_2_jpg.rf.Qscym37044toy1hQTRlA.jpg,0.4,0.1,1,0,0,54487,54487,0,2,0
T10_d09_058_a_2_jpg.rf.Qscym37044toy1hQTRlA.jpg,0.4,0.25,1,0,0,54487,54487,0,2,0
T10_d09_058_a_2_jpg.rf.Qscym37044toy1hQTRlA.jpg,0.4,0.5,1,0,0,54487,54487,0,2,0
T10_d09_058_a_2_jpg.rf.Qscym37044toy1hQTRlA.jpg,0.4,1.0,1,0,0,54487,54487,0,2,0
T10_d09_058_a_2_jpg.rf.Qscym37044toy1hQTRlA.jpg,0.5,0.0,1,0,0,54487,54487,0,2,0
T10_d09_058_a_2_jpg.rf.Qscym37044toy1hQTRlA.jpg,0.5,0.1,1,0,0,54487,54487,0,2,0
T10_d09_058_a_2_jpg.rf.Qscym37044toy1hQTRlA.jpg,0.5,0.25,1,0,0,54487,54487,0,2,0
T10_d09_058_a_2_jpg.rf.Qscym37044toy1hQTRlA.jpg,0.5,0.5,1,0,0,54487,54487,0,2,0
T10_d09_058_a_2_jpg.rf.Qscym37044toy1hQTRlA.jpg,0.5,1.0,1,0,0,54487,54487,0,2,0
T10_d09_399_b_3_jpg.rf.7RnpMoo6qBkoAViA4B9c.jpg,0.15,0.0,1,3411,18418,4070,7481,21829,0,2
T10_d09_399_b_3_jpg.rf.7RnpMoo6qBkoAViA4B9c.jpg,0.15,0.1,1,3411,18418,4070,7481,21829,0,2
T10_d09_399_b_3_jpg.rf.7RnpMoo6qBkoAViA4B9c.jpg,0.15,0.25,1,3411,18418,4070,7481,21829,0,2
T10_d09_399_b_3_jpg.rf.7RnpMoo6qBkoAViA4B9c.jpg,0.15,0.5,1,3411,18418,4070,7481,21829,0,2
T10_d09_399_b_3_jpg.rf.7RnpMoo6qBkoAViA4B9c.jpg,0.15,1.0,1,3411,18418,4070,7481,21829,0,2
T10_d09_399_b_3_jpg.rf.7RnpMoo6qBkoAViA4B9c.jpg,0.2,0.0,1,3411,18418,4070,7481,21829,0,2
T10_d09_399_b_3_jpg.rf.7RnpMoo6qBkoAViA4B9c.jpg,0.2,0.1,1,3411,18418,4070,7481,21829,0,2
T10_d09_399_b_3_jpg.rf.7RnpMoo6qBkoAViA4B9c.jpg,0.2,0.25,1,3411,18418,4070,7481,21829,0,2
T10_d09_399_b_3_jpg.rf.7RnpMoo6qBkoAViA4B9c.jpg,0.2,0.5,1,3411,18418,4070,7481,21829,0,2
T10_d09_399_b_3_jpg.rf.7RnpMoo6qBkoAViA4B9c.jpg,0.2,1.0,1,3411,18418,4070,7481,21829,0,2
T10_d09_399_b_3_jpg.rf.7RnpMoo6qBkoAViA4B9c.jpg,0.25,0.0,1,3411,18418,4070,7481,21829,0,2
T10_d09_399_b_3_jpg.rf.7RnpMoo6qBkoAViA4B9c.jpg,0.25,0.1,1,3411,18418,4070,7481,21829,0,2
T10_d09_399_b_3_jpg.rf.7RnpMoo6qBkoAViA4B9c.jpg,0.25,0.25,1,3411,18418,4070,7481,21829,0,2
T10_d09_399_b_3_jpg.rf.7RnpMoo6qBkoAViA4B9c.jpg,0.25,0.5,1,3411,18418,4070,7481,21829,0,2
T10_d09_399_b_3_jpg.rf.7RnpMoo6qBkoAViA4B9c.jpg,0.25,1.0,1,3411,18418,4070,7481,21829,0,2
T10_d09_399_b_3_jpg.rf.7RnpMoo6qBkoAViA4B9c.jpg,0.3,0.0,1,3411,18418,4070,7481,21829,0,2
T10_d09_399_b_3_jpg.rf.7RnpMoo6qBkoAViA4B9c.jpg,0.3,0.1,1,3411,18418,4070,7481,21829,0,2
T10_d09_399_b_3_jpg.rf.7RnpMoo6qBkoAViA4B9c.jpg,0.3,0.25,1,3411,18418,4070,7481,21829,0,2
T10_d09_399_b_3_jpg.rf.7RnpMoo6qBkoAViA4B9c.jpg,0.3,0.5,1,3411,18418,4070,7481,21829,0,2
T10_d09_399_b_3_jpg.rf.7RnpMoo6qBkoAViA4B9c.jpg,0.3,1.0,1,3411,18418,4070,7481,21829,0,2
T10_d09_399_b_3_jpg.rf.7RnpMoo6qBkoAViA4B9c.jpg,0.4,0.0,1,3411,18418,4070,7481,21829,0,2
T10_d09_399_b_3_jpg.rf.7RnpMoo6qBkoAViA4B9c.jpg,0.4,0.1,1,3411,18418,4070,7481,21829,0,2
T10_d09_399_b_3_jpg.rf.7RnpMoo6qBkoAViA4B9c.jpg,0.4,0.25,1,3411,18418,4070,7481,21829,0,2
T10_d09_399_b_3_jpg.rf.7RnpMoo6qBkoAViA4B9c.jpg,0.4,0.5,1,3411,18418,4070,7481,21829,0,2
T10_d09_399_b_3_jpg.rf.7RnpMoo6qBkoAViA4B9c.jpg,0.4,1.0,1,3411,18418,4070,7481,21829,0,2
T10_d09_399_b_3_jpg.rf.7RnpMoo6qBkoAViA4B9c.jpg,0.5,0.0,1,3411,18418,4070,7481,21829,0,2
T10_d09_399_b_3_jpg.rf.7RnpMoo6qBkoAViA4B9c.jpg,0.5,0.1,1,3411,18418,4070,7481,21829,0,2
T10_d09_399_b_3_jpg.rf.7RnpMoo6qBkoAViA4B9c.jpg,0.5,0.25,1,3411,18418,4070,7481,21829,0,2
T10_d09_399_b_3_jpg.rf.7RnpMoo6qBkoAViA4B9c.jpg,0.5,0.5,1,3411,18418,4070,7481,21829,0,2
T10_d09_399_b_3_jpg.rf.7RnpMoo6qBkoAViA4B9c.jpg,0.5,1.0,1,3411,18418,4070,7481,21829,0,2
T10_d09_402_b_2_jpg.rf.OKpQ8qwPISX42PN9Rma2.jpg,0.15,0.0,0,2160,630,883,3043,2790,0,0
T10_d09_402_b_2_jpg.rf.OKpQ8qwPISX42PN9Rma2.jpg,0.15,0.1,0,2160,630,883,3043,2790,0,0
T10_d09_402_b_2_jpg.rf.OKpQ8qwPISX42PN9Rma2.jpg,0.15,0.25,0,2160,630,883,3043,2790,0,0
T10_d09_402_b_2_jpg.rf.OKpQ8qwPISX42PN9Rma2.jpg,0.15,0.5,0,2160,630,883,3043,2790,0,0
T10_d09_402_b_2_jpg.rf.OKpQ8qwPISX42PN9Rma2.jpg,0.15,1.0,1,2160,630,883,3043,2790,0,0
T10_d09_402_b_2_jpg.rf.OKpQ8qwPISX42PN9Rma2.jpg,0.2,0.0,0,2160,630,883,3043,2790,0,0
T10_d09_402_b_2_jpg.rf.OKpQ8qwPISX42PN9Rma2.jpg,0.2,0.1,0,2160,630,883,3043,2790,0,0
T10_d09_402_b_2_jpg.rf.OKpQ8qwPISX42PN9Rma2.jpg,0.2,0.25,0,2160,630,883,3043,2790,0,0
T10_d09_402_b_2_jpg.rf.OKpQ8qwPISX42PN9Rma2.jpg,0.2,0.5,0,2160,630,883,3043,2790,0,0
T10_d09_402_b_2_jpg.rf.OKpQ8qwPISX42PN9Rma2.jpg,0.2,1.0,1,2160,630,883,3043,2790,0,0
T10_d09_402_b_2_jpg.rf.OKpQ8qwPISX42PN9Rma2.jpg,0.25,0.0,0,2160,630,883,3043,2790,0,0
T10_d09_402_b_2_jpg.rf.OKpQ8qwPISX42PN9Rma2.jpg,0.25,0.1,0,2160,630,883,3043,2790,0,0
T10_d09_402_b_2_jpg.rf.OKpQ8qwPISX42PN9Rma2.jpg,0.25,0.25,0,2160,630,883,3043,2790,0,0
T10_d09_402_b_2_jpg.rf.OKpQ8qwPISX42PN9Rma2.jpg,0.25,0.5,0,2160,630,883,3043,2790,0,0
T10_d09_402_b_2_jpg.rf.OKpQ8qwPISX42PN9Rma2.jpg,0.25,1.0,1,2160,630,883,3043,2790,0,0
T10_d09_402_b_2_jpg.rf.OKpQ8qwPISX42PN9Rma2.jpg,0.3,0.0,0,2160,630,883,3043,2790,0,0
T10_d09_402_b_2_jpg.rf.OKpQ8qwPISX42PN9Rma2.jpg,0.3,0.1,0,2160,630,883,3043,2790,0,0
T10_d09_402_b_2_jpg.rf.OKpQ8qwPISX42PN9Rma2.jpg,0.3,0.25,0,2160,630,883,3043,2790,0,0
T10_d09_402_b_2_jpg.rf.OKpQ8qwPISX42PN9Rma2.jpg,0.3,0.5,0,2160,630,883,3043,2790,0,0
T10_d09_402_b_2_jpg.rf.OKpQ8qwPISX42PN9Rma2.jpg,0.3,1.0,1,2160,630,883,3043,2790,0,0
T10_d09_402_b_2_jpg.rf.OKpQ8qwPISX42PN9Rma2.jpg,0.4,0.0,1,0,0,3043,3043,0,0,0
T10_d09_402_b_2_jpg.rf.OKpQ8qwPISX42PN9Rma2.jpg,0.4,0.1,1,0,0,3043,3043,0,0,0
T10_d09_402_b_2_jpg.rf.OKpQ8qwPISX42PN9Rma2.jpg,0.4,0.25,1,0,0,3043,3043,0,0,0
T10_d09_402_b_2_jpg.rf.OKpQ8qwPISX42PN9Rma2.jpg,0.4,0.5,1,0,0,3043,3043,0,0,0
T10_d09_402_b_2_jpg.rf.OKpQ8qwPISX42PN9Rma2.jpg,0.4,1.0,1,0,0,3043,3043,0,0,0
T10_d09_402_b_2_jpg.rf.OKpQ8qwPISX42PN9Rma2.jpg,0.5,0.0,1,0,0,3043,3043,0,0,0
T10_d09_402_b_2_jpg.rf.OKpQ8qwPISX42PN9Rma2.jpg,0.5,0.1,1,0,0,3043,3043,0,0,0
T10_d09_402_b_2_jpg.rf.OKpQ8qwPISX42PN9Rma2.jpg,0.5,0.25,1,0,0,3043,3043,0,0,0
T10_d09_402_b_2_jpg.rf.OKpQ8qwPISX42PN9Rma2.jpg,0.5,0.5,1,0,0,3043,3043,0,0,0
T10_d09_402_b_2_jpg.rf.OKpQ8qwPISX42PN9Rma2.jpg,0.5,1.0,1,0,0,3043,3043,0,0,0
T10_d09_451_a_2_jpg.rf.7WkXbNnRyiaIeSPGJDMx.jpg,0.15,0.0,1,0,0,0,0,0,0,0
T10_d09_451_a_2_jpg.rf.7WkXbNnRyiaIeSPGJDMx.jpg,0.15,0.1,1,0,0,0,0,0,0,0
T10_d09_451_a_2_jpg.rf.7WkXbNnRyiaIeSPGJDMx.jpg,0.15,0.25,1,0,0,0,0,0,0,0
T10_d09_451_a_2_jpg.rf.7WkXbNnRyiaIeSPGJDMx.jpg,0.15,0.5,1,0,0,0,0,0,0,0
T10_d09_451_a_2_jpg.rf.7WkXbNnRyiaIeSPGJDMx.jpg,0.15,1.0,1,0,0,0,0,0,0,0
T10_d09_451_a_2_jpg.rf.7WkXbNnRyiaIeSPGJDMx.jpg,0.2,0.0,1,0,0,0,0,0,0,0
T10_d09_451_a_2_jpg.rf.7WkXbNnRyiaIeSPGJDMx.jpg,0.2,0.1,1,0,0,0,0,0,0,0
T10_d09_451_a_2_jpg.rf.7WkXbNnRyiaIeSPGJDMx.jpg,0.2,0.25,1,0,0,0,0,0,0,0
T10_d09_451_a_2_jpg.rf.7WkXbNnRyiaIeSPGJDMx.jpg,0.2,0.5,1,0,0,0,0,0,0,0
T10_d09_451_a_2_jpg.rf.7WkXbNnRyiaIeSPGJDMx.jpg,0.2,1.0,1,0,0,0,0,0,0,0
T10_d09_451_a_2_jpg.rf.7WkXbNnRyiaIeSPGJDMx.jpg,0.25,0.0,1,0,0,0,0,0,0,0
T10_d09_451_a_2_jpg.rf.7WkXbNnRyiaIeSPGJDMx.jpg,0.25,0.1,1,0,0,0,0,0,0,0
T10_d09_451_a_2_jpg.rf.7WkXbNnRyiaIeSPGJDMx.jpg,0.25,0.25,1,0,0,0,0,0,0,0
T10_d09_451_a_2_jpg.rf.7WkXbNnRyiaIeSPGJDMx.jpg,0.25,0.5,1,0,0,0,0,0,0,0
T10_d09_451_a_2_jpg.rf.7WkXbNnRyiaIeSPGJDMx.jpg,0.25,1.0,1,0,0,0,0,0,0,0
T10_d09_451_a_2_jpg.rf.7WkXbNnRyiaIeSPGJDMx.jpg,0.3,0.0,1,0,0,0,0,0,0,0
T10_d09_451_a_2_jpg.rf.7WkXbNnRyiaIeSPGJDMx.jpg,0.3,0.1,1,0,0,0,0,0,0,0
T10_d09_451_a_2_jpg.rf.7WkXbNnRyiaIeSPGJDMx.jpg,0.3,0.25,1,0,0,0,0,0,0,0
T10_d09_451_a_2_jpg.rf.7WkXbNnRyiaIeSPGJDMx.jpg,0.3,0.5,1,0,0,0,0,0,0,0
T10_d09_451_a_2_jpg.rf.7WkXbNnRyiaIeSPGJDMx.jpg,0.3,1.0,1,0,0,0,0,0,0,0
T10_d09_451_a_2_jpg.rf.7WkXbNnRyiaIeSPGJDMx.jpg,0.4,0.0,1,0,0,0,0,0,0,0
T10_d09_451_a_2_jpg.rf.7WkXbNnRyiaIeSPGJDMx.jpg,0.4,0.1,1,0,0,0,0,0,0,0
T10_d09_451_a_2_jpg.rf.7WkXbNnRyiaIeSPGJDMx.jpg,0.4,0.25,1,0,0,0,0,0,0,0
T10_d09_451_a_2_jpg.rf.7WkXbNnRyiaIeSPGJDMx.jpg,0.4,0.5,1,0,0,0,0,0,0,0
T10_d09_451_a_2_jpg.rf.7WkXbNnRyiaIeSPGJDMx.jpg,0.4,1.0,1,0,0,0,0,0,0,0
T10_d09_451_a_2_jpg.rf.7WkXbNnRyiaIeSPGJDMx.jpg,0.5,0.0,1,0,0,0,0,0,0,0
T10_d09_451_a_2_jpg.rf.7WkXbNnRyiaIeSPGJDMx.jpg,0.5,0.1,1,0,0,0,0,0,0,0
T10_d09_451_a_2_jpg.rf.7WkXbNnRyiaIeSPGJDMx.jpg,0.5,0.25,1,0,0,0,0,0,0,0
T10_d09_451_a_2_jpg.rf.7WkXbNnRyiaIeSPGJDMx.jpg,0.5,0.5,1,0,0,0,0,0,0,0
T10_d09_451_a_2_jpg.rf.7WkXbNnRyiaIeSPGJDMx.jpg,0.5,1.0,1,0,0,0,0,0,0,0
T10_d10_014_a_2_jpg.rf.ucVlgnrtAdneHlzOVsSi.jpg,0.15,0.0,1,0,0,0,0,0,0,0
T10_d10_014_a_2_jpg.rf.ucVlgnrtAdneHlzOVsSi.jpg,0.15,0.1,1,0,0,0,0,0,0,0
T10_d10_014_a_2_jpg.rf.ucVlgnrtAdneHlzOVsSi.jpg,0.15,0.25,1,0,0,0,0,0,0,0
T10_d10_014_a_2_jpg.rf.ucVlgnrtAdneHlzOVsSi.jpg,0.15,0.5,1,0,0,0,0,0,0,0
T10_d10_014_a_2_jpg.rf.ucVlgnrtAdneHlzOVsSi.jpg,0.15,1.0,1,0,0,0,0,0,0,0
T10_d10_014_a_2_jpg.rf.ucVlgnrtAdneHlzOVsSi.jpg,0.2,0.0,1,0,0,0,0,0,0,0
T10_d10_014_a_2_jpg.rf.ucVlgnrtAdneHlzOVsSi.jpg,0.2,0.1,1,0,0,0,0,0,0,0
T10_d10_014_a_2_jpg.rf.ucVlgnrtAdneHlzOVsSi.jpg,0.2,0.25,1,0,0,0,0,0,0,0
T10_d10_014_a_2_jpg.rf.ucVlgnrtAdneHlzOVsSi.jpg,0.2,0.5,1,0,0,0,0,0,0,0
T10_d10_014_a_2_jpg.rf.ucVlgnrtAdneHlzOVsSi.jpg,0.2,1.0,1,0,0,0,0,0,0,0
T10_d10_014_a_2_jpg.rf.ucVlgnrtAdneHlzOVsSi.jpg,0.25,0.0,1,0,0,0,0,0,0,0
T10_d10_014_a_2_jpg.rf.ucVlgnrtAdneHlzOVsSi.jpg,0.25,0.1,1,0,0,0,0,0,0,0
T10_d10_014_a_2_jpg.rf.ucVlgnrtAdneHlzOVsSi.jpg,0.25,0.25,1,0,0,0,0,0,0,0
T10_d10_014_a_2_jpg.rf.ucVlgnrtAdneHlzOVsSi.jpg,0.25,0.5,1,0,0,0,0,0,0,0
T10_d10_014_a_2_jpg.rf.ucVlgnrtAdneHlzOVsSi.jpg,0.25,1.0,1,0,0,0,0,0,0,0
T10_d10_014_a_2_jpg.rf.ucVlgnrtAdneHlzOVsSi.jpg,0.3,0.0,1,0,0,0,0,0,0,0
T10_d10_014_a_2_jpg.rf.ucVlgnrtAdneHlzOVsSi.jpg,0.3,0.1,1,0,0,0,0,0,0,0
T10_d10_014_a_2_jpg.rf.ucVlgnrtAdneHlzOVsSi.jpg,0.3,0.25,1,0,0,0,0,0,0,0
T10_d10_014_a_2_jpg.rf.ucVlgnrtAdneHlzOVsSi.jpg,0.3,0.5,1,0,0,0,0,0,0,0
T10_d10_014_a_2_jpg.rf.ucVlgnrtAdneHlzOVsSi.jpg,0.3,1.0,1,0,0,0,0,0,0,0
T10_d10_014_a_2_jpg.rf.ucVlgnrtAdneHlzOVsSi.jpg,0.4,0.0,1,0,0,0,0,0,0,0
T10_d10_014_a_2_jpg.rf.ucVlgnrtAdneHlzOVsSi.jpg,0.4,0.1,1,0,0,0,0,0,0,0
T10_d10_014_a_2_jpg.rf.ucVlgnrtAdneHlzOVsSi.jpg,0.4,0.25,1,0,0,0,0,0,0,0
T10_d10_014_a_2_jpg.rf.ucVlgnrtAdneHlzOVsSi.jpg,0.4,0.5,1,0,0,0,0,0,0,0
T10_d10_014_a_2_jpg.rf.ucVlgnrtAdneHlzOVsSi.jpg,0.4,1.0,1,0,0,0,0,0,0,0
T10_d10_014_a_2_jpg.rf.ucVlgnrtAdneHlzOVsSi.jpg,0.5,0.0,1,0,0,0,0,0,0,0
T10_d10_014_a_2_jpg.rf.ucVlgnrtAdneHlzOVsSi.jpg,0.5,0.1,1,0,0,0,0,0,0,0
T10_d10_014_a_2_jpg.rf.ucVlgnrtAdneHlzOVsSi.jpg,0.5,0.25,1,0,0,0,0,0,0,0
T10_d10_014_a_2_jpg.rf.ucVlgnrtAdneHlzOVsSi.jpg,0.5,0.5,1,0,0,0,0,0,0,0
T10_d10_014_a_2_jpg.rf.ucVlgnrtAdneHlzOVsSi.jpg,0.5,1.0,1,0,0,0,0,0,0,0
T10_d10_018_a_3_jpg.rf.S442UHOdzM42Mhf51TMu.jpg,0.15,0.0,0,26162,5,27830,53992,26167,2,2
T10_d10_018_a_3_jpg.rf.S442UHOdzM42Mhf51TMu.jpg,0.15,0.1,0,26162,5,27830,53992,26167,2,2
T10_d10_018_a_3_jpg.rf.S442UHOdzM42Mhf51TMu.jpg,0.15,0.25,0,26162,5,27830,53992,26167,2,2
T10_d10_018_a_3_jpg.rf.S442UHOdzM42Mhf51TMu.jpg,0.15,0.5,0,26162,5,27830,53992,26167,2,2
T10_d10_018_a_3_jpg.rf.S442UHOdzM42Mhf51TMu.jpg,0.15,1.0,1,26162,5,27830,53992,26167,2,2
T10_d10_018_a_3_jpg.rf.S442UHOdzM42Mhf51TMu.jpg,0.2,0.0,0,26162,5,27830,53992,26167,2,2
T10_d10_018_a_3_jpg.rf.S442UHOdzM42Mhf51TMu.jpg,0.2,0.1,0,26162,5,27830,53992,26167,2,2
T10_d10_018_a_3_jpg.rf.S442UHOdzM42Mhf51TMu.jpg,0.2,0.25,0,26162,5,27830,53992,26167,2,2
T10_d10_018_a_3_jpg.rf.S442UHOdzM42Mhf51TMu.jpg,0.2,0.5,0,26162,5,27830,53992,26167,2,2
T10_d10_018_a_3_jpg.rf.S442UHOdzM42Mhf51TMu.jpg,0.2,1.0,1,26162,5,27830,53992,26167,2,2
T10_d10_018_a_3_jpg.rf.S442UHOdzM42Mhf51TMu.jpg,0.25,0.0,1,0,0,53992,53992,0,2,0
T10_d10_018_a_3_jpg.rf.S442UHOdzM42Mhf51TMu.jpg,0.25,0.1,1,0,0,53992,53992,0,2,0
T10_d10_018_a_3_jpg.rf.S442UHOdzM42Mhf51TMu.jpg,0.25,0.25,1,0,0,53992,53992,0,2,0
T10_d10_018_a_3_jpg.rf.S442UHOdzM42Mhf51TMu.jpg,0.25,0.5,1,0,0,53992,53992,0,2,0
T10_d10_018_a_3_jpg.rf.S442UHOdzM42Mhf51TMu.jpg,0.25,1.0,1,0,0,53992,53992,0,2,0
T10_d10_018_a_3_jpg.rf.S442UHOdzM42Mhf51TMu.jpg,0.3,0.0,1,0,0,53992,53992,0,2,0
T10_d10_018_a_3_jpg.rf.S442UHOdzM42Mhf51TMu.jpg,0.3,0.1,1,0,0,53992,53992,0,2,0
T10_d10_018_a_3_jpg.rf.S442UHOdzM42Mhf51TMu.jpg,0.3,0.25,1,0,0,53992,53992,0,2,0
T10_d10_018_a_3_jpg.rf.S442UHOdzM42Mhf51TMu.jpg,0.3,0.5,1,0,0,53992,53992,0,2,0
T10_d10_018_a_3_jpg.rf.S442UHOdzM42Mhf51TMu.jpg,0.3,1.0,1,0,0,53992,53992,0,2,0
T10_d10_018_a_3_jpg.rf.S442UHOdzM42Mhf51TMu.jpg,0.4,0.0,1,0,0,53992,53992,0,2,0
T10_d10_018_a_3_jpg.rf.S442UHOdzM42Mhf51TMu.jpg,0.4,0.1,1,0,0,53992,53992,0,2,0
T10_d10_018_a_3_jpg.rf.S442UHOdzM42Mhf51TMu.jpg,0.4,0.25,1,0,0,53992,53992,0,2,0
T10_d10_018_a_3_jpg.rf.S442UHOdzM42Mhf51TMu.jpg,0.4,0.5,1,0,0,53992,53992,0,2,0
T10_d10_018_a_3_jpg.rf.S442UHOdzM42Mhf51TMu.jpg,0.4,1.0,1,0,0,53992,53992,0,2,0
T10_d10_018_a_3_jpg.rf.S442UHOdzM42Mhf51TMu.jpg,0.5,0.0,1,0,0,53992,53992,0,2,0
T10_d10_018_a_3_jpg.rf.S442UHOdzM42Mhf51TMu.jpg,0.5,0.1,1,0,0,53992,53992,0,2,0
T10_d10_018_a_3_jpg.rf.S442UHOdzM42Mhf51TMu.jpg,0.5,0.25,1,0,0,53992,53992,0,2,0
T10_d10_018_a_3_jpg.rf.S442UHOdzM42Mhf51TMu.jpg,0.5,0.5,1,0,0,53992,53992,0,2,0
T10_d10_018_a_3_jpg.rf.S442UHOdzM42Mhf51TMu.jpg,0.5,1.0,1,0,0,53992,53992,0,2,0
T10_d10_018_b_3_jpg.rf.telEXwG70BCPUOxiNLwi.jpg,0.15,0.0,0,39391,15505,4094,43485,54896,2,2
T10_d10_018_b_3_jpg.rf.telEXwG70BCPUOxiNLwi.jpg,0.15,0.1,0,39391,15505,4094,43485,54896,2,2
T10_d10_018_b_3_jpg.rf.telEXwG70BCPUOxiNLwi.jpg,0.15,0.25,0,39391,15505,4094,43485,54896,2,2
T10_d10_018_b_3_jpg.rf.telEXwG70BCPUOxiNLwi.jpg,0.15,0.5,0,39391,15505,4094,43485,54896,2,2
T10_d10_018_b_3_jpg.rf.telEXwG70BCPUOxiNLwi.jpg,0.15,1.0,1,39391,15505,4094,43485,54896,2,2
T10_d10_018_b_3_jpg.rf.telEXwG70BCPUOxiNLwi.jpg,0.2,0.0,0,39391,15505,4094,43485,54896,2,2
T10_d10_018_b_3_jpg.rf.telEXwG70BCPUOxiNLwi.jpg,0.2,0.1,0,39391,15505,4094,43485,54896,2,2
T10_d10_018_b_3_jpg.rf.telEXwG70BCPUOxiNLwi.jpg,0.2,0.25,0,39391,15505,4094,43485,54896,2,2
T10_d10_018_b_3_jpg.rf.telEXwG70BCPUOxiNLwi.jpg,0.2,0.5,0,39391,15505,4094,43485,54896,2,2
T10_d10_018_b_3_jpg.rf.telEXwG70BCPUOxiNLwi.jpg,0.2,1.0,1,39391,15505,4094,43485,54896,2,2
T10_d10_018_b_3_jpg.rf.telEXwG70BCPUOxiNLwi.jpg,0.25,0.0,0,39391,15505,4094,43485,54896,2,2
T10_d10_018_b_3_jpg.rf.telEXwG70BCPUOxiNLwi.jpg,0.25,0.1,0,39391,15505,4094,43485,54896,2,2
T10_d10_018_b_3_jpg.rf.telEXwG70BCPUOxiNLwi.jpg,0.25,0.25,0,39391,15505,4094,43485,54896,2,2
T10_d10_018_b_3_jpg.rf.telEXwG70BCPUOxiNLwi.jpg,0.25,0.5,0,39391,15505,4094,43485,54896,2,2
T10_d10_018_b_3_jpg.rf.telEXwG70BCPUOxiNLwi.jpg,0.25,1.0,1,39391,15505,4094,43485,54896,2,2
T10_d10_018_b_3_jpg.rf.telEXwG70BCPUOxiNLwi.jpg,0.3,0.0,0,39391,15505,4094,43485,54896,2,2
T10_d10_018_b_3_jpg.rf.telEXwG70BCPUOxiNLwi.jpg,0.3,0.1,0,39391,15505,4094,43485,54896,2,2
T10_d10_018_b_3_jpg.rf.telEXwG70BCPUOxiNLwi.jpg,0.3,0.25,0,39391,15505,4094,43485,54896,2,2
T10_d10_018_b_3_jpg.rf.telEXwG70BCPUOxiNLwi.jpg,0.3,0.5,0,39391,15505,4094,43485,54896,2,2
T10_d10_018_b_3_jpg.rf.telEXwG70BCPUOxiNLwi.jpg,0.3,1.0,1,39391,15505,4094,43485,54896,2,2
T10_d10_018_b_3_jpg.rf.telEXwG70BCPUOxiNLwi.jpg,0.4,0.0,0,39391,15505,4094,43485,54896,2,2
T10_d10_018_b_3_jpg.rf.telEXwG70BCPUOxiNLwi.jpg,0.4,0.1,0,39391,15505,4094,43485,54896,2,2
T10_d10_018_b_3_jpg.rf.telEXwG70BCPUOxiNLwi.jpg,0.4,0.25,0,39391,15505,4094,43485,54896,2,2
T10_d10_018_b_3_jpg.rf.telEXwG70BCPUOxiNLwi.jpg,0.4,0.5,0,39391,15505,4094,43485,54896,2,2
T10_d10_018_b_3_jpg.rf.telEXwG70BCPUOxiNLwi.jpg,0.4,1.0,1,39391,15505,4094,43485,54896,2,2
T10_d10_018_b_3_jpg.rf.telEXwG70BCPUOxiNLwi.jpg,0.5,0.0,1,0,0,43485,43485,0,2,0
T10_d10_018_b_3_jpg.rf.telEXwG70BCPUOxiNLwi.jpg,0.5,0.1,1,0,0,43485,43485,0,2,0
T10_d10_018_b_3_jpg.rf.telEXwG70BCPUOxiNLwi.jpg,0.5,0.25,1,0,0,43485,43485,0,2,0
T10_d10_018_b_3_jpg.rf.telEXwG70BCPUOxiNLwi.jpg,0.5,0.5,1,0,0,43485,43485,0,2,0
T10_d10_018_b_3_jpg.rf.telEXwG70BCPUOxiNLwi.jpg,0.5,1.0,1,0,0,43485,43485,0,2,0
T10_d10_080_b_2_jpg.rf.OHUgPuMJdGb1YV0hP7X8.jpg,0.15,0.0,0,2978,244,214,3192,3222,0,0
T10_d10_080_b_2_jpg.rf.OHUgPuMJdGb1YV0hP7X8.jpg,0.15,0.1,0,2978,244,214,3192,3222,0,0
T10_d10_080_b_2_jpg.rf.OHUgPuMJdGb1YV0hP7X8.jpg,0.15,0.25,0,2978,244,214,3192,3222,0,0
T10_d10_080_b_2_jpg.rf.OHUgPuMJdGb1YV0hP7X8.jpg,0.15,0.5,0,2978,244,214,3192,3222,0,0
T10_d10_080_b_2_jpg.rf.OHUgPuMJdGb1YV0hP7X8.jpg,0.15,1.0,1,2978,244,214,3192,3222,0,0
T10_d10_080_b_2_jpg.rf.OHUgPuMJdGb1YV0hP7X8.jpg,0.2,0.0,0,2657,18,535,3192,2675,0,0
T10_d10_080_b_2_jpg.rf.OHUgPuMJdGb1YV0hP7X8.jpg,0.2,0.1,0,2657,18,535,3192,2675,0,0
T10_d10_080_b_2_jpg.rf.OHUgPuMJdGb1YV0hP7X8.jpg,0.2,0.25,0,2657,18,535,3192,2675,0,0
T10_d10_080_b_2_jpg.rf.OHUgPuMJdGb1YV0hP7X8.jpg,0.2,0.5,0,2657,18,535,3192,2675,0,0
T10_d10_080_b_2_jpg.rf.OHUgPuMJdGb1YV0hP7X8.jpg,0.2,1.0,1,2657,18,535,3192,2675,0,0
T10_d10_080_b_2_jpg.rf.OHUgPuMJdGb1YV0hP7X8.jpg,0.25,0.0,0,2657,18,535,3192,2675,0,0
T10_d10_080_b_2_jpg.rf.OHUgPuMJdGb1YV0hP7X8.jpg,0.25,0.1,0,2657,18,535,3192,2675,0,0
T10_d10_080_b_2_jpg.rf.OHUgPuMJdGb1YV0hP7X8.jpg,0.25,0.25,0,2657,18,535,3192,2675,0,0
T10_d10_080_b_2_jpg.rf.OHUgPuMJdGb1YV0hP7X8.jpg,0.25,0.5,0,2657,18,535,3192,2675,0,0
T10_d10_080_b_2_jpg.rf.OHUgPuMJdGb1YV0hP7X8.jpg,0.25,1.0,1,2657,18,535,3192,2675,0,0
T10_d10_080_b_2_jpg.rf.OHUgPuMJdGb1YV0hP7X8.jpg,0.3,0.0,0,2657,18,535,3192,2675,0,0
T10_d10_080_b_2_jpg.rf.OHUgPuMJdGb1YV0hP7X8.jpg,0.3,0.1,0,2657,18,535,3192,2675,0,0
T10_d10_080_b_2_jpg.rf.OHUgPuMJdGb1YV0hP7X8.jpg,0.3,0.25,0,2657,18,535,3192,2675,0,0
T10_d10_080_b_2_jpg.rf.OHUgPuMJdGb1YV0hP7X8.jpg,0.3,0.5,0,2657,18,535,3192,2675,0,0
T10_d10_080_b_2_jpg.rf.OHUgPuMJdGb1YV0hP7X8.jpg,0.3,1.0,1,2657,18,535,3192,2675,0,0
T10_d10_080_b_2_jpg.rf.OHUgPuMJdGb1YV0hP7X8.jpg,0.4,0.0,0,2657,18,535,3192,2675,0,0
T10_d10_080_b_2_jpg.rf.OHUgPuMJdGb1YV0hP7X8.jpg,0.4,0.1,0,2657,18,535,3192,2675,0,0
T10_d10_080_b_2_jpg.rf.OHUgPuMJdGb1YV0hP7X8.jpg,0.4,0.25,0,2657,18,535,3192,2675,0,0
T10_d10_080_b_2_jpg.rf.OHUgPuMJdGb1YV0hP7X8.jpg,0.4,0.5,0,2657,18,535,3192,2675,0,0
T10_d10_080_b_2_jpg.rf.OHUgPuMJdGb1YV0hP7X8.jpg,0.4,1.0,1,2657,18,535,3192,2675,0,0
T10_d10_080_b_2_jpg.rf.OHUgPuMJdGb1YV0hP7X8.jpg,0.5,0.0,1,0,0,3192,3192,0,0,0
T10_d10_080_b_2_jpg.rf.OHUgPuMJdGb1YV0hP7X8.jpg,0.5,0.1,1,0,0,3192,3192,0,0,0
T10_d10_080_b_2_jpg.rf.OHUgPuMJdGb1YV0hP7X8.jpg,0.5,0.25,1,0,0,3192,3192,0,0,0
T10_d10_080_b_2_jpg.rf.OHUgPuMJdGb1YV0hP7X8.jpg,0.5,0.5,1,0,0,3192,3192,0,0,0
T10_d10_080_b_2_jpg.rf.OHUgPuMJdGb1YV0hP7X8.jpg,0.5,1.0,1,0,0,3192,3192,0,0,0
T10_d10_385_a_2_jpg.rf.dyjClNRDQCH7PSX5QX2r.jpg,0.15,0.0,1,12269,322,2058,14327,12591,2,2
T10_d10_385_a_2_jpg.rf.dyjClNRDQCH7PSX5QX2r.jpg,0.15,0.1,1,12269,322,2058,14327,12591,2,2
T10_d10_385_a_2_jpg.rf.dyjClNRDQCH7PSX5QX2r.jpg,0.15,0.25,1,12269,322,2058,14327,12591,2,2
T10_d10_385_a_2_jpg.rf.dyjClNRDQCH7PSX5QX2r.jpg,0.15,0.5,1,12269,322,2058,14327,12591,2,2
T10_d10_385_a_2_jpg.rf.dyjClNRDQCH7PSX5QX2r.jpg,0.15,1.0,1,12269,322,2058,14327,12591,2,2
T10_d10_385_a_2_jpg.rf.dyjClNRDQCH7PSX5QX2r.jpg,0.2,0.0,1,12269,322,2058,14327,12591,2,2
T10_d10_385_a_2_jpg.rf.dyjClNRDQCH7PSX5QX2r.jpg,0.2,0.1,1,12269,322,2058,14327,12591,2,2
T10_d10_385_a_2_jpg.rf.dyjClNRDQCH7PSX5QX2r.jpg,0.2,0.25,1,12269,322,2058,14327,12591,2,2
T10_d10_385_a_2_jpg.rf.dyjClNRDQCH7PSX5QX2r.jpg,0.2,0.5,1,12269,322,2058,14327,12591,2,2
T10_d10_385_a_2_jpg.rf.dyjClNRDQCH7PSX5QX2r.jpg,0.2,1.0,1,12269,322,2058,14327,12591,2,2
T10_d10_385_a_2_jpg.rf.dyjClNRDQCH7PSX5QX2r.jpg,0.25,0.0,1,12269,322,2058,14327,12591,2,2
T10_d10_385_a_2_jpg.rf.dyjClNRDQCH7PSX5QX2r.jpg,0.25,0.1,1,12269,322,2058,14327,12591,2,2
T10_d10_385_a_2_jpg.rf.dyjClNRDQCH7PSX5QX2r.jpg,0.25,0.25,1,12269,322,2058,14327,12591,2,2
T10_d10_385_a_2_jpg.rf.dyjClNRDQCH7PSX5QX2r.jpg,0.25,0.5,1,12269,322,2058,14327,12591,2,2
T10_d10_385_a_2_jpg.rf.dyjClNRDQCH7PSX5QX2r.jpg,0.25,1.0,1,12269,322,2058,14327,12591,2,2
T10_d10_385_a_2_jpg.rf.dyjClNRDQCH7PSX5QX2r.jpg,0.3,0.0,1,12269,322,2058,14327,12591,2,2
T10_d10_385_a_2_jpg.rf.dyjClNRDQCH7PSX5QX2r.jpg,0.3,0.1,1,12269,322,2058,14327,12591,2,2
T10_d10_385_a_2_jpg.rf.dyjClNRDQCH7PSX5QX2r.jpg,0.3,0.25,1,12269,322,2058,14327,12591,2,2
T10_d10_385_a_2_jpg.rf.dyjClNRDQCH7PSX5QX2r.jpg,0.3,0.5,1,12269,322,2058,14327,12591,2,2
T10_d10_385_a_2_jpg.rf.dyjClNRDQCH7PSX5QX2r.jpg,0.3,1.0,1,12269,322,2058,14327,12591,2,2
T10_d10_385_a_2_jpg.rf.dyjClNRDQCH7PSX5QX2r.jpg,0.4,0.0,1,12269,322,2058,14327,12591,2,2
T10_d10_385_a_2_jpg.rf.dyjClNRDQCH7PSX5QX2r.jpg,0.4,0.1,1,12269,322,2058,14327,12591,2,2
T10_d10_385_a_2_jpg.rf.dyjClNRDQCH7PSX5QX2r.jpg,0.4,0.25,1,12269,322,2058,14327,12591,2,2
T10_d10_385_a_2_jpg.rf.dyjClNRDQCH7PSX5QX2r.jpg,0.4,0.5,1,12269,322,2058,14327,12591,2,2
T10_d10_385_a_2_jpg.rf.dyjClNRDQCH7PSX5QX2r.jpg,0.4,1.0,1,12269,322,2058,14327,12591,2,2
T10_d10_385_a_2_jpg.rf.dyjClNRDQCH7PSX5QX2r.jpg,0.5,0.0,1,12269,322,2058,14327,12591,2,2
T10_d10_385_a_2_jpg.rf.dyjClNRDQCH7PSX5QX2r.jpg,0.5,0.1,1,12269,322,2058,14327,12591,2,2
T10_d10_385_a_2_jpg.rf.dyjClNRDQCH7PSX5QX2r.jpg,0.5,0.25,1,12269,322,2058,14327,12591,2,2
T10_d10_385_a_2_jpg.rf.dyjClNRDQCH7PSX5QX2r.jpg,0.5,0.5,1,12269,322,2058,14327,12591,2,2
T10_d10_385_a_2_jpg.rf.dyjClNRDQCH7PSX5QX2r.jpg,0.5,1.0,1,12269,322,2058,14327,12591,2,2
T10_d10_399_b_4_jpg.rf.KjXiPidsR08Pxnj3vSIK.jpg,0.15,0.0,1,19822,92,14832,34654,19914,2,2
T10_d10_399_b_4_jpg.rf.KjXiPidsR08Pxnj3vSIK.jpg,0.15,0.1,1,19822,92,14832,34654,19914,2,2
T10_d10_399_b_4_jpg.rf.KjXiPidsR08Pxnj3vSIK.jpg,0.15,0.25,1,19822,92,14832,34654,19914,2,2
T10_d10_399_b_4_jpg.rf.KjXiPidsR08Pxnj3vSIK.jpg,0.15,0.5,1,19822,92,14832,34654,19914,2,2
T10_d10_399_b_4_jpg.rf.KjXiPidsR08Pxnj3vSIK.jpg,0.15,1.0,1,19822,92,14832,34654,19914,2,2
T10_d10_399_b_4_jpg.rf.KjXiPidsR08Pxnj3vSIK.jpg,0.2,0.0,1,19822,92,14832,34654,19914,2,2
T10_d10_399_b_4_jpg.rf.KjXiPidsR08Pxnj3vSIK.jpg,0.2,0.1,1,19822,92,14832,34654,19914,2,2
T10_d10_399_b_4_jpg.rf.KjXiPidsR08Pxnj3vSIK.jpg,0.2,0.25,1,19822,92,14832,34654,19914,2,2
T10_d10_399_b_4_jpg.rf.KjXiPidsR08Pxnj3vSIK.jpg,0.2,0.5,1,19822,92,14832,34654,19914,2,2
T10_d10_399_b_4_jpg.rf.KjXiPidsR08Pxnj3vSIK.jpg,0.2,1.0,1,19822,92,14832,34654,19914,2,2
T10_d10_399_b_4_jpg.rf.KjXiPidsR08Pxnj3vSIK.jpg,0.25,0.0,1,19822,92,14832,34654,19914,2,2
T10_d10_399_b_4_jpg.rf.KjXiPidsR08Pxnj3vSIK.jpg,0.25,0.1,1,19822,92,14832,34654,19914,2,2
T10_d10_399_b_4_jpg.rf.KjXiPidsR08Pxnj3vSIK.jpg,0.25,0.25,1,19822,92,14832,34654,19914,2,2
T10_d10_399_b_4_jpg.rf.KjXiPidsR08Pxnj3vSIK.jpg,0.25,0.5,1,19822,92,14832,34654,19914,2,2
T10_d10_399_b_4_jpg.rf.KjXiPidsR08Pxnj3vSIK.jpg,0.25,1.0,1,19822,92,14832,34654,19914,2,2
T10_d10_399_b_4_jpg.rf.KjXiPidsR08Pxnj3vSIK.jpg,0.3,0.0,1,19822,92,14832,34654,19914,2,2
T10_d10_399_b_4_jpg.rf.KjXiPidsR08Pxnj3vSIK.jpg,0.3,0.1,1,19822,92,14832,34654,19914,2,2
T10_d10_399_b_4_jpg.rf.KjXiPidsR08Pxnj3vSIK.jpg,0.3,0.25,1,19822,92,14832,34654,19914,2,2
T10_d10_399_b_4_jpg.rf.KjXiPidsR08Pxnj3vSIK.jpg,0.3,0.5,1,19822,92,14832,34654,19914,2,2
T10_d10_399_b_4_jpg.rf.KjXiPidsR08Pxnj3vSIK.jpg,0.3,1.0,1,19822,92,14832,34654,19914,2,2
T10_d10_399_b_4_jpg.rf.KjXiPidsR08Pxnj3vSIK.jpg,0.4,0.0,1,19822,92,14832,34654,19914,2,2
T10_d10_399_b_4_jpg.rf.KjXiPidsR08Pxnj3vSIK.jpg,0.4,0.1,1,19822,92,14832,34654,19914,2,2
T10_d10_399_b_4_jpg.rf.KjXiPidsR08Pxnj3vSIK.jpg,0.4,0.25,1,19822,92,14832,34654,19914,2,2
T10_d10_399_b_4_jpg.rf.KjXiPidsR08Pxnj3vSIK.jpg,0.4,0.5,1,19822,92,14832,34654,19914,2,2
T10_d10_399_b_4_jpg.rf.KjXiPidsR08Pxnj3vSIK.jpg,0.4,1.0,1,19822,92,14832,34654,19914,2,2
T10_d10_399_b_4_jpg.rf.KjXiPidsR08Pxnj3vSIK.jpg,0.5,0.0,1,19822,92,14832,34654,19914,2,2
T10_d10_399_b_4_jpg.rf.KjXiPidsR08Pxnj3vSIK.jpg,0.5,0.1,1,19822,92,14832,34654,19914,2,2
T10_d10_399_b_4_jpg.rf.KjXiPidsR08Pxnj3vSIK.jpg,0.5,0.25,1,19822,92,14832,34654,19914,2,2
T10_d10_399_b_4_jpg.rf.KjXiPidsR08Pxnj3vSIK.jpg,0.5,0.5,1,19822,92,14832,34654,19914,2,2
T10_d10_399_b_4_jpg.rf.KjXiPidsR08Pxnj3vSIK.jpg,0.5,1.0,1,19822,92,14832,34654,19914,2,2
T10_d10_451_a_2_jpg.rf.3cSkhorRTKoD6D3vFvrh.jpg,0.15,0.0,1,0,0,0,0,0,0,0
T10_d10_451_a_2_jpg.rf.3cSkhorRTKoD6D3vFvrh.jpg,0.15,0.1,1,0,0,0,0,0,0,0
T10_d10_451_a_2_jpg.rf.3cSkhorRTKoD6D3vFvrh.jpg,0.15,0.25,1,0,0,0,0,0,0,0
T10_d10_451_a_2_jpg.rf.3cSkhorRTKoD6D3vFvrh.jpg,0.15,0.5,1,0,0,0,0,0,0,0
T10_d10_451_a_2_jpg.rf.3cSkhorRTKoD6D3vFvrh.jpg,0.15,1.0,1,0,0,0,0,0,0,0
T10_d10_451_a_2_jpg.rf.3cSkhorRTKoD6D3vFvrh.jpg,0.2,0.0,1,0,0,0,0,0,0,0
T10_d10_451_a_2_jpg.rf.3cSkhorRTKoD6D3vFvrh.jpg,0.2,0.1,1,0,0,0,0,0,0,0
T10_d10_451_a_2_jpg.rf.3cSkhorRTKoD6D3vFvrh.jpg,0.2,0.25,1,0,0,0,0,0,0,0
T10_d10_451_a_2_jpg.rf.3cSkhorRTKoD6D3vFvrh.jpg,0.2,0.5,1,0,0,0,0,0,0,0
T10_d10_451_a_2_jpg.rf.3cSkhorRTKoD6D3vFvrh.jpg,0.2,1.0,1,0,0,0,0,0,0,0
T10_d10_451_a_2_jpg.rf.3cSkhorRTKoD6D3vFvrh.jpg,0.25,0.0,1,0,0,0,0,0,0,0
T10_d10_451_a_2_jpg.rf.3cSkhorRTKoD6D3vFvrh.jpg,0.25,0.1,1,0,0,0,0,0,0,0
T10_d10_451_a_2_jpg.rf.3cSkhorRTKoD6D3vFvrh.jpg,0.25,0.25,1,0,0,0,0,0,0,0
T10_d10_451_a_2_jpg.rf.3cSkhorRTKoD6D3vFvrh.jpg,0.25,0.5,1,0,0,0,0,0,0,0
T10_d10_451_a_2_jpg.rf.3cSkhorRTKoD6D3vFvrh.jpg,0.25,1.0,1,0,0,0,0,0,0,0
T10_d10_451_a_2_jpg.rf.3cSkhorRTKoD6D3vFvrh.jpg,0.3,0.0,1,0,0,0,0,0,0,0
T10_d10_451_a_2_jpg.rf.3cSkhorRTKoD6D3vFvrh.jpg,0.3,0.1,1,0,0,0,0,0,0,0
T10_d10_451_a_2_jpg.rf.3cSkhorRTKoD6D3vFvrh.jpg,0.3,0.25,1,0,0,0,0,0,0,0
T10_d10_451_a_2_jpg.rf.3cSkhorRTKoD6D3vFvrh.jpg,0.3,0.5,1,0,0,0,0,0,0,0
T10_d10_451_a_2_jpg.rf.3cSkhorRTKoD6D3vFvrh.jpg,0.3,1.0,1,0,0,0,0,0,0,0
T10_d10_451_a_2_jpg.rf.3cSkhorRTKoD6D3vFvrh.jpg,0.4,0.0,1,0,0,0,0,0,0,0
T10_d10_451_a_2_jpg.rf.3cSkhorRTKoD6D3vFvrh.jpg,0.4,0.1,1,0,0,0,0,0,0,0
T10_d10_451_a_2_jpg.rf.3cSkhorRTKoD6D3vFvrh.jpg,0.4,0.25,1,0,0,0,0,0,0,0
T10_d10_451_a_2_jpg.rf.3cSkhorRTKoD6D3vFvrh.jpg,0.4,0.5,1,0,0,0,0,0,0,0
T10_d10_451_a_2_jpg.rf.3cSkhorRTKoD6D3vFvrh.jpg,0.4,1.0,1,0,0,0,0,0,0,0
T10_d10_451_a_2_jpg.rf.3cSkhorRTKoD6D3vFvrh.jpg,0.5,0.0,1,0,0,0,0,0,0,0
T10_d10_451_a_2_jpg.rf.3cSkhorRTKoD6D3vFvrh.jpg,0.5,0.1,1,0,0,0,0,0,0,0
T10_d10_451_a_2_jpg.rf.3cSkhorRTKoD6D3vFvrh.jpg,0.5,0.25,1,0,0,0,0,0,0,0
T10_d10_451_a_2_jpg.rf.3cSkhorRTKoD6D3vFvrh.jpg,0.5,0.5,1,0,0,0,0,0,0,0
T10_d10_451_a_2_jpg.rf.3cSkhorRTKoD6D3vFvrh.jpg,0.5,1.0,1,0,0,0,0,0,0,0
T10_d10_451_b_2_jpg.rf.ttAURO8eppTXjLMAl8da.jpg,0.15,0.0,0,6852,6653,43,6895,13505,0,1
T10_d10_451_b_2_jpg.rf.ttAURO8eppTXjLMAl8da.jpg,0.15,0.1,0,6852,6653,43,6895,13505,0,1
T10_d10_451_b_2_jpg.rf.ttAURO8eppTXjLMAl8da.jpg,0.15,0.25,0,6852,6653,43,6895,13505,0,1
T10_d10_451_b_2_jpg.rf.ttAURO8eppTXjLMAl8da.jpg,0.15,0.5,0,6852,6653,43,6895,13505,0,1
T10_d10_451_b_2_jpg.rf.ttAURO8eppTXjLMAl8da.jpg,0.15,1.0,1,6852,6653,43,6895,13505,0,1
T10_d10_451_b_2_jpg.rf.ttAURO8eppTXjLMAl8da.jpg,0.2,0.0,0,6852,6653,43,6895,13505,0,1
T10_d10_451_b_2_jpg.rf.ttAURO8eppTXjLMAl8da.jpg,0.2,0.1,0,6852,6653,43,6895,13505,0,1
T10_d10_451_b_2_jpg.rf.ttAURO8eppTXjLMAl8da.jpg,0.2,0.25,0,6852,6653,43,6895,13505,0,1
T10_d10_451_b_2_jpg.rf.ttAURO8eppTXjLMAl8da.jpg,0.2,0.5,0,6852,6653,43,6895,13505,0,1
T10_d10_451_b_2_jpg.rf.ttAURO8eppTXjLMAl8da.jpg,0.2,1.0,1,6852,6653,43,6895,13505,0,1
T10_d10_451_b_2_jpg.rf.ttAURO8eppTXjLMAl8da.jpg,0.25,0.0,1,0,0,6895,6895,0,0,0
T10_d10_451_b_2_jpg.rf.ttAURO8eppTXjLMAl8da.jpg,0.25,0.1,1,0,0,6895,6895,0,0,0
T10_d10_451_b_2_jpg.rf.ttAURO8eppTXjLMAl8da.jpg,0.25,0.25,1,0,0,6895,6895,0,0,0
T10_d10_451_b_2_jpg.rf.ttAURO8eppTXjLMAl8da.jpg,0.25,0.5,1,0,0,6895,6895,0,0,0
T10_d10_451_b_2_jpg.rf.ttAURO8eppTXjLMAl8da.jpg,0.25,1.0,1,0,0,6895,6895,0,0,0
T10_d10_451_b_2_jpg.rf.ttAURO8eppTXjLMAl8da.jpg,0.3,0.0,1,0,0,6895,6895,0,0,0
T10_d10_451_b_2_jpg.rf.ttAURO8eppTXjLMAl8da.jpg,0.3,0.1,1,0,0,6895,6895,0,0,0
T10_d10_451_b_2_jpg.rf.ttAURO8eppTXjLMAl8da.jpg,0.3,0.25,1,0,0,6895,6895,0,0,0
T10_d10_451_b_2_jpg.rf.ttAURO8eppTXjLMAl8da.jpg,0.3,0.5,1,0,0,6895,6895,0,0,0
T10_d10_451_b_2_jpg.rf.ttAURO8eppTXjLMAl8da.jpg,0.3,1.0,1,0,0,6895,6895,0,0,0
T10_d10_451_b_2_jpg.rf.ttAURO8eppTXjLMAl8da.jpg,0.4,0.0,1,0,0,6895,6895,0,0,0
T10_d10_451_b_2_jpg.rf.ttAURO8eppTXjLMAl8da.jpg,0.4,0.1,1,0,0,6895,6895,0,0,0
T10_d10_451_b_2_jpg.rf.ttAURO8eppTXjLMAl8da.jpg,0.4,0.25,1,0,0,6895,6895,0,0,0
T10_d10_451_b_2_jpg.rf.ttAURO8eppTXjLMAl8da.jpg,0.4,0.5,1,0,0,6895,6895,0,0,0
T10_d10_451_b_2_jpg.rf.ttAURO8eppTXjLMAl8da.jpg,0.4,1.0,1,0,0,6895,6895,0,0,0
T10_d10_451_b_2_jpg.rf.ttAURO8eppTXjLMAl8da.jpg,0.5,0.0,1,0,0,6895,6895,0,0,0
T10_d10_451_b_2_jpg.rf.ttAURO8eppTXjLMAl8da.jpg,0.5,0.1,1,0,0,6895,6895,0,0,0
T10_d10_451_b_2_jpg.rf.ttAURO8eppTXjLMAl8da.jpg,0.5,0.25,1,0,0,6895,6895,0,0,0
T10_d10_451_b_2_jpg.rf.ttAURO8eppTXjLMAl8da.jpg,0.5,0.5,1,0,0,6895,6895,0,0,0
T10_d10_451_b_2_jpg.rf.ttAURO8eppTXjLMAl8da.jpg,0.5,1.0,1,0,0,6895,6895,0,0,0
T10_d11_072_b_3_jpg.rf.vUbyWbJuX58S13rQV8aL.jpg,0.15,0.0,0,14728,8523,1554,16282,23251,1,2
T10_d11_072_b_3_jpg.rf.vUbyWbJuX58S13rQV8aL.jpg,0.15,0.1,0,14728,8523,1554,16282,23251,1,2
T10_d11_072_b_3_jpg.rf.vUbyWbJuX58S13rQV8aL.jpg,0.15,0.25,0,14728,8523,1554,16282,23251,1,2
T10_d11_072_b_3_jpg.rf.vUbyWbJuX58S13rQV8aL.jpg,0.15,0.5,0,14728,8523,1554,16282,23251,1,2
T10_d11_072_b_3_jpg.rf.vUbyWbJuX58S13rQV8aL.jpg,0.15,1.0,1,14728,8523,1554,16282,23251,1,2
T10_d11_072_b_3_jpg.rf.vUbyWbJuX58S13rQV8aL.jpg,0.2,0.0,0,14728,8523,1554,16282,23251,1,2
T10_d11_072_b_3_jpg.rf.vUbyWbJuX58S13rQV8aL.jpg,0.2,0.1,0,14728,8523,1554,16282,23251,1,2
T10_d11_072_b_3_jpg.rf.vUbyWbJuX58S13rQV8aL.jpg,0.2,0.25,0,14728,8523,1554,16282,23251,1,2
T10_d11_072_b_3_jpg.rf.vUbyWbJuX58S13rQV8aL.jpg,0.2,0.5,0,14728,8523,1554,16282,23251,1,2
T10_d11_072_b_3_jpg.rf.vUbyWbJuX58S13rQV8aL.jpg,0.2,1.0,1,14728,8523,1554,16282,23251,1,2
T10_d11_072_b_3_jpg.rf.vUbyWbJuX58S13rQV8aL.jpg,0.25,0.0,1,0,0,16282,16282,0,1,0
T10_d11_072_b_3_jpg.rf.vUbyWbJuX58S13rQV8aL.jpg,0.25,0.1,1,0,0,16282,16282,0,1,0
T10_d11_072_b_3_jpg.rf.vUbyWbJuX58S13rQV8aL.jpg,0.25,0.25,1,0,0,16282,16282,0,1,0
T10_d11_072_b_3_jpg.rf.vUbyWbJuX58S13rQV8aL.jpg,0.25,0.5,1,0,0,16282,16282,0,1,0
T10_d11_072_b_3_jpg.rf.vUbyWbJuX58S13rQV8aL.jpg,0.25,1.0,1,0,0,16282,16282,0,1,0
T10_d11_072_b_3_jpg.rf.vUbyWbJuX58S13rQV8aL.jpg,0.3,0.0,1,0,0,16282,16282,0,1,0
T10_d11_072_b_3_jpg.rf.vUbyWbJuX58S13rQV8aL.jpg,0.3,0.1,1,0,0,16282,16282,0,1,0
T10_d11_072_b_3_jpg.rf.vUbyWbJuX58S13rQV8aL.jpg,0.3,0.25,1,0,0,16282,16282,0,1,0
T10_d11_072_b_3_jpg.rf.vUbyWbJuX58S13rQV8aL.jpg,0.3,0.5,1,0,0,16282,16282,0,1,0
T10_d11_072_b_3_jpg.rf.vUbyWbJuX58S13rQV8aL.jpg,0.3,1.0,1,0,0,16282,16282,0,1,0
T10_d11_072_b_3_jpg.rf.vUbyWbJuX58S13rQV8aL.jpg,0.4,0.0,1,0,0,16282,16282,0,1,0
T10_d11_072_b_3_jpg.rf.vUbyWbJuX58S13rQV8aL.jpg,0.4,0.1,1,0,0,16282,16282,0,1,0
T10_d11_072_b_3_jpg.rf.vUbyWbJuX58S13rQV8aL.jpg,0.4,0.25,1,0,0,16282,16282,0,1,0
T10_d11_072_b_3_jpg.rf.vUbyWbJuX58S13rQV8aL.jpg,0.4,0.5,1,0,0,16282,16282,0,1,0
T10_d11_072_b_3_jpg.rf.vUbyWbJuX58S13rQV8aL.jpg,0.4,1.0,1,0,0,16282,16282,0,1,0
T10_d11_072_b_3_jpg.rf.vUbyWbJuX58S13rQV8aL.jpg,0.5,0.0,1,0,0,16282,16282,0,1,0
T10_d11_072_b_3_jpg.rf.vUbyWbJuX58S13rQV8aL.jpg,0.5,0.1,1,0,0,16282,16282,0,1,0
T10_d11_072_b_3_jpg.rf.vUbyWbJuX58S13rQV8aL.jpg,0.5,0.25,1,0,0,16282,16282,0,1,0
T10_d11_072_b_3_jpg.rf.vUbyWbJuX58S13rQV8aL.jpg,0.5,0.5,1,0,0,16282,16282,0,1,0
T10_d11_072_b_3_jpg.rf.vUbyWbJuX58S13rQV8aL.jpg,0.5,1.0,1,0,0,16282,16282,0,1,0
T10_d11_253_a_3_jpg.rf.lmEWJg4eVSSGeFN2WBqg.jpg,0.15,0.0,1,12284,30,6177,18461,12314,2,1
T10_d11_253_a_3_jpg.rf.lmEWJg4eVSSGeFN2WBqg.jpg,0.15,0.1,1,12284,30,6177,18461,12314,2,1
T10_d11_253_a_3_jpg.rf.lmEWJg4eVSSGeFN2WBqg.jpg,0.15,0.25,1,12284,30,6177,18461,12314,2,1
T10_d11_253_a_3_jpg.rf.lmEWJg4eVSSGeFN2WBqg.jpg,0.15,0.5,1,12284,30,6177,18461,12314,2,1
T10_d11_253_a_3_jpg.rf.lmEWJg4eVSSGeFN2WBqg.jpg,0.15,1.0,1,12284,30,6177,18461,12314,2,1
T10_d11_253_a_3_jpg.rf.lmEWJg4eVSSGeFN2WBqg.jpg,0.2,0.0,1,12284,30,6177,18461,12314,2,1
T10_d11_253_a_3_jpg.rf.lmEWJg4eVSSGeFN2WBqg.jpg,0.2,0.1,1,12284,30,6177,18461,12314,2,1
T10_d11_253_a_3_jpg.rf.lmEWJg4eVSSGeFN2WBqg.jpg,0.2,0.25,1,12284,30,6177,18461,12314,2,1
T10_d11_253_a_3_jpg.rf.lmEWJg4eVSSGeFN2WBqg.jpg,0.2,0.5,1,12284,30,6177,18461,12314,2,1
T10_d11_253_a_3_jpg.rf.lmEWJg4eVSSGeFN2WBqg.jpg,0.2,1.0,1,12284,30,6177,18461,12314,2,1
T10_d11_253_a_3_jpg.rf.lmEWJg4eVSSGeFN2WBqg.jpg,0.25,0.0,1,12284,30,6177,18461,12314,2,1
T10_d11_253_a_3_jpg.rf.lmEWJg4eVSSGeFN2WBqg.jpg,0.25,0.1,1,12284,30,6177,18461,12314,2,1
T10_d11_253_a_3_jpg.rf.lmEWJg4eVSSGeFN2WBqg.jpg,0.25,0.25,1,12284,30,6177,18461,12314,2,1
T10_d11_253_a_3_jpg.rf.lmEWJg4eVSSGeFN2WBqg.jpg,0.25,0.5,1,12284,30,6177,18461,12314,2,1
T10_d11_253_a_3_jpg.rf.lmEWJg4eVSSGeFN2WBqg.jpg,0.25,1.0,1,12284,30,6177,18461,12314,2,1
T10_d11_253_a_3_jpg.rf.lmEWJg4eVSSGeFN2WBqg.jpg,0.3,0.0,1,12284,30,6177,18461,12314,2,1
T10_d11_253_a_3_jpg.rf.lmEWJg4eVSSGeFN2WBqg.jpg,0.3,0.1,1,12284,30,6177,18461,12314,2,1
T10_d11_253_a_3_jpg.rf.lmEWJg4eVSSGeFN2WBqg.jpg,0.3,0.25,1,12284,30,6177,18461,12314,2,1
T10_d11_253_a_3_jpg.rf.lmEWJg4eVSSGeFN2WBqg.jpg,0.3,0.5,1,12284,30,6177,18461,12314,2,1
T10_d11_253_a_3_jpg.rf.lmEWJg4eVSSGeFN2WBqg.jpg,0.3,1.0,1,12284,30,6177,18461,12314,2,1
T10_d11_253_a_3_jpg.rf.lmEWJg4eVSSGeFN2WBqg.jpg,0.4,0.0,1,12284,30,6177,18461,12314,2,1
T10_d11_253_a_3_jpg.rf.lmEWJg4eVSSGeFN2WBqg.jpg,0.4,0.1,1,12284,30,6177,18461,12314,2,1
T10_d11_253_a_3_jpg.rf.lmEWJg4eVSSGeFN2WBqg.jpg,0.4,0.25,1,12284,30,6177,18461,12314,2,1
T10_d11_253_a_3_jpg.rf.lmEWJg4eVSSGeFN2WBqg.jpg,0.4,0.5,1,12284,30,6177,18461,12314,2,1
T10_d11_253_a_3_jpg.rf.lmEWJg4eVSSGeFN2WBqg.jpg,0.4,1.0,1,12284,30,6177,18461,12314,2,1
T10_d11_253_a_3_jpg.rf.lmEWJg4eVSSGeFN2WBqg.jpg,0.5,0.0,1,12284,30,6177,18461,12314,2,1
T10_d11_253_a_3_jpg.rf.lmEWJg4eVSSGeFN2WBqg.jpg,0.5,0.1,1,12284,30,6177,18461,12314,2,1
T10_d11_253_a_3_jpg.rf.lmEWJg4eVSSGeFN2WBqg.jpg,0.5,0.25,1,12284,30,6177,18461,12314,2,1
T10_d11_253_a_3_jpg.rf.lmEWJg4eVSSGeFN2WBqg.jpg,0.5,0.5,1,12284,30,6177,18461,12314,2,1
T10_d11_253_a_3_jpg.rf.lmEWJg4eVSSGeFN2WBqg.jpg,0.5,1.0,1,12284,30,6177,18461,12314,2,1
T10_d11_402_a_3_jpg.rf.nJBzmUv3s7je4e3eM4lx.jpg,0.15,0.0,1,7869,522,117,7986,8391,0,0
T10_d11_402_a_3_jpg.rf.nJBzmUv3s7je4e3eM4lx.jpg,0.15,0.1,1,7869,522,117,7986,8391,0,0
T10_d11_402_a_3_jpg.rf.nJBzmUv3s7je4e3eM4lx.jpg,0.15,0.25,1,7869,522,117,7986,8391,0,0
T10_d11_402_a_3_jpg.rf.nJBzmUv3s7je4e3eM4lx.jpg,0.15,0.5,1,7869,522,117,7986,8391,0,0
T10_d11_402_a_3_jpg.rf.nJBzmUv3s7je4e3eM4lx.jpg,0.15,1.0,1,7869,522,117,7986,8391,0,0
T10_d11_402_a_3_jpg.rf.nJBzmUv3s7je4e3eM4lx.jpg,0.2,0.0,1,7869,522,117,7986,8391,0,0
T10_d11_402_a_3_jpg.rf.nJBzmUv3s7je4e3eM4lx.jpg,0.2,0.1,1,7869,522,117,7986,8391,0,0
T10_d11_402_a_3_jpg.rf.nJBzmUv3s7je4e3eM4lx.jpg,0.2,0.25,1,7869,522,117,7986,8391,0,0
T10_d11_402_a_3_jpg.rf.nJBzmUv3s7je4e3eM4lx.jpg,0.2,0.5,1,7869,522,117,7986,8391,0,0
T10_d11_402_a_3_jpg.rf.nJBzmUv3s7je4e3eM4lx.jpg,0.2,1.0,1,7869,522,117,7986,8391,0,0
T10_d11_402_a_3_jpg.rf.nJBzmUv3s7je4e3eM4lx.jpg,0.25,0.0,1,7869,522,117,7986,8391,0,0
T10_d11_402_a_3_jpg.rf.nJBzmUv3s7je4e3eM4lx.jpg,0.25,0.1,1,7869,522,117,7986,8391,0,0
T10_d11_402_a_3_jpg.rf.nJBzmUv3s7je4e3eM4lx.jpg,0.25,0.25,1,7869,522,117,7986,8391,0,0
T10_d11_402_a_3_jpg.rf.nJBzmUv3s7je4e3eM4lx.jpg,0.25,0.5,1,7869,522,117,7986,8391,0,0
T10_d11_402_a_3_jpg.rf.nJBzmUv3s7je4e3eM4lx.jpg,0.25,1.0,1,7869,522,117,7986,8391,0,0
T10_d11_402_a_3_jpg.rf.nJBzmUv3s7je4e3eM4lx.jpg,0.3,0.0,1,7869,522,117,7986,8391,0,0
T10_d11_402_a_3_jpg.rf.nJBzmUv3s7je4e3eM4lx.jpg,0.3,0.1,1,7869,522,117,7986,8391,0,0
T10_d11_402_a_3_jpg.rf.nJBzmUv3s7je4e3eM4lx.jpg,0.3,0.25,1,7869,522,117,7986,8391,0,0
T10_d11_402_a_3_jpg.rf.nJBzmUv3s7je4e3eM4lx.jpg,0.3,0.5,1,7869,522,117,7986,8391,0,0
T10_d11_402_a_3_jpg.rf.nJBzmUv3s7je4e3eM4lx.jpg,0.3,1.0,1,7869,522,117,7986,8391,0,0
T10_d11_402_a_3_jpg.rf.nJBzmUv3s7je4e3eM4lx.jpg,0.4,0.0,1,7869,522,117,7986,8391,0,0
T10_d11_402_a_3_jpg.rf.nJBzmUv3s7je4e3eM4lx.jpg,0.4,0.1,1,7869,522,117,7986,8391,0,0
T10_d11_402_a_3_jpg.rf.nJBzmUv3s7je4e3eM4lx.jpg,0.4,0.25,1,7869,522,117,7986,8391,0,0
T10_d11_402_a_3_jpg.rf.nJBzmUv3s7je4e3eM4lx.jpg,0.4,0.5,1,7869,522,117,7986,8391,0,0
T10_d11_402_a_3_jpg.rf.nJBzmUv3s7je4e3eM4lx.jpg,0.4,1.0,1,7869,522,117,7986,8391,0,0
T10_d11_402_a_3_jpg.rf.nJBzmUv3s7je4e3eM4lx.jpg,0.5,0.0,1,7869,522,117,7986,8391,0,0
T10_d11_402_a_3_jpg.rf.nJBzmUv3s7je4e3eM4lx.jpg,0.5,0.1,1,7869,522,117,7986,8391,0,0
T10_d11_402_a_3_jpg.rf.nJBzmUv3s7je4e3eM4lx.jpg,0.5,0.25,1,7869,522,117,7986,8391,0,0
T10_d11_402_a_3_jpg.rf.nJBzmUv3s7je4e3eM4lx.jpg,0.5,0.5,1,7869,522,117,7986,8391,0,0
T10_d11_402_a_3_jpg.rf.nJBzmUv3s7je4e3eM4lx.jpg,0.5,1.0,1,7869,522,117,7986,8391,0,0
T10_d11_406_a_3_jpg.rf.sbqyRhw4jFlNGSzTfa4Q.jpg,0.15,0.0,0,5108,50679,397,5505,55787,0,2
T10_d11_406_a_3_jpg.rf.sbqyRhw4jFlNGSzTfa4Q.jpg,0.15,0.1,0,5108,50679,397,5505,55787,0,2
T10_d11_406_a_3_jpg.rf.sbqyRhw4jFlNGSzTfa4Q.jpg,0.15,0.25,0,5108,50679,397,5505,55787,0,2
T10_d11_406_a_3_jpg.rf.sbqyRhw4jFlNGSzTfa4Q.jpg,0.15,0.5,0,5108,50679,397,5505,55787,0,2
T10_d11_406_a_3_jpg.rf.sbqyRhw4jFlNGSzTfa4Q.jpg,0.15,1.0,1,5108,50679,397,5505,55787,0,2
T10_d11_406_a_3_jpg.rf.sbqyRhw4jFlNGSzTfa4Q.jpg,0.2,0.0,0,5108,50679,397,5505,55787,0,2
T10_d11_406_a_3_jpg.rf.sbqyRhw4jFlNGSzTfa4Q.jpg,0.2,0.1,0,5108,50679,397,5505,55787,0,2
T10_d11_406_a_3_jpg.rf.sbqyRhw4jFlNGSzTfa4Q.jpg,0.2,0.25,0,5108,50679,397,5505,55787,0,2
T10_d11_406_a_3_jpg.rf.sbqyRhw4jFlNGSzTfa4Q.jpg,0.2,0.5,0,5108,50679,397,5505,55787,0,2
T10_d11_406_a_3_jpg.rf.sbqyRhw4jFlNGSzTfa4Q.jpg,0.2,1.0,1,5108,50679,397,5505,55787,0,2
T10_d11_406_a_3_jpg.rf.sbqyRhw4jFlNGSzTfa4Q.jpg,0.25,0.0,0,5031,28844,474,5505,33875,0,2
T10_d11_406_a_3_jpg.rf.sbqyRhw4jFlNGSzTfa4Q.jpg,0.25,0.1,0,5031,28844,474,5505,33875,0,2
T10_d11_406_a_3_jpg.rf.sbqyRhw4jFlNGSzTfa4Q.jpg,0.25,0.25,0,5031,28844,474,5505,33875,0,2
T10_d11_406_a_3_jpg.rf.sbqyRhw4jFlNGSzTfa4Q.jpg,0.25,0.5,0,5031,28844,474,5505,33875,0,2
T10_d11_406_a_3_jpg.rf.sbqyRhw4jFlNGSzTfa4Q.jpg,0.25,1.0,1,5031,28844,474,5505,33875,0,2
T10_d11_406_a_3_jpg.rf.sbqyRhw4jFlNGSzTfa4Q.jpg,0.3,0.0,0,5031,28844,474,5505,33875,0,2
T10_d11_406_a_3_jpg.rf.sbqyRhw4jFlNGSzTfa4Q.jpg,0.3,0.1,0,5031,28844,474,5505,33875,0,2
T10_d11_406_a_3_jpg.rf.sbqyRhw4jFlNGSzTfa4Q.jpg,0.3,0.25,0,5031,28844,474,5505,33875,0,2
T10_d11_406_a_3_jpg.rf.sbqyRhw4jFlNGSzTfa4Q.jpg,0.3,0.5,0,5031,28844,474,5505,33875,0,2
T10_d11_406_a_3_jpg.rf.sbqyRhw4jFlNGSzTfa4Q.jpg,0.3,1.0,1,5031,28844,474,5505,33875,0,2
T10_d11_406_a_3_jpg.rf.sbqyRhw4jFlNGSzTfa4Q.jpg,0.4,0.0,0,5030,1210,475,5505,6240,0,0
T10_d11_406_a_3_jpg.rf.sbqyRhw4jFlNGSzTfa4Q.jpg,0.4,0.1,0,5030,1210,475,5505,6240,0,0
T10_d11_406_a_3_jpg.rf.sbqyRhw4jFlNGSzTfa4Q.jpg,0.4,0.25,0,5030,1210,475,5505,6240,0,0
T10_d11_406_a_3_jpg.rf.sbqyRhw4jFlNGSzTfa4Q.jpg,0.4,0.5,0,5030,1210,475,5505,6240,0,0
T10_d11_406_a_3_jpg.rf.sbqyRhw4jFlNGSzTfa4Q.jpg,0.4,1.0,1,5030,1210,475,5505,6240,0,0
T10_d11_406_a_3_jpg.rf.sbqyRhw4jFlNGSzTfa4Q.jpg,0.5,0.0,1,0,0,5505,5505,0,0,0
T10_d11_406_a_3_jpg.rf.sbqyRhw4jFlNGSzTfa4Q.jpg,0.5,0.1,1,0,0,5505,5505,0,0,0
T10_d11_406_a_3_jpg.rf.sbqyRhw4jFlNGSzTfa4Q.jpg,0.5,0.25,1,0,0,5505,5505,0,0,0
T10_d11_406_a_3_jpg.rf.sbqyRhw4jFlNGSzTfa4Q.jpg,0.5,0.5,1,0,0,5505,5505,0,0,0
T10_d11_406_a_3_jpg.rf.sbqyRhw4jFlNGSzTfa4Q.jpg,0.5,1.0,1,0,0,5505,5505,0,0,0
T10_d12_041_a_3_jpg.rf.1GS2JDnaFwkYnteq4HmG.jpg,0.15,0.0,0,54126,28098,764,54890,82224,2,2
T10_d12_041_a_3_jpg.rf.1GS2JDnaFwkYnteq4HmG.jpg,0.15,0.1,0,54126,28098,764,54890,82224,2,2
T10_d12_041_a_3_jpg.rf.1GS2JDnaFwkYnteq4HmG.jpg,0.15,0.25,0,54126,28098,764,54890,82224,2,2
T10_d12_041_a_3_jpg.rf.1GS2JDnaFwkYnteq4HmG.jpg,0.15,0.5,0,54126,28098,764,54890,82224,2,2
T10_d12_041_a_3_jpg.rf.1GS2JDnaFwkYnteq4HmG.jpg,0.15,1.0,0,54126,28098,764,54890,82224,2,2
T10_d12_041_a_3_jpg.rf.1GS2JDnaFwkYnteq4HmG.jpg,0.2,0.0,0,54126,28098,764,54890,82224,2,2
T10_d12_041_a_3_jpg.rf.1GS2JDnaFwkYnteq4HmG.jpg,0.2,0.1,0,54126,28098,764,54890,82224,2,2
T10_d12_041_a_3_jpg.rf.1GS2JDnaFwkYnteq4HmG.jpg,0.2,0.25,0,54126,28098,764,54890,82224,2,2
T10_d12_041_a_3_jpg.rf.1GS2JDnaFwkYnteq4HmG.jpg,0.2,0.5,0,54126,28098,764,54890,82224,2,2
T10_d12_041_a_3_jpg.rf.1GS2JDnaFwkYnteq4HmG.jpg,0.2,1.0,0,54126,28098,764,54890,82224,2,2
T10_d12_041_a_3_jpg.rf.1GS2JDnaFwkYnteq4HmG.jpg,0.25,0.0,0,51690,26477,3200,54890,78167,2,2
T10_d12_041_a_3_jpg.rf.1GS2JDnaFwkYnteq4HmG.jpg,0.25,0.1,0,51690,26477,3200,54890,78167,2,2
T10_d12_041_a_3_jpg.rf.1GS2JDnaFwkYnteq4HmG.jpg,0.25,0.25,0,51690,26477,3200,54890,78167,2,2
T10_d12_041_a_3_jpg.rf.1GS2JDnaFwkYnteq4HmG.jpg,0.25,0.5,0,51690,26477,3200,54890,78167,2,2
T10_d12_041_a_3_jpg.rf.1GS2JDnaFwkYnteq4HmG.jpg,0.25,1.0,0,51690,26477,3200,54890,78167,2,2
T10_d12_041_a_3_jpg.rf.1GS2JDnaFwkYnteq4HmG.jpg,0.3,0.0,1,0,0,54890,54890,0,2,0
T10_d12_041_a_3_jpg.rf.1GS2JDnaFwkYnteq4HmG.jpg,0.3,0.1,1,0,0,54890,54890,0,2,0
T10_d12_041_a_3_jpg.rf.1GS2JDnaFwkYnteq4HmG.jpg,0.3,0.25,1,0,0,54890,54890,0,2,0
T10_d12_041_a_3_jpg.rf.1GS2JDnaFwkYnteq4HmG.jpg,0.3,0.5,1,0,0,54890,54890,0,2,0
T10_d12_041_a_3_jpg.rf.1GS2JDnaFwkYnteq4HmG.jpg,0.3,1.0,1,0,0,54890,54890,0,2,0
T10_d12_041_a_3_jpg.rf.1GS2JDnaFwkYnteq4HmG.jpg,0.4,0.0,1,0,0,54890,54890,0,2,0
T10_d12_041_a_3_jpg.rf.1GS2JDnaFwkYnteq4HmG.jpg,0.4,0.1,1,0,0,54890,54890,0,2,0
T10_d12_041_a_3_jpg.rf.1GS2JDnaFwkYnteq4HmG.jpg,0.4,0.25,1,0,0,54890,54890,0,2,0
T10_d12_041_a_3_jpg.rf.1GS2JDnaFwkYnteq4HmG.jpg,0.4,0.5,1,0,0,54890,54890,0,2,0
T10_d12_041_a_3_jpg.rf.1GS2JDnaFwkYnteq4HmG.jpg,0.4,1.0,1,0,0,54890,54890,0,2,0
T10_d12_041_a_3_jpg.rf.1GS2JDnaFwkYnteq4HmG.jpg,0.5,0.0,1,0,0,54890,54890,0,2,0
T10_d12_041_a_3_jpg.rf.1GS2JDnaFwkYnteq4HmG.jpg,0.5,0.1,1,0,0,54890,54890,0,2,0
T10_d12_041_a_3_jpg.rf.1GS2JDnaFwkYnteq4HmG.jpg,0.5,0.25,1,0,0,54890,54890,0,2,0
T10_d12_041_a_3_jpg.rf.1GS2JDnaFwkYnteq4HmG.jpg,0.5,0.5,1,0,0,54890,54890,0,2,0
T10_d12_041_a_3_jpg.rf.1GS2JDnaFwkYnteq4HmG.jpg,0.5,1.0,1,0,0,54890,54890,0,2,0
T10_d12_072_a_3_jpg.rf.kStrBxTefbzCKTnypir7.jpg,0.15,0.0,0,32825,9735,16915,49740,42560,2,2
T10_d12_072_a_3_jpg.rf.kStrBxTefbzCKTnypir7.jpg,0.15,0.1,0,32825,9735,16915,49740,42560,2,2
T10_d12_072_a_3_jpg.rf.kStrBxTefbzCKTnypir7.jpg,0.15,0.25,0,32825,9735,16915,49740,42560,2,2
T10_d12_072_a_3_jpg.rf.kStrBxTefbzCKTnypir7.jpg,0.15,0.5,0,32825,9735,16915,49740,42560,2,2
T10_d12_072_a_3_jpg.rf.kStrBxTefbzCKTnypir7.jpg,0.15,1.0,1,32825,9735,16915,49740,42560,2,2
T10_d12_072_a_3_jpg.rf.kStrBxTefbzCKTnypir7.jpg,0.2,0.0,0,32825,9735,16915,49740,42560,2,2
T10_d12_072_a_3_jpg.rf.kStrBxTefbzCKTnypir7.jpg,0.2,0.1,0,32825,9735,16915,49740,42560,2,2
T10_d12_072_a_3_jpg.rf.kStrBxTefbzCKTnypir7.jpg,0.2,0.25,0,32825,9735,16915,49740,42560,2,2
T10_d12_072_a_3_jpg.rf.kStrBxTefbzCKTnypir7.jpg,0.2,0.5,0,32825,9735,16915,49740,42560,2,2
T10_d12_072_a_3_jpg.rf.kStrBxTefbzCKTnypir7.jpg,0.2,1.0,1,32825,9735,16915,49740,42560,2,2
T10_d12_072_a_3_jpg.rf.kStrBxTefbzCKTnypir7.jpg,0.25,0.0,0,32825,9735,16915,49740,42560,2,2
T10_d12_072_a_3_jpg.rf.kStrBxTefbzCKTnypir7.jpg,0.25,0.1,0,32825,9735,16915,49740,42560,2,2
T10_d12_072_a_3_jpg.rf.kStrBxTefbzCKTnypir7.jpg,0.25,0.25,0,32825,9735,16915,49740,42560,2,2
T10_d12_072_a_3_jpg.rf.kStrBxTefbzCKTnypir7.jpg,0.25,0.5,0,32825,9735,16915,49740,42560,2,2
T10_d12_072_a_3_jpg.rf.kStrBxTefbzCKTnypir7.jpg,0.25,1.0,1,32825,9735,16915,49740,42560,2,2
T10_d12_072_a_3_jpg.rf.kStrBxTefbzCKTnypir7.jpg,0.3,0.0,0,32825,9735,16915,49740,42560,2,2
T10_d12_072_a_3_jpg.rf.kStrBxTefbzCKTnypir7.jpg,0.3,0.1,0,32825,9735,16915,49740,42560,2,2
T10_d12_072_a_3_jpg.rf.kStrBxTefbzCKTnypir7.jpg,0.3,0.25,0,32825,9735,16915,49740,42560,2,2
T10_d12_072_a_3_jpg.rf.kStrBxTefbzCKTnypir7.jpg,0.3,0.5,0,32825,9735,16915,49740,42560,2,2
T10_d12_072_a_3_jpg.rf.kStrBxTefbzCKTnypir7.jpg,0.3,1.0,1,32825,9735,16915,49740,42560,2,2
T10_d12_072_a_3_jpg.rf.kStrBxTefbzCKTnypir7.jpg,0.4,0.0,1,0,0,49740,49740,0,2,0
T10_d12_072_a_3_jpg.rf.kStrBxTefbzCKTnypir7.jpg,0.4,0.1,1,0,0,49740,49740,0,2,0
T10_d12_072_a_3_jpg.rf.kStrBxTefbzCKTnypir7.jpg,0.4,0.25,1,0,0,49740,49740,0,2,0
T10_d12_072_a_3_jpg.rf.kStrBxTefbzCKTnypir7.jpg,0.4,0.5,1,0,0,49740,49740,0,2,0
T10_d12_072_a_3_jpg.rf.kStrBxTefbzCKTnypir7.jpg,0.4,1.0,1,0,0,49740,49740,0,2,0
T10_d12_072_a_3_jpg.rf.kStrBxTefbzCKTnypir7.jpg,0.5,0.0,1,0,0,49740,49740,0,2,0
T10_d12_072_a_3_jpg.rf.kStrBxTefbzCKTnypir7.jpg,0.5,0.1,1,0,0,49740,49740,0,2,0
T10_d12_072_a_3_jpg.rf.kStrBxTefbzCKTnypir7.jpg,0.5,0.25,1,0,0,49740,49740,0,2,0
T10_d12_072_a_3_jpg.rf.kStrBxTefbzCKTnypir7.jpg,0.5,0.5,1,0,0,49740,49740,0,2,0
T10_d12_072_a_3_jpg.rf.kStrBxTefbzCKTnypir7.jpg,0.5,1.0,1,0,0,49740,49740,0,2,0
T10_d12_087_a_3_jpg.rf.wk2AMIZe0dt2PREfDzec.jpg,0.15,0.0,1,0,0,2192,2192,0,0,0
T10_d12_087_a_3_jpg.rf.wk2AMIZe0dt2PREfDzec.jpg,0.15,0.1,1,0,0,2192,2192,0,0,0
T10_d12_087_a_3_jpg.rf.wk2AMIZe0dt2PREfDzec.jpg,0.15,0.25,1,0,0,2192,2192,0,0,0
T10_d12_087_a_3_jpg.rf.wk2AMIZe0dt2PREfDzec.jpg,0.15,0.5,1,0,0,2192,2192,0,0,0
T10_d12_087_a_3_jpg.rf.wk2AMIZe0dt2PREfDzec.jpg,0.15,1.0,1,0,0,2192,2192,0,0,0
T10_d12_087_a_3_jpg.rf.wk2AMIZe0dt2PREfDzec.jpg,0.2,0.0,1,0,0,2192,2192,0,0,0
T10_d12_087_a_3_jpg.rf.wk2AMIZe0dt2PREfDzec.jpg,0.2,0.1,1,0,0,2192,2192,0,0,0
T10_d12_087_a_3_jpg.rf.wk2AMIZe0dt2PREfDzec.jpg,0.2,0.25,1,0,0,2192,2192,0,0,0
T10_d12_087_a_3_jpg.rf.wk2AMIZe0dt2PREfDzec.jpg,0.2,0.5,1,0,0,2192,2192,0,0,0
T10_d12_087_a_3_jpg.rf.wk2AMIZe0dt2PREfDzec.jpg,0.2,1.0,1,0,0,2192,2192,0,0,0
T10_d12_087_a_3_jpg.rf.wk2AMIZe0dt2PREfDzec.jpg,0.25,0.0,1,0,0,2192,2192,0,0,0
T10_d12_087_a_3_jpg.rf.wk2AMIZe0dt2PREfDzec.jpg,0.25,0.1,1,0,0,2192,2192,0,0,0
T10_d12_087_a_3_jpg.rf.wk2AMIZe0dt2PREfDzec.jpg,0.25,0.25,1,0,0,2192,2192,0,0,0
T10_d12_087_a_3_jpg.rf.wk2AMIZe0dt2PREfDzec.jpg,0.25,0.5,1,0,0,2192,2192,0,0,0
T10_d12_087_a_3_jpg.rf.wk2AMIZe0dt2PREfDzec.jpg,0.25,1.0,1,0,0,2192,2192,0,0,0
T10_d12_087_a_3_jpg.rf.wk2AMIZe0dt2PREfDzec.jpg,0.3,0.0,1,0,0,2192,2192,0,0,0
T10_d12_087_a_3_jpg.rf.wk2AMIZe0dt2PREfDzec.jpg,0.3,0.1,1,0,0,2192,2192,0,0,0
T10_d12_087_a_3_jpg.rf.wk2AMIZe0dt2PREfDzec.jpg,0.3,0.25,1,0,0,2192,2192,0,0,0
T10_d12_087_a_3_jpg.rf.wk2AMIZe0dt2PREfDzec.jpg,0.3,0.5,1,0,0,2192,2192,0,0,0
T10_d12_087_a_3_jpg.rf.wk2AMIZe0dt2PREfDzec.jpg,0.3,1.0,1,0,0,2192,2192,0,0,0
T10_d12_087_a_3_jpg.rf.wk2AMIZe0dt2PREfDzec.jpg,0.4,0.0,1,0,0,2192,2192,0,0,0
T10_d12_087_a_3_jpg.rf.wk2AMIZe0dt2PREfDzec.jpg,0.4,0.1,1,0,0,2192,2192,0,0,0
T10_d12_087_a_3_jpg.rf.wk2AMIZe0dt2PREfDzec.jpg,0.4,0.25,1,0,0,2192,2192,0,0,0
T10_d12_087_a_3_jpg.rf.wk2AMIZe0dt2PREfDzec.jpg,0.4,0.5,1,0,0,2192,2192,0,0,0
T10_d12_087_a_3_jpg.rf.wk2AMIZe0dt2PREfDzec.jpg,0.4,1.0,1,0,0,2192,2192,0,0,0
T10_d12_087_a_3_jpg.rf.wk2AMIZe0dt2PREfDzec.jpg,0.5,0.0,1,0,0,2192,2192,0,0,0
T10_d12_087_a_3_jpg.rf.wk2AMIZe0dt2PREfDzec.jpg,0.5,0.1,1,0,0,2192,2192,0,0,0
T10_d12_087_a_3_jpg.rf.wk2AMIZe0dt2PREfDzec.jpg,0.5,0.25,1,0,0,2192,2192,0,0,0
T10_d12_087_a_3_jpg.rf.wk2AMIZe0dt2PREfDzec.jpg,0.5,0.5,1,0,0,2192,2192,0,0,0
T10_d12_087_a_3_jpg.rf.wk2AMIZe0dt2PREfDzec.jpg,0.5,1.0,1,0,0,2192,2192,0,0,0
T10_d12_220_a_3_jpg.rf.L8XjsYfqPRg3T3G41Z2g.jpg,0.15,0.0,1,0,0,3977,3977,0,0,0
T10_d12_220_a_3_jpg.rf.L8XjsYfqPRg3T3G41Z2g.jpg,0.15,0.1,1,0,0,3977,3977,0,0,0
T10_d12_220_a_3_jpg.rf.L8XjsYfqPRg3T3G41Z2g.jpg,0.15,0.25,1,0,0,3977,3977,0,0,0
T10_d12_220_a_3_jpg.rf.L8XjsYfqPRg3T3G41Z2g.jpg,0.15,0.5,1,0,0,3977,3977,0,0,0
T10_d12_220_a_3_jpg.rf.L8XjsYfqPRg3T3G41Z2g.jpg,0.15,1.0,1,0,0,3977,3977,0,0,0
T10_d12_220_a_3_jpg.rf.L8XjsYfqPRg3T3G41Z2g.jpg,0.2,0.0,1,0,0,3977,3977,0,0,0
T10_d12_220_a_3_jpg.rf.L8XjsYfqPRg3T3G41Z2g.jpg,0.2,0.1,1,0,0,3977,3977,0,0,0
T10_d12_220_a_3_jpg.rf.L8XjsYfqPRg3T3G41Z2g.jpg,0.2,0.25,1,0,0,3977,3977,0,0,0
T10_d12_220_a_3_jpg.rf.L8XjsYfqPRg3T3G41Z2g.jpg,0.2,0.5,1,0,0,3977,3977,0,0,0
T10_d12_220_a_3_jpg.rf.L8XjsYfqPRg3T3G41Z2g.jpg,0.2,1.0,1,0,0,3977,3977,0,0,0
T10_d12_220_a_3_jpg.rf.L8XjsYfqPRg3T3G41Z2g.jpg,0.25,0.0,1,0,0,3977,3977,0,0,0
T10_d12_220_a_3_jpg.rf.L8XjsYfqPRg3T3G41Z2g.jpg,0.25,0.1,1,0,0,3977,3977,0,0,0
T10_d12_220_a_3_jpg.rf.L8XjsYfqPRg3T3G41Z2g.jpg,0.25,0.25,1,0,0,3977,3977,0,0,0
T10_d12_220_a_3_jpg.rf.L8XjsYfqPRg3T3G41Z2g.jpg,0.25,0.5,1,0,0,3977,3977,0,0,0
T10_d12_220_a_3_jpg.rf.L8XjsYfqPRg3T3G41Z2g.jpg,0.25,1.0,1,0,0,3977,3977,0,0,0
T10_d12_220_a_3_jpg.rf.L8XjsYfqPRg3T3G41Z2g.jpg,0.3,0.0,1,0,0,3977,3977,0,0,0
T10_d12_220_a_3_jpg.rf.L8XjsYfqPRg3T3G41Z2g.jpg,0.3,0.1,1,0,0,3977,3977,0,0,0
T10_d12_220_a_3_jpg.rf.L8XjsYfqPRg3T3G41Z2g.jpg,0.3,0.25,1,0,0,3977,3977,0,0,0
T10_d12_220_a_3_jpg.rf.L8XjsYfqPRg3T3G41Z2g.jpg,0.3,0.5,1,0,0,3977,3977,0,0,0
T10_d12_220_a_3_jpg.rf.L8XjsYfqPRg3T3G41Z2g.jpg,0.3,1.0,1,0,0,3977,3977,0,0,0
T10_d12_220_a_3_jpg.rf.L8XjsYfqPRg3T3G41Z2g.jpg,0.4,0.0,1,0,0,3977,3977,0,0,0
T10_d12_220_a_3_jpg.rf.L8XjsYfqPRg3T3G41Z2g.jpg,0.4,0.1,1,0,0,3977,3977,0,0,0
T10_d12_220_a_3_jpg.rf.L8XjsYfqPRg3T3G41Z2g.jpg,0.4,0.25,1,0,0,3977,3977,0,0,0
T10_d12_220_a_3_jpg.rf.L8XjsYfqPRg3T3G41Z2g.jpg,0.4,0.5,1,0,0,3977,3977,0,0,0
T10_d12_220_a_3_jpg.rf.L8XjsYfqPRg3T3G41Z2g.jpg,0.4,1.0,1,0,0,3977,3977,0,0,0
T10_d12_220_a_3_jpg.rf.L8XjsYfqPRg3T3G41Z2g.jpg,0.5,0.0,1,0,0,3977,3977,0,0,0
T10_d12_220_a_3_jpg.rf.L8XjsYfqPRg3T3G41Z2g.jpg,0.5,0.1,1,0,0,3977,3977,0,0,0
T10_d12_220_a_3_jpg.rf.L8XjsYfqPRg3T3G41Z2g.jpg,0.5,0.25,1,0,0,3977,3977,0,0,0
T10_d12_220_a_3_jpg.rf.L8XjsYfqPRg3T3G41Z2g.jpg,0.5,0.5,1,0,0,3977,3977,0,0,0
T10_d12_220_a_3_jpg.rf.L8XjsYfqPRg3T3G41Z2g.jpg,0.5,1.0,1,0,0,3977,3977,0,0,0
T10_d12_385_a_3_jpg.rf.IBkboBPST7E4s061OL1g.jpg,0.15,0.0,1,10649,445,656,11305,11094,1,1
T10_d12_385_a_3_jpg.rf.IBkboBPST7E4s061OL1g.jpg,0.15,0.1,1,10649,445,656,11305,11094,1,1
T10_d12_385_a_3_jpg.rf.IBkboBPST7E4s061OL1g.jpg,0.15,0.25,1,10649,445,656,11305,11094,1,1
T10_d12_385_a_3_jpg.rf.IBkboBPST7E4s061OL1g.jpg,0.15,0.5,1,10649,445,656,11305,11094,1,1
T10_d12_385_a_3_jpg.rf.IBkboBPST7E4s061OL1g.jpg,0.15,1.0,1,10649,445,656,11305,11094,1,1
T10_d12_385_a_3_jpg.rf.IBkboBPST7E4s061OL1g.jpg,0.2,0.0,1,10649,445,656,11305,11094,1,1
T10_d12_385_a_3_jpg.rf.IBkboBPST7E4s061OL1g.jpg,0.2,0.1,1,10649,445,656,11305,11094,1,1
T10_d12_385_a_3_jpg.rf.IBkboBPST7E4s061OL1g.jpg,0.2,0.25,1,10649,445,656,11305,11094,1,1
T10_d12_385_a_3_jpg.rf.IBkboBPST7E4s061OL1g.jpg,0.2,0.5,1,10649,445,656,11305,11094,1,1
T10_d12_385_a_3_jpg.rf.IBkboBPST7E4s061OL1g.jpg,0.2,1.0,1,10649,445,656,11305,11094,1,1
T10_d12_385_a_3_jpg.rf.IBkboBPST7E4s061OL1g.jpg,0.25,0.0,1,10649,445,656,11305,11094,1,1
T10_d12_385_a_3_jpg.rf.IBkboBPST7E4s061OL1g.jpg,0.25,0.1,1,10649,445,656,11305,11094,1,1
T10_d12_385_a_3_jpg.rf.IBkboBPST7E4s061OL1g.jpg,0.25,0.25,1,10649,445,656,11305,11094,1,1
T10_d12_385_a_3_jpg.rf.IBkboBPST7E4s061OL1g.jpg,0.25,0.5,1,10649,445,656,11305,11094,1,1
T10_d12_385_a_3_jpg.rf.IBkboBPST7E4s061OL1g.jpg,0.25,1.0,1,10649,445,656,11305,11094,1,1
T10_d12_385_a_3_jpg.rf.IBkboBPST7E4s061OL1g.jpg,0.3,0.0,1,10649,445,656,11305,11094,1,1
T10_d12_385_a_3_jpg.rf.IBkboBPST7E4s061OL1g.jpg,0.3,0.1,1,10649,445,656,11305,11094,1,1
T10_d12_385_a_3_jpg.rf.IBkboBPST7E4s061OL1g.jpg,0.3,0.25,1,10649,445,656,11305,11094,1,1
T10_d12_385_a_3_jpg.rf.IBkboBPST7E4s061OL1g.jpg,0.3,0.5,1,10649,445,656,11305,11094,1,1
T10_d12_385_a_3_jpg.rf.IBkboBPST7E4s061OL1g.jpg,0.3,1.0,1,10649,445,656,11305,11094,1,1
T10_d12_385_a_3_jpg.rf.IBkboBPST7E4s061OL1g.jpg,0.4,0.0,1,10649,445,656,11305,11094,1,1
T10_d12_385_a_3_jpg.rf.IBkboBPST7E4s061OL1g.jpg,0.4,0.1,1,10649,445,656,11305,11094,1,1
T10_d12_385_a_3_jpg.rf.IBkboBPST7E4s061OL1g.jpg,0.4,0.25,1,10649,445,656,11305,11094,1,1
T10_d12_385_a_3_jpg.rf.IBkboBPST7E4s061OL1g.jpg,0.4,0.5,1,10649,445,656,11305,11094,1,1
T10_d12_385_a_3_jpg.rf.IBkboBPST7E4s061OL1g.jpg,0.4,1.0,1,10649,445,656,11305,11094,1,1
T10_d12_385_a_3_jpg.rf.IBkboBPST7E4s061OL1g.jpg,0.5,0.0,1,10649,445,656,11305,11094,1,1
T10_d12_385_a_3_jpg.rf.IBkboBPST7E4s061OL1g.jpg,0.5,0.1,1,10649,445,656,11305,11094,1,1
T10_d12_385_a_3_jpg.rf.IBkboBPST7E4s061OL1g.jpg,0.5,0.25,1,10649,445,656,11305,11094,1,1
T10_d12_385_a_3_jpg.rf.IBkboBPST7E4s061OL1g.jpg,0.5,0.5,1,10649,445,656,11305,11094,1,1
T10_d12_385_a_3_jpg.rf.IBkboBPST7E4s061OL1g.jpg,0.5,1.0,1,10649,445,656,11305,11094,1,1
T10_d12_393_a_3_jpg.rf.mBM3HHU2gJsWHC3iHP67.jpg,0.15,0.0,1,0,0,0,0,0,0,0
T10_d12_393_a_3_jpg.rf.mBM3HHU2gJsWHC3iHP67.jpg,0.15,0.1,1,0,0,0,0,0,0,0
T10_d12_393_a_3_jpg.rf.mBM3HHU2gJsWHC3iHP67.jpg,0.15,0.25,1,0,0,0,0,0,0,0
T10_d12_393_a_3_jpg.rf.mBM3HHU2gJsWHC3iHP67.jpg,0.15,0.5,1,0,0,0,0,0,0,0
T10_d12_393_a_3_jpg.rf.mBM3HHU2gJsWHC3iHP67.jpg,0.15,1.0,1,0,0,0,0,0,0,0
T10_d12_393_a_3_jpg.rf.mBM3HHU2gJsWHC3iHP67.jpg,0.2,0.0,1,0,0,0,0,0,0,0
T10_d12_393_a_3_jpg.rf.mBM3HHU2gJsWHC3iHP67.jpg,0.2,0.1,1,0,0,0,0,0,0,0
T10_d12_393_a_3_jpg.rf.mBM3HHU2gJsWHC3iHP67.jpg,0.2,0.25,1,0,0,0,0,0,0,0
T10_d12_393_a_3_jpg.rf.mBM3HHU2gJsWHC3iHP67.jpg,0.2,0.5,1,0,0,0,0,0,0,0
T10_d12_393_a_3_jpg.rf.mBM3HHU2gJsWHC3iHP67.jpg,0.2,1.0,1,0,0,0,0,0,0,0
T10_d12_393_a_3_jpg.rf.mBM3HHU2gJsWHC3iHP67.jpg,0.25,0.0,1,0,0,0,0,0,0,0
T10_d12_393_a_3_jpg.rf.mBM3HHU2gJsWHC3iHP67.jpg,0.25,0.1,1,0,0,0,0,0,0,0
T10_d12_393_a_3_jpg.rf.mBM3HHU2gJsWHC3iHP67.jpg,0.25,0.25,1,0,0,0,0,0,0,0
T10_d12_393_a_3_jpg.rf.mBM3HHU2gJsWHC3iHP67.jpg,0.25,0.5,1,0,0,0,0,0,0,0
T10_d12_393_a_3_jpg.rf.mBM3HHU2gJsWHC3iHP67.jpg,0.25,1.0,1,0,0,0,0,0,0,0
T10_d12_393_a_3_jpg.rf.mBM3HHU2gJsWHC3iHP67.jpg,0.3,0.0,1,0,0,0,0,0,0,0
T10_d12_393_a_3_jpg.rf.mBM3HHU2gJsWHC3iHP67.jpg,0.3,0.1,1,0,0,0,0,0,0,0
T10_d12_393_a_3_jpg.rf.mBM3HHU2gJsWHC3iHP67.jpg,0.3,0.25,1,0,0,0,0,0,0,0
T10_d12_393_a_3_jpg.rf.mBM3HHU2gJsWHC3iHP67.jpg,0.3,0.5,1,0,0,0,0,0,0,0
T10_d12_393_a_3_jpg.rf.mBM3HHU2gJsWHC3iHP67.jpg,0.3,1.0,1,0,0,0,0,0,0,0
T10_d12_393_a_3_jpg.rf.mBM3HHU2gJsWHC3iHP67.jpg,0.4,0.0,1,0,0,0,0,0,0,0
T10_d12_393_a_3_jpg.rf.mBM3HHU2gJsWHC3iHP67.jpg,0.4,0.1,1,0,0,0,0,0,0,0
T10_d12_393_a_3_jpg.rf.mBM3HHU2gJsWHC3iHP67.jpg,0.4,0.25,1,0,0,0,0,0,0,0
T10_d12_393_a_3_jpg.rf.mBM3HHU2gJsWHC3iHP67.jpg,0.4,0.5,1,0,0,0,0,0,0,0
T10_d12_393_a_3_jpg.rf.mBM3HHU2gJsWHC3iHP67.jpg,0.4,1.0,1,0,0,0,0,0,0,0
T10_d12_393_a_3_jpg.rf.mBM3HHU2gJsWHC3iHP67.jpg,0.5,0.0,1,0,0,0,0,0,0,0
T10_d12_393_a_3_jpg.rf.mBM3HHU2gJsWHC3iHP67.jpg,0.5,0.1,1,0,0,0,0,0,0,0
T10_d12_393_a_3_jpg.rf.mBM3HHU2gJsWHC3iHP67.jpg,0.5,0.25,1,0,0,0,0,0,0,0
T10_d12_393_a_3_jpg.rf.mBM3HHU2gJsWHC3iHP67.jpg,0.5,0.5,1,0,0,0,0,0,0,0
T10_d12_393_a_3_jpg.rf.mBM3HHU2gJsWHC3iHP67.jpg,0.5,1.0,1,0,0,0,0,0,0,0
T10_d12_450_a_3_jpg.rf.NLexLZuLJySQiI7qJ9Af.jpg,0.15,0.0,1,4379,377,28,4407,4756,0,0
T10_d12_450_a_3_jpg.rf.NLexLZuLJySQiI7qJ9Af.jpg,0.15,0.1,1,4379,377,28,4407,4756,0,0
T10_d12_450_a_3_jpg.rf.NLexLZuLJySQiI7qJ9Af.jpg,0.15,0.25,1,4379,377,28,4407,4756,0,0
T10_d12_450_a_3_jpg.rf.NLexLZuLJySQiI7qJ9Af.jpg,0.15,0.5,1,4379,377,28,4407,4756,0,0
T10_d12_450_a_3_jpg.rf.NLexLZuLJySQiI7qJ9Af.jpg,0.15,1.0,1,4379,377,28,4407,4756,0,0
T10_d12_450_a_3_jpg.rf.NLexLZuLJySQiI7qJ9Af.jpg,0.2,0.0,1,4379,377,28,4407,4756,0,0
T10_d12_450_a_3_jpg.rf.NLexLZuLJySQiI7qJ9Af.jpg,0.2,0.1,1,4379,377,28,4407,4756,0,0
T10_d12_450_a_3_jpg.rf.NLexLZuLJySQiI7qJ9Af.jpg,0.2,0.25,1,4379,377,28,4407,4756,0,0
T10_d12_450_a_3_jpg.rf.NLexLZuLJySQiI7qJ9Af.jpg,0.2,0.5,1,4379,377,28,4407,4756,0,0
T10_d12_450_a_3_jpg.rf.NLexLZuLJySQiI7qJ9Af.jpg,0.2,1.0,1,4379,377,28,4407,4756,0,0
T10_d12_450_a_3_jpg.rf.NLexLZuLJySQiI7qJ9Af.jpg,0.25,0.0,1,4379,377,28,4407,4756,0,0
T10_d12_450_a_3_jpg.rf.NLexLZuLJySQiI7qJ9Af.jpg,0.25,0.1,1,4379,377,28,4407,4756,0,0
T10_d12_450_a_3_jpg.rf.NLexLZuLJySQiI7qJ9Af.jpg,0.25,0.25,1,4379,377,28,4407,4756,0,0
T10_d12_450_a_3_jpg.rf.NLexLZuLJySQiI7qJ9Af.jpg,0.25,0.5,1,4379,377,28,4407,4756,0,0
T10_d12_450_a_3_jpg.rf.NLexLZuLJySQiI7qJ9Af.jpg,0.25,1.0,1,4379,377,28,4407,4756,0,0
T10_d12_450_a_3_jpg.rf.NLexLZuLJySQiI7qJ9Af.jpg,0.3,0.0,1,4379,377,28,4407,4756,0,0
T10_d12_450_a_3_jpg.rf.NLexLZuLJySQiI7qJ9Af.jpg,0.3,0.1,1,4379,377,28,4407,4756,0,0
T10_d12_450_a_3_jpg.rf.NLexLZuLJySQiI7qJ9Af.jpg,0.3,0.25,1,4379,377,28,4407,4756,0,0
T10_d12_450_a_3_jpg.rf.NLexLZuLJySQiI7qJ9Af.jpg,0.3,0.5,1,4379,377,28,4407,4756,0,0
T10_d12_450_a_3_jpg.rf.NLexLZuLJySQiI7qJ9Af.jpg,0.3,1.0,1,4379,377,28,4407,4756,0,0
T10_d12_450_a_3_jpg.rf.NLexLZuLJySQiI7qJ9Af.jpg,0.4,0.0,1,4379,377,28,4407,4756,0,0
T10_d12_450_a_3_jpg.rf.NLexLZuLJySQiI7qJ9Af.jpg,0.4,0.1,1,4379,377,28,4407,4756,0,0
T10_d12_450_a_3_jpg.rf.NLexLZuLJySQiI7qJ9Af.jpg,0.4,0.25,1,4379,377,28,4407,4756,0,0
T10_d12_450_a_3_jpg.rf.NLexLZuLJySQiI7qJ9Af.jpg,0.4,0.5,1,4379,377,28,4407,4756,0,0
T10_d12_450_a_3_jpg.rf.NLexLZuLJySQiI7qJ9Af.jpg,0.4,1.0,1,4379,377,28,4407,4756,0,0
T10_d12_450_a_3_jpg.rf.NLexLZuLJySQiI7qJ9Af.jpg,0.5,0.0,1,4379,377,28,4407,4756,0,0
T10_d12_450_a_3_jpg.rf.NLexLZuLJySQiI7qJ9Af.jpg,0.5,0.1,1,4379,377,28,4407,4756,0,0
T10_d12_450_a_3_jpg.rf.NLexLZuLJySQiI7qJ9Af.jpg,0.5,0.25,1,4379,377,28,4407,4756,0,0
T10_d12_450_a_3_jpg.rf.NLexLZuLJySQiI7qJ9Af.jpg,0.5,0.5,1,4379,377,28,4407,4756,0,0
T10_d12_450_a_3_jpg.rf.NLexLZuLJySQiI7qJ9Af.jpg,0.5,1.0,1,4379,377,28,4407,4756,0,0
T10_d12_450_b_3_jpg.rf.7GNxQfHUW4EUsZ0wi6Al.jpg,0.15,0.0,1,0,0,2153,2153,0,0,0
T10_d12_450_b_3_jpg.rf.7GNxQfHUW4EUsZ0wi6Al.jpg,0.15,0.1,1,0,0,2153,2153,0,0,0
T10_d12_450_b_3_jpg.rf.7GNxQfHUW4EUsZ0wi6Al.jpg,0.15,0.25,1,0,0,2153,2153,0,0,0
T10_d12_450_b_3_jpg.rf.7GNxQfHUW4EUsZ0wi6Al.jpg,0.15,0.5,1,0,0,2153,2153,0,0,0
T10_d12_450_b_3_jpg.rf.7GNxQfHUW4EUsZ0wi6Al.jpg,0.15,1.0,1,0,0,2153,2153,0,0,0
T10_d12_450_b_3_jpg.rf.7GNxQfHUW4EUsZ0wi6Al.jpg,0.2,0.0,1,0,0,2153,2153,0,0,0
T10_d12_450_b_3_jpg.rf.7GNxQfHUW4EUsZ0wi6Al.jpg,0.2,0.1,1,0,0,2153,2153,0,0,0
T10_d12_450_b_3_jpg.rf.7GNxQfHUW4EUsZ0wi6Al.jpg,0.2,0.25,1,0,0,2153,2153,0,0,0
T10_d12_450_b_3_jpg.rf.7GNxQfHUW4EUsZ0wi6Al.jpg,0.2,0.5,1,0,0,2153,2153,0,0,0
T10_d12_450_b_3_jpg.rf.7GNxQfHUW4EUsZ0wi6Al.jpg,0.2,1.0,1,0,0,2153,2153,0,0,0
T10_d12_450_b_3_jpg.rf.7GNxQfHUW4EUsZ0wi6Al.jpg,0.25,0.0,1,0,0,2153,2153,0,0,0
T10_d12_450_b_3_jpg.rf.7GNxQfHUW4EUsZ0wi6Al.jpg,0.25,0.1,1,0,0,2153,2153,0,0,0
T10_d12_450_b_3_jpg.rf.7GNxQfHUW4EUsZ0wi6Al.jpg,0.25,0.25,1,0,0,2153,2153,0,0,0
T10_d12_450_b_3_jpg.rf.7GNxQfHUW4EUsZ0wi6Al.jpg,0.25,0.5,1,0,0,2153,2153,0,0,0
T10_d12_450_b_3_jpg.rf.7GNxQfHUW4EUsZ0wi6Al.jpg,0.25,1.0,1,0,0,2153,2153,0,0,0
T10_d12_450_b_3_jpg.rf.7GNxQfHUW4EUsZ0wi6Al.jpg,0.3,0.0,1,0,0,2153,2153,0,0,0
T10_d12_450_b_3_jpg.rf.7GNxQfHUW4EUsZ0wi6Al.jpg,0.3,0.1,1,0,0,2153,2153,0,0,0
T10_d12_450_b_3_jpg.rf.7GNxQfHUW4EUsZ0wi6Al.jpg,0.3,0.25,1,0,0,2153,2153,0,0,0
T10_d12_450_b_3_jpg.rf.7GNxQfHUW4EUsZ0wi6Al.jpg,0.3,0.5,1,0,0,2153,2153,0,0,0
T10_d12_450_b_3_jpg.rf.7GNxQfHUW4EUsZ0wi6Al.jpg,0.3,1.0,1,0,0,2153,2153,0,0,0
T10_d12_450_b_3_jpg.rf.7GNxQfHUW4EUsZ0wi6Al.jpg,0.4,0.0,1,0,0,2153,2153,0,0,0
T10_d12_450_b_3_jpg.rf.7GNxQfHUW4EUsZ0wi6Al.jpg,0.4,0.1,1,0,0,2153,2153,0,0,0
T10_d12_450_b_3_jpg.rf.7GNxQfHUW4EUsZ0wi6Al.jpg,0.4,0.25,1,0,0,2153,2153,0,0,0
T10_d12_450_b_3_jpg.rf.7GNxQfHUW4EUsZ0wi6Al.jpg,0.4,0.5,1,0,0,2153,2153,0,0,0
T10_d12_450_b_3_jpg.rf.7GNxQfHUW4EUsZ0wi6Al.jpg,0.4,1.0,1,0,0,2153,2153,0,0,0
T10_d12_450_b_3_jpg.rf.7GNxQfHUW4EUsZ0wi6Al.jpg,0.5,0.0,1,0,0,2153,2153,0,0,0
T10_d12_450_b_3_jpg.rf.7GNxQfHUW4EUsZ0wi6Al.jpg,0.5,0.1,1,0,0,2153,2153,0,0,0
T10_d12_450_b_3_jpg.rf.7GNxQfHUW4EUsZ0wi6Al.jpg,0.5,0.25,1,0,0,2153,2153,0,0,0
T10_d12_450_b_3_jpg.rf.7GNxQfHUW4EUsZ0wi6Al.jpg,0.5,0.5,1,0,0,2153,2153,0,0,0
T10_d12_450_b_3_jpg.rf.7GNxQfHUW4EUsZ0wi6Al.jpg,0.5,1.0,1,0,0,2153,2153,0,0,0
T10_d13_254_b_3_jpg.rf.Sx2A51UpHbfPtGS09ZNa.jpg,0.15,0.0,0,30263,42425,2821,33084,72688,2,2
T10_d13_254_b_3_jpg.rf.Sx2A51UpHbfPtGS09ZNa.jpg,0.15,0.1,0,30263,42425,2821,33084,72688,2,2
T10_d13_254_b_3_jpg.rf.Sx2A51UpHbfPtGS09ZNa.jpg,0.15,0.25,0,30263,42425,2821,33084,72688,2,2
T10_d13_254_b_3_jpg.rf.Sx2A51UpHbfPtGS09ZNa.jpg,0.15,0.5,0,30263,42425,2821,33084,72688,2,2
T10_d13_254_b_3_jpg.rf.Sx2A51UpHbfPtGS09ZNa.jpg,0.15,1.0,0,30263,42425,2821,33084,72688,2,2
T10_d13_254_b_3_jpg.rf.Sx2A51UpHbfPtGS09ZNa.jpg,0.2,0.0,0,29740,41503,3344,33084,71243,2,2
T10_d13_254_b_3_jpg.rf.Sx2A51UpHbfPtGS09ZNa.jpg,0.2,0.1,0,29740,41503,3344,33084,71243,2,2
T10_d13_254_b_3_jpg.rf.Sx2A51UpHbfPtGS09ZNa.jpg,0.2,0.25,0,29740,41503,3344,33084,71243,2,2
T10_d13_254_b_3_jpg.rf.Sx2A51UpHbfPtGS09ZNa.jpg,0.2,0.5,0,29740,41503,3344,33084,71243,2,2
T10_d13_254_b_3_jpg.rf.Sx2A51UpHbfPtGS09ZNa.jpg,0.2,1.0,0,29740,41503,3344,33084,71243,2,2
T10_d13_254_b_3_jpg.rf.Sx2A51UpHbfPtGS09ZNa.jpg,0.25,0.0,1,28547,11724,4537,33084,40271,2,2
T10_d13_254_b_3_jpg.rf.Sx2A51UpHbfPtGS09ZNa.jpg,0.25,0.1,1,28547,11724,4537,33084,40271,2,2
T10_d13_254_b_3_jpg.rf.Sx2A51UpHbfPtGS09ZNa.jpg,0.25,0.25,1,28547,11724,4537,33084,40271,2,2
T10_d13_254_b_3_jpg.rf.Sx2A51UpHbfPtGS09ZNa.jpg,0.25,0.5,1,28547,11724,4537,33084,40271,2,2
T10_d13_254_b_3_jpg.rf.Sx2A51UpHbfPtGS09ZNa.jpg,0.25,1.0,1,28547,11724,4537,33084,40271,2,2
T10_d13_254_b_3_jpg.rf.Sx2A51UpHbfPtGS09ZNa.jpg,0.3,0.0,1,28547,11724,4537,33084,40271,2,2
T10_d13_254_b_3_jpg.rf.Sx2A51UpHbfPtGS09ZNa.jpg,0.3,0.1,1,28547,11724,4537,33084,40271,2,2
T10_d13_254_b_3_jpg.rf.Sx2A51UpHbfPtGS09ZNa.jpg,0.3,0.25,1,28547,11724,4537,33084,40271,2,2
T10_d13_254_b_3_jpg.rf.Sx2A51UpHbfPtGS09ZNa.jpg,0.3,0.5,1,28547,11724,4537,33084,40271,2,2
T10_d13_254_b_3_jpg.rf.Sx2A51UpHbfPtGS09ZNa.jpg,0.3,1.0,1,28547,11724,4537,33084,40271,2,2
T10_d13_254_b_3_jpg.rf.Sx2A51UpHbfPtGS09ZNa.jpg,0.4,0.0,1,28547,11724,4537,33084,40271,2,2
T10_d13_254_b_3_jpg.rf.Sx2A51UpHbfPtGS09ZNa.jpg,0.4,0.1,1,28547,11724,4537,33084,40271,2,2
T10_d13_254_b_3_jpg.rf.Sx2A51UpHbfPtGS09ZNa.jpg,0.4,0.25,1,28547,11724,4537,33084,40271,2,2
T10_d13_254_b_3_jpg.rf.Sx2A51UpHbfPtGS09ZNa.jpg,0.4,0.5,1,28547,11724,4537,33084,40271,2,2
T10_d13_254_b_3_jpg.rf.Sx2A51UpHbfPtGS09ZNa.jpg,0.4,1.0,1,28547,11724,4537,33084,40271,2,2
T10_d13_254_b_3_jpg.rf.Sx2A51UpHbfPtGS09ZNa.jpg,0.5,0.0,1,28547,11724,4537,33084,40271,2,2
T10_d13_254_b_3_jpg.rf.Sx2A51UpHbfPtGS09ZNa.jpg,0.5,0.1,1,28547,11724,4537,33084,40271,2,2
T10_d13_254_b_3_jpg.rf.Sx2A51UpHbfPtGS09ZNa.jpg,0.5,0.25,1,28547,11724,4537,33084,40271,2,2
T10_d13_254_b_3_jpg.rf.Sx2A51UpHbfPtGS09ZNa.jpg,0.5,0.5,1,28547,11724,4537,33084,40271,2,2
T10_d13_254_b_3_jpg.rf.Sx2A51UpHbfPtGS09ZNa.jpg,0.5,1.0,1,28547,11724,4537,33084,40271,2,2
T10_d13_368_b_3_jpg.rf.eygl1yG7AKyaExEB002f.jpg,0.15,0.0,1,0,0,0,0,0,0,0
T10_d13_368_b_3_jpg.rf.eygl1yG7AKyaExEB002f.jpg,0.15,0.1,1,0,0,0,0,0,0,0
T10_d13_368_b_3_jpg.rf.eygl1yG7AKyaExEB002f.jpg,0.15,0.25,1,0,0,0,0,0,0,0
T10_d13_368_b_3_jpg.rf.eygl1yG7AKyaExEB002f.jpg,0.15,0.5,1,0,0,0,0,0,0,0
T10_d13_368_b_3_jpg.rf.eygl1yG7AKyaExEB002f.jpg,0.15,1.0,1,0,0,0,0,0,0,0
T10_d13_368_b_3_jpg.rf.eygl1yG7AKyaExEB002f.jpg,0.2,0.0,1,0,0,0,0,0,0,0
T10_d13_368_b_3_jpg.rf.eygl1yG7AKyaExEB002f.jpg,0.2,0.1,1,0,0,0,0,0,0,0
T10_d13_368_b_3_jpg.rf.eygl1yG7AKyaExEB002f.jpg,0.2,0.25,1,0,0,0,0,0,0,0
T10_d13_368_b_3_jpg.rf.eygl1yG7AKyaExEB002f.jpg,0.2,0.5,1,0,0,0,0,0,0,0
T10_d13_368_b_3_jpg.rf.eygl1yG7AKyaExEB002f.jpg,0.2,1.0,1,0,0,0,0,0,0,0
T10_d13_368_b_3_jpg.rf.eygl1yG7AKyaExEB002f.jpg,0.25,0.0,1,0,0,0,0,0,0,0
T10_d13_368_b_3_jpg.rf.eygl1yG7AKyaExEB002f.jpg,0.25,0.1,1,0,0,0,0,0,0,0
T10_d13_368_b_3_jpg.rf.eygl1yG7AKyaExEB002f.jpg,0.25,0.25,1,0,0,0,0,0,0,0
T10_d13_368_b_3_jpg.rf.eygl1yG7AKyaExEB002f.jpg,0.25,0.5,1,0,0,0,0,0,0,0
T10_d13_368_b_3_jpg.rf.eygl1yG7AKyaExEB002f.jpg,0.25,1.0,1,0,0,0,0,0,0,0
T10_d13_368_b_3_jpg.rf.eygl1yG7AKyaExEB002f.jpg,0.3,0.0,1,0,0,0,0,0,0,0
T10_d13_368_b_3_jpg.rf.eygl1yG7AKyaExEB002f.jpg,0.3,0.1,1,0,0,0,0,0,0,0
T10_d13_368_b_3_jpg.rf.eygl1yG7AKyaExEB002f.jpg,0.3,0.25,1,0,0,0,0,0,0,0
T10_d13_368_b_3_jpg.rf.eygl1yG7AKyaExEB002f.jpg,0.3,0.5,1,0,0,0,0,0,0,0
T10_d13_368_b_3_jpg.rf.eygl1yG7AKyaExEB002f.jpg,0.3,1.0,1,0,0,0,0,0,0,0
T10_d13_368_b_3_jpg.rf.eygl1yG7AKyaExEB002f.jpg,0.4,0.0,1,0,0,0,0,0,0,0
T10_d13_368_b_3_jpg.rf.eygl1yG7AKyaExEB002f.jpg,0.4,0.1,1,0,0,0,0,0,0,0
T10_d13_368_b_3_jpg.rf.eygl1yG7AKyaExEB002f.jpg,0.4,0.25,1,0,0,0,0,0,0,0
T10_d13_368_b_3_jpg.rf.eygl1yG7AKyaExEB002f.jpg,0.4,0.5,1,0,0,0,0,0,0,0
T10_d13_368_b_3_jpg.rf.eygl1yG7AKyaExEB002f.jpg,0.4,1.0,1,0,0,0,0,0,0,0
T10_d13_368_b_3_jpg.rf.eygl1yG7AKyaExEB002f.jpg,0.5,0.0,1,0,0,0,0,0,0,0
T10_d13_368_b_3_jpg.rf.eygl1yG7AKyaExEB002f.jpg,0.5,0.1,1,0,0,0,0,0,0,0
T10_d13_368_b_3_jpg.rf.eygl1yG7AKyaExEB002f.jpg,0.5,0.25,1,0,0,0,0,0,0,0
T10_d13_368_b_3_jpg.rf.eygl1yG7AKyaExEB002f.jpg,0.5,0.5,1,0,0,0,0,0,0,0
T10_d13_368_b_3_jpg.rf.eygl1yG7AKyaExEB002f.jpg,0.5,1.0,1,0,0,0,0,0,0,0
T10_d13_406_b_3_jpg.rf.onjDCfgsR6KNYvPZD9OI.jpg,0.15,0.0,0,11878,53285,171,12049,65163,2,2
T10_d13_406_b_3_jpg.rf.onjDCfgsR6KNYvPZD9OI.jpg,0.15,0.1,0,11878,53285,171,12049,65163,2,2
T10_d13_406_b_3_jpg.rf.onjDCfgsR6KNYvPZD9OI.jpg,0.15,0.25,0,11878,53285,171,12049,65163,2,2
T10_d13_406_b_3_jpg.rf.onjDCfgsR6KNYvPZD9OI.jpg,0.15,0.5,0,11878,53285,171,12049,65163,2,2
T10_d13_406_b_3_jpg.rf.onjDCfgsR6KNYvPZD9OI.jpg,0.15,1.0,1,11878,53285,171,12049,65163,2,2
T10_d13_406_b_3_jpg.rf.onjDCfgsR6KNYvPZD9OI.jpg,0.2,0.0,0,10937,45811,1112,12049,56748,2,2
T10_d13_406_b_3_jpg.rf.onjDCfgsR6KNYvPZD9OI.jpg,0.2,0.1,0,10937,45811,1112,12049,56748,2,2
T10_d13_406_b_3_jpg.rf.onjDCfgsR6KNYvPZD9OI.jpg,0.2,0.25,0,10937,45811,1112,12049,56748,2,2
T10_d13_406_b_3_jpg.rf.onjDCfgsR6KNYvPZD9OI.jpg,0.2,0.5,0,10937,45811,1112,12049,56748,2,2
T10_d13_406_b_3_jpg.rf.onjDCfgsR6KNYvPZD9OI.jpg,0.2,1.0,1,10937,45811,1112,12049,56748,2,2
T10_d13_406_b_3_jpg.rf.onjDCfgsR6KNYvPZD9OI.jpg,0.25,0.0,1,0,0,12049,12049,0,2,0
T10_d13_406_b_3_jpg.rf.onjDCfgsR6KNYvPZD9OI.jpg,0.25,0.1,1,0,0,12049,12049,0,2,0
T10_d13_406_b_3_jpg.rf.onjDCfgsR6KNYvPZD9OI.jpg,0.25,0.25,1,0,0,12049,12049,0,2,0
T10_d13_406_b_3_jpg.rf.onjDCfgsR6KNYvPZD9OI.jpg,0.25,0.5,1,0,0,12049,12049,0,2,0
T10_d13_406_b_3_jpg.rf.onjDCfgsR6KNYvPZD9OI.jpg,0.25,1.0,1,0,0,12049,12049,0,2,0
T10_d13_406_b_3_jpg.rf.onjDCfgsR6KNYvPZD9OI.jpg,0.3,0.0,1,0,0,12049,12049,0,2,0
T10_d13_406_b_3_jpg.rf.onjDCfgsR6KNYvPZD9OI.jpg,0.3,0.1,1,0,0,12049,12049,0,2,0
T10_d13_406_b_3_jpg.rf.onjDCfgsR6KNYvPZD9OI.jpg,0.3,0.25,1,0,0,12049,12049,0,2,0
T10_d13_406_b_3_jpg.rf.onjDCfgsR6KNYvPZD9OI.jpg,0.3,0.5,1,0,0,12049,12049,0,2,0
T10_d13_406_b_3_jpg.rf.onjDCfgsR6KNYvPZD9OI.jpg,0.3,1.0,1,0,0,12049,12049,0,2,0
T10_d13_406_b_3_jpg.rf.onjDCfgsR6KNYvPZD9OI.jpg,0.4,0.0,1,0,0,12049,12049,0,2,0
T10_d13_406_b_3_jpg.rf.onjDCfgsR6KNYvPZD9OI.jpg,0.4,0.1,1,0,0,12049,12049,0,2,0
T10_d13_406_b_3_jpg.rf.onjDCfgsR6KNYvPZD9OI.jpg,0.4,0.25,1,0,0,12049,12049,0,2,0
T10_d13_406_b_3_jpg.rf.onjDCfgsR6KNYvPZD9OI.jpg,0.4,0.5,1,0,0,12049,12049,0,2,0
T10_d13_406_b_3_jpg.rf.onjDCfgsR6KNYvPZD9OI.jpg,0.4,1.0,1,0,0,12049,12049,0,2,0
T10_d13_406_b_3_jpg.rf.onjDCfgsR6KNYvPZD9OI.jpg,0.5,0.0,1,0,0,12049,12049,0,2,0
T10_d13_406_b_3_jpg.rf.onjDCfgsR6KNYvPZD9OI.jpg,0.5,0.1,1,0,0,12049,12049,0,2,0
T10_d13_406_b_3_jpg.rf.onjDCfgsR6KNYvPZD9OI.jpg,0.5,0.25,1,0,0,12049,12049,0,2,0
T10_d13_406_b_3_jpg.rf.onjDCfgsR6KNYvPZD9OI.jpg,0.5,0.5,1,0,0,12049,12049,0,2,0
T10_d13_406_b_3_jpg.rf.onjDCfgsR6KNYvPZD9OI.jpg,0.5,1.0,1,0,0,12049,12049,0,2,0
T10_d13_430_a_3_jpg.rf.hz5RykfTVtcUZdr0g8Nt.jpg,0.15,0.0,1,0,0,1158,1158,0,0,0
T10_d13_430_a_3_jpg.rf.hz5RykfTVtcUZdr0g8Nt.jpg,0.15,0.1,1,0,0,1158,1158,0,0,0
T10_d13_430_a_3_jpg.rf.hz5RykfTVtcUZdr0g8Nt.jpg,0.15,0.25,1,0,0,1158,1158,0,0,0
T10_d13_430_a_3_jpg.rf.hz5RykfTVtcUZdr0g8Nt.jpg,0.15,0.5,1,0,0,1158,1158,0,0,0
T10_d13_430_a_3_jpg.rf.hz5RykfTVtcUZdr0g8Nt.jpg,0.15,1.0,1,0,0,1158,1158,0,0,0
T10_d13_430_a_3_jpg.rf.hz5RykfTVtcUZdr0g8Nt.jpg,0.2,0.0,1,0,0,1158,1158,0,0,0
T10_d13_430_a_3_jpg.rf.hz5RykfTVtcUZdr0g8Nt.jpg,0.2,0.1,1,0,0,1158,1158,0,0,0
T10_d13_430_a_3_jpg.rf.hz5RykfTVtcUZdr0g8Nt.jpg,0.2,0.25,1,0,0,1158,1158,0,0,0
T10_d13_430_a_3_jpg.rf.hz5RykfTVtcUZdr0g8Nt.jpg,0.2,0.5,1,0,0,1158,1158,0,0,0
T10_d13_430_a_3_jpg.rf.hz5RykfTVtcUZdr0g8Nt.jpg,0.2,1.0,1,0,0,1158,1158,0,0,0
T10_d13_430_a_3_jpg.rf.hz5RykfTVtcUZdr0g8Nt.jpg,0.25,0.0,1,0,0,1158,1158,0,0,0
T10_d13_430_a_3_jpg.rf.hz5RykfTVtcUZdr0g8Nt.jpg,0.25,0.1,1,0,0,1158,1158,0,0,0
T10_d13_430_a_3_jpg.rf.hz5RykfTVtcUZdr0g8Nt.jpg,0.25,0.25,1,0,0,1158,1158,0,0,0
T10_d13_430_a_3_jpg.rf.hz5RykfTVtcUZdr0g8Nt.jpg,0.25,0.5,1,0,0,1158,1158,0,0,0
T10_d13_430_a_3_jpg.rf.hz5RykfTVtcUZdr0g8Nt.jpg,0.25,1.0,1,0,0,1158,1158,0,0,0
T10_d13_430_a_3_jpg.rf.hz5RykfTVtcUZdr0g8Nt.jpg,0.3,0.0,1,0,0,1158,1158,0,0,0
T10_d13_430_a_3_jpg.rf.hz5RykfTVtcUZdr0g8Nt.jpg,0.3,0.1,1,0,0,1158,1158,0,0,0
T10_d13_430_a_3_jpg.rf.hz5RykfTVtcUZdr0g8Nt.jpg,0.3,0.25,1,0,0,1158,1158,0,0,0
T10_d13_430_a_3_jpg.rf.hz5RykfTVtcUZdr0g8Nt.jpg,0.3,0.5,1,0,0,1158,1158,0,0,0
T10_d13_430_a_3_jpg.rf.hz5RykfTVtcUZdr0g8Nt.jpg,0.3,1.0,1,0,0,1158,1158,0,0,0
T10_d13_430_a_3_jpg.rf.hz5RykfTVtcUZdr0g8Nt.jpg,0.4,0.0,1,0,0,1158,1158,0,0,0
T10_d13_430_a_3_jpg.rf.hz5RykfTVtcUZdr0g8Nt.jpg,0.4,0.1,1,0,0,1158,1158,0,0,0
T10_d13_430_a_3_jpg.rf.hz5RykfTVtcUZdr0g8Nt.jpg,0.4,0.25,1,0,0,1158,1158,0,0,0
T10_d13_430_a_3_jpg.rf.hz5RykfTVtcUZdr0g8Nt.jpg,0.4,0.5,1,0,0,1158,1158,0,0,0
T10_d13_430_a_3_jpg.rf.hz5RykfTVtcUZdr0g8Nt.jpg,0.4,1.0,1,0,0,1158,1158,0,0,0
T10_d13_430_a_3_jpg.rf.hz5RykfTVtcUZdr0g8Nt.jpg,0.5,0.0,1,0,0,1158,1158,0,0,0
T10_d13_430_a_3_jpg.rf.hz5RykfTVtcUZdr0g8Nt.jpg,0.5,0.1,1,0,0,1158,1158,0,0,0
T10_d13_430_a_3_jpg.rf.hz5RykfTVtcUZdr0g8Nt.jpg,0.5,0.25,1,0,0,1158,1158,0,0,0
T10_d13_430_a_3_jpg.rf.hz5RykfTVtcUZdr0g8Nt.jpg,0.5,0.5,1,0,0,1158,1158,0,0,0
T10_d13_430_a_3_jpg.rf.hz5RykfTVtcUZdr0g8Nt.jpg,0.5,1.0,1,0,0,1158,1158,0,0,0
T10_d14_014_a_3_jpg.rf.4VQeZuX98ZrBplVJPsrH.jpg,0.15,0.0,1,0,0,0,0,0,0,0
T10_d14_014_a_3_jpg.rf.4VQeZuX98ZrBplVJPsrH.jpg,0.15,0.1,1,0,0,0,0,0,0,0
T10_d14_014_a_3_jpg.rf.4VQeZuX98ZrBplVJPsrH.jpg,0.15,0.25,1,0,0,0,0,0,0,0
T10_d14_014_a_3_jpg.rf.4VQeZuX98ZrBplVJPsrH.jpg,0.15,0.5,1,0,0,0,0,0,0,0
T10_d14_014_a_3_jpg.rf.4VQeZuX98ZrBplVJPsrH.jpg,0.15,1.0,1,0,0,0,0,0,0,0
T10_d14_014_a_3_jpg.rf.4VQeZuX98ZrBplVJPsrH.jpg,0.2,0.0,1,0,0,0,0,0,0,0
T10_d14_014_a_3_jpg.rf.4VQeZuX98ZrBplVJPsrH.jpg,0.2,0.1,1,0,0,0,0,0,0,0
T10_d14_014_a_3_jpg.rf.4VQeZuX98ZrBplVJPsrH.jpg,0.2,0.25,1,0,0,0,0,0,0,0
T10_d14_014_a_3_jpg.rf.4VQeZuX98ZrBplVJPsrH.jpg,0.2,0.5,1,0,0,0,0,0,0,0
T10_d14_014_a_3_jpg.rf.4VQeZuX98ZrBplVJPsrH.jpg,0.2,1.0,1,0,0,0,0,0,0,0
T10_d14_014_a_3_jpg.rf.4VQeZuX98ZrBplVJPsrH.jpg,0.25,0.0,1,0,0,0,0,0,0,0
T10_d14_014_a_3_jpg.rf.4VQeZuX98ZrBplVJPsrH.jpg,0.25,0.1,1,0,0,0,0,0,0,0
T10_d14_014_a_3_jpg.rf.4VQeZuX98ZrBplVJPsrH.jpg,0.25,0.25,1,0,0,0,0,0,0,0
T10_d14_014_a_3_jpg.rf.4VQeZuX98ZrBplVJPsrH.jpg,0.25,0.5,1,0,0,0,0,0,0,0
T10_d14_014_a_3_jpg.rf.4VQeZuX98ZrBplVJPsrH.jpg,0.25,1.0,1,0,0,0,0,0,0,0
T10_d14_014_a_3_jpg.rf.4VQeZuX98ZrBplVJPsrH.jpg,0.3,0.0,1,0,0,0,0,0,0,0
T10_d14_014_a_3_jpg.rf.4VQeZuX98ZrBplVJPsrH.jpg,0.3,0.1,1,0,0,0,0,0,0,0
T10_d14_014_a_3_jpg.rf.4VQeZuX98ZrBplVJPsrH.jpg,0.3,0.25,1,0,0,0,0,0,0,0
T10_d14_014_a_3_jpg.rf.4VQeZuX98ZrBplVJPsrH.jpg,0.3,0.5,1,0,0,0,0,0,0,0
T10_d14_014_a_3_jpg.rf.4VQeZuX98ZrBplVJPsrH.jpg,0.3,1.0,1,0,0,0,0,0,0,0
T10_d14_014_a_3_jpg.rf.4VQeZuX98ZrBplVJPsrH.jpg,0.4,0.0,1,0,0,0,0,0,0,0
T10_d14_014_a_3_jpg.rf.4VQeZuX98ZrBplVJPsrH.jpg,0.4,0.1,1,0,0,0,0,0,0,0
T10_d14_014_a_3_jpg.rf.4VQeZuX98ZrBplVJPsrH.jpg,0.4,0.25,1,0,0,0,0,0,0,0
T10_d14_014_a_3_jpg.rf.4VQeZuX98ZrBplVJPsrH.jpg,0.4,0.5,1,0,0,0,0,0,0,0
T10_d14_014_a_3_jpg.rf.4VQeZuX98ZrBplVJPsrH.jpg,0.4,1.0,1,0,0,0,0,0,0,0
T10_d14_014_a_3_jpg.rf.4VQeZuX98ZrBplVJPsrH.jpg,0.5,0.0,1,0,0,0,0,0,0,0
T10_d14_014_a_3_jpg.rf.4VQeZuX98ZrBplVJPsrH.jpg,0.5,0.1,1,0,0,0,0,0,0,0
T10_d14_014_a_3_jpg.rf.4VQeZuX98ZrBplVJPsrH.jpg,0.5,0.25,1,0,0,0,0,0,0,0
T10_d14_014_a_3_jpg.rf.4VQeZuX98ZrBplVJPsrH.jpg,0.5,0.5,1,0,0,0,0,0,0,0
T10_d14_014_a_3_jpg.rf.4VQeZuX98ZrBplVJPsrH.jpg,0.5,1.0,1,0,0,0,0,0,0,0
T10_d14_254_a_3_jpg.rf.CRkMN0C3vgTAE8lbUCbZ.jpg,0.15,0.0,1,0,0,2455,2455,0,0,0
T10_d14_254_a_3_jpg.rf.CRkMN0C3vgTAE8lbUCbZ.jpg,0.15,0.1,1,0,0,2455,2455,0,0,0
T10_d14_254_a_3_jpg.rf.CRkMN0C3vgTAE8lbUCbZ.jpg,0.15,0.25,1,0,0,2455,2455,0,0,0
T10_d14_254_a_3_jpg.rf.CRkMN0C3vgTAE8lbUCbZ.jpg,0.15,0.5,1,0,0,2455,2455,0,0,0
T10_d14_254_a_3_jpg.rf.CRkMN0C3vgTAE8lbUCbZ.jpg,0.15,1.0,1,0,0,2455,2455,0,0,0
T10_d14_254_a_3_jpg.rf.CRkMN0C3vgTAE8lbUCbZ.jpg,0.2,0.0,1,0,0,2455,2455,0,0,0
T10_d14_254_a_3_jpg.rf.CRkMN0C3vgTAE8lbUCbZ.jpg,0.2,0.1,1,0,0,2455,2455,0,0,0
T10_d14_254_a_3_jpg.rf.CRkMN0C3vgTAE8lbUCbZ.jpg,0.2,0.25,1,0,0,2455,2455,0,0,0
T10_d14_254_a_3_jpg.rf.CRkMN0C3vgTAE8lbUCbZ.jpg,0.2,0.5,1,0,0,2455,2455,0,0,0
T10_d14_254_a_3_jpg.rf.CRkMN0C3vgTAE8lbUCbZ.jpg,0.2,1.0,1,0,0,2455,2455,0,0,0
T10_d14_254_a_3_jpg.rf.CRkMN0C3vgTAE8lbUCbZ.jpg,0.25,0.0,1,0,0,2455,2455,0,0,0
T10_d14_254_a_3_jpg.rf.CRkMN0C3vgTAE8lbUCbZ.jpg,0.25,0.1,1,0,0,2455,2455,0,0,0
T10_d14_254_a_3_jpg.rf.CRkMN0C3vgTAE8lbUCbZ.jpg,0.25,0.25,1,0,0,2455,2455,0,0,0
T10_d14_254_a_3_jpg.rf.CRkMN0C3vgTAE8lbUCbZ.jpg,0.25,0.5,1,0,0,2455,2455,0,0,0
T10_d14_254_a_3_jpg.rf.CRkMN0C3vgTAE8lbUCbZ.jpg,0.25,1.0,1,0,0,2455,2455,0,0,0
T10_d14_254_a_3_jpg.rf.CRkMN0C3vgTAE8lbUCbZ.jpg,0.3,0.0,1,0,0,2455,2455,0,0,0
T10_d14_254_a_3_jpg.rf.CRkMN0C3vgTAE8lbUCbZ.jpg,0.3,0.1,1,0,0,2455,2455,0,0,0
T10_d14_254_a_3_jpg.rf.CRkMN0C3vgTAE8lbUCbZ.jpg,0.3,0.25,1,0,0,2455,2455,0,0,0
T10_d14_254_a_3_jpg.rf.CRkMN0C3vgTAE8lbUCbZ.jpg,0.3,0.5,1,0,0,2455,2455,0,0,0
T10_d14_254_a_3_jpg.rf.CRkMN0C3vgTAE8lbUCbZ.jpg,0.3,1.0,1,0,0,2455,2455,0,0,0
T10_d14_254_a_3_jpg.rf.CRkMN0C3vgTAE8lbUCbZ.jpg,0.4,0.0,1,0,0,2455,2455,0,0,0
T10_d14_254_a_3_jpg.rf.CRkMN0C3vgTAE8lbUCbZ.jpg,0.4,0.1,1,0,0,2455,2455,0,0,0
T10_d14_254_a_3_jpg.rf.CRkMN0C3vgTAE8lbUCbZ.jpg,0.4,0.25,1,0,0,2455,2455,0,0,0
T10_d14_254_a_3_jpg.rf.CRkMN0C3vgTAE8lbUCbZ.jpg,0.4,0.5,1,0,0,2455,2455,0,0,0
T10_d14_254_a_3_jpg.rf.CRkMN0C3vgTAE8lbUCbZ.jpg,0.4,1.0,1,0,0,2455,2455,0,0,0
T10_d14_254_a_3_jpg.rf.CRkMN0C3vgTAE8lbUCbZ.jpg,0.5,0.0,1,0,0,2455,2455,0,0,0
T10_d14_254_a_3_jpg.rf.CRkMN0C3vgTAE8lbUCbZ.jpg,0.5,0.1,1,0,0,2455,2455,0,0,0
T10_d14_254_a_3_jpg.rf.CRkMN0C3vgTAE8lbUCbZ.jpg,0.5,0.25,1,0,0,2455,2455,0,0,0
T10_d14_254_a_3_jpg.rf.CRkMN0C3vgTAE8lbUCbZ.jpg,0.5,0.5,1,0,0,2455,2455,0,0,0
T10_d14_254_a_3_jpg.rf.CRkMN0C3vgTAE8lbUCbZ.jpg,0.5,1.0,1,0,0,2455,2455,0,0,0
T10_d14_368_a_3_jpg.rf.YrDfhVDDhUA823ZwpqoP.jpg,0.15,0.0,0,11955,1144,153,12108,13099,1,1
T10_d14_368_a_3_jpg.rf.YrDfhVDDhUA823ZwpqoP.jpg,0.15,0.1,0,11955,1144,153,12108,13099,1,1
T10_d14_368_a_3_jpg.rf.YrDfhVDDhUA823ZwpqoP.jpg,0.15,0.25,0,11955,1144,153,12108,13099,1,1
T10_d14_368_a_3_jpg.rf.YrDfhVDDhUA823ZwpqoP.jpg,0.15,0.5,0,11955,1144,153,12108,13099,1,1
T10_d14_368_a_3_jpg.rf.YrDfhVDDhUA823ZwpqoP.jpg,0.15,1.0,1,11955,1144,153,12108,13099,1,1
T10_d14_368_a_3_jpg.rf.YrDfhVDDhUA823ZwpqoP.jpg,0.2,0.0,0,11955,1144,153,12108,13099,1,1
T10_d14_368_a_3_jpg.rf.YrDfhVDDhUA823ZwpqoP.jpg,0.2,0.1,0,11955,1144,153,12108,13099,1,1
T10_d14_368_a_3_jpg.rf.YrDfhVDDhUA823ZwpqoP.jpg,0.2,0.25,0,11955,1144,153,12108,13099,1,1
T10_d14_368_a_3_jpg.rf.YrDfhVDDhUA823ZwpqoP.jpg,0.2,0.5,0,11955,1144,153,12108,13099,1,1
T10_d14_368_a_3_jpg.rf.YrDfhVDDhUA823ZwpqoP.jpg,0.2,1.0,1,11955,1144,153,12108,13099,1,1
T10_d14_368_a_3_jpg.rf.YrDfhVDDhUA823ZwpqoP.jpg,0.25,0.0,0,11955,1144,153,12108,13099,1,1
T10_d14_368_a_3_jpg.rf.YrDfhVDDhUA823ZwpqoP.jpg,0.25,0.1,0,11955,1144,153,12108,13099,1,1
T10_d14_368_a_3_jpg.rf.YrDfhVDDhUA823ZwpqoP.jpg,0.25,0.25,0,11955,1144,153,12108,13099,1,1
T10_d14_368_a_3_jpg.rf.YrDfhVDDhUA823ZwpqoP.jpg,0.25,0.5,0,11955,1144,153,12108,13099,1,1
T10_d14_368_a_3_jpg.rf.YrDfhVDDhUA823ZwpqoP.jpg,0.25,1.0,1,11955,1144,153,12108,13099,1,1
T10_d14_368_a_3_jpg.rf.YrDfhVDDhUA823ZwpqoP.jpg,0.3,0.0,0,11955,1144,153,12108,13099,1,1
T10_d14_368_a_3_jpg.rf.YrDfhVDDhUA823ZwpqoP.jpg,0.3,0.1,0,11955,1144,153,12108,13099,1,1
T10_d14_368_a_3_jpg.rf.YrDfhVDDhUA823ZwpqoP.jpg,0.3,0.25,0,11955,1144,153,12108,13099,1,1
T10_d14_368_a_3_jpg.rf.YrDfhVDDhUA823ZwpqoP.jpg,0.3,0.5,0,11955,1144,153,12108,13099,1,1
T10_d14_368_a_3_jpg.rf.YrDfhVDDhUA823ZwpqoP.jpg,0.3,1.0,1,11955,1144,153,12108,13099,1,1
T10_d14_368_a_3_jpg.rf.YrDfhVDDhUA823ZwpqoP.jpg,0.4,0.0,1,0,0,12108,12108,0,1,0
T10_d14_368_a_3_jpg.rf.YrDfhVDDhUA823ZwpqoP.jpg,0.4,0.1,1,0,0,12108,12108,0,1,0
T10_d14_368_a_3_jpg.rf.YrDfhVDDhUA823ZwpqoP.jpg,0.4,0.25,1,0,0,12108,12108,0,1,0
T10_d14_368_a_3_jpg.rf.YrDfhVDDhUA823ZwpqoP.jpg,0.4,0.5,1,0,0,12108,12108,0,1,0
T10_d14_368_a_3_jpg.rf.YrDfhVDDhUA823ZwpqoP.jpg,0.4,1.0,1,0,0,12108,12108,0,1,0
T10_d14_368_a_3_jpg.rf.YrDfhVDDhUA823ZwpqoP.jpg,0.5,0.0,1,0,0,12108,12108,0,1,0
T10_d14_368_a_3_jpg.rf.YrDfhVDDhUA823ZwpqoP.jpg,0.5,0.1,1,0,0,12108,12108,0,1,0
T10_d14_368_a_3_jpg.rf.YrDfhVDDhUA823ZwpqoP.jpg,0.5,0.25,1,0,0,12108,12108,0,1,0
T10_d14_368_a_3_jpg.rf.YrDfhVDDhUA823ZwpqoP.jpg,0.5,0.5,1,0,0,12108,12108,0,1,0
T10_d14_368_a_3_jpg.rf.YrDfhVDDhUA823ZwpqoP.jpg,0.5,1.0,1,0,0,12108,12108,0,1,0
T10_d14_368_b_3_jpg.rf.N3Bu9MlI5cNZRTuUuQsY.jpg,0.15,0.0,1,0,0,0,0,0,0,0
T10_d14_368_b_3_jpg.rf.N3Bu9MlI5cNZRTuUuQsY.jpg,0.15,0.1,1,0,0,0,0,0,0,0
T10_d14_368_b_3_jpg.rf.N3Bu9MlI5cNZRTuUuQsY.jpg,0.15,0.25,1,0,0,0,0,0,0,0
T10_d14_368_b_3_jpg.rf.N3Bu9MlI5cNZRTuUuQsY.jpg,0.15,0.5,1,0,0,0,0,0,0,0
T10_d14_368_b_3_jpg.rf.N3Bu9MlI5cNZRTuUuQsY.jpg,0.15,1.0,1,0,0,0,0,0,0,0
T10_d14_368_b_3_jpg.rf.N3Bu9MlI5cNZRTuUuQsY.jpg,0.2,0.0,1,0,0,0,0,0,0,0
T10_d14_368_b_3_jpg.rf.N3Bu9MlI5cNZRTuUuQsY.jpg,0.2,0.1,1,0,0,0,0,0,0,0
T10_d14_368_b_3_jpg.rf.N3Bu9MlI5cNZRTuUuQsY.jpg,0.2,0.25,1,0,0,0,0,0,0,0
T10_d14_368_b_3_jpg.rf.N3Bu9MlI5cNZRTuUuQsY.jpg,0.2,0.5,1,0,0,0,0,0,0,0
T10_d14_368_b_3_jpg.rf.N3Bu9MlI5cNZRTuUuQsY.jpg,0.2,1.0,1,0,0,0,0,0,0,0
T10_d14_368_b_3_jpg.rf.N3Bu9MlI5cNZRTuUuQsY.jpg,0.25,0.0,1,0,0,0,0,0,0,0
T10_d14_368_b_3_jpg.rf.N3Bu9MlI5cNZRTuUuQsY.jpg,0.25,0.1,1,0,0,0,0,0,0,0
T10_d14_368_b_3_jpg.rf.N3Bu9MlI5cNZRTuUuQsY.jpg,0.25,0.25,1,0,0,0,0,0,0,0
T10_d14_368_b_3_jpg.rf.N3Bu9MlI5cNZRTuUuQsY.jpg,0.25,0.5,1,0,0,0,0,0,0,0
T10_d14_368_b_3_jpg.rf.N3Bu9MlI5cNZRTuUuQsY.jpg,0.25,1.0,1,0,0,0,0,0,0,0
T10_d14_368_b_3_jpg.rf.N3Bu9MlI5cNZRTuUuQsY.jpg,0.3,0.0,1,0,0,0,0,0,0,0
T10_d14_368_b_3_jpg.rf.N3Bu9MlI5cNZRTuUuQsY.jpg,0.3,0.1,1,0,0,0,0,0,0,0
T10_d14_368_b_3_jpg.rf.N3Bu9MlI5cNZRTuUuQsY.jpg,0.3,0.25,1,0,0,0,0,0,0,0
T10_d14_368_b_3_jpg.rf.N3Bu9MlI5cNZRTuUuQsY.jpg,0.3,0.5,1,0,0,0,0,0,0,0
T10_d14_368_b_3_jpg.rf.N3Bu9MlI5cNZRTuUuQsY.jpg,0.3,1.0,1,0,0,0,0,0,0,0
T10_d14_368_b_3_jpg.rf.N3Bu9MlI5cNZRTuUuQsY.jpg,0.4,0.0,1,0,0,0,0,0,0,0
T10_d14_368_b_3_jpg.rf.N3Bu9MlI5cNZRTuUuQsY.jpg,0.4,0.1,1,0,0,0,0,0,0,0
T10_d14_368_b_3_jpg.rf.N3Bu9MlI5cNZRTuUuQsY.jpg,0.4,0.25,1,0,0,0,0,0,0,0
T10_d14_368_b_3_jpg.rf.N3Bu9MlI5cNZRTuUuQsY.jpg,0.4,0.5,1,0,0,0,0,0,0,0
T10_d14_368_b_3_jpg.rf.N3Bu9MlI5cNZRTuUuQsY.jpg,0.4,1.0,1,0,0,0,0,0,0,0
T10_d14_368_b_3_jpg.rf.N3Bu9MlI5cNZRTuUuQsY.jpg,0.5,0.0,1,0,0,0,0,0,0,0
T10_d14_368_b_3_jpg.rf.N3Bu9MlI5cNZRTuUuQsY.jpg,0.5,0.1,1,0,0,0,0,0,0,0
T10_d14_368_b_3_jpg.rf.N3Bu9MlI5cNZRTuUuQsY.jpg,0.5,0.25,1,0,0,0,0,0,0,0
T10_d14_368_b_3_jpg.rf.N3Bu9MlI5cNZRTuUuQsY.jpg,0.5,0.5,1,0,0,0,0,0,0,0
T10_d14_368_b_3_jpg.rf.N3Bu9MlI5cNZRTuUuQsY.jpg,0.5,1.0,1,0,0,0,0,0,0,0
T10_d14_398_a_4_jpg.rf.1YyFHMj0uYsmiH5Pkm74.jpg,0.15,0.0,1,14630,1120,2026,16656,15750,2,2
T10_d14_398_a_4_jpg.rf.1YyFHMj0uYsmiH5Pkm74.jpg,0.15,0.1,1,14630,1120,2026,16656,15750,2,2
T10_d14_398_a_4_jpg.rf.1YyFHMj0uYsmiH5Pkm74.jpg,0.15,0.25,1,14630,1120,2026,16656,15750,2,2
T10_d14_398_a_4_jpg.rf.1YyFHMj0uYsmiH5Pkm74.jpg,0.15,0.5,1,14630,1120,2026,16656,15750,2,2
T10_d14_398_a_4_jpg.rf.1YyFHMj0uYsmiH5Pkm74.jpg,0.15,1.0,1,14630,1120,2026,16656,15750,2,2
T10_d14_398_a_4_jpg.rf.1YyFHMj0uYsmiH5Pkm74.jpg,0.2,0.0,1,14630,1120,2026,16656,15750,2,2
T10_d14_398_a_4_jpg.rf.1YyFHMj0uYsmiH5Pkm74.jpg,0.2,0.1,1,14630,1120,2026,16656,15750,2,2
T10_d14_398_a_4_jpg.rf.1YyFHMj0uYsmiH5Pkm74.jpg,0.2,0.25,1,14630,1120,2026,16656,15750,2,2
T10_d14_398_a_4_jpg.rf.1YyFHMj0uYsmiH5Pkm74.jpg,0.2,0.5,1,14630,1120,2026,16656,15750,2,2
T10_d14_398_a_4_jpg.rf.1YyFHMj0uYsmiH5Pkm74.jpg,0.2,1.0,1,14630,1120,2026,16656,15750,2,2
T10_d14_398_a_4_jpg.rf.1YyFHMj0uYsmiH5Pkm74.jpg,0.25,0.0,1,14630,1120,2026,16656,15750,2,2
T10_d14_398_a_4_jpg.rf.1YyFHMj0uYsmiH5Pkm74.jpg,0.25,0.1,1,14630,1120,2026,16656,15750,2,2
T10_d14_398_a_4_jpg.rf.1YyFHMj0uYsmiH5Pkm74.jpg,0.25,0.25,1,14630,1120,2026,16656,15750,2,2
T10_d14_398_a_4_jpg.rf.1YyFHMj0uYsmiH5Pkm74.jpg,0.25,0.5,1,14630,1120,2026,16656,15750,2,2
T10_d14_398_a_4_jpg.rf.1YyFHMj0uYsmiH5Pkm74.jpg,0.25,1.0,1,14630,1120,2026,16656,15750,2,2
T10_d14_398_a_4_jpg.rf.1YyFHMj0uYsmiH5Pkm74.jpg,0.3,0.0,1,14630,1120,2026,16656,15750,2,2
T10_d14_398_a_4_jpg.rf.1YyFHMj0uYsmiH5Pkm74.jpg,0.3,0.1,1,14630,1120,2026,16656,15750,2,2
T10_d14_398_a_4_jpg.rf.1YyFHMj0uYsmiH5Pkm74.jpg,0.3,0.25,1,14630,1120,2026,16656,15750,2,2
T10_d14_398_a_4_jpg.rf.1YyFHMj0uYsmiH5Pkm74.jpg,0.3,0.5,1,14630,1120,2026,16656,15750,2,2
T10_d14_398_a_4_jpg.rf.1YyFHMj0uYsmiH5Pkm74.jpg,0.3,1.0,1,14630,1120,2026,16656,15750,2,2
T10_d14_398_a_4_jpg.rf.1YyFHMj0uYsmiH5Pkm74.jpg,0.4,0.0,1,14630,1120,2026,16656,15750,2,2
T10_d14_398_a_4_jpg.rf.1YyFHMj0uYsmiH5Pkm74.jpg,0.4,0.1,1,14630,1120,2026,16656,15750,2,2
T10_d14_398_a_4_jpg.rf.1YyFHMj0uYsmiH5Pkm74.jpg,0.4,0.25,1,14630,1120,2026,16656,15750,2,2
T10_d14_398_a_4_jpg.rf.1YyFHMj0uYsmiH5Pkm74.jpg,0.4,0.5,1,14630,1120,2026,16656,15750,2,2
T10_d14_398_a_4_jpg.rf.1YyFHMj0uYsmiH5Pkm74.jpg,0.4,1.0,1,14630,1120,2026,16656,15750,2,2
T10_d14_398_a_4_jpg.rf.1YyFHMj0uYsmiH5Pkm74.jpg,0.5,0.0,1,14630,1120,2026,16656,15750,2,2
T10_d14_398_a_4_jpg.rf.1YyFHMj0uYsmiH5Pkm74.jpg,0.5,0.1,1,14630,1120,2026,16656,15750,2,2
T10_d14_398_a_4_jpg.rf.1YyFHMj0uYsmiH5Pkm74.jpg,0.5,0.25,1,14630,1120,2026,16656,15750,2,2
T10_d14_398_a_4_jpg.rf.1YyFHMj0uYsmiH5Pkm74.jpg,0.5,0.5,1,14630,1120,2026,16656,15750,2,2
T10_d14_398_a_4_jpg.rf.1YyFHMj0uYsmiH5Pkm74.jpg,0.5,1.0,1,14630,1120,2026,16656,15750,2,2
T10_d14_411_a_3_jpg.rf.SGg9zcGxBNZpZOTeiBxK.jpg,0.15,0.0,1,0,0,0,0,0,0,0
T10_d14_411_a_3_jpg.rf.SGg9zcGxBNZpZOTeiBxK.jpg,0.15,0.1,1,0,0,0,0,0,0,0
T10_d14_411_a_3_jpg.rf.SGg9zcGxBNZpZOTeiBxK.jpg,0.15,0.25,1,0,0,0,0,0,0,0
T10_d14_411_a_3_jpg.rf.SGg9zcGxBNZpZOTeiBxK.jpg,0.15,0.5,1,0,0,0,0,0,0,0
T10_d14_411_a_3_jpg.rf.SGg9zcGxBNZpZOTeiBxK.jpg,0.15,1.0,1,0,0,0,0,0,0,0
T10_d14_411_a_3_jpg.rf.SGg9zcGxBNZpZOTeiBxK.jpg,0.2,0.0,1,0,0,0,0,0,0,0
T10_d14_411_a_3_jpg.rf.SGg9zcGxBNZpZOTeiBxK.jpg,0.2,0.1,1,0,0,0,0,0,0,0
T10_d14_411_a_3_jpg.rf.SGg9zcGxBNZpZOTeiBxK.jpg,0.2,0.25,1,0,0,0,0,0,0,0
T10_d14_411_a_3_jpg.rf.SGg9zcGxBNZpZOTeiBxK.jpg,0.2,0.5,1,0,0,0,0,0,0,0
T10_d14_411_a_3_jpg.rf.SGg9zcGxBNZpZOTeiBxK.jpg,0.2,1.0,1,0,0,0,0,0,0,0
T10_d14_411_a_3_jpg.rf.SGg9zcGxBNZpZOTeiBxK.jpg,0.25,0.0,1,0,0,0,0,0,0,0
T10_d14_411_a_3_jpg.rf.SGg9zcGxBNZpZOTeiBxK.jpg,0.25,0.1,1,0,0,0,0,0,0,0
T10_d14_411_a_3_jpg.rf.SGg9zcGxBNZpZOTeiBxK.jpg,0.25,0.25,1,0,0,0,0,0,0,0
T10_d14_411_a_3_jpg.rf.SGg9zcGxBNZpZOTeiBxK.jpg,0.25,0.5,1,0,0,0,0,0,0,0
T10_d14_411_a_3_jpg.rf.SGg9zcGxBNZpZOTeiBxK.jpg,0.25,1.0,1,0,0,0,0,0,0,0
T10_d14_411_a_3_jpg.rf.SGg9zcGxBNZpZOTeiBxK.jpg,0.3,0.0,1,0,0,0,0,0,0,0
T10_d14_411_a_3_jpg.rf.SGg9zcGxBNZpZOTeiBxK.jpg,0.3,0.1,1,0,0,0,0,0,0,0
T10_d14_411_a_3_jpg.rf.SGg9zcGxBNZpZOTeiBxK.jpg,0.3,0.25,1,0,0,0,0,0,0,0
T10_d14_411_a_3_jpg.rf.SGg9zcGxBNZpZOTeiBxK.jpg,0.3,0.5,1,0,0,0,0,0,0,0
T10_d14_411_a_3_jpg.rf.SGg9zcGxBNZpZOTeiBxK.jpg,0.3,1.0,1,0,0,0,0,0,0,0
T10_d14_411_a_3_jpg.rf.SGg9zcGxBNZpZOTeiBxK.jpg,0.4,0.0,1,0,0,0,0,0,0,0
T10_d14_411_a_3_jpg.rf.SGg9zcGxBNZpZOTeiBxK.jpg,0.4,0.1,1,0,0,0,0,0,0,0
T10_d14_411_a_3_jpg.rf.SGg9zcGxBNZpZOTeiBxK.jpg,0.4,0.25,1,0,0,0,0,0,0,0
T10_d14_411_a_3_jpg.rf.SGg9zcGxBNZpZOTeiBxK.jpg,0.4,0.5,1,0,0,0,0,0,0,0
T10_d14_411_a_3_jpg.rf.SGg9zcGxBNZpZOTeiBxK.jpg,0.4,1.0,1,0,0,0,0,0,0,0
T10_d14_411_a_3_jpg.rf.SGg9zcGxBNZpZOTeiBxK.jpg,0.5,0.0,1,0,0,0,0,0,0,0
T10_d14_411_a_3_jpg.rf.SGg9zcGxBNZpZOTeiBxK.jpg,0.5,0.1,1,0,0,0,0,0,0,0
T10_d14_411_a_3_jpg.rf.SGg9zcGxBNZpZOTeiBxK.jpg,0.5,0.25,1,0,0,0,0,0,0,0
T10_d14_411_a_3_jpg.rf.SGg9zcGxBNZpZOTeiBxK.jpg,0.5,0.5,1,0,0,0,0,0,0,0
T10_d14_411_a_3_jpg.rf.SGg9zcGxBNZpZOTeiBxK.jpg,0.5,1.0,1,0,0,0,0,0,0,0
T10_d14_451_b_3_jpg.rf.VywPyJdEGO9gRK4UfKoa.jpg,0.15,0.0,0,12115,1609,2533,14648,13724,1,1
T10_d14_451_b_3_jpg.rf.VywPyJdEGO9gRK4UfKoa.jpg,0.15,0.1,0,12115,1609,2533,14648,13724,1,1
T10_d14_451_b_3_jpg.rf.VywPyJdEGO9gRK4UfKoa.jpg,0.15,0.25,0,12115,1609,2533,14648,13724,1,1
T10_d14_451_b_3_jpg.rf.VywPyJdEGO9gRK4UfKoa.jpg,0.15,0.5,0,12115,1609,2533,14648,13724,1,1
T10_d14_451_b_3_jpg.rf.VywPyJdEGO9gRK4UfKoa.jpg,0.15,1.0,1,12115,1609,2533,14648,13724,1,1
T10_d14_451_b_3_jpg.rf.VywPyJdEGO9gRK4UfKoa.jpg,0.2,0.0,0,12115,1609,2533,14648,13724,1,1
T10_d14_451_b_3_jpg.rf.VywPyJdEGO9gRK4UfKoa.jpg,0.2,0.1,0,12115,1609,2533,14648,13724,1,1
T10_d14_451_b_3_jpg.rf.VywPyJdEGO9gRK4UfKoa.jpg,0.2,0.25,0,12115,1609,2533,14648,13724,1,1
T10_d14_451_b_3_jpg.rf.VywPyJdEGO9gRK4UfKoa.jpg,0.2,0.5,0,12115,1609,2533,14648,13724,1,1
T10_d14_451_b_3_jpg.rf.VywPyJdEGO9gRK4UfKoa.jpg,0.2,1.0,1,12115,1609,2533,14648,13724,1,1
T10_d14_451_b_3_jpg.rf.VywPyJdEGO9gRK4UfKoa.jpg,0.25,0.0,0,12115,1609,2533,14648,13724,1,1
T10_d14_451_b_3_jpg.rf.VywPyJdEGO9gRK4UfKoa.jpg,0.25,0.1,0,12115,1609,2533,14648,13724,1,1
T10_d14_451_b_3_jpg.rf.VywPyJdEGO9gRK4UfKoa.jpg,0.25,0.25,0,12115,1609,2533,14648,13724,1,1
T10_d14_451_b_3_jpg.rf.VywPyJdEGO9gRK4UfKoa.jpg,0.25,0.5,0,12115,1609,2533,14648,13724,1,1
T10_d14_451_b_3_jpg.rf.VywPyJdEGO9gRK4UfKoa.jpg,0.25,1.0,1,12115,1609,2533,14648,13724,1,1
T10_d14_451_b_3_jpg.rf.VywPyJdEGO9gRK4UfKoa.jpg,0.3,0.0,0,8807,223,5841,14648,9030,1,0
T10_d14_451_b_3_jpg.rf.VywPyJdEGO9gRK4UfKoa.jpg,0.3,0.1,0,8807,223,5841,14648,9030,1,0
T10_d14_451_b_3_jpg.rf.VywPyJdEGO9gRK4UfKoa.jpg,0.3,0.25,0,8807,223,5841,14648,9030,1,0
T10_d14_451_b_3_jpg.rf.VywPyJdEGO9gRK4UfKoa.jpg,0.3,0.5,0,8807,223,5841,14648,9030,1,0
T10_d14_451_b_3_jpg.rf.VywPyJdEGO9gRK4UfKoa.jpg,0.3,1.0,1,8807,223,5841,14648,9030,1,0
T10_d14_451_b_3_jpg.rf.VywPyJdEGO9gRK4UfKoa.jpg,0.4,0.0,0,8807,223,5841,14648,9030,1,0
T10_d14_451_b_3_jpg.rf.VywPyJdEGO9gRK4UfKoa.jpg,0.4,0.1,0,8807,223,5841,14648,9030,1,0
T10_d14_451_b_3_jpg.rf.VywPyJdEGO9gRK4UfKoa.jpg,0.4,0.25,0,8807,223,5841,14648,9030,1,0
T10_d14_451_b_3_jpg.rf.VywPyJdEGO9gRK4UfKoa.jpg,0.4,0.5,0,8807,223,5841,14648,9030,1,0
T10_d14_451_b_3_jpg.rf.VywPyJdEGO9gRK4UfKoa.jpg,0.4,1.0,1,8807,223,5841,14648,9030,1,0
T10_d14_451_b_3_jpg.rf.VywPyJdEGO9gRK4UfKoa.jpg,0.5,0.0,1,0,0,14648,14648,0,1,0
T10_d14_451_b_3_jpg.rf.VywPyJdEGO9gRK4UfKoa.jpg,0.5,0.1,1,0,0,14648,14648,0,1,0
T10_d14_451_b_3_jpg.rf.VywPyJdEGO9gRK4UfKoa.jpg,0.5,0.25,1,0,0,14648,14648,0,1,0
T10_d14_451_b_3_jpg.rf.VywPyJdEGO9gRK4UfKoa.jpg,0.5,0.5,1,0,0,14648,14648,0,1,0
T10_d14_451_b_3_jpg.rf.VywPyJdEGO9gRK4UfKoa.jpg,0.5,1.0,1,0,0,14648,14648,0,1,0
T10_d14_452_b_3_jpg.rf.7tuBRfxhARyTgashwXNJ.jpg,0.15,0.0,1,0,0,0,0,0,0,0
T10_d14_452_b_3_jpg.rf.7tuBRfxhARyTgashwXNJ.jpg,0.15,0.1,1,0,0,0,0,0,0,0
T10_d14_452_b_3_jpg.rf.7tuBRfxhARyTgashwXNJ.jpg,0.15,0.25,1,0,0,0,0,0,0,0
T10_d14_452_b_3_jpg.rf.7tuBRfxhARyTgashwXNJ.jpg,0.15,0.5,1,0,0,0,0,0,0,0
T10_d14_452_b_3_jpg.rf.7tuBRfxhARyTgashwXNJ.jpg,0.15,1.0,1,0,0,0,0,0,0,0
T10_d14_452_b_3_jpg.rf.7tuBRfxhARyTgashwXNJ.jpg,0.2,0.0,1,0,0,0,0,0,0,0
T10_d14_452_b_3_jpg.rf.7tuBRfxhARyTgashwXNJ.jpg,0.2,0.1,1,0,0,0,0,0,0,0
T10_d14_452_b_3_jpg.rf.7tuBRfxhARyTgashwXNJ.jpg,0.2,0.25,1,0,0,0,0,0,0,0
T10_d14_452_b_3_jpg.rf.7tuBRfxhARyTgashwXNJ.jpg,0.2,0.5,1,0,0,0,0,0,0,0
T10_d14_452_b_3_jpg.rf.7tuBRfxhARyTgashwXNJ.jpg,0.2,1.0,1,0,0,0,0,0,0,0
T10_d14_452_b_3_jpg.rf.7tuBRfxhARyTgashwXNJ.jpg,0.25,0.0,1,0,0,0,0,0,0,0
T10_d14_452_b_3_jpg.rf.7tuBRfxhARyTgashwXNJ.jpg,0.25,0.1,1,0,0,0,0,0,0,0
T10_d14_452_b_3_jpg.rf.7tuBRfxhARyTgashwXNJ.jpg,0.25,0.25,1,0,0,0,0,0,0,0
T10_d14_452_b_3_jpg.rf.7tuBRfxhARyTgashwXNJ.jpg,0.25,0.5,1,0,0,0,0,0,0,0
T10_d14_452_b_3_jpg.rf.7tuBRfxhARyTgashwXNJ.jpg,0.25,1.0,1,0,0,0,0,0,0,0
T10_d14_452_b_3_jpg.rf.7tuBRfxhARyTgashwXNJ.jpg,0.3,0.0,1,0,0,0,0,0,0,0
T10_d14_452_b_3_jpg.rf.7tuBRfxhARyTgashwXNJ.jpg,0.3,0.1,1,0,0,0,0,0,0,0
T10_d14_452_b_3_jpg.rf.7tuBRfxhARyTgashwXNJ.jpg,0.3,0.25,1,0,0,0,0,0,0,0
T10_d14_452_b_3_jpg.rf.7tuBRfxhARyTgashwXNJ.jpg,0.3,0.5,1,0,0,0,0,0,0,0
T10_d14_452_b_3_jpg.rf.7tuBRfxhARyTgashwXNJ.jpg,0.3,1.0,1,0,0,0,0,0,0,0
T10_d14_452_b_3_jpg.rf.7tuBRfxhARyTgashwXNJ.jpg,0.4,0.0,1,0,0,0,0,0,0,0
T10_d14_452_b_3_jpg.rf.7tuBRfxhARyTgashwXNJ.jpg,0.4,0.1,1,0,0,0,0,0,0,0
T10_d14_452_b_3_jpg.rf.7tuBRfxhARyTgashwXNJ.jpg,0.4,0.25,1,0,0,0,0,0,0,0
T10_d14_452_b_3_jpg.rf.7tuBRfxhARyTgashwXNJ.jpg,0.4,0.5,1,0,0,0,0,0,0,0
T10_d14_452_b_3_jpg.rf.7tuBRfxhARyTgashwXNJ.jpg,0.4,1.0,1,0,0,0,0,0,0,0
T10_d14_452_b_3_jpg.rf.7tuBRfxhARyTgashwXNJ.jpg,0.5,0.0,1,0,0,0,0,0,0,0
T10_d14_452_b_3_jpg.rf.7tuBRfxhARyTgashwXNJ.jpg,0.5,0.1,1,0,0,0,0,0,0,0
T10_d14_452_b_3_jpg.rf.7tuBRfxhARyTgashwXNJ.jpg,0.5,0.25,1,0,0,0,0,0,0,0
T10_d14_452_b_3_jpg.rf.7tuBRfxhARyTgashwXNJ.jpg,0.5,0.5,1,0,0,0,0,0,0,0
T10_d14_452_b_3_jpg.rf.7tuBRfxhARyTgashwXNJ.jpg,0.5,1.0,1,0,0,0,0,0,0,0
T10_d15_058_a_3_jpg.rf.11PL10mkolywOR6MQBwZ.jpg,0.15,0.0,0,38445,2306,8337,46782,40751,2,2
T10_d15_058_a_3_jpg.rf.11PL10mkolywOR6MQBwZ.jpg,0.15,0.1,0,38445,2306,8337,46782,40751,2,2
T10_d15_058_a_3_jpg.rf.11PL10mkolywOR6MQBwZ.jpg,0.15,0.25,0,38445,2306,8337,46782,40751,2,2
T10_d15_058_a_3_jpg.rf.11PL10mkolywOR6MQBwZ.jpg,0.15,0.5,0,38445,2306,8337,46782,40751,2,2
T10_d15_058_a_3_jpg.rf.11PL10mkolywOR6MQBwZ.jpg,0.15,1.0,1,38445,2306,8337,46782,40751,2,2
T10_d15_058_a_3_jpg.rf.11PL10mkolywOR6MQBwZ.jpg,0.2,0.0,0,38445,2306,8337,46782,40751,2,2
T10_d15_058_a_3_jpg.rf.11PL10mkolywOR6MQBwZ.jpg,0.2,0.1,0,38445,2306,8337,46782,40751,2,2
T10_d15_058_a_3_jpg.rf.11PL10mkolywOR6MQBwZ.jpg,0.2,0.25,0,38445,2306,8337,46782,40751,2,2
T10_d15_058_a_3_jpg.rf.11PL10mkolywOR6MQBwZ.jpg,0.2,0.5,0,38445,2306,8337,46782,40751,2,2
T10_d15_058_a_3_jpg.rf.11PL10mkolywOR6MQBwZ.jpg,0.2,1.0,1,38445,2306,8337,46782,40751,2,2
T10_d15_058_a_3_jpg.rf.11PL10mkolywOR6MQBwZ.jpg,0.25,0.0,0,38445,2306,8337,46782,40751,2,2
T10_d15_058_a_3_jpg.rf.11PL10mkolywOR6MQBwZ.jpg,0.25,0.1,0,38445,2306,8337,46782,40751,2,2
T10_d15_058_a_3_jpg.rf.11PL10mkolywOR6MQBwZ.jpg,0.25,0.25,0,38445,2306,8337,46782,40751,2,2
T10_d15_058_a_3_jpg.rf.11PL10mkolywOR6MQBwZ.jpg,0.25,0.5,0,38445,2306,8337,46782,40751,2,2
T10_d15_058_a_3_jpg.rf.11PL10mkolywOR6MQBwZ.jpg,0.25,1.0,1,38445,2306,8337,46782,40751,2,2
T10_d15_058_a_3_jpg.rf.11PL10mkolywOR6MQBwZ.jpg,0.3,0.0,0,38445,2306,8337,46782,40751,2,2
T10_d15_058_a_3_jpg.rf.11PL10mkolywOR6MQBwZ.jpg,0.3,0.1,0,38445,2306,8337,46782,40751,2,2
T10_d15_058_a_3_jpg.rf.11PL10mkolywOR6MQBwZ.jpg,0.3,0.25,0,38445,2306,8337,46782,40751,2,2
T10_d15_058_a_3_jpg.rf.11PL10mkolywOR6MQBwZ.jpg,0.3,0.5,0,38445,2306,8337,46782,40751,2,2
T10_d15_058_a_3_jpg.rf.11PL10mkolywOR6MQBwZ.jpg,0.3,1.0,1,38445,2306,8337,46782,40751,2,2
T10_d15_058_a_3_jpg.rf.11PL10mkolywOR6MQBwZ.jpg,0.4,0.0,1,0,0,46782,46782,0,2,0
T10_d15_058_a_3_jpg.rf.11PL10mkolywOR6MQBwZ.jpg,0.4,0.1,1,0,0,46782,46782,0,2,0
T10_d15_058_a_3_jpg.rf.11PL10mkolywOR6MQBwZ.jpg,0.4,0.25,1,0,0,46782,46782,0,2,0
T10_d15_058_a_3_jpg.rf.11PL10mkolywOR6MQBwZ.jpg,0.4,0.5,1,0,0,46782,46782,0,2,0
T10_d15_058_a_3_jpg.rf.11PL10mkolywOR6MQBwZ.jpg,0.4,1.0,1,0,0,46782,46782,0,2,0
T10_d15_058_a_3_jpg.rf.11PL10mkolywOR6MQBwZ.jpg,0.5,0.0,1,0,0,46782,46782,0,2,0
T10_d15_058_a_3_jpg.rf.11PL10mkolywOR6MQBwZ.jpg,0.5,0.1,1,0,0,46782,46782,0,2,0
T10_d15_058_a_3_jpg.rf.11PL10mkolywOR6MQBwZ.jpg,0.5,0.25,1,0,0,46782,46782,0,2,0
T10_d15_058_a_3_jpg.rf.11PL10mkolywOR6MQBwZ.jpg,0.5,0.5,1,0,0,46782,46782,0,2,0
T10_d15_058_a_3_jpg.rf.11PL10mkolywOR6MQBwZ.jpg,0.5,1.0,1,0,0,46782,46782,0,2,0
T10_d15_186_b_3_jpg.rf.4lG44dXaKeGhAHoHFZzQ.jpg,0.15,0.0,1,0,0,27358,27358,0,2,0
T10_d15_186_b_3_jpg.rf.4lG44dXaKeGhAHoHFZzQ.jpg,0.15,0.1,1,0,0,27358,27358,0,2,0
T10_d15_186_b_3_jpg.rf.4lG44dXaKeGhAHoHFZzQ.jpg,0.15,0.25,1,0,0,27358,27358,0,2,0
T10_d15_186_b_3_jpg.rf.4lG44dXaKeGhAHoHFZzQ.jpg,0.15,0.5,1,0,0,27358,27358,0,2,0
T10_d15_186_b_3_jpg.rf.4lG44dXaKeGhAHoHFZzQ.jpg,0.15,1.0,1,0,0,27358,27358,0,2,0
T10_d15_186_b_3_jpg.rf.4lG44dXaKeGhAHoHFZzQ.jpg,0.2,0.0,1,0,0,27358,27358,0,2,0
T10_d15_186_b_3_jpg.rf.4lG44dXaKeGhAHoHFZzQ.jpg,0.2,0.1,1,0,0,27358,27358,0,2,0
T10_d15_186_b_3_jpg.rf.4lG44dXaKeGhAHoHFZzQ.jpg,0.2,0.25,1,0,0,27358,27358,0,2,0
T10_d15_186_b_3_jpg.rf.4lG44dXaKeGhAHoHFZzQ.jpg,0.2,0.5,1,0,0,27358,27358,0,2,0
T10_d15_186_b_3_jpg.rf.4lG44dXaKeGhAHoHFZzQ.jpg,0.2,1.0,1,0,0,27358,27358,0,2,0
T10_d15_186_b_3_jpg.rf.4lG44dXaKeGhAHoHFZzQ.jpg,0.25,0.0,1,0,0,27358,27358,0,2,0
T10_d15_186_b_3_jpg.rf.4lG44dXaKeGhAHoHFZzQ.jpg,0.25,0.1,1,0,0,27358,27358,0,2,0
T10_d15_186_b_3_jpg.rf.4lG44dXaKeGhAHoHFZzQ.jpg,0.25,0.25,1,0,0,27358,27358,0,2,0
T10_d15_186_b_3_jpg.rf.4lG44dXaKeGhAHoHFZzQ.jpg,0.25,0.5,1,0,0,27358,27358,0,2,0
T10_d15_186_b_3_jpg.rf.4lG44dXaKeGhAHoHFZzQ.jpg,0.25,1.0,1,0,0,27358,27358,0,2,0
T10_d15_186_b_3_jpg.rf.4lG44dXaKeGhAHoHFZzQ.jpg,0.3,0.0,1,0,0,27358,27358,0,2,0
T10_d15_186_b_3_jpg.rf.4lG44dXaKeGhAHoHFZzQ.jpg,0.3,0.1,1,0,0,27358,27358,0,2,0
T10_d15_186_b_3_jpg.rf.4lG44dXaKeGhAHoHFZzQ.jpg,0.3,0.25,1,0,0,27358,27358,0,2,0
T10_d15_186_b_3_jpg.rf.4lG44dXaKeGhAHoHFZzQ.jpg,0.3,0.5,1,0,0,27358,27358,0,2,0
T10_d15_186_b_3_jpg.rf.4lG44dXaKeGhAHoHFZzQ.jpg,0.3,1.0,1,0,0,27358,27358,0,2,0
T10_d15_186_b_3_jpg.rf.4lG44dXaKeGhAHoHFZzQ.jpg,0.4,0.0,1,0,0,27358,27358,0,2,0
T10_d15_186_b_3_jpg.rf.4lG44dXaKeGhAHoHFZzQ.jpg,0.4,0.1,1,0,0,27358,27358,0,2,0
T10_d15_186_b_3_jpg.rf.4lG44dXaKeGhAHoHFZzQ.jpg,0.4,0.25,1,0,0,27358,27358,0,2,0
T10_d15_186_b_3_jpg.rf.4lG44dXaKeGhAHoHFZzQ.jpg,0.4,0.5,1,0,0,27358,27358,0,2,0
T10_d15_186_b_3_jpg.rf.4lG44dXaKeGhAHoHFZzQ.jpg,0.4,1.0,1,0,0,27358,27358,0,2,0
T10_d15_186_b_3_jpg.rf.4lG44dXaKeGhAHoHFZzQ.jpg,0.5,0.0,1,0,0,27358,27358,0,2,0
T10_d15_186_b_3_jpg.rf.4lG44dXaKeGhAHoHFZzQ.jpg,0.5,0.1,1,0,0,27358,27358,0,2,0
T10_d15_186_b_3_jpg.rf.4lG44dXaKeGhAHoHFZzQ.jpg,0.5,0.25,1,0,0,27358,27358,0,2,0
T10_d15_186_b_3_jpg.rf.4lG44dXaKeGhAHoHFZzQ.jpg,0.5,0.5,1,0,0,27358,27358,0,2,0
T10_d15_186_b_3_jpg.rf.4lG44dXaKeGhAHoHFZzQ.jpg,0.5,1.0,1,0,0,27358,27358,0,2,0
T10_d15_220_a_3_jpg.rf.30DEPwJMiddit6tjXO8V.jpg,0.15,0.0,1,0,0,961,961,0,0,0
T10_d15_220_a_3_jpg.rf.30DEPwJMiddit6tjXO8V.jpg,0.15,0.1,1,0,0,961,961,0,0,0
T10_d15_220_a_3_jpg.rf.30DEPwJMiddit6tjXO8V.jpg,0.15,0.25,1,0,0,961,961,0,0,0
T10_d15_220_a_3_jpg.rf.30DEPwJMiddit6tjXO8V.jpg,0.15,0.5,1,0,0,961,961,0,0,0
T10_d15_220_a_3_jpg.rf.30DEPwJMiddit6tjXO8V.jpg,0.15,1.0,1,0,0,961,961,0,0,0
T10_d15_220_a_3_jpg.rf.30DEPwJMiddit6tjXO8V.jpg,0.2,0.0,1,0,0,961,961,0,0,0
T10_d15_220_a_3_jpg.rf.30DEPwJMiddit6tjXO8V.jpg,0.2,0.1,1,0,0,961,961,0,0,0
T10_d15_220_a_3_jpg.rf.30DEPwJMiddit6tjXO8V.jpg,0.2,0.25,1,0,0,961,961,0,0,0
T10_d15_220_a_3_jpg.rf.30DEPwJMiddit6tjXO8V.jpg,0.2,0.5,1,0,0,961,961,0,0,0
T10_d15_220_a_3_jpg.rf.30DEPwJMiddit6tjXO8V.jpg,0.2,1.0,1,0,0,961,961,0,0,0
T10_d15_220_a_3_jpg.rf.30DEPwJMiddit6tjXO8V.jpg,0.25,0.0,1,0,0,961,961,0,0,0
T10_d15_220_a_3_jpg.rf.30DEPwJMiddit6tjXO8V.jpg,0.25,0.1,1,0,0,961,961,0,0,0
T10_d15_220_a_3_jpg.rf.30DEPwJMiddit6tjXO8V.jpg,0.25,0.25,1,0,0,961,961,0,0,0
T10_d15_220_a_3_jpg.rf.30DEPwJMiddit6tjXO8V.jpg,0.25,0.5,1,0,0,961,961,0,0,0
T10_d15_220_a_3_jpg.rf.30DEPwJMiddit6tjXO8V.jpg,0.25,1.0,1,0,0,961,961,0,0,0
T10_d15_220_a_3_jpg.rf.30DEPwJMiddit6tjXO8V.jpg,0.3,0.0,1,0,0,961,961,0,0,0
T10_d15_220_a_3_jpg.rf.30DEPwJMiddit6tjXO8V.jpg,0.3,0.1,1,0,0,961,961,0,0,0
T10_d15_220_a_3_jpg.rf.30DEPwJMiddit6tjXO8V.jpg,0.3,0.25,1,0,0,961,961,0,0,0
T10_d15_220_a_3_jpg.rf.30DEPwJMiddit6tjXO8V.jpg,0.3,0.5,1,0,0,961,961,0,0,0
T10_d15_220_a_3_jpg.rf.30DEPwJMiddit6tjXO8V.jpg,0.3,1.0,1,0,0,961,961,0,0,0
T10_d15_220_a_3_jpg.rf.30DEPwJMiddit6tjXO8V.jpg,0.4,0.0,1,0,0,961,961,0,0,0
T10_d15_220_a_3_jpg.rf.30DEPwJMiddit6tjXO8V.jpg,0.4,0.1,1,0,0,961,961,0,0,0
T10_d15_220_a_3_jpg.rf.30DEPwJMiddit6tjXO8V.jpg,0.4,0.25,1,0,0,961,961,0,0,0
T10_d15_220_a_3_jpg.rf.30DEPwJMiddit6tjXO8V.jpg,0.4,0.5,1,0,0,961,961,0,0,0
T10_d15_220_a_3_jpg.rf.30DEPwJMiddit6tjXO8V.jpg,0.4,1.0,1,0,0,961,961,0,0,0
T10_d15_220_a_3_jpg.rf.30DEPwJMiddit6tjXO8V.jpg,0.5,0.0,1,0,0,961,961,0,0,0
T10_d15_220_a_3_jpg.rf.30DEPwJMiddit6tjXO8V.jpg,0.5,0.1,1,0,0,961,961,0,0,0
T10_d15_220_a_3_jpg.rf.30DEPwJMiddit6tjXO8V.jpg,0.5,0.25,1,0,0,961,961,0,0,0
T10_d15_220_a_3_jpg.rf.30DEPwJMiddit6tjXO8V.jpg,0.5,0.5,1,0,0,961,961,0,0,0
T10_d15_220_a_3_jpg.rf.30DEPwJMiddit6tjXO8V.jpg,0.5,1.0,1,0,0,961,961,0,0,0
T10_d15_292_b_3_jpg.rf.v8EzoMKSkDmnvZCtZQ0R.jpg,0.15,0.0,1,0,0,0,0,0,0,0
T10_d15_292_b_3_jpg.rf.v8EzoMKSkDmnvZCtZQ0R.jpg,0.15,0.1,1,0,0,0,0,0,0,0
T10_d15_292_b_3_jpg.rf.v8EzoMKSkDmnvZCtZQ0R.jpg,0.15,0.25,1,0,0,0,0,0,0,0
T10_d15_292_b_3_jpg.rf.v8EzoMKSkDmnvZCtZQ0R.jpg,0.15,0.5,1,0,0,0,0,0,0,0
T10_d15_292_b_3_jpg.rf.v8EzoMKSkDmnvZCtZQ0R.jpg,0.15,1.0,1,0,0,0,0,0,0,0
T10_d15_292_b_3_jpg.rf.v8EzoMKSkDmnvZCtZQ0R.jpg,0.2,0.0,1,0,0,0,0,0,0,0
T10_d15_292_b_3_jpg.rf.v8EzoMKSkDmnvZCtZQ0R.jpg,0.2,0.1,1,0,0,0,0,0,0,0
T10_d15_292_b_3_jpg.rf.v8EzoMKSkDmnvZCtZQ0R.jpg,0.2,0.25,1,0,0,0,0,0,0,0
T10_d15_292_b_3_jpg.rf.v8EzoMKSkDmnvZCtZQ0R.jpg,0.2,0.5,1,0,0,0,0,0,0,0
T10_d15_292_b_3_jpg.rf.v8EzoMKSkDmnvZCtZQ0R.jpg,0.2,1.0,1,0,0,0,0,0,0,0
T10_d15_292_b_3_jpg.rf.v8EzoMKSkDmnvZCtZQ0R.jpg,0.25,0.0,1,0,0,0,0,0,0,0
T10_d15_292_b_3_jpg.rf.v8EzoMKSkDmnvZCtZQ0R.jpg,0.25,0.1,1,0,0,0,0,0,0,0
T10_d15_292_b_3_jpg.rf.v8EzoMKSkDmnvZCtZQ0R.jpg,0.25,0.25,1,0,0,0,0,0,0,0
T10_d15_292_b_3_jpg.rf.v8EzoMKSkDmnvZCtZQ0R.jpg,0.25,0.5,1,0,0,0,0,0,0,0
T10_d15_292_b_3_jpg.rf.v8EzoMKSkDmnvZCtZQ0R.jpg,0.25,1.0,1,0,0,0,0,0,0,0
T10_d15_292_b_3_jpg.rf.v8EzoMKSkDmnvZCtZQ0R.jpg,0.3,0.0,1,0,0,0,0,0,0,0
T10_d15_292_b_3_jpg.rf.v8EzoMKSkDmnvZCtZQ0R.jpg,0.3,0.1,1,0,0,0,0,0,0,0
T10_d15_292_b_3_jpg.rf.v8EzoMKSkDmnvZCtZQ0R.jpg,0.3,0.25,1,0,0,0,0,0,0,0
T10_d15_292_b_3_jpg.rf.v8EzoMKSkDmnvZCtZQ0R.jpg,0.3,0.5,1,0,0,0,0,0,0,0
T10_d15_292_b_3_jpg.rf.v8EzoMKSkDmnvZCtZQ0R.jpg,0.3,1.0,1,0,0,0,0,0,0,0
T10_d15_292_b_3_jpg.rf.v8EzoMKSkDmnvZCtZQ0R.jpg,0.4,0.0,1,0,0,0,0,0,0,0
T10_d15_292_b_3_jpg.rf.v8EzoMKSkDmnvZCtZQ0R.jpg,0.4,0.1,1,0,0,0,0,0,0,0
T10_d15_292_b_3_jpg.rf.v8EzoMKSkDmnvZCtZQ0R.jpg,0.4,0.25,1,0,0,0,0,0,0,0
T10_d15_292_b_3_jpg.rf.v8EzoMKSkDmnvZCtZQ0R.jpg,0.4,0.5,1,0,0,0,0,0,0,0
T10_d15_292_b_3_jpg.rf.v8EzoMKSkDmnvZCtZQ0R.jpg,0.4,1.0,1,0,0,0,0,0,0,0
T10_d15_292_b_3_jpg.rf.v8EzoMKSkDmnvZCtZQ0R.jpg,0.5,0.0,1,0,0,0,0,0,0,0
T10_d15_292_b_3_jpg.rf.v8EzoMKSkDmnvZCtZQ0R.jpg,0.5,0.1,1,0,0,0,0,0,0,0
T10_d15_292_b_3_jpg.rf.v8EzoMKSkDmnvZCtZQ0R.jpg,0.5,0.25,1,0,0,0,0,0,0,0
T10_d15_292_b_3_jpg.rf.v8EzoMKSkDmnvZCtZQ0R.jpg,0.5,0.5,1,0,0,0,0,0,0,0
T10_d15_292_b_3_jpg.rf.v8EzoMKSkDmnvZCtZQ0R.jpg,0.5,1.0,1,0,0,0,0,0,0,0
T10_d15_368_a_3_jpg.rf.s6k1fRREpM6XQ1HRRHD0.jpg,0.15,0.0,0,13152,1310,42,13194,14462,1,2
T10_d15_368_a_3_jpg.rf.s6k1fRREpM6XQ1HRRHD0.jpg,0.15,0.1,0,13152,1310,42,13194,14462,1,2
T10_d15_368_a_3_jpg.rf.s6k1fRREpM6XQ1HRRHD0.jpg,0.15,0.25,0,13152,1310,42,13194,14462,1,2
T10_d15_368_a_3_jpg.rf.s6k1fRREpM6XQ1HRRHD0.jpg,0.15,0.5,0,13152,1310,42,13194,14462,1,2
T10_d15_368_a_3_jpg.rf.s6k1fRREpM6XQ1HRRHD0.jpg,0.15,1.0,1,13152,1310,42,13194,14462,1,2
T10_d15_368_a_3_jpg.rf.s6k1fRREpM6XQ1HRRHD0.jpg,0.2,0.0,0,13152,1310,42,13194,14462,1,2
T10_d15_368_a_3_jpg.rf.s6k1fRREpM6XQ1HRRHD0.jpg,0.2,0.1,0,13152,1310,42,13194,14462,1,2
T10_d15_368_a_3_jpg.rf.s6k1fRREpM6XQ1HRRHD0.jpg,0.2,0.25,0,13152,1310,42,13194,14462,1,2
T10_d15_368_a_3_jpg.rf.s6k1fRREpM6XQ1HRRHD0.jpg,0.2,0.5,0,13152,1310,42,13194,14462,1,2
T10_d15_368_a_3_jpg.rf.s6k1fRREpM6XQ1HRRHD0.jpg,0.2,1.0,1,13152,1310,42,13194,14462,1,2
T10_d15_368_a_3_jpg.rf.s6k1fRREpM6XQ1HRRHD0.jpg,0.25,0.0,0,13152,1310,42,13194,14462,1,2
T10_d15_368_a_3_jpg.rf.s6k1fRREpM6XQ1HRRHD0.jpg,0.25,0.1,0,13152,1310,42,13194,14462,1,2
T10_d15_368_a_3_jpg.rf.s6k1fRREpM6XQ1HRRHD0.jpg,0.25,0.25,0,13152,1310,42,13194,14462,1,2
T10_d15_368_a_3_jpg.rf.s6k1fRREpM6XQ1HRRHD0.jpg,0.25,0.5,0,13152,1310,42,13194,14462,1,2
T10_d15_368_a_3_jpg.rf.s6k1fRREpM6XQ1HRRHD0.jpg,0.25,1.0,1,13152,1310,42,13194,14462,1,2
T10_d15_368_a_3_jpg.rf.s6k1fRREpM6XQ1HRRHD0.jpg,0.3,0.0,0,13152,1310,42,13194,14462,1,2
T10_d15_368_a_3_jpg.rf.s6k1fRREpM6XQ1HRRHD0.jpg,0.3,0.1,0,13152,1310,42,13194,14462,1,2
T10_d15_368_a_3_jpg.rf.s6k1fRREpM6XQ1HRRHD0.jpg,0.3,0.25,0,13152,1310,42,13194,14462,1,2
T10_d15_368_a_3_jpg.rf.s6k1fRREpM6XQ1HRRHD0.jpg,0.3,0.5,0,13152,1310,42,13194,14462,1,2
T10_d15_368_a_3_jpg.rf.s6k1fRREpM6XQ1HRRHD0.jpg,0.3,1.0,1,13152,1310,42,13194,14462,1,2
T10_d15_368_a_3_jpg.rf.s6k1fRREpM6XQ1HRRHD0.jpg,0.4,0.0,1,0,0,13194,13194,0,1,0
T10_d15_368_a_3_jpg.rf.s6k1fRREpM6XQ1HRRHD0.jpg,0.4,0.1,1,0,0,13194,13194,0,1,0
T10_d15_368_a_3_jpg.rf.s6k1fRREpM6XQ1HRRHD0.jpg,0.4,0.25,1,0,0,13194,13194,0,1,0
T10_d15_368_a_3_jpg.rf.s6k1fRREpM6XQ1HRRHD0.jpg,0.4,0.5,1,0,0,13194,13194,0,1,0
T10_d15_368_a_3_jpg.rf.s6k1fRREpM6XQ1HRRHD0.jpg,0.4,1.0,1,0,0,13194,13194,0,1,0
T10_d15_368_a_3_jpg.rf.s6k1fRREpM6XQ1HRRHD0.jpg,0.5,0.0,1,0,0,13194,13194,0,1,0
T10_d15_368_a_3_jpg.rf.s6k1fRREpM6XQ1HRRHD0.jpg,0.5,0.1,1,0,0,13194,13194,0,1,0
T10_d15_368_a_3_jpg.rf.s6k1fRREpM6XQ1HRRHD0.jpg,0.5,0.25,1,0,0,13194,13194,0,1,0
T10_d15_368_a_3_jpg.rf.s6k1fRREpM6XQ1HRRHD0.jpg,0.5,0.5,1,0,0,13194,13194,0,1,0
T10_d15_368_a_3_jpg.rf.s6k1fRREpM6XQ1HRRHD0.jpg,0.5,1.0,1,0,0,13194,13194,0,1,0
T10_d15_375_b_3_jpg.rf.1cTX7oIaOp9mfYqg93oo.jpg,0.15,0.0,0,1634,1533,7,1641,3167,0,0
T10_d15_375_b_3_jpg.rf.1cTX7oIaOp9mfYqg93oo.jpg,0.15,0.1,0,1634,1533,7,1641,3167,0,0
T10_d15_375_b_3_jpg.rf.1cTX7oIaOp9mfYqg93oo.jpg,0.15,0.25,0,1634,1533,7,1641,3167,0,0
T10_d15_375_b_3_jpg.rf.1cTX7oIaOp9mfYqg93oo.jpg,0.15,0.5,0,1634,1533,7,1641,3167,0,0
T10_d15_375_b_3_jpg.rf.1cTX7oIaOp9mfYqg93oo.jpg,0.15,1.0,1,1634,1533,7,1641,3167,0,0
T10_d15_375_b_3_jpg.rf.1cTX7oIaOp9mfYqg93oo.jpg,0.2,0.0,0,1634,1533,7,1641,3167,0,0
T10_d15_375_b_3_jpg.rf.1cTX7oIaOp9mfYqg93oo.jpg,0.2,0.1,0,1634,1533,7,1641,3167,0,0
T10_d15_375_b_3_jpg.rf.1cTX7oIaOp9mfYqg93oo.jpg,0.2,0.25,0,1634,1533,7,1641,3167,0,0
T10_d15_375_b_3_jpg.rf.1cTX7oIaOp9mfYqg93oo.jpg,0.2,0.5,0,1634,1533,7,1641,3167,0,0
T10_d15_375_b_3_jpg.rf.1cTX7oIaOp9mfYqg93oo.jpg,0.2,1.0,1,1634,1533,7,1641,3167,0,0
T10_d15_375_b_3_jpg.rf.1cTX7oIaOp9mfYqg93oo.jpg,0.25,0.0,0,1579,192,62,1641,1771,0,0
T10_d15_375_b_3_jpg.rf.1cTX7oIaOp9mfYqg93oo.jpg,0.25,0.1,0,1579,192,62,1641,1771,0,0
T10_d15_375_b_3_jpg.rf.1cTX7oIaOp9mfYqg93oo.jpg,0.25,0.25,0,1579,192,62,1641,1771,0,0
T10_d15_375_b_3_jpg.rf.1cTX7oIaOp9mfYqg93oo.jpg,0.25,0.5,0,1579,192,62,1641,1771,0,0
T10_d15_375_b_3_jpg.rf.1cTX7oIaOp9mfYqg93oo.jpg,0.25,1.0,1,1579,192,62,1641,1771,0,0
T10_d15_375_b_3_jpg.rf.1cTX7oIaOp9mfYqg93oo.jpg,0.3,0.0,0,1577,191,64,1641,1768,0,0
T10_d15_375_b_3_jpg.rf.1cTX7oIaOp9mfYqg93oo.jpg,0.3,0.1,0,1577,191,64,1641,1768,0,0
T10_d15_375_b_3_jpg.rf.1cTX7oIaOp9mfYqg93oo.jpg,0.3,0.25,0,1577,191,64,1641,1768,0,0
T10_d15_375_b_3_jpg.rf.1cTX7oIaOp9mfYqg93oo.jpg,0.3,0.5,0,1577,191,64,1641,1768,0,0
T10_d15_375_b_3_jpg.rf.1cTX7oIaOp9mfYqg93oo.jpg,0.3,1.0,1,1577,191,64,1641,1768,0,0
T10_d15_375_b_3_jpg.rf.1cTX7oIaOp9mfYqg93oo.jpg,0.4,0.0,0,1577,191,64,1641,1768,0,0
T10_d15_375_b_3_jpg.rf.1cTX7oIaOp9mfYqg93oo.jpg,0.4,0.1,0,1577,191,64,1641,1768,0,0
T10_d15_375_b_3_jpg.rf.1cTX7oIaOp9mfYqg93oo.jpg,0.4,0.25,0,1577,191,64,1641,1768,0,0
T10_d15_375_b_3_jpg.rf.1cTX7oIaOp9mfYqg93oo.jpg,0.4,0.5,0,1577,191,64,1641,1768,0,0
T10_d15_375_b_3_jpg.rf.1cTX7oIaOp9mfYqg93oo.jpg,0.4,1.0,1,1577,191,64,1641,1768,0,0
T10_d15_375_b_3_jpg.rf.1cTX7oIaOp9mfYqg93oo.jpg,0.5,0.0,1,0,0,1641,1641,0,0,0
T10_d15_375_b_3_jpg.rf.1cTX7oIaOp9mfYqg93oo.jpg,0.5,0.1,1,0,0,1641,1641,0,0,0
T10_d15_375_b_3_jpg.rf.1cTX7oIaOp9mfYqg93oo.jpg,0.5,0.25,1,0,0,1641,1641,0,0,0
T10_d15_375_b_3_jpg.rf.1cTX7oIaOp9mfYqg93oo.jpg,0.5,0.5,1,0,0,1641,1641,0,0,0
T10_d15_375_b_3_jpg.rf.1cTX7oIaOp9mfYqg93oo.jpg,0.5,1.0,1,0,0,1641,1641,0,0,0
T10_d15_411_b_3_jpg.rf.688LqXx8aZ0U6LoZlSaZ.jpg,0.15,0.0,0,4428,5747,304,4732,10175,0,1
T10_d15_411_b_3_jpg.rf.688LqXx8aZ0U6LoZlSaZ.jpg,0.15,0.1,0,4428,5747,304,4732,10175,0,1
T10_d15_411_b_3_jpg.rf.688LqXx8aZ0U6LoZlSaZ.jpg,0.15,0.25,0,4428,5747,304,4732,10175,0,1
T10_d15_411_b_3_jpg.rf.688LqXx8aZ0U6LoZlSaZ.jpg,0.15,0.5,0,4428,5747,304,4732,10175,0,1
T10_d15_411_b_3_jpg.rf.688LqXx8aZ0U6LoZlSaZ.jpg,0.15,1.0,1,4428,5747,304,4732,10175,0,1
T10_d15_411_b_3_jpg.rf.688LqXx8aZ0U6LoZlSaZ.jpg,0.2,0.0,1,4428,184,304,4732,4612,0,0
T10_d15_411_b_3_jpg.rf.688LqXx8aZ0U6LoZlSaZ.jpg,0.2,0.1,1,4428,184,304,4732,4612,0,0
T10_d15_411_b_3_jpg.rf.688LqXx8aZ0U6LoZlSaZ.jpg,0.2,0.25,1,4428,184,304,4732,4612,0,0
T10_d15_411_b_3_jpg.rf.688LqXx8aZ0U6LoZlSaZ.jpg,0.2,0.5,1,4428,184,304,4732,4612,0,0
T10_d15_411_b_3_jpg.rf.688LqXx8aZ0U6LoZlSaZ.jpg,0.2,1.0,1,4428,184,304,4732,4612,0,0
T10_d15_411_b_3_jpg.rf.688LqXx8aZ0U6LoZlSaZ.jpg,0.25,0.0,1,4428,184,304,4732,4612,0,0
T10_d15_411_b_3_jpg.rf.688LqXx8aZ0U6LoZlSaZ.jpg,0.25,0.1,1,4428,184,304,4732,4612,0,0
T10_d15_411_b_3_jpg.rf.688LqXx8aZ0U6LoZlSaZ.jpg,0.25,0.25,1,4428,184,304,4732,4612,0,0
T10_d15_411_b_3_jpg.rf.688LqXx8aZ0U6LoZlSaZ.jpg,0.25,0.5,1,4428,184,304,4732,4612,0,0
T10_d15_411_b_3_jpg.rf.688LqXx8aZ0U6LoZlSaZ.jpg,0.25,1.0,1,4428,184,304,4732,4612,0,0
T10_d15_411_b_3_jpg.rf.688LqXx8aZ0U6LoZlSaZ.jpg,0.3,0.0,1,4428,184,304,4732,4612,0,0
T10_d15_411_b_3_jpg.rf.688LqXx8aZ0U6LoZlSaZ.jpg,0.3,0.1,1,4428,184,304,4732,4612,0,0
T10_d15_411_b_3_jpg.rf.688LqXx8aZ0U6LoZlSaZ.jpg,0.3,0.25,1,4428,184,304,4732,4612,0,0
T10_d15_411_b_3_jpg.rf.688LqXx8aZ0U6LoZlSaZ.jpg,0.3,0.5,1,4428,184,304,4732,4612,0,0
T10_d15_411_b_3_jpg.rf.688LqXx8aZ0U6LoZlSaZ.jpg,0.3,1.0,1,4428,184,304,4732,4612,0,0
T10_d15_411_b_3_jpg.rf.688LqXx8aZ0U6LoZlSaZ.jpg,0.4,0.0,1,4428,184,304,4732,4612,0,0
T10_d15_411_b_3_jpg.rf.688LqXx8aZ0U6LoZlSaZ.jpg,0.4,0.1,1,4428,184,304,4732,4612,0,0
T10_d15_411_b_3_jpg.rf.688LqXx8aZ0U6LoZlSaZ.jpg,0.4,0.25,1,4428,184,304,4732,4612,0,0
T10_d15_411_b_3_jpg.rf.688LqXx8aZ0U6LoZlSaZ.jpg,0.4,0.5,1,4428,184,304,4732,4612,0,0
T10_d15_411_b_3_jpg.rf.688LqXx8aZ0U6LoZlSaZ.jpg,0.4,1.0,1,4428,184,304,4732,4612,0,0
T10_d15_411_b_3_jpg.rf.688LqXx8aZ0U6LoZlSaZ.jpg,0.5,0.0,1,4428,184,304,4732,4612,0,0
T10_d15_411_b_3_jpg.rf.688LqXx8aZ0U6LoZlSaZ.jpg,0.5,0.1,1,4428,184,304,4732,4612,0,0
T10_d15_411_b_3_jpg.rf.688LqXx8aZ0U6LoZlSaZ.jpg,0.5,0.25,1,4428,184,304,4732,4612,0,0
T10_d15_411_b_3_jpg.rf.688LqXx8aZ0U6LoZlSaZ.jpg,0.5,0.5,1,4428,184,304,4732,4612,0,0
T10_d15_411_b_3_jpg.rf.688LqXx8aZ0U6LoZlSaZ.jpg,0.5,1.0,1,4428,184,304,4732,4612,0,0
T10_d16_111_b_3_jpg.rf.6l87PHeI1hlm7pr5k0Kq.jpg,0.15,0.0,0,1262,207,16,1278,1469,0,0
T10_d16_111_b_3_jpg.rf.6l87PHeI1hlm7pr5k0Kq.jpg,0.15,0.1,0,1262,207,16,1278,1469,0,0
T10_d16_111_b_3_jpg.rf.6l87PHeI1hlm7pr5k0Kq.jpg,0.15,0.25,0,1262,207,16,1278,1469,0,0
T10_d16_111_b_3_jpg.rf.6l87PHeI1hlm7pr5k0Kq.jpg,0.15,0.5,0,1262,207,16,1278,1469,0,0
T10_d16_111_b_3_jpg.rf.6l87PHeI1hlm7pr5k0Kq.jpg,0.15,1.0,1,1262,207,16,1278,1469,0,0
T10_d16_111_b_3_jpg.rf.6l87PHeI1hlm7pr5k0Kq.jpg,0.2,0.0,0,1262,207,16,1278,1469,0,0
T10_d16_111_b_3_jpg.rf.6l87PHeI1hlm7pr5k0Kq.jpg,0.2,0.1,0,1262,207,16,1278,1469,0,0
T10_d16_111_b_3_jpg.rf.6l87PHeI1hlm7pr5k0Kq.jpg,0.2,0.25,0,1262,207,16,1278,1469,0,0
T10_d16_111_b_3_jpg.rf.6l87PHeI1hlm7pr5k0Kq.jpg,0.2,0.5,0,1262,207,16,1278,1469,0,0
T10_d16_111_b_3_jpg.rf.6l87PHeI1hlm7pr5k0Kq.jpg,0.2,1.0,1,1262,207,16,1278,1469,0,0
T10_d16_111_b_3_jpg.rf.6l87PHeI1hlm7pr5k0Kq.jpg,0.25,0.0,0,1262,207,16,1278,1469,0,0
T10_d16_111_b_3_jpg.rf.6l87PHeI1hlm7pr5k0Kq.jpg,0.25,0.1,0,1262,207,16,1278,1469,0,0
T10_d16_111_b_3_jpg.rf.6l87PHeI1hlm7pr5k0Kq.jpg,0.25,0.25,0,1262,207,16,1278,1469,0,0
T10_d16_111_b_3_jpg.rf.6l87PHeI1hlm7pr5k0Kq.jpg,0.25,0.5,0,1262,207,16,1278,1469,0,0
T10_d16_111_b_3_jpg.rf.6l87PHeI1hlm7pr5k0Kq.jpg,0.25,1.0,1,1262,207,16,1278,1469,0,0
T10_d16_111_b_3_jpg.rf.6l87PHeI1hlm7pr5k0Kq.jpg,0.3,0.0,0,1262,207,16,1278,1469,0,0
T10_d16_111_b_3_jpg.rf.6l87PHeI1hlm7pr5k0Kq.jpg,0.3,0.1,0,1262,207,16,1278,1469,0,0
T10_d16_111_b_3_jpg.rf.6l87PHeI1hlm7pr5k0Kq.jpg,0.3,0.25,0,1262,207,16,1278,1469,0,0
T10_d16_111_b_3_jpg.rf.6l87PHeI1hlm7pr5k0Kq.jpg,0.3,0.5,0,1262,207,16,1278,1469,0,0
T10_d16_111_b_3_jpg.rf.6l87PHeI1hlm7pr5k0Kq.jpg,0.3,1.0,1,1262,207,16,1278,1469,0,0
T10_d16_111_b_3_jpg.rf.6l87PHeI1hlm7pr5k0Kq.jpg,0.4,0.0,1,0,0,1278,1278,0,0,0
T10_d16_111_b_3_jpg.rf.6l87PHeI1hlm7pr5k0Kq.jpg,0.4,0.1,1,0,0,1278,1278,0,0,0
T10_d16_111_b_3_jpg.rf.6l87PHeI1hlm7pr5k0Kq.jpg,0.4,0.25,1,0,0,1278,1278,0,0,0
T10_d16_111_b_3_jpg.rf.6l87PHeI1hlm7pr5k0Kq.jpg,0.4,0.5,1,0,0,1278,1278,0,0,0
T10_d16_111_b_3_jpg.rf.6l87PHeI1hlm7pr5k0Kq.jpg,0.4,1.0,1,0,0,1278,1278,0,0,0
T10_d16_111_b_3_jpg.rf.6l87PHeI1hlm7pr5k0Kq.jpg,0.5,0.0,1,0,0,1278,1278,0,0,0
T10_d16_111_b_3_jpg.rf.6l87PHeI1hlm7pr5k0Kq.jpg,0.5,0.1,1,0,0,1278,1278,0,0,0
T10_d16_111_b_3_jpg.rf.6l87PHeI1hlm7pr5k0Kq.jpg,0.5,0.25,1,0,0,1278,1278,0,0,0
T10_d16_111_b_3_jpg.rf.6l87PHeI1hlm7pr5k0Kq.jpg,0.5,0.5,1,0,0,1278,1278,0,0,0
T10_d16_111_b_3_jpg.rf.6l87PHeI1hlm7pr5k0Kq.jpg,0.5,1.0,1,0,0,1278,1278,0,0,0
T10_d16_186_b_3_jpg.rf.u20a7xRx7pGfInHuyLZ1.jpg,0.15,0.0,1,0,0,26967,26967,0,2,0
T10_d16_186_b_3_jpg.rf.u20a7xRx7pGfInHuyLZ1.jpg,0.15,0.1,1,0,0,26967,26967,0,2,0
T10_d16_186_b_3_jpg.rf.u20a7xRx7pGfInHuyLZ1.jpg,0.15,0.25,1,0,0,26967,26967,0,2,0
T10_d16_186_b_3_jpg.rf.u20a7xRx7pGfInHuyLZ1.jpg,0.15,0.5,1,0,0,26967,26967,0,2,0
T10_d16_186_b_3_jpg.rf.u20a7xRx7pGfInHuyLZ1.jpg,0.15,1.0,1,0,0,26967,26967,0,2,0
T10_d16_186_b_3_jpg.rf.u20a7xRx7pGfInHuyLZ1.jpg,0.2,0.0,1,0,0,26967,26967,0,2,0
T10_d16_186_b_3_jpg.rf.u20a7xRx7pGfInHuyLZ1.jpg,0.2,0.1,1,0,0,26967,26967,0,2,0
T10_d16_186_b_3_jpg.rf.u20a7xRx7pGfInHuyLZ1.jpg,0.2,0.25,1,0,0,26967,26967,0,2,0
T10_d16_186_b_3_jpg.rf.u20a7xRx7pGfInHuyLZ1.jpg,0.2,0.5,1,0,0,26967,26967,0,2,0
T10_d16_186_b_3_jpg.rf.u20a7xRx7pGfInHuyLZ1.jpg,0.2,1.0,1,0,0,26967,26967,0,2,0
T10_d16_186_b_3_jpg.rf.u20a7xRx7pGfInHuyLZ1.jpg,0.25,0.0,1,0,0,26967,26967,0,2,0
T10_d16_186_b_3_jpg.rf.u20a7xRx7pGfInHuyLZ1.jpg,0.25,0.1,1,0,0,26967,26967,0,2,0
T10_d16_186_b_3_jpg.rf.u20a7xRx7pGfInHuyLZ1.jpg,0.25,0.25,1,0,0,26967,26967,0,2,0
T10_d16_186_b_3_jpg.rf.u20a7xRx7pGfInHuyLZ1.jpg,0.25,0.5,1,0,0,26967,26967,0,2,0
T10_d16_186_b_3_jpg.rf.u20a7xRx7pGfInHuyLZ1.jpg,0.25,1.0,1,0,0,26967,26967,0,2,0
T10_d16_186_b_3_jpg.rf.u20a7xRx7pGfInHuyLZ1.jpg,0.3,0.0,1,0,0,26967,26967,0,2,0
T10_d16_186_b_3_jpg.rf.u20a7xRx7pGfInHuyLZ1.jpg,0.3,0.1,1,0,0,26967,26967,0,2,0
T10_d16_186_b_3_jpg.rf.u20a7xRx7pGfInHuyLZ1.jpg,0.3,0.25,1,0,0,26967,26967,0,2,0
T10_d16_186_b_3_jpg.rf.u20a7xRx7pGfInHuyLZ1.jpg,0.3,0.5,1,0,0,26967,26967,0,2,0
T10_d16_186_b_3_jpg.rf.u20a7xRx7pGfInHuyLZ1.jpg,0.3,1.0,1,0,0,26967,26967,0,2,0
T10_d16_186_b_3_jpg.rf.u20a7xRx7pGfInHuyLZ1.jpg,0.4,0.0,1,0,0,26967,26967,0,2,0
T10_d16_186_b_3_jpg.rf.u20a7xRx7pGfInHuyLZ1.jpg,0.4,0.1,1,0,0,26967,26967,0,2,0
T10_d16_186_b_3_jpg.rf.u20a7xRx7pGfInHuyLZ1.jpg,0.4,0.25,1,0,0,26967,26967,0,2,0
T10_d16_186_b_3_jpg.rf.u20a7xRx7pGfInHuyLZ1.jpg,0.4,0.5,1,0,0,26967,26967,0,2,0
T10_d16_186_b_3_jpg.rf.u20a7xRx7pGfInHuyLZ1.jpg,0.4,1.0,1,0,0,26967,26967,0,2,0
T10_d16_186_b_3_jpg.rf.u20a7xRx7pGfInHuyLZ1.jpg,0.5,0.0,1,0,0,26967,26967,0,2,0
T10_d16_186_b_3_jpg.rf.u20a7xRx7pGfInHuyLZ1.jpg,0.5,0.1,1,0,0,26967,26967,0,2,0
T10_d16_186_b_3_jpg.rf.u20a7xRx7pGfInHuyLZ1.jpg,0.5,0.25,1,0,0,26967,26967,0,2,0
T10_d16_186_b_3_jpg.rf.u20a7xRx7pGfInHuyLZ1.jpg,0.5,0.5,1,0,0,26967,26967,0,2,0
T10_d16_186_b_3_jpg.rf.u20a7xRx7pGfInHuyLZ1.jpg,0.5,1.0,1,0,0,26967,26967,0,2,0
T10_d17_012_b_5_jpg.rf.GfziauycAVbZG5DnyAtj.jpg,0.15,0.0,1,0,0,27790,27790,0,2,0
T10_d17_012_b_5_jpg.rf.GfziauycAVbZG5DnyAtj.jpg,0.15,0.1,1,0,0,27790,27790,0,2,0
T10_d17_012_b_5_jpg.rf.GfziauycAVbZG5DnyAtj.jpg,0.15,0.25,1,0,0,27790,27790,0,2,0
T10_d17_012_b_5_jpg.rf.GfziauycAVbZG5DnyAtj.jpg,0.15,0.5,1,0,0,27790,27790,0,2,0
T10_d17_012_b_5_jpg.rf.GfziauycAVbZG5DnyAtj.jpg,0.15,1.0,1,0,0,27790,27790,0,2,0
T10_d17_012_b_5_jpg.rf.GfziauycAVbZG5DnyAtj.jpg,0.2,0.0,1,0,0,27790,27790,0,2,0
T10_d17_012_b_5_jpg.rf.GfziauycAVbZG5DnyAtj.jpg,0.2,0.1,1,0,0,27790,27790,0,2,0
T10_d17_012_b_5_jpg.rf.GfziauycAVbZG5DnyAtj.jpg,0.2,0.25,1,0,0,27790,27790,0,2,0
T10_d17_012_b_5_jpg.rf.GfziauycAVbZG5DnyAtj.jpg,0.2,0.5,1,0,0,27790,27790,0,2,0
T10_d17_012_b_5_jpg.rf.GfziauycAVbZG5DnyAtj.jpg,0.2,1.0,1,0,0,27790,27790,0,2,0
T10_d17_012_b_5_jpg.rf.GfziauycAVbZG5DnyAtj.jpg,0.25,0.0,1,0,0,27790,27790,0,2,0
T10_d17_012_b_5_jpg.rf.GfziauycAVbZG5DnyAtj.jpg,0.25,0.1,1,0,0,27790,27790,0,2,0
T10_d17_012_b_5_jpg.rf.GfziauycAVbZG5DnyAtj.jpg,0.25,0.25,1,0,0,27790,27790,0,2,0
T10_d17_012_b_5_jpg.rf.GfziauycAVbZG5DnyAtj.jpg,0.25,0.5,1,0,0,27790,27790,0,2,0
T10_d17_012_b_5_jpg.rf.GfziauycAVbZG5DnyAtj.jpg,0.25,1.0,1,0,0,27790,27790,0,2,0
T10_d17_012_b_5_jpg.rf.GfziauycAVbZG5DnyAtj.jpg,0.3,0.0,1,0,0,27790,27790,0,2,0
T10_d17_012_b_5_jpg.rf.GfziauycAVbZG5DnyAtj.jpg,0.3,0.1,1,0,0,27790,27790,0,2,0
T10_d17_012_b_5_jpg.rf.GfziauycAVbZG5DnyAtj.jpg,0.3,0.25,1,0,0,27790,27790,0,2,0
T10_d17_012_b_5_jpg.rf.GfziauycAVbZG5DnyAtj.jpg,0.3,0.5,1,0,0,27790,27790,0,2,0
T10_d17_012_b_5_jpg.rf.GfziauycAVbZG5DnyAtj.jpg,0.3,1.0,1,0,0,27790,27790,0,2,0
T10_d17_012_b_5_jpg.rf.GfziauycAVbZG5DnyAtj.jpg,0.4,0.0,1,0,0,27790,27790,0,2,0
T10_d17_012_b_5_jpg.rf.GfziauycAVbZG5DnyAtj.jpg,0.4,0.1,1,0,0,27790,27790,0,2,0
T10_d17_012_b_5_jpg.rf.GfziauycAVbZG5DnyAtj.jpg,0.4,0.25,1,0,0,27790,27790,0,2,0
T10_d17_012_b_5_jpg.rf.GfziauycAVbZG5DnyAtj.jpg,0.4,0.5,1,0,0,27790,27790,0,2,0
T10_d17_012_b_5_jpg.rf.GfziauycAVbZG5DnyAtj.jpg,0.4,1.0,1,0,0,27790,27790,0,2,0
T10_d17_012_b_5_jpg.rf.GfziauycAVbZG5DnyAtj.jpg,0.5,0.0,1,0,0,27790,27790,0,2,0
T10_d17_012_b_5_jpg.rf.GfziauycAVbZG5DnyAtj.jpg,0.5,0.1,1,0,0,27790,27790,0,2,0
T10_d17_012_b_5_jpg.rf.GfziauycAVbZG5DnyAtj.jpg,0.5,0.25,1,0,0,27790,27790,0,2,0
T10_d17_012_b_5_jpg.rf.GfziauycAVbZG5DnyAtj.jpg,0.5,0.5,1,0,0,27790,27790,0,2,0
T10_d17_012_b_5_jpg.rf.GfziauycAVbZG5DnyAtj.jpg,0.5,1.0,1,0,0,27790,27790,0,2,0
T10_d17_292_b_3_jpg.rf.xyp2dvhy2gEwfxg8WcZy.jpg,0.15,0.0,1,0,0,0,0,0,0,0
T10_d17_292_b_3_jpg.rf.xyp2dvhy2gEwfxg8WcZy.jpg,0.15,0.1,1,0,0,0,0,0,0,0
T10_d17_292_b_3_jpg.rf.xyp2dvhy2gEwfxg8WcZy.jpg,0.15,0.25,1,0,0,0,0,0,0,0
T10_d17_292_b_3_jpg.rf.xyp2dvhy2gEwfxg8WcZy.jpg,0.15,0.5,1,0,0,0,0,0,0,0
T10_d17_292_b_3_jpg.rf.xyp2dvhy2gEwfxg8WcZy.jpg,0.15,1.0,1,0,0,0,0,0,0,0
T10_d17_292_b_3_jpg.rf.xyp2dvhy2gEwfxg8WcZy.jpg,0.2,0.0,1,0,0,0,0,0,0,0
T10_d17_292_b_3_jpg.rf.xyp2dvhy2gEwfxg8WcZy.jpg,0.2,0.1,1,0,0,0,0,0,0,0
T10_d17_292_b_3_jpg.rf.xyp2dvhy2gEwfxg8WcZy.jpg,0.2,0.25,1,0,0,0,0,0,0,0
T10_d17_292_b_3_jpg.rf.xyp2dvhy2gEwfxg8WcZy.jpg,0.2,0.5,1,0,0,0,0,0,0,0
T10_d17_292_b_3_jpg.rf.xyp2dvhy2gEwfxg8WcZy.jpg,0.2,1.0,1,0,0,0,0,0,0,0
T10_d17_292_b_3_jpg.rf.xyp2dvhy2gEwfxg8WcZy.jpg,0.25,0.0,1,0,0,0,0,0,0,0
T10_d17_292_b_3_jpg.rf.xyp2dvhy2gEwfxg8WcZy.jpg,0.25,0.1,1,0,0,0,0,0,0,0
T10_d17_292_b_3_jpg.rf.xyp2dvhy2gEwfxg8WcZy.jpg,0.25,0.25,1,0,0,0,0,0,0,0
T10_d17_292_b_3_jpg.rf.xyp2dvhy2gEwfxg8WcZy.jpg,0.25,0.5,1,0,0,0,0,0,0,0
T10_d17_292_b_3_jpg.rf.xyp2dvhy2gEwfxg8WcZy.jpg,0.25,1.0,1,0,0,0,0,0,0,0
T10_d17_292_b_3_jpg.rf.xyp2dvhy2gEwfxg8WcZy.jpg,0.3,0.0,1,0,0,0,0,0,0,0
T10_d17_292_b_3_jpg.rf.xyp2dvhy2gEwfxg8WcZy.jpg,0.3,0.1,1,0,0,0,0,0,0,0
T10_d17_292_b_3_jpg.rf.xyp2dvhy2gEwfxg8WcZy.jpg,0.3,0.25,1,0,0,0,0,0,0,0
T10_d17_292_b_3_jpg.rf.xyp2dvhy2gEwfxg8WcZy.jpg,0.3,0.5,1,0,0,0,0,0,0,0
T10_d17_292_b_3_jpg.rf.xyp2dvhy2gEwfxg8WcZy.jpg,0.3,1.0,1,0,0,0,0,0,0,0
T10_d17_292_b_3_jpg.rf.xyp2dvhy2gEwfxg8WcZy.jpg,0.4,0.0,1,0,0,0,0,0,0,0
T10_d17_292_b_3_jpg.rf.xyp2dvhy2gEwfxg8WcZy.jpg,0.4,0.1,1,0,0,0,0,0,0,0
T10_d17_292_b_3_jpg.rf.xyp2dvhy2gEwfxg8WcZy.jpg,0.4,0.25,1,0,0,0,0,0,0,0
T10_d17_292_b_3_jpg.rf.xyp2dvhy2gEwfxg8WcZy.jpg,0.4,0.5,1,0,0,0,0,0,0,0
T10_d17_292_b_3_jpg.rf.xyp2dvhy2gEwfxg8WcZy.jpg,0.4,1.0,1,0,0,0,0,0,0,0
T10_d17_292_b_3_jpg.rf.xyp2dvhy2gEwfxg8WcZy.jpg,0.5,0.0,1,0,0,0,0,0,0,0
T10_d17_292_b_3_jpg.rf.xyp2dvhy2gEwfxg8WcZy.jpg,0.5,0.1,1,0,0,0,0,0,0,0
T10_d17_292_b_3_jpg.rf.xyp2dvhy2gEwfxg8WcZy.jpg,0.5,0.25,1,0,0,0,0,0,0,0
T10_d17_292_b_3_jpg.rf.xyp2dvhy2gEwfxg8WcZy.jpg,0.5,0.5,1,0,0,0,0,0,0,0
T10_d17_292_b_3_jpg.rf.xyp2dvhy2gEwfxg8WcZy.jpg,0.5,1.0,1,0,0,0,0,0,0,0
T10_d17_399_b_5_jpg.rf.RanbOJ8rFCYLaL4dZ0OU.jpg,0.15,0.0,0,20691,391,12605,33296,21082,2,2
T10_d17_399_b_5_jpg.rf.RanbOJ8rFCYLaL4dZ0OU.jpg,0.15,0.1,0,20691,391,12605,33296,21082,2,2
T10_d17_399_b_5_jpg.rf.RanbOJ8rFCYLaL4dZ0OU.jpg,0.15,0.25,0,20691,391,12605,33296,21082,2,2
T10_d17_399_b_5_jpg.rf.RanbOJ8rFCYLaL4dZ0OU.jpg,0.15,0.5,0,20691,391,12605,33296,21082,2,2
T10_d17_399_b_5_jpg.rf.RanbOJ8rFCYLaL4dZ0OU.jpg,0.15,1.0,1,20691,391,12605,33296,21082,2,2
T10_d17_399_b_5_jpg.rf.RanbOJ8rFCYLaL4dZ0OU.jpg,0.2,0.0,0,20691,391,12605,33296,21082,2,2
T10_d17_399_b_5_jpg.rf.RanbOJ8rFCYLaL4dZ0OU.jpg,0.2,0.1,0,20691,391,12605,33296,21082,2,2
T10_d17_399_b_5_jpg.rf.RanbOJ8rFCYLaL4dZ0OU.jpg,0.2,0.25,0,20691,391,12605,33296,21082,2,2
T10_d17_399_b_5_jpg.rf.RanbOJ8rFCYLaL4dZ0OU.jpg,0.2,0.5,0,20691,391,12605,33296,21082,2,2
T10_d17_399_b_5_jpg.rf.RanbOJ8rFCYLaL4dZ0OU.jpg,0.2,1.0,1,20691,391,12605,33296,21082,2,2
T10_d17_399_b_5_jpg.rf.RanbOJ8rFCYLaL4dZ0OU.jpg,0.25,0.0,1,14273,0,19023,33296,14273,2,2
T10_d17_399_b_5_jpg.rf.RanbOJ8rFCYLaL4dZ0OU.jpg,0.25,0.1,1,14273,0,19023,33296,14273,2,2
T10_d17_399_b_5_jpg.rf.RanbOJ8rFCYLaL4dZ0OU.jpg,0.25,0.25,1,14273,0,19023,33296,14273,2,2
T10_d17_399_b_5_jpg.rf.RanbOJ8rFCYLaL4dZ0OU.jpg,0.25,0.5,1,14273,0,19023,33296,14273,2,2
T10_d17_399_b_5_jpg.rf.RanbOJ8rFCYLaL4dZ0OU.jpg,0.25,1.0,1,14273,0,19023,33296,14273,2,2
T10_d17_399_b_5_jpg.rf.RanbOJ8rFCYLaL4dZ0OU.jpg,0.3,0.0,1,14273,0,19023,33296,14273,2,2
T10_d17_399_b_5_jpg.rf.RanbOJ8rFCYLaL4dZ0OU.jpg,0.3,0.1,1,14273,0,19023,33296,14273,2,2
T10_d17_399_b_5_jpg.rf.RanbOJ8rFCYLaL4dZ0OU.jpg,0.3,0.25,1,14273,0,19023,33296,14273,2,2
T10_d17_399_b_5_jpg.rf.RanbOJ8rFCYLaL4dZ0OU.jpg,0.3,0.5,1,14273,0,19023,33296,14273,2,2
T10_d17_399_b_5_jpg.rf.RanbOJ8rFCYLaL4dZ0OU.jpg,0.3,1.0,1,14273,0,19023,33296,14273,2,2
T10_d17_399_b_5_jpg.rf.RanbOJ8rFCYLaL4dZ0OU.jpg,0.4,0.0,1,14273,0,19023,33296,14273,2,2
T10_d17_399_b_5_jpg.rf.RanbOJ8rFCYLaL4dZ0OU.jpg,0.4,0.1,1,14273,0,19023,33296,14273,2,2
T10_d17_399_b_5_jpg.rf.RanbOJ8rFCYLaL4dZ0OU.jpg,0.4,0.25,1,14273,0,19023,33296,14273,2,2
T10_d17_399_b_5_jpg.rf.RanbOJ8rFCYLaL4dZ0OU.jpg,0.4,0.5,1,14273,0,19023,33296,14273,2,2
T10_d17_399_b_5_jpg.rf.RanbOJ8rFCYLaL4dZ0OU.jpg,0.4,1.0,1,14273,0,19023,33296,14273,2,2
T10_d17_399_b_5_jpg.rf.RanbOJ8rFCYLaL4dZ0OU.jpg,0.5,0.0,1,14273,0,19023,33296,14273,2,2
T10_d17_399_b_5_jpg.rf.RanbOJ8rFCYLaL4dZ0OU.jpg,0.5,0.1,1,14273,0,19023,33296,14273,2,2
T10_d17_399_b_5_jpg.rf.RanbOJ8rFCYLaL4dZ0OU.jpg,0.5,0.25,1,14273,0,19023,33296,14273,2,2
T10_d17_399_b_5_jpg.rf.RanbOJ8rFCYLaL4dZ0OU.jpg,0.5,0.5,1,14273,0,19023,33296,14273,2,2
T10_d17_399_b_5_jpg.rf.RanbOJ8rFCYLaL4dZ0OU.jpg,0.5,1.0,1,14273,0,19023,33296,14273,2,2
T10_d17_411_a_3_jpg.rf.njkKUiVnZ9GQXVFRAXii.jpg,0.15,0.0,1,0,0,0,0,0,0,0
T10_d17_411_a_3_jpg.rf.njkKUiVnZ9GQXVFRAXii.jpg,0.15,0.1,1,0,0,0,0,0,0,0
T10_d17_411_a_3_jpg.rf.njkKUiVnZ9GQXVFRAXii.jpg,0.15,0.25,1,0,0,0,0,0,0,0
T10_d17_411_a_3_jpg.rf.njkKUiVnZ9GQXVFRAXii.jpg,0.15,0.5,1,0,0,0,0,0,0,0
T10_d17_411_a_3_jpg.rf.njkKUiVnZ9GQXVFRAXii.jpg,0.15,1.0,1,0,0,0,0,0,0,0
T10_d17_411_a_3_jpg.rf.njkKUiVnZ9GQXVFRAXii.jpg,0.2,0.0,1,0,0,0,0,0,0,0
T10_d17_411_a_3_jpg.rf.njkKUiVnZ9GQXVFRAXii.jpg,0.2,0.1,1,0,0,0,0,0,0,0
T10_d17_411_a_3_jpg.rf.njkKUiVnZ9GQXVFRAXii.jpg,0.2,0.25,1,0,0,0,0,0,0,0
T10_d17_411_a_3_jpg.rf.njkKUiVnZ9GQXVFRAXii.jpg,0.2,0.5,1,0,0,0,0,0,0,0
T10_d17_411_a_3_jpg.rf.njkKUiVnZ9GQXVFRAXii.jpg,0.2,1.0,1,0,0,0,0,0,0,0
T10_d17_411_a_3_jpg.rf.njkKUiVnZ9GQXVFRAXii.jpg,0.25,0.0,1,0,0,0,0,0,0,0
T10_d17_411_a_3_jpg.rf.njkKUiVnZ9GQXVFRAXii.jpg,0.25,0.1,1,0,0,0,0,0,0,0
T10_d17_411_a_3_jpg.rf.njkKUiVnZ9GQXVFRAXii.jpg,0.25,0.25,1,0,0,0,0,0,0,0
T10_d17_411_a_3_jpg.rf.njkKUiVnZ9GQXVFRAXii.jpg,0.25,0.5,1,0,0,0,0,0,0,0
T10_d17_411_a_3_jpg.rf.njkKUiVnZ9GQXVFRAXii.jpg,0.25,1.0,1,0,0,0,0,0,0,0
T10_d17_411_a_3_jpg.rf.njkKUiVnZ9GQXVFRAXii.jpg,0.3,0.0,1,0,0,0,0,0,0,0
T10_d17_411_a_3_jpg.rf.njkKUiVnZ9GQXVFRAXii.jpg,0.3,0.1,1,0,0,0,0,0,0,0
T10_d17_411_a_3_jpg.rf.njkKUiVnZ9GQXVFRAXii.jpg,0.3,0.25,1,0,0,0,0,0,0,0
T10_d17_411_a_3_jpg.rf.njkKUiVnZ9GQXVFRAXii.jpg,0.3,0.5,1,0,0,0,0,0,0,0
T10_d17_411_a_3_jpg.rf.njkKUiVnZ9GQXVFRAXii.jpg,0.3,1.0,1,0,0,0,0,0,0,0
T10_d17_411_a_3_jpg.rf.njkKUiVnZ9GQXVFRAXii.jpg,0.4,0.0,1,0,0,0,0,0,0,0
T10_d17_411_a_3_jpg.rf.njkKUiVnZ9GQXVFRAXii.jpg,0.4,0.1,1,0,0,0,0,0,0,0
T10_d17_411_a_3_jpg.rf.njkKUiVnZ9GQXVFRAXii.jpg,0.4,0.25,1,0,0,0,0,0,0,0
T10_d17_411_a_3_jpg.rf.njkKUiVnZ9GQXVFRAXii.jpg,0.4,0.5,1,0,0,0,0,0,0,0
T10_d17_411_a_3_jpg.rf.njkKUiVnZ9GQXVFRAXii.jpg,0.4,1.0,1,0,0,0,0,0,0,0
T10_d17_411_a_3_jpg.rf.njkKUiVnZ9GQXVFRAXii.jpg,0.5,0.0,1,0,0,0,0,0,0,0
T10_d17_411_a_3_jpg.rf.njkKUiVnZ9GQXVFRAXii.jpg,0.5,0.1,1,0,0,0,0,0,0,0
T10_d17_411_a_3_jpg.rf.njkKUiVnZ9GQXVFRAXii.jpg,0.5,0.25,1,0,0,0,0,0,0,0
T10_d17_411_a_3_jpg.rf.njkKUiVnZ9GQXVFRAXii.jpg,0.5,0.5,1,0,0,0,0,0,0,0
T10_d17_411_a_3_jpg.rf.njkKUiVnZ9GQXVFRAXii.jpg,0.5,1.0,1,0,0,0,0,0,0,0
T10_d18_087_a_4_jpg.rf.L3qDsmTctzP3Gz7QQpYe.jpg,0.15,0.0,0,1804,15346,0,1804,17150,0,2
T10_d18_087_a_4_jpg.rf.L3qDsmTctzP3Gz7QQpYe.jpg,0.15,0.1,0,1804,15346,0,1804,17150,0,2
T10_d18_087_a_4_jpg.rf.L3qDsmTctzP3Gz7QQpYe.jpg,0.15,0.25,0,1804,15346,0,1804,17150,0,2
T10_d18_087_a_4_jpg.rf.L3qDsmTctzP3Gz7QQpYe.jpg,0.15,0.5,0,1804,15346,0,1804,17150,0,2
T10_d18_087_a_4_jpg.rf.L3qDsmTctzP3Gz7QQpYe.jpg,0.15,1.0,1,1804,15346,0,1804,17150,0,2
T10_d18_087_a_4_jpg.rf.L3qDsmTctzP3Gz7QQpYe.jpg,0.2,0.0,0,1804,15346,0,1804,17150,0,2
T10_d18_087_a_4_jpg.rf.L3qDsmTctzP3Gz7QQpYe.jpg,0.2,0.1,0,1804,15346,0,1804,17150,0,2
T10_d18_087_a_4_jpg.rf.L3qDsmTctzP3Gz7QQpYe.jpg,0.2,0.25,0,1804,15346,0,1804,17150,0,2
T10_d18_087_a_4_jpg.rf.L3qDsmTctzP3Gz7QQpYe.jpg,0.2,0.5,0,1804,15346,0,1804,17150,0,2
T10_d18_087_a_4_jpg.rf.L3qDsmTctzP3Gz7QQpYe.jpg,0.2,1.0,1,1804,15346,0,1804,17150,0,2
T10_d18_087_a_4_jpg.rf.L3qDsmTctzP3Gz7QQpYe.jpg,0.25,0.0,0,1804,15346,0,1804,17150,0,2
T10_d18_087_a_4_jpg.rf.L3qDsmTctzP3Gz7QQpYe.jpg,0.25,0.1,0,1804,15346,0,1804,17150,0,2
T10_d18_087_a_4_jpg.rf.L3qDsmTctzP3Gz7QQpYe.jpg,0.25,0.25,0,1804,15346,0,1804,17150,0,2
T10_d18_087_a_4_jpg.rf.L3qDsmTctzP3Gz7QQpYe.jpg,0.25,0.5,0,1804,15346,0,1804,17150,0,2
T10_d18_087_a_4_jpg.rf.L3qDsmTctzP3Gz7QQpYe.jpg,0.25,1.0,1,1804,15346,0,1804,17150,0,2
T10_d18_087_a_4_jpg.rf.L3qDsmTctzP3Gz7QQpYe.jpg,0.3,0.0,0,1804,7501,0,1804,9305,0,1
T10_d18_087_a_4_jpg.rf.L3qDsmTctzP3Gz7QQpYe.jpg,0.3,0.1,0,1804,7501,0,1804,9305,0,1
T10_d18_087_a_4_jpg.rf.L3qDsmTctzP3Gz7QQpYe.jpg,0.3,0.25,0,1804,7501,0,1804,9305,0,1
T10_d18_087_a_4_jpg.rf.L3qDsmTctzP3Gz7QQpYe.jpg,0.3,0.5,0,1804,7501,0,1804,9305,0,1
T10_d18_087_a_4_jpg.rf.L3qDsmTctzP3Gz7QQpYe.jpg,0.3,1.0,1,1804,7501,0,1804,9305,0,1
T10_d18_087_a_4_jpg.rf.L3qDsmTctzP3Gz7QQpYe.jpg,0.4,0.0,1,0,0,1804,1804,0,0,0
T10_d18_087_a_4_jpg.rf.L3qDsmTctzP3Gz7QQpYe.jpg,0.4,0.1,1,0,0,1804,1804,0,0,0
T10_d18_087_a_4_jpg.rf.L3qDsmTctzP3Gz7QQpYe.jpg,0.4,0.25,1,0,0,1804,1804,0,0,0
T10_d18_087_a_4_jpg.rf.L3qDsmTctzP3Gz7QQpYe.jpg,0.4,0.5,1,0,0,1804,1804,0,0,0
T10_d18_087_a_4_jpg.rf.L3qDsmTctzP3Gz7QQpYe.jpg,0.4,1.0,1,0,0,1804,1804,0,0,0
T10_d18_087_a_4_jpg.rf.L3qDsmTctzP3Gz7QQpYe.jpg,0.5,0.0,1,0,0,1804,1804,0,0,0
T10_d18_087_a_4_jpg.rf.L3qDsmTctzP3Gz7QQpYe.jpg,0.5,0.1,1,0,0,1804,1804,0,0,0
T10_d18_087_a_4_jpg.rf.L3qDsmTctzP3Gz7QQpYe.jpg,0.5,0.25,1,0,0,1804,1804,0,0,0
T10_d18_087_a_4_jpg.rf.L3qDsmTctzP3Gz7QQpYe.jpg,0.5,0.5,1,0,0,1804,1804,0,0,0
T10_d18_087_a_4_jpg.rf.L3qDsmTctzP3Gz7QQpYe.jpg,0.5,1.0,1,0,0,1804,1804,0,0,0
T10_d18_087_b_4_jpg.rf.fW4Ax3Vyh7qREhAWERPF.jpg,0.15,0.0,1,0,0,0,0,0,0,0
T10_d18_087_b_4_jpg.rf.fW4Ax3Vyh7qREhAWERPF.jpg,0.15,0.1,1,0,0,0,0,0,0,0
T10_d18_087_b_4_jpg.rf.fW4Ax3Vyh7qREhAWERPF.jpg,0.15,0.25,1,0,0,0,0,0,0,0
T10_d18_087_b_4_jpg.rf.fW4Ax3Vyh7qREhAWERPF.jpg,0.15,0.5,1,0,0,0,0,0,0,0
T10_d18_087_b_4_jpg.rf.fW4Ax3Vyh7qREhAWERPF.jpg,0.15,1.0,1,0,0,0,0,0,0,0
T10_d18_087_b_4_jpg.rf.fW4Ax3Vyh7qREhAWERPF.jpg,0.2,0.0,1,0,0,0,0,0,0,0
T10_d18_087_b_4_jpg.rf.fW4Ax3Vyh7qREhAWERPF.jpg,0.2,0.1,1,0,0,0,0,0,0,0
T10_d18_087_b_4_jpg.rf.fW4Ax3Vyh7qREhAWERPF.jpg,0.2,0.25,1,0,0,0,0,0,0,0
T10_d18_087_b_4_jpg.rf.fW4Ax3Vyh7qREhAWERPF.jpg,0.2,0.5,1,0,0,0,0,0,0,0
T10_d18_087_b_4_jpg.rf.fW4Ax3Vyh7qREhAWERPF.jpg,0.2,1.0,1,0,0,0,0,0,0,0
T10_d18_087_b_4_jpg.rf.fW4Ax3Vyh7qREhAWERPF.jpg,0.25,0.0,1,0,0,0,0,0,0,0
T10_d18_087_b_4_jpg.rf.fW4Ax3Vyh7qREhAWERPF.jpg,0.25,0.1,1,0,0,0,0,0,0,0
T10_d18_087_b_4_jpg.rf.fW4Ax3Vyh7qREhAWERPF.jpg,0.25,0.25,1,0,0,0,0,0,0,0
T10_d18_087_b_4_jpg.rf.fW4Ax3Vyh7qREhAWERPF.jpg,0.25,0.5,1,0,0,0,0,0,0,0
T10_d18_087_b_4_jpg.rf.fW4Ax3Vyh7qREhAWERPF.jpg,0.25,1.0,1,0,0,0,0,0,0,0
T10_d18_087_b_4_jpg.rf.fW4Ax3Vyh7qREhAWERPF.jpg,0.3,0.0,1,0,0,0,0,0,0,0
T10_d18_087_b_4_jpg.rf.fW4Ax3Vyh7qREhAWERPF.jpg,0.3,0.1,1,0,0,0,0,0,0,0
T10_d18_087_b_4_jpg.rf.fW4Ax3Vyh7qREhAWERPF.jpg,0.3,0.25,1,0,0,0,0,0,0,0
T10_d18_087_b_4_jpg.rf.fW4Ax3Vyh7qREhAWERPF.jpg,0.3,0.5,1,0,0,0,0,0,0,0
T10_d18_087_b_4_jpg.rf.fW4Ax3Vyh7qREhAWERPF.jpg,0.3,1.0,1,0,0,0,0,0,0,0
T10_d18_087_b_4_jpg.rf.fW4Ax3Vyh7qREhAWERPF.jpg,0.4,0.0,1,0,0,0,0,0,0,0
T10_d18_087_b_4_jpg.rf.fW4Ax3Vyh7qREhAWERPF.jpg,0.4,0.1,1,0,0,0,0,0,0,0
T10_d18_087_b_4_jpg.rf.fW4Ax3Vyh7qREhAWERPF.jpg,0.4,0.25,1,0,0,0,0,0,0,0
T10_d18_087_b_4_jpg.rf.fW4Ax3Vyh7qREhAWERPF.jpg,0.4,0.5,1,0,0,0,0,0,0,0
T10_d18_087_b_4_jpg.rf.fW4Ax3Vyh7qREhAWERPF.jpg,0.4,1.0,1,0,0,0,0,0,0,0
T10_d18_087_b_4_jpg.rf.fW4Ax3Vyh7qREhAWERPF.jpg,0.5,0.0,1,0,0,0,0,0,0,0
T10_d18_087_b_4_jpg.rf.fW4Ax3Vyh7qREhAWERPF.jpg,0.5,0.1,1,0,0,0,0,0,0,0
T10_d18_087_b_4_jpg.rf.fW4Ax3Vyh7qREhAWERPF.jpg,0.5,0.25,1,0,0,0,0,0,0,0
T10_d18_087_b_4_jpg.rf.fW4Ax3Vyh7qREhAWERPF.jpg,0.5,0.5,1,0,0,0,0,0,0,0
T10_d18_087_b_4_jpg.rf.fW4Ax3Vyh7qREhAWERPF.jpg,0.5,1.0,1,0,0,0,0,0,0,0
T10_d18_111_a_4_jpg.rf.66YNOD6ZvjDEhXrAe4MK.jpg,0.15,0.0,1,0,0,0,0,0,0,0
T10_d18_111_a_4_jpg.rf.66YNOD6ZvjDEhXrAe4MK.jpg,0.15,0.1,1,0,0,0,0,0,0,0
T10_d18_111_a_4_jpg.rf.66YNOD6ZvjDEhXrAe4MK.jpg,0.15,0.25,1,0,0,0,0,0,0,0
T10_d18_111_a_4_jpg.rf.66YNOD6ZvjDEhXrAe4MK.jpg,0.15,0.5,1,0,0,0,0,0,0,0
T10_d18_111_a_4_jpg.rf.66YNOD6ZvjDEhXrAe4MK.jpg,0.15,1.0,1,0,0,0,0,0,0,0
T10_d18_111_a_4_jpg.rf.66YNOD6ZvjDEhXrAe4MK.jpg,0.2,0.0,1,0,0,0,0,0,0,0
T10_d18_111_a_4_jpg.rf.66YNOD6ZvjDEhXrAe4MK.jpg,0.2,0.1,1,0,0,0,0,0,0,0
T10_d18_111_a_4_jpg.rf.66YNOD6ZvjDEhXrAe4MK.jpg,0.2,0.25,1,0,0,0,0,0,0,0
T10_d18_111_a_4_jpg.rf.66YNOD6ZvjDEhXrAe4MK.jpg,0.2,0.5,1,0,0,0,0,0,0,0
T10_d18_111_a_4_jpg.rf.66YNOD6ZvjDEhXrAe4MK.jpg,0.2,1.0,1,0,0,0,0,0,0,0
T10_d18_111_a_4_jpg.rf.66YNOD6ZvjDEhXrAe4MK.jpg,0.25,0.0,1,0,0,0,0,0,0,0
T10_d18_111_a_4_jpg.rf.66YNOD6ZvjDEhXrAe4MK.jpg,0.25,0.1,1,0,0,0,0,0,0,0
T10_d18_111_a_4_jpg.rf.66YNOD6ZvjDEhXrAe4MK.jpg,0.25,0.25,1,0,0,0,0,0,0,0
T10_d18_111_a_4_jpg.rf.66YNOD6ZvjDEhXrAe4MK.jpg,0.25,0.5,1,0,0,0,0,0,0,0
T10_d18_111_a_4_jpg.rf.66YNOD6ZvjDEhXrAe4MK.jpg,0.25,1.0,1,0,0,0,0,0,0,0
T10_d18_111_a_4_jpg.rf.66YNOD6ZvjDEhXrAe4MK.jpg,0.3,0.0,1,0,0,0,0,0,0,0
T10_d18_111_a_4_jpg.rf.66YNOD6ZvjDEhXrAe4MK.jpg,0.3,0.1,1,0,0,0,0,0,0,0
T10_d18_111_a_4_jpg.rf.66YNOD6ZvjDEhXrAe4MK.jpg,0.3,0.25,1,0,0,0,0,0,0,0
T10_d18_111_a_4_jpg.rf.66YNOD6ZvjDEhXrAe4MK.jpg,0.3,0.5,1,0,0,0,0,0,0,0
T10_d18_111_a_4_jpg.rf.66YNOD6ZvjDEhXrAe4MK.jpg,0.3,1.0,1,0,0,0,0,0,0,0
T10_d18_111_a_4_jpg.rf.66YNOD6ZvjDEhXrAe4MK.jpg,0.4,0.0,1,0,0,0,0,0,0,0
T10_d18_111_a_4_jpg.rf.66YNOD6ZvjDEhXrAe4MK.jpg,0.4,0.1,1,0,0,0,0,0,0,0
T10_d18_111_a_4_jpg.rf.66YNOD6ZvjDEhXrAe4MK.jpg,0.4,0.25,1,0,0,0,0,0,0,0
T10_d18_111_a_4_jpg.rf.66YNOD6ZvjDEhXrAe4MK.jpg,0.4,0.5,1,0,0,0,0,0,0,0
T10_d18_111_a_4_jpg.rf.66YNOD6ZvjDEhXrAe4MK.jpg,0.4,1.0,1,0,0,0,0,0,0,0
T10_d18_111_a_4_jpg.rf.66YNOD6ZvjDEhXrAe4MK.jpg,0.5,0.0,1,0,0,0,0,0,0,0
T10_d18_111_a_4_jpg.rf.66YNOD6ZvjDEhXrAe4MK.jpg,0.5,0.1,1,0,0,0,0,0,0,0
T10_d18_111_a_4_jpg.rf.66YNOD6ZvjDEhXrAe4MK.jpg,0.5,0.25,1,0,0,0,0,0,0,0
T10_d18_111_a_4_jpg.rf.66YNOD6ZvjDEhXrAe4MK.jpg,0.5,0.5,1,0,0,0,0,0,0,0
T10_d18_111_a_4_jpg.rf.66YNOD6ZvjDEhXrAe4MK.jpg,0.5,1.0,1,0,0,0,0,0,0,0
T10_d18_253_b_4_jpg.rf.g10rcFq9zAwZaLYwL6PO.jpg,0.15,0.0,0,0,4039,0,0,4039,0,0
T10_d18_253_b_4_jpg.rf.g10rcFq9zAwZaLYwL6PO.jpg,0.15,0.1,0,0,4039,0,0,4039,0,0
T10_d18_253_b_4_jpg.rf.g10rcFq9zAwZaLYwL6PO.jpg,0.15,0.25,0,0,4039,0,0,4039,0,0
T10_d18_253_b_4_jpg.rf.g10rcFq9zAwZaLYwL6PO.jpg,0.15,0.5,0,0,4039,0,0,4039,0,0
T10_d18_253_b_4_jpg.rf.g10rcFq9zAwZaLYwL6PO.jpg,0.15,1.0,1,0,4039,0,0,4039,0,0
T10_d18_253_b_4_jpg.rf.g10rcFq9zAwZaLYwL6PO.jpg,0.2,0.0,1,0,0,0,0,0,0,0
T10_d18_253_b_4_jpg.rf.g10rcFq9zAwZaLYwL6PO.jpg,0.2,0.1,1,0,0,0,0,0,0,0
T10_d18_253_b_4_jpg.rf.g10rcFq9zAwZaLYwL6PO.jpg,0.2,0.25,1,0,0,0,0,0,0,0
T10_d18_253_b_4_jpg.rf.g10rcFq9zAwZaLYwL6PO.jpg,0.2,0.5,1,0,0,0,0,0,0,0
T10_d18_253_b_4_jpg.rf.g10rcFq9zAwZaLYwL6PO.jpg,0.2,1.0,1,0,0,0,0,0,0,0
T10_d18_253_b_4_jpg.rf.g10rcFq9zAwZaLYwL6PO.jpg,0.25,0.0,1,0,0,0,0,0,0,0
T10_d18_253_b_4_jpg.rf.g10rcFq9zAwZaLYwL6PO.jpg,0.25,0.1,1,0,0,0,0,0,0,0
T10_d18_253_b_4_jpg.rf.g10rcFq9zAwZaLYwL6PO.jpg,0.25,0.25,1,0,0,0,0,0,0,0
T10_d18_253_b_4_jpg.rf.g10rcFq9zAwZaLYwL6PO.jpg,0.25,0.5,1,0,0,0,0,0,0,0
T10_d18_253_b_4_jpg.rf.g10rcFq9zAwZaLYwL6PO.jpg,0.25,1.0,1,0,0,0,0,0,0,0
T10_d18_253_b_4_jpg.rf.g10rcFq9zAwZaLYwL6PO.jpg,0.3,0.0,1,0,0,0,0,0,0,0
T10_d18_253_b_4_jpg.rf.g10rcFq9zAwZaLYwL6PO.jpg,0.3,0.1,1,0,0,0,0,0,0,0
T10_d18_253_b_4_jpg.rf.g10rcFq9zAwZaLYwL6PO.jpg,0.3,0.25,1,0,0,0,0,0,0,0
T10_d18_253_b_4_jpg.rf.g10rcFq9zAwZaLYwL6PO.jpg,0.3,0.5,1,0,0,0,0,0,0,0
T10_d18_253_b_4_jpg.rf.g10rcFq9zAwZaLYwL6PO.jpg,0.3,1.0,1,0,0,0,0,0,0,0
T10_d18_253_b_4_jpg.rf.g10rcFq9zAwZaLYwL6PO.jpg,0.4,0.0,1,0,0,0,0,0,0,0
T10_d18_253_b_4_jpg.rf.g10rcFq9zAwZaLYwL6PO.jpg,0.4,0.1,1,0,0,0,0,0,0,0
T10_d18_253_b_4_jpg.rf.g10rcFq9zAwZaLYwL6PO.jpg,0.4,0.25,1,0,0,0,0,0,0,0
T10_d18_253_b_4_jpg.rf.g10rcFq9zAwZaLYwL6PO.jpg,0.4,0.5,1,0,0,0,0,0,0,0
T10_d18_253_b_4_jpg.rf.g10rcFq9zAwZaLYwL6PO.jpg,0.4,1.0,1,0,0,0,0,0,0,0
T10_d18_253_b_4_jpg.rf.g10rcFq9zAwZaLYwL6PO.jpg,0.5,0.0,1,0,0,0,0,0,0,0
T10_d18_253_b_4_jpg.rf.g10rcFq9zAwZaLYwL6PO.jpg,0.5,0.1,1,0,0,0,0,0,0,0
T10_d18_253_b_4_jpg.rf.g10rcFq9zAwZaLYwL6PO.jpg,0.5,0.25,1,0,0,0,0,0,0,0
T10_d18_253_b_4_jpg.rf.g10rcFq9zAwZaLYwL6PO.jpg,0.5,0.5,1,0,0,0,0,0,0,0
T10_d18_253_b_4_jpg.rf.g10rcFq9zAwZaLYwL6PO.jpg,0.5,1.0,1,0,0,0,0,0,0,0
T10_d18_292_a_4_jpg.rf.XLY68lkAxF8yIzvQxxHP.jpg,0.15,0.0,1,7176,159,256,7432,7335,0,0
T10_d18_292_a_4_jpg.rf.XLY68lkAxF8yIzvQxxHP.jpg,0.15,0.1,1,7176,159,256,7432,7335,0,0
T10_d18_292_a_4_jpg.rf.XLY68lkAxF8yIzvQxxHP.jpg,0.15,0.25,1,7176,159,256,7432,7335,0,0
T10_d18_292_a_4_jpg.rf.XLY68lkAxF8yIzvQxxHP.jpg,0.15,0.5,1,7176,159,256,7432,7335,0,0
T10_d18_292_a_4_jpg.rf.XLY68lkAxF8yIzvQxxHP.jpg,0.15,1.0,1,7176,159,256,7432,7335,0,0
T10_d18_292_a_4_jpg.rf.XLY68lkAxF8yIzvQxxHP.jpg,0.2,0.0,1,7176,159,256,7432,7335,0,0
T10_d18_292_a_4_jpg.rf.XLY68lkAxF8yIzvQxxHP.jpg,0.2,0.1,1,7176,159,256,7432,7335,0,0
T10_d18_292_a_4_jpg.rf.XLY68lkAxF8yIzvQxxHP.jpg,0.2,0.25,1,7176,159,256,7432,7335,0,0
T10_d18_292_a_4_jpg.rf.XLY68lkAxF8yIzvQxxHP.jpg,0.2,0.5,1,7176,159,256,7432,7335,0,0
T10_d18_292_a_4_jpg.rf.XLY68lkAxF8yIzvQxxHP.jpg,0.2,1.0,1,7176,159,256,7432,7335,0,0
T10_d18_292_a_4_jpg.rf.XLY68lkAxF8yIzvQxxHP.jpg,0.25,0.0,1,7176,159,256,7432,7335,0,0
T10_d18_292_a_4_jpg.rf.XLY68lkAxF8yIzvQxxHP.jpg,0.25,0.1,1,7176,159,256,7432,7335,0,0
T10_d18_292_a_4_jpg.rf.XLY68lkAxF8yIzvQxxHP.jpg,0.25,0.25,1,7176,159,256,7432,7335,0,0
T10_d18_292_a_4_jpg.rf.XLY68lkAxF8yIzvQxxHP.jpg,0.25,0.5,1,7176,159,256,7432,7335,0,0
T10_d18_292_a_4_jpg.rf.XLY68lkAxF8yIzvQxxHP.jpg,0.25,1.0,1,7176,159,256,7432,7335,0,0
T10_d18_292_a_4_jpg.rf.XLY68lkAxF8yIzvQxxHP.jpg,0.3,0.0,1,7176,159,256,7432,7335,0,0
T10_d18_292_a_4_jpg.rf.XLY68lkAxF8yIzvQxxHP.jpg,0.3,0.1,1,7176,159,256,7432,7335,0,0
T10_d18_292_a_4_jpg.rf.XLY68lkAxF8yIzvQxxHP.jpg,0.3,0.25,1,7176,159,256,7432,7335,0,0
T10_d18_292_a_4_jpg.rf.XLY68lkAxF8yIzvQxxHP.jpg,0.3,0.5,1,7176,159,256,7432,7335,0,0
T10_d18_292_a_4_jpg.rf.XLY68lkAxF8yIzvQxxHP.jpg,0.3,1.0,1,7176,159,256,7432,7335,0,0
T10_d18_292_a_4_jpg.rf.XLY68lkAxF8yIzvQxxHP.jpg,0.4,0.0,1,7176,159,256,7432,7335,0,0
T10_d18_292_a_4_jpg.rf.XLY68lkAxF8yIzvQxxHP.jpg,0.4,0.1,1,7176,159,256,7432,7335,0,0
T10_d18_292_a_4_jpg.rf.XLY68lkAxF8yIzvQxxHP.jpg,0.4,0.25,1,7176,159,256,7432,7335,0,0
T10_d18_292_a_4_jpg.rf.XLY68lkAxF8yIzvQxxHP.jpg,0.4,0.5,1,7176,159,256,7432,7335,0,0
T10_d18_292_a_4_jpg.rf.XLY68lkAxF8yIzvQxxHP.jpg,0.4,1.0,1,7176,159,256,7432,7335,0,0
T10_d18_292_a_4_jpg.rf.XLY68lkAxF8yIzvQxxHP.jpg,0.5,0.0,1,7176,159,256,7432,7335,0,0
T10_d18_292_a_4_jpg.rf.XLY68lkAxF8yIzvQxxHP.jpg,0.5,0.1,1,7176,159,256,7432,7335,0,0
T10_d18_292_a_4_jpg.rf.XLY68lkAxF8yIzvQxxHP.jpg,0.5,0.25,1,7176,159,256,7432,7335,0,0
T10_d18_292_a_4_jpg.rf.XLY68lkAxF8yIzvQxxHP.jpg,0.5,0.5,1,7176,159,256,7432,7335,0,0
T10_d18_292_a_4_jpg.rf.XLY68lkAxF8yIzvQxxHP.jpg,0.5,1.0,1,7176,159,256,7432,7335,0,0
T10_d18_310_a_4_jpg.rf.27s42SE9zXb0yrAXFY0S.jpg,0.15,0.0,1,8990,390,947,9937,9380,1,0
T10_d18_310_a_4_jpg.rf.27s42SE9zXb0yrAXFY0S.jpg,0.15,0.1,1,8990,390,947,9937,9380,1,0
T10_d18_310_a_4_jpg.rf.27s42SE9zXb0yrAXFY0S.jpg,0.15,0.25,1,8990,390,947,9937,9380,1,0
T10_d18_310_a_4_jpg.rf.27s42SE9zXb0yrAXFY0S.jpg,0.15,0.5,1,8990,390,947,9937,9380,1,0
T10_d18_310_a_4_jpg.rf.27s42SE9zXb0yrAXFY0S.jpg,0.15,1.0,1,8990,390,947,9937,9380,1,0
T10_d18_310_a_4_jpg.rf.27s42SE9zXb0yrAXFY0S.jpg,0.2,0.0,1,8990,390,947,9937,9380,1,0
T10_d18_310_a_4_jpg.rf.27s42SE9zXb0yrAXFY0S.jpg,0.2,0.1,1,8990,390,947,9937,9380,1,0
T10_d18_310_a_4_jpg.rf.27s42SE9zXb0yrAXFY0S.jpg,0.2,0.25,1,8990,390,947,9937,9380,1,0
T10_d18_310_a_4_jpg.rf.27s42SE9zXb0yrAXFY0S.jpg,0.2,0.5,1,8990,390,947,9937,9380,1,0
T10_d18_310_a_4_jpg.rf.27s42SE9zXb0yrAXFY0S.jpg,0.2,1.0,1,8990,390,947,9937,9380,1,0
T10_d18_310_a_4_jpg.rf.27s42SE9zXb0yrAXFY0S.jpg,0.25,0.0,1,8990,390,947,9937,9380,1,0
T10_d18_310_a_4_jpg.rf.27s42SE9zXb0yrAXFY0S.jpg,0.25,0.1,1,8990,390,947,9937,9380,1,0
T10_d18_310_a_4_jpg.rf.27s42SE9zXb0yrAXFY0S.jpg,0.25,0.25,1,8990,390,947,9937,9380,1,0
T10_d18_310_a_4_jpg.rf.27s42SE9zXb0yrAXFY0S.jpg,0.25,0.5,1,8990,390,947,9937,9380,1,0
T10_d18_310_a_4_jpg.rf.27s42SE9zXb0yrAXFY0S.jpg,0.25,1.0,1,8990,390,947,9937,9380,1,0
T10_d18_310_a_4_jpg.rf.27s42SE9zXb0yrAXFY0S.jpg,0.3,0.0,1,8990,390,947,9937,9380,1,0
T10_d18_310_a_4_jpg.rf.27s42SE9zXb0yrAXFY0S.jpg,0.3,0.1,1,8990,390,947,9937,9380,1,0
T10_d18_310_a_4_jpg.rf.27s42SE9zXb0yrAXFY0S.jpg,0.3,0.25,1,8990,390,947,9937,9380,1,0
T10_d18_310_a_4_jpg.rf.27s42SE9zXb0yrAXFY0S.jpg,0.3,0.5,1,8990,390,947,9937,9380,1,0
T10_d18_310_a_4_jpg.rf.27s42SE9zXb0yrAXFY0S.jpg,0.3,1.0,1,8990,390,947,9937,9380,1,0
T10_d18_310_a_4_jpg.rf.27s42SE9zXb0yrAXFY0S.jpg,0.4,0.0,1,8990,390,947,9937,9380,1,0
T10_d18_310_a_4_jpg.rf.27s42SE9zXb0yrAXFY0S.jpg,0.4,0.1,1,8990,390,947,9937,9380,1,0
T10_d18_310_a_4_jpg.rf.27s42SE9zXb0yrAXFY0S.jpg,0.4,0.25,1,8990,390,947,9937,9380,1,0
T10_d18_310_a_4_jpg.rf.27s42SE9zXb0yrAXFY0S.jpg,0.4,0.5,1,8990,390,947,9937,9380,1,0
T10_d18_310_a_4_jpg.rf.27s42SE9zXb0yrAXFY0S.jpg,0.4,1.0,1,8990,390,947,9937,9380,1,0
T10_d18_310_a_4_jpg.rf.27s42SE9zXb0yrAXFY0S.jpg,0.5,0.0,1,8990,390,947,9937,9380,1,0
T10_d18_310_a_4_jpg.rf.27s42SE9zXb0yrAXFY0S.jpg,0.5,0.1,1,8990,390,947,9937,9380,1,0
T10_d18_310_a_4_jpg.rf.27s42SE9zXb0yrAXFY0S.jpg,0.5,0.25,1,8990,390,947,9937,9380,1,0
T10_d18_310_a_4_jpg.rf.27s42SE9zXb0yrAXFY0S.jpg,0.5,0.5,1,8990,390,947,9937,9380,1,0
T10_d18_310_a_4_jpg.rf.27s42SE9zXb0yrAXFY0S.jpg,0.5,1.0,1,8990,390,947,9937,9380,1,0
T10_d18_399_b_5_jpg.rf.PcgNMy4YGt6oRgeKxBZQ.jpg,0.15,0.0,0,23598,1995,8863,32461,25593,2,2
T10_d18_399_b_5_jpg.rf.PcgNMy4YGt6oRgeKxBZQ.jpg,0.15,0.1,0,23598,1995,8863,32461,25593,2,2
T10_d18_399_b_5_jpg.rf.PcgNMy4YGt6oRgeKxBZQ.jpg,0.15,0.25,0,23598,1995,8863,32461,25593,2,2
T10_d18_399_b_5_jpg.rf.PcgNMy4YGt6oRgeKxBZQ.jpg,0.15,0.5,0,23598,1995,8863,32461,25593,2,2
T10_d18_399_b_5_jpg.rf.PcgNMy4YGt6oRgeKxBZQ.jpg,0.15,1.0,1,23598,1995,8863,32461,25593,2,2
T10_d18_399_b_5_jpg.rf.PcgNMy4YGt6oRgeKxBZQ.jpg,0.2,0.0,0,23598,1995,8863,32461,25593,2,2
T10_d18_399_b_5_jpg.rf.PcgNMy4YGt6oRgeKxBZQ.jpg,0.2,0.1,0,23598,1995,8863,32461,25593,2,2
T10_d18_399_b_5_jpg.rf.PcgNMy4YGt6oRgeKxBZQ.jpg,0.2,0.25,0,23598,1995,8863,32461,25593,2,2
T10_d18_399_b_5_jpg.rf.PcgNMy4YGt6oRgeKxBZQ.jpg,0.2,0.5,0,23598,1995,8863,32461,25593,2,2
T10_d18_399_b_5_jpg.rf.PcgNMy4YGt6oRgeKxBZQ.jpg,0.2,1.0,1,23598,1995,8863,32461,25593,2,2
T10_d18_399_b_5_jpg.rf.PcgNMy4YGt6oRgeKxBZQ.jpg,0.25,0.0,0,23598,1995,8863,32461,25593,2,2
T10_d18_399_b_5_jpg.rf.PcgNMy4YGt6oRgeKxBZQ.jpg,0.25,0.1,0,23598,1995,8863,32461,25593,2,2
T10_d18_399_b_5_jpg.rf.PcgNMy4YGt6oRgeKxBZQ.jpg,0.25,0.25,0,23598,1995,8863,32461,25593,2,2
T10_d18_399_b_5_jpg.rf.PcgNMy4YGt6oRgeKxBZQ.jpg,0.25,0.5,0,23598,1995,8863,32461,25593,2,2
T10_d18_399_b_5_jpg.rf.PcgNMy4YGt6oRgeKxBZQ.jpg,0.25,1.0,1,23598,1995,8863,32461,25593,2,2
T10_d18_399_b_5_jpg.rf.PcgNMy4YGt6oRgeKxBZQ.jpg,0.3,0.0,0,23598,1995,8863,32461,25593,2,2
T10_d18_399_b_5_jpg.rf.PcgNMy4YGt6oRgeKxBZQ.jpg,0.3,0.1,0,23598,1995,8863,32461,25593,2,2
T10_d18_399_b_5_jpg.rf.PcgNMy4YGt6oRgeKxBZQ.jpg,0.3,0.25,0,23598,1995,8863,32461,25593,2,2
T10_d18_399_b_5_jpg.rf.PcgNMy4YGt6oRgeKxBZQ.jpg,0.3,0.5,0,23598,1995,8863,32461,25593,2,2
T10_d18_399_b_5_jpg.rf.PcgNMy4YGt6oRgeKxBZQ.jpg,0.3,1.0,1,23598,1995,8863,32461,25593,2,2
T10_d18_399_b_5_jpg.rf.PcgNMy4YGt6oRgeKxBZQ.jpg,0.4,0.0,0,23598,1995,8863,32461,25593,2,2
T10_d18_399_b_5_jpg.rf.PcgNMy4YGt6oRgeKxBZQ.jpg,0.4,0.1,0,23598,1995,8863,32461,25593,2,2
T10_d18_399_b_5_jpg.rf.PcgNMy4YGt6oRgeKxBZQ.jpg,0.4,0.25,0,23598,1995,8863,32461,25593,2,2
T10_d18_399_b_5_jpg.rf.PcgNMy4YGt6oRgeKxBZQ.jpg,0.4,0.5,0,23598,1995,8863,32461,25593,2,2
T10_d18_399_b_5_jpg.rf.PcgNMy4YGt6oRgeKxBZQ.jpg,0.4,1.0,1,23598,1995,8863,32461,25593,2,2
T10_d18_399_b_5_jpg.rf.PcgNMy4YGt6oRgeKxBZQ.jpg,0.5,0.0,1,0,0,32461,32461,0,2,0
T10_d18_399_b_5_jpg.rf.PcgNMy4YGt6oRgeKxBZQ.jpg,0.5,0.1,1,0,0,32461,32461,0,2,0
T10_d18_399_b_5_jpg.rf.PcgNMy4YGt6oRgeKxBZQ.jpg,0.5,0.25,1,0,0,32461,32461,0,2,0
T10_d18_399_b_5_jpg.rf.PcgNMy4YGt6oRgeKxBZQ.jpg,0.5,0.5,1,0,0,32461,32461,0,2,0
T10_d18_399_b_5_jpg.rf.PcgNMy4YGt6oRgeKxBZQ.jpg,0.5,1.0,1,0,0,32461,32461,0,2,0
T10_d18_450_b_4_jpg.rf.4AoOgpTIuPi6qc9cmRSt.jpg,0.15,0.0,1,0,0,0,0,0,0,0
T10_d18_450_b_4_jpg.rf.4AoOgpTIuPi6qc9cmRSt.jpg,0.15,0.1,1,0,0,0,0,0,0,0
T10_d18_450_b_4_jpg.rf.4AoOgpTIuPi6qc9cmRSt.jpg,0.15,0.25,1,0,0,0,0,0,0,0
T10_d18_450_b_4_jpg.rf.4AoOgpTIuPi6qc9cmRSt.jpg,0.15,0.5,1,0,0,0,0,0,0,0
T10_d18_450_b_4_jpg.rf.4AoOgpTIuPi6qc9cmRSt.jpg,0.15,1.0,1,0,0,0,0,0,0,0
T10_d18_450_b_4_jpg.rf.4AoOgpTIuPi6qc9cmRSt.jpg,0.2,0.0,1,0,0,0,0,0,0,0
T10_d18_450_b_4_jpg.rf.4AoOgpTIuPi6qc9cmRSt.jpg,0.2,0.1,1,0,0,0,0,0,0,0
T10_d18_450_b_4_jpg.rf.4AoOgpTIuPi6qc9cmRSt.jpg,0.2,0.25,1,0,0,0,0,0,0,0
T10_d18_450_b_4_jpg.rf.4AoOgpTIuPi6qc9cmRSt.jpg,0.2,0.5,1,0,0,0,0,0,0,0
T10_d18_450_b_4_jpg.rf.4AoOgpTIuPi6qc9cmRSt.jpg,0.2,1.0,1,0,0,0,0,0,0,0
T10_d18_450_b_4_jpg.rf.4AoOgpTIuPi6qc9cmRSt.jpg,0.25,0.0,1,0,0,0,0,0,0,0
T10_d18_450_b_4_jpg.rf.4AoOgpTIuPi6qc9cmRSt.jpg,0.25,0.1,1,0,0,0,0,0,0,0
T10_d18_450_b_4_jpg.rf.4AoOgpTIuPi6qc9cmRSt.jpg,0.25,0.25,1,0,0,0,0,0,0,0
T10_d18_450_b_4_jpg.rf.4AoOgpTIuPi6qc9cmRSt.jpg,0.25,0.5,1,0,0,0,0,0,0,0
T10_d18_450_b_4_jpg.rf.4AoOgpTIuPi6qc9cmRSt.jpg,0.25,1.0,1,0,0,0,0,0,0,0
T10_d18_450_b_4_jpg.rf.4AoOgpTIuPi6qc9cmRSt.jpg,0.3,0.0,1,0,0,0,0,0,0,0
T10_d18_450_b_4_jpg.rf.4AoOgpTIuPi6qc9cmRSt.jpg,0.3,0.1,1,0,0,0,0,0,0,0
T10_d18_450_b_4_jpg.rf.4AoOgpTIuPi6qc9cmRSt.jpg,0.3,0.25,1,0,0,0,0,0,0,0
T10_d18_450_b_4_jpg.rf.4AoOgpTIuPi6qc9cmRSt.jpg,0.3,0.5,1,0,0,0,0,0,0,0
T10_d18_450_b_4_jpg.rf.4AoOgpTIuPi6qc9cmRSt.jpg,0.3,1.0,1,0,0,0,0,0,0,0
T10_d18_450_b_4_jpg.rf.4AoOgpTIuPi6qc9cmRSt.jpg,0.4,0.0,1,0,0,0,0,0,0,0
T10_d18_450_b_4_jpg.rf.4AoOgpTIuPi6qc9cmRSt.jpg,0.4,0.1,1,0,0,0,0,0,0,0
T10_d18_450_b_4_jpg.rf.4AoOgpTIuPi6qc9cmRSt.jpg,0.4,0.25,1,0,0,0,0,0,0,0
T10_d18_450_b_4_jpg.rf.4AoOgpTIuPi6qc9cmRSt.jpg,0.4,0.5,1,0,0,0,0,0,0,0
T10_d18_450_b_4_jpg.rf.4AoOgpTIuPi6qc9cmRSt.jpg,0.4,1.0,1,0,0,0,0,0,0,0
T10_d18_450_b_4_jpg.rf.4AoOgpTIuPi6qc9cmRSt.jpg,0.5,0.0,1,0,0,0,0,0,0,0
T10_d18_450_b_4_jpg.rf.4AoOgpTIuPi6qc9cmRSt.jpg,0.5,0.1,1,0,0,0,0,0,0,0
T10_d18_450_b_4_jpg.rf.4AoOgpTIuPi6qc9cmRSt.jpg,0.5,0.25,1,0,0,0,0,0,0,0
T10_d18_450_b_4_jpg.rf.4AoOgpTIuPi6qc9cmRSt.jpg,0.5,0.5,1,0,0,0,0,0,0,0
T10_d18_450_b_4_jpg.rf.4AoOgpTIuPi6qc9cmRSt.jpg,0.5,1.0,1,0,0,0,0,0,0,0
T10_d18_451_b_4_jpg.rf.BdFm8RpKGc5EzXSIVlzT.jpg,0.15,0.0,0,14672,1197,1663,16335,15869,2,1
T10_d18_451_b_4_jpg.rf.BdFm8RpKGc5EzXSIVlzT.jpg,0.15,0.1,0,14672,1197,1663,16335,15869,2,1
T10_d18_451_b_4_jpg.rf.BdFm8RpKGc5EzXSIVlzT.jpg,0.15,0.25,0,14672,1197,1663,16335,15869,2,1
T10_d18_451_b_4_jpg.rf.BdFm8RpKGc5EzXSIVlzT.jpg,0.15,0.5,0,14672,1197,1663,16335,15869,2,1
T10_d18_451_b_4_jpg.rf.BdFm8RpKGc5EzXSIVlzT.jpg,0.15,1.0,1,14672,1197,1663,16335,15869,2,1
T10_d18_451_b_4_jpg.rf.BdFm8RpKGc5EzXSIVlzT.jpg,0.2,0.0,0,14672,1197,1663,16335,15869,2,1
T10_d18_451_b_4_jpg.rf.BdFm8RpKGc5EzXSIVlzT.jpg,0.2,0.1,0,14672,1197,1663,16335,15869,2,1
T10_d18_451_b_4_jpg.rf.BdFm8RpKGc5EzXSIVlzT.jpg,0.2,0.25,0,14672,1197,1663,16335,15869,2,1
T10_d18_451_b_4_jpg.rf.BdFm8RpKGc5EzXSIVlzT.jpg,0.2,0.5,0,14672,1197,1663,16335,15869,2,1
T10_d18_451_b_4_jpg.rf.BdFm8RpKGc5EzXSIVlzT.jpg,0.2,1.0,1,14672,1197,1663,16335,15869,2,1
T10_d18_451_b_4_jpg.rf.BdFm8RpKGc5EzXSIVlzT.jpg,0.25,0.0,0,14672,1197,1663,16335,15869,2,1
T10_d18_451_b_4_jpg.rf.BdFm8RpKGc5EzXSIVlzT.jpg,0.25,0.1,0,14672,1197,1663,16335,15869,2,1
T10_d18_451_b_4_jpg.rf.BdFm8RpKGc5EzXSIVlzT.jpg,0.25,0.25,0,14672,1197,1663,16335,15869,2,1
T10_d18_451_b_4_jpg.rf.BdFm8RpKGc5EzXSIVlzT.jpg,0.25,0.5,0,14672,1197,1663,16335,15869,2,1
T10_d18_451_b_4_jpg.rf.BdFm8RpKGc5EzXSIVlzT.jpg,0.25,1.0,1,14672,1197,1663,16335,15869,2,1
T10_d18_451_b_4_jpg.rf.BdFm8RpKGc5EzXSIVlzT.jpg,0.3,0.0,1,8600,0,7735,16335,8600,2,0
T10_d18_451_b_4_jpg.rf.BdFm8RpKGc5EzXSIVlzT.jpg,0.3,0.1,1,8600,0,7735,16335,8600,2,0
T10_d18_451_b_4_jpg.rf.BdFm8RpKGc5EzXSIVlzT.jpg,0.3,0.25,1,8600,0,7735,16335,8600,2,0
T10_d18_451_b_4_jpg.rf.BdFm8RpKGc5EzXSIVlzT.jpg,0.3,0.5,1,8600,0,7735,16335,8600,2,0
T10_d18_451_b_4_jpg.rf.BdFm8RpKGc5EzXSIVlzT.jpg,0.3,1.0,1,8600,0,7735,16335,8600,2,0
T10_d18_451_b_4_jpg.rf.BdFm8RpKGc5EzXSIVlzT.jpg,0.4,0.0,1,8600,0,7735,16335,8600,2,0
T10_d18_451_b_4_jpg.rf.BdFm8RpKGc5EzXSIVlzT.jpg,0.4,0.1,1,8600,0,7735,16335,8600,2,0
T10_d18_451_b_4_jpg.rf.BdFm8RpKGc5EzXSIVlzT.jpg,0.4,0.25,1,8600,0,7735,16335,8600,2,0
T10_d18_451_b_4_jpg.rf.BdFm8RpKGc5EzXSIVlzT.jpg,0.4,0.5,1,8600,0,7735,16335,8600,2,0
T10_d18_451_b_4_jpg.rf.BdFm8RpKGc5EzXSIVlzT.jpg,0.4,1.0,1,8600,0,7735,16335,8600,2,0
T10_d18_451_b_4_jpg.rf.BdFm8RpKGc5EzXSIVlzT.jpg,0.5,0.0,1,8600,0,7735,16335,8600,2,0
T10_d18_451_b_4_jpg.rf.BdFm8RpKGc5EzXSIVlzT.jpg,0.5,0.1,1,8600,0,7735,16335,8600,2,0
T10_d18_451_b_4_jpg.rf.BdFm8RpKGc5EzXSIVlzT.jpg,0.5,0.25,1,8600,0,7735,16335,8600,2,0
T10_d18_451_b_4_jpg.rf.BdFm8RpKGc5EzXSIVlzT.jpg,0.5,0.5,1,8600,0,7735,16335,8600,2,0
T10_d18_451_b_4_jpg.rf.BdFm8RpKGc5EzXSIVlzT.jpg,0.5,1.0,1,8600,0,7735,16335,8600,2,0
T10_d18_452_a_4_jpg.rf.sJcNOsEwtq1bpscJK0OW.jpg,0.15,0.0,0,0,35268,0,0,35268,0,2
T10_d18_452_a_4_jpg.rf.sJcNOsEwtq1bpscJK0OW.jpg,0.15,0.1,0,0,35268,0,0,35268,0,2
T10_d18_452_a_4_jpg.rf.sJcNOsEwtq1bpscJK0OW.jpg,0.15,0.25,0,0,35268,0,0,35268,0,2
T10_d18_452_a_4_jpg.rf.sJcNOsEwtq1bpscJK0OW.jpg,0.15,0.5,0,0,35268,0,0,35268,0,2
T10_d18_452_a_4_jpg.rf.sJcNOsEwtq1bpscJK0OW.jpg,0.15,1.0,1,0,35268,0,0,35268,0,2
T10_d18_452_a_4_jpg.rf.sJcNOsEwtq1bpscJK0OW.jpg,0.2,0.0,0,0,35268,0,0,35268,0,2
T10_d18_452_a_4_jpg.rf.sJcNOsEwtq1bpscJK0OW.jpg,0.2,0.1,0,0,35268,0,0,35268,0,2
T10_d18_452_a_4_jpg.rf.sJcNOsEwtq1bpscJK0OW.jpg,0.2,0.25,0,0,35268,0,0,35268,0,2
T10_d18_452_a_4_jpg.rf.sJcNOsEwtq1bpscJK0OW.jpg,0.2,0.5,0,0,35268,0,0,35268,0,2
T10_d18_452_a_4_jpg.rf.sJcNOsEwtq1bpscJK0OW.jpg,0.2,1.0,1,0,35268,0,0,35268,0,2
T10_d18_452_a_4_jpg.rf.sJcNOsEwtq1bpscJK0OW.jpg,0.25,0.0,1,0,0,0,0,0,0,0
T10_d18_452_a_4_jpg.rf.sJcNOsEwtq1bpscJK0OW.jpg,0.25,0.1,1,0,0,0,0,0,0,0
T10_d18_452_a_4_jpg.rf.sJcNOsEwtq1bpscJK0OW.jpg,0.25,0.25,1,0,0,0,0,0,0,0
T10_d18_452_a_4_jpg.rf.sJcNOsEwtq1bpscJK0OW.jpg,0.25,0.5,1,0,0,0,0,0,0,0
T10_d18_452_a_4_jpg.rf.sJcNOsEwtq1bpscJK0OW.jpg,0.25,1.0,1,0,0,0,0,0,0,0
T10_d18_452_a_4_jpg.rf.sJcNOsEwtq1bpscJK0OW.jpg,0.3,0.0,1,0,0,0,0,0,0,0
T10_d18_452_a_4_jpg.rf.sJcNOsEwtq1bpscJK0OW.jpg,0.3,0.1,1,0,0,0,0,0,0,0
T10_d18_452_a_4_jpg.rf.sJcNOsEwtq1bpscJK0OW.jpg,0.3,0.25,1,0,0,0,0,0,0,0
T10_d18_452_a_4_jpg.rf.sJcNOsEwtq1bpscJK0OW.jpg,0.3,0.5,1,0,0,0,0,0,0,0
T10_d18_452_a_4_jpg.rf.sJcNOsEwtq1bpscJK0OW.jpg,0.3,1.0,1,0,0,0,0,0,0,0
T10_d18_452_a_4_jpg.rf.sJcNOsEwtq1bpscJK0OW.jpg,0.4,0.0,1,0,0,0,0,0,0,0
T10_d18_452_a_4_jpg.rf.sJcNOsEwtq1bpscJK0OW.jpg,0.4,0.1,1,0,0,0,0,0,0,0
T10_d18_452_a_4_jpg.rf.sJcNOsEwtq1bpscJK0OW.jpg,0.4,0.25,1,0,0,0,0,0,0,0
T10_d18_452_a_4_jpg.rf.sJcNOsEwtq1bpscJK0OW.jpg,0.4,0.5,1,0,0,0,0,0,0,0
T10_d18_452_a_4_jpg.rf.sJcNOsEwtq1bpscJK0OW.jpg,0.4,1.0,1,0,0,0,0,0,0,0
T10_d18_452_a_4_jpg.rf.sJcNOsEwtq1bpscJK0OW.jpg,0.5,0.0,1,0,0,0,0,0,0,0
T10_d18_452_a_4_jpg.rf.sJcNOsEwtq1bpscJK0OW.jpg,0.5,0.1,1,0,0,0,0,0,0,0
T10_d18_452_a_4_jpg.rf.sJcNOsEwtq1bpscJK0OW.jpg,0.5,0.25,1,0,0,0,0,0,0,0
T10_d18_452_a_4_jpg.rf.sJcNOsEwtq1bpscJK0OW.jpg,0.5,0.5,1,0,0,0,0,0,0,0
T10_d18_452_a_4_jpg.rf.sJcNOsEwtq1bpscJK0OW.jpg,0.5,1.0,1,0,0,0,0,0,0,0
T10_d19_012_b_5_jpg.rf.wLGltHnRthXNs8LXoz6h.jpg,0.15,0.0,1,0,0,26192,26192,0,2,0
T10_d19_012_b_5_jpg.rf.wLGltHnRthXNs8LXoz6h.jpg,0.15,0.1,1,0,0,26192,26192,0,2,0
T10_d19_012_b_5_jpg.rf.wLGltHnRthXNs8LXoz6h.jpg,0.15,0.25,1,0,0,26192,26192,0,2,0
T10_d19_012_b_5_jpg.rf.wLGltHnRthXNs8LXoz6h.jpg,0.15,0.5,1,0,0,26192,26192,0,2,0
T10_d19_012_b_5_jpg.rf.wLGltHnRthXNs8LXoz6h.jpg,0.15,1.0,1,0,0,26192,26192,0,2,0
T10_d19_012_b_5_jpg.rf.wLGltHnRthXNs8LXoz6h.jpg,0.2,0.0,1,0,0,26192,26192,0,2,0
T10_d19_012_b_5_jpg.rf.wLGltHnRthXNs8LXoz6h.jpg,0.2,0.1,1,0,0,26192,26192,0,2,0
T10_d19_012_b_5_jpg.rf.wLGltHnRthXNs8LXoz6h.jpg,0.2,0.25,1,0,0,26192,26192,0,2,0
T10_d19_012_b_5_jpg.rf.wLGltHnRthXNs8LXoz6h.jpg,0.2,0.5,1,0,0,26192,26192,0,2,0
T10_d19_012_b_5_jpg.rf.wLGltHnRthXNs8LXoz6h.jpg,0.2,1.0,1,0,0,26192,26192,0,2,0
T10_d19_012_b_5_jpg.rf.wLGltHnRthXNs8LXoz6h.jpg,0.25,0.0,1,0,0,26192,26192,0,2,0
T10_d19_012_b_5_jpg.rf.wLGltHnRthXNs8LXoz6h.jpg,0.25,0.1,1,0,0,26192,26192,0,2,0
T10_d19_012_b_5_jpg.rf.wLGltHnRthXNs8LXoz6h.jpg,0.25,0.25,1,0,0,26192,26192,0,2,0
T10_d19_012_b_5_jpg.rf.wLGltHnRthXNs8LXoz6h.jpg,0.25,0.5,1,0,0,26192,26192,0,2,0
T10_d19_012_b_5_jpg.rf.wLGltHnRthXNs8LXoz6h.jpg,0.25,1.0,1,0,0,26192,26192,0,2,0
T10_d19_012_b_5_jpg.rf.wLGltHnRthXNs8LXoz6h.jpg,0.3,0.0,1,0,0,26192,26192,0,2,0
T10_d19_012_b_5_jpg.rf.wLGltHnRthXNs8LXoz6h.jpg,0.3,0.1,1,0,0,26192,26192,0,2,0
T10_d19_012_b_5_jpg.rf.wLGltHnRthXNs8LXoz6h.jpg,0.3,0.25,1,0,0,26192,26192,0,2,0
T10_d19_012_b_5_jpg.rf.wLGltHnRthXNs8LXoz6h.jpg,0.3,0.5,1,0,0,26192,26192,0,2,0
T10_d19_012_b_5_jpg.rf.wLGltHnRthXNs8LXoz6h.jpg,0.3,1.0,1,0,0,26192,26192,0,2,0
T10_d19_012_b_5_jpg.rf.wLGltHnRthXNs8LXoz6h.jpg,0.4,0.0,1,0,0,26192,26192,0,2,0
T10_d19_012_b_5_jpg.rf.wLGltHnRthXNs8LXoz6h.jpg,0.4,0.1,1,0,0,26192,26192,0,2,0
T10_d19_012_b_5_jpg.rf.wLGltHnRthXNs8LXoz6h.jpg,0.4,0.25,1,0,0,26192,26192,0,2,0
T10_d19_012_b_5_jpg.rf.wLGltHnRthXNs8LXoz6h.jpg,0.4,0.5,1,0,0,26192,26192,0,2,0
T10_d19_012_b_5_jpg.rf.wLGltHnRthXNs8LXoz6h.jpg,0.4,1.0,1,0,0,26192,26192,0,2,0
T10_d19_012_b_5_jpg.rf.wLGltHnRthXNs8LXoz6h.jpg,0.5,0.0,1,0,0,26192,26192,0,2,0
T10_d19_012_b_5_jpg.rf.wLGltHnRthXNs8LXoz6h.jpg,0.5,0.1,1,0,0,26192,26192,0,2,0
T10_d19_012_b_5_jpg.rf.wLGltHnRthXNs8LXoz6h.jpg,0.5,0.25,1,0,0,26192,26192,0,2,0
T10_d19_012_b_5_jpg.rf.wLGltHnRthXNs8LXoz6h.jpg,0.5,0.5,1,0,0,26192,26192,0,2,0
T10_d19_012_b_5_jpg.rf.wLGltHnRthXNs8LXoz6h.jpg,0.5,1.0,1,0,0,26192,26192,0,2,0
T10_d19_058_b_5_jpg.rf.obwwcw8uikzxJGrzgYXH.jpg,0.15,0.0,1,0,0,0,0,0,0,0
T10_d19_058_b_5_jpg.rf.obwwcw8uikzxJGrzgYXH.jpg,0.15,0.1,1,0,0,0,0,0,0,0
T10_d19_058_b_5_jpg.rf.obwwcw8uikzxJGrzgYXH.jpg,0.15,0.25,1,0,0,0,0,0,0,0
T10_d19_058_b_5_jpg.rf.obwwcw8uikzxJGrzgYXH.jpg,0.15,0.5,1,0,0,0,0,0,0,0
T10_d19_058_b_5_jpg.rf.obwwcw8uikzxJGrzgYXH.jpg,0.15,1.0,1,0,0,0,0,0,0,0
T10_d19_058_b_5_jpg.rf.obwwcw8uikzxJGrzgYXH.jpg,0.2,0.0,1,0,0,0,0,0,0,0
T10_d19_058_b_5_jpg.rf.obwwcw8uikzxJGrzgYXH.jpg,0.2,0.1,1,0,0,0,0,0,0,0
T10_d19_058_b_5_jpg.rf.obwwcw8uikzxJGrzgYXH.jpg,0.2,0.25,1,0,0,0,0,0,0,0
T10_d19_058_b_5_jpg.rf.obwwcw8uikzxJGrzgYXH.jpg,0.2,0.5,1,0,0,0,0,0,0,0
T10_d19_058_b_5_jpg.rf.obwwcw8uikzxJGrzgYXH.jpg,0.2,1.0,1,0,0,0,0,0,0,0
T10_d19_058_b_5_jpg.rf.obwwcw8uikzxJGrzgYXH.jpg,0.25,0.0,1,0,0,0,0,0,0,0
T10_d19_058_b_5_jpg.rf.obwwcw8uikzxJGrzgYXH.jpg,0.25,0.1,1,0,0,0,0,0,0,0
T10_d19_058_b_5_jpg.rf.obwwcw8uikzxJGrzgYXH.jpg,0.25,0.25,1,0,0,0,0,0,0,0
T10_d19_058_b_5_jpg.rf.obwwcw8uikzxJGrzgYXH.jpg,0.25,0.5,1,0,0,0,0,0,0,0
T10_d19_058_b_5_jpg.rf.obwwcw8uikzxJGrzgYXH.jpg,0.25,1.0,1,0,0,0,0,0,0,0
T10_d19_058_b_5_jpg.rf.obwwcw8uikzxJGrzgYXH.jpg,0.3,0.0,1,0,0,0,0,0,0,0
T10_d19_058_b_5_jpg.rf.obwwcw8uikzxJGrzgYXH.jpg,0.3,0.1,1,0,0,0,0,0,0,0
T10_d19_058_b_5_jpg.rf.obwwcw8uikzxJGrzgYXH.jpg,0.3,0.25,1,0,0,0,0,0,0,0
T10_d19_058_b_5_jpg.rf.obwwcw8uikzxJGrzgYXH.jpg,0.3,0.5,1,0,0,0,0,0,0,0
T10_d19_058_b_5_jpg.rf.obwwcw8uikzxJGrzgYXH.jpg,0.3,1.0,1,0,0,0,0,0,0,0
T10_d19_058_b_5_jpg.rf.obwwcw8uikzxJGrzgYXH.jpg,0.4,0.0,1,0,0,0,0,0,0,0
T10_d19_058_b_5_jpg.rf.obwwcw8uikzxJGrzgYXH.jpg,0.4,0.1,1,0,0,0,0,0,0,0
T10_d19_058_b_5_jpg.rf.obwwcw8uikzxJGrzgYXH.jpg,0.4,0.25,1,0,0,0,0,0,0,0
T10_d19_058_b_5_jpg.rf.obwwcw8uikzxJGrzgYXH.jpg,0.4,0.5,1,0,0,0,0,0,0,0
T10_d19_058_b_5_jpg.rf.obwwcw8uikzxJGrzgYXH.jpg,0.4,1.0,1,0,0,0,0,0,0,0
T10_d19_058_b_5_jpg.rf.obwwcw8uikzxJGrzgYXH.jpg,0.5,0.0,1,0,0,0,0,0,0,0
T10_d19_058_b_5_jpg.rf.obwwcw8uikzxJGrzgYXH.jpg,0.5,0.1,1,0,0,0,0,0,0,0
T10_d19_058_b_5_jpg.rf.obwwcw8uikzxJGrzgYXH.jpg,0.5,0.25,1,0,0,0,0,0,0,0
T10_d19_058_b_5_jpg.rf.obwwcw8uikzxJGrzgYXH.jpg,0.5,0.5,1,0,0,0,0,0,0,0
T10_d19_058_b_5_jpg.rf.obwwcw8uikzxJGrzgYXH.jpg,0.5,1.0,1,0,0,0,0,0,0,0
T10_d19_072_b_5_jpg.rf.tg3FMm5PQUfoAchNLWT8.jpg,0.15,0.0,0,8991,9570,4,8995,18561,0,1
T10_d19_072_b_5_jpg.rf.tg3FMm5PQUfoAchNLWT8.jpg,0.15,0.1,0,8991,9570,4,8995,18561,0,1
T10_d19_072_b_5_jpg.rf.tg3FMm5PQUfoAchNLWT8.jpg,0.15,0.25,0,8991,9570,4,8995,18561,0,1
T10_d19_072_b_5_jpg.rf.tg3FMm5PQUfoAchNLWT8.jpg,0.15,0.5,0,8991,9570,4,8995,18561,0,1
T10_d19_072_b_5_jpg.rf.tg3FMm5PQUfoAchNLWT8.jpg,0.15,1.0,1,8991,9570,4,8995,18561,0,1
T10_d19_072_b_5_jpg.rf.tg3FMm5PQUfoAchNLWT8.jpg,0.2,0.0,0,8991,9570,4,8995,18561,0,1
T10_d19_072_b_5_jpg.rf.tg3FMm5PQUfoAchNLWT8.jpg,0.2,0.1,0,8991,9570,4,8995,18561,0,1
T10_d19_072_b_5_jpg.rf.tg3FMm5PQUfoAchNLWT8.jpg,0.2,0.25,0,8991,9570,4,8995,18561,0,1
T10_d19_072_b_5_jpg.rf.tg3FMm5PQUfoAchNLWT8.jpg,0.2,0.5,0,8991,9570,4,8995,18561,0,1
T10_d19_072_b_5_jpg.rf.tg3FMm5PQUfoAchNLWT8.jpg,0.2,1.0,1,8991,9570,4,8995,18561,0,1
T10_d19_072_b_5_jpg.rf.tg3FMm5PQUfoAchNLWT8.jpg,0.25,0.0,0,8546,2234,449,8995,10780,0,0
T10_d19_072_b_5_jpg.rf.tg3FMm5PQUfoAchNLWT8.jpg,0.25,0.1,0,8546,2234,449,8995,10780,0,0
T10_d19_072_b_5_jpg.rf.tg3FMm5PQUfoAchNLWT8.jpg,0.25,0.25,0,8546,2234,449,8995,10780,0,0
T10_d19_072_b_5_jpg.rf.tg3FMm5PQUfoAchNLWT8.jpg,0.25,0.5,0,8546,2234,449,8995,10780,0,0
T10_d19_072_b_5_jpg.rf.tg3FMm5PQUfoAchNLWT8.jpg,0.25,1.0,1,8546,2234,449,8995,10780,0,0
T10_d19_072_b_5_jpg.rf.tg3FMm5PQUfoAchNLWT8.jpg,0.3,0.0,0,8546,2234,449,8995,10780,0,0
T10_d19_072_b_5_jpg.rf.tg3FMm5PQUfoAchNLWT8.jpg,0.3,0.1,0,8546,2234,449,8995,10780,0,0
T10_d19_072_b_5_jpg.rf.tg3FMm5PQUfoAchNLWT8.jpg,0.3,0.25,0,8546,2234,449,8995,10780,0,0
T10_d19_072_b_5_jpg.rf.tg3FMm5PQUfoAchNLWT8.jpg,0.3,0.5,0,8546,2234,449,8995,10780,0,0
T10_d19_072_b_5_jpg.rf.tg3FMm5PQUfoAchNLWT8.jpg,0.3,1.0,1,8546,2234,449,8995,10780,0,0
T10_d19_072_b_5_jpg.rf.tg3FMm5PQUfoAchNLWT8.jpg,0.4,0.0,0,8546,2234,449,8995,10780,0,0
T10_d19_072_b_5_jpg.rf.tg3FMm5PQUfoAchNLWT8.jpg,0.4,0.1,0,8546,2234,449,8995,10780,0,0
T10_d19_072_b_5_jpg.rf.tg3FMm5PQUfoAchNLWT8.jpg,0.4,0.25,0,8546,2234,449,8995,10780,0,0
T10_d19_072_b_5_jpg.rf.tg3FMm5PQUfoAchNLWT8.jpg,0.4,0.5,0,8546,2234,449,8995,10780,0,0
T10_d19_072_b_5_jpg.rf.tg3FMm5PQUfoAchNLWT8.jpg,0.4,1.0,1,8546,2234,449,8995,10780,0,0
T10_d19_072_b_5_jpg.rf.tg3FMm5PQUfoAchNLWT8.jpg,0.5,0.0,1,0,0,8995,8995,0,0,0
T10_d19_072_b_5_jpg.rf.tg3FMm5PQUfoAchNLWT8.jpg,0.5,0.1,1,0,0,8995,8995,0,0,0
T10_d19_072_b_5_jpg.rf.tg3FMm5PQUfoAchNLWT8.jpg,0.5,0.25,1,0,0,8995,8995,0,0,0
T10_d19_072_b_5_jpg.rf.tg3FMm5PQUfoAchNLWT8.jpg,0.5,0.5,1,0,0,8995,8995,0,0,0
T10_d19_072_b_5_jpg.rf.tg3FMm5PQUfoAchNLWT8.jpg,0.5,1.0,1,0,0,8995,8995,0,0,0
T10_d20_035_a_5_jpg.rf.VHEJ0Y0AWNudIOfxNxuz.jpg,0.15,0.0,1,0,0,0,0,0,0,0
T10_d20_035_a_5_jpg.rf.VHEJ0Y0AWNudIOfxNxuz.jpg,0.15,0.1,1,0,0,0,0,0,0,0
T10_d20_035_a_5_jpg.rf.VHEJ0Y0AWNudIOfxNxuz.jpg,0.15,0.25,1,0,0,0,0,0,0,0
T10_d20_035_a_5_jpg.rf.VHEJ0Y0AWNudIOfxNxuz.jpg,0.15,0.5,1,0,0,0,0,0,0,0
T10_d20_035_a_5_jpg.rf.VHEJ0Y0AWNudIOfxNxuz.jpg,0.15,1.0,1,0,0,0,0,0,0,0
T10_d20_035_a_5_jpg.rf.VHEJ0Y0AWNudIOfxNxuz.jpg,0.2,0.0,1,0,0,0,0,0,0,0
T10_d20_035_a_5_jpg.rf.VHEJ0Y0AWNudIOfxNxuz.jpg,0.2,0.1,1,0,0,0,0,0,0,0
T10_d20_035_a_5_jpg.rf.VHEJ0Y0AWNudIOfxNxuz.jpg,0.2,0.25,1,0,0,0,0,0,0,0
T10_d20_035_a_5_jpg.rf.VHEJ0Y0AWNudIOfxNxuz.jpg,0.2,0.5,1,0,0,0,0,0,0,0
T10_d20_035_a_5_jpg.rf.VHEJ0Y0AWNudIOfxNxuz.jpg,0.2,1.0,1,0,0,0,0,0,0,0
T10_d20_035_a_5_jpg.rf.VHEJ0Y0AWNudIOfxNxuz.jpg,0.25,0.0,1,0,0,0,0,0,0,0
T10_d20_035_a_5_jpg.rf.VHEJ0Y0AWNudIOfxNxuz.jpg,0.25,0.1,1,0,0,0,0,0,0,0
T10_d20_035_a_5_jpg.rf.VHEJ0Y0AWNudIOfxNxuz.jpg,0.25,0.25,1,0,0,0,0,0,0,0
T10_d20_035_a_5_jpg.rf.VHEJ0Y0AWNudIOfxNxuz.jpg,0.25,0.5,1,0,0,0,0,0,0,0
T10_d20_035_a_5_jpg.rf.VHEJ0Y0AWNudIOfxNxuz.jpg,0.25,1.0,1,0,0,0,0,0,0,0
T10_d20_035_a_5_jpg.rf.VHEJ0Y0AWNudIOfxNxuz.jpg,0.3,0.0,1,0,0,0,0,0,0,0
T10_d20_035_a_5_jpg.rf.VHEJ0Y0AWNudIOfxNxuz.jpg,0.3,0.1,1,0,0,0,0,0,0,0
T10_d20_035_a_5_jpg.rf.VHEJ0Y0AWNudIOfxNxuz.jpg,0.3,0.25,1,0,0,0,0,0,0,0
T10_d20_035_a_5_jpg.rf.VHEJ0Y0AWNudIOfxNxuz.jpg,0.3,0.5,1,0,0,0,0,0,0,0
T10_d20_035_a_5_jpg.rf.VHEJ0Y0AWNudIOfxNxuz.jpg,0.3,1.0,1,0,0,0,0,0,0,0
T10_d20_035_a_5_jpg.rf.VHEJ0Y0AWNudIOfxNxuz.jpg,0.4,0.0,1,0,0,0,0,0,0,0
T10_d20_035_a_5_jpg.rf.VHEJ0Y0AWNudIOfxNxuz.jpg,0.4,0.1,1,0,0,0,0,0,0,0
T10_d20_035_a_5_jpg.rf.VHEJ0Y0AWNudIOfxNxuz.jpg,0.4,0.25,1,0,0,0,0,0,0,0
T10_d20_035_a_5_jpg.rf.VHEJ0Y0AWNudIOfxNxuz.jpg,0.4,0.5,1,0,0,0,0,0,0,0
T10_d20_035_a_5_jpg.rf.VHEJ0Y0AWNudIOfxNxuz.jpg,0.4,1.0,1,0,0,0,0,0,0,0
T10_d20_035_a_5_jpg.rf.VHEJ0Y0AWNudIOfxNxuz.jpg,0.5,0.0,1,0,0,0,0,0,0,0
T10_d20_035_a_5_jpg.rf.VHEJ0Y0AWNudIOfxNxuz.jpg,0.5,0.1,1,0,0,0,0,0,0,0
T10_d20_035_a_5_jpg.rf.VHEJ0Y0AWNudIOfxNxuz.jpg,0.5,0.25,1,0,0,0,0,0,0,0
T10_d20_035_a_5_jpg.rf.VHEJ0Y0AWNudIOfxNxuz.jpg,0.5,0.5,1,0,0,0,0,0,0,0
T10_d20_035_a_5_jpg.rf.VHEJ0Y0AWNudIOfxNxuz.jpg,0.5,1.0,1,0,0,0,0,0,0,0
T10_d20_058_b_5_jpg.rf.slRDth8FLoYyHhYmmO4O.jpg,0.15,0.0,1,0,0,0,0,0,0,0
T10_d20_058_b_5_jpg.rf.slRDth8FLoYyHhYmmO4O.jpg,0.15,0.1,1,0,0,0,0,0,0,0
T10_d20_058_b_5_jpg.rf.slRDth8FLoYyHhYmmO4O.jpg,0.15,0.25,1,0,0,0,0,0,0,0
T10_d20_058_b_5_jpg.rf.slRDth8FLoYyHhYmmO4O.jpg,0.15,0.5,1,0,0,0,0,0,0,0
T10_d20_058_b_5_jpg.rf.slRDth8FLoYyHhYmmO4O.jpg,0.15,1.0,1,0,0,0,0,0,0,0
T10_d20_058_b_5_jpg.rf.slRDth8FLoYyHhYmmO4O.jpg,0.2,0.0,1,0,0,0,0,0,0,0
T10_d20_058_b_5_jpg.rf.slRDth8FLoYyHhYmmO4O.jpg,0.2,0.1,1,0,0,0,0,0,0,0
T10_d20_058_b_5_jpg.rf.slRDth8FLoYyHhYmmO4O.jpg,0.2,0.25,1,0,0,0,0,0,0,0
T10_d20_058_b_5_jpg.rf.slRDth8FLoYyHhYmmO4O.jpg,0.2,0.5,1,0,0,0,0,0,0,0
T10_d20_058_b_5_jpg.rf.slRDth8FLoYyHhYmmO4O.jpg,0.2,1.0,1,0,0,0,0,0,0,0
T10_d20_058_b_5_jpg.rf.slRDth8FLoYyHhYmmO4O.jpg,0.25,0.0,1,0,0,0,0,0,0,0
T10_d20_058_b_5_jpg.rf.slRDth8FLoYyHhYmmO4O.jpg,0.25,0.1,1,0,0,0,0,0,0,0
T10_d20_058_b_5_jpg.rf.slRDth8FLoYyHhYmmO4O.jpg,0.25,0.25,1,0,0,0,0,0,0,0
T10_d20_058_b_5_jpg.rf.slRDth8FLoYyHhYmmO4O.jpg,0.25,0.5,1,0,0,0,0,0,0,0
T10_d20_058_b_5_jpg.rf.slRDth8FLoYyHhYmmO4O.jpg,0.25,1.0,1,0,0,0,0,0,0,0
T10_d20_058_b_5_jpg.rf.slRDth8FLoYyHhYmmO4O.jpg,0.3,0.0,1,0,0,0,0,0,0,0
T10_d20_058_b_5_jpg.rf.slRDth8FLoYyHhYmmO4O.jpg,0.3,0.1,1,0,0,0,0,0,0,0
T10_d20_058_b_5_jpg.rf.slRDth8FLoYyHhYmmO4O.jpg,0.3,0.25,1,0,0,0,0,0,0,0
T10_d20_058_b_5_jpg.rf.slRDth8FLoYyHhYmmO4O.jpg,0.3,0.5,1,0,0,0,0,0,0,0
T10_d20_058_b_5_jpg.rf.slRDth8FLoYyHhYmmO4O.jpg,0.3,1.0,1,0,0,0,0,0,0,0
T10_d20_058_b_5_jpg.rf.slRDth8FLoYyHhYmmO4O.jpg,0.4,0.0,1,0,0,0,0,0,0,0
T10_d20_058_b_5_jpg.rf.slRDth8FLoYyHhYmmO4O.jpg,0.4,0.1,1,0,0,0,0,0,0,0
T10_d20_058_b_5_jpg.rf.slRDth8FLoYyHhYmmO4O.jpg,0.4,0.25,1,0,0,0,0,0,0,0
T10_d20_058_b_5_jpg.rf.slRDth8FLoYyHhYmmO4O.jpg,0.4,0.5,1,0,0,0,0,0,0,0
T10_d20_058_b_5_jpg.rf.slRDth8FLoYyHhYmmO4O.jpg,0.4,1.0,1,0,0,0,0,0,0,0
T10_d20_058_b_5_jpg.rf.slRDth8FLoYyHhYmmO4O.jpg,0.5,0.0,1,0,0,0,0,0,0,0
T10_d20_058_b_5_jpg.rf.slRDth8FLoYyHhYmmO4O.jpg,0.5,0.1,1,0,0,0,0,0,0,0
T10_d20_058_b_5_jpg.rf.slRDth8FLoYyHhYmmO4O.jpg,0.5,0.25,1,0,0,0,0,0,0,0
T10_d20_058_b_5_jpg.rf.slRDth8FLoYyHhYmmO4O.jpg,0.5,0.5,1,0,0,0,0,0,0,0
T10_d20_058_b_5_jpg.rf.slRDth8FLoYyHhYmmO4O.jpg,0.5,1.0,1,0,0,0,0,0,0,0
T10_d20_220_a_4_jpg.rf.fYCKLdRuyYWEeWl9k5pz.jpg,0.15,0.0,1,0,0,2547,2547,0,0,0
T10_d20_220_a_4_jpg.rf.fYCKLdRuyYWEeWl9k5pz.jpg,0.15,0.1,1,0,0,2547,2547,0,0,0
T10_d20_220_a_4_jpg.rf.fYCKLdRuyYWEeWl9k5pz.jpg,0.15,0.25,1,0,0,2547,2547,0,0,0
T10_d20_220_a_4_jpg.rf.fYCKLdRuyYWEeWl9k5pz.jpg,0.15,0.5,1,0,0,2547,2547,0,0,0
T10_d20_220_a_4_jpg.rf.fYCKLdRuyYWEeWl9k5pz.jpg,0.15,1.0,1,0,0,2547,2547,0,0,0
T10_d20_220_a_4_jpg.rf.fYCKLdRuyYWEeWl9k5pz.jpg,0.2,0.0,1,0,0,2547,2547,0,0,0
T10_d20_220_a_4_jpg.rf.fYCKLdRuyYWEeWl9k5pz.jpg,0.2,0.1,1,0,0,2547,2547,0,0,0
T10_d20_220_a_4_jpg.rf.fYCKLdRuyYWEeWl9k5pz.jpg,0.2,0.25,1,0,0,2547,2547,0,0,0
T10_d20_220_a_4_jpg.rf.fYCKLdRuyYWEeWl9k5pz.jpg,0.2,0.5,1,0,0,2547,2547,0,0,0
T10_d20_220_a_4_jpg.rf.fYCKLdRuyYWEeWl9k5pz.jpg,0.2,1.0,1,0,0,2547,2547,0,0,0
T10_d20_220_a_4_jpg.rf.fYCKLdRuyYWEeWl9k5pz.jpg,0.25,0.0,1,0,0,2547,2547,0,0,0
T10_d20_220_a_4_jpg.rf.fYCKLdRuyYWEeWl9k5pz.jpg,0.25,0.1,1,0,0,2547,2547,0,0,0
T10_d20_220_a_4_jpg.rf.fYCKLdRuyYWEeWl9k5pz.jpg,0.25,0.25,1,0,0,2547,2547,0,0,0
T10_d20_220_a_4_jpg.rf.fYCKLdRuyYWEeWl9k5pz.jpg,0.25,0.5,1,0,0,2547,2547,0,0,0
T10_d20_220_a_4_jpg.rf.fYCKLdRuyYWEeWl9k5pz.jpg,0.25,1.0,1,0,0,2547,2547,0,0,0
T10_d20_220_a_4_jpg.rf.fYCKLdRuyYWEeWl9k5pz.jpg,0.3,0.0,1,0,0,2547,2547,0,0,0
T10_d20_220_a_4_jpg.rf.fYCKLdRuyYWEeWl9k5pz.jpg,0.3,0.1,1,0,0,2547,2547,0,0,0
T10_d20_220_a_4_jpg.rf.fYCKLdRuyYWEeWl9k5pz.jpg,0.3,0.25,1,0,0,2547,2547,0,0,0
T10_d20_220_a_4_jpg.rf.fYCKLdRuyYWEeWl9k5pz.jpg,0.3,0.5,1,0,0,2547,2547,0,0,0
T10_d20_220_a_4_jpg.rf.fYCKLdRuyYWEeWl9k5pz.jpg,0.3,1.0,1,0,0,2547,2547,0,0,0
T10_d20_220_a_4_jpg.rf.fYCKLdRuyYWEeWl9k5pz.jpg,0.4,0.0,1,0,0,2547,2547,0,0,0
T10_d20_220_a_4_jpg.rf.fYCKLdRuyYWEeWl9k5pz.jpg,0.4,0.1,1,0,0,2547,2547,0,0,0
T10_d20_220_a_4_jpg.rf.fYCKLdRuyYWEeWl9k5pz.jpg,0.4,0.25,1,0,0,2547,2547,0,0,0
T10_d20_220_a_4_jpg.rf.fYCKLdRuyYWEeWl9k5pz.jpg,0.4,0.5,1,0,0,2547,2547,0,0,0
T10_d20_220_a_4_jpg.rf.fYCKLdRuyYWEeWl9k5pz.jpg,0.4,1.0,1,0,0,2547,2547,0,0,0
T10_d20_220_a_4_jpg.rf.fYCKLdRuyYWEeWl9k5pz.jpg,0.5,0.0,1,0,0,2547,2547,0,0,0
T10_d20_220_a_4_jpg.rf.fYCKLdRuyYWEeWl9k5pz.jpg,0.5,0.1,1,0,0,2547,2547,0,0,0
T10_d20_220_a_4_jpg.rf.fYCKLdRuyYWEeWl9k5pz.jpg,0.5,0.25,1,0,0,2547,2547,0,0,0
T10_d20_220_a_4_jpg.rf.fYCKLdRuyYWEeWl9k5pz.jpg,0.5,0.5,1,0,0,2547,2547,0,0,0
T10_d20_220_a_4_jpg.rf.fYCKLdRuyYWEeWl9k5pz.jpg,0.5,1.0,1,0,0,2547,2547,0,0,0
T10_d20_292_b_4_jpg.rf.8BjLkUC4iEwemgfErKfD.jpg,0.15,0.0,1,1720,254,46,1766,1974,0,0
T10_d20_292_b_4_jpg.rf.8BjLkUC4iEwemgfErKfD.jpg,0.15,0.1,1,1720,254,46,1766,1974,0,0
T10_d20_292_b_4_jpg.rf.8BjLkUC4iEwemgfErKfD.jpg,0.15,0.25,1,1720,254,46,1766,1974,0,0
T10_d20_292_b_4_jpg.rf.8BjLkUC4iEwemgfErKfD.jpg,0.15,0.5,1,1720,254,46,1766,1974,0,0
T10_d20_292_b_4_jpg.rf.8BjLkUC4iEwemgfErKfD.jpg,0.15,1.0,1,1720,254,46,1766,1974,0,0
T10_d20_292_b_4_jpg.rf.8BjLkUC4iEwemgfErKfD.jpg,0.2,0.0,1,1720,254,46,1766,1974,0,0
T10_d20_292_b_4_jpg.rf.8BjLkUC4iEwemgfErKfD.jpg,0.2,0.1,1,1720,254,46,1766,1974,0,0
T10_d20_292_b_4_jpg.rf.8BjLkUC4iEwemgfErKfD.jpg,0.2,0.25,1,1720,254,46,1766,1974,0,0
T10_d20_292_b_4_jpg.rf.8BjLkUC4iEwemgfErKfD.jpg,0.2,0.5,1,1720,254,46,1766,1974,0,0
T10_d20_292_b_4_jpg.rf.8BjLkUC4iEwemgfErKfD.jpg,0.2,1.0,1,1720,254,46,1766,1974,0,0
T10_d20_292_b_4_jpg.rf.8BjLkUC4iEwemgfErKfD.jpg,0.25,0.0,1,1720,254,46,1766,1974,0,0
T10_d20_292_b_4_jpg.rf.8BjLkUC4iEwemgfErKfD.jpg,0.25,0.1,1,1720,254,46,1766,1974,0,0
T10_d20_292_b_4_jpg.rf.8BjLkUC4iEwemgfErKfD.jpg,0.25,0.25,1,1720,254,46,1766,1974,0,0
T10_d20_292_b_4_jpg.rf.8BjLkUC4iEwemgfErKfD.jpg,0.25,0.5,1,1720,254,46,1766,1974,0,0
T10_d20_292_b_4_jpg.rf.8BjLkUC4iEwemgfErKfD.jpg,0.25,1.0,1,1720,254,46,1766,1974,0,0
T10_d20_292_b_4_jpg.rf.8BjLkUC4iEwemgfErKfD.jpg,0.3,0.0,1,1720,254,46,1766,1974,0,0
T10_d20_292_b_4_jpg.rf.8BjLkUC4iEwemgfErKfD.jpg,0.3,0.1,1,1720,254,46,1766,1974,0,0
T10_d20_292_b_4_jpg.rf.8BjLkUC4iEwemgfErKfD.jpg,0.3,0.25,1,1720,254,46,1766,1974,0,0
T10_d20_292_b_4_jpg.rf.8BjLkUC4iEwemgfErKfD.jpg,0.3,0.5,1,1720,254,46,1766,1974,0,0
T10_d20_292_b_4_jpg.rf.8BjLkUC4iEwemgfErKfD.jpg,0.3,1.0,1,1720,254,46,1766,1974,0,0
T10_d20_292_b_4_jpg.rf.8BjLkUC4iEwemgfErKfD.jpg,0.4,0.0,1,1720,254,46,1766,1974,0,0
T10_d20_292_b_4_jpg.rf.8BjLkUC4iEwemgfErKfD.jpg,0.4,0.1,1,1720,254,46,1766,1974,0,0
T10_d20_292_b_4_jpg.rf.8BjLkUC4iEwemgfErKfD.jpg,0.4,0.25,1,1720,254,46,1766,1974,0,0
T10_d20_292_b_4_jpg.rf.8BjLkUC4iEwemgfErKfD.jpg,0.4,0.5,1,1720,254,46,1766,1974,0,0
T10_d20_292_b_4_jpg.rf.8BjLkUC4iEwemgfErKfD.jpg,0.4,1.0,1,1720,254,46,1766,1974,0,0
T10_d20_292_b_4_jpg.rf.8BjLkUC4iEwemgfErKfD.jpg,0.5,0.0,1,1720,254,46,1766,1974,0,0
T10_d20_292_b_4_jpg.rf.8BjLkUC4iEwemgfErKfD.jpg,0.5,0.1,1,1720,254,46,1766,1974,0,0
T10_d20_292_b_4_jpg.rf.8BjLkUC4iEwemgfErKfD.jpg,0.5,0.25,1,1720,254,46,1766,1974,0,0
T10_d20_292_b_4_jpg.rf.8BjLkUC4iEwemgfErKfD.jpg,0.5,0.5,1,1720,254,46,1766,1974,0,0
T10_d20_292_b_4_jpg.rf.8BjLkUC4iEwemgfErKfD.jpg,0.5,1.0,1,1720,254,46,1766,1974,0,0
T10_d20_398_a_4_jpg.rf.qx3fZpHv3a8R8HPg7Vp3.jpg,0.15,0.0,1,0,0,15896,15896,0,2,0
T10_d20_398_a_4_jpg.rf.qx3fZpHv3a8R8HPg7Vp3.jpg,0.15,0.1,1,0,0,15896,15896,0,2,0
T10_d20_398_a_4_jpg.rf.qx3fZpHv3a8R8HPg7Vp3.jpg,0.15,0.25,1,0,0,15896,15896,0,2,0
T10_d20_398_a_4_jpg.rf.qx3fZpHv3a8R8HPg7Vp3.jpg,0.15,0.5,1,0,0,15896,15896,0,2,0
T10_d20_398_a_4_jpg.rf.qx3fZpHv3a8R8HPg7Vp3.jpg,0.15,1.0,1,0,0,15896,15896,0,2,0
T10_d20_398_a_4_jpg.rf.qx3fZpHv3a8R8HPg7Vp3.jpg,0.2,0.0,1,0,0,15896,15896,0,2,0
T10_d20_398_a_4_jpg.rf.qx3fZpHv3a8R8HPg7Vp3.jpg,0.2,0.1,1,0,0,15896,15896,0,2,0
T10_d20_398_a_4_jpg.rf.qx3fZpHv3a8R8HPg7Vp3.jpg,0.2,0.25,1,0,0,15896,15896,0,2,0
T10_d20_398_a_4_jpg.rf.qx3fZpHv3a8R8HPg7Vp3.jpg,0.2,0.5,1,0,0,15896,15896,0,2,0
T10_d20_398_a_4_jpg.rf.qx3fZpHv3a8R8HPg7Vp3.jpg,0.2,1.0,1,0,0,15896,15896,0,2,0
T10_d20_398_a_4_jpg.rf.qx3fZpHv3a8R8HPg7Vp3.jpg,0.25,0.0,1,0,0,15896,15896,0,2,0
T10_d20_398_a_4_jpg.rf.qx3fZpHv3a8R8HPg7Vp3.jpg,0.25,0.1,1,0,0,15896,15896,0,2,0
T10_d20_398_a_4_jpg.rf.qx3fZpHv3a8R8HPg7Vp3.jpg,0.25,0.25,1,0,0,15896,15896,0,2,0
T10_d20_398_a_4_jpg.rf.qx3fZpHv3a8R8HPg7Vp3.jpg,0.25,0.5,1,0,0,15896,15896,0,2,0
T10_d20_398_a_4_jpg.rf.qx3fZpHv3a8R8HPg7Vp3.jpg,0.25,1.0,1,0,0,15896,15896,0,2,0
T10_d20_398_a_4_jpg.rf.qx3fZpHv3a8R8HPg7Vp3.jpg,0.3,0.0,1,0,0,15896,15896,0,2,0
T10_d20_398_a_4_jpg.rf.qx3fZpHv3a8R8HPg7Vp3.jpg,0.3,0.1,1,0,0,15896,15896,0,2,0
T10_d20_398_a_4_jpg.rf.qx3fZpHv3a8R8HPg7Vp3.jpg,0.3,0.25,1,0,0,15896,15896,0,2,0
T10_d20_398_a_4_jpg.rf.qx3fZpHv3a8R8HPg7Vp3.jpg,0.3,0.5,1,0,0,15896,15896,0,2,0
T10_d20_398_a_4_jpg.rf.qx3fZpHv3a8R8HPg7Vp3.jpg,0.3,1.0,1,0,0,15896,15896,0,2,0
T10_d20_398_a_4_jpg.rf.qx3fZpHv3a8R8HPg7Vp3.jpg,0.4,0.0,1,0,0,15896,15896,0,2,0
T10_d20_398_a_4_jpg.rf.qx3fZpHv3a8R8HPg7Vp3.jpg,0.4,0.1,1,0,0,15896,15896,0,2,0
T10_d20_398_a_4_jpg.rf.qx3fZpHv3a8R8HPg7Vp3.jpg,0.4,0.25,1,0,0,15896,15896,0,2,0
T10_d20_398_a_4_jpg.rf.qx3fZpHv3a8R8HPg7Vp3.jpg,0.4,0.5,1,0,0,15896,15896,0,2,0
T10_d20_398_a_4_jpg.rf.qx3fZpHv3a8R8HPg7Vp3.jpg,0.4,1.0,1,0,0,15896,15896,0,2,0
T10_d20_398_a_4_jpg.rf.qx3fZpHv3a8R8HPg7Vp3.jpg,0.5,0.0,1,0,0,15896,15896,0,2,0
T10_d20_398_a_4_jpg.rf.qx3fZpHv3a8R8HPg7Vp3.jpg,0.5,0.1,1,0,0,15896,15896,0,2,0
T10_d20_398_a_4_jpg.rf.qx3fZpHv3a8R8HPg7Vp3.jpg,0.5,0.25,1,0,0,15896,15896,0,2,0
T10_d20_398_a_4_jpg.rf.qx3fZpHv3a8R8HPg7Vp3.jpg,0.5,0.5,1,0,0,15896,15896,0,2,0
T10_d20_398_a_4_jpg.rf.qx3fZpHv3a8R8HPg7Vp3.jpg,0.5,1.0,1,0,0,15896,15896,0,2,0
T10_d21_012_a_5_jpg.rf.K3g9JSGNapdb5j5xy9ij.jpg,0.15,0.0,0,7323,36658,1145,8468,43981,0,2
T10_d21_012_a_5_jpg.rf.K3g9JSGNapdb5j5xy9ij.jpg,0.15,0.1,0,7323,36658,1145,8468,43981,0,2
T10_d21_012_a_5_jpg.rf.K3g9JSGNapdb5j5xy9ij.jpg,0.15,0.25,0,7323,36658,1145,8468,43981,0,2
T10_d21_012_a_5_jpg.rf.K3g9JSGNapdb5j5xy9ij.jpg,0.15,0.5,0,7323,36658,1145,8468,43981,0,2
T10_d21_012_a_5_jpg.rf.K3g9JSGNapdb5j5xy9ij.jpg,0.15,1.0,1,7323,36658,1145,8468,43981,0,2
T10_d21_012_a_5_jpg.rf.K3g9JSGNapdb5j5xy9ij.jpg,0.2,0.0,0,7323,36658,1145,8468,43981,0,2
T10_d21_012_a_5_jpg.rf.K3g9JSGNapdb5j5xy9ij.jpg,0.2,0.1,0,7323,36658,1145,8468,43981,0,2
T10_d21_012_a_5_jpg.rf.K3g9JSGNapdb5j5xy9ij.jpg,0.2,0.25,0,7323,36658,1145,8468,43981,0,2
T10_d21_012_a_5_jpg.rf.K3g9JSGNapdb5j5xy9ij.jpg,0.2,0.5,0,7323,36658,1145,8468,43981,0,2
T10_d21_012_a_5_jpg.rf.K3g9JSGNapdb5j5xy9ij.jpg,0.2,1.0,1,7323,36658,1145,8468,43981,0,2
T10_d21_012_a_5_jpg.rf.K3g9JSGNapdb5j5xy9ij.jpg,0.25,0.0,0,7323,36658,1145,8468,43981,0,2
T10_d21_012_a_5_jpg.rf.K3g9JSGNapdb5j5xy9ij.jpg,0.25,0.1,0,7323,36658,1145,8468,43981,0,2
T10_d21_012_a_5_jpg.rf.K3g9JSGNapdb5j5xy9ij.jpg,0.25,0.25,0,7323,36658,1145,8468,43981,0,2
T10_d21_012_a_5_jpg.rf.K3g9JSGNapdb5j5xy9ij.jpg,0.25,0.5,0,7323,36658,1145,8468,43981,0,2
T10_d21_012_a_5_jpg.rf.K3g9JSGNapdb5j5xy9ij.jpg,0.25,1.0,1,7323,36658,1145,8468,43981,0,2
T10_d21_012_a_5_jpg.rf.K3g9JSGNapdb5j5xy9ij.jpg,0.3,0.0,0,7323,36658,1145,8468,43981,0,2
T10_d21_012_a_5_jpg.rf.K3g9JSGNapdb5j5xy9ij.jpg,0.3,0.1,0,7323,36658,1145,8468,43981,0,2
T10_d21_012_a_5_jpg.rf.K3g9JSGNapdb5j5xy9ij.jpg,0.3,0.25,0,7323,36658,1145,8468,43981,0,2
T10_d21_012_a_5_jpg.rf.K3g9JSGNapdb5j5xy9ij.jpg,0.3,0.5,0,7323,36658,1145,8468,43981,0,2
T10_d21_012_a_5_jpg.rf.K3g9JSGNapdb5j5xy9ij.jpg,0.3,1.0,1,7323,36658,1145,8468,43981,0,2
T10_d21_012_a_5_jpg.rf.K3g9JSGNapdb5j5xy9ij.jpg,0.4,0.0,1,0,0,8468,8468,0,0,0
T10_d21_012_a_5_jpg.rf.K3g9JSGNapdb5j5xy9ij.jpg,0.4,0.1,1,0,0,8468,8468,0,0,0
T10_d21_012_a_5_jpg.rf.K3g9JSGNapdb5j5xy9ij.jpg,0.4,0.25,1,0,0,8468,8468,0,0,0
T10_d21_012_a_5_jpg.rf.K3g9JSGNapdb5j5xy9ij.jpg,0.4,0.5,1,0,0,8468,8468,0,0,0
T10_d21_012_a_5_jpg.rf.K3g9JSGNapdb5j5xy9ij.jpg,0.4,1.0,1,0,0,8468,8468,0,0,0
T10_d21_012_a_5_jpg.rf.K3g9JSGNapdb5j5xy9ij.jpg,0.5,0.0,1,0,0,8468,8468,0,0,0
T10_d21_012_a_5_jpg.rf.K3g9JSGNapdb5j5xy9ij.jpg,0.5,0.1,1,0,0,8468,8468,0,0,0
T10_d21_012_a_5_jpg.rf.K3g9JSGNapdb5j5xy9ij.jpg,0.5,0.25,1,0,0,8468,8468,0,0,0
T10_d21_012_a_5_jpg.rf.K3g9JSGNapdb5j5xy9ij.jpg,0.5,0.5,1,0,0,8468,8468,0,0,0
T10_d21_012_a_5_jpg.rf.K3g9JSGNapdb5j5xy9ij.jpg,0.5,1.0,1,0,0,8468,8468,0,0,0
T10_d21_292_a_5_jpg.rf.7xv3vq5CTwvHmGKvYFCC.jpg,0.15,0.0,1,8193,530,52,8245,8723,1,1
T10_d21_292_a_5_jpg.rf.7xv3vq5CTwvHmGKvYFCC.jpg,0.15,0.1,1,8193,530,52,8245,8723,1,1
T10_d21_292_a_5_jpg.rf.7xv3vq5CTwvHmGKvYFCC.jpg,0.15,0.25,1,8193,530,52,8245,8723,1,1
T10_d21_292_a_5_jpg.rf.7xv3vq5CTwvHmGKvYFCC.jpg,0.15,0.5,1,8193,530,52,8245,8723,1,1
T10_d21_292_a_5_jpg.rf.7xv3vq5CTwvHmGKvYFCC.jpg,0.15,1.0,1,8193,530,52,8245,8723,1,1
T10_d21_292_a_5_jpg.rf.7xv3vq5CTwvHmGKvYFCC.jpg,0.2,0.0,1,8193,530,52,8245,8723,1,1
T10_d21_292_a_5_jpg.rf.7xv3vq5CTwvHmGKvYFCC.jpg,0.2,0.1,1,8193,530,52,8245,8723,1,1
T10_d21_292_a_5_jpg.rf.7xv3vq5CTwvHmGKvYFCC.jpg,0.2,0.25,1,8193,530,52,8245,8723,1,1
T10_d21_292_a_5_jpg.rf.7xv3vq5CTwvHmGKvYFCC.jpg,0.2,0.5,1,8193,530,52,8245,8723,1,1
T10_d21_292_a_5_jpg.rf.7xv3vq5CTwvHmGKvYFCC.jpg,0.2,1.0,1,8193,530,52,8245,8723,1,1
T10_d21_292_a_5_jpg.rf.7xv3vq5CTwvHmGKvYFCC.jpg,0.25,0.0,1,8193,530,52,8245,8723,1,1
T10_d21_292_a_5_jpg.rf.7xv3vq5CTwvHmGKvYFCC.jpg,0.25,0.1,1,8193,530,52,8245,8723,1,1
T10_d21_292_a_5_jpg.rf.7xv3vq5CTwvHmGKvYFCC.jpg,0.25,0.25,1,8193,530,52,8245,8723,1,1
T10_d21_292_a_5_jpg.rf.7xv3vq5CTwvHmGKvYFCC.jpg,0.25,0.5,1,8193,530,52,8245,8723,1,1
T10_d21_292_a_5_jpg.rf.7xv3vq5CTwvHmGKvYFCC.jpg,0.25,1.0,1,8193,530,52,8245,8723,1,1
T10_d21_292_a_5_jpg.rf.7xv3vq5CTwvHmGKvYFCC.jpg,0.3,0.0,1,8193,530,52,8245,8723,1,1
T10_d21_292_a_5_jpg.rf.7xv3vq5CTwvHmGKvYFCC.jpg,0.3,0.1,1,8193,530,52,8245,8723,1,1
T10_d21_292_a_5_jpg.rf.7xv3vq5CTwvHmGKvYFCC.jpg,0.3,0.25,1,8193,530,52,8245,8723,1,1
T10_d21_292_a_5_jpg.rf.7xv3vq5CTwvHmGKvYFCC.jpg,0.3,0.5,1,8193,530,52,8245,8723,1,1
T10_d21_292_a_5_jpg.rf.7xv3vq5CTwvHmGKvYFCC.jpg,0.3,1.0,1,8193,530,52,8245,8723,1,1
T10_d21_292_a_5_jpg.rf.7xv3vq5CTwvHmGKvYFCC.jpg,0.4,0.0,1,8193,530,52,8245,8723,1,1
T10_d21_292_a_5_jpg.rf.7xv3vq5CTwvHmGKvYFCC.jpg,0.4,0.1,1,8193,530,52,8245,8723,1,1
T10_d21_292_a_5_jpg.rf.7xv3vq5CTwvHmGKvYFCC.jpg,0.4,0.25,1,8193,530,52,8245,8723,1,1
T10_d21_292_a_5_jpg.rf.7xv3vq5CTwvHmGKvYFCC.jpg,0.4,0.5,1,8193,530,52,8245,8723,1,1
T10_d21_292_a_5_jpg.rf.7xv3vq5CTwvHmGKvYFCC.jpg,0.4,1.0,1,8193,530,52,8245,8723,1,1
T10_d21_292_a_5_jpg.rf.7xv3vq5CTwvHmGKvYFCC.jpg,0.5,0.0,1,8193,530,52,8245,8723,1,1
T10_d21_292_a_5_jpg.rf.7xv3vq5CTwvHmGKvYFCC.jpg,0.5,0.1,1,8193,530,52,8245,8723,1,1
T10_d21_292_a_5_jpg.rf.7xv3vq5CTwvHmGKvYFCC.jpg,0.5,0.25,1,8193,530,52,8245,8723,1,1
T10_d21_292_a_5_jpg.rf.7xv3vq5CTwvHmGKvYFCC.jpg,0.5,0.5,1,8193,530,52,8245,8723,1,1
T10_d21_292_a_5_jpg.rf.7xv3vq5CTwvHmGKvYFCC.jpg,0.5,1.0,1,8193,530,52,8245,8723,1,1
T10_d22_220_b_4_jpg.rf.0JP0xGuBTpiijhnUoEcK.jpg,0.15,0.0,0,2205,162,1562,3767,2367,0,0
T10_d22_220_b_4_jpg.rf.0JP0xGuBTpiijhnUoEcK.jpg,0.15,0.1,0,2205,162,1562,3767,2367,0,0
T10_d22_220_b_4_jpg.rf.0JP0xGuBTpiijhnUoEcK.jpg,0.15,0.25,0,2205,162,1562,3767,2367,0,0
T10_d22_220_b_4_jpg.rf.0JP0xGuBTpiijhnUoEcK.jpg,0.15,0.5,0,2205,162,1562,3767,2367,0,0
T10_d22_220_b_4_jpg.rf.0JP0xGuBTpiijhnUoEcK.jpg,0.15,1.0,1,2205,162,1562,3767,2367,0,0
T10_d22_220_b_4_jpg.rf.0JP0xGuBTpiijhnUoEcK.jpg,0.2,0.0,1,0,0,3767,3767,0,0,0
T10_d22_220_b_4_jpg.rf.0JP0xGuBTpiijhnUoEcK.jpg,0.2,0.1,1,0,0,3767,3767,0,0,0
T10_d22_220_b_4_jpg.rf.0JP0xGuBTpiijhnUoEcK.jpg,0.2,0.25,1,0,0,3767,3767,0,0,0
T10_d22_220_b_4_jpg.rf.0JP0xGuBTpiijhnUoEcK.jpg,0.2,0.5,1,0,0,3767,3767,0,0,0
T10_d22_220_b_4_jpg.rf.0JP0xGuBTpiijhnUoEcK.jpg,0.2,1.0,1,0,0,3767,3767,0,0,0
T10_d22_220_b_4_jpg.rf.0JP0xGuBTpiijhnUoEcK.jpg,0.25,0.0,1,0,0,3767,3767,0,0,0
T10_d22_220_b_4_jpg.rf.0JP0xGuBTpiijhnUoEcK.jpg,0.25,0.1,1,0,0,3767,3767,0,0,0
T10_d22_220_b_4_jpg.rf.0JP0xGuBTpiijhnUoEcK.jpg,0.25,0.25,1,0,0,3767,3767,0,0,0
T10_d22_220_b_4_jpg.rf.0JP0xGuBTpiijhnUoEcK.jpg,0.25,0.5,1,0,0,3767,3767,0,0,0
T10_d22_220_b_4_jpg.rf.0JP0xGuBTpiijhnUoEcK.jpg,0.25,1.0,1,0,0,3767,3767,0,0,0
T10_d22_220_b_4_jpg.rf.0JP0xGuBTpiijhnUoEcK.jpg,0.3,0.0,1,0,0,3767,3767,0,0,0
T10_d22_220_b_4_jpg.rf.0JP0xGuBTpiijhnUoEcK.jpg,0.3,0.1,1,0,0,3767,3767,0,0,0
T10_d22_220_b_4_jpg.rf.0JP0xGuBTpiijhnUoEcK.jpg,0.3,0.25,1,0,0,3767,3767,0,0,0
T10_d22_220_b_4_jpg.rf.0JP0xGuBTpiijhnUoEcK.jpg,0.3,0.5,1,0,0,3767,3767,0,0,0
T10_d22_220_b_4_jpg.rf.0JP0xGuBTpiijhnUoEcK.jpg,0.3,1.0,1,0,0,3767,3767,0,0,0
T10_d22_220_b_4_jpg.rf.0JP0xGuBTpiijhnUoEcK.jpg,0.4,0.0,1,0,0,3767,3767,0,0,0
T10_d22_220_b_4_jpg.rf.0JP0xGuBTpiijhnUoEcK.jpg,0.4,0.1,1,0,0,3767,3767,0,0,0
T10_d22_220_b_4_jpg.rf.0JP0xGuBTpiijhnUoEcK.jpg,0.4,0.25,1,0,0,3767,3767,0,0,0
T10_d22_220_b_4_jpg.rf.0JP0xGuBTpiijhnUoEcK.jpg,0.4,0.5,1,0,0,3767,3767,0,0,0
T10_d22_220_b_4_jpg.rf.0JP0xGuBTpiijhnUoEcK.jpg,0.4,1.0,1,0,0,3767,3767,0,0,0
T10_d22_220_b_4_jpg.rf.0JP0xGuBTpiijhnUoEcK.jpg,0.5,0.0,1,0,0,3767,3767,0,0,0
T10_d22_220_b_4_jpg.rf.0JP0xGuBTpiijhnUoEcK.jpg,0.5,0.1,1,0,0,3767,3767,0,0,0
T10_d22_220_b_4_jpg.rf.0JP0xGuBTpiijhnUoEcK.jpg,0.5,0.25,1,0,0,3767,3767,0,0,0
T10_d22_220_b_4_jpg.rf.0JP0xGuBTpiijhnUoEcK.jpg,0.5,0.5,1,0,0,3767,3767,0,0,0
T10_d22_220_b_4_jpg.rf.0JP0xGuBTpiijhnUoEcK.jpg,0.5,1.0,1,0,0,3767,3767,0,0,0
T10_d22_254_a_5_jpg.rf.oE4ZBoNVPMTVX6LeaaXK.jpg,0.15,0.0,0,1693,1517,393,2086,3210,0,0
T10_d22_254_a_5_jpg.rf.oE4ZBoNVPMTVX6LeaaXK.jpg,0.15,0.1,0,1693,1517,393,2086,3210,0,0
T10_d22_254_a_5_jpg.rf.oE4ZBoNVPMTVX6LeaaXK.jpg,0.15,0.25,0,1693,1517,393,2086,3210,0,0
T10_d22_254_a_5_jpg.rf.oE4ZBoNVPMTVX6LeaaXK.jpg,0.15,0.5,0,1693,1517,393,2086,3210,0,0
T10_d22_254_a_5_jpg.rf.oE4ZBoNVPMTVX6LeaaXK.jpg,0.15,1.0,1,1693,1517,393,2086,3210,0,0
T10_d22_254_a_5_jpg.rf.oE4ZBoNVPMTVX6LeaaXK.jpg,0.2,0.0,0,1678,1373,408,2086,3051,0,0
T10_d22_254_a_5_jpg.rf.oE4ZBoNVPMTVX6LeaaXK.jpg,0.2,0.1,0,1678,1373,408,2086,3051,0,0
T10_d22_254_a_5_jpg.rf.oE4ZBoNVPMTVX6LeaaXK.jpg,0.2,0.25,0,1678,1373,408,2086,3051,0,0
T10_d22_254_a_5_jpg.rf.oE4ZBoNVPMTVX6LeaaXK.jpg,0.2,0.5,0,1678,1373,408,2086,3051,0,0
T10_d22_254_a_5_jpg.rf.oE4ZBoNVPMTVX6LeaaXK.jpg,0.2,1.0,1,1678,1373,408,2086,3051,0,0
T10_d22_254_a_5_jpg.rf.oE4ZBoNVPMTVX6LeaaXK.jpg,0.25,0.0,0,1678,1373,408,2086,3051,0,0
T10_d22_254_a_5_jpg.rf.oE4ZBoNVPMTVX6LeaaXK.jpg,0.25,0.1,0,1678,1373,408,2086,3051,0,0
T10_d22_254_a_5_jpg.rf.oE4ZBoNVPMTVX6LeaaXK.jpg,0.25,0.25,0,1678,1373,408,2086,3051,0,0
T10_d22_254_a_5_jpg.rf.oE4ZBoNVPMTVX6LeaaXK.jpg,0.25,0.5,0,1678,1373,408,2086,3051,0,0
T10_d22_254_a_5_jpg.rf.oE4ZBoNVPMTVX6LeaaXK.jpg,0.25,1.0,1,1678,1373,408,2086,3051,0,0
T10_d22_254_a_5_jpg.rf.oE4ZBoNVPMTVX6LeaaXK.jpg,0.3,0.0,0,1678,1373,408,2086,3051,0,0
T10_d22_254_a_5_jpg.rf.oE4ZBoNVPMTVX6LeaaXK.jpg,0.3,0.1,0,1678,1373,408,2086,3051,0,0
T10_d22_254_a_5_jpg.rf.oE4ZBoNVPMTVX6LeaaXK.jpg,0.3,0.25,0,1678,1373,408,2086,3051,0,0
T10_d22_254_a_5_jpg.rf.oE4ZBoNVPMTVX6LeaaXK.jpg,0.3,0.5,0,1678,1373,408,2086,3051,0,0
T10_d22_254_a_5_jpg.rf.oE4ZBoNVPMTVX6LeaaXK.jpg,0.3,1.0,1,1678,1373,408,2086,3051,0,0
T10_d22_254_a_5_jpg.rf.oE4ZBoNVPMTVX6LeaaXK.jpg,0.4,0.0,0,1678,1373,408,2086,3051,0,0
T10_d22_254_a_5_jpg.rf.oE4ZBoNVPMTVX6LeaaXK.jpg,0.4,0.1,0,1678,1373,408,2086,3051,0,0
T10_d22_254_a_5_jpg.rf.oE4ZBoNVPMTVX6LeaaXK.jpg,0.4,0.25,0,1678,1373,408,2086,3051,0,0
T10_d22_254_a_5_jpg.rf.oE4ZBoNVPMTVX6LeaaXK.jpg,0.4,0.5,0,1678,1373,408,2086,3051,0,0
T10_d22_254_a_5_jpg.rf.oE4ZBoNVPMTVX6LeaaXK.jpg,0.4,1.0,1,1678,1373,408,2086,3051,0,0
T10_d22_254_a_5_jpg.rf.oE4ZBoNVPMTVX6LeaaXK.jpg,0.5,0.0,1,0,0,2086,2086,0,0,0
T10_d22_254_a_5_jpg.rf.oE4ZBoNVPMTVX6LeaaXK.jpg,0.5,0.1,1,0,0,2086,2086,0,0,0
T10_d22_254_a_5_jpg.rf.oE4ZBoNVPMTVX6LeaaXK.jpg,0.5,0.25,1,0,0,2086,2086,0,0,0
T10_d22_254_a_5_jpg.rf.oE4ZBoNVPMTVX6LeaaXK.jpg,0.5,0.5,1,0,0,2086,2086,0,0,0
T10_d22_254_a_5_jpg.rf.oE4ZBoNVPMTVX6LeaaXK.jpg,0.5,1.0,1,0,0,2086,2086,0,0,0
T10_d22_353_a_5_jpg.rf.uJWRznvG9NYJfWa2ho60.jpg,0.15,0.0,1,2482,99,658,3140,2581,0,0
T10_d22_353_a_5_jpg.rf.uJWRznvG9NYJfWa2ho60.jpg,0.15,0.1,1,2482,99,658,3140,2581,0,0
T10_d22_353_a_5_jpg.rf.uJWRznvG9NYJfWa2ho60.jpg,0.15,0.25,1,2482,99,658,3140,2581,0,0
T10_d22_353_a_5_jpg.rf.uJWRznvG9NYJfWa2ho60.jpg,0.15,0.5,1,2482,99,658,3140,2581,0,0
T10_d22_353_a_5_jpg.rf.uJWRznvG9NYJfWa2ho60.jpg,0.15,1.0,1,2482,99,658,3140,2581,0,0
T10_d22_353_a_5_jpg.rf.uJWRznvG9NYJfWa2ho60.jpg,0.2,0.0,1,2482,99,658,3140,2581,0,0
T10_d22_353_a_5_jpg.rf.uJWRznvG9NYJfWa2ho60.jpg,0.2,0.1,1,2482,99,658,3140,2581,0,0
T10_d22_353_a_5_jpg.rf.uJWRznvG9NYJfWa2ho60.jpg,0.2,0.25,1,2482,99,658,3140,2581,0,0
T10_d22_353_a_5_jpg.rf.uJWRznvG9NYJfWa2ho60.jpg,0.2,0.5,1,2482,99,658,3140,2581,0,0
T10_d22_353_a_5_jpg.rf.uJWRznvG9NYJfWa2ho60.jpg,0.2,1.0,1,2482,99,658,3140,2581,0,0
T10_d22_353_a_5_jpg.rf.uJWRznvG9NYJfWa2ho60.jpg,0.25,0.0,1,2482,99,658,3140,2581,0,0
T10_d22_353_a_5_jpg.rf.uJWRznvG9NYJfWa2ho60.jpg,0.25,0.1,1,2482,99,658,3140,2581,0,0
T10_d22_353_a_5_jpg.rf.uJWRznvG9NYJfWa2ho60.jpg,0.25,0.25,1,2482,99,658,3140,2581,0,0
T10_d22_353_a_5_jpg.rf.uJWRznvG9NYJfWa2ho60.jpg,0.25,0.5,1,2482,99,658,3140,2581,0,0
T10_d22_353_a_5_jpg.rf.uJWRznvG9NYJfWa2ho60.jpg,0.25,1.0,1,2482,99,658,3140,2581,0,0
T10_d22_353_a_5_jpg.rf.uJWRznvG9NYJfWa2ho60.jpg,0.3,0.0,1,2482,99,658,3140,2581,0,0
T10_d22_353_a_5_jpg.rf.uJWRznvG9NYJfWa2ho60.jpg,0.3,0.1,1,2482,99,658,3140,2581,0,0
T10_d22_353_a_5_jpg.rf.uJWRznvG9NYJfWa2ho60.jpg,0.3,0.25,1,2482,99,658,3140,2581,0,0
T10_d22_353_a_5_jpg.rf.uJWRznvG9NYJfWa2ho60.jpg,0.3,0.5,1,2482,99,658,3140,2581,0,0
T10_d22_353_a_5_jpg.rf.uJWRznvG9NYJfWa2ho60.jpg,0.3,1.0,1,2482,99,658,3140,2581,0,0
T10_d22_353_a_5_jpg.rf.uJWRznvG9NYJfWa2ho60.jpg,0.4,0.0,1,2482,99,658,3140,2581,0,0
T10_d22_353_a_5_jpg.rf.uJWRznvG9NYJfWa2ho60.jpg,0.4,0.1,1,2482,99,658,3140,2581,0,0
T10_d22_353_a_5_jpg.rf.uJWRznvG9NYJfWa2ho60.jpg,0.4,0.25,1,2482,99,658,3140,2581,0,0
T10_d22_353_a_5_jpg.rf.uJWRznvG9NYJfWa2ho60.jpg,0.4,0.5,1,2482,99,658,3140,2581,0,0
T10_d22_353_a_5_jpg.rf.uJWRznvG9NYJfWa2ho60.jpg,0.4,1.0,1,2482,99,658,3140,2581,0,0
T10_d22_353_a_5_jpg.rf.uJWRznvG9NYJfWa2ho60.jpg,0.5,0.0,1,2482,99,658,3140,2581,0,0
T10_d22_353_a_5_jpg.rf.uJWRznvG9NYJfWa2ho60.jpg,0.5,0.1,1,2482,99,658,3140,2581,0,0
T10_d22_353_a_5_jpg.rf.uJWRznvG9NYJfWa2ho60.jpg,0.5,0.25,1,2482,99,658,3140,2581,0,0
T10_d22_353_a_5_jpg.rf.uJWRznvG9NYJfWa2ho60.jpg,0.5,0.5,1,2482,99,658,3140,2581,0,0
T10_d22_353_a_5_jpg.rf.uJWRznvG9NYJfWa2ho60.jpg,0.5,1.0,1,2482,99,658,3140,2581,0,0
T10_d22_353_b_5_jpg.rf.d4xD2hUOPepXuUssqlyz.jpg,0.15,0.0,0,4856,4587,126,4982,9443,0,1
T10_d22_353_b_5_jpg.rf.d4xD2hUOPepXuUssqlyz.jpg,0.15,0.1,0,4856,4587,126,4982,9443,0,1
T10_d22_353_b_5_jpg.rf.d4xD2hUOPepXuUssqlyz.jpg,0.15,0.25,0,4856,4587,126,4982,9443,0,1
T10_d22_353_b_5_jpg.rf.d4xD2hUOPepXuUssqlyz.jpg,0.15,0.5,0,4856,4587,126,4982,9443,0,1
T10_d22_353_b_5_jpg.rf.d4xD2hUOPepXuUssqlyz.jpg,0.15,1.0,1,4856,4587,126,4982,9443,0,1
T10_d22_353_b_5_jpg.rf.d4xD2hUOPepXuUssqlyz.jpg,0.2,0.0,0,4856,4587,126,4982,9443,0,1
T10_d22_353_b_5_jpg.rf.d4xD2hUOPepXuUssqlyz.jpg,0.2,0.1,0,4856,4587,126,4982,9443,0,1
T10_d22_353_b_5_jpg.rf.d4xD2hUOPepXuUssqlyz.jpg,0.2,0.25,0,4856,4587,126,4982,9443,0,1
T10_d22_353_b_5_jpg.rf.d4xD2hUOPepXuUssqlyz.jpg,0.2,0.5,0,4856,4587,126,4982,9443,0,1
T10_d22_353_b_5_jpg.rf.d4xD2hUOPepXuUssqlyz.jpg,0.2,1.0,1,4856,4587,126,4982,9443,0,1
T10_d22_353_b_5_jpg.rf.d4xD2hUOPepXuUssqlyz.jpg,0.25,0.0,0,4856,4587,126,4982,9443,0,1
T10_d22_353_b_5_jpg.rf.d4xD2hUOPepXuUssqlyz.jpg,0.25,0.1,0,4856,4587,126,4982,9443,0,1
T10_d22_353_b_5_jpg.rf.d4xD2hUOPepXuUssqlyz.jpg,0.25,0.25,0,4856,4587,126,4982,9443,0,1
T10_d22_353_b_5_jpg.rf.d4xD2hUOPepXuUssqlyz.jpg,0.25,0.5,0,4856,4587,126,4982,9443,0,1
T10_d22_353_b_5_jpg.rf.d4xD2hUOPepXuUssqlyz.jpg,0.25,1.0,1,4856,4587,126,4982,9443,0,1
T10_d22_353_b_5_jpg.rf.d4xD2hUOPepXuUssqlyz.jpg,0.3,0.0,0,4856,4587,126,4982,9443,0,1
T10_d22_353_b_5_jpg.rf.d4xD2hUOPepXuUssqlyz.jpg,0.3,0.1,0,4856,4587,126,4982,9443,0,1
T10_d22_353_b_5_jpg.rf.d4xD2hUOPepXuUssqlyz.jpg,0.3,0.25,0,4856,4587,126,4982,9443,0,1
T10_d22_353_b_5_jpg.rf.d4xD2hUOPepXuUssqlyz.jpg,0.3,0.5,0,4856,4587,126,4982,9443,0,1
T10_d22_353_b_5_jpg.rf.d4xD2hUOPepXuUssqlyz.jpg,0.3,1.0,1,4856,4587,126,4982,9443,0,1
T10_d22_353_b_5_jpg.rf.d4xD2hUOPepXuUssqlyz.jpg,0.4,0.0,0,4856,4458,126,4982,9314,0,1
T10_d22_353_b_5_jpg.rf.d4xD2hUOPepXuUssqlyz.jpg,0.4,0.1,0,4856,4458,126,4982,9314,0,1
T10_d22_353_b_5_jpg.rf.d4xD2hUOPepXuUssqlyz.jpg,0.4,0.25,1,4856,4458,126,4982,9314,0,1
T10_d22_353_b_5_jpg.rf.d4xD2hUOPepXuUssqlyz.jpg,0.4,0.5,1,4856,4458,126,4982,9314,0,1
T10_d22_353_b_5_jpg.rf.d4xD2hUOPepXuUssqlyz.jpg,0.4,1.0,1,4856,4458,126,4982,9314,0,1
T10_d22_353_b_5_jpg.rf.d4xD2hUOPepXuUssqlyz.jpg,0.5,0.0,1,4151,3560,831,4982,7711,0,0
T10_d22_353_b_5_jpg.rf.d4xD2hUOPepXuUssqlyz.jpg,0.5,0.1,1,4151,3560,831,4982,7711,0,0
T10_d22_353_b_5_jpg.rf.d4xD2hUOPepXuUssqlyz.jpg,0.5,0.25,1,4151,3560,831,4982,7711,0,0
T10_d22_353_b_5_jpg.rf.d4xD2hUOPepXuUssqlyz.jpg,0.5,0.5,1,4151,3560,831,4982,7711,0,0
T10_d22_353_b_5_jpg.rf.d4xD2hUOPepXuUssqlyz.jpg,0.5,1.0,1,4151,3560,831,4982,7711,0,0
T10_d22_385_a_5_jpg.rf.wNm5tptJozAFf70LqcmQ.jpg,0.15,0.0,1,10190,101,1401,11591,10291,2,1
T10_d22_385_a_5_jpg.rf.wNm5tptJozAFf70LqcmQ.jpg,0.15,0.1,1,10190,101,1401,11591,10291,2,1
T10_d22_385_a_5_jpg.rf.wNm5tptJozAFf70LqcmQ.jpg,0.15,0.25,1,10190,101,1401,11591,10291,2,1
T10_d22_385_a_5_jpg.rf.wNm5tptJozAFf70LqcmQ.jpg,0.15,0.5,1,10190,101,1401,11591,10291,2,1
T10_d22_385_a_5_jpg.rf.wNm5tptJozAFf70LqcmQ.jpg,0.15,1.0,1,10190,101,1401,11591,10291,2,1
T10_d22_385_a_5_jpg.rf.wNm5tptJozAFf70LqcmQ.jpg,0.2,0.0,1,10190,101,1401,11591,10291,2,1
T10_d22_385_a_5_jpg.rf.wNm5tptJozAFf70LqcmQ.jpg,0.2,0.1,1,10190,101,1401,11591,10291,2,1
T10_d22_385_a_5_jpg.rf.wNm5tptJozAFf70LqcmQ.jpg,0.2,0.25,1,10190,101,1401,11591,10291,2,1
T10_d22_385_a_5_jpg.rf.wNm5tptJozAFf70LqcmQ.jpg,0.2,0.5,1,10190,101,1401,11591,10291,2,1
T10_d22_385_a_5_jpg.rf.wNm5tptJozAFf70LqcmQ.jpg,0.2,1.0,1,10190,101,1401,11591,10291,2,1
T10_d22_385_a_5_jpg.rf.wNm5tptJozAFf70LqcmQ.jpg,0.25,0.0,1,10190,101,1401,11591,10291,2,1
T10_d22_385_a_5_jpg.rf.wNm5tptJozAFf70LqcmQ.jpg,0.25,0.1,1,10190,101,1401,11591,10291,2,1
T10_d22_385_a_5_jpg.rf.wNm5tptJozAFf70LqcmQ.jpg,0.25,0.25,1,10190,101,1401,11591,10291,2,1
T10_d22_385_a_5_jpg.rf.wNm5tptJozAFf70LqcmQ.jpg,0.25,0.5,1,10190,101,1401,11591,10291,2,1
T10_d22_385_a_5_jpg.rf.wNm5tptJozAFf70LqcmQ.jpg,0.25,1.0,1,10190,101,1401,11591,10291,2,1
T10_d22_385_a_5_jpg.rf.wNm5tptJozAFf70LqcmQ.jpg,0.3,0.0,1,10190,101,1401,11591,10291,2,1
T10_d22_385_a_5_jpg.rf.wNm5tptJozAFf70LqcmQ.jpg,0.3,0.1,1,10190,101,1401,11591,10291,2,1
T10_d22_385_a_5_jpg.rf.wNm5tptJozAFf70LqcmQ.jpg,0.3,0.25,1,10190,101,1401,11591,10291,2,1
T10_d22_385_a_5_jpg.rf.wNm5tptJozAFf70LqcmQ.jpg,0.3,0.5,1,10190,101,1401,11591,10291,2,1
T10_d22_385_a_5_jpg.rf.wNm5tptJozAFf70LqcmQ.jpg,0.3,1.0,1,10190,101,1401,11591,10291,2,1
T10_d22_385_a_5_jpg.rf.wNm5tptJozAFf70LqcmQ.jpg,0.4,0.0,1,10190,101,1401,11591,10291,2,1
T10_d22_385_a_5_jpg.rf.wNm5tptJozAFf70LqcmQ.jpg,0.4,0.1,1,10190,101,1401,11591,10291,2,1
T10_d22_385_a_5_jpg.rf.wNm5tptJozAFf70LqcmQ.jpg,0.4,0.25,1,10190,101,1401,11591,10291,2,1
T10_d22_385_a_5_jpg.rf.wNm5tptJozAFf70LqcmQ.jpg,0.4,0.5,1,10190,101,1401,11591,10291,2,1
T10_d22_385_a_5_jpg.rf.wNm5tptJozAFf70LqcmQ.jpg,0.4,1.0,1,10190,101,1401,11591,10291,2,1
T10_d22_385_a_5_jpg.rf.wNm5tptJozAFf70LqcmQ.jpg,0.5,0.0,1,10190,101,1401,11591,10291,2,1
T10_d22_385_a_5_jpg.rf.wNm5tptJozAFf70LqcmQ.jpg,0.5,0.1,1,10190,101,1401,11591,10291,2,1
T10_d22_385_a_5_jpg.rf.wNm5tptJozAFf70LqcmQ.jpg,0.5,0.25,1,10190,101,1401,11591,10291,2,1
T10_d22_385_a_5_jpg.rf.wNm5tptJozAFf70LqcmQ.jpg,0.5,0.5,1,10190,101,1401,11591,10291,2,1
T10_d22_385_a_5_jpg.rf.wNm5tptJozAFf70LqcmQ.jpg,0.5,1.0,1,10190,101,1401,11591,10291,2,1
T10_d23_012_a_5_jpg.rf.s4meRt3qIKF56GNpXuzL.jpg,0.15,0.0,0,15594,52996,1521,17115,68590,1,2
T10_d23_012_a_5_jpg.rf.s4meRt3qIKF56GNpXuzL.jpg,0.15,0.1,0,15594,52996,1521,17115,68590,1,2
T10_d23_012_a_5_jpg.rf.s4meRt3qIKF56GNpXuzL.jpg,0.15,0.25,0,15594,52996,1521,17115,68590,1,2
T10_d23_012_a_5_jpg.rf.s4meRt3qIKF56GNpXuzL.jpg,0.15,0.5,0,15594,52996,1521,17115,68590,1,2
T10_d23_012_a_5_jpg.rf.s4meRt3qIKF56GNpXuzL.jpg,0.15,1.0,1,15594,52996,1521,17115,68590,1,2
T10_d23_012_a_5_jpg.rf.s4meRt3qIKF56GNpXuzL.jpg,0.2,0.0,0,12298,42914,4817,17115,55212,1,2
T10_d23_012_a_5_jpg.rf.s4meRt3qIKF56GNpXuzL.jpg,0.2,0.1,0,12298,42914,4817,17115,55212,1,2
T10_d23_012_a_5_jpg.rf.s4meRt3qIKF56GNpXuzL.jpg,0.2,0.25,0,12298,42914,4817,17115,55212,1,2
T10_d23_012_a_5_jpg.rf.s4meRt3qIKF56GNpXuzL.jpg,0.2,0.5,0,12298,42914,4817,17115,55212,1,2
T10_d23_012_a_5_jpg.rf.s4meRt3qIKF56GNpXuzL.jpg,0.2,1.0,1,12298,42914,4817,17115,55212,1,2
T10_d23_012_a_5_jpg.rf.s4meRt3qIKF56GNpXuzL.jpg,0.25,0.0,0,12298,42914,4817,17115,55212,1,2
T10_d23_012_a_5_jpg.rf.s4meRt3qIKF56GNpXuzL.jpg,0.25,0.1,0,12298,42914,4817,17115,55212,1,2
T10_d23_012_a_5_jpg.rf.s4meRt3qIKF56GNpXuzL.jpg,0.25,0.25,0,12298,42914,4817,17115,55212,1,2
T10_d23_012_a_5_jpg.rf.s4meRt3qIKF56GNpXuzL.jpg,0.25,0.5,0,12298,42914,4817,17115,55212,1,2
T10_d23_012_a_5_jpg.rf.s4meRt3qIKF56GNpXuzL.jpg,0.25,1.0,1,12298,42914,4817,17115,55212,1,2
T10_d23_012_a_5_jpg.rf.s4meRt3qIKF56GNpXuzL.jpg,0.3,0.0,0,12298,42914,4817,17115,55212,1,2
T10_d23_012_a_5_jpg.rf.s4meRt3qIKF56GNpXuzL.jpg,0.3,0.1,0,12298,42914,4817,17115,55212,1,2
T10_d23_012_a_5_jpg.rf.s4meRt3qIKF56GNpXuzL.jpg,0.3,0.25,0,12298,42914,4817,17115,55212,1,2
T10_d23_012_a_5_jpg.rf.s4meRt3qIKF56GNpXuzL.jpg,0.3,0.5,0,12298,42914,4817,17115,55212,1,2
T10_d23_012_a_5_jpg.rf.s4meRt3qIKF56GNpXuzL.jpg,0.3,1.0,1,12298,42914,4817,17115,55212,1,2
T10_d23_012_a_5_jpg.rf.s4meRt3qIKF56GNpXuzL.jpg,0.4,0.0,1,0,0,17115,17115,0,1,0
T10_d23_012_a_5_jpg.rf.s4meRt3qIKF56GNpXuzL.jpg,0.4,0.1,1,0,0,17115,17115,0,1,0
T10_d23_012_a_5_jpg.rf.s4meRt3qIKF56GNpXuzL.jpg,0.4,0.25,1,0,0,17115,17115,0,1,0
T10_d23_012_a_5_jpg.rf.s4meRt3qIKF56GNpXuzL.jpg,0.4,0.5,1,0,0,17115,17115,0,1,0
T10_d23_012_a_5_jpg.rf.s4meRt3qIKF56GNpXuzL.jpg,0.4,1.0,1,0,0,17115,17115,0,1,0
T10_d23_012_a_5_jpg.rf.s4meRt3qIKF56GNpXuzL.jpg,0.5,0.0,1,0,0,17115,17115,0,1,0
T10_d23_012_a_5_jpg.rf.s4meRt3qIKF56GNpXuzL.jpg,0.5,0.1,1,0,0,17115,17115,0,1,0
T10_d23_012_a_5_jpg.rf.s4meRt3qIKF56GNpXuzL.jpg,0.5,0.25,1,0,0,17115,17115,0,1,0
T10_d23_012_a_5_jpg.rf.s4meRt3qIKF56GNpXuzL.jpg,0.5,0.5,1,0,0,17115,17115,0,1,0
T10_d23_012_a_5_jpg.rf.s4meRt3qIKF56GNpXuzL.jpg,0.5,1.0,1,0,0,17115,17115,0,1,0
T10_d23_041_a_5_jpg.rf.uETznwGBnoyTGuEvW0UE.jpg,0.15,0.0,0,72235,42258,316,72551,114493,2,2
T10_d23_041_a_5_jpg.rf.uETznwGBnoyTGuEvW0UE.jpg,0.15,0.1,0,72235,42258,316,72551,114493,2,2
T10_d23_041_a_5_jpg.rf.uETznwGBnoyTGuEvW0UE.jpg,0.15,0.25,0,72235,42258,316,72551,114493,2,2
T10_d23_041_a_5_jpg.rf.uETznwGBnoyTGuEvW0UE.jpg,0.15,0.5,0,72235,42258,316,72551,114493,2,2
T10_d23_041_a_5_jpg.rf.uETznwGBnoyTGuEvW0UE.jpg,0.15,1.0,0,72235,42258,316,72551,114493,2,2
T10_d23_041_a_5_jpg.rf.uETznwGBnoyTGuEvW0UE.jpg,0.2,0.0,0,71710,38851,841,72551,110561,2,2
T10_d23_041_a_5_jpg.rf.uETznwGBnoyTGuEvW0UE.jpg,0.2,0.1,0,71710,38851,841,72551,110561,2,2
T10_d23_041_a_5_jpg.rf.uETznwGBnoyTGuEvW0UE.jpg,0.2,0.25,0,71710,38851,841,72551,110561,2,2
T10_d23_041_a_5_jpg.rf.uETznwGBnoyTGuEvW0UE.jpg,0.2,0.5,0,71710,38851,841,72551,110561,2,2
T10_d23_041_a_5_jpg.rf.uETznwGBnoyTGuEvW0UE.jpg,0.2,1.0,0,71710,38851,841,72551,110561,2,2
T10_d23_041_a_5_jpg.rf.uETznwGBnoyTGuEvW0UE.jpg,0.25,0.0,0,71341,31980,1210,72551,103321,2,2
T10_d23_041_a_5_jpg.rf.uETznwGBnoyTGuEvW0UE.jpg,0.25,0.1,0,71341,31980,1210,72551,103321,2,2
T10_d23_041_a_5_jpg.rf.uETznwGBnoyTGuEvW0UE.jpg,0.25,0.25,0,71341,31980,1210,72551,103321,2,2
T10_d23_041_a_5_jpg.rf.uETznwGBnoyTGuEvW0UE.jpg,0.25,0.5,0,71341,31980,1210,72551,103321,2,2
T10_d23_041_a_5_jpg.rf.uETznwGBnoyTGuEvW0UE.jpg,0.25,1.0,0,71341,31980,1210,72551,103321,2,2
T10_d23_041_a_5_jpg.rf.uETznwGBnoyTGuEvW0UE.jpg,0.3,0.0,0,71341,31980,1210,72551,103321,2,2
T10_d23_041_a_5_jpg.rf.uETznwGBnoyTGuEvW0UE.jpg,0.3,0.1,0,71341,31980,1210,72551,103321,2,2
T10_d23_041_a_5_jpg.rf.uETznwGBnoyTGuEvW0UE.jpg,0.3,0.25,0,71341,31980,1210,72551,103321,2,2
T10_d23_041_a_5_jpg.rf.uETznwGBnoyTGuEvW0UE.jpg,0.3,0.5,0,71341,31980,1210,72551,103321,2,2
T10_d23_041_a_5_jpg.rf.uETznwGBnoyTGuEvW0UE.jpg,0.3,1.0,0,71341,31980,1210,72551,103321,2,2
T10_d23_041_a_5_jpg.rf.uETznwGBnoyTGuEvW0UE.jpg,0.4,0.0,1,0,0,72551,72551,0,2,0
T10_d23_041_a_5_jpg.rf.uETznwGBnoyTGuEvW0UE.jpg,0.4,0.1,1,0,0,72551,72551,0,2,0
T10_d23_041_a_5_jpg.rf.uETznwGBnoyTGuEvW0UE.jpg,0.4,0.25,1,0,0,72551,72551,0,2,0
T10_d23_041_a_5_jpg.rf.uETznwGBnoyTGuEvW0UE.jpg,0.4,0.5,1,0,0,72551,72551,0,2,0
T10_d23_041_a_5_jpg.rf.uETznwGBnoyTGuEvW0UE.jpg,0.4,1.0,1,0,0,72551,72551,0,2,0
T10_d23_041_a_5_jpg.rf.uETznwGBnoyTGuEvW0UE.jpg,0.5,0.0,1,0,0,72551,72551,0,2,0
T10_d23_041_a_5_jpg.rf.uETznwGBnoyTGuEvW0UE.jpg,0.5,0.1,1,0,0,72551,72551,0,2,0
T10_d23_041_a_5_jpg.rf.uETznwGBnoyTGuEvW0UE.jpg,0.5,0.25,1,0,0,72551,72551,0,2,0
T10_d23_041_a_5_jpg.rf.uETznwGBnoyTGuEvW0UE.jpg,0.5,0.5,1,0,0,72551,72551,0,2,0
T10_d23_041_a_5_jpg.rf.uETznwGBnoyTGuEvW0UE.jpg,0.5,1.0,1,0,0,72551,72551,0,2,0
T10_d23_111_a_4_jpg.rf.bsNFiIxFWU82cwbp9xny.jpg,0.15,0.0,1,0,0,0,0,0,0,0
T10_d23_111_a_4_jpg.rf.bsNFiIxFWU82cwbp9xny.jpg,0.15,0.1,1,0,0,0,0,0,0,0
T10_d23_111_a_4_jpg.rf.bsNFiIxFWU82cwbp9xny.jpg,0.15,0.25,1,0,0,0,0,0,0,0
T10_d23_111_a_4_jpg.rf.bsNFiIxFWU82cwbp9xny.jpg,0.15,0.5,1,0,0,0,0,0,0,0
T10_d23_111_a_4_jpg.rf.bsNFiIxFWU82cwbp9xny.jpg,0.15,1.0,1,0,0,0,0,0,0,0
T10_d23_111_a_4_jpg.rf.bsNFiIxFWU82cwbp9xny.jpg,0.2,0.0,1,0,0,0,0,0,0,0
T10_d23_111_a_4_jpg.rf.bsNFiIxFWU82cwbp9xny.jpg,0.2,0.1,1,0,0,0,0,0,0,0
T10_d23_111_a_4_jpg.rf.bsNFiIxFWU82cwbp9xny.jpg,0.2,0.25,1,0,0,0,0,0,0,0
T10_d23_111_a_4_jpg.rf.bsNFiIxFWU82cwbp9xny.jpg,0.2,0.5,1,0,0,0,0,0,0,0
T10_d23_111_a_4_jpg.rf.bsNFiIxFWU82cwbp9xny.jpg,0.2,1.0,1,0,0,0,0,0,0,0
T10_d23_111_a_4_jpg.rf.bsNFiIxFWU82cwbp9xny.jpg,0.25,0.0,1,0,0,0,0,0,0,0
T10_d23_111_a_4_jpg.rf.bsNFiIxFWU82cwbp9xny.jpg,0.25,0.1,1,0,0,0,0,0,0,0
T10_d23_111_a_4_jpg.rf.bsNFiIxFWU82cwbp9xny.jpg,0.25,0.25,1,0,0,0,0,0,0,0
T10_d23_111_a_4_jpg.rf.bsNFiIxFWU82cwbp9xny.jpg,0.25,0.5,1,0,0,0,0,0,0,0
T10_d23_111_a_4_jpg.rf.bsNFiIxFWU82cwbp9xny.jpg,0.25,1.0,1,0,0,0,0,0,0,0
T10_d23_111_a_4_jpg.rf.bsNFiIxFWU82cwbp9xny.jpg,0.3,0.0,1,0,0,0,0,0,0,0
T10_d23_111_a_4_jpg.rf.bsNFiIxFWU82cwbp9xny.jpg,0.3,0.1,1,0,0,0,0,0,0,0
T10_d23_111_a_4_jpg.rf.bsNFiIxFWU82cwbp9xny.jpg,0.3,0.25,1,0,0,0,0,0,0,0
T10_d23_111_a_4_jpg.rf.bsNFiIxFWU82cwbp9xny.jpg,0.3,0.5,1,0,0,0,0,0,0,0
T10_d23_111_a_4_jpg.rf.bsNFiIxFWU82cwbp9xny.jpg,0.3,1.0,1,0,0,0,0,0,0,0
T10_d23_111_a_4_jpg.rf.bsNFiIxFWU82cwbp9xny.jpg,0.4,0.0,1,0,0,0,0,0,0,0
T10_d23_111_a_4_jpg.rf.bsNFiIxFWU82cwbp9xny.jpg,0.4,0.1,1,0,0,0,0,0,0,0
T10_d23_111_a_4_jpg.rf.bsNFiIxFWU82cwbp9xny.jpg,0.4,0.25,1,0,0,0,0,0,0,0
T10_d23_111_a_4_jpg.rf.bsNFiIxFWU82cwbp9xny.jpg,0.4,0.5,1,0,0,0,0,0,0,0
T10_d23_111_a_4_jpg.rf.bsNFiIxFWU82cwbp9xny.jpg,0.4,1.0,1,0,0,0,0,0,0,0
T10_d23_111_a_4_jpg.rf.bsNFiIxFWU82cwbp9xny.jpg,0.5,0.0,1,0,0,0,0,0,0,0
T10_d23_111_a_4_jpg.rf.bsNFiIxFWU82cwbp9xny.jpg,0.5,0.1,1,0,0,0,0,0,0,0
T10_d23_111_a_4_jpg.rf.bsNFiIxFWU82cwbp9xny.jpg,0.5,0.25,1,0,0,0,0,0,0,0
T10_d23_111_a_4_jpg.rf.bsNFiIxFWU82cwbp9xny.jpg,0.5,0.5,1,0,0,0,0,0,0,0
T10_d23_111_a_4_jpg.rf.bsNFiIxFWU82cwbp9xny.jpg,0.5,1.0,1,0,0,0,0,0,0,0
T10_d23_136_b_5_jpg.rf.mw461WEBlOanM5EwOPhb.jpg,0.15,0.0,0,3540,923,1666,5206,4463,0,0
T10_d23_136_b_5_jpg.rf.mw461WEBlOanM5EwOPhb.jpg,0.15,0.1,0,3540,923,1666,5206,4463,0,0
T10_d23_136_b_5_jpg.rf.mw461WEBlOanM5EwOPhb.jpg,0.15,0.25,0,3540,923,1666,5206,4463,0,0
T10_d23_136_b_5_jpg.rf.mw461WEBlOanM5EwOPhb.jpg,0.15,0.5,1,3540,923,1666,5206,4463,0,0
T10_d23_136_b_5_jpg.rf.mw461WEBlOanM5EwOPhb.jpg,0.15,1.0,1,3540,923,1666,5206,4463,0,0
T10_d23_136_b_5_jpg.rf.mw461WEBlOanM5EwOPhb.jpg,0.2,0.0,0,3540,923,1666,5206,4463,0,0
T10_d23_136_b_5_jpg.rf.mw461WEBlOanM5EwOPhb.jpg,0.2,0.1,0,3540,923,1666,5206,4463,0,0
T10_d23_136_b_5_jpg.rf.mw461WEBlOanM5EwOPhb.jpg,0.2,0.25,0,3540,923,1666,5206,4463,0,0
T10_d23_136_b_5_jpg.rf.mw461WEBlOanM5EwOPhb.jpg,0.2,0.5,1,3540,923,1666,5206,4463,0,0
T10_d23_136_b_5_jpg.rf.mw461WEBlOanM5EwOPhb.jpg,0.2,1.0,1,3540,923,1666,5206,4463,0,0
T10_d23_136_b_5_jpg.rf.mw461WEBlOanM5EwOPhb.jpg,0.25,0.0,0,3535,317,1671,5206,3852,0,0
T10_d23_136_b_5_jpg.rf.mw461WEBlOanM5EwOPhb.jpg,0.25,0.1,0,3535,317,1671,5206,3852,0,0
T10_d23_136_b_5_jpg.rf.mw461WEBlOanM5EwOPhb.jpg,0.25,0.25,0,3535,317,1671,5206,3852,0,0
T10_d23_136_b_5_jpg.rf.mw461WEBlOanM5EwOPhb.jpg,0.25,0.5,1,3535,317,1671,5206,3852,0,0
T10_d23_136_b_5_jpg.rf.mw461WEBlOanM5EwOPhb.jpg,0.25,1.0,1,3535,317,1671,5206,3852,0,0
T10_d23_136_b_5_jpg.rf.mw461WEBlOanM5EwOPhb.jpg,0.3,0.0,0,3535,317,1671,5206,3852,0,0
T10_d23_136_b_5_jpg.rf.mw461WEBlOanM5EwOPhb.jpg,0.3,0.1,0,3535,317,1671,5206,3852,0,0
T10_d23_136_b_5_jpg.rf.mw461WEBlOanM5EwOPhb.jpg,0.3,0.25,0,3535,317,1671,5206,3852,0,0
T10_d23_136_b_5_jpg.rf.mw461WEBlOanM5EwOPhb.jpg,0.3,0.5,1,3535,317,1671,5206,3852,0,0
T10_d23_136_b_5_jpg.rf.mw461WEBlOanM5EwOPhb.jpg,0.3,1.0,1,3535,317,1671,5206,3852,0,0
T10_d23_136_b_5_jpg.rf.mw461WEBlOanM5EwOPhb.jpg,0.4,0.0,0,3535,317,1671,5206,3852,0,0
T10_d23_136_b_5_jpg.rf.mw461WEBlOanM5EwOPhb.jpg,0.4,0.1,0,3535,317,1671,5206,3852,0,0
T10_d23_136_b_5_jpg.rf.mw461WEBlOanM5EwOPhb.jpg,0.4,0.25,0,3535,317,1671,5206,3852,0,0
T10_d23_136_b_5_jpg.rf.mw461WEBlOanM5EwOPhb.jpg,0.4,0.5,1,3535,317,1671,5206,3852,0,0
T10_d23_136_b_5_jpg.rf.mw461WEBlOanM5EwOPhb.jpg,0.4,1.0,1,3535,317,1671,5206,3852,0,0
T10_d23_136_b_5_jpg.rf.mw461WEBlOanM5EwOPhb.jpg,0.5,0.0,1,2255,44,2951,5206,2299,0,0
T10_d23_136_b_5_jpg.rf.mw461WEBlOanM5EwOPhb.jpg,0.5,0.1,1,2255,44,2951,5206,2299,0,0
T10_d23_136_b_5_jpg.rf.mw461WEBlOanM5EwOPhb.jpg,0.5,0.25,1,2255,44,2951,5206,2299,0,0
T10_d23_136_b_5_jpg.rf.mw461WEBlOanM5EwOPhb.jpg,0.5,0.5,1,2255,44,2951,5206,2299,0,0
T10_d23_136_b_5_jpg.rf.mw461WEBlOanM5EwOPhb.jpg,0.5,1.0,1,2255,44,2951,5206,2299,0,0
T10_d23_254_b_5_jpg.rf.U6ZwVBhsoWQQGQIhO5B9.jpg,0.15,0.0,0,52615,23959,3831,56446,76574,2,2
T10_d23_254_b_5_jpg.rf.U6ZwVBhsoWQQGQIhO5B9.jpg,0.15,0.1,0,52615,23959,3831,56446,76574,2,2
T10_d23_254_b_5_jpg.rf.U6ZwVBhsoWQQGQIhO5B9.jpg,0.15,0.25,0,52615,23959,3831,56446,76574,2,2
T10_d23_254_b_5_jpg.rf.U6ZwVBhsoWQQGQIhO5B9.jpg,0.15,0.5,0,52615,23959,3831,56446,76574,2,2
T10_d23_254_b_5_jpg.rf.U6ZwVBhsoWQQGQIhO5B9.jpg,0.15,1.0,1,52615,23959,3831,56446,76574,2,2
T10_d23_254_b_5_jpg.rf.U6ZwVBhsoWQQGQIhO5B9.jpg,0.2,0.0,0,50292,23956,6154,56446,74248,2,2
T10_d23_254_b_5_jpg.rf.U6ZwVBhsoWQQGQIhO5B9.jpg,0.2,0.1,0,50292,23956,6154,56446,74248,2,2
T10_d23_254_b_5_jpg.rf.U6ZwVBhsoWQQGQIhO5B9.jpg,0.2,0.25,0,50292,23956,6154,56446,74248,2,2
T10_d23_254_b_5_jpg.rf.U6ZwVBhsoWQQGQIhO5B9.jpg,0.2,0.5,0,50292,23956,6154,56446,74248,2,2
T10_d23_254_b_5_jpg.rf.U6ZwVBhsoWQQGQIhO5B9.jpg,0.2,1.0,1,50292,23956,6154,56446,74248,2,2
T10_d23_254_b_5_jpg.rf.U6ZwVBhsoWQQGQIhO5B9.jpg,0.25,0.0,0,49979,23903,6467,56446,73882,2,2
T10_d23_254_b_5_jpg.rf.U6ZwVBhsoWQQGQIhO5B9.jpg,0.25,0.1,0,49979,23903,6467,56446,73882,2,2
T10_d23_254_b_5_jpg.rf.U6ZwVBhsoWQQGQIhO5B9.jpg,0.25,0.25,0,49979,23903,6467,56446,73882,2,2
T10_d23_254_b_5_jpg.rf.U6ZwVBhsoWQQGQIhO5B9.jpg,0.25,0.5,0,49979,23903,6467,56446,73882,2,2
T10_d23_254_b_5_jpg.rf.U6ZwVBhsoWQQGQIhO5B9.jpg,0.25,1.0,1,49979,23903,6467,56446,73882,2,2
T10_d23_254_b_5_jpg.rf.U6ZwVBhsoWQQGQIhO5B9.jpg,0.3,0.0,1,35352,42,21094,56446,35394,2,2
T10_d23_254_b_5_jpg.rf.U6ZwVBhsoWQQGQIhO5B9.jpg,0.3,0.1,1,35352,42,21094,56446,35394,2,2
T10_d23_254_b_5_jpg.rf.U6ZwVBhsoWQQGQIhO5B9.jpg,0.3,0.25,1,35352,42,21094,56446,35394,2,2
T10_d23_254_b_5_jpg.rf.U6ZwVBhsoWQQGQIhO5B9.jpg,0.3,0.5,1,35352,42,21094,56446,35394,2,2
T10_d23_254_b_5_jpg.rf.U6ZwVBhsoWQQGQIhO5B9.jpg,0.3,1.0,1,35352,42,21094,56446,35394,2,2
T10_d23_254_b_5_jpg.rf.U6ZwVBhsoWQQGQIhO5B9.jpg,0.4,0.0,1,35352,42,21094,56446,35394,2,2
T10_d23_254_b_5_jpg.rf.U6ZwVBhsoWQQGQIhO5B9.jpg,0.4,0.1,1,35352,42,21094,56446,35394,2,2
T10_d23_254_b_5_jpg.rf.U6ZwVBhsoWQQGQIhO5B9.jpg,0.4,0.25,1,35352,42,21094,56446,35394,2,2
T10_d23_254_b_5_jpg.rf.U6ZwVBhsoWQQGQIhO5B9.jpg,0.4,0.5,1,35352,42,21094,56446,35394,2,2
T10_d23_254_b_5_jpg.rf.U6ZwVBhsoWQQGQIhO5B9.jpg,0.4,1.0,1,35352,42,21094,56446,35394,2,2
T10_d23_254_b_5_jpg.rf.U6ZwVBhsoWQQGQIhO5B9.jpg,0.5,0.0,1,35352,42,21094,56446,35394,2,2
T10_d23_254_b_5_jpg.rf.U6ZwVBhsoWQQGQIhO5B9.jpg,0.5,0.1,1,35352,42,21094,56446,35394,2,2
T10_d23_254_b_5_jpg.rf.U6ZwVBhsoWQQGQIhO5B9.jpg,0.5,0.25,1,35352,42,21094,56446,35394,2,2
T10_d23_254_b_5_jpg.rf.U6ZwVBhsoWQQGQIhO5B9.jpg,0.5,0.5,1,35352,42,21094,56446,35394,2,2
T10_d23_254_b_5_jpg.rf.U6ZwVBhsoWQQGQIhO5B9.jpg,0.5,1.0,1,35352,42,21094,56446,35394,2,2
T10_d23_385_b_5_jpg.rf.1Flu9SWlzqkjkuJbbd8Z.jpg,0.15,0.0,1,0,0,0,0,0,0,0
T10_d23_385_b_5_jpg.rf.1Flu9SWlzqkjkuJbbd8Z.jpg,0.15,0.1,1,0,0,0,0,0,0,0
T10_d23_385_b_5_jpg.rf.1Flu9SWlzqkjkuJbbd8Z.jpg,0.15,0.25,1,0,0,0,0,0,0,0
T10_d23_385_b_5_jpg.rf.1Flu9SWlzqkjkuJbbd8Z.jpg,0.15,0.5,1,0,0,0,0,0,0,0
T10_d23_385_b_5_jpg.rf.1Flu9SWlzqkjkuJbbd8Z.jpg,0.15,1.0,1,0,0,0,0,0,0,0
T10_d23_385_b_5_jpg.rf.1Flu9SWlzqkjkuJbbd8Z.jpg,0.2,0.0,1,0,0,0,0,0,0,0
T10_d23_385_b_5_jpg.rf.1Flu9SWlzqkjkuJbbd8Z.jpg,0.2,0.1,1,0,0,0,0,0,0,0
T10_d23_385_b_5_jpg.rf.1Flu9SWlzqkjkuJbbd8Z.jpg,0.2,0.25,1,0,0,0,0,0,0,0
T10_d23_385_b_5_jpg.rf.1Flu9SWlzqkjkuJbbd8Z.jpg,0.2,0.5,1,0,0,0,0,0,0,0
T10_d23_385_b_5_jpg.rf.1Flu9SWlzqkjkuJbbd8Z.jpg,0.2,1.0,1,0,0,0,0,0,0,0
T10_d23_385_b_5_jpg.rf.1Flu9SWlzqkjkuJbbd8Z.jpg,0.25,0.0,1,0,0,0,0,0,0,0
T10_d23_385_b_5_jpg.rf.1Flu9SWlzqkjkuJbbd8Z.jpg,0.25,0.1,1,0,0,0,0,0,0,0
T10_d23_385_b_5_jpg.rf.1Flu9SWlzqkjkuJbbd8Z.jpg,0.25,0.25,1,0,0,0,0,0,0,0
T10_d23_385_b_5_jpg.rf.1Flu9SWlzqkjkuJbbd8Z.jpg,0.25,0.5,1,0,0,0,0,0,0,0
T10_d23_385_b_5_jpg.rf.1Flu9SWlzqkjkuJbbd8Z.jpg,0.25,1.0,1,0,0,0,0,0,0,0
T10_d23_385_b_5_jpg.rf.1Flu9SWlzqkjkuJbbd8Z.jpg,0.3,0.0,1,0,0,0,0,0,0,0
T10_d23_385_b_5_jpg.rf.1Flu9SWlzqkjkuJbbd8Z.jpg,0.3,0.1,1,0,0,0,0,0,0,0
T10_d23_385_b_5_jpg.rf.1Flu9SWlzqkjkuJbbd8Z.jpg,0.3,0.25,1,0,0,0,0,0,0,0
T10_d23_385_b_5_jpg.rf.1Flu9SWlzqkjkuJbbd8Z.jpg,0.3,0.5,1,0,0,0,0,0,0,0
T10_d23_385_b_5_jpg.rf.1Flu9SWlzqkjkuJbbd8Z.jpg,0.3,1.0,1,0,0,0,0,0,0,0
T10_d23_385_b_5_jpg.rf.1Flu9SWlzqkjkuJbbd8Z.jpg,0.4,0.0,1,0,0,0,0,0,0,0
T10_d23_385_b_5_jpg.rf.1Flu9SWlzqkjkuJbbd8Z.jpg,0.4,0.1,1,0,0,0,0,0,0,0
T10_d23_385_b_5_jpg.rf.1Flu9SWlzqkjkuJbbd8Z.jpg,0.4,0.25,1,0,0,0,0,0,0,0
T10_d23_385_b_5_jpg.rf.1Flu9SWlzqkjkuJbbd8Z.jpg,0.4,0.5,1,0,0,0,0,0,0,0
T10_d23_385_b_5_jpg.rf.1Flu9SWlzqkjkuJbbd8Z.jpg,0.4,1.0,1,0,0,0,0,0,0,0
T10_d23_385_b_5_jpg.rf.1Flu9SWlzqkjkuJbbd8Z.jpg,0.5,0.0,1,0,0,0,0,0,0,0
T10_d23_385_b_5_jpg.rf.1Flu9SWlzqkjkuJbbd8Z.jpg,0.5,0.1,1,0,0,0,0,0,0,0
T10_d23_385_b_5_jpg.rf.1Flu9SWlzqkjkuJbbd8Z.jpg,0.5,0.25,1,0,0,0,0,0,0,0
T10_d23_385_b_5_jpg.rf.1Flu9SWlzqkjkuJbbd8Z.jpg,0.5,0.5,1,0,0,0,0,0,0,0
T10_d23_385_b_5_jpg.rf.1Flu9SWlzqkjkuJbbd8Z.jpg,0.5,1.0,1,0,0,0,0,0,0,0
T10_d24_041_a_5_jpg.rf.DOPtEaO9NpiSkwNAKSgj.jpg,0.15,0.0,0,8391,88950,0,8391,97341,0,2
T10_d24_041_a_5_jpg.rf.DOPtEaO9NpiSkwNAKSgj.jpg,0.15,0.1,0,8391,88950,0,8391,97341,0,2
T10_d24_041_a_5_jpg.rf.DOPtEaO9NpiSkwNAKSgj.jpg,0.15,0.25,0,8391,88950,0,8391,97341,0,2
T10_d24_041_a_5_jpg.rf.DOPtEaO9NpiSkwNAKSgj.jpg,0.15,0.5,0,8391,88950,0,8391,97341,0,2
T10_d24_041_a_5_jpg.rf.DOPtEaO9NpiSkwNAKSgj.jpg,0.15,1.0,0,8391,88950,0,8391,97341,0,2
T10_d24_041_a_5_jpg.rf.DOPtEaO9NpiSkwNAKSgj.jpg,0.2,0.0,0,8391,62681,0,8391,71072,0,2
T10_d24_041_a_5_jpg.rf.DOPtEaO9NpiSkwNAKSgj.jpg,0.2,0.1,0,8391,62681,0,8391,71072,0,2
T10_d24_041_a_5_jpg.rf.DOPtEaO9NpiSkwNAKSgj.jpg,0.2,0.25,0,8391,62681,0,8391,71072,0,2
T10_d24_041_a_5_jpg.rf.DOPtEaO9NpiSkwNAKSgj.jpg,0.2,0.5,0,8391,62681,0,8391,71072,0,2
T10_d24_041_a_5_jpg.rf.DOPtEaO9NpiSkwNAKSgj.jpg,0.2,1.0,0,8391,62681,0,8391,71072,0,2
T10_d24_041_a_5_jpg.rf.DOPtEaO9NpiSkwNAKSgj.jpg,0.25,0.0,0,8391,62681,0,8391,71072,0,2
T10_d24_041_a_5_jpg.rf.DOPtEaO9NpiSkwNAKSgj.jpg,0.25,0.1,0,8391,62681,0,8391,71072,0,2
T10_d24_041_a_5_jpg.rf.DOPtEaO9NpiSkwNAKSgj.jpg,0.25,0.25,0,8391,62681,0,8391,71072,0,2
T10_d24_041_a_5_jpg.rf.DOPtEaO9NpiSkwNAKSgj.jpg,0.25,0.5,0,8391,62681,0,8391,71072,0,2
T10_d24_041_a_5_jpg.rf.DOPtEaO9NpiSkwNAKSgj.jpg,0.25,1.0,0,8391,62681,0,8391,71072,0,2
T10_d24_041_a_5_jpg.rf.DOPtEaO9NpiSkwNAKSgj.jpg,0.3,0.0,0,8391,62681,0,8391,71072,0,2
T10_d24_041_a_5_jpg.rf.DOPtEaO9NpiSkwNAKSgj.jpg,0.3,0.1,0,8391,62681,0,8391,71072,0,2
T10_d24_041_a_5_jpg.rf.DOPtEaO9NpiSkwNAKSgj.jpg,0.3,0.25,0,8391,62681,0,8391,71072,0,2
T10_d24_041_a_5_jpg.rf.DOPtEaO9NpiSkwNAKSgj.jpg,0.3,0.5,0,8391,62681,0,8391,71072,0,2
T10_d24_041_a_5_jpg.rf.DOPtEaO9NpiSkwNAKSgj.jpg,0.3,1.0,0,8391,62681,0,8391,71072,0,2
T10_d24_041_a_5_jpg.rf.DOPtEaO9NpiSkwNAKSgj.jpg,0.4,0.0,1,0,0,8391,8391,0,0,0
T10_d24_041_a_5_jpg.rf.DOPtEaO9NpiSkwNAKSgj.jpg,0.4,0.1,1,0,0,8391,8391,0,0,0
T10_d24_041_a_5_jpg.rf.DOPtEaO9NpiSkwNAKSgj.jpg,0.4,0.25,1,0,0,8391,8391,0,0,0
T10_d24_041_a_5_jpg.rf.DOPtEaO9NpiSkwNAKSgj.jpg,0.4,0.5,1,0,0,8391,8391,0,0,0
T10_d24_041_a_5_jpg.rf.DOPtEaO9NpiSkwNAKSgj.jpg,0.4,1.0,1,0,0,8391,8391,0,0,0
T10_d24_041_a_5_jpg.rf.DOPtEaO9NpiSkwNAKSgj.jpg,0.5,0.0,1,0,0,8391,8391,0,0,0
T10_d24_041_a_5_jpg.rf.DOPtEaO9NpiSkwNAKSgj.jpg,0.5,0.1,1,0,0,8391,8391,0,0,0
T10_d24_041_a_5_jpg.rf.DOPtEaO9NpiSkwNAKSgj.jpg,0.5,0.25,1,0,0,8391,8391,0,0,0
T10_d24_041_a_5_jpg.rf.DOPtEaO9NpiSkwNAKSgj.jpg,0.5,0.5,1,0,0,8391,8391,0,0,0
T10_d24_041_a_5_jpg.rf.DOPtEaO9NpiSkwNAKSgj.jpg,0.5,1.0,1,0,0,8391,8391,0,0,0
T10_d24_072_b_5_jpg.rf.UwyFyGXLMJ0SlDabGOyv.jpg,0.15,0.0,0,6661,11934,1,6662,18595,0,1
T10_d24_072_b_5_jpg.rf.UwyFyGXLMJ0SlDabGOyv.jpg,0.15,0.1,0,6661,11934,1,6662,18595,0,1
T10_d24_072_b_5_jpg.rf.UwyFyGXLMJ0SlDabGOyv.jpg,0.15,0.25,0,6661,11934,1,6662,18595,0,1
T10_d24_072_b_5_jpg.rf.UwyFyGXLMJ0SlDabGOyv.jpg,0.15,0.5,0,6661,11934,1,6662,18595,0,1
T10_d24_072_b_5_jpg.rf.UwyFyGXLMJ0SlDabGOyv.jpg,0.15,1.0,1,6661,11934,1,6662,18595,0,1
T10_d24_072_b_5_jpg.rf.UwyFyGXLMJ0SlDabGOyv.jpg,0.2,0.0,0,6661,11934,1,6662,18595,0,1
T10_d24_072_b_5_jpg.rf.UwyFyGXLMJ0SlDabGOyv.jpg,0.2,0.1,0,6661,11934,1,6662,18595,0,1
T10_d24_072_b_5_jpg.rf.UwyFyGXLMJ0SlDabGOyv.jpg,0.2,0.25,0,6661,11934,1,6662,18595,0,1
T10_d24_072_b_5_jpg.rf.UwyFyGXLMJ0SlDabGOyv.jpg,0.2,0.5,0,6661,11934,1,6662,18595,0,1
T10_d24_072_b_5_jpg.rf.UwyFyGXLMJ0SlDabGOyv.jpg,0.2,1.0,1,6661,11934,1,6662,18595,0,1
T10_d24_072_b_5_jpg.rf.UwyFyGXLMJ0SlDabGOyv.jpg,0.25,0.0,0,6650,1828,12,6662,8478,0,0
T10_d24_072_b_5_jpg.rf.UwyFyGXLMJ0SlDabGOyv.jpg,0.25,0.1,0,6650,1828,12,6662,8478,0,0
T10_d24_072_b_5_jpg.rf.UwyFyGXLMJ0SlDabGOyv.jpg,0.25,0.25,0,6650,1828,12,6662,8478,0,0
T10_d24_072_b_5_jpg.rf.UwyFyGXLMJ0SlDabGOyv.jpg,0.25,0.5,0,6650,1828,12,6662,8478,0,0
T10_d24_072_b_5_jpg.rf.UwyFyGXLMJ0SlDabGOyv.jpg,0.25,1.0,1,6650,1828,12,6662,8478,0,0
T10_d24_072_b_5_jpg.rf.UwyFyGXLMJ0SlDabGOyv.jpg,0.3,0.0,0,6650,1828,12,6662,8478,0,0
T10_d24_072_b_5_jpg.rf.UwyFyGXLMJ0SlDabGOyv.jpg,0.3,0.1,0,6650,1828,12,6662,8478,0,0
T10_d24_072_b_5_jpg.rf.UwyFyGXLMJ0SlDabGOyv.jpg,0.3,0.25,0,6650,1828,12,6662,8478,0,0
T10_d24_072_b_5_jpg.rf.UwyFyGXLMJ0SlDabGOyv.jpg,0.3,0.5,0,6650,1828,12,6662,8478,0,0
T10_d24_072_b_5_jpg.rf.UwyFyGXLMJ0SlDabGOyv.jpg,0.3,1.0,1,6650,1828,12,6662,8478,0,0
T10_d24_072_b_5_jpg.rf.UwyFyGXLMJ0SlDabGOyv.jpg,0.4,0.0,1,0,0,6662,6662,0,0,0
T10_d24_072_b_5_jpg.rf.UwyFyGXLMJ0SlDabGOyv.jpg,0.4,0.1,1,0,0,6662,6662,0,0,0
T10_d24_072_b_5_jpg.rf.UwyFyGXLMJ0SlDabGOyv.jpg,0.4,0.25,1,0,0,6662,6662,0,0,0
T10_d24_072_b_5_jpg.rf.UwyFyGXLMJ0SlDabGOyv.jpg,0.4,0.5,1,0,0,6662,6662,0,0,0
T10_d24_072_b_5_jpg.rf.UwyFyGXLMJ0SlDabGOyv.jpg,0.4,1.0,1,0,0,6662,6662,0,0,0
T10_d24_072_b_5_jpg.rf.UwyFyGXLMJ0SlDabGOyv.jpg,0.5,0.0,1,0,0,6662,6662,0,0,0
T10_d24_072_b_5_jpg.rf.UwyFyGXLMJ0SlDabGOyv.jpg,0.5,0.1,1,0,0,6662,6662,0,0,0
T10_d24_072_b_5_jpg.rf.UwyFyGXLMJ0SlDabGOyv.jpg,0.5,0.25,1,0,0,6662,6662,0,0,0
T10_d24_072_b_5_jpg.rf.UwyFyGXLMJ0SlDabGOyv.jpg,0.5,0.5,1,0,0,6662,6662,0,0,0
T10_d24_072_b_5_jpg.rf.UwyFyGXLMJ0SlDabGOyv.jpg,0.5,1.0,1,0,0,6662,6662,0,0,0
T10_d24_478_a_4_jpg.rf.FdH8lSVHFCxxbLUTEx0l.jpg,0.15,0.0,1,0,0,0,0,0,0,0
T10_d24_478_a_4_jpg.rf.FdH8lSVHFCxxbLUTEx0l.jpg,0.15,0.1,1,0,0,0,0,0,0,0
T10_d24_478_a_4_jpg.rf.FdH8lSVHFCxxbLUTEx0l.jpg,0.15,0.25,1,0,0,0,0,0,0,0
T10_d24_478_a_4_jpg.rf.FdH8lSVHFCxxbLUTEx0l.jpg,0.15,0.5,1,0,0,0,0,0,0,0
T10_d24_478_a_4_jpg.rf.FdH8lSVHFCxxbLUTEx0l.jpg,0.15,1.0,1,0,0,0,0,0,0,0
T10_d24_478_a_4_jpg.rf.FdH8lSVHFCxxbLUTEx0l.jpg,0.2,0.0,1,0,0,0,0,0,0,0
T10_d24_478_a_4_jpg.rf.FdH8lSVHFCxxbLUTEx0l.jpg,0.2,0.1,1,0,0,0,0,0,0,0
T10_d24_478_a_4_jpg.rf.FdH8lSVHFCxxbLUTEx0l.jpg,0.2,0.25,1,0,0,0,0,0,0,0
T10_d24_478_a_4_jpg.rf.FdH8lSVHFCxxbLUTEx0l.jpg,0.2,0.5,1,0,0,0,0,0,0,0
T10_d24_478_a_4_jpg.rf.FdH8lSVHFCxxbLUTEx0l.jpg,0.2,1.0,1,0,0,0,0,0,0,0
T10_d24_478_a_4_jpg.rf.FdH8lSVHFCxxbLUTEx0l.jpg,0.25,0.0,1,0,0,0,0,0,0,0
T10_d24_478_a_4_jpg.rf.FdH8lSVHFCxxbLUTEx0l.jpg,0.25,0.1,1,0,0,0,0,0,0,0
T10_d24_478_a_4_jpg.rf.FdH8lSVHFCxxbLUTEx0l.jpg,0.25,0.25,1,0,0,0,0,0,0,0
T10_d24_478_a_4_jpg.rf.FdH8lSVHFCxxbLUTEx0l.jpg,0.25,0.5,1,0,0,0,0,0,0,0
T10_d24_478_a_4_jpg.rf.FdH8lSVHFCxxbLUTEx0l.jpg,0.25,1.0,1,0,0,0,0,0,0,0
T10_d24_478_a_4_jpg.rf.FdH8lSVHFCxxbLUTEx0l.jpg,0.3,0.0,1,0,0,0,0,0,0,0
T10_d24_478_a_4_jpg.rf.FdH8lSVHFCxxbLUTEx0l.jpg,0.3,0.1,1,0,0,0,0,0,0,0
T10_d24_478_a_4_jpg.rf.FdH8lSVHFCxxbLUTEx0l.jpg,0.3,0.25,1,0,0,0,0,0,0,0
T10_d24_478_a_4_jpg.rf.FdH8lSVHFCxxbLUTEx0l.jpg,0.3,0.5,1,0,0,0,0,0,0,0
T10_d24_478_a_4_jpg.rf.FdH8lSVHFCxxbLUTEx0l.jpg,0.3,1.0,1,0,0,0,0,0,0,0
T10_d24_478_a_4_jpg.rf.FdH8lSVHFCxxbLUTEx0l.jpg,0.4,0.0,1,0,0,0,0,0,0,0
T10_d24_478_a_4_jpg.rf.FdH8lSVHFCxxbLUTEx0l.jpg,0.4,0.1,1,0,0,0,0,0,0,0
T10_d24_478_a_4_jpg.rf.FdH8lSVHFCxxbLUTEx0l.jpg,0.4,0.25,1,0,0,0,0,0,0,0
T10_d24_478_a_4_jpg.rf.FdH8lSVHFCxxbLUTEx0l.jpg,0.4,0.5,1,0,0,0,0,0,0,0
T10_d24_478_a_4_jpg.rf.FdH8lSVHFCxxbLUTEx0l.jpg,0.4,1.0,1,0,0,0,0,0,0,0
T10_d24_478_a_4_jpg.rf.FdH8lSVHFCxxbLUTEx0l.jpg,0.5,0.0,1,0,0,0,0,0,0,0
T10_d24_478_a_4_jpg.rf.FdH8lSVHFCxxbLUTEx0l.jpg,0.5,0.1,1,0,0,0,0,0,0,0
T10_d24_478_a_4_jpg.rf.FdH8lSVHFCxxbLUTEx0l.jpg,0.5,0.25,1,0,0,0,0,0,0,0
T10_d24_478_a_4_jpg.rf.FdH8lSVHFCxxbLUTEx0l.jpg,0.5,0.5,1,0,0,0,0,0,0,0
T10_d24_478_a_4_jpg.rf.FdH8lSVHFCxxbLUTEx0l.jpg,0.5,1.0,1,0,0,0,0,0,0,0
T10_d25_087_b_5_jpg.rf.1163gGz7hqppoaamPZiR.jpg,0.15,0.0,1,0,0,0,0,0,0,0
T10_d25_087_b_5_jpg.rf.1163gGz7hqppoaamPZiR.jpg,0.15,0.1,1,0,0,0,0,0,0,0
T10_d25_087_b_5_jpg.rf.1163gGz7hqppoaamPZiR.jpg,0.15,0.25,1,0,0,0,0,0,0,0
T10_d25_087_b_5_jpg.rf.1163gGz7hqppoaamPZiR.jpg,0.15,0.5,1,0,0,0,0,0,0,0
T10_d25_087_b_5_jpg.rf.1163gGz7hqppoaamPZiR.jpg,0.15,1.0,1,0,0,0,0,0,0,0
T10_d25_087_b_5_jpg.rf.1163gGz7hqppoaamPZiR.jpg,0.2,0.0,1,0,0,0,0,0,0,0
T10_d25_087_b_5_jpg.rf.1163gGz7hqppoaamPZiR.jpg,0.2,0.1,1,0,0,0,0,0,0,0
T10_d25_087_b_5_jpg.rf.1163gGz7hqppoaamPZiR.jpg,0.2,0.25,1,0,0,0,0,0,0,0
T10_d25_087_b_5_jpg.rf.1163gGz7hqppoaamPZiR.jpg,0.2,0.5,1,0,0,0,0,0,0,0
T10_d25_087_b_5_jpg.rf.1163gGz7hqppoaamPZiR.jpg,0.2,1.0,1,0,0,0,0,0,0,0
T10_d25_087_b_5_jpg.rf.1163gGz7hqppoaamPZiR.jpg,0.25,0.0,1,0,0,0,0,0,0,0
T10_d25_087_b_5_jpg.rf.1163gGz7hqppoaamPZiR.jpg,0.25,0.1,1,0,0,0,0,0,0,0
T10_d25_087_b_5_jpg.rf.1163gGz7hqppoaamPZiR.jpg,0.25,0.25,1,0,0,0,0,0,0,0
T10_d25_087_b_5_jpg.rf.1163gGz7hqppoaamPZiR.jpg,0.25,0.5,1,0,0,0,0,0,0,0
T10_d25_087_b_5_jpg.rf.1163gGz7hqppoaamPZiR.jpg,0.25,1.0,1,0,0,0,0,0,0,0
T10_d25_087_b_5_jpg.rf.1163gGz7hqppoaamPZiR.jpg,0.3,0.0,1,0,0,0,0,0,0,0
T10_d25_087_b_5_jpg.rf.1163gGz7hqppoaamPZiR.jpg,0.3,0.1,1,0,0,0,0,0,0,0
T10_d25_087_b_5_jpg.rf.1163gGz7hqppoaamPZiR.jpg,0.3,0.25,1,0,0,0,0,0,0,0
T10_d25_087_b_5_jpg.rf.1163gGz7hqppoaamPZiR.jpg,0.3,0.5,1,0,0,0,0,0,0,0
T10_d25_087_b_5_jpg.rf.1163gGz7hqppoaamPZiR.jpg,0.3,1.0,1,0,0,0,0,0,0,0
T10_d25_087_b_5_jpg.rf.1163gGz7hqppoaamPZiR.jpg,0.4,0.0,1,0,0,0,0,0,0,0
T10_d25_087_b_5_jpg.rf.1163gGz7hqppoaamPZiR.jpg,0.4,0.1,1,0,0,0,0,0,0,0
T10_d25_087_b_5_jpg.rf.1163gGz7hqppoaamPZiR.jpg,0.4,0.25,1,0,0,0,0,0,0,0
T10_d25_087_b_5_jpg.rf.1163gGz7hqppoaamPZiR.jpg,0.4,0.5,1,0,0,0,0,0,0,0
T10_d25_087_b_5_jpg.rf.1163gGz7hqppoaamPZiR.jpg,0.4,1.0,1,0,0,0,0,0,0,0
T10_d25_087_b_5_jpg.rf.1163gGz7hqppoaamPZiR.jpg,0.5,0.0,1,0,0,0,0,0,0,0
T10_d25_087_b_5_jpg.rf.1163gGz7hqppoaamPZiR.jpg,0.5,0.1,1,0,0,0,0,0,0,0
T10_d25_087_b_5_jpg.rf.1163gGz7hqppoaamPZiR.jpg,0.5,0.25,1,0,0,0,0,0,0,0
T10_d25_087_b_5_jpg.rf.1163gGz7hqppoaamPZiR.jpg,0.5,0.5,1,0,0,0,0,0,0,0
T10_d25_087_b_5_jpg.rf.1163gGz7hqppoaamPZiR.jpg,0.5,1.0,1,0,0,0,0,0,0,0
T10_d25_111_b_5_jpg.rf.I255ZGDr5TSF1Zedro4O.jpg,0.15,0.0,0,1245,165,2,1247,1410,0,0
T10_d25_111_b_5_jpg.rf.I255ZGDr5TSF1Zedro4O.jpg,0.15,0.1,0,1245,165,2,1247,1410,0,0
T10_d25_111_b_5_jpg.rf.I255ZGDr5TSF1Zedro4O.jpg,0.15,0.25,0,1245,165,2,1247,1410,0,0
T10_d25_111_b_5_jpg.rf.I255ZGDr5TSF1Zedro4O.jpg,0.15,0.5,0,1245,165,2,1247,1410,0,0
T10_d25_111_b_5_jpg.rf.I255ZGDr5TSF1Zedro4O.jpg,0.15,1.0,1,1245,165,2,1247,1410,0,0
T10_d25_111_b_5_jpg.rf.I255ZGDr5TSF1Zedro4O.jpg,0.2,0.0,0,1245,165,2,1247,1410,0,0
T10_d25_111_b_5_jpg.rf.I255ZGDr5TSF1Zedro4O.jpg,0.2,0.1,0,1245,165,2,1247,1410,0,0
T10_d25_111_b_5_jpg.rf.I255ZGDr5TSF1Zedro4O.jpg,0.2,0.25,0,1245,165,2,1247,1410,0,0
T10_d25_111_b_5_jpg.rf.I255ZGDr5TSF1Zedro4O.jpg,0.2,0.5,0,1245,165,2,1247,1410,0,0
T10_d25_111_b_5_jpg.rf.I255ZGDr5TSF1Zedro4O.jpg,0.2,1.0,1,1245,165,2,1247,1410,0,0
T10_d25_111_b_5_jpg.rf.I255ZGDr5TSF1Zedro4O.jpg,0.25,0.0,0,1245,165,2,1247,1410,0,0
T10_d25_111_b_5_jpg.rf.I255ZGDr5TSF1Zedro4O.jpg,0.25,0.1,0,1245,165,2,1247,1410,0,0
T10_d25_111_b_5_jpg.rf.I255ZGDr5TSF1Zedro4O.jpg,0.25,0.25,0,1245,165,2,1247,1410,0,0
T10_d25_111_b_5_jpg.rf.I255ZGDr5TSF1Zedro4O.jpg,0.25,0.5,0,1245,165,2,1247,1410,0,0
T10_d25_111_b_5_jpg.rf.I255ZGDr5TSF1Zedro4O.jpg,0.25,1.0,1,1245,165,2,1247,1410,0,0
T10_d25_111_b_5_jpg.rf.I255ZGDr5TSF1Zedro4O.jpg,0.3,0.0,0,1245,165,2,1247,1410,0,0
T10_d25_111_b_5_jpg.rf.I255ZGDr5TSF1Zedro4O.jpg,0.3,0.1,0,1245,165,2,1247,1410,0,0
T10_d25_111_b_5_jpg.rf.I255ZGDr5TSF1Zedro4O.jpg,0.3,0.25,0,1245,165,2,1247,1410,0,0
T10_d25_111_b_5_jpg.rf.I255ZGDr5TSF1Zedro4O.jpg,0.3,0.5,0,1245,165,2,1247,1410,0,0
T10_d25_111_b_5_jpg.rf.I255ZGDr5TSF1Zedro4O.jpg,0.3,1.0,1,1245,165,2,1247,1410,0,0
T10_d25_111_b_5_jpg.rf.I255ZGDr5TSF1Zedro4O.jpg,0.4,0.0,0,1245,165,2,1247,1410,0,0
T10_d25_111_b_5_jpg.rf.I255ZGDr5TSF1Zedro4O.jpg,0.4,0.1,0,1245,165,2,1247,1410,0,0
T10_d25_111_b_5_jpg.rf.I255ZGDr5TSF1Zedro4O.jpg,0.4,0.25,0,1245,165,2,1247,1410,0,0
T10_d25_111_b_5_jpg.rf.I255ZGDr5TSF1Zedro4O.jpg,0.4,0.5,0,1245,165,2,1247,1410,0,0
T10_d25_111_b_5_jpg.rf.I255ZGDr5TSF1Zedro4O.jpg,0.4,1.0,1,1245,165,2,1247,1410,0,0
T10_d25_111_b_5_jpg.rf.I255ZGDr5TSF1Zedro4O.jpg,0.5,0.0,1,0,0,1247,1247,0,0,0
T10_d25_111_b_5_jpg.rf.I255ZGDr5TSF1Zedro4O.jpg,0.5,0.1,1,0,0,1247,1247,0,0,0
T10_d25_111_b_5_jpg.rf.I255ZGDr5TSF1Zedro4O.jpg,0.5,0.25,1,0,0,1247,1247,0,0,0
T10_d25_111_b_5_jpg.rf.I255ZGDr5TSF1Zedro4O.jpg,0.5,0.5,1,0,0,1247,1247,0,0,0
T10_d25_111_b_5_jpg.rf.I255ZGDr5TSF1Zedro4O.jpg,0.5,1.0,1,0,0,1247,1247,0,0,0
T10_d25_254_b_5_jpg.rf.ri7sswhcRntviy65wGoE.jpg,0.15,0.0,0,59362,22760,287,59649,82122,2,2
T10_d25_254_b_5_jpg.rf.ri7sswhcRntviy65wGoE.jpg,0.15,0.1,0,59362,22760,287,59649,82122,2,2
T10_d25_254_b_5_jpg.rf.ri7sswhcRntviy65wGoE.jpg,0.15,0.25,0,59362,22760,287,59649,82122,2,2
T10_d25_254_b_5_jpg.rf.ri7sswhcRntviy65wGoE.jpg,0.15,0.5,0,59362,22760,287,59649,82122,2,2
T10_d25_254_b_5_jpg.rf.ri7sswhcRntviy65wGoE.jpg,0.15,1.0,1,59362,22760,287,59649,82122,2,2
T10_d25_254_b_5_jpg.rf.ri7sswhcRntviy65wGoE.jpg,0.2,0.0,0,59362,22760,287,59649,82122,2,2
T10_d25_254_b_5_jpg.rf.ri7sswhcRntviy65wGoE.jpg,0.2,0.1,0,59362,22760,287,59649,82122,2,2
T10_d25_254_b_5_jpg.rf.ri7sswhcRntviy65wGoE.jpg,0.2,0.25,0,59362,22760,287,59649,82122,2,2
T10_d25_254_b_5_jpg.rf.ri7sswhcRntviy65wGoE.jpg,0.2,0.5,0,59362,22760,287,59649,82122,2,2
T10_d25_254_b_5_jpg.rf.ri7sswhcRntviy65wGoE.jpg,0.2,1.0,1,59362,22760,287,59649,82122,2,2
T10_d25_254_b_5_jpg.rf.ri7sswhcRntviy65wGoE.jpg,0.25,0.0,0,45556,5047,14093,59649,50603,2,2
T10_d25_254_b_5_jpg.rf.ri7sswhcRntviy65wGoE.jpg,0.25,0.1,1,45556,5047,14093,59649,50603,2,2
T10_d25_254_b_5_jpg.rf.ri7sswhcRntviy65wGoE.jpg,0.25,0.25,1,45556,5047,14093,59649,50603,2,2
T10_d25_254_b_5_jpg.rf.ri7sswhcRntviy65wGoE.jpg,0.25,0.5,1,45556,5047,14093,59649,50603,2,2
T10_d25_254_b_5_jpg.rf.ri7sswhcRntviy65wGoE.jpg,0.25,1.0,1,45556,5047,14093,59649,50603,2,2
T10_d25_254_b_5_jpg.rf.ri7sswhcRntviy65wGoE.jpg,0.3,0.0,1,42903,5011,16746,59649,47914,2,2
T10_d25_254_b_5_jpg.rf.ri7sswhcRntviy65wGoE.jpg,0.3,0.1,1,42903,5011,16746,59649,47914,2,2
T10_d25_254_b_5_jpg.rf.ri7sswhcRntviy65wGoE.jpg,0.3,0.25,1,42903,5011,16746,59649,47914,2,2
T10_d25_254_b_5_jpg.rf.ri7sswhcRntviy65wGoE.jpg,0.3,0.5,1,42903,5011,16746,59649,47914,2,2
T10_d25_254_b_5_jpg.rf.ri7sswhcRntviy65wGoE.jpg,0.3,1.0,1,42903,5011,16746,59649,47914,2,2
T10_d25_254_b_5_jpg.rf.ri7sswhcRntviy65wGoE.jpg,0.4,0.0,1,42903,5011,16746,59649,47914,2,2
T10_d25_254_b_5_jpg.rf.ri7sswhcRntviy65wGoE.jpg,0.4,0.1,1,42903,5011,16746,59649,47914,2,2
T10_d25_254_b_5_jpg.rf.ri7sswhcRntviy65wGoE.jpg,0.4,0.25,1,42903,5011,16746,59649,47914,2,2
T10_d25_254_b_5_jpg.rf.ri7sswhcRntviy65wGoE.jpg,0.4,0.5,1,42903,5011,16746,59649,47914,2,2
T10_d25_254_b_5_jpg.rf.ri7sswhcRntviy65wGoE.jpg,0.4,1.0,1,42903,5011,16746,59649,47914,2,2
T10_d25_254_b_5_jpg.rf.ri7sswhcRntviy65wGoE.jpg,0.5,0.0,1,42903,5011,16746,59649,47914,2,2
T10_d25_254_b_5_jpg.rf.ri7sswhcRntviy65wGoE.jpg,0.5,0.1,1,42903,5011,16746,59649,47914,2,2
T10_d25_254_b_5_jpg.rf.ri7sswhcRntviy65wGoE.jpg,0.5,0.25,1,42903,5011,16746,59649,47914,2,2
T10_d25_254_b_5_jpg.rf.ri7sswhcRntviy65wGoE.jpg,0.5,0.5,1,42903,5011,16746,59649,47914,2,2
T10_d25_254_b_5_jpg.rf.ri7sswhcRntviy65wGoE.jpg,0.5,1.0,1,42903,5011,16746,59649,47914,2,2
T10_d25_406_a_5_jpg.rf.7uvHyK2z05BuLH1esbML.jpg,0.15,0.0,0,17943,22859,4752,22695,40802,2,2
T10_d25_406_a_5_jpg.rf.7uvHyK2z05BuLH1esbML.jpg,0.15,0.1,0,17943,22859,4752,22695,40802,2,2
T10_d25_406_a_5_jpg.rf.7uvHyK2z05BuLH1esbML.jpg,0.15,0.25,0,17943,22859,4752,22695,40802,2,2
T10_d25_406_a_5_jpg.rf.7uvHyK2z05BuLH1esbML.jpg,0.15,0.5,0,17943,22859,4752,22695,40802,2,2
T10_d25_406_a_5_jpg.rf.7uvHyK2z05BuLH1esbML.jpg,0.15,1.0,1,17943,22859,4752,22695,40802,2,2
T10_d25_406_a_5_jpg.rf.7uvHyK2z05BuLH1esbML.jpg,0.2,0.0,0,17662,10307,5033,22695,27969,2,2
T10_d25_406_a_5_jpg.rf.7uvHyK2z05BuLH1esbML.jpg,0.2,0.1,0,17662,10307,5033,22695,27969,2,2
T10_d25_406_a_5_jpg.rf.7uvHyK2z05BuLH1esbML.jpg,0.2,0.25,0,17662,10307,5033,22695,27969,2,2
T10_d25_406_a_5_jpg.rf.7uvHyK2z05BuLH1esbML.jpg,0.2,0.5,0,17662,10307,5033,22695,27969,2,2
T10_d25_406_a_5_jpg.rf.7uvHyK2z05BuLH1esbML.jpg,0.2,1.0,1,17662,10307,5033,22695,27969,2,2
T10_d25_406_a_5_jpg.rf.7uvHyK2z05BuLH1esbML.jpg,0.25,0.0,0,1853,509,20842,22695,2362,2,0
T10_d25_406_a_5_jpg.rf.7uvHyK2z05BuLH1esbML.jpg,0.25,0.1,0,1853,509,20842,22695,2362,2,0
T10_d25_406_a_5_jpg.rf.7uvHyK2z05BuLH1esbML.jpg,0.25,0.25,0,1853,509,20842,22695,2362,2,0
T10_d25_406_a_5_jpg.rf.7uvHyK2z05BuLH1esbML.jpg,0.25,0.5,0,1853,509,20842,22695,2362,2,0
T10_d25_406_a_5_jpg.rf.7uvHyK2z05BuLH1esbML.jpg,0.25,1.0,1,1853,509,20842,22695,2362,2,0
T10_d25_406_a_5_jpg.rf.7uvHyK2z05BuLH1esbML.jpg,0.3,0.0,0,1853,509,20842,22695,2362,2,0
T10_d25_406_a_5_jpg.rf.7uvHyK2z05BuLH1esbML.jpg,0.3,0.1,0,1853,509,20842,22695,2362,2,0
T10_d25_406_a_5_jpg.rf.7uvHyK2z05BuLH1esbML.jpg,0.3,0.25,0,1853,509,20842,22695,2362,2,0
T10_d25_406_a_5_jpg.rf.7uvHyK2z05BuLH1esbML.jpg,0.3,0.5,0,1853,509,20842,22695,2362,2,0
T10_d25_406_a_5_jpg.rf.7uvHyK2z05BuLH1esbML.jpg,0.3,1.0,1,1853,509,20842,22695,2362,2,0
T10_d25_406_a_5_jpg.rf.7uvHyK2z05BuLH1esbML.jpg,0.4,0.0,1,0,0,22695,22695,0,2,0
T10_d25_406_a_5_jpg.rf.7uvHyK2z05BuLH1esbML.jpg,0.4,0.1,1,0,0,22695,22695,0,2,0
T10_d25_406_a_5_jpg.rf.7uvHyK2z05BuLH1esbML.jpg,0.4,0.25,1,0,0,22695,22695,0,2,0
T10_d25_406_a_5_jpg.rf.7uvHyK2z05BuLH1esbML.jpg,0.4,0.5,1,0,0,22695,22695,0,2,0
T10_d25_406_a_5_jpg.rf.7uvHyK2z05BuLH1esbML.jpg,0.4,1.0,1,0,0,22695,22695,0,2,0
T10_d25_406_a_5_jpg.rf.7uvHyK2z05BuLH1esbML.jpg,0.5,0.0,1,0,0,22695,22695,0,2,0
T10_d25_406_a_5_jpg.rf.7uvHyK2z05BuLH1esbML.jpg,0.5,0.1,1,0,0,22695,22695,0,2,0
T10_d25_406_a_5_jpg.rf.7uvHyK2z05BuLH1esbML.jpg,0.5,0.25,1,0,0,22695,22695,0,2,0
T10_d25_406_a_5_jpg.rf.7uvHyK2z05BuLH1esbML.jpg,0.5,0.5,1,0,0,22695,22695,0,2,0
T10_d25_406_a_5_jpg.rf.7uvHyK2z05BuLH1esbML.jpg,0.5,1.0,1,0,0,22695,22695,0,2,0
T10_d26_014_a_5_jpg.rf.My9wtHrBdtcZXfyTBdmZ.jpg,0.15,0.0,1,0,0,0,0,0,0,0
T10_d26_014_a_5_jpg.rf.My9wtHrBdtcZXfyTBdmZ.jpg,0.15,0.1,1,0,0,0,0,0,0,0
T10_d26_014_a_5_jpg.rf.My9wtHrBdtcZXfyTBdmZ.jpg,0.15,0.25,1,0,0,0,0,0,0,0
T10_d26_014_a_5_jpg.rf.My9wtHrBdtcZXfyTBdmZ.jpg,0.15,0.5,1,0,0,0,0,0,0,0
T10_d26_014_a_5_jpg.rf.My9wtHrBdtcZXfyTBdmZ.jpg,0.15,1.0,1,0,0,0,0,0,0,0
T10_d26_014_a_5_jpg.rf.My9wtHrBdtcZXfyTBdmZ.jpg,0.2,0.0,1,0,0,0,0,0,0,0
T10_d26_014_a_5_jpg.rf.My9wtHrBdtcZXfyTBdmZ.jpg,0.2,0.1,1,0,0,0,0,0,0,0
T10_d26_014_a_5_jpg.rf.My9wtHrBdtcZXfyTBdmZ.jpg,0.2,0.25,1,0,0,0,0,0,0,0
T10_d26_014_a_5_jpg.rf.My9wtHrBdtcZXfyTBdmZ.jpg,0.2,0.5,1,0,0,0,0,0,0,0
T10_d26_014_a_5_jpg.rf.My9wtHrBdtcZXfyTBdmZ.jpg,0.2,1.0,1,0,0,0,0,0,0,0
T10_d26_014_a_5_jpg.rf.My9wtHrBdtcZXfyTBdmZ.jpg,0.25,0.0,1,0,0,0,0,0,0,0
T10_d26_014_a_5_jpg.rf.My9wtHrBdtcZXfyTBdmZ.jpg,0.25,0.1,1,0,0,0,0,0,0,0
T10_d26_014_a_5_jpg.rf.My9wtHrBdtcZXfyTBdmZ.jpg,0.25,0.25,1,0,0,0,0,0,0,0
T10_d26_014_a_5_jpg.rf.My9wtHrBdtcZXfyTBdmZ.jpg,0.25,0.5,1,0,0,0,0,0,0,0
T10_d26_014_a_5_jpg.rf.My9wtHrBdtcZXfyTBdmZ.jpg,0.25,1.0,1,0,0,0,0,0,0,0
T10_d26_014_a_5_jpg.rf.My9wtHrBdtcZXfyTBdmZ.jpg,0.3,0.0,1,0,0,0,0,0,0,0
T10_d26_014_a_5_jpg.rf.My9wtHrBdtcZXfyTBdmZ.jpg,0.3,0.1,1,0,0,0,0,0,0,0
T10_d26_014_a_5_jpg.rf.My9wtHrBdtcZXfyTBdmZ.jpg,0.3,0.25,1,0,0,0,0,0,0,0
T10_d26_014_a_5_jpg.rf.My9wtHrBdtcZXfyTBdmZ.jpg,0.3,0.5,1,0,0,0,0,0,0,0
T10_d26_014_a_5_jpg.rf.My9wtHrBdtcZXfyTBdmZ.jpg,0.3,1.0,1,0,0,0,0,0,0,0
T10_d26_014_a_5_jpg.rf.My9wtHrBdtcZXfyTBdmZ.jpg,0.4,0.0,1,0,0,0,0,0,0,0
T10_d26_014_a_5_jpg.rf.My9wtHrBdtcZXfyTBdmZ.jpg,0.4,0.1,1,0,0,0,0,0,0,0
T10_d26_014_a_5_jpg.rf.My9wtHrBdtcZXfyTBdmZ.jpg,0.4,0.25,1,0,0,0,0,0,0,0
T10_d26_014_a_5_jpg.rf.My9wtHrBdtcZXfyTBdmZ.jpg,0.4,0.5,1,0,0,0,0,0,0,0
T10_d26_014_a_5_jpg.rf.My9wtHrBdtcZXfyTBdmZ.jpg,0.4,1.0,1,0,0,0,0,0,0,0
T10_d26_014_a_5_jpg.rf.My9wtHrBdtcZXfyTBdmZ.jpg,0.5,0.0,1,0,0,0,0,0,0,0
T10_d26_014_a_5_jpg.rf.My9wtHrBdtcZXfyTBdmZ.jpg,0.5,0.1,1,0,0,0,0,0,0,0
T10_d26_014_a_5_jpg.rf.My9wtHrBdtcZXfyTBdmZ.jpg,0.5,0.25,1,0,0,0,0,0,0,0
T10_d26_014_a_5_jpg.rf.My9wtHrBdtcZXfyTBdmZ.jpg,0.5,0.5,1,0,0,0,0,0,0,0
T10_d26_014_a_5_jpg.rf.My9wtHrBdtcZXfyTBdmZ.jpg,0.5,1.0,1,0,0,0,0,0,0,0
T10_d26_087_a_5_jpg.rf.sFtuSItTwSL3UVLSGA0H.jpg,0.15,0.0,0,1387,6711,0,1387,8098,0,1
T10_d26_087_a_5_jpg.rf.sFtuSItTwSL3UVLSGA0H.jpg,0.15,0.1,0,1387,6711,0,1387,8098,0,1
T10_d26_087_a_5_jpg.rf.sFtuSItTwSL3UVLSGA0H.jpg,0.15,0.25,0,1387,6711,0,1387,8098,0,1
T10_d26_087_a_5_jpg.rf.sFtuSItTwSL3UVLSGA0H.jpg,0.15,0.5,0,1387,6711,0,1387,8098,0,1
T10_d26_087_a_5_jpg.rf.sFtuSItTwSL3UVLSGA0H.jpg,0.15,1.0,1,1387,6711,0,1387,8098,0,1
T10_d26_087_a_5_jpg.rf.sFtuSItTwSL3UVLSGA0H.jpg,0.2,0.0,0,1387,6711,0,1387,8098,0,1
T10_d26_087_a_5_jpg.rf.sFtuSItTwSL3UVLSGA0H.jpg,0.2,0.1,0,1387,6711,0,1387,8098,0,1
T10_d26_087_a_5_jpg.rf.sFtuSItTwSL3UVLSGA0H.jpg,0.2,0.25,0,1387,6711,0,1387,8098,0,1
T10_d26_087_a_5_jpg.rf.sFtuSItTwSL3UVLSGA0H.jpg,0.2,0.5,0,1387,6711,0,1387,8098,0,1
T10_d26_087_a_5_jpg.rf.sFtuSItTwSL3UVLSGA0H.jpg,0.2,1.0,1,1387,6711,0,1387,8098,0,1
T10_d26_087_a_5_jpg.rf.sFtuSItTwSL3UVLSGA0H.jpg,0.25,0.0,0,1387,6711,0,1387,8098,0,1
T10_d26_087_a_5_jpg.rf.sFtuSItTwSL3UVLSGA0H.jpg,0.25,0.1,0,1387,6711,0,1387,8098,0,1
T10_d26_087_a_5_jpg.rf.sFtuSItTwSL3UVLSGA0H.jpg,0.25,0.25,0,1387,6711,0,1387,8098,0,1
T10_d26_087_a_5_jpg.rf.sFtuSItTwSL3UVLSGA0H.jpg,0.25,0.5,0,1387,6711,0,1387,8098,0,1
T10_d26_087_a_5_jpg.rf.sFtuSItTwSL3UVLSGA0H.jpg,0.25,1.0,1,1387,6711,0,1387,8098,0,1
T10_d26_087_a_5_jpg.rf.sFtuSItTwSL3UVLSGA0H.jpg,0.3,0.0,1,0,0,1387,1387,0,0,0
T10_d26_087_a_5_jpg.rf.sFtuSItTwSL3UVLSGA0H.jpg,0.3,0.1,1,0,0,1387,1387,0,0,0
T10_d26_087_a_5_jpg.rf.sFtuSItTwSL3UVLSGA0H.jpg,0.3,0.25,1,0,0,1387,1387,0,0,0
T10_d26_087_a_5_jpg.rf.sFtuSItTwSL3UVLSGA0H.jpg,0.3,0.5,1,0,0,1387,1387,0,0,0
T10_d26_087_a_5_jpg.rf.sFtuSItTwSL3UVLSGA0H.jpg,0.3,1.0,1,0,0,1387,1387,0,0,0
T10_d26_087_a_5_jpg.rf.sFtuSItTwSL3UVLSGA0H.jpg,0.4,0.0,1,0,0,1387,1387,0,0,0
T10_d26_087_a_5_jpg.rf.sFtuSItTwSL3UVLSGA0H.jpg,0.4,0.1,1,0,0,1387,1387,0,0,0
T10_d26_087_a_5_jpg.rf.sFtuSItTwSL3UVLSGA0H.jpg,0.4,0.25,1,0,0,1387,1387,0,0,0
T10_d26_087_a_5_jpg.rf.sFtuSItTwSL3UVLSGA0H.jpg,0.4,0.5,1,0,0,1387,1387,0,0,0
T10_d26_087_a_5_jpg.rf.sFtuSItTwSL3UVLSGA0H.jpg,0.4,1.0,1,0,0,1387,1387,0,0,0
T10_d26_087_a_5_jpg.rf.sFtuSItTwSL3UVLSGA0H.jpg,0.5,0.0,1,0,0,1387,1387,0,0,0
T10_d26_087_a_5_jpg.rf.sFtuSItTwSL3UVLSGA0H.jpg,0.5,0.1,1,0,0,1387,1387,0,0,0
T10_d26_087_a_5_jpg.rf.sFtuSItTwSL3UVLSGA0H.jpg,0.5,0.25,1,0,0,1387,1387,0,0,0
T10_d26_087_a_5_jpg.rf.sFtuSItTwSL3UVLSGA0H.jpg,0.5,0.5,1,0,0,1387,1387,0,0,0
T10_d26_087_a_5_jpg.rf.sFtuSItTwSL3UVLSGA0H.jpg,0.5,1.0,1,0,0,1387,1387,0,0,0
T10_d26_292_b_5_jpg.rf.0E5jGZlnfXj14wCGuXFs.jpg,0.15,0.0,1,1807,207,29,1836,2014,0,0
T10_d26_292_b_5_jpg.rf.0E5jGZlnfXj14wCGuXFs.jpg,0.15,0.1,1,1807,207,29,1836,2014,0,0
T10_d26_292_b_5_jpg.rf.0E5jGZlnfXj14wCGuXFs.jpg,0.15,0.25,1,1807,207,29,1836,2014,0,0
T10_d26_292_b_5_jpg.rf.0E5jGZlnfXj14wCGuXFs.jpg,0.15,0.5,1,1807,207,29,1836,2014,0,0
T10_d26_292_b_5_jpg.rf.0E5jGZlnfXj14wCGuXFs.jpg,0.15,1.0,1,1807,207,29,1836,2014,0,0
T10_d26_292_b_5_jpg.rf.0E5jGZlnfXj14wCGuXFs.jpg,0.2,0.0,1,1807,207,29,1836,2014,0,0
T10_d26_292_b_5_jpg.rf.0E5jGZlnfXj14wCGuXFs.jpg,0.2,0.1,1,1807,207,29,1836,2014,0,0
T10_d26_292_b_5_jpg.rf.0E5jGZlnfXj14wCGuXFs.jpg,0.2,0.25,1,1807,207,29,1836,2014,0,0
T10_d26_292_b_5_jpg.rf.0E5jGZlnfXj14wCGuXFs.jpg,0.2,0.5,1,1807,207,29,1836,2014,0,0
T10_d26_292_b_5_jpg.rf.0E5jGZlnfXj14wCGuXFs.jpg,0.2,1.0,1,1807,207,29,1836,2014,0,0
T10_d26_292_b_5_jpg.rf.0E5jGZlnfXj14wCGuXFs.jpg,0.25,0.0,1,1807,207,29,1836,2014,0,0
T10_d26_292_b_5_jpg.rf.0E5jGZlnfXj14wCGuXFs.jpg,0.25,0.1,1,1807,207,29,1836,2014,0,0
T10_d26_292_b_5_jpg.rf.0E5jGZlnfXj14wCGuXFs.jpg,0.25,0.25,1,1807,207,29,1836,2014,0,0
T10_d26_292_b_5_jpg.rf.0E5jGZlnfXj14wCGuXFs.jpg,0.25,0.5,1,1807,207,29,1836,2014,0,0
T10_d26_292_b_5_jpg.rf.0E5jGZlnfXj14wCGuXFs.jpg,0.25,1.0,1,1807,207,29,1836,2014,0,0
T10_d26_292_b_5_jpg.rf.0E5jGZlnfXj14wCGuXFs.jpg,0.3,0.0,1,1807,207,29,1836,2014,0,0
T10_d26_292_b_5_jpg.rf.0E5jGZlnfXj14wCGuXFs.jpg,0.3,0.1,1,1807,207,29,1836,2014,0,0
T10_d26_292_b_5_jpg.rf.0E5jGZlnfXj14wCGuXFs.jpg,0.3,0.25,1,1807,207,29,1836,2014,0,0
T10_d26_292_b_5_jpg.rf.0E5jGZlnfXj14wCGuXFs.jpg,0.3,0.5,1,1807,207,29,1836,2014,0,0
T10_d26_292_b_5_jpg.rf.0E5jGZlnfXj14wCGuXFs.jpg,0.3,1.0,1,1807,207,29,1836,2014,0,0
T10_d26_292_b_5_jpg.rf.0E5jGZlnfXj14wCGuXFs.jpg,0.4,0.0,1,1807,207,29,1836,2014,0,0
T10_d26_292_b_5_jpg.rf.0E5jGZlnfXj14wCGuXFs.jpg,0.4,0.1,1,1807,207,29,1836,2014,0,0
T10_d26_292_b_5_jpg.rf.0E5jGZlnfXj14wCGuXFs.jpg,0.4,0.25,1,1807,207,29,1836,2014,0,0
T10_d26_292_b_5_jpg.rf.0E5jGZlnfXj14wCGuXFs.jpg,0.4,0.5,1,1807,207,29,1836,2014,0,0
T10_d26_292_b_5_jpg.rf.0E5jGZlnfXj14wCGuXFs.jpg,0.4,1.0,1,1807,207,29,1836,2014,0,0
T10_d26_292_b_5_jpg.rf.0E5jGZlnfXj14wCGuXFs.jpg,0.5,0.0,1,1807,207,29,1836,2014,0,0
T10_d26_292_b_5_jpg.rf.0E5jGZlnfXj14wCGuXFs.jpg,0.5,0.1,1,1807,207,29,1836,2014,0,0
T10_d26_292_b_5_jpg.rf.0E5jGZlnfXj14wCGuXFs.jpg,0.5,0.25,1,1807,207,29,1836,2014,0,0
T10_d26_292_b_5_jpg.rf.0E5jGZlnfXj14wCGuXFs.jpg,0.5,0.5,1,1807,207,29,1836,2014,0,0
T10_d26_292_b_5_jpg.rf.0E5jGZlnfXj14wCGuXFs.jpg,0.5,1.0,1,1807,207,29,1836,2014,0,0
T10_d26_353_a_5_jpg.rf.OJRNQU8qvOlwlgzhJRBQ.jpg,0.15,0.0,0,1068,44,375,1443,1112,0,0
T10_d26_353_a_5_jpg.rf.OJRNQU8qvOlwlgzhJRBQ.jpg,0.15,0.1,0,1068,44,375,1443,1112,0,0
T10_d26_353_a_5_jpg.rf.OJRNQU8qvOlwlgzhJRBQ.jpg,0.15,0.25,0,1068,44,375,1443,1112,0,0
T10_d26_353_a_5_jpg.rf.OJRNQU8qvOlwlgzhJRBQ.jpg,0.15,0.5,0,1068,44,375,1443,1112,0,0
T10_d26_353_a_5_jpg.rf.OJRNQU8qvOlwlgzhJRBQ.jpg,0.15,1.0,1,1068,44,375,1443,1112,0,0
T10_d26_353_a_5_jpg.rf.OJRNQU8qvOlwlgzhJRBQ.jpg,0.2,0.0,0,1068,44,375,1443,1112,0,0
T10_d26_353_a_5_jpg.rf.OJRNQU8qvOlwlgzhJRBQ.jpg,0.2,0.1,0,1068,44,375,1443,1112,0,0
T10_d26_353_a_5_jpg.rf.OJRNQU8qvOlwlgzhJRBQ.jpg,0.2,0.25,0,1068,44,375,1443,1112,0,0
T10_d26_353_a_5_jpg.rf.OJRNQU8qvOlwlgzhJRBQ.jpg,0.2,0.5,0,1068,44,375,1443,1112,0,0
T10_d26_353_a_5_jpg.rf.OJRNQU8qvOlwlgzhJRBQ.jpg,0.2,1.0,1,1068,44,375,1443,1112,0,0
T10_d26_353_a_5_jpg.rf.OJRNQU8qvOlwlgzhJRBQ.jpg,0.25,0.0,0,1068,44,375,1443,1112,0,0
T10_d26_353_a_5_jpg.rf.OJRNQU8qvOlwlgzhJRBQ.jpg,0.25,0.1,0,1068,44,375,1443,1112,0,0
T10_d26_353_a_5_jpg.rf.OJRNQU8qvOlwlgzhJRBQ.jpg,0.25,0.25,0,1068,44,375,1443,1112,0,0
T10_d26_353_a_5_jpg.rf.OJRNQU8qvOlwlgzhJRBQ.jpg,0.25,0.5,0,1068,44,375,1443,1112,0,0
T10_d26_353_a_5_jpg.rf.OJRNQU8qvOlwlgzhJRBQ.jpg,0.25,1.0,1,1068,44,375,1443,1112,0,0
T10_d26_353_a_5_jpg.rf.OJRNQU8qvOlwlgzhJRBQ.jpg,0.3,0.0,0,1068,44,375,1443,1112,0,0
T10_d26_353_a_5_jpg.rf.OJRNQU8qvOlwlgzhJRBQ.jpg,0.3,0.1,0,1068,44,375,1443,1112,0,0
T10_d26_353_a_5_jpg.rf.OJRNQU8qvOlwlgzhJRBQ.jpg,0.3,0.25,0,1068,44,375,1443,1112,0,0
T10_d26_353_a_5_jpg.rf.OJRNQU8qvOlwlgzhJRBQ.jpg,0.3,0.5,0,1068,44,375,1443,1112,0,0
T10_d26_353_a_5_jpg.rf.OJRNQU8qvOlwlgzhJRBQ.jpg,0.3,1.0,1,1068,44,375,1443,1112,0,0
T10_d26_353_a_5_jpg.rf.OJRNQU8qvOlwlgzhJRBQ.jpg,0.4,0.0,1,0,0,1443,1443,0,0,0
T10_d26_353_a_5_jpg.rf.OJRNQU8qvOlwlgzhJRBQ.jpg,0.4,0.1,1,0,0,1443,1443,0,0,0
T10_d26_353_a_5_jpg.rf.OJRNQU8qvOlwlgzhJRBQ.jpg,0.4,0.25,1,0,0,1443,1443,0,0,0
T10_d26_353_a_5_jpg.rf.OJRNQU8qvOlwlgzhJRBQ.jpg,0.4,0.5,1,0,0,1443,1443,0,0,0
T10_d26_353_a_5_jpg.rf.OJRNQU8qvOlwlgzhJRBQ.jpg,0.4,1.0,1,0,0,1443,1443,0,0,0
T10_d26_353_a_5_jpg.rf.OJRNQU8qvOlwlgzhJRBQ.jpg,0.5,0.0,1,0,0,1443,1443,0,0,0
T10_d26_353_a_5_jpg.rf.OJRNQU8qvOlwlgzhJRBQ.jpg,0.5,0.1,1,0,0,1443,1443,0,0,0
T10_d26_353_a_5_jpg.rf.OJRNQU8qvOlwlgzhJRBQ.jpg,0.5,0.25,1,0,0,1443,1443,0,0,0
T10_d26_353_a_5_jpg.rf.OJRNQU8qvOlwlgzhJRBQ.jpg,0.5,0.5,1,0,0,1443,1443,0,0,0
T10_d26_353_a_5_jpg.rf.OJRNQU8qvOlwlgzhJRBQ.jpg,0.5,1.0,1,0,0,1443,1443,0,0,0
T10_d26_399_a_5_jpg.rf.NCgnEl77jN0Bh1CCdkl5.jpg,0.15,0.0,1,0,0,0,0,0,0,0
T10_d26_399_a_5_jpg.rf.NCgnEl77jN0Bh1CCdkl5.jpg,0.15,0.1,1,0,0,0,0,0,0,0
T10_d26_399_a_5_jpg.rf.NCgnEl77jN0Bh1CCdkl5.jpg,0.15,0.25,1,0,0,0,0,0,0,0
T10_d26_399_a_5_jpg.rf.NCgnEl77jN0Bh1CCdkl5.jpg,0.15,0.5,1,0,0,0,0,0,0,0
T10_d26_399_a_5_jpg.rf.NCgnEl77jN0Bh1CCdkl5.jpg,0.15,1.0,1,0,0,0,0,0,0,0
T10_d26_399_a_5_jpg.rf.NCgnEl77jN0Bh1CCdkl5.jpg,0.2,0.0,1,0,0,0,0,0,0,0
T10_d26_399_a_5_jpg.rf.NCgnEl77jN0Bh1CCdkl5.jpg,0.2,0.1,1,0,0,0,0,0,0,0
T10_d26_399_a_5_jpg.rf.NCgnEl77jN0Bh1CCdkl5.jpg,0.2,0.25,1,0,0,0,0,0,0,0
T10_d26_399_a_5_jpg.rf.NCgnEl77jN0Bh1CCdkl5.jpg,0.2,0.5,1,0,0,0,0,0,0,0
T10_d26_399_a_5_jpg.rf.NCgnEl77jN0Bh1CCdkl5.jpg,0.2,1.0,1,0,0,0,0,0,0,0
T10_d26_399_a_5_jpg.rf.NCgnEl77jN0Bh1CCdkl5.jpg,0.25,0.0,1,0,0,0,0,0,0,0
T10_d26_399_a_5_jpg.rf.NCgnEl77jN0Bh1CCdkl5.jpg,0.25,0.1,1,0,0,0,0,0,0,0
T10_d26_399_a_5_jpg.rf.NCgnEl77jN0Bh1CCdkl5.jpg,0.25,0.25,1,0,0,0,0,0,0,0
T10_d26_399_a_5_jpg.rf.NCgnEl77jN0Bh1CCdkl5.jpg,0.25,0.5,1,0,0,0,0,0,0,0
T10_d26_399_a_5_jpg.rf.NCgnEl77jN0Bh1CCdkl5.jpg,0.25,1.0,1,0,0,0,0,0,0,0
T10_d26_399_a_5_jpg.rf.NCgnEl77jN0Bh1CCdkl5.jpg,0.3,0.0,1,0,0,0,0,0,0,0
T10_d26_399_a_5_jpg.rf.NCgnEl77jN0Bh1CCdkl5.jpg,0.3,0.1,1,0,0,0,0,0,0,0
T10_d26_399_a_5_jpg.rf.NCgnEl77jN0Bh1CCdkl5.jpg,0.3,0.25,1,0,0,0,0,0,0,0
T10_d26_399_a_5_jpg.rf.NCgnEl77jN0Bh1CCdkl5.jpg,0.3,0.5,1,0,0,0,0,0,0,0
T10_d26_399_a_5_jpg.rf.NCgnEl77jN0Bh1CCdkl5.jpg,0.3,1.0,1,0,0,0,0,0,0,0
T10_d26_399_a_5_jpg.rf.NCgnEl77jN0Bh1CCdkl5.jpg,0.4,0.0,1,0,0,0,0,0,0,0
T10_d26_399_a_5_jpg.rf.NCgnEl77jN0Bh1CCdkl5.jpg,0.4,0.1,1,0,0,0,0,0,0,0
T10_d26_399_a_5_jpg.rf.NCgnEl77jN0Bh1CCdkl5.jpg,0.4,0.25,1,0,0,0,0,0,0,0
T10_d26_399_a_5_jpg.rf.NCgnEl77jN0Bh1CCdkl5.jpg,0.4,0.5,1,0,0,0,0,0,0,0
T10_d26_399_a_5_jpg.rf.NCgnEl77jN0Bh1CCdkl5.jpg,0.4,1.0,1,0,0,0,0,0,0,0
T10_d26_399_a_5_jpg.rf.NCgnEl77jN0Bh1CCdkl5.jpg,0.5,0.0,1,0,0,0,0,0,0,0
T10_d26_399_a_5_jpg.rf.NCgnEl77jN0Bh1CCdkl5.jpg,0.5,0.1,1,0,0,0,0,0,0,0
T10_d26_399_a_5_jpg.rf.NCgnEl77jN0Bh1CCdkl5.jpg,0.5,0.25,1,0,0,0,0,0,0,0
T10_d26_399_a_5_jpg.rf.NCgnEl77jN0Bh1CCdkl5.jpg,0.5,0.5,1,0,0,0,0,0,0,0
T10_d26_399_a_5_jpg.rf.NCgnEl77jN0Bh1CCdkl5.jpg,0.5,1.0,1,0,0,0,0,0,0,0
T20_d02_010_a_2_jpg.rf.qrKhW3EICT4tVgc2kklX.jpg,0.15,0.0,0,14226,238,7696,21922,14464,2,1
T20_d02_010_a_2_jpg.rf.qrKhW3EICT4tVgc2kklX.jpg,0.15,0.1,0,14226,238,7696,21922,14464,2,1
T20_d02_010_a_2_jpg.rf.qrKhW3EICT4tVgc2kklX.jpg,0.15,0.25,0,14226,238,7696,21922,14464,2,1
T20_d02_010_a_2_jpg.rf.qrKhW3EICT4tVgc2kklX.jpg,0.15,0.5,0,14226,238,7696,21922,14464,2,1
T20_d02_010_a_2_jpg.rf.qrKhW3EICT4tVgc2kklX.jpg,0.15,1.0,1,14226,238,7696,21922,14464,2,1
T20_d02_010_a_2_jpg.rf.qrKhW3EICT4tVgc2kklX.jpg,0.2,0.0,0,14226,238,7696,21922,14464,2,1
T20_d02_010_a_2_jpg.rf.qrKhW3EICT4tVgc2kklX.jpg,0.2,0.1,0,14226,238,7696,21922,14464,2,1
T20_d02_010_a_2_jpg.rf.qrKhW3EICT4tVgc2kklX.jpg,0.2,0.25,0,14226,238,7696,21922,14464,2,1
T20_d02_010_a_2_jpg.rf.qrKhW3EICT4tVgc2kklX.jpg,0.2,0.5,0,14226,238,7696,21922,14464,2,1
T20_d02_010_a_2_jpg.rf.qrKhW3EICT4tVgc2kklX.jpg,0.2,1.0,1,14226,238,7696,21922,14464,2,1
T20_d02_010_a_2_jpg.rf.qrKhW3EICT4tVgc2kklX.jpg,0.25,0.0,0,14226,238,7696,21922,14464,2,1
T20_d02_010_a_2_jpg.rf.qrKhW3EICT4tVgc2kklX.jpg,0.25,0.1,0,14226,238,7696,21922,14464,2,1
T20_d02_010_a_2_jpg.rf.qrKhW3EICT4tVgc2kklX.jpg,0.25,0.25,0,14226,238,7696,21922,14464,2,1
T20_d02_010_a_2_jpg.rf.qrKhW3EICT4tVgc2kklX.jpg,0.25,0.5,0,14226,238,7696,21922,14464,2,1
T20_d02_010_a_2_jpg.rf.qrKhW3EICT4tVgc2kklX.jpg,0.25,1.0,1,14226,238,7696,21922,14464,2,1
T20_d02_010_a_2_jpg.rf.qrKhW3EICT4tVgc2kklX.jpg,0.3,0.0,0,14226,238,7696,21922,14464,2,1
T20_d02_010_a_2_jpg.rf.qrKhW3EICT4tVgc2kklX.jpg,0.3,0.1,0,14226,238,7696,21922,14464,2,1
T20_d02_010_a_2_jpg.rf.qrKhW3EICT4tVgc2kklX.jpg,0.3,0.25,0,14226,238,7696,21922,14464,2,1
T20_d02_010_a_2_jpg.rf.qrKhW3EICT4tVgc2kklX.jpg,0.3,0.5,0,14226,238,7696,21922,14464,2,1
T20_d02_010_a_2_jpg.rf.qrKhW3EICT4tVgc2kklX.jpg,0.3,1.0,1,14226,238,7696,21922,14464,2,1
T20_d02_010_a_2_jpg.rf.qrKhW3EICT4tVgc2kklX.jpg,0.4,0.0,1,0,0,21922,21922,0,2,0
T20_d02_010_a_2_jpg.rf.qrKhW3EICT4tVgc2kklX.jpg,0.4,0.1,1,0,0,21922,21922,0,2,0
T20_d02_010_a_2_jpg.rf.qrKhW3EICT4tVgc2kklX.jpg,0.4,0.25,1,0,0,21922,21922,0,2,0
T20_d02_010_a_2_jpg.rf.qrKhW3EICT4tVgc2kklX.jpg,0.4,0.5,1,0,0,21922,21922,0,2,0
T20_d02_010_a_2_jpg.rf.qrKhW3EICT4tVgc2kklX.jpg,0.4,1.0,1,0,0,21922,21922,0,2,0
T20_d02_010_a_2_jpg.rf.qrKhW3EICT4tVgc2kklX.jpg,0.5,0.0,1,0,0,21922,21922,0,2,0
T20_d02_010_a_2_jpg.rf.qrKhW3EICT4tVgc2kklX.jpg,0.5,0.1,1,0,0,21922,21922,0,2,0
T20_d02_010_a_2_jpg.rf.qrKhW3EICT4tVgc2kklX.jpg,0.5,0.25,1,0,0,21922,21922,0,2,0
T20_d02_010_a_2_jpg.rf.qrKhW3EICT4tVgc2kklX.jpg,0.5,0.5,1,0,0,21922,21922,0,2,0
T20_d02_010_a_2_jpg.rf.qrKhW3EICT4tVgc2kklX.jpg,0.5,1.0,1,0,0,21922,21922,0,2,0
T20_d02_075_b_2_jpg.rf.tOr41QDTyIPAJIu01Nzt.jpg,0.15,0.0,0,70848,50738,678,71526,121586,2,2
T20_d02_075_b_2_jpg.rf.tOr41QDTyIPAJIu01Nzt.jpg,0.15,0.1,0,70848,50738,678,71526,121586,2,2
T20_d02_075_b_2_jpg.rf.tOr41QDTyIPAJIu01Nzt.jpg,0.15,0.25,0,70848,50738,678,71526,121586,2,2
T20_d02_075_b_2_jpg.rf.tOr41QDTyIPAJIu01Nzt.jpg,0.15,0.5,0,70848,50738,678,71526,121586,2,2
T20_d02_075_b_2_jpg.rf.tOr41QDTyIPAJIu01Nzt.jpg,0.15,1.0,1,70848,50738,678,71526,121586,2,2
T20_d02_075_b_2_jpg.rf.tOr41QDTyIPAJIu01Nzt.jpg,0.2,0.0,0,69584,19141,1942,71526,88725,2,2
T20_d02_075_b_2_jpg.rf.tOr41QDTyIPAJIu01Nzt.jpg,0.2,0.1,0,69584,19141,1942,71526,88725,2,2
T20_d02_075_b_2_jpg.rf.tOr41QDTyIPAJIu01Nzt.jpg,0.2,0.25,0,69584,19141,1942,71526,88725,2,2
T20_d02_075_b_2_jpg.rf.tOr41QDTyIPAJIu01Nzt.jpg,0.2,0.5,0,69584,19141,1942,71526,88725,2,2
T20_d02_075_b_2_jpg.rf.tOr41QDTyIPAJIu01Nzt.jpg,0.2,1.0,1,69584,19141,1942,71526,88725,2,2
T20_d02_075_b_2_jpg.rf.tOr41QDTyIPAJIu01Nzt.jpg,0.25,0.0,0,64767,7225,6759,71526,71992,2,2
T20_d02_075_b_2_jpg.rf.tOr41QDTyIPAJIu01Nzt.jpg,0.25,0.1,0,64767,7225,6759,71526,71992,2,2
T20_d02_075_b_2_jpg.rf.tOr41QDTyIPAJIu01Nzt.jpg,0.25,0.25,0,64767,7225,6759,71526,71992,2,2
T20_d02_075_b_2_jpg.rf.tOr41QDTyIPAJIu01Nzt.jpg,0.25,0.5,0,64767,7225,6759,71526,71992,2,2
T20_d02_075_b_2_jpg.rf.tOr41QDTyIPAJIu01Nzt.jpg,0.25,1.0,1,64767,7225,6759,71526,71992,2,2
T20_d02_075_b_2_jpg.rf.tOr41QDTyIPAJIu01Nzt.jpg,0.3,0.0,0,29896,1172,41630,71526,31068,2,2
T20_d02_075_b_2_jpg.rf.tOr41QDTyIPAJIu01Nzt.jpg,0.3,0.1,0,29896,1172,41630,71526,31068,2,2
T20_d02_075_b_2_jpg.rf.tOr41QDTyIPAJIu01Nzt.jpg,0.3,0.25,0,29896,1172,41630,71526,31068,2,2
T20_d02_075_b_2_jpg.rf.tOr41QDTyIPAJIu01Nzt.jpg,0.3,0.5,0,29896,1172,41630,71526,31068,2,2
T20_d02_075_b_2_jpg.rf.tOr41QDTyIPAJIu01Nzt.jpg,0.3,1.0,1,29896,1172,41630,71526,31068,2,2
T20_d02_075_b_2_jpg.rf.tOr41QDTyIPAJIu01Nzt.jpg,0.4,0.0,1,0,0,71526,71526,0,2,0
T20_d02_075_b_2_jpg.rf.tOr41QDTyIPAJIu01Nzt.jpg,0.4,0.1,1,0,0,71526,71526,0,2,0
T20_d02_075_b_2_jpg.rf.tOr41QDTyIPAJIu01Nzt.jpg,0.4,0.25,1,0,0,71526,71526,0,2,0
T20_d02_075_b_2_jpg.rf.tOr41QDTyIPAJIu01Nzt.jpg,0.4,0.5,1,0,0,71526,71526,0,2,0
T20_d02_075_b_2_jpg.rf.tOr41QDTyIPAJIu01Nzt.jpg,0.4,1.0,1,0,0,71526,71526,0,2,0
T20_d02_075_b_2_jpg.rf.tOr41QDTyIPAJIu01Nzt.jpg,0.5,0.0,1,0,0,71526,71526,0,2,0
T20_d02_075_b_2_jpg.rf.tOr41QDTyIPAJIu01Nzt.jpg,0.5,0.1,1,0,0,71526,71526,0,2,0
T20_d02_075_b_2_jpg.rf.tOr41QDTyIPAJIu01Nzt.jpg,0.5,0.25,1,0,0,71526,71526,0,2,0
T20_d02_075_b_2_jpg.rf.tOr41QDTyIPAJIu01Nzt.jpg,0.5,0.5,1,0,0,71526,71526,0,2,0
T20_d02_075_b_2_jpg.rf.tOr41QDTyIPAJIu01Nzt.jpg,0.5,1.0,1,0,0,71526,71526,0,2,0
T20_d02_151_a_2_jpg.rf.nyjaLq0YJ3uB3iitu9tY.jpg,0.15,0.0,1,9416,5775,743,10159,15191,1,2
T20_d02_151_a_2_jpg.rf.nyjaLq0YJ3uB3iitu9tY.jpg,0.15,0.1,1,9416,5775,743,10159,15191,1,2
T20_d02_151_a_2_jpg.rf.nyjaLq0YJ3uB3iitu9tY.jpg,0.15,0.25,1,9416,5775,743,10159,15191,1,2
T20_d02_151_a_2_jpg.rf.nyjaLq0YJ3uB3iitu9tY.jpg,0.15,0.5,1,9416,5775,743,10159,15191,1,2
T20_d02_151_a_2_jpg.rf.nyjaLq0YJ3uB3iitu9tY.jpg,0.15,1.0,1,9416,5775,743,10159,15191,1,2
T20_d02_151_a_2_jpg.rf.nyjaLq0YJ3uB3iitu9tY.jpg,0.2,0.0,1,9416,5775,743,10159,15191,1,2
T20_d02_151_a_2_jpg.rf.nyjaLq0YJ3uB3iitu9tY.jpg,0.2,0.1,1,9416,5775,743,10159,15191,1,2
T20_d02_151_a_2_jpg.rf.nyjaLq0YJ3uB3iitu9tY.jpg,0.2,0.25,1,9416,5775,743,10159,15191,1,2
T20_d02_151_a_2_jpg.rf.nyjaLq0YJ3uB3iitu9tY.jpg,0.2,0.5,1,9416,5775,743,10159,15191,1,2
T20_d02_151_a_2_jpg.rf.nyjaLq0YJ3uB3iitu9tY.jpg,0.2,1.0,1,9416,5775,743,10159,15191,1,2
T20_d02_151_a_2_jpg.rf.nyjaLq0YJ3uB3iitu9tY.jpg,0.25,0.0,1,9416,5775,743,10159,15191,1,2
T20_d02_151_a_2_jpg.rf.nyjaLq0YJ3uB3iitu9tY.jpg,0.25,0.1,1,9416,5775,743,10159,15191,1,2
T20_d02_151_a_2_jpg.rf.nyjaLq0YJ3uB3iitu9tY.jpg,0.25,0.25,1,9416,5775,743,10159,15191,1,2
T20_d02_151_a_2_jpg.rf.nyjaLq0YJ3uB3iitu9tY.jpg,0.25,0.5,1,9416,5775,743,10159,15191,1,2
T20_d02_151_a_2_jpg.rf.nyjaLq0YJ3uB3iitu9tY.jpg,0.25,1.0,1,9416,5775,743,10159,15191,1,2
T20_d02_151_a_2_jpg.rf.nyjaLq0YJ3uB3iitu9tY.jpg,0.3,0.0,1,9416,5775,743,10159,15191,1,2
T20_d02_151_a_2_jpg.rf.nyjaLq0YJ3uB3iitu9tY.jpg,0.3,0.1,1,9416,5775,743,10159,15191,1,2
T20_d02_151_a_2_jpg.rf.nyjaLq0YJ3uB3iitu9tY.jpg,0.3,0.25,1,9416,5775,743,10159,15191,1,2
T20_d02_151_a_2_jpg.rf.nyjaLq0YJ3uB3iitu9tY.jpg,0.3,0.5,1,9416,5775,743,10159,15191,1,2
T20_d02_151_a_2_jpg.rf.nyjaLq0YJ3uB3iitu9tY.jpg,0.3,1.0,1,9416,5775,743,10159,15191,1,2
T20_d02_151_a_2_jpg.rf.nyjaLq0YJ3uB3iitu9tY.jpg,0.4,0.0,1,9416,5775,743,10159,15191,1,2
T20_d02_151_a_2_jpg.rf.nyjaLq0YJ3uB3iitu9tY.jpg,0.4,0.1,1,9416,5775,743,10159,15191,1,2
T20_d02_151_a_2_jpg.rf.nyjaLq0YJ3uB3iitu9tY.jpg,0.4,0.25,1,9416,5775,743,10159,15191,1,2
T20_d02_151_a_2_jpg.rf.nyjaLq0YJ3uB3iitu9tY.jpg,0.4,0.5,1,9416,5775,743,10159,15191,1,2
T20_d02_151_a_2_jpg.rf.nyjaLq0YJ3uB3iitu9tY.jpg,0.4,1.0,1,9416,5775,743,10159,15191,1,2
T20_d02_151_a_2_jpg.rf.nyjaLq0YJ3uB3iitu9tY.jpg,0.5,0.0,1,9416,5775,743,10159,15191,1,2
T20_d02_151_a_2_jpg.rf.nyjaLq0YJ3uB3iitu9tY.jpg,0.5,0.1,1,9416,5775,743,10159,15191,1,2
T20_d02_151_a_2_jpg.rf.nyjaLq0YJ3uB3iitu9tY.jpg,0.5,0.25,1,9416,5775,743,10159,15191,1,2
T20_d02_151_a_2_jpg.rf.nyjaLq0YJ3uB3iitu9tY.jpg,0.5,0.5,1,9416,5775,743,10159,15191,1,2
T20_d02_151_a_2_jpg.rf.nyjaLq0YJ3uB3iitu9tY.jpg,0.5,1.0,1,9416,5775,743,10159,15191,1,2
T20_d02_153_a_1_jpg.rf.L0K2pSrqtnH1oo5EH9S4.jpg,0.15,0.0,1,2565,49,225,2790,2614,0,0
T20_d02_153_a_1_jpg.rf.L0K2pSrqtnH1oo5EH9S4.jpg,0.15,0.1,1,2565,49,225,2790,2614,0,0
T20_d02_153_a_1_jpg.rf.L0K2pSrqtnH1oo5EH9S4.jpg,0.15,0.25,1,2565,49,225,2790,2614,0,0
T20_d02_153_a_1_jpg.rf.L0K2pSrqtnH1oo5EH9S4.jpg,0.15,0.5,1,2565,49,225,2790,2614,0,0
T20_d02_153_a_1_jpg.rf.L0K2pSrqtnH1oo5EH9S4.jpg,0.15,1.0,1,2565,49,225,2790,2614,0,0
T20_d02_153_a_1_jpg.rf.L0K2pSrqtnH1oo5EH9S4.jpg,0.2,0.0,1,2565,49,225,2790,2614,0,0
T20_d02_153_a_1_jpg.rf.L0K2pSrqtnH1oo5EH9S4.jpg,0.2,0.1,1,2565,49,225,2790,2614,0,0
T20_d02_153_a_1_jpg.rf.L0K2pSrqtnH1oo5EH9S4.jpg,0.2,0.25,1,2565,49,225,2790,2614,0,0
T20_d02_153_a_1_jpg.rf.L0K2pSrqtnH1oo5EH9S4.jpg,0.2,0.5,1,2565,49,225,2790,2614,0,0
T20_d02_153_a_1_jpg.rf.L0K2pSrqtnH1oo5EH9S4.jpg,0.2,1.0,1,2565,49,225,2790,2614,0,0
T20_d02_153_a_1_jpg.rf.L0K2pSrqtnH1oo5EH9S4.jpg,0.25,0.0,1,2565,49,225,2790,2614,0,0
T20_d02_153_a_1_jpg.rf.L0K2pSrqtnH1oo5EH9S4.jpg,0.25,0.1,1,2565,49,225,2790,2614,0,0
T20_d02_153_a_1_jpg.rf.L0K2pSrqtnH1oo5EH9S4.jpg,0.25,0.25,1,2565,49,225,2790,2614,0,0
T20_d02_153_a_1_jpg.rf.L0K2pSrqtnH1oo5EH9S4.jpg,0.25,0.5,1,2565,49,225,2790,2614,0,0
T20_d02_153_a_1_jpg.rf.L0K2pSrqtnH1oo5EH9S4.jpg,0.25,1.0,1,2565,49,225,2790,2614,0,0
T20_d02_153_a_1_jpg.rf.L0K2pSrqtnH1oo5EH9S4.jpg,0.3,0.0,1,2565,49,225,2790,2614,0,0
T20_d02_153_a_1_jpg.rf.L0K2pSrqtnH1oo5EH9S4.jpg,0.3,0.1,1,2565,49,225,2790,2614,0,0
T20_d02_153_a_1_jpg.rf.L0K2pSrqtnH1oo5EH9S4.jpg,0.3,0.25,1,2565,49,225,2790,2614,0,0
T20_d02_153_a_1_jpg.rf.L0K2pSrqtnH1oo5EH9S4.jpg,0.3,0.5,1,2565,49,225,2790,2614,0,0
T20_d02_153_a_1_jpg.rf.L0K2pSrqtnH1oo5EH9S4.jpg,0.3,1.0,1,2565,49,225,2790,2614,0,0
T20_d02_153_a_1_jpg.rf.L0K2pSrqtnH1oo5EH9S4.jpg,0.4,0.0,1,2565,49,225,2790,2614,0,0
T20_d02_153_a_1_jpg.rf.L0K2pSrqtnH1oo5EH9S4.jpg,0.4,0.1,1,2565,49,225,2790,2614,0,0
T20_d02_153_a_1_jpg.rf.L0K2pSrqtnH1oo5EH9S4.jpg,0.4,0.25,1,2565,49,225,2790,2614,0,0
T20_d02_153_a_1_jpg.rf.L0K2pSrqtnH1oo5EH9S4.jpg,0.4,0.5,1,2565,49,225,2790,2614,0,0
T20_d02_153_a_1_jpg.rf.L0K2pSrqtnH1oo5EH9S4.jpg,0.4,1.0,1,2565,49,225,2790,2614,0,0
T20_d02_153_a_1_jpg.rf.L0K2pSrqtnH1oo5EH9S4.jpg,0.5,0.0,1,2565,49,225,2790,2614,0,0
T20_d02_153_a_1_jpg.rf.L0K2pSrqtnH1oo5EH9S4.jpg,0.5,0.1,1,2565,49,225,2790,2614,0,0
T20_d02_153_a_1_jpg.rf.L0K2pSrqtnH1oo5EH9S4.jpg,0.5,0.25,1,2565,49,225,2790,2614,0,0
T20_d02_153_a_1_jpg.rf.L0K2pSrqtnH1oo5EH9S4.jpg,0.5,0.5,1,2565,49,225,2790,2614,0,0
T20_d02_153_a_1_jpg.rf.L0K2pSrqtnH1oo5EH9S4.jpg,0.5,1.0,1,2565,49,225,2790,2614,0,0
T20_d02_321_b_1_jpg.rf.3rFgKRp1Y5gd2uIJZco1.jpg,0.15,0.0,1,6237,815,1207,7444,7052,0,0
T20_d02_321_b_1_jpg.rf.3rFgKRp1Y5gd2uIJZco1.jpg,0.15,0.1,1,6237,815,1207,7444,7052,0,0
T20_d02_321_b_1_jpg.rf.3rFgKRp1Y5gd2uIJZco1.jpg,0.15,0.25,1,6237,815,1207,7444,7052,0,0
T20_d02_321_b_1_jpg.rf.3rFgKRp1Y5gd2uIJZco1.jpg,0.15,0.5,1,6237,815,1207,7444,7052,0,0
T20_d02_321_b_1_jpg.rf.3rFgKRp1Y5gd2uIJZco1.jpg,0.15,1.0,1,6237,815,1207,7444,7052,0,0
T20_d02_321_b_1_jpg.rf.3rFgKRp1Y5gd2uIJZco1.jpg,0.2,0.0,1,6237,815,1207,7444,7052,0,0
T20_d02_321_b_1_jpg.rf.3rFgKRp1Y5gd2uIJZco1.jpg,0.2,0.1,1,6237,815,1207,7444,7052,0,0
T20_d02_321_b_1_jpg.rf.3rFgKRp1Y5gd2uIJZco1.jpg,0.2,0.25,1,6237,815,1207,7444,7052,0,0
T20_d02_321_b_1_jpg.rf.3rFgKRp1Y5gd2uIJZco1.jpg,0.2,0.5,1,6237,815,1207,7444,7052,0,0
T20_d02_321_b_1_jpg.rf.3rFgKRp1Y5gd2uIJZco1.jpg,0.2,1.0,1,6237,815,1207,7444,7052,0,0
T20_d02_321_b_1_jpg.rf.3rFgKRp1Y5gd2uIJZco1.jpg,0.25,0.0,1,6237,815,1207,7444,7052,0,0
T20_d02_321_b_1_jpg.rf.3rFgKRp1Y5gd2uIJZco1.jpg,0.25,0.1,1,6237,815,1207,7444,7052,0,0
T20_d02_321_b_1_jpg.rf.3rFgKRp1Y5gd2uIJZco1.jpg,0.25,0.25,1,6237,815,1207,7444,7052,0,0
T20_d02_321_b_1_jpg.rf.3rFgKRp1Y5gd2uIJZco1.jpg,0.25,0.5,1,6237,815,1207,7444,7052,0,0
T20_d02_321_b_1_jpg.rf.3rFgKRp1Y5gd2uIJZco1.jpg,0.25,1.0,1,6237,815,1207,7444,7052,0,0
T20_d02_321_b_1_jpg.rf.3rFgKRp1Y5gd2uIJZco1.jpg,0.3,0.0,1,6237,815,1207,7444,7052,0,0
T20_d02_321_b_1_jpg.rf.3rFgKRp1Y5gd2uIJZco1.jpg,0.3,0.1,1,6237,815,1207,7444,7052,0,0
T20_d02_321_b_1_jpg.rf.3rFgKRp1Y5gd2uIJZco1.jpg,0.3,0.25,1,6237,815,1207,7444,7052,0,0
T20_d02_321_b_1_jpg.rf.3rFgKRp1Y5gd2uIJZco1.jpg,0.3,0.5,1,6237,815,1207,7444,7052,0,0
T20_d02_321_b_1_jpg.rf.3rFgKRp1Y5gd2uIJZco1.jpg,0.3,1.0,1,6237,815,1207,7444,7052,0,0
T20_d02_321_b_1_jpg.rf.3rFgKRp1Y5gd2uIJZco1.jpg,0.4,0.0,1,6237,815,1207,7444,7052,0,0
T20_d02_321_b_1_jpg.rf.3rFgKRp1Y5gd2uIJZco1.jpg,0.4,0.1,1,6237,815,1207,7444,7052,0,0
T20_d02_321_b_1_jpg.rf.3rFgKRp1Y5gd2uIJZco1.jpg,0.4,0.25,1,6237,815,1207,7444,7052,0,0
T20_d02_321_b_1_jpg.rf.3rFgKRp1Y5gd2uIJZco1.jpg,0.4,0.5,1,6237,815,1207,7444,7052,0,0
T20_d02_321_b_1_jpg.rf.3rFgKRp1Y5gd2uIJZco1.jpg,0.4,1.0,1,6237,815,1207,7444,7052,0,0
T20_d02_321_b_1_jpg.rf.3rFgKRp1Y5gd2uIJZco1.jpg,0.5,0.0,1,6237,815,1207,7444,7052,0,0
T20_d02_321_b_1_jpg.rf.3rFgKRp1Y5gd2uIJZco1.jpg,0.5,0.1,1,6237,815,1207,7444,7052,0,0
T20_d02_321_b_1_jpg.rf.3rFgKRp1Y5gd2uIJZco1.jpg,0.5,0.25,1,6237,815,1207,7444,7052,0,0
T20_d02_321_b_1_jpg.rf.3rFgKRp1Y5gd2uIJZco1.jpg,0.5,0.5,1,6237,815,1207,7444,7052,0,0
T20_d02_321_b_1_jpg.rf.3rFgKRp1Y5gd2uIJZco1.jpg,0.5,1.0,1,6237,815,1207,7444,7052,0,0
T20_d02_453_b_2_jpg.rf.gZGQLHwSLJeFtstXH6mq.jpg,0.15,0.0,1,1696,684,19,1715,2380,0,0
T20_d02_453_b_2_jpg.rf.gZGQLHwSLJeFtstXH6mq.jpg,0.15,0.1,1,1696,684,19,1715,2380,0,0
T20_d02_453_b_2_jpg.rf.gZGQLHwSLJeFtstXH6mq.jpg,0.15,0.25,1,1696,684,19,1715,2380,0,0
T20_d02_453_b_2_jpg.rf.gZGQLHwSLJeFtstXH6mq.jpg,0.15,0.5,1,1696,684,19,1715,2380,0,0
T20_d02_453_b_2_jpg.rf.gZGQLHwSLJeFtstXH6mq.jpg,0.15,1.0,1,1696,684,19,1715,2380,0,0
T20_d02_453_b_2_jpg.rf.gZGQLHwSLJeFtstXH6mq.jpg,0.2,0.0,1,1696,684,19,1715,2380,0,0
T20_d02_453_b_2_jpg.rf.gZGQLHwSLJeFtstXH6mq.jpg,0.2,0.1,1,1696,684,19,1715,2380,0,0
T20_d02_453_b_2_jpg.rf.gZGQLHwSLJeFtstXH6mq.jpg,0.2,0.25,1,1696,684,19,1715,2380,0,0
T20_d02_453_b_2_jpg.rf.gZGQLHwSLJeFtstXH6mq.jpg,0.2,0.5,1,1696,684,19,1715,2380,0,0
T20_d02_453_b_2_jpg.rf.gZGQLHwSLJeFtstXH6mq.jpg,0.2,1.0,1,1696,684,19,1715,2380,0,0
T20_d02_453_b_2_jpg.rf.gZGQLHwSLJeFtstXH6mq.jpg,0.25,0.0,1,1696,684,19,1715,2380,0,0
T20_d02_453_b_2_jpg.rf.gZGQLHwSLJeFtstXH6mq.jpg,0.25,0.1,1,1696,684,19,1715,2380,0,0
T20_d02_453_b_2_jpg.rf.gZGQLHwSLJeFtstXH6mq.jpg,0.25,0.25,1,1696,684,19,1715,2380,0,0
T20_d02_453_b_2_jpg.rf.gZGQLHwSLJeFtstXH6mq.jpg,0.25,0.5,1,1696,684,19,1715,2380,0,0
T20_d02_453_b_2_jpg.rf.gZGQLHwSLJeFtstXH6mq.jpg,0.25,1.0,1,1696,684,19,1715,2380,0,0
T20_d02_453_b_2_jpg.rf.gZGQLHwSLJeFtstXH6mq.jpg,0.3,0.0,1,1696,684,19,1715,2380,0,0
T20_d02_453_b_2_jpg.rf.gZGQLHwSLJeFtstXH6mq.jpg,0.3,0.1,1,1696,684,19,1715,2380,0,0
T20_d02_453_b_2_jpg.rf.gZGQLHwSLJeFtstXH6mq.jpg,0.3,0.25,1,1696,684,19,1715,2380,0,0
T20_d02_453_b_2_jpg.rf.gZGQLHwSLJeFtstXH6mq.jpg,0.3,0.5,1,1696,684,19,1715,2380,0,0
T20_d02_453_b_2_jpg.rf.gZGQLHwSLJeFtstXH6mq.jpg,0.3,1.0,1,1696,684,19,1715,2380,0,0
T20_d02_453_b_2_jpg.rf.gZGQLHwSLJeFtstXH6mq.jpg,0.4,0.0,1,1696,684,19,1715,2380,0,0
T20_d02_453_b_2_jpg.rf.gZGQLHwSLJeFtstXH6mq.jpg,0.4,0.1,1,1696,684,19,1715,2380,0,0
T20_d02_453_b_2_jpg.rf.gZGQLHwSLJeFtstXH6mq.jpg,0.4,0.25,1,1696,684,19,1715,2380,0,0
T20_d02_453_b_2_jpg.rf.gZGQLHwSLJeFtstXH6mq.jpg,0.4,0.5,1,1696,684,19,1715,2380,0,0
T20_d02_453_b_2_jpg.rf.gZGQLHwSLJeFtstXH6mq.jpg,0.4,1.0,1,1696,684,19,1715,2380,0,0
T20_d02_453_b_2_jpg.rf.gZGQLHwSLJeFtstXH6mq.jpg,0.5,0.0,1,1696,684,19,1715,2380,0,0
T20_d02_453_b_2_jpg.rf.gZGQLHwSLJeFtstXH6mq.jpg,0.5,0.1,1,1696,684,19,1715,2380,0,0
T20_d02_453_b_2_jpg.rf.gZGQLHwSLJeFtstXH6mq.jpg,0.5,0.25,1,1696,684,19,1715,2380,0,0
T20_d02_453_b_2_jpg.rf.gZGQLHwSLJeFtstXH6mq.jpg,0.5,0.5,1,1696,684,19,1715,2380,0,0
T20_d02_453_b_2_jpg.rf.gZGQLHwSLJeFtstXH6mq.jpg,0.5,1.0,1,1696,684,19,1715,2380,0,0
T20_d03_199_b_2_jpg.rf.SzuO9o0V7WadqBEhxKy5.jpg,0.15,0.0,1,3756,48,2728,6484,3804,0,0
T20_d03_199_b_2_jpg.rf.SzuO9o0V7WadqBEhxKy5.jpg,0.15,0.1,1,3756,48,2728,6484,3804,0,0
T20_d03_199_b_2_jpg.rf.SzuO9o0V7WadqBEhxKy5.jpg,0.15,0.25,1,3756,48,2728,6484,3804,0,0
T20_d03_199_b_2_jpg.rf.SzuO9o0V7WadqBEhxKy5.jpg,0.15,0.5,1,3756,48,2728,6484,3804,0,0
T20_d03_199_b_2_jpg.rf.SzuO9o0V7WadqBEhxKy5.jpg,0.15,1.0,1,3756,48,2728,6484,3804,0,0
T20_d03_199_b_2_jpg.rf.SzuO9o0V7WadqBEhxKy5.jpg,0.2,0.0,1,3756,48,2728,6484,3804,0,0
T20_d03_199_b_2_jpg.rf.SzuO9o0V7WadqBEhxKy5.jpg,0.2,0.1,1,3756,48,2728,6484,3804,0,0
T20_d03_199_b_2_jpg.rf.SzuO9o0V7WadqBEhxKy5.jpg,0.2,0.25,1,3756,48,2728,6484,3804,0,0
T20_d03_199_b_2_jpg.rf.SzuO9o0V7WadqBEhxKy5.jpg,0.2,0.5,1,3756,48,2728,6484,3804,0,0
T20_d03_199_b_2_jpg.rf.SzuO9o0V7WadqBEhxKy5.jpg,0.2,1.0,1,3756,48,2728,6484,3804,0,0
T20_d03_199_b_2_jpg.rf.SzuO9o0V7WadqBEhxKy5.jpg,0.25,0.0,1,3756,48,2728,6484,3804,0,0
T20_d03_199_b_2_jpg.rf.SzuO9o0V7WadqBEhxKy5.jpg,0.25,0.1,1,3756,48,2728,6484,3804,0,0
T20_d03_199_b_2_jpg.rf.SzuO9o0V7WadqBEhxKy5.jpg,0.25,0.25,1,3756,48,2728,6484,3804,0,0
T20_d03_199_b_2_jpg.rf.SzuO9o0V7WadqBEhxKy5.jpg,0.25,0.5,1,3756,48,2728,6484,3804,0,0
T20_d03_199_b_2_jpg.rf.SzuO9o0V7WadqBEhxKy5.jpg,0.25,1.0,1,3756,48,2728,6484,3804,0,0
T20_d03_199_b_2_jpg.rf.SzuO9o0V7WadqBEhxKy5.jpg,0.3,0.0,1,3756,48,2728,6484,3804,0,0
T20_d03_199_b_2_jpg.rf.SzuO9o0V7WadqBEhxKy5.jpg,0.3,0.1,1,3756,48,2728,6484,3804,0,0
T20_d03_199_b_2_jpg.rf.SzuO9o0V7WadqBEhxKy5.jpg,0.3,0.25,1,3756,48,2728,6484,3804,0,0
T20_d03_199_b_2_jpg.rf.SzuO9o0V7WadqBEhxKy5.jpg,0.3,0.5,1,3756,48,2728,6484,3804,0,0
T20_d03_199_b_2_jpg.rf.SzuO9o0V7WadqBEhxKy5.jpg,0.3,1.0,1,3756,48,2728,6484,3804,0,0
T20_d03_199_b_2_jpg.rf.SzuO9o0V7WadqBEhxKy5.jpg,0.4,0.0,1,3756,48,2728,6484,3804,0,0
T20_d03_199_b_2_jpg.rf.SzuO9o0V7WadqBEhxKy5.jpg,0.4,0.1,1,3756,48,2728,6484,3804,0,0
T20_d03_199_b_2_jpg.rf.SzuO9o0V7WadqBEhxKy5.jpg,0.4,0.25,1,3756,48,2728,6484,3804,0,0
T20_d03_199_b_2_jpg.rf.SzuO9o0V7WadqBEhxKy5.jpg,0.4,0.5,1,3756,48,2728,6484,3804,0,0
T20_d03_199_b_2_jpg.rf.SzuO9o0V7WadqBEhxKy5.jpg,0.4,1.0,1,3756,48,2728,6484,3804,0,0
T20_d03_199_b_2_jpg.rf.SzuO9o0V7WadqBEhxKy5.jpg,0.5,0.0,1,3756,48,2728,6484,3804,0,0
T20_d03_199_b_2_jpg.rf.SzuO9o0V7WadqBEhxKy5.jpg,0.5,0.1,1,3756,48,2728,6484,3804,0,0
T20_d03_199_b_2_jpg.rf.SzuO9o0V7WadqBEhxKy5.jpg,0.5,0.25,1,3756,48,2728,6484,3804,0,0
T20_d03_199_b_2_jpg.rf.SzuO9o0V7WadqBEhxKy5.jpg,0.5,0.5,1,3756,48,2728,6484,3804,0,0
T20_d03_199_b_2_jpg.rf.SzuO9o0V7WadqBEhxKy5.jpg,0.5,1.0,1,3756,48,2728,6484,3804,0,0
T20_d03_239_b_2_jpg.rf.qoxB6roeHLE3y7BejeIU.jpg,0.15,0.0,0,6513,4470,65,6578,10983,0,0
T20_d03_239_b_2_jpg.rf.qoxB6roeHLE3y7BejeIU.jpg,0.15,0.1,0,6513,4470,65,6578,10983,0,0
T20_d03_239_b_2_jpg.rf.qoxB6roeHLE3y7BejeIU.jpg,0.15,0.25,0,6513,4470,65,6578,10983,0,0
T20_d03_239_b_2_jpg.rf.qoxB6roeHLE3y7BejeIU.jpg,0.15,0.5,1,6513,4470,65,6578,10983,0,0
T20_d03_239_b_2_jpg.rf.qoxB6roeHLE3y7BejeIU.jpg,0.15,1.0,1,6513,4470,65,6578,10983,0,0
T20_d03_239_b_2_jpg.rf.qoxB6roeHLE3y7BejeIU.jpg,0.2,0.0,0,6513,4470,65,6578,10983,0,0
T20_d03_239_b_2_jpg.rf.qoxB6roeHLE3y7BejeIU.jpg,0.2,0.1,0,6513,4470,65,6578,10983,0,0
T20_d03_239_b_2_jpg.rf.qoxB6roeHLE3y7BejeIU.jpg,0.2,0.25,0,6513,4470,65,6578,10983,0,0
T20_d03_239_b_2_jpg.rf.qoxB6roeHLE3y7BejeIU.jpg,0.2,0.5,1,6513,4470,65,6578,10983,0,0
T20_d03_239_b_2_jpg.rf.qoxB6roeHLE3y7BejeIU.jpg,0.2,1.0,1,6513,4470,65,6578,10983,0,0
T20_d03_239_b_2_jpg.rf.qoxB6roeHLE3y7BejeIU.jpg,0.25,0.0,0,6513,4470,65,6578,10983,0,0
T20_d03_239_b_2_jpg.rf.qoxB6roeHLE3y7BejeIU.jpg,0.25,0.1,0,6513,4470,65,6578,10983,0,0
T20_d03_239_b_2_jpg.rf.qoxB6roeHLE3y7BejeIU.jpg,0.25,0.25,0,6513,4470,65,6578,10983,0,0
T20_d03_239_b_2_jpg.rf.qoxB6roeHLE3y7BejeIU.jpg,0.25,0.5,1,6513,4470,65,6578,10983,0,0
T20_d03_239_b_2_jpg.rf.qoxB6roeHLE3y7BejeIU.jpg,0.25,1.0,1,6513,4470,65,6578,10983,0,0
T20_d03_239_b_2_jpg.rf.qoxB6roeHLE3y7BejeIU.jpg,0.3,0.0,0,6513,4470,65,6578,10983,0,0
T20_d03_239_b_2_jpg.rf.qoxB6roeHLE3y7BejeIU.jpg,0.3,0.1,0,6513,4470,65,6578,10983,0,0
T20_d03_239_b_2_jpg.rf.qoxB6roeHLE3y7BejeIU.jpg,0.3,0.25,0,6513,4470,65,6578,10983,0,0
T20_d03_239_b_2_jpg.rf.qoxB6roeHLE3y7BejeIU.jpg,0.3,0.5,1,6513,4470,65,6578,10983,0,0
T20_d03_239_b_2_jpg.rf.qoxB6roeHLE3y7BejeIU.jpg,0.3,1.0,1,6513,4470,65,6578,10983,0,0
T20_d03_239_b_2_jpg.rf.qoxB6roeHLE3y7BejeIU.jpg,0.4,0.0,0,6513,4470,65,6578,10983,0,0
T20_d03_239_b_2_jpg.rf.qoxB6roeHLE3y7BejeIU.jpg,0.4,0.1,0,6513,4470,65,6578,10983,0,0
T20_d03_239_b_2_jpg.rf.qoxB6roeHLE3y7BejeIU.jpg,0.4,0.25,0,6513,4470,65,6578,10983,0,0
T20_d03_239_b_2_jpg.rf.qoxB6roeHLE3y7BejeIU.jpg,0.4,0.5,1,6513,4470,65,6578,10983,0,0
T20_d03_239_b_2_jpg.rf.qoxB6roeHLE3y7BejeIU.jpg,0.4,1.0,1,6513,4470,65,6578,10983,0,0
T20_d03_239_b_2_jpg.rf.qoxB6roeHLE3y7BejeIU.jpg,0.5,0.0,1,6513,4470,65,6578,10983,0,0
T20_d03_239_b_2_jpg.rf.qoxB6roeHLE3y7BejeIU.jpg,0.5,0.1,1,6513,4470,65,6578,10983,0,0
T20_d03_239_b_2_jpg.rf.qoxB6roeHLE3y7BejeIU.jpg,0.5,0.25,1,6513,4470,65,6578,10983,0,0
T20_d03_239_b_2_jpg.rf.qoxB6roeHLE3y7BejeIU.jpg,0.5,0.5,1,6513,4470,65,6578,10983,0,0
T20_d03_239_b_2_jpg.rf.qoxB6roeHLE3y7BejeIU.jpg,0.5,1.0,1,6513,4470,65,6578,10983,0,0
T20_d03_334_a_2_jpg.rf.7qL3ROU3v3EAtneZ81cc.jpg,0.15,0.0,1,0,0,0,0,0,0,0
T20_d03_334_a_2_jpg.rf.7qL3ROU3v3EAtneZ81cc.jpg,0.15,0.1,1,0,0,0,0,0,0,0
T20_d03_334_a_2_jpg.rf.7qL3ROU3v3EAtneZ81cc.jpg,0.15,0.25,1,0,0,0,0,0,0,0
T20_d03_334_a_2_jpg.rf.7qL3ROU3v3EAtneZ81cc.jpg,0.15,0.5,1,0,0,0,0,0,0,0
T20_d03_334_a_2_jpg.rf.7qL3ROU3v3EAtneZ81cc.jpg,0.15,1.0,1,0,0,0,0,0,0,0
T20_d03_334_a_2_jpg.rf.7qL3ROU3v3EAtneZ81cc.jpg,0.2,0.0,1,0,0,0,0,0,0,0
T20_d03_334_a_2_jpg.rf.7qL3ROU3v3EAtneZ81cc.jpg,0.2,0.1,1,0,0,0,0,0,0,0
T20_d03_334_a_2_jpg.rf.7qL3ROU3v3EAtneZ81cc.jpg,0.2,0.25,1,0,0,0,0,0,0,0
T20_d03_334_a_2_jpg.rf.7qL3ROU3v3EAtneZ81cc.jpg,0.2,0.5,1,0,0,0,0,0,0,0
T20_d03_334_a_2_jpg.rf.7qL3ROU3v3EAtneZ81cc.jpg,0.2,1.0,1,0,0,0,0,0,0,0
T20_d03_334_a_2_jpg.rf.7qL3ROU3v3EAtneZ81cc.jpg,0.25,0.0,1,0,0,0,0,0,0,0
T20_d03_334_a_2_jpg.rf.7qL3ROU3v3EAtneZ81cc.jpg,0.25,0.1,1,0,0,0,0,0,0,0
T20_d03_334_a_2_jpg.rf.7qL3ROU3v3EAtneZ81cc.jpg,0.25,0.25,1,0,0,0,0,0,0,0
T20_d03_334_a_2_jpg.rf.7qL3ROU3v3EAtneZ81cc.jpg,0.25,0.5,1,0,0,0,0,0,0,0
T20_d03_334_a_2_jpg.rf.7qL3ROU3v3EAtneZ81cc.jpg,0.25,1.0,1,0,0,0,0,0,0,0
T20_d03_334_a_2_jpg.rf.7qL3ROU3v3EAtneZ81cc.jpg,0.3,0.0,1,0,0,0,0,0,0,0
T20_d03_334_a_2_jpg.rf.7qL3ROU3v3EAtneZ81cc.jpg,0.3,0.1,1,0,0,0,0,0,0,0
T20_d03_334_a_2_jpg.rf.7qL3ROU3v3EAtneZ81cc.jpg,0.3,0.25,1,0,0,0,0,0,0,0
T20_d03_334_a_2_jpg.rf.7qL3ROU3v3EAtneZ81cc.jpg,0.3,0.5,1,0,0,0,0,0,0,0
T20_d03_334_a_2_jpg.rf.7qL3ROU3v3EAtneZ81cc.jpg,0.3,1.0,1,0,0,0,0,0,0,0
T20_d03_334_a_2_jpg.rf.7qL3ROU3v3EAtneZ81cc.jpg,0.4,0.0,1,0,0,0,0,0,0,0
T20_d03_334_a_2_jpg.rf.7qL3ROU3v3EAtneZ81cc.jpg,0.4,0.1,1,0,0,0,0,0,0,0
T20_d03_334_a_2_jpg.rf.7qL3ROU3v3EAtneZ81cc.jpg,0.4,0.25,1,0,0,0,0,0,0,0
T20_d03_334_a_2_jpg.rf.7qL3ROU3v3EAtneZ81cc.jpg,0.4,0.5,1,0,0,0,0,0,0,0
T20_d03_334_a_2_jpg.rf.7qL3ROU3v3EAtneZ81cc.jpg,0.4,1.0,1,0,0,0,0,0,0,0
T20_d03_334_a_2_jpg.rf.7qL3ROU3v3EAtneZ81cc.jpg,0.5,0.0,1,0,0,0,0,0,0,0
T20_d03_334_a_2_jpg.rf.7qL3ROU3v3EAtneZ81cc.jpg,0.5,0.1,1,0,0,0,0,0,0,0
T20_d03_334_a_2_jpg.rf.7qL3ROU3v3EAtneZ81cc.jpg,0.5,0.25,1,0,0,0,0,0,0,0
T20_d03_334_a_2_jpg.rf.7qL3ROU3v3EAtneZ81cc.jpg,0.5,0.5,1,0,0,0,0,0,0,0
T20_d03_334_a_2_jpg.rf.7qL3ROU3v3EAtneZ81cc.jpg,0.5,1.0,1,0,0,0,0,0,0,0
T20_d03_371_b_2_jpg.rf.6ZmXWqJFjVZ8cMDZs5Io.jpg,0.15,0.0,0,6062,1109,2092,8154,7171,0,0
T20_d03_371_b_2_jpg.rf.6ZmXWqJFjVZ8cMDZs5Io.jpg,0.15,0.1,0,6062,1109,2092,8154,7171,0,0
T20_d03_371_b_2_jpg.rf.6ZmXWqJFjVZ8cMDZs5Io.jpg,0.15,0.25,0,6062,1109,2092,8154,7171,0,0
T20_d03_371_b_2_jpg.rf.6ZmXWqJFjVZ8cMDZs5Io.jpg,0.15,0.5,0,6062,1109,2092,8154,7171,0,0
T20_d03_371_b_2_jpg.rf.6ZmXWqJFjVZ8cMDZs5Io.jpg,0.15,1.0,1,6062,1109,2092,8154,7171,0,0
T20_d03_371_b_2_jpg.rf.6ZmXWqJFjVZ8cMDZs5Io.jpg,0.2,0.0,0,6062,1109,2092,8154,7171,0,0
T20_d03_371_b_2_jpg.rf.6ZmXWqJFjVZ8cMDZs5Io.jpg,0.2,0.1,0,6062,1109,2092,8154,7171,0,0
T20_d03_371_b_2_jpg.rf.6ZmXWqJFjVZ8cMDZs5Io.jpg,0.2,0.25,0,6062,1109,2092,8154,7171,0,0
T20_d03_371_b_2_jpg.rf.6ZmXWqJFjVZ8cMDZs5Io.jpg,0.2,0.5,0,6062,1109,2092,8154,7171,0,0
T20_d03_371_b_2_jpg.rf.6ZmXWqJFjVZ8cMDZs5Io.jpg,0.2,1.0,1,6062,1109,2092,8154,7171,0,0
T20_d03_371_b_2_jpg.rf.6ZmXWqJFjVZ8cMDZs5Io.jpg,0.25,0.0,0,4029,19,4125,8154,4048,0,0
T20_d03_371_b_2_jpg.rf.6ZmXWqJFjVZ8cMDZs5Io.jpg,0.25,0.1,0,4029,19,4125,8154,4048,0,0
T20_d03_371_b_2_jpg.rf.6ZmXWqJFjVZ8cMDZs5Io.jpg,0.25,0.25,0,4029,19,4125,8154,4048,0,0
T20_d03_371_b_2_jpg.rf.6ZmXWqJFjVZ8cMDZs5Io.jpg,0.25,0.5,0,4029,19,4125,8154,4048,0,0
T20_d03_371_b_2_jpg.rf.6ZmXWqJFjVZ8cMDZs5Io.jpg,0.25,1.0,1,4029,19,4125,8154,4048,0,0
T20_d03_371_b_2_jpg.rf.6ZmXWqJFjVZ8cMDZs5Io.jpg,0.3,0.0,0,4029,19,4125,8154,4048,0,0
T20_d03_371_b_2_jpg.rf.6ZmXWqJFjVZ8cMDZs5Io.jpg,0.3,0.1,0,4029,19,4125,8154,4048,0,0
T20_d03_371_b_2_jpg.rf.6ZmXWqJFjVZ8cMDZs5Io.jpg,0.3,0.25,0,4029,19,4125,8154,4048,0,0
T20_d03_371_b_2_jpg.rf.6ZmXWqJFjVZ8cMDZs5Io.jpg,0.3,0.5,0,4029,19,4125,8154,4048,0,0
T20_d03_371_b_2_jpg.rf.6ZmXWqJFjVZ8cMDZs5Io.jpg,0.3,1.0,1,4029,19,4125,8154,4048,0,0
T20_d03_371_b_2_jpg.rf.6ZmXWqJFjVZ8cMDZs5Io.jpg,0.4,0.0,0,4029,19,4125,8154,4048,0,0
T20_d03_371_b_2_jpg.rf.6ZmXWqJFjVZ8cMDZs5Io.jpg,0.4,0.1,0,4029,19,4125,8154,4048,0,0
T20_d03_371_b_2_jpg.rf.6ZmXWqJFjVZ8cMDZs5Io.jpg,0.4,0.25,0,4029,19,4125,8154,4048,0,0
T20_d03_371_b_2_jpg.rf.6ZmXWqJFjVZ8cMDZs5Io.jpg,0.4,0.5,0,4029,19,4125,8154,4048,0,0
T20_d03_371_b_2_jpg.rf.6ZmXWqJFjVZ8cMDZs5Io.jpg,0.4,1.0,1,4029,19,4125,8154,4048,0,0
T20_d03_371_b_2_jpg.rf.6ZmXWqJFjVZ8cMDZs5Io.jpg,0.5,0.0,1,0,0,8154,8154,0,0,0
T20_d03_371_b_2_jpg.rf.6ZmXWqJFjVZ8cMDZs5Io.jpg,0.5,0.1,1,0,0,8154,8154,0,0,0
T20_d03_371_b_2_jpg.rf.6ZmXWqJFjVZ8cMDZs5Io.jpg,0.5,0.25,1,0,0,8154,8154,0,0,0
T20_d03_371_b_2_jpg.rf.6ZmXWqJFjVZ8cMDZs5Io.jpg,0.5,0.5,1,0,0,8154,8154,0,0,0
T20_d03_371_b_2_jpg.rf.6ZmXWqJFjVZ8cMDZs5Io.jpg,0.5,1.0,1,0,0,8154,8154,0,0,0
T20_d04_363_b_2_jpg.rf.MbCPbUihx7ljl75vhSxd.jpg,0.15,0.0,0,4814,31995,458,5272,36809,0,2
T20_d04_363_b_2_jpg.rf.MbCPbUihx7ljl75vhSxd.jpg,0.15,0.1,0,4814,31995,458,5272,36809,0,2
T20_d04_363_b_2_jpg.rf.MbCPbUihx7ljl75vhSxd.jpg,0.15,0.25,0,4814,31995,458,5272,36809,0,2
T20_d04_363_b_2_jpg.rf.MbCPbUihx7ljl75vhSxd.jpg,0.15,0.5,0,4814,31995,458,5272,36809,0,2
T20_d04_363_b_2_jpg.rf.MbCPbUihx7ljl75vhSxd.jpg,0.15,1.0,1,4814,31995,458,5272,36809,0,2
T20_d04_363_b_2_jpg.rf.MbCPbUihx7ljl75vhSxd.jpg,0.2,0.0,0,4689,31929,583,5272,36618,0,2
T20_d04_363_b_2_jpg.rf.MbCPbUihx7ljl75vhSxd.jpg,0.2,0.1,0,4689,31929,583,5272,36618,0,2
T20_d04_363_b_2_jpg.rf.MbCPbUihx7ljl75vhSxd.jpg,0.2,0.25,0,4689,31929,583,5272,36618,0,2
T20_d04_363_b_2_jpg.rf.MbCPbUihx7ljl75vhSxd.jpg,0.2,0.5,0,4689,31929,583,5272,36618,0,2
T20_d04_363_b_2_jpg.rf.MbCPbUihx7ljl75vhSxd.jpg,0.2,1.0,1,4689,31929,583,5272,36618,0,2
T20_d04_363_b_2_jpg.rf.MbCPbUihx7ljl75vhSxd.jpg,0.25,0.0,0,4689,31929,583,5272,36618,0,2
T20_d04_363_b_2_jpg.rf.MbCPbUihx7ljl75vhSxd.jpg,0.25,0.1,0,4689,31929,583,5272,36618,0,2
T20_d04_363_b_2_jpg.rf.MbCPbUihx7ljl75vhSxd.jpg,0.25,0.25,0,4689,31929,583,5272,36618,0,2
T20_d04_363_b_2_jpg.rf.MbCPbUihx7ljl75vhSxd.jpg,0.25,0.5,0,4689,31929,583,5272,36618,0,2
T20_d04_363_b_2_jpg.rf.MbCPbUihx7ljl75vhSxd.jpg,0.25,1.0,1,4689,31929,583,5272,36618,0,2
T20_d04_363_b_2_jpg.rf.MbCPbUihx7ljl75vhSxd.jpg,0.3,0.0,0,4689,31929,583,5272,36618,0,2
T20_d04_363_b_2_jpg.rf.MbCPbUihx7ljl75vhSxd.jpg,0.3,0.1,0,4689,31929,583,5272,36618,0,2
T20_d04_363_b_2_jpg.rf.MbCPbUihx7ljl75vhSxd.jpg,0.3,0.25,0,4689,31929,583,5272,36618,0,2
T20_d04_363_b_2_jpg.rf.MbCPbUihx7ljl75vhSxd.jpg,0.3,0.5,0,4689,31929,583,5272,36618,0,2
T20_d04_363_b_2_jpg.rf.MbCPbUihx7ljl75vhSxd.jpg,0.3,1.0,1,4689,31929,583,5272,36618,0,2
T20_d04_363_b_2_jpg.rf.MbCPbUihx7ljl75vhSxd.jpg,0.4,0.0,1,0,0,5272,5272,0,0,0
T20_d04_363_b_2_jpg.rf.MbCPbUihx7ljl75vhSxd.jpg,0.4,0.1,1,0,0,5272,5272,0,0,0
T20_d04_363_b_2_jpg.rf.MbCPbUihx7ljl75vhSxd.jpg,0.4,0.25,1,0,0,5272,5272,0,0,0
T20_d04_363_b_2_jpg.rf.MbCPbUihx7ljl75vhSxd.jpg,0.4,0.5,1,0,0,5272,5272,0,0,0
T20_d04_363_b_2_jpg.rf.MbCPbUihx7ljl75vhSxd.jpg,0.4,1.0,1,0,0,5272,5272,0,0,0
T20_d04_363_b_2_jpg.rf.MbCPbUihx7ljl75vhSxd.jpg,0.5,0.0,1,0,0,5272,5272,0,0,0
T20_d04_363_b_2_jpg.rf.MbCPbUihx7ljl75vhSxd.jpg,0.5,0.1,1,0,0,5272,5272,0,0,0
T20_d04_363_b_2_jpg.rf.MbCPbUihx7ljl75vhSxd.jpg,0.5,0.25,1,0,0,5272,5272,0,0,0
T20_d04_363_b_2_jpg.rf.MbCPbUihx7ljl75vhSxd.jpg,0.5,0.5,1,0,0,5272,5272,0,0,0
T20_d04_363_b_2_jpg.rf.MbCPbUihx7ljl75vhSxd.jpg,0.5,1.0,1,0,0,5272,5272,0,0,0
T20_d05_151_b_4_jpg.rf.aEdJ5DOP08C7mL7yYUqd.jpg,0.15,0.0,1,0,0,0,0,0,0,0
T20_d05_151_b_4_jpg.rf.aEdJ5DOP08C7mL7yYUqd.jpg,0.15,0.1,1,0,0,0,0,0,0,0
T20_d05_151_b_4_jpg.rf.aEdJ5DOP08C7mL7yYUqd.jpg,0.15,0.25,1,0,0,0,0,0,0,0
T20_d05_151_b_4_jpg.rf.aEdJ5DOP08C7mL7yYUqd.jpg,0.15,0.5,1,0,0,0,0,0,0,0
T20_d05_151_b_4_jpg.rf.aEdJ5DOP08C7mL7yYUqd.jpg,0.15,1.0,1,0,0,0,0,0,0,0
T20_d05_151_b_4_jpg.rf.aEdJ5DOP08C7mL7yYUqd.jpg,0.2,0.0,1,0,0,0,0,0,0,0
T20_d05_151_b_4_jpg.rf.aEdJ5DOP08C7mL7yYUqd.jpg,0.2,0.1,1,0,0,0,0,0,0,0
T20_d05_151_b_4_jpg.rf.aEdJ5DOP08C7mL7yYUqd.jpg,0.2,0.25,1,0,0,0,0,0,0,0
T20_d05_151_b_4_jpg.rf.aEdJ5DOP08C7mL7yYUqd.jpg,0.2,0.5,1,0,0,0,0,0,0,0
T20_d05_151_b_4_jpg.rf.aEdJ5DOP08C7mL7yYUqd.jpg,0.2,1.0,1,0,0,0,0,0,0,0
T20_d05_151_b_4_jpg.rf.aEdJ5DOP08C7mL7yYUqd.jpg,0.25,0.0,1,0,0,0,0,0,0,0
T20_d05_151_b_4_jpg.rf.aEdJ5DOP08C7mL7yYUqd.jpg,0.25,0.1,1,0,0,0,0,0,0,0
T20_d05_151_b_4_jpg.rf.aEdJ5DOP08C7mL7yYUqd.jpg,0.25,0.25,1,0,0,0,0,0,0,0
T20_d05_151_b_4_jpg.rf.aEdJ5DOP08C7mL7yYUqd.jpg,0.25,0.5,1,0,0,0,0,0,0,0
T20_d05_151_b_4_jpg.rf.aEdJ5DOP08C7mL7yYUqd.jpg,0.25,1.0,1,0,0,0,0,0,0,0
T20_d05_151_b_4_jpg.rf.aEdJ5DOP08C7mL7yYUqd.jpg,0.3,0.0,1,0,0,0,0,0,0,0
T20_d05_151_b_4_jpg.rf.aEdJ5DOP08C7mL7yYUqd.jpg,0.3,0.1,1,0,0,0,0,0,0,0
T20_d05_151_b_4_jpg.rf.aEdJ5DOP08C7mL7yYUqd.jpg,0.3,0.25,1,0,0,0,0,0,0,0
T20_d05_151_b_4_jpg.rf.aEdJ5DOP08C7mL7yYUqd.jpg,0.3,0.5,1,0,0,0,0,0,0,0
T20_d05_151_b_4_jpg.rf.aEdJ5DOP08C7mL7yYUqd.jpg,0.3,1.0,1,0,0,0,0,0,0,0
T20_d05_151_b_4_jpg.rf.aEdJ5DOP08C7mL7yYUqd.jpg,0.4,0.0,1,0,0,0,0,0,0,0
T20_d05_151_b_4_jpg.rf.aEdJ5DOP08C7mL7yYUqd.jpg,0.4,0.1,1,0,0,0,0,0,0,0
T20_d05_151_b_4_jpg.rf.aEdJ5DOP08C7mL7yYUqd.jpg,0.4,0.25,1,0,0,0,0,0,0,0
T20_d05_151_b_4_jpg.rf.aEdJ5DOP08C7mL7yYUqd.jpg,0.4,0.5,1,0,0,0,0,0,0,0
T20_d05_151_b_4_jpg.rf.aEdJ5DOP08C7mL7yYUqd.jpg,0.4,1.0,1,0,0,0,0,0,0,0
T20_d05_151_b_4_jpg.rf.aEdJ5DOP08C7mL7yYUqd.jpg,0.5,0.0,1,0,0,0,0,0,0,0
T20_d05_151_b_4_jpg.rf.aEdJ5DOP08C7mL7yYUqd.jpg,0.5,0.1,1,0,0,0,0,0,0,0
T20_d05_151_b_4_jpg.rf.aEdJ5DOP08C7mL7yYUqd.jpg,0.5,0.25,1,0,0,0,0,0,0,0
T20_d05_151_b_4_jpg.rf.aEdJ5DOP08C7mL7yYUqd.jpg,0.5,0.5,1,0,0,0,0,0,0,0
T20_d05_151_b_4_jpg.rf.aEdJ5DOP08C7mL7yYUqd.jpg,0.5,1.0,1,0,0,0,0,0,0,0
T20_d05_153_a_3_jpg.rf.3Fmn4fiEh3C5FAyoMCRd.jpg,0.15,0.0,0,9240,218,1779,11019,9458,1,1
T20_d05_153_a_3_jpg.rf.3Fmn4fiEh3C5FAyoMCRd.jpg,0.15,0.1,0,9240,218,1779,11019,9458,1,1
T20_d05_153_a_3_jpg.rf.3Fmn4fiEh3C5FAyoMCRd.jpg,0.15,0.25,0,9240,218,1779,11019,9458,1,1
T20_d05_153_a_3_jpg.rf.3Fmn4fiEh3C5FAyoMCRd.jpg,0.15,0.5,0,9240,218,1779,11019,9458,1,1
T20_d05_153_a_3_jpg.rf.3Fmn4fiEh3C5FAyoMCRd.jpg,0.15,1.0,1,9240,218,1779,11019,9458,1,1
T20_d05_153_a_3_jpg.rf.3Fmn4fiEh3C5FAyoMCRd.jpg,0.2,0.0,1,9240,218,1779,11019,9458,1,1
T20_d05_153_a_3_jpg.rf.3Fmn4fiEh3C5FAyoMCRd.jpg,0.2,0.1,1,9240,218,1779,11019,9458,1,1
T20_d05_153_a_3_jpg.rf.3Fmn4fiEh3C5FAyoMCRd.jpg,0.2,0.25,1,9240,218,1779,11019,9458,1,1
T20_d05_153_a_3_jpg.rf.3Fmn4fiEh3C5FAyoMCRd.jpg,0.2,0.5,1,9240,218,1779,11019,9458,1,1
T20_d05_153_a_3_jpg.rf.3Fmn4fiEh3C5FAyoMCRd.jpg,0.2,1.0,1,9240,218,1779,11019,9458,1,1
T20_d05_153_a_3_jpg.rf.3Fmn4fiEh3C5FAyoMCRd.jpg,0.25,0.0,1,9240,218,1779,11019,9458,1,1
T20_d05_153_a_3_jpg.rf.3Fmn4fiEh3C5FAyoMCRd.jpg,0.25,0.1,1,9240,218,1779,11019,9458,1,1
T20_d05_153_a_3_jpg.rf.3Fmn4fiEh3C5FAyoMCRd.jpg,0.25,0.25,1,9240,218,1779,11019,9458,1,1
T20_d05_153_a_3_jpg.rf.3Fmn4fiEh3C5FAyoMCRd.jpg,0.25,0.5,1,9240,218,1779,11019,9458,1,1
T20_d05_153_a_3_jpg.rf.3Fmn4fiEh3C5FAyoMCRd.jpg,0.25,1.0,1,9240,218,1779,11019,9458,1,1
T20_d05_153_a_3_jpg.rf.3Fmn4fiEh3C5FAyoMCRd.jpg,0.3,0.0,1,9240,218,1779,11019,9458,1,1
T20_d05_153_a_3_jpg.rf.3Fmn4fiEh3C5FAyoMCRd.jpg,0.3,0.1,1,9240,218,1779,11019,9458,1,1
T20_d05_153_a_3_jpg.rf.3Fmn4fiEh3C5FAyoMCRd.jpg,0.3,0.25,1,9240,218,1779,11019,9458,1,1
T20_d05_153_a_3_jpg.rf.3Fmn4fiEh3C5FAyoMCRd.jpg,0.3,0.5,1,9240,218,1779,11019,9458,1,1
T20_d05_153_a_3_jpg.rf.3Fmn4fiEh3C5FAyoMCRd.jpg,0.3,1.0,1,9240,218,1779,11019,9458,1,1
T20_d05_153_a_3_jpg.rf.3Fmn4fiEh3C5FAyoMCRd.jpg,0.4,0.0,1,9240,218,1779,11019,9458,1,1
T20_d05_153_a_3_jpg.rf.3Fmn4fiEh3C5FAyoMCRd.jpg,0.4,0.1,1,9240,218,1779,11019,9458,1,1
T20_d05_153_a_3_jpg.rf.3Fmn4fiEh3C5FAyoMCRd.jpg,0.4,0.25,1,9240,218,1779,11019,9458,1,1
T20_d05_153_a_3_jpg.rf.3Fmn4fiEh3C5FAyoMCRd.jpg,0.4,0.5,1,9240,218,1779,11019,9458,1,1
T20_d05_153_a_3_jpg.rf.3Fmn4fiEh3C5FAyoMCRd.jpg,0.4,1.0,1,9240,218,1779,11019,9458,1,1
T20_d05_153_a_3_jpg.rf.3Fmn4fiEh3C5FAyoMCRd.jpg,0.5,0.0,1,9240,218,1779,11019,9458,1,1
T20_d05_153_a_3_jpg.rf.3Fmn4fiEh3C5FAyoMCRd.jpg,0.5,0.1,1,9240,218,1779,11019,9458,1,1
T20_d05_153_a_3_jpg.rf.3Fmn4fiEh3C5FAyoMCRd.jpg,0.5,0.25,1,9240,218,1779,11019,9458,1,1
T20_d05_153_a_3_jpg.rf.3Fmn4fiEh3C5FAyoMCRd.jpg,0.5,0.5,1,9240,218,1779,11019,9458,1,1
T20_d05_153_a_3_jpg.rf.3Fmn4fiEh3C5FAyoMCRd.jpg,0.5,1.0,1,9240,218,1779,11019,9458,1,1
T20_d05_153_b_3_jpg.rf.oJOOSzdb8Dsp5nnMfep3.jpg,0.15,0.0,0,3358,173,525,3883,3531,0,0
T20_d05_153_b_3_jpg.rf.oJOOSzdb8Dsp5nnMfep3.jpg,0.15,0.1,0,3358,173,525,3883,3531,0,0
T20_d05_153_b_3_jpg.rf.oJOOSzdb8Dsp5nnMfep3.jpg,0.15,0.25,0,3358,173,525,3883,3531,0,0
T20_d05_153_b_3_jpg.rf.oJOOSzdb8Dsp5nnMfep3.jpg,0.15,0.5,0,3358,173,525,3883,3531,0,0
T20_d05_153_b_3_jpg.rf.oJOOSzdb8Dsp5nnMfep3.jpg,0.15,1.0,1,3358,173,525,3883,3531,0,0
T20_d05_153_b_3_jpg.rf.oJOOSzdb8Dsp5nnMfep3.jpg,0.2,0.0,0,3150,160,733,3883,3310,0,0
T20_d05_153_b_3_jpg.rf.oJOOSzdb8Dsp5nnMfep3.jpg,0.2,0.1,0,3150,160,733,3883,3310,0,0
T20_d05_153_b_3_jpg.rf.oJOOSzdb8Dsp5nnMfep3.jpg,0.2,0.25,0,3150,160,733,3883,3310,0,0
T20_d05_153_b_3_jpg.rf.oJOOSzdb8Dsp5nnMfep3.jpg,0.2,0.5,0,3150,160,733,3883,3310,0,0
T20_d05_153_b_3_jpg.rf.oJOOSzdb8Dsp5nnMfep3.jpg,0.2,1.0,1,3150,160,733,3883,3310,0,0
T20_d05_153_b_3_jpg.rf.oJOOSzdb8Dsp5nnMfep3.jpg,0.25,0.0,0,3150,160,733,3883,3310,0,0
T20_d05_153_b_3_jpg.rf.oJOOSzdb8Dsp5nnMfep3.jpg,0.25,0.1,0,3150,160,733,3883,3310,0,0
T20_d05_153_b_3_jpg.rf.oJOOSzdb8Dsp5nnMfep3.jpg,0.25,0.25,0,3150,160,733,3883,3310,0,0
T20_d05_153_b_3_jpg.rf.oJOOSzdb8Dsp5nnMfep3.jpg,0.25,0.5,0,3150,160,733,3883,3310,0,0
T20_d05_153_b_3_jpg.rf.oJOOSzdb8Dsp5nnMfep3.jpg,0.25,1.0,1,3150,160,733,3883,3310,0,0
T20_d05_153_b_3_jpg.rf.oJOOSzdb8Dsp5nnMfep3.jpg,0.3,0.0,0,3150,160,733,3883,3310,0,0
T20_d05_153_b_3_jpg.rf.oJOOSzdb8Dsp5nnMfep3.jpg,0.3,0.1,0,3150,160,733,3883,3310,0,0
T20_d05_153_b_3_jpg.rf.oJOOSzdb8Dsp5nnMfep3.jpg,0.3,0.25,0,3150,160,733,3883,3310,0,0
T20_d05_153_b_3_jpg.rf.oJOOSzdb8Dsp5nnMfep3.jpg,0.3,0.5,0,3150,160,733,3883,3310,0,0
T20_d05_153_b_3_jpg.rf.oJOOSzdb8Dsp5nnMfep3.jpg,0.3,1.0,1,3150,160,733,3883,3310,0,0
T20_d05_153_b_3_jpg.rf.oJOOSzdb8Dsp5nnMfep3.jpg,0.4,0.0,1,0,0,3883,3883,0,0,0
T20_d05_153_b_3_jpg.rf.oJOOSzdb8Dsp5nnMfep3.jpg,0.4,0.1,1,0,0,3883,3883,0,0,0
T20_d05_153_b_3_jpg.rf.oJOOSzdb8Dsp5nnMfep3.jpg,0.4,0.25,1,0,0,3883,3883,0,0,0
T20_d05_153_b_3_jpg.rf.oJOOSzdb8Dsp5nnMfep3.jpg,0.4,0.5,1,0,0,3883,3883,0,0,0
T20_d05_153_b_3_jpg.rf.oJOOSzdb8Dsp5nnMfep3.jpg,0.4,1.0,1,0,0,3883,3883,0,0,0
T20_d05_153_b_3_jpg.rf.oJOOSzdb8Dsp5nnMfep3.jpg,0.5,0.0,1,0,0,3883,3883,0,0,0
T20_d05_153_b_3_jpg.rf.oJOOSzdb8Dsp5nnMfep3.jpg,0.5,0.1,1,0,0,3883,3883,0,0,0
T20_d05_153_b_3_jpg.rf.oJOOSzdb8Dsp5nnMfep3.jpg,0.5,0.25,1,0,0,3883,3883,0,0,0
T20_d05_153_b_3_jpg.rf.oJOOSzdb8Dsp5nnMfep3.jpg,0.5,0.5,1,0,0,3883,3883,0,0,0
T20_d05_153_b_3_jpg.rf.oJOOSzdb8Dsp5nnMfep3.jpg,0.5,1.0,1,0,0,3883,3883,0,0,0
T20_d05_176_a_2_jpg.rf.ofwjXqTor4awRrgDKP3M.jpg,0.15,0.0,1,7266,117,617,7883,7383,0,0
T20_d05_176_a_2_jpg.rf.ofwjXqTor4awRrgDKP3M.jpg,0.15,0.1,1,7266,117,617,7883,7383,0,0
T20_d05_176_a_2_jpg.rf.ofwjXqTor4awRrgDKP3M.jpg,0.15,0.25,1,7266,117,617,7883,7383,0,0
T20_d05_176_a_2_jpg.rf.ofwjXqTor4awRrgDKP3M.jpg,0.15,0.5,1,7266,117,617,7883,7383,0,0
T20_d05_176_a_2_jpg.rf.ofwjXqTor4awRrgDKP3M.jpg,0.15,1.0,1,7266,117,617,7883,7383,0,0
T20_d05_176_a_2_jpg.rf.ofwjXqTor4awRrgDKP3M.jpg,0.2,0.0,1,7266,117,617,7883,7383,0,0
T20_d05_176_a_2_jpg.rf.ofwjXqTor4awRrgDKP3M.jpg,0.2,0.1,1,7266,117,617,7883,7383,0,0
T20_d05_176_a_2_jpg.rf.ofwjXqTor4awRrgDKP3M.jpg,0.2,0.25,1,7266,117,617,7883,7383,0,0
T20_d05_176_a_2_jpg.rf.ofwjXqTor4awRrgDKP3M.jpg,0.2,0.5,1,7266,117,617,7883,7383,0,0
T20_d05_176_a_2_jpg.rf.ofwjXqTor4awRrgDKP3M.jpg,0.2,1.0,1,7266,117,617,7883,7383,0,0
T20_d05_176_a_2_jpg.rf.ofwjXqTor4awRrgDKP3M.jpg,0.25,0.0,1,7266,117,617,7883,7383,0,0
T20_d05_176_a_2_jpg.rf.ofwjXqTor4awRrgDKP3M.jpg,0.25,0.1,1,7266,117,617,7883,7383,0,0
T20_d05_176_a_2_jpg.rf.ofwjXqTor4awRrgDKP3M.jpg,0.25,0.25,1,7266,117,617,7883,7383,0,0
T20_d05_176_a_2_jpg.rf.ofwjXqTor4awRrgDKP3M.jpg,0.25,0.5,1,7266,117,617,7883,7383,0,0
T20_d05_176_a_2_jpg.rf.ofwjXqTor4awRrgDKP3M.jpg,0.25,1.0,1,7266,117,617,7883,7383,0,0
T20_d05_176_a_2_jpg.rf.ofwjXqTor4awRrgDKP3M.jpg,0.3,0.0,1,7266,117,617,7883,7383,0,0
T20_d05_176_a_2_jpg.rf.ofwjXqTor4awRrgDKP3M.jpg,0.3,0.1,1,7266,117,617,7883,7383,0,0
T20_d05_176_a_2_jpg.rf.ofwjXqTor4awRrgDKP3M.jpg,0.3,0.25,1,7266,117,617,7883,7383,0,0
T20_d05_176_a_2_jpg.rf.ofwjXqTor4awRrgDKP3M.jpg,0.3,0.5,1,7266,117,617,7883,7383,0,0
T20_d05_176_a_2_jpg.rf.ofwjXqTor4awRrgDKP3M.jpg,0.3,1.0,1,7266,117,617,7883,7383,0,0
T20_d05_176_a_2_jpg.rf.ofwjXqTor4awRrgDKP3M.jpg,0.4,0.0,1,7266,117,617,7883,7383,0,0
T20_d05_176_a_2_jpg.rf.ofwjXqTor4awRrgDKP3M.jpg,0.4,0.1,1,7266,117,617,7883,7383,0,0
T20_d05_176_a_2_jpg.rf.ofwjXqTor4awRrgDKP3M.jpg,0.4,0.25,1,7266,117,617,7883,7383,0,0
T20_d05_176_a_2_jpg.rf.ofwjXqTor4awRrgDKP3M.jpg,0.4,0.5,1,7266,117,617,7883,7383,0,0
T20_d05_176_a_2_jpg.rf.ofwjXqTor4awRrgDKP3M.jpg,0.4,1.0,1,7266,117,617,7883,7383,0,0
T20_d05_176_a_2_jpg.rf.ofwjXqTor4awRrgDKP3M.jpg,0.5,0.0,1,7266,117,617,7883,7383,0,0
T20_d05_176_a_2_jpg.rf.ofwjXqTor4awRrgDKP3M.jpg,0.5,0.1,1,7266,117,617,7883,7383,0,0
T20_d05_176_a_2_jpg.rf.ofwjXqTor4awRrgDKP3M.jpg,0.5,0.25,1,7266,117,617,7883,7383,0,0
T20_d05_176_a_2_jpg.rf.ofwjXqTor4awRrgDKP3M.jpg,0.5,0.5,1,7266,117,617,7883,7383,0,0
T20_d05_176_a_2_jpg.rf.ofwjXqTor4awRrgDKP3M.jpg,0.5,1.0,1,7266,117,617,7883,7383,0,0
T20_d05_224_a_3_jpg.rf.0HyIG60xFJZfsMLfhjOJ.jpg,0.15,0.0,1,1703,87,382,2085,1790,0,0
T20_d05_224_a_3_jpg.rf.0HyIG60xFJZfsMLfhjOJ.jpg,0.15,0.1,1,1703,87,382,2085,1790,0,0
T20_d05_224_a_3_jpg.rf.0HyIG60xFJZfsMLfhjOJ.jpg,0.15,0.25,1,1703,87,382,2085,1790,0,0
T20_d05_224_a_3_jpg.rf.0HyIG60xFJZfsMLfhjOJ.jpg,0.15,0.5,1,1703,87,382,2085,1790,0,0
T20_d05_224_a_3_jpg.rf.0HyIG60xFJZfsMLfhjOJ.jpg,0.15,1.0,1,1703,87,382,2085,1790,0,0
T20_d05_224_a_3_jpg.rf.0HyIG60xFJZfsMLfhjOJ.jpg,0.2,0.0,1,1703,87,382,2085,1790,0,0
T20_d05_224_a_3_jpg.rf.0HyIG60xFJZfsMLfhjOJ.jpg,0.2,0.1,1,1703,87,382,2085,1790,0,0
T20_d05_224_a_3_jpg.rf.0HyIG60xFJZfsMLfhjOJ.jpg,0.2,0.25,1,1703,87,382,2085,1790,0,0
T20_d05_224_a_3_jpg.rf.0HyIG60xFJZfsMLfhjOJ.jpg,0.2,0.5,1,1703,87,382,2085,1790,0,0
T20_d05_224_a_3_jpg.rf.0HyIG60xFJZfsMLfhjOJ.jpg,0.2,1.0,1,1703,87,382,2085,1790,0,0
T20_d05_224_a_3_jpg.rf.0HyIG60xFJZfsMLfhjOJ.jpg,0.25,0.0,1,1703,87,382,2085,1790,0,0
T20_d05_224_a_3_jpg.rf.0HyIG60xFJZfsMLfhjOJ.jpg,0.25,0.1,1,1703,87,382,2085,1790,0,0
T20_d05_224_a_3_jpg.rf.0HyIG60xFJZfsMLfhjOJ.jpg,0.25,0.25,1,1703,87,382,2085,1790,0,0
T20_d05_224_a_3_jpg.rf.0HyIG60xFJZfsMLfhjOJ.jpg,0.25,0.5,1,1703,87,382,2085,1790,0,0
T20_d05_224_a_3_jpg.rf.0HyIG60xFJZfsMLfhjOJ.jpg,0.25,1.0,1,1703,87,382,2085,1790,0,0
T20_d05_224_a_3_jpg.rf.0HyIG60xFJZfsMLfhjOJ.jpg,0.3,0.0,1,1703,87,382,2085,1790,0,0
T20_d05_224_a_3_jpg.rf.0HyIG60xFJZfsMLfhjOJ.jpg,0.3,0.1,1,1703,87,382,2085,1790,0,0
T20_d05_224_a_3_jpg.rf.0HyIG60xFJZfsMLfhjOJ.jpg,0.3,0.25,1,1703,87,382,2085,1790,0,0
T20_d05_224_a_3_jpg.rf.0HyIG60xFJZfsMLfhjOJ.jpg,0.3,0.5,1,1703,87,382,2085,1790,0,0
T20_d05_224_a_3_jpg.rf.0HyIG60xFJZfsMLfhjOJ.jpg,0.3,1.0,1,1703,87,382,2085,1790,0,0
T20_d05_224_a_3_jpg.rf.0HyIG60xFJZfsMLfhjOJ.jpg,0.4,0.0,1,1703,87,382,2085,1790,0,0
T20_d05_224_a_3_jpg.rf.0HyIG60xFJZfsMLfhjOJ.jpg,0.4,0.1,1,1703,87,382,2085,1790,0,0
T20_d05_224_a_3_jpg.rf.0HyIG60xFJZfsMLfhjOJ.jpg,0.4,0.25,1,1703,87,382,2085,1790,0,0
T20_d05_224_a_3_jpg.rf.0HyIG60xFJZfsMLfhjOJ.jpg,0.4,0.5,1,1703,87,382,2085,1790,0,0
T20_d05_224_a_3_jpg.rf.0HyIG60xFJZfsMLfhjOJ.jpg,0.4,1.0,1,1703,87,382,2085,1790,0,0
T20_d05_224_a_3_jpg.rf.0HyIG60xFJZfsMLfhjOJ.jpg,0.5,0.0,1,1703,87,382,2085,1790,0,0
T20_d05_224_a_3_jpg.rf.0HyIG60xFJZfsMLfhjOJ.jpg,0.5,0.1,1,1703,87,382,2085,1790,0,0
T20_d05_224_a_3_jpg.rf.0HyIG60xFJZfsMLfhjOJ.jpg,0.5,0.25,1,1703,87,382,2085,1790,0,0
T20_d05_224_a_3_jpg.rf.0HyIG60xFJZfsMLfhjOJ.jpg,0.5,0.5,1,1703,87,382,2085,1790,0,0
T20_d05_224_a_3_jpg.rf.0HyIG60xFJZfsMLfhjOJ.jpg,0.5,1.0,1,1703,87,382,2085,1790,0,0
T20_d05_291_a_3_jpg.rf.S1LC9mTTzX8fGHfnr819.jpg,0.15,0.0,0,3179,22826,3449,6628,26005,0,2
T20_d05_291_a_3_jpg.rf.S1LC9mTTzX8fGHfnr819.jpg,0.15,0.1,0,3179,22826,3449,6628,26005,0,2
T20_d05_291_a_3_jpg.rf.S1LC9mTTzX8fGHfnr819.jpg,0.15,0.25,0,3179,22826,3449,6628,26005,0,2
T20_d05_291_a_3_jpg.rf.S1LC9mTTzX8fGHfnr819.jpg,0.15,0.5,0,3179,22826,3449,6628,26005,0,2
T20_d05_291_a_3_jpg.rf.S1LC9mTTzX8fGHfnr819.jpg,0.15,1.0,1,3179,22826,3449,6628,26005,0,2
T20_d05_291_a_3_jpg.rf.S1LC9mTTzX8fGHfnr819.jpg,0.2,0.0,0,3179,22824,3449,6628,26003,0,2
T20_d05_291_a_3_jpg.rf.S1LC9mTTzX8fGHfnr819.jpg,0.2,0.1,0,3179,22824,3449,6628,26003,0,2
T20_d05_291_a_3_jpg.rf.S1LC9mTTzX8fGHfnr819.jpg,0.2,0.25,0,3179,22824,3449,6628,26003,0,2
T20_d05_291_a_3_jpg.rf.S1LC9mTTzX8fGHfnr819.jpg,0.2,0.5,0,3179,22824,3449,6628,26003,0,2
T20_d05_291_a_3_jpg.rf.S1LC9mTTzX8fGHfnr819.jpg,0.2,1.0,1,3179,22824,3449,6628,26003,0,2
T20_d05_291_a_3_jpg.rf.S1LC9mTTzX8fGHfnr819.jpg,0.25,0.0,1,0,0,6628,6628,0,0,0
T20_d05_291_a_3_jpg.rf.S1LC9mTTzX8fGHfnr819.jpg,0.25,0.1,1,0,0,6628,6628,0,0,0
T20_d05_291_a_3_jpg.rf.S1LC9mTTzX8fGHfnr819.jpg,0.25,0.25,1,0,0,6628,6628,0,0,0
T20_d05_291_a_3_jpg.rf.S1LC9mTTzX8fGHfnr819.jpg,0.25,0.5,1,0,0,6628,6628,0,0,0
T20_d05_291_a_3_jpg.rf.S1LC9mTTzX8fGHfnr819.jpg,0.25,1.0,1,0,0,6628,6628,0,0,0
T20_d05_291_a_3_jpg.rf.S1LC9mTTzX8fGHfnr819.jpg,0.3,0.0,1,0,0,6628,6628,0,0,0
T20_d05_291_a_3_jpg.rf.S1LC9mTTzX8fGHfnr819.jpg,0.3,0.1,1,0,0,6628,6628,0,0,0
T20_d05_291_a_3_jpg.rf.S1LC9mTTzX8fGHfnr819.jpg,0.3,0.25,1,0,0,6628,6628,0,0,0
T20_d05_291_a_3_jpg.rf.S1LC9mTTzX8fGHfnr819.jpg,0.3,0.5,1,0,0,6628,6628,0,0,0
T20_d05_291_a_3_jpg.rf.S1LC9mTTzX8fGHfnr819.jpg,0.3,1.0,1,0,0,6628,6628,0,0,0
T20_d05_291_a_3_jpg.rf.S1LC9mTTzX8fGHfnr819.jpg,0.4,0.0,1,0,0,6628,6628,0,0,0
T20_d05_291_a_3_jpg.rf.S1LC9mTTzX8fGHfnr819.jpg,0.4,0.1,1,0,0,6628,6628,0,0,0
T20_d05_291_a_3_jpg.rf.S1LC9mTTzX8fGHfnr819.jpg,0.4,0.25,1,0,0,6628,6628,0,0,0
T20_d05_291_a_3_jpg.rf.S1LC9mTTzX8fGHfnr819.jpg,0.4,0.5,1,0,0,6628,6628,0,0,0
T20_d05_291_a_3_jpg.rf.S1LC9mTTzX8fGHfnr819.jpg,0.4,1.0,1,0,0,6628,6628,0,0,0
T20_d05_291_a_3_jpg.rf.S1LC9mTTzX8fGHfnr819.jpg,0.5,0.0,1,0,0,6628,6628,0,0,0
T20_d05_291_a_3_jpg.rf.S1LC9mTTzX8fGHfnr819.jpg,0.5,0.1,1,0,0,6628,6628,0,0,0
T20_d05_291_a_3_jpg.rf.S1LC9mTTzX8fGHfnr819.jpg,0.5,0.25,1,0,0,6628,6628,0,0,0
T20_d05_291_a_3_jpg.rf.S1LC9mTTzX8fGHfnr819.jpg,0.5,0.5,1,0,0,6628,6628,0,0,0
T20_d05_291_a_3_jpg.rf.S1LC9mTTzX8fGHfnr819.jpg,0.5,1.0,1,0,0,6628,6628,0,0,0
T20_d05_291_b_3_jpg.rf.QARRZmZ8x4JLVv61RVLo.jpg,0.15,0.0,1,0,0,0,0,0,0,0
T20_d05_291_b_3_jpg.rf.QARRZmZ8x4JLVv61RVLo.jpg,0.15,0.1,1,0,0,0,0,0,0,0
T20_d05_291_b_3_jpg.rf.QARRZmZ8x4JLVv61RVLo.jpg,0.15,0.25,1,0,0,0,0,0,0,0
T20_d05_291_b_3_jpg.rf.QARRZmZ8x4JLVv61RVLo.jpg,0.15,0.5,1,0,0,0,0,0,0,0
T20_d05_291_b_3_jpg.rf.QARRZmZ8x4JLVv61RVLo.jpg,0.15,1.0,1,0,0,0,0,0,0,0
T20_d05_291_b_3_jpg.rf.QARRZmZ8x4JLVv61RVLo.jpg,0.2,0.0,1,0,0,0,0,0,0,0
T20_d05_291_b_3_jpg.rf.QARRZmZ8x4JLVv61RVLo.jpg,0.2,0.1,1,0,0,0,0,0,0,0
T20_d05_291_b_3_jpg.rf.QARRZmZ8x4JLVv61RVLo.jpg,0.2,0.25,1,0,0,0,0,0,0,0
T20_d05_291_b_3_jpg.rf.QARRZmZ8x4JLVv61RVLo.jpg,0.2,0.5,1,0,0,0,0,0,0,0
T20_d05_291_b_3_jpg.rf.QARRZmZ8x4JLVv61RVLo.jpg,0.2,1.0,1,0,0,0,0,0,0,0
T20_d05_291_b_3_jpg.rf.QARRZmZ8x4JLVv61RVLo.jpg,0.25,0.0,1,0,0,0,0,0,0,0
T20_d05_291_b_3_jpg.rf.QARRZmZ8x4JLVv61RVLo.jpg,0.25,0.1,1,0,0,0,0,0,0,0
T20_d05_291_b_3_jpg.rf.QARRZmZ8x4JLVv61RVLo.jpg,0.25,0.25,1,0,0,0,0,0,0,0
T20_d05_291_b_3_jpg.rf.QARRZmZ8x4JLVv61RVLo.jpg,0.25,0.5,1,0,0,0,0,0,0,0
T20_d05_291_b_3_jpg.rf.QARRZmZ8x4JLVv61RVLo.jpg,0.25,1.0,1,0,0,0,0,0,0,0
T20_d05_291_b_3_jpg.rf.QARRZmZ8x4JLVv61RVLo.jpg,0.3,0.0,1,0,0,0,0,0,0,0
T20_d05_291_b_3_jpg.rf.QARRZmZ8x4JLVv61RVLo.jpg,0.3,0.1,1,0,0,0,0,0,0,0
T20_d05_291_b_3_jpg.rf.QARRZmZ8x4JLVv61RVLo.jpg,0.3,0.25,1,0,0,0,0,0,0,0
T20_d05_291_b_3_jpg.rf.QARRZmZ8x4JLVv61RVLo.jpg,0.3,0.5,1,0,0,0,0,0,0,0
T20_d05_291_b_3_jpg.rf.QARRZmZ8x4JLVv61RVLo.jpg,0.3,1.0,1,0,0,0,0,0,0,0
T20_d05_291_b_3_jpg.rf.QARRZmZ8x4JLVv61RVLo.jpg,0.4,0.0,1,0,0,0,0,0,0,0
T20_d05_291_b_3_jpg.rf.QARRZmZ8x4JLVv61RVLo.jpg,0.4,0.1,1,0,0,0,0,0,0,0
T20_d05_291_b_3_jpg.rf.QARRZmZ8x4JLVv61RVLo.jpg,0.4,0.25,1,0,0,0,0,0,0,0
T20_d05_291_b_3_jpg.rf.QARRZmZ8x4JLVv61RVLo.jpg,0.4,0.5,1,0,0,0,0,0,0,0
T20_d05_291_b_3_jpg.rf.QARRZmZ8x4JLVv61RVLo.jpg,0.4,1.0,1,0,0,0,0,0,0,0
T20_d05_291_b_3_jpg.rf.QARRZmZ8x4JLVv61RVLo.jpg,0.5,0.0,1,0,0,0,0,0,0,0
T20_d05_291_b_3_jpg.rf.QARRZmZ8x4JLVv61RVLo.jpg,0.5,0.1,1,0,0,0,0,0,0,0
T20_d05_291_b_3_jpg.rf.QARRZmZ8x4JLVv61RVLo.jpg,0.5,0.25,1,0,0,0,0,0,0,0
T20_d05_291_b_3_jpg.rf.QARRZmZ8x4JLVv61RVLo.jpg,0.5,0.5,1,0,0,0,0,0,0,0
T20_d05_291_b_3_jpg.rf.QARRZmZ8x4JLVv61RVLo.jpg,0.5,1.0,1,0,0,0,0,0,0,0
T20_d06_151_b_4_jpg.rf.AnzZX1Sfpen4bsOyqCHw.jpg,0.15,0.0,1,0,0,0,0,0,0,0
T20_d06_151_b_4_jpg.rf.AnzZX1Sfpen4bsOyqCHw.jpg,0.15,0.1,1,0,0,0,0,0,0,0
T20_d06_151_b_4_jpg.rf.AnzZX1Sfpen4bsOyqCHw.jpg,0.15,0.25,1,0,0,0,0,0,0,0
T20_d06_151_b_4_jpg.rf.AnzZX1Sfpen4bsOyqCHw.jpg,0.15,0.5,1,0,0,0,0,0,0,0
T20_d06_151_b_4_jpg.rf.AnzZX1Sfpen4bsOyqCHw.jpg,0.15,1.0,1,0,0,0,0,0,0,0
T20_d06_151_b_4_jpg.rf.AnzZX1Sfpen4bsOyqCHw.jpg,0.2,0.0,1,0,0,0,0,0,0,0
T20_d06_151_b_4_jpg.rf.AnzZX1Sfpen4bsOyqCHw.jpg,0.2,0.1,1,0,0,0,0,0,0,0
T20_d06_151_b_4_jpg.rf.AnzZX1Sfpen4bsOyqCHw.jpg,0.2,0.25,1,0,0,0,0,0,0,0
T20_d06_151_b_4_jpg.rf.AnzZX1Sfpen4bsOyqCHw.jpg,0.2,0.5,1,0,0,0,0,0,0,0
T20_d06_151_b_4_jpg.rf.AnzZX1Sfpen4bsOyqCHw.jpg,0.2,1.0,1,0,0,0,0,0,0,0
T20_d06_151_b_4_jpg.rf.AnzZX1Sfpen4bsOyqCHw.jpg,0.25,0.0,1,0,0,0,0,0,0,0
T20_d06_151_b_4_jpg.rf.AnzZX1Sfpen4bsOyqCHw.jpg,0.25,0.1,1,0,0,0,0,0,0,0
T20_d06_151_b_4_jpg.rf.AnzZX1Sfpen4bsOyqCHw.jpg,0.25,0.25,1,0,0,0,0,0,0,0
T20_d06_151_b_4_jpg.rf.AnzZX1Sfpen4bsOyqCHw.jpg,0.25,0.5,1,0,0,0,0,0,0,0
T20_d06_151_b_4_jpg.rf.AnzZX1Sfpen4bsOyqCHw.jpg,0.25,1.0,1,0,0,0,0,0,0,0
T20_d06_151_b_4_jpg.rf.AnzZX1Sfpen4bsOyqCHw.jpg,0.3,0.0,1,0,0,0,0,0,0,0
T20_d06_151_b_4_jpg.rf.AnzZX1Sfpen4bsOyqCHw.jpg,0.3,0.1,1,0,0,0,0,0,0,0
T20_d06_151_b_4_jpg.rf.AnzZX1Sfpen4bsOyqCHw.jpg,0.3,0.25,1,0,0,0,0,0,0,0
T20_d06_151_b_4_jpg.rf.AnzZX1Sfpen4bsOyqCHw.jpg,0.3,0.5,1,0,0,0,0,0,0,0
T20_d06_151_b_4_jpg.rf.AnzZX1Sfpen4bsOyqCHw.jpg,0.3,1.0,1,0,0,0,0,0,0,0
T20_d06_151_b_4_jpg.rf.AnzZX1Sfpen4bsOyqCHw.jpg,0.4,0.0,1,0,0,0,0,0,0,0
T20_d06_151_b_4_jpg.rf.AnzZX1Sfpen4bsOyqCHw.jpg,0.4,0.1,1,0,0,0,0,0,0,0
T20_d06_151_b_4_jpg.rf.AnzZX1Sfpen4bsOyqCHw.jpg,0.4,0.25,1,0,0,0,0,0,0,0
T20_d06_151_b_4_jpg.rf.AnzZX1Sfpen4bsOyqCHw.jpg,0.4,0.5,1,0,0,0,0,0,0,0
T20_d06_151_b_4_jpg.rf.AnzZX1Sfpen4bsOyqCHw.jpg,0.4,1.0,1,0,0,0,0,0,0,0
T20_d06_151_b_4_jpg.rf.AnzZX1Sfpen4bsOyqCHw.jpg,0.5,0.0,1,0,0,0,0,0,0,0
T20_d06_151_b_4_jpg.rf.AnzZX1Sfpen4bsOyqCHw.jpg,0.5,0.1,1,0,0,0,0,0,0,0
T20_d06_151_b_4_jpg.rf.AnzZX1Sfpen4bsOyqCHw.jpg,0.5,0.25,1,0,0,0,0,0,0,0
T20_d06_151_b_4_jpg.rf.AnzZX1Sfpen4bsOyqCHw.jpg,0.5,0.5,1,0,0,0,0,0,0,0
T20_d06_151_b_4_jpg.rf.AnzZX1Sfpen4bsOyqCHw.jpg,0.5,1.0,1,0,0,0,0,0,0,0
T20_d07_006_a_4_jpg.rf.h2fY9WQdRMOrNYOsaRhb.jpg,0.15,0.0,0,7214,68711,24,7238,75925,0,2
T20_d07_006_a_4_jpg.rf.h2fY9WQdRMOrNYOsaRhb.jpg,0.15,0.1,0,7214,68711,24,7238,75925,0,2
T20_d07_006_a_4_jpg.rf.h2fY9WQdRMOrNYOsaRhb.jpg,0.15,0.25,0,7214,68711,24,7238,75925,0,2
T20_d07_006_a_4_jpg.rf.h2fY9WQdRMOrNYOsaRhb.jpg,0.15,0.5,0,7214,68711,24,7238,75925,0,2
T20_d07_006_a_4_jpg.rf.h2fY9WQdRMOrNYOsaRhb.jpg,0.15,1.0,1,7214,68711,24,7238,75925,0,2
T20_d07_006_a_4_jpg.rf.h2fY9WQdRMOrNYOsaRhb.jpg,0.2,0.0,0,7214,68711,24,7238,75925,0,2
T20_d07_006_a_4_jpg.rf.h2fY9WQdRMOrNYOsaRhb.jpg,0.2,0.1,0,7214,68711,24,7238,75925,0,2
T20_d07_006_a_4_jpg.rf.h2fY9WQdRMOrNYOsaRhb.jpg,0.2,0.25,0,7214,68711,24,7238,75925,0,2
T20_d07_006_a_4_jpg.rf.h2fY9WQdRMOrNYOsaRhb.jpg,0.2,0.5,0,7214,68711,24,7238,75925,0,2
T20_d07_006_a_4_jpg.rf.h2fY9WQdRMOrNYOsaRhb.jpg,0.2,1.0,1,7214,68711,24,7238,75925,0,2
T20_d07_006_a_4_jpg.rf.h2fY9WQdRMOrNYOsaRhb.jpg,0.25,0.0,1,0,0,7238,7238,0,0,0
T20_d07_006_a_4_jpg.rf.h2fY9WQdRMOrNYOsaRhb.jpg,0.25,0.1,1,0,0,7238,7238,0,0,0
T20_d07_006_a_4_jpg.rf.h2fY9WQdRMOrNYOsaRhb.jpg,0.25,0.25,1,0,0,7238,7238,0,0,0
T20_d07_006_a_4_jpg.rf.h2fY9WQdRMOrNYOsaRhb.jpg,0.25,0.5,1,0,0,7238,7238,0,0,0
T20_d07_006_a_4_jpg.rf.h2fY9WQdRMOrNYOsaRhb.jpg,0.25,1.0,1,0,0,7238,7238,0,0,0
T20_d07_006_a_4_jpg.rf.h2fY9WQdRMOrNYOsaRhb.jpg,0.3,0.0,1,0,0,7238,7238,0,0,0
T20_d07_006_a_4_jpg.rf.h2fY9WQdRMOrNYOsaRhb.jpg,0.3,0.1,1,0,0,7238,7238,0,0,0
T20_d07_006_a_4_jpg.rf.h2fY9WQdRMOrNYOsaRhb.jpg,0.3,0.25,1,0,0,7238,7238,0,0,0
T20_d07_006_a_4_jpg.rf.h2fY9WQdRMOrNYOsaRhb.jpg,0.3,0.5,1,0,0,7238,7238,0,0,0
T20_d07_006_a_4_jpg.rf.h2fY9WQdRMOrNYOsaRhb.jpg,0.3,1.0,1,0,0,7238,7238,0,0,0
T20_d07_006_a_4_jpg.rf.h2fY9WQdRMOrNYOsaRhb.jpg,0.4,0.0,1,0,0,7238,7238,0,0,0
T20_d07_006_a_4_jpg.rf.h2fY9WQdRMOrNYOsaRhb.jpg,0.4,0.1,1,0,0,7238,7238,0,0,0
T20_d07_006_a_4_jpg.rf.h2fY9WQdRMOrNYOsaRhb.jpg,0.4,0.25,1,0,0,7238,7238,0,0,0
T20_d07_006_a_4_jpg.rf.h2fY9WQdRMOrNYOsaRhb.jpg,0.4,0.5,1,0,0,7238,7238,0,0,0
T20_d07_006_a_4_jpg.rf.h2fY9WQdRMOrNYOsaRhb.jpg,0.4,1.0,1,0,0,7238,7238,0,0,0
T20_d07_006_a_4_jpg.rf.h2fY9WQdRMOrNYOsaRhb.jpg,0.5,0.0,1,0,0,7238,7238,0,0,0
T20_d07_006_a_4_jpg.rf.h2fY9WQdRMOrNYOsaRhb.jpg,0.5,0.1,1,0,0,7238,7238,0,0,0
T20_d07_006_a_4_jpg.rf.h2fY9WQdRMOrNYOsaRhb.jpg,0.5,0.25,1,0,0,7238,7238,0,0,0
T20_d07_006_a_4_jpg.rf.h2fY9WQdRMOrNYOsaRhb.jpg,0.5,0.5,1,0,0,7238,7238,0,0,0
T20_d07_006_a_4_jpg.rf.h2fY9WQdRMOrNYOsaRhb.jpg,0.5,1.0,1,0,0,7238,7238,0,0,0
T20_d07_176_a_4_jpg.rf.f9sMz12PVWKbX3dorZmY.jpg,0.15,0.0,1,7526,746,75,7601,8272,0,0
T20_d07_176_a_4_jpg.rf.f9sMz12PVWKbX3dorZmY.jpg,0.15,0.1,1,7526,746,75,7601,8272,0,0
T20_d07_176_a_4_jpg.rf.f9sMz12PVWKbX3dorZmY.jpg,0.15,0.25,1,7526,746,75,7601,8272,0,0
T20_d07_176_a_4_jpg.rf.f9sMz12PVWKbX3dorZmY.jpg,0.15,0.5,1,7526,746,75,7601,8272,0,0
T20_d07_176_a_4_jpg.rf.f9sMz12PVWKbX3dorZmY.jpg,0.15,1.0,1,7526,746,75,7601,8272,0,0
T20_d07_176_a_4_jpg.rf.f9sMz12PVWKbX3dorZmY.jpg,0.2,0.0,1,7526,746,75,7601,8272,0,0
T20_d07_176_a_4_jpg.rf.f9sMz12PVWKbX3dorZmY.jpg,0.2,0.1,1,7526,746,75,7601,8272,0,0
T20_d07_176_a_4_jpg.rf.f9sMz12PVWKbX3dorZmY.jpg,0.2,0.25,1,7526,746,75,7601,8272,0,0
T20_d07_176_a_4_jpg.rf.f9sMz12PVWKbX3dorZmY.jpg,0.2,0.5,1,7526,746,75,7601,8272,0,0
T20_d07_176_a_4_jpg.rf.f9sMz12PVWKbX3dorZmY.jpg,0.2,1.0,1,7526,746,75,7601,8272,0,0
T20_d07_176_a_4_jpg.rf.f9sMz12PVWKbX3dorZmY.jpg,0.25,0.0,1,7526,746,75,7601,8272,0,0
T20_d07_176_a_4_jpg.rf.f9sMz12PVWKbX3dorZmY.jpg,0.25,0.1,1,7526,746,75,7601,8272,0,0
T20_d07_176_a_4_jpg.rf.f9sMz12PVWKbX3dorZmY.jpg,0.25,0.25,1,7526,746,75,7601,8272,0,0
T20_d07_176_a_4_jpg.rf.f9sMz12PVWKbX3dorZmY.jpg,0.25,0.5,1,7526,746,75,7601,8272,0,0
T20_d07_176_a_4_jpg.rf.f9sMz12PVWKbX3dorZmY.jpg,0.25,1.0,1,7526,746,75,7601,8272,0,0
T20_d07_176_a_4_jpg.rf.f9sMz12PVWKbX3dorZmY.jpg,0.3,0.0,1,7526,746,75,7601,8272,0,0
T20_d07_176_a_4_jpg.rf.f9sMz12PVWKbX3dorZmY.jpg,0.3,0.1,1,7526,746,75,7601,8272,0,0
T20_d07_176_a_4_jpg.rf.f9sMz12PVWKbX3dorZmY.jpg,0.3,0.25,1,7526,746,75,7601,8272,0,0
T20_d07_176_a_4_jpg.rf.f9sMz12PVWKbX3dorZmY.jpg,0.3,0.5,1,7526,746,75,7601,8272,0,0
T20_d07_176_a_4_jpg.rf.f9sMz12PVWKbX3dorZmY.jpg,0.3,1.0,1,7526,746,75,7601,8272,0,0
T20_d07_176_a_4_jpg.rf.f9sMz12PVWKbX3dorZmY.jpg,0.4,0.0,1,7526,746,75,7601,8272,0,0
T20_d07_176_a_4_jpg.rf.f9sMz12PVWKbX3dorZmY.jpg,0.4,0.1,1,7526,746,75,7601,8272,0,0
T20_d07_176_a_4_jpg.rf.f9sMz12PVWKbX3dorZmY.jpg,0.4,0.25,1,7526,746,75,7601,8272,0,0
T20_d07_176_a_4_jpg.rf.f9sMz12PVWKbX3dorZmY.jpg,0.4,0.5,1,7526,746,75,7601,8272,0,0
T20_d07_176_a_4_jpg.rf.f9sMz12PVWKbX3dorZmY.jpg,0.4,1.0,1,7526,746,75,7601,8272,0,0
T20_d07_176_a_4_jpg.rf.f9sMz12PVWKbX3dorZmY.jpg,0.5,0.0,1,7526,746,75,7601,8272,0,0
T20_d07_176_a_4_jpg.rf.f9sMz12PVWKbX3dorZmY.jpg,0.5,0.1,1,7526,746,75,7601,8272,0,0
T20_d07_176_a_4_jpg.rf.f9sMz12PVWKbX3dorZmY.jpg,0.5,0.25,1,7526,746,75,7601,8272,0,0
T20_d07_176_a_4_jpg.rf.f9sMz12PVWKbX3dorZmY.jpg,0.5,0.5,1,7526,746,75,7601,8272,0,0
T20_d07_176_a_4_jpg.rf.f9sMz12PVWKbX3dorZmY.jpg,0.5,1.0,1,7526,746,75,7601,8272,0,0
T20_d07_239_a_3_jpg.rf.FgOvCqK53WGYfbS54Lyk.jpg,0.15,0.0,0,33551,58184,102,33653,91735,2,2
T20_d07_239_a_3_jpg.rf.FgOvCqK53WGYfbS54Lyk.jpg,0.15,0.1,0,33551,58184,102,33653,91735,2,2
T20_d07_239_a_3_jpg.rf.FgOvCqK53WGYfbS54Lyk.jpg,0.15,0.25,0,33551,58184,102,33653,91735,2,2
T20_d07_239_a_3_jpg.rf.FgOvCqK53WGYfbS54Lyk.jpg,0.15,0.5,0,33551,58184,102,33653,91735,2,2
T20_d07_239_a_3_jpg.rf.FgOvCqK53WGYfbS54Lyk.jpg,0.15,1.0,1,33551,58184,102,33653,91735,2,2
T20_d07_239_a_3_jpg.rf.FgOvCqK53WGYfbS54Lyk.jpg,0.2,0.0,0,27398,51396,6255,33653,78794,2,2
T20_d07_239_a_3_jpg.rf.FgOvCqK53WGYfbS54Lyk.jpg,0.2,0.1,0,27398,51396,6255,33653,78794,2,2
T20_d07_239_a_3_jpg.rf.FgOvCqK53WGYfbS54Lyk.jpg,0.2,0.25,0,27398,51396,6255,33653,78794,2,2
T20_d07_239_a_3_jpg.rf.FgOvCqK53WGYfbS54Lyk.jpg,0.2,0.5,0,27398,51396,6255,33653,78794,2,2
T20_d07_239_a_3_jpg.rf.FgOvCqK53WGYfbS54Lyk.jpg,0.2,1.0,1,27398,51396,6255,33653,78794,2,2
T20_d07_239_a_3_jpg.rf.FgOvCqK53WGYfbS54Lyk.jpg,0.25,0.0,0,17023,81,16630,33653,17104,2,2
T20_d07_239_a_3_jpg.rf.FgOvCqK53WGYfbS54Lyk.jpg,0.25,0.1,0,17023,81,16630,33653,17104,2,2
T20_d07_239_a_3_jpg.rf.FgOvCqK53WGYfbS54Lyk.jpg,0.25,0.25,0,17023,81,16630,33653,17104,2,2
T20_d07_239_a_3_jpg.rf.FgOvCqK53WGYfbS54Lyk.jpg,0.25,0.5,0,17023,81,16630,33653,17104,2,2
T20_d07_239_a_3_jpg.rf.FgOvCqK53WGYfbS54Lyk.jpg,0.25,1.0,1,17023,81,16630,33653,17104,2,2
T20_d07_239_a_3_jpg.rf.FgOvCqK53WGYfbS54Lyk.jpg,0.3,0.0,1,0,0,33653,33653,0,2,0
T20_d07_239_a_3_jpg.rf.FgOvCqK53WGYfbS54Lyk.jpg,0.3,0.1,1,0,0,33653,33653,0,2,0
T20_d07_239_a_3_jpg.rf.FgOvCqK53WGYfbS54Lyk.jpg,0.3,0.25,1,0,0,33653,33653,0,2,0
T20_d07_239_a_3_jpg.rf.FgOvCqK53WGYfbS54Lyk.jpg,0.3,0.5,1,0,0,33653,33653,0,2,0
T20_d07_239_a_3_jpg.rf.FgOvCqK53WGYfbS54Lyk.jpg,0.3,1.0,1,0,0,33653,33653,0,2,0
T20_d07_239_a_3_jpg.rf.FgOvCqK53WGYfbS54Lyk.jpg,0.4,0.0,1,0,0,33653,33653,0,2,0
T20_d07_239_a_3_jpg.rf.FgOvCqK53WGYfbS54Lyk.jpg,0.4,0.1,1,0,0,33653,33653,0,2,0
T20_d07_239_a_3_jpg.rf.FgOvCqK53WGYfbS54Lyk.jpg,0.4,0.25,1,0,0,33653,33653,0,2,0
T20_d07_239_a_3_jpg.rf.FgOvCqK53WGYfbS54Lyk.jpg,0.4,0.5,1,0,0,33653,33653,0,2,0
T20_d07_239_a_3_jpg.rf.FgOvCqK53WGYfbS54Lyk.jpg,0.4,1.0,1,0,0,33653,33653,0,2,0
T20_d07_239_a_3_jpg.rf.FgOvCqK53WGYfbS54Lyk.jpg,0.5,0.0,1,0,0,33653,33653,0,2,0
T20_d07_239_a_3_jpg.rf.FgOvCqK53WGYfbS54Lyk.jpg,0.5,0.1,1,0,0,33653,33653,0,2,0
T20_d07_239_a_3_jpg.rf.FgOvCqK53WGYfbS54Lyk.jpg,0.5,0.25,1,0,0,33653,33653,0,2,0
T20_d07_239_a_3_jpg.rf.FgOvCqK53WGYfbS54Lyk.jpg,0.5,0.5,1,0,0,33653,33653,0,2,0
T20_d07_239_a_3_jpg.rf.FgOvCqK53WGYfbS54Lyk.jpg,0.5,1.0,1,0,0,33653,33653,0,2,0
T20_d07_371_a_3_jpg.rf.GJtnHlHRsAXIVghlDYpc.jpg,0.15,0.0,1,0,0,3011,3011,0,0,0
T20_d07_371_a_3_jpg.rf.GJtnHlHRsAXIVghlDYpc.jpg,0.15,0.1,1,0,0,3011,3011,0,0,0
T20_d07_371_a_3_jpg.rf.GJtnHlHRsAXIVghlDYpc.jpg,0.15,0.25,1,0,0,3011,3011,0,0,0
T20_d07_371_a_3_jpg.rf.GJtnHlHRsAXIVghlDYpc.jpg,0.15,0.5,1,0,0,3011,3011,0,0,0
T20_d07_371_a_3_jpg.rf.GJtnHlHRsAXIVghlDYpc.jpg,0.15,1.0,1,0,0,3011,3011,0,0,0
T20_d07_371_a_3_jpg.rf.GJtnHlHRsAXIVghlDYpc.jpg,0.2,0.0,1,0,0,3011,3011,0,0,0
T20_d07_371_a_3_jpg.rf.GJtnHlHRsAXIVghlDYpc.jpg,0.2,0.1,1,0,0,3011,3011,0,0,0
T20_d07_371_a_3_jpg.rf.GJtnHlHRsAXIVghlDYpc.jpg,0.2,0.25,1,0,0,3011,3011,0,0,0
T20_d07_371_a_3_jpg.rf.GJtnHlHRsAXIVghlDYpc.jpg,0.2,0.5,1,0,0,3011,3011,0,0,0
T20_d07_371_a_3_jpg.rf.GJtnHlHRsAXIVghlDYpc.jpg,0.2,1.0,1,0,0,3011,3011,0,0,0
T20_d07_371_a_3_jpg.rf.GJtnHlHRsAXIVghlDYpc.jpg,0.25,0.0,1,0,0,3011,3011,0,0,0
T20_d07_371_a_3_jpg.rf.GJtnHlHRsAXIVghlDYpc.jpg,0.25,0.1,1,0,0,3011,3011,0,0,0
T20_d07_371_a_3_jpg.rf.GJtnHlHRsAXIVghlDYpc.jpg,0.25,0.25,1,0,0,3011,3011,0,0,0
T20_d07_371_a_3_jpg.rf.GJtnHlHRsAXIVghlDYpc.jpg,0.25,0.5,1,0,0,3011,3011,0,0,0
T20_d07_371_a_3_jpg.rf.GJtnHlHRsAXIVghlDYpc.jpg,0.25,1.0,1,0,0,3011,3011,0,0,0
T20_d07_371_a_3_jpg.rf.GJtnHlHRsAXIVghlDYpc.jpg,0.3,0.0,1,0,0,3011,3011,0,0,0
T20_d07_371_a_3_jpg.rf.GJtnHlHRsAXIVghlDYpc.jpg,0.3,0.1,1,0,0,3011,3011,0,0,0
T20_d07_371_a_3_jpg.rf.GJtnHlHRsAXIVghlDYpc.jpg,0.3,0.25,1,0,0,3011,3011,0,0,0
T20_d07_371_a_3_jpg.rf.GJtnHlHRsAXIVghlDYpc.jpg,0.3,0.5,1,0,0,3011,3011,0,0,0
T20_d07_371_a_3_jpg.rf.GJtnHlHRsAXIVghlDYpc.jpg,0.3,1.0,1,0,0,3011,3011,0,0,0
T20_d07_371_a_3_jpg.rf.GJtnHlHRsAXIVghlDYpc.jpg,0.4,0.0,1,0,0,3011,3011,0,0,0
T20_d07_371_a_3_jpg.rf.GJtnHlHRsAXIVghlDYpc.jpg,0.4,0.1,1,0,0,3011,3011,0,0,0
T20_d07_371_a_3_jpg.rf.GJtnHlHRsAXIVghlDYpc.jpg,0.4,0.25,1,0,0,3011,3011,0,0,0
T20_d07_371_a_3_jpg.rf.GJtnHlHRsAXIVghlDYpc.jpg,0.4,0.5,1,0,0,3011,3011,0,0,0
T20_d07_371_a_3_jpg.rf.GJtnHlHRsAXIVghlDYpc.jpg,0.4,1.0,1,0,0,3011,3011,0,0,0
T20_d07_371_a_3_jpg.rf.GJtnHlHRsAXIVghlDYpc.jpg,0.5,0.0,1,0,0,3011,3011,0,0,0
T20_d07_371_a_3_jpg.rf.GJtnHlHRsAXIVghlDYpc.jpg,0.5,0.1,1,0,0,3011,3011,0,0,0
T20_d07_371_a_3_jpg.rf.GJtnHlHRsAXIVghlDYpc.jpg,0.5,0.25,1,0,0,3011,3011,0,0,0
T20_d07_371_a_3_jpg.rf.GJtnHlHRsAXIVghlDYpc.jpg,0.5,0.5,1,0,0,3011,3011,0,0,0
T20_d07_371_a_3_jpg.rf.GJtnHlHRsAXIVghlDYpc.jpg,0.5,1.0,1,0,0,3011,3011,0,0,0
T20_d07_383_a_3_jpg.rf.j5ny71TQ8JYz9vt5zUgO.jpg,0.15,0.0,1,0,0,0,0,0,0,0
T20_d07_383_a_3_jpg.rf.j5ny71TQ8JYz9vt5zUgO.jpg,0.15,0.1,1,0,0,0,0,0,0,0
T20_d07_383_a_3_jpg.rf.j5ny71TQ8JYz9vt5zUgO.jpg,0.15,0.25,1,0,0,0,0,0,0,0
T20_d07_383_a_3_jpg.rf.j5ny71TQ8JYz9vt5zUgO.jpg,0.15,0.5,1,0,0,0,0,0,0,0
T20_d07_383_a_3_jpg.rf.j5ny71TQ8JYz9vt5zUgO.jpg,0.15,1.0,1,0,0,0,0,0,0,0
T20_d07_383_a_3_jpg.rf.j5ny71TQ8JYz9vt5zUgO.jpg,0.2,0.0,1,0,0,0,0,0,0,0
T20_d07_383_a_3_jpg.rf.j5ny71TQ8JYz9vt5zUgO.jpg,0.2,0.1,1,0,0,0,0,0,0,0
T20_d07_383_a_3_jpg.rf.j5ny71TQ8JYz9vt5zUgO.jpg,0.2,0.25,1,0,0,0,0,0,0,0
T20_d07_383_a_3_jpg.rf.j5ny71TQ8JYz9vt5zUgO.jpg,0.2,0.5,1,0,0,0,0,0,0,0
T20_d07_383_a_3_jpg.rf.j5ny71TQ8JYz9vt5zUgO.jpg,0.2,1.0,1,0,0,0,0,0,0,0
T20_d07_383_a_3_jpg.rf.j5ny71TQ8JYz9vt5zUgO.jpg,0.25,0.0,1,0,0,0,0,0,0,0
T20_d07_383_a_3_jpg.rf.j5ny71TQ8JYz9vt5zUgO.jpg,0.25,0.1,1,0,0,0,0,0,0,0
T20_d07_383_a_3_jpg.rf.j5ny71TQ8JYz9vt5zUgO.jpg,0.25,0.25,1,0,0,0,0,0,0,0
T20_d07_383_a_3_jpg.rf.j5ny71TQ8JYz9vt5zUgO.jpg,0.25,0.5,1,0,0,0,0,0,0,0
T20_d07_383_a_3_jpg.rf.j5ny71TQ8JYz9vt5zUgO.jpg,0.25,1.0,1,0,0,0,0,0,0,0
T20_d07_383_a_3_jpg.rf.j5ny71TQ8JYz9vt5zUgO.jpg,0.3,0.0,1,0,0,0,0,0,0,0
T20_d07_383_a_3_jpg.rf.j5ny71TQ8JYz9vt5zUgO.jpg,0.3,0.1,1,0,0,0,0,0,0,0
T20_d07_383_a_3_jpg.rf.j5ny71TQ8JYz9vt5zUgO.jpg,0.3,0.25,1,0,0,0,0,0,0,0
T20_d07_383_a_3_jpg.rf.j5ny71TQ8JYz9vt5zUgO.jpg,0.3,0.5,1,0,0,0,0,0,0,0
T20_d07_383_a_3_jpg.rf.j5ny71TQ8JYz9vt5zUgO.jpg,0.3,1.0,1,0,0,0,0,0,0,0
T20_d07_383_a_3_jpg.rf.j5ny71TQ8JYz9vt5zUgO.jpg,0.4,0.0,1,0,0,0,0,0,0,0
T20_d07_383_a_3_jpg.rf.j5ny71TQ8JYz9vt5zUgO.jpg,0.4,0.1,1,0,0,0,0,0,0,0
T20_d07_383_a_3_jpg.rf.j5ny71TQ8JYz9vt5zUgO.jpg,0.4,0.25,1,0,0,0,0,0,0,0
T20_d07_383_a_3_jpg.rf.j5ny71TQ8JYz9vt5zUgO.jpg,0.4,0.5,1,0,0,0,0,0,0,0
T20_d07_383_a_3_jpg.rf.j5ny71TQ8JYz9vt5zUgO.jpg,0.4,1.0,1,0,0,0,0,0,0,0
T20_d07_383_a_3_jpg.rf.j5ny71TQ8JYz9vt5zUgO.jpg,0.5,0.0,1,0,0,0,0,0,0,0
T20_d07_383_a_3_jpg.rf.j5ny71TQ8JYz9vt5zUgO.jpg,0.5,0.1,1,0,0,0,0,0,0,0
T20_d07_383_a_3_jpg.rf.j5ny71TQ8JYz9vt5zUgO.jpg,0.5,0.25,1,0,0,0,0,0,0,0
T20_d07_383_a_3_jpg.rf.j5ny71TQ8JYz9vt5zUgO.jpg,0.5,0.5,1,0,0,0,0,0,0,0
T20_d07_383_a_3_jpg.rf.j5ny71TQ8JYz9vt5zUgO.jpg,0.5,1.0,1,0,0,0,0,0,0,0
T20_d08_006_a_4_jpg.rf.eGX6oQqKZ4kzLJfvJOEY.jpg,0.15,0.0,1,0,0,12375,12375,0,0,0
T20_d08_006_a_4_jpg.rf.eGX6oQqKZ4kzLJfvJOEY.jpg,0.15,0.1,1,0,0,12375,12375,0,0,0
T20_d08_006_a_4_jpg.rf.eGX6oQqKZ4kzLJfvJOEY.jpg,0.15,0.25,1,0,0,12375,12375,0,0,0
T20_d08_006_a_4_jpg.rf.eGX6oQqKZ4kzLJfvJOEY.jpg,0.15,0.5,1,0,0,12375,12375,0,0,0
T20_d08_006_a_4_jpg.rf.eGX6oQqKZ4kzLJfvJOEY.jpg,0.15,1.0,1,0,0,12375,12375,0,0,0
T20_d08_006_a_4_jpg.rf.eGX6oQqKZ4kzLJfvJOEY.jpg,0.2,0.0,1,0,0,12375,12375,0,0,0
T20_d08_006_a_4_jpg.rf.eGX6oQqKZ4kzLJfvJOEY.jpg,0.2,0.1,1,0,0,12375,12375,0,0,0
T20_d08_006_a_4_jpg.rf.eGX6oQqKZ4kzLJfvJOEY.jpg,0.2,0.25,1,0,0,12375,12375,0,0,0
T20_d08_006_a_4_jpg.rf.eGX6oQqKZ4kzLJfvJOEY.jpg,0.2,0.5,1,0,0,12375,12375,0,0,0
T20_d08_006_a_4_jpg.rf.eGX6oQqKZ4kzLJfvJOEY.jpg,0.2,1.0,1,0,0,12375,12375,0,0,0
T20_d08_006_a_4_jpg.rf.eGX6oQqKZ4kzLJfvJOEY.jpg,0.25,0.0,1,0,0,12375,12375,0,0,0
T20_d08_006_a_4_jpg.rf.eGX6oQqKZ4kzLJfvJOEY.jpg,0.25,0.1,1,0,0,12375,12375,0,0,0
T20_d08_006_a_4_jpg.rf.eGX6oQqKZ4kzLJfvJOEY.jpg,0.25,0.25,1,0,0,12375,12375,0,0,0
T20_d08_006_a_4_jpg.rf.eGX6oQqKZ4kzLJfvJOEY.jpg,0.25,0.5,1,0,0,12375,12375,0,0,0
T20_d08_006_a_4_jpg.rf.eGX6oQqKZ4kzLJfvJOEY.jpg,0.25,1.0,1,0,0,12375,12375,0,0,0
T20_d08_006_a_4_jpg.rf.eGX6oQqKZ4kzLJfvJOEY.jpg,0.3,0.0,1,0,0,12375,12375,0,0,0
T20_d08_006_a_4_jpg.rf.eGX6oQqKZ4kzLJfvJOEY.jpg,0.3,0.1,1,0,0,12375,12375,0,0,0
T20_d08_006_a_4_jpg.rf.eGX6oQqKZ4kzLJfvJOEY.jpg,0.3,0.25,1,0,0,12375,12375,0,0,0
T20_d08_006_a_4_jpg.rf.eGX6oQqKZ4kzLJfvJOEY.jpg,0.3,0.5,1,0,0,12375,12375,0,0,0
T20_d08_006_a_4_jpg.rf.eGX6oQqKZ4kzLJfvJOEY.jpg,0.3,1.0,1,0,0,12375,12375,0,0,0
T20_d08_006_a_4_jpg.rf.eGX6oQqKZ4kzLJfvJOEY.jpg,0.4,0.0,1,0,0,12375,12375,0,0,0
T20_d08_006_a_4_jpg.rf.eGX6oQqKZ4kzLJfvJOEY.jpg,0.4,0.1,1,0,0,12375,12375,0,0,0
T20_d08_006_a_4_jpg.rf.eGX6oQqKZ4kzLJfvJOEY.jpg,0.4,0.25,1,0,0,12375,12375,0,0,0
T20_d08_006_a_4_jpg.rf.eGX6oQqKZ4kzLJfvJOEY.jpg,0.4,0.5,1,0,0,12375,12375,0,0,0
T20_d08_006_a_4_jpg.rf.eGX6oQqKZ4kzLJfvJOEY.jpg,0.4,1.0,1,0,0,12375,12375,0,0,0
T20_d08_006_a_4_jpg.rf.eGX6oQqKZ4kzLJfvJOEY.jpg,0.5,0.0,1,0,0,12375,12375,0,0,0
T20_d08_006_a_4_jpg.rf.eGX6oQqKZ4kzLJfvJOEY.jpg,0.5,0.1,1,0,0,12375,12375,0,0,0
T20_d08_006_a_4_jpg.rf.eGX6oQqKZ4kzLJfvJOEY.jpg,0.5,0.25,1,0,0,12375,12375,0,0,0
T20_d08_006_a_4_jpg.rf.eGX6oQqKZ4kzLJfvJOEY.jpg,0.5,0.5,1,0,0,12375,12375,0,0,0
T20_d08_006_a_4_jpg.rf.eGX6oQqKZ4kzLJfvJOEY.jpg,0.5,1.0,1,0,0,12375,12375,0,0,0
T20_d08_309_b_4_jpg.rf.xtHCLLCQrDG7lngMESc7.jpg,0.15,0.0,1,0,0,0,0,0,0,0
T20_d08_309_b_4_jpg.rf.xtHCLLCQrDG7lngMESc7.jpg,0.15,0.1,1,0,0,0,0,0,0,0
T20_d08_309_b_4_jpg.rf.xtHCLLCQrDG7lngMESc7.jpg,0.15,0.25,1,0,0,0,0,0,0,0
T20_d08_309_b_4_jpg.rf.xtHCLLCQrDG7lngMESc7.jpg,0.15,0.5,1,0,0,0,0,0,0,0
T20_d08_309_b_4_jpg.rf.xtHCLLCQrDG7lngMESc7.jpg,0.15,1.0,1,0,0,0,0,0,0,0
T20_d08_309_b_4_jpg.rf.xtHCLLCQrDG7lngMESc7.jpg,0.2,0.0,1,0,0,0,0,0,0,0
T20_d08_309_b_4_jpg.rf.xtHCLLCQrDG7lngMESc7.jpg,0.2,0.1,1,0,0,0,0,0,0,0
T20_d08_309_b_4_jpg.rf.xtHCLLCQrDG7lngMESc7.jpg,0.2,0.25,1,0,0,0,0,0,0,0
T20_d08_309_b_4_jpg.rf.xtHCLLCQrDG7lngMESc7.jpg,0.2,0.5,1,0,0,0,0,0,0,0
T20_d08_309_b_4_jpg.rf.xtHCLLCQrDG7lngMESc7.jpg,0.2,1.0,1,0,0,0,0,0,0,0
T20_d08_309_b_4_jpg.rf.xtHCLLCQrDG7lngMESc7.jpg,0.25,0.0,1,0,0,0,0,0,0,0
T20_d08_309_b_4_jpg.rf.xtHCLLCQrDG7lngMESc7.jpg,0.25,0.1,1,0,0,0,0,0,0,0
T20_d08_309_b_4_jpg.rf.xtHCLLCQrDG7lngMESc7.jpg,0.25,0.25,1,0,0,0,0,0,0,0
T20_d08_309_b_4_jpg.rf.xtHCLLCQrDG7lngMESc7.jpg,0.25,0.5,1,0,0,0,0,0,0,0
T20_d08_309_b_4_jpg.rf.xtHCLLCQrDG7lngMESc7.jpg,0.25,1.0,1,0,0,0,0,0,0,0
T20_d08_309_b_4_jpg.rf.xtHCLLCQrDG7lngMESc7.jpg,0.3,0.0,1,0,0,0,0,0,0,0
T20_d08_309_b_4_jpg.rf.xtHCLLCQrDG7lngMESc7.jpg,0.3,0.1,1,0,0,0,0,0,0,0
T20_d08_309_b_4_jpg.rf.xtHCLLCQrDG7lngMESc7.jpg,0.3,0.25,1,0,0,0,0,0,0,0
T20_d08_309_b_4_jpg.rf.xtHCLLCQrDG7lngMESc7.jpg,0.3,0.5,1,0,0,0,0,0,0,0
T20_d08_309_b_4_jpg.rf.xtHCLLCQrDG7lngMESc7.jpg,0.3,1.0,1,0,0,0,0,0,0,0
T20_d08_309_b_4_jpg.rf.xtHCLLCQrDG7lngMESc7.jpg,0.4,0.0,1,0,0,0,0,0,0,0
T20_d08_309_b_4_jpg.rf.xtHCLLCQrDG7lngMESc7.jpg,0.4,0.1,1,0,0,0,0,0,0,0
T20_d08_309_b_4_jpg.rf.xtHCLLCQrDG7lngMESc7.jpg,0.4,0.25,1,0,0,0,0,0,0,0
T20_d08_309_b_4_jpg.rf.xtHCLLCQrDG7lngMESc7.jpg,0.4,0.5,1,0,0,0,0,0,0,0
T20_d08_309_b_4_jpg.rf.xtHCLLCQrDG7lngMESc7.jpg,0.4,1.0,1,0,0,0,0,0,0,0
T20_d08_309_b_4_jpg.rf.xtHCLLCQrDG7lngMESc7.jpg,0.5,0.0,1,0,0,0,0,0,0,0
T20_d08_309_b_4_jpg.rf.xtHCLLCQrDG7lngMESc7.jpg,0.5,0.1,1,0,0,0,0,0,0,0
T20_d08_309_b_4_jpg.rf.xtHCLLCQrDG7lngMESc7.jpg,0.5,0.25,1,0,0,0,0,0,0,0
T20_d08_309_b_4_jpg.rf.xtHCLLCQrDG7lngMESc7.jpg,0.5,0.5,1,0,0,0,0,0,0,0
T20_d08_309_b_4_jpg.rf.xtHCLLCQrDG7lngMESc7.jpg,0.5,1.0,1,0,0,0,0,0,0,0
T20_d09_063_b_4_jpg.rf.o63GnIGqBSjKdwz1jTgv.jpg,0.15,0.0,1,0,0,0,0,0,0,0
T20_d09_063_b_4_jpg.rf.o63GnIGqBSjKdwz1jTgv.jpg,0.15,0.1,1,0,0,0,0,0,0,0
T20_d09_063_b_4_jpg.rf.o63GnIGqBSjKdwz1jTgv.jpg,0.15,0.25,1,0,0,0,0,0,0,0
T20_d09_063_b_4_jpg.rf.o63GnIGqBSjKdwz1jTgv.jpg,0.15,0.5,1,0,0,0,0,0,0,0
T20_d09_063_b_4_jpg.rf.o63GnIGqBSjKdwz1jTgv.jpg,0.15,1.0,1,0,0,0,0,0,0,0
T20_d09_063_b_4_jpg.rf.o63GnIGqBSjKdwz1jTgv.jpg,0.2,0.0,1,0,0,0,0,0,0,0
T20_d09_063_b_4_jpg.rf.o63GnIGqBSjKdwz1jTgv.jpg,0.2,0.1,1,0,0,0,0,0,0,0
T20_d09_063_b_4_jpg.rf.o63GnIGqBSjKdwz1jTgv.jpg,0.2,0.25,1,0,0,0,0,0,0,0
T20_d09_063_b_4_jpg.rf.o63GnIGqBSjKdwz1jTgv.jpg,0.2,0.5,1,0,0,0,0,0,0,0
T20_d09_063_b_4_jpg.rf.o63GnIGqBSjKdwz1jTgv.jpg,0.2,1.0,1,0,0,0,0,0,0,0
T20_d09_063_b_4_jpg.rf.o63GnIGqBSjKdwz1jTgv.jpg,0.25,0.0,1,0,0,0,0,0,0,0
T20_d09_063_b_4_jpg.rf.o63GnIGqBSjKdwz1jTgv.jpg,0.25,0.1,1,0,0,0,0,0,0,0
T20_d09_063_b_4_jpg.rf.o63GnIGqBSjKdwz1jTgv.jpg,0.25,0.25,1,0,0,0,0,0,0,0
T20_d09_063_b_4_jpg.rf.o63GnIGqBSjKdwz1jTgv.jpg,0.25,0.5,1,0,0,0,0,0,0,0
T20_d09_063_b_4_jpg.rf.o63GnIGqBSjKdwz1jTgv.jpg,0.25,1.0,1,0,0,0,0,0,0,0
T20_d09_063_b_4_jpg.rf.o63GnIGqBSjKdwz1jTgv.jpg,0.3,0.0,1,0,0,0,0,0,0,0
T20_d09_063_b_4_jpg.rf.o63GnIGqBSjKdwz1jTgv.jpg,0.3,0.1,1,0,0,0,0,0,0,0
T20_d09_063_b_4_jpg.rf.o63GnIGqBSjKdwz1jTgv.jpg,0.3,0.25,1,0,0,0,0,0,0,0
T20_d09_063_b_4_jpg.rf.o63GnIGqBSjKdwz1jTgv.jpg,0.3,0.5,1,0,0,0,0,0,0,0
T20_d09_063_b_4_jpg.rf.o63GnIGqBSjKdwz1jTgv.jpg,0.3,1.0,1,0,0,0,0,0,0,0
T20_d09_063_b_4_jpg.rf.o63GnIGqBSjKdwz1jTgv.jpg,0.4,0.0,1,0,0,0,0,0,0,0
T20_d09_063_b_4_jpg.rf.o63GnIGqBSjKdwz1jTgv.jpg,0.4,0.1,1,0,0,0,0,0,0,0
T20_d09_063_b_4_jpg.rf.o63GnIGqBSjKdwz1jTgv.jpg,0.4,0.25,1,0,0,0,0,0,0,0
T20_d09_063_b_4_jpg.rf.o63GnIGqBSjKdwz1jTgv.jpg,0.4,0.5,1,0,0,0,0,0,0,0
T20_d09_063_b_4_jpg.rf.o63GnIGqBSjKdwz1jTgv.jpg,0.4,1.0,1,0,0,0,0,0,0,0
T20_d09_063_b_4_jpg.rf.o63GnIGqBSjKdwz1jTgv.jpg,0.5,0.0,1,0,0,0,0,0,0,0
T20_d09_063_b_4_jpg.rf.o63GnIGqBSjKdwz1jTgv.jpg,0.5,0.1,1,0,0,0,0,0,0,0
T20_d09_063_b_4_jpg.rf.o63GnIGqBSjKdwz1jTgv.jpg,0.5,0.25,1,0,0,0,0,0,0,0
T20_d09_063_b_4_jpg.rf.o63GnIGqBSjKdwz1jTgv.jpg,0.5,0.5,1,0,0,0,0,0,0,0
T20_d09_063_b_4_jpg.rf.o63GnIGqBSjKdwz1jTgv.jpg,0.5,1.0,1,0,0,0,0,0,0,0
T20_d09_224_b_4_jpg.rf.iq5ni2K258wFnYR5SJ1K.jpg,0.15,0.0,1,0,0,0,0,0,0,0
T20_d09_224_b_4_jpg.rf.iq5ni2K258wFnYR5SJ1K.jpg,0.15,0.1,1,0,0,0,0,0,0,0
T20_d09_224_b_4_jpg.rf.iq5ni2K258wFnYR5SJ1K.jpg,0.15,0.25,1,0,0,0,0,0,0,0
T20_d09_224_b_4_jpg.rf.iq5ni2K258wFnYR5SJ1K.jpg,0.15,0.5,1,0,0,0,0,0,0,0
T20_d09_224_b_4_jpg.rf.iq5ni2K258wFnYR5SJ1K.jpg,0.15,1.0,1,0,0,0,0,0,0,0
T20_d09_224_b_4_jpg.rf.iq5ni2K258wFnYR5SJ1K.jpg,0.2,0.0,1,0,0,0,0,0,0,0
T20_d09_224_b_4_jpg.rf.iq5ni2K258wFnYR5SJ1K.jpg,0.2,0.1,1,0,0,0,0,0,0,0
T20_d09_224_b_4_jpg.rf.iq5ni2K258wFnYR5SJ1K.jpg,0.2,0.25,1,0,0,0,0,0,0,0
T20_d09_224_b_4_jpg.rf.iq5ni2K258wFnYR5SJ1K.jpg,0.2,0.5,1,0,0,0,0,0,0,0
T20_d09_224_b_4_jpg.rf.iq5ni2K258wFnYR5SJ1K.jpg,0.2,1.0,1,0,0,0,0,0,0,0
T20_d09_224_b_4_jpg.rf.iq5ni2K258wFnYR5SJ1K.jpg,0.25,0.0,1,0,0,0,0,0,0,0
T20_d09_224_b_4_jpg.rf.iq5ni2K258wFnYR5SJ1K.jpg,0.25,0.1,1,0,0,0,0,0,0,0
T20_d09_224_b_4_jpg.rf.iq5ni2K258wFnYR5SJ1K.jpg,0.25,0.25,1,0,0,0,0,0,0,0
T20_d09_224_b_4_jpg.rf.iq5ni2K258wFnYR5SJ1K.jpg,0.25,0.5,1,0,0,0,0,0,0,0
T20_d09_224_b_4_jpg.rf.iq5ni2K258wFnYR5SJ1K.jpg,0.25,1.0,1,0,0,0,0,0,0,0
T20_d09_224_b_4_jpg.rf.iq5ni2K258wFnYR5SJ1K.jpg,0.3,0.0,1,0,0,0,0,0,0,0
T20_d09_224_b_4_jpg.rf.iq5ni2K258wFnYR5SJ1K.jpg,0.3,0.1,1,0,0,0,0,0,0,0
T20_d09_224_b_4_jpg.rf.iq5ni2K258wFnYR5SJ1K.jpg,0.3,0.25,1,0,0,0,0,0,0,0
T20_d09_224_b_4_jpg.rf.iq5ni2K258wFnYR5SJ1K.jpg,0.3,0.5,1,0,0,0,0,0,0,0
T20_d09_224_b_4_jpg.rf.iq5ni2K258wFnYR5SJ1K.jpg,0.3,1.0,1,0,0,0,0,0,0,0
T20_d09_224_b_4_jpg.rf.iq5ni2K258wFnYR5SJ1K.jpg,0.4,0.0,1,0,0,0,0,0,0,0
T20_d09_224_b_4_jpg.rf.iq5ni2K258wFnYR5SJ1K.jpg,0.4,0.1,1,0,0,0,0,0,0,0
T20_d09_224_b_4_jpg.rf.iq5ni2K258wFnYR5SJ1K.jpg,0.4,0.25,1,0,0,0,0,0,0,0
T20_d09_224_b_4_jpg.rf.iq5ni2K258wFnYR5SJ1K.jpg,0.4,0.5,1,0,0,0,0,0,0,0
T20_d09_224_b_4_jpg.rf.iq5ni2K258wFnYR5SJ1K.jpg,0.4,1.0,1,0,0,0,0,0,0,0
T20_d09_224_b_4_jpg.rf.iq5ni2K258wFnYR5SJ1K.jpg,0.5,0.0,1,0,0,0,0,0,0,0
T20_d09_224_b_4_jpg.rf.iq5ni2K258wFnYR5SJ1K.jpg,0.5,0.1,1,0,0,0,0,0,0,0
T20_d09_224_b_4_jpg.rf.iq5ni2K258wFnYR5SJ1K.jpg,0.5,0.25,1,0,0,0,0,0,0,0
T20_d09_224_b_4_jpg.rf.iq5ni2K258wFnYR5SJ1K.jpg,0.5,0.5,1,0,0,0,0,0,0,0
T20_d09_224_b_4_jpg.rf.iq5ni2K258wFnYR5SJ1K.jpg,0.5,1.0,1,0,0,0,0,0,0,0
T20_d09_334_a_4_jpg.rf.2w9XZWFWDVNQHsVcj3Rj.jpg,0.15,0.0,1,0,0,0,0,0,0,0
T20_d09_334_a_4_jpg.rf.2w9XZWFWDVNQHsVcj3Rj.jpg,0.15,0.1,1,0,0,0,0,0,0,0
T20_d09_334_a_4_jpg.rf.2w9XZWFWDVNQHsVcj3Rj.jpg,0.15,0.25,1,0,0,0,0,0,0,0
T20_d09_334_a_4_jpg.rf.2w9XZWFWDVNQHsVcj3Rj.jpg,0.15,0.5,1,0,0,0,0,0,0,0
T20_d09_334_a_4_jpg.rf.2w9XZWFWDVNQHsVcj3Rj.jpg,0.15,1.0,1,0,0,0,0,0,0,0
T20_d09_334_a_4_jpg.rf.2w9XZWFWDVNQHsVcj3Rj.jpg,0.2,0.0,1,0,0,0,0,0,0,0
T20_d09_334_a_4_jpg.rf.2w9XZWFWDVNQHsVcj3Rj.jpg,0.2,0.1,1,0,0,0,0,0,0,0
T20_d09_334_a_4_jpg.rf.2w9XZWFWDVNQHsVcj3Rj.jpg,0.2,0.25,1,0,0,0,0,0,0,0
T20_d09_334_a_4_jpg.rf.2w9XZWFWDVNQHsVcj3Rj.jpg,0.2,0.5,1,0,0,0,0,0,0,0
T20_d09_334_a_4_jpg.rf.2w9XZWFWDVNQHsVcj3Rj.jpg,0.2,1.0,1,0,0,0,0,0,0,0
T20_d09_334_a_4_jpg.rf.2w9XZWFWDVNQHsVcj3Rj.jpg,0.25,0.0,1,0,0,0,0,0,0,0
T20_d09_334_a_4_jpg.rf.2w9XZWFWDVNQHsVcj3Rj.jpg,0.25,0.1,1,0,0,0,0,0,0,0
T20_d09_334_a_4_jpg.rf.2w9XZWFWDVNQHsVcj3Rj.jpg,0.25,0.25,1,0,0,0,0,0,0,0
T20_d09_334_a_4_jpg.rf.2w9XZWFWDVNQHsVcj3Rj.jpg,0.25,0.5,1,0,0,0,0,0,0,0
T20_d09_334_a_4_jpg.rf.2w9XZWFWDVNQHsVcj3Rj.jpg,0.25,1.0,1,0,0,0,0,0,0,0
T20_d09_334_a_4_jpg.rf.2w9XZWFWDVNQHsVcj3Rj.jpg,0.3,0.0,1,0,0,0,0,0,0,0
T20_d09_334_a_4_jpg.rf.2w9XZWFWDVNQHsVcj3Rj.jpg,0.3,0.1,1,0,0,0,0,0,0,0
T20_d09_334_a_4_jpg.rf.2w9XZWFWDVNQHsVcj3Rj.jpg,0.3,0.25,1,0,0,0,0,0,0,0
T20_d09_334_a_4_jpg.rf.2w9XZWFWDVNQHsVcj3Rj.jpg,0.3,0.5,1,0,0,0,0,0,0,0
T20_d09_334_a_4_jpg.rf.2w9XZWFWDVNQHsVcj3Rj.jpg,0.3,1.0,1,0,0,0,0,0,0,0
T20_d09_334_a_4_jpg.rf.2w9XZWFWDVNQHsVcj3Rj.jpg,0.4,0.0,1,0,0,0,0,0,0,0
T20_d09_334_a_4_jpg.rf.2w9XZWFWDVNQHsVcj3Rj.jpg,0.4,0.1,1,0,0,0,0,0,0,0
T20_d09_334_a_4_jpg.rf.2w9XZWFWDVNQHsVcj3Rj.jpg,0.4,0.25,1,0,0,0,0,0,0,0
T20_d09_334_a_4_jpg.rf.2w9XZWFWDVNQHsVcj3Rj.jpg,0.4,0.5,1,0,0,0,0,0,0,0
T20_d09_334_a_4_jpg.rf.2w9XZWFWDVNQHsVcj3Rj.jpg,0.4,1.0,1,0,0,0,0,0,0,0
T20_d09_334_a_4_jpg.rf.2w9XZWFWDVNQHsVcj3Rj.jpg,0.5,0.0,1,0,0,0,0,0,0,0
T20_d09_334_a_4_jpg.rf.2w9XZWFWDVNQHsVcj3Rj.jpg,0.5,0.1,1,0,0,0,0,0,0,0
T20_d09_334_a_4_jpg.rf.2w9XZWFWDVNQHsVcj3Rj.jpg,0.5,0.25,1,0,0,0,0,0,0,0
T20_d09_334_a_4_jpg.rf.2w9XZWFWDVNQHsVcj3Rj.jpg,0.5,0.5,1,0,0,0,0,0,0,0
T20_d09_334_a_4_jpg.rf.2w9XZWFWDVNQHsVcj3Rj.jpg,0.5,1.0,1,0,0,0,0,0,0,0
T20_d10_334_a_5_jpg.rf.dzppvyhXzs804RZkqq88.jpg,0.15,0.0,1,0,0,0,0,0,0,0
T20_d10_334_a_5_jpg.rf.dzppvyhXzs804RZkqq88.jpg,0.15,0.1,1,0,0,0,0,0,0,0
T20_d10_334_a_5_jpg.rf.dzppvyhXzs804RZkqq88.jpg,0.15,0.25,1,0,0,0,0,0,0,0
T20_d10_334_a_5_jpg.rf.dzppvyhXzs804RZkqq88.jpg,0.15,0.5,1,0,0,0,0,0,0,0
T20_d10_334_a_5_jpg.rf.dzppvyhXzs804RZkqq88.jpg,0.15,1.0,1,0,0,0,0,0,0,0
T20_d10_334_a_5_jpg.rf.dzppvyhXzs804RZkqq88.jpg,0.2,0.0,1,0,0,0,0,0,0,0
T20_d10_334_a_5_jpg.rf.dzppvyhXzs804RZkqq88.jpg,0.2,0.1,1,0,0,0,0,0,0,0
T20_d10_334_a_5_jpg.rf.dzppvyhXzs804RZkqq88.jpg,0.2,0.25,1,0,0,0,0,0,0,0
T20_d10_334_a_5_jpg.rf.dzppvyhXzs804RZkqq88.jpg,0.2,0.5,1,0,0,0,0,0,0,0
T20_d10_334_a_5_jpg.rf.dzppvyhXzs804RZkqq88.jpg,0.2,1.0,1,0,0,0,0,0,0,0
T20_d10_334_a_5_jpg.rf.dzppvyhXzs804RZkqq88.jpg,0.25,0.0,1,0,0,0,0,0,0,0
T20_d10_334_a_5_jpg.rf.dzppvyhXzs804RZkqq88.jpg,0.25,0.1,1,0,0,0,0,0,0,0
T20_d10_334_a_5_jpg.rf.dzppvyhXzs804RZkqq88.jpg,0.25,0.25,1,0,0,0,0,0,0,0
T20_d10_334_a_5_jpg.rf.dzppvyhXzs804RZkqq88.jpg,0.25,0.5,1,0,0,0,0,0,0,0
T20_d10_334_a_5_jpg.rf.dzppvyhXzs804RZkqq88.jpg,0.25,1.0,1,0,0,0,0,0,0,0
T20_d10_334_a_5_jpg.rf.dzppvyhXzs804RZkqq88.jpg,0.3,0.0,1,0,0,0,0,0,0,0
T20_d10_334_a_5_jpg.rf.dzppvyhXzs804RZkqq88.jpg,0.3,0.1,1,0,0,0,0,0,0,0
T20_d10_334_a_5_jpg.rf.dzppvyhXzs804RZkqq88.jpg,0.3,0.25,1,0,0,0,0,0,0,0
T20_d10_334_a_5_jpg.rf.dzppvyhXzs804RZkqq88.jpg,0.3,0.5,1,0,0,0,0,0,0,0
T20_d10_334_a_5_jpg.rf.dzppvyhXzs804RZkqq88.jpg,0.3,1.0,1,0,0,0,0,0,0,0
T20_d10_334_a_5_jpg.rf.dzppvyhXzs804RZkqq88.jpg,0.4,0.0,1,0,0,0,0,0,0,0
T20_d10_334_a_5_jpg.rf.dzppvyhXzs804RZkqq88.jpg,0.4,0.1,1,0,0,0,0,0,0,0
T20_d10_334_a_5_jpg.rf.dzppvyhXzs804RZkqq88.jpg,0.4,0.25,1,0,0,0,0,0,0,0
T20_d10_334_a_5_jpg.rf.dzppvyhXzs804RZkqq88.jpg,0.4,0.5,1,0,0,0,0,0,0,0
T20_d10_334_a_5_jpg.rf.dzppvyhXzs804RZkqq88.jpg,0.4,1.0,1,0,0,0,0,0,0,0
T20_d10_334_a_5_jpg.rf.dzppvyhXzs804RZkqq88.jpg,0.5,0.0,1,0,0,0,0,0,0,0
T20_d10_334_a_5_jpg.rf.dzppvyhXzs804RZkqq88.jpg,0.5,0.1,1,0,0,0,0,0,0,0
T20_d10_334_a_5_jpg.rf.dzppvyhXzs804RZkqq88.jpg,0.5,0.25,1,0,0,0,0,0,0,0
T20_d10_334_a_5_jpg.rf.dzppvyhXzs804RZkqq88.jpg,0.5,0.5,1,0,0,0,0,0,0,0
T20_d10_334_a_5_jpg.rf.dzppvyhXzs804RZkqq88.jpg,0.5,1.0,1,0,0,0,0,0,0,0
T20_d10_334_b_5_jpg.rf.9VT9vrM1G0H7TjCo9JvS.jpg,0.15,0.0,1,0,0,0,0,0,0,0
T20_d10_334_b_5_jpg.rf.9VT9vrM1G0H7TjCo9JvS.jpg,0.15,0.1,1,0,0,0,0,0,0,0
T20_d10_334_b_5_jpg.rf.9VT9vrM1G0H7TjCo9JvS.jpg,0.15,0.25,1,0,0,0,0,0,0,0
T20_d10_334_b_5_jpg.rf.9VT9vrM1G0H7TjCo9JvS.jpg,0.15,0.5,1,0,0,0,0,0,0,0
T20_d10_334_b_5_jpg.rf.9VT9vrM1G0H7TjCo9JvS.jpg,0.15,1.0,1,0,0,0,0,0,0,0
T20_d10_334_b_5_jpg.rf.9VT9vrM1G0H7TjCo9JvS.jpg,0.2,0.0,1,0,0,0,0,0,0,0
T20_d10_334_b_5_jpg.rf.9VT9vrM1G0H7TjCo9JvS.jpg,0.2,0.1,1,0,0,0,0,0,0,0
T20_d10_334_b_5_jpg.rf.9VT9vrM1G0H7TjCo9JvS.jpg,0.2,0.25,1,0,0,0,0,0,0,0
T20_d10_334_b_5_jpg.rf.9VT9vrM1G0H7TjCo9JvS.jpg,0.2,0.5,1,0,0,0,0,0,0,0
T20_d10_334_b_5_jpg.rf.9VT9vrM1G0H7TjCo9JvS.jpg,0.2,1.0,1,0,0,0,0,0,0,0
T20_d10_334_b_5_jpg.rf.9VT9vrM1G0H7TjCo9JvS.jpg,0.25,0.0,1,0,0,0,0,0,0,0
T20_d10_334_b_5_jpg.rf.9VT9vrM1G0H7TjCo9JvS.jpg,0.25,0.1,1,0,0,0,0,0,0,0
T20_d10_334_b_5_jpg.rf.9VT9vrM1G0H7TjCo9JvS.jpg,0.25,0.25,1,0,0,0,0,0,0,0
T20_d10_334_b_5_jpg.rf.9VT9vrM1G0H7TjCo9JvS.jpg,0.25,0.5,1,0,0,0,0,0,0,0
T20_d10_334_b_5_jpg.rf.9VT9vrM1G0H7TjCo9JvS.jpg,0.25,1.0,1,0,0,0,0,0,0,0
T20_d10_334_b_5_jpg.rf.9VT9vrM1G0H7TjCo9JvS.jpg,0.3,0.0,1,0,0,0,0,0,0,0
T20_d10_334_b_5_jpg.rf.9VT9vrM1G0H7TjCo9JvS.jpg,0.3,0.1,1,0,0,0,0,0,0,0
T20_d10_334_b_5_jpg.rf.9VT9vrM1G0H7TjCo9JvS.jpg,0.3,0.25,1,0,0,0,0,0,0,0
T20_d10_334_b_5_jpg.rf.9VT9vrM1G0H7TjCo9JvS.jpg,0.3,0.5,1,0,0,0,0,0,0,0
T20_d10_334_b_5_jpg.rf.9VT9vrM1G0H7TjCo9JvS.jpg,0.3,1.0,1,0,0,0,0,0,0,0
T20_d10_334_b_5_jpg.rf.9VT9vrM1G0H7TjCo9JvS.jpg,0.4,0.0,1,0,0,0,0,0,0,0
T20_d10_334_b_5_jpg.rf.9VT9vrM1G0H7TjCo9JvS.jpg,0.4,0.1,1,0,0,0,0,0,0,0
T20_d10_334_b_5_jpg.rf.9VT9vrM1G0H7TjCo9JvS.jpg,0.4,0.25,1,0,0,0,0,0,0,0
T20_d10_334_b_5_jpg.rf.9VT9vrM1G0H7TjCo9JvS.jpg,0.4,0.5,1,0,0,0,0,0,0,0
T20_d10_334_b_5_jpg.rf.9VT9vrM1G0H7TjCo9JvS.jpg,0.4,1.0,1,0,0,0,0,0,0,0
T20_d10_334_b_5_jpg.rf.9VT9vrM1G0H7TjCo9JvS.jpg,0.5,0.0,1,0,0,0,0,0,0,0
T20_d10_334_b_5_jpg.rf.9VT9vrM1G0H7TjCo9JvS.jpg,0.5,0.1,1,0,0,0,0,0,0,0
T20_d10_334_b_5_jpg.rf.9VT9vrM1G0H7TjCo9JvS.jpg,0.5,0.25,1,0,0,0,0,0,0,0
T20_d10_334_b_5_jpg.rf.9VT9vrM1G0H7TjCo9JvS.jpg,0.5,0.5,1,0,0,0,0,0,0,0
T20_d10_334_b_5_jpg.rf.9VT9vrM1G0H7TjCo9JvS.jpg,0.5,1.0,1,0,0,0,0,0,0,0
T20_d10_383_b_5_jpg.rf.TjhEvuJzUCslmCjD5yHC.jpg,0.15,0.0,0,11495,5799,501,11996,17294,1,2
T20_d10_383_b_5_jpg.rf.TjhEvuJzUCslmCjD5yHC.jpg,0.15,0.1,0,11495,5799,501,11996,17294,1,2
T20_d10_383_b_5_jpg.rf.TjhEvuJzUCslmCjD5yHC.jpg,0.15,0.25,0,11495,5799,501,11996,17294,1,2
T20_d10_383_b_5_jpg.rf.TjhEvuJzUCslmCjD5yHC.jpg,0.15,0.5,0,11495,5799,501,11996,17294,1,2
T20_d10_383_b_5_jpg.rf.TjhEvuJzUCslmCjD5yHC.jpg,0.15,1.0,1,11495,5799,501,11996,17294,1,2
T20_d10_383_b_5_jpg.rf.TjhEvuJzUCslmCjD5yHC.jpg,0.2,0.0,1,0,0,11996,11996,0,1,0
T20_d10_383_b_5_jpg.rf.TjhEvuJzUCslmCjD5yHC.jpg,0.2,0.1,1,0,0,11996,11996,0,1,0
T20_d10_383_b_5_jpg.rf.TjhEvuJzUCslmCjD5yHC.jpg,0.2,0.25,1,0,0,11996,11996,0,1,0
T20_d10_383_b_5_jpg.rf.TjhEvuJzUCslmCjD5yHC.jpg,0.2,0.5,1,0,0,11996,11996,0,1,0
T20_d10_383_b_5_jpg.rf.TjhEvuJzUCslmCjD5yHC.jpg,0.2,1.0,1,0,0,11996,11996,0,1,0
T20_d10_383_b_5_jpg.rf.TjhEvuJzUCslmCjD5yHC.jpg,0.25,0.0,1,0,0,11996,11996,0,1,0
T20_d10_383_b_5_jpg.rf.TjhEvuJzUCslmCjD5yHC.jpg,0.25,0.1,1,0,0,11996,11996,0,1,0
T20_d10_383_b_5_jpg.rf.TjhEvuJzUCslmCjD5yHC.jpg,0.25,0.25,1,0,0,11996,11996,0,1,0
T20_d10_383_b_5_jpg.rf.TjhEvuJzUCslmCjD5yHC.jpg,0.25,0.5,1,0,0,11996,11996,0,1,0
T20_d10_383_b_5_jpg.rf.TjhEvuJzUCslmCjD5yHC.jpg,0.25,1.0,1,0,0,11996,11996,0,1,0
T20_d10_383_b_5_jpg.rf.TjhEvuJzUCslmCjD5yHC.jpg,0.3,0.0,1,0,0,11996,11996,0,1,0
T20_d10_383_b_5_jpg.rf.TjhEvuJzUCslmCjD5yHC.jpg,0.3,0.1,1,0,0,11996,11996,0,1,0
T20_d10_383_b_5_jpg.rf.TjhEvuJzUCslmCjD5yHC.jpg,0.3,0.25,1,0,0,11996,11996,0,1,0
T20_d10_383_b_5_jpg.rf.TjhEvuJzUCslmCjD5yHC.jpg,0.3,0.5,1,0,0,11996,11996,0,1,0
T20_d10_383_b_5_jpg.rf.TjhEvuJzUCslmCjD5yHC.jpg,0.3,1.0,1,0,0,11996,11996,0,1,0
T20_d10_383_b_5_jpg.rf.TjhEvuJzUCslmCjD5yHC.jpg,0.4,0.0,1,0,0,11996,11996,0,1,0
T20_d10_383_b_5_jpg.rf.TjhEvuJzUCslmCjD5yHC.jpg,0.4,0.1,1,0,0,11996,11996,0,1,0
T20_d10_383_b_5_jpg.rf.TjhEvuJzUCslmCjD5yHC.jpg,0.4,0.25,1,0,0,11996,11996,0,1,0
T20_d10_383_b_5_jpg.rf.TjhEvuJzUCslmCjD5yHC.jpg,0.4,0.5,1,0,0,11996,11996,0,1,0
T20_d10_383_b_5_jpg.rf.TjhEvuJzUCslmCjD5yHC.jpg,0.4,1.0,1,0,0,11996,11996,0,1,0
T20_d10_383_b_5_jpg.rf.TjhEvuJzUCslmCjD5yHC.jpg,0.5,0.0,1,0,0,11996,11996,0,1,0
T20_d10_383_b_5_jpg.rf.TjhEvuJzUCslmCjD5yHC.jpg,0.5,0.1,1,0,0,11996,11996,0,1,0
T20_d10_383_b_5_jpg.rf.TjhEvuJzUCslmCjD5yHC.jpg,0.5,0.25,1,0,0,11996,11996,0,1,0
T20_d10_383_b_5_jpg.rf.TjhEvuJzUCslmCjD5yHC.jpg,0.5,0.5,1,0,0,11996,11996,0,1,0
T20_d10_383_b_5_jpg.rf.TjhEvuJzUCslmCjD5yHC.jpg,0.5,1.0,1,0,0,11996,11996,0,1,0
T20_d11_075_a_5_jpg.rf.cbUE9VljJhnYGdPGZvEH.jpg,0.15,0.0,0,7761,9323,950,8711,17084,0,1
T20_d11_075_a_5_jpg.rf.cbUE9VljJhnYGdPGZvEH.jpg,0.15,0.1,0,7761,9323,950,8711,17084,0,1
T20_d11_075_a_5_jpg.rf.cbUE9VljJhnYGdPGZvEH.jpg,0.15,0.25,0,7761,9323,950,8711,17084,0,1
T20_d11_075_a_5_jpg.rf.cbUE9VljJhnYGdPGZvEH.jpg,0.15,0.5,0,7761,9323,950,8711,17084,0,1
T20_d11_075_a_5_jpg.rf.cbUE9VljJhnYGdPGZvEH.jpg,0.15,1.0,1,7761,9323,950,8711,17084,0,1
T20_d11_075_a_5_jpg.rf.cbUE9VljJhnYGdPGZvEH.jpg,0.2,0.0,0,7761,9323,950,8711,17084,0,1
T20_d11_075_a_5_jpg.rf.cbUE9VljJhnYGdPGZvEH.jpg,0.2,0.1,0,7761,9323,950,8711,17084,0,1
T20_d11_075_a_5_jpg.rf.cbUE9VljJhnYGdPGZvEH.jpg,0.2,0.25,0,7761,9323,950,8711,17084,0,1
T20_d11_075_a_5_jpg.rf.cbUE9VljJhnYGdPGZvEH.jpg,0.2,0.5,0,7761,9323,950,8711,17084,0,1
T20_d11_075_a_5_jpg.rf.cbUE9VljJhnYGdPGZvEH.jpg,0.2,1.0,1,7761,9323,950,8711,17084,0,1
T20_d11_075_a_5_jpg.rf.cbUE9VljJhnYGdPGZvEH.jpg,0.25,0.0,0,6852,3570,1859,8711,10422,0,0
T20_d11_075_a_5_jpg.rf.cbUE9VljJhnYGdPGZvEH.jpg,0.25,0.1,0,6852,3570,1859,8711,10422,0,0
T20_d11_075_a_5_jpg.rf.cbUE9VljJhnYGdPGZvEH.jpg,0.25,0.25,0,6852,3570,1859,8711,10422,0,0
T20_d11_075_a_5_jpg.rf.cbUE9VljJhnYGdPGZvEH.jpg,0.25,0.5,0,6852,3570,1859,8711,10422,0,0
T20_d11_075_a_5_jpg.rf.cbUE9VljJhnYGdPGZvEH.jpg,0.25,1.0,1,6852,3570,1859,8711,10422,0,0
T20_d11_075_a_5_jpg.rf.cbUE9VljJhnYGdPGZvEH.jpg,0.3,0.0,1,0,0,8711,8711,0,0,0
T20_d11_075_a_5_jpg.rf.cbUE9VljJhnYGdPGZvEH.jpg,0.3,0.1,1,0,0,8711,8711,0,0,0
T20_d11_075_a_5_jpg.rf.cbUE9VljJhnYGdPGZvEH.jpg,0.3,0.25,1,0,0,8711,8711,0,0,0
T20_d11_075_a_5_jpg.rf.cbUE9VljJhnYGdPGZvEH.jpg,0.3,0.5,1,0,0,8711,8711,0,0,0
T20_d11_075_a_5_jpg.rf.cbUE9VljJhnYGdPGZvEH.jpg,0.3,1.0,1,0,0,8711,8711,0,0,0
T20_d11_075_a_5_jpg.rf.cbUE9VljJhnYGdPGZvEH.jpg,0.4,0.0,1,0,0,8711,8711,0,0,0
T20_d11_075_a_5_jpg.rf.cbUE9VljJhnYGdPGZvEH.jpg,0.4,0.1,1,0,0,8711,8711,0,0,0
T20_d11_075_a_5_jpg.rf.cbUE9VljJhnYGdPGZvEH.jpg,0.4,0.25,1,0,0,8711,8711,0,0,0
T20_d11_075_a_5_jpg.rf.cbUE9VljJhnYGdPGZvEH.jpg,0.4,0.5,1,0,0,8711,8711,0,0,0
T20_d11_075_a_5_jpg.rf.cbUE9VljJhnYGdPGZvEH.jpg,0.4,1.0,1,0,0,8711,8711,0,0,0
T20_d11_075_a_5_jpg.rf.cbUE9VljJhnYGdPGZvEH.jpg,0.5,0.0,1,0,0,8711,8711,0,0,0
T20_d11_075_a_5_jpg.rf.cbUE9VljJhnYGdPGZvEH.jpg,0.5,0.1,1,0,0,8711,8711,0,0,0
T20_d11_075_a_5_jpg.rf.cbUE9VljJhnYGdPGZvEH.jpg,0.5,0.25,1,0,0,8711,8711,0,0,0
T20_d11_075_a_5_jpg.rf.cbUE9VljJhnYGdPGZvEH.jpg,0.5,0.5,1,0,0,8711,8711,0,0,0
T20_d11_075_a_5_jpg.rf.cbUE9VljJhnYGdPGZvEH.jpg,0.5,1.0,1,0,0,8711,8711,0,0,0
T20_d11_153_a_5_jpg.rf.poMox2qd6Wd5fdJfpLUX.jpg,0.15,0.0,1,10084,26,3811,13895,10110,2,1
T20_d11_153_a_5_jpg.rf.poMox2qd6Wd5fdJfpLUX.jpg,0.15,0.1,1,10084,26,3811,13895,10110,2,1
T20_d11_153_a_5_jpg.rf.poMox2qd6Wd5fdJfpLUX.jpg,0.15,0.25,1,10084,26,3811,13895,10110,2,1
T20_d11_153_a_5_jpg.rf.poMox2qd6Wd5fdJfpLUX.jpg,0.15,0.5,1,10084,26,3811,13895,10110,2,1
T20_d11_153_a_5_jpg.rf.poMox2qd6Wd5fdJfpLUX.jpg,0.15,1.0,1,10084,26,3811,13895,10110,2,1
T20_d11_153_a_5_jpg.rf.poMox2qd6Wd5fdJfpLUX.jpg,0.2,0.0,1,10084,26,3811,13895,10110,2,1
T20_d11_153_a_5_jpg.rf.poMox2qd6Wd5fdJfpLUX.jpg,0.2,0.1,1,10084,26,3811,13895,10110,2,1
T20_d11_153_a_5_jpg.rf.poMox2qd6Wd5fdJfpLUX.jpg,0.2,0.25,1,10084,26,3811,13895,10110,2,1
T20_d11_153_a_5_jpg.rf.poMox2qd6Wd5fdJfpLUX.jpg,0.2,0.5,1,10084,26,3811,13895,10110,2,1
T20_d11_153_a_5_jpg.rf.poMox2qd6Wd5fdJfpLUX.jpg,0.2,1.0,1,10084,26,3811,13895,10110,2,1
T20_d11_153_a_5_jpg.rf.poMox2qd6Wd5fdJfpLUX.jpg,0.25,0.0,1,10084,26,3811,13895,10110,2,1
T20_d11_153_a_5_jpg.rf.poMox2qd6Wd5fdJfpLUX.jpg,0.25,0.1,1,10084,26,3811,13895,10110,2,1
T20_d11_153_a_5_jpg.rf.poMox2qd6Wd5fdJfpLUX.jpg,0.25,0.25,1,10084,26,3811,13895,10110,2,1
T20_d11_153_a_5_jpg.rf.poMox2qd6Wd5fdJfpLUX.jpg,0.25,0.5,1,10084,26,3811,13895,10110,2,1
T20_d11_153_a_5_jpg.rf.poMox2qd6Wd5fdJfpLUX.jpg,0.25,1.0,1,10084,26,3811,13895,10110,2,1
T20_d11_153_a_5_jpg.rf.poMox2qd6Wd5fdJfpLUX.jpg,0.3,0.0,1,10084,26,3811,13895,10110,2,1
T20_d11_153_a_5_jpg.rf.poMox2qd6Wd5fdJfpLUX.jpg,0.3,0.1,1,10084,26,3811,13895,10110,2,1
T20_d11_153_a_5_jpg.rf.poMox2qd6Wd5fdJfpLUX.jpg,0.3,0.25,1,10084,26,3811,13895,10110,2,1
T20_d11_153_a_5_jpg.rf.poMox2qd6Wd5fdJfpLUX.jpg,0.3,0.5,1,10084,26,3811,13895,10110,2,1
T20_d11_153_a_5_jpg.rf.poMox2qd6Wd5fdJfpLUX.jpg,0.3,1.0,1,10084,26,3811,13895,10110,2,1
T20_d11_153_a_5_jpg.rf.poMox2qd6Wd5fdJfpLUX.jpg,0.4,0.0,1,10084,26,3811,13895,10110,2,1
T20_d11_153_a_5_jpg.rf.poMox2qd6Wd5fdJfpLUX.jpg,0.4,0.1,1,10084,26,3811,13895,10110,2,1
T20_d11_153_a_5_jpg.rf.poMox2qd6Wd5fdJfpLUX.jpg,0.4,0.25,1,10084,26,3811,13895,10110,2,1
T20_d11_153_a_5_jpg.rf.poMox2qd6Wd5fdJfpLUX.jpg,0.4,0.5,1,10084,26,3811,13895,10110,2,1
T20_d11_153_a_5_jpg.rf.poMox2qd6Wd5fdJfpLUX.jpg,0.4,1.0,1,10084,26,3811,13895,10110,2,1
T20_d11_153_a_5_jpg.rf.poMox2qd6Wd5fdJfpLUX.jpg,0.5,0.0,1,10084,26,3811,13895,10110,2,1
T20_d11_153_a_5_jpg.rf.poMox2qd6Wd5fdJfpLUX.jpg,0.5,0.1,1,10084,26,3811,13895,10110,2,1
T20_d11_153_a_5_jpg.rf.poMox2qd6Wd5fdJfpLUX.jpg,0.5,0.25,1,10084,26,3811,13895,10110,2,1
T20_d11_153_a_5_jpg.rf.poMox2qd6Wd5fdJfpLUX.jpg,0.5,0.5,1,10084,26,3811,13895,10110,2,1
T20_d11_153_a_5_jpg.rf.poMox2qd6Wd5fdJfpLUX.jpg,0.5,1.0,1,10084,26,3811,13895,10110,2,1
T20_d11_176_a_5_jpg.rf.84vVfmqRRjZteYkC89xd.jpg,0.15,0.0,1,7514,361,292,7806,7875,0,0
T20_d11_176_a_5_jpg.rf.84vVfmqRRjZteYkC89xd.jpg,0.15,0.1,1,7514,361,292,7806,7875,0,0
T20_d11_176_a_5_jpg.rf.84vVfmqRRjZteYkC89xd.jpg,0.15,0.25,1,7514,361,292,7806,7875,0,0
T20_d11_176_a_5_jpg.rf.84vVfmqRRjZteYkC89xd.jpg,0.15,0.5,1,7514,361,292,7806,7875,0,0
T20_d11_176_a_5_jpg.rf.84vVfmqRRjZteYkC89xd.jpg,0.15,1.0,1,7514,361,292,7806,7875,0,0
T20_d11_176_a_5_jpg.rf.84vVfmqRRjZteYkC89xd.jpg,0.2,0.0,1,7514,361,292,7806,7875,0,0
T20_d11_176_a_5_jpg.rf.84vVfmqRRjZteYkC89xd.jpg,0.2,0.1,1,7514,361,292,7806,7875,0,0
T20_d11_176_a_5_jpg.rf.84vVfmqRRjZteYkC89xd.jpg,0.2,0.25,1,7514,361,292,7806,7875,0,0
T20_d11_176_a_5_jpg.rf.84vVfmqRRjZteYkC89xd.jpg,0.2,0.5,1,7514,361,292,7806,7875,0,0
T20_d11_176_a_5_jpg.rf.84vVfmqRRjZteYkC89xd.jpg,0.2,1.0,1,7514,361,292,7806,7875,0,0
T20_d11_176_a_5_jpg.rf.84vVfmqRRjZteYkC89xd.jpg,0.25,0.0,1,7514,361,292,7806,7875,0,0
T20_d11_176_a_5_jpg.rf.84vVfmqRRjZteYkC89xd.jpg,0.25,0.1,1,7514,361,292,7806,7875,0,0
T20_d11_176_a_5_jpg.rf.84vVfmqRRjZteYkC89xd.jpg,0.25,0.25,1,7514,361,292,7806,7875,0,0
T20_d11_176_a_5_jpg.rf.84vVfmqRRjZteYkC89xd.jpg,0.25,0.5,1,7514,361,292,7806,7875,0,0
T20_d11_176_a_5_jpg.rf.84vVfmqRRjZteYkC89xd.jpg,0.25,1.0,1,7514,361,292,7806,7875,0,0
T20_d11_176_a_5_jpg.rf.84vVfmqRRjZteYkC89xd.jpg,0.3,0.0,1,7514,361,292,7806,7875,0,0
T20_d11_176_a_5_jpg.rf.84vVfmqRRjZteYkC89xd.jpg,0.3,0.1,1,7514,361,292,7806,7875,0,0
T20_d11_176_a_5_jpg.rf.84vVfmqRRjZteYkC89xd.jpg,0.3,0.25,1,7514,361,292,7806,7875,0,0
T20_d11_176_a_5_jpg.rf.84vVfmqRRjZteYkC89xd.jpg,0.3,0.5,1,7514,361,292,7806,7875,0,0
T20_d11_176_a_5_jpg.rf.84vVfmqRRjZteYkC89xd.jpg,0.3,1.0,1,7514,361,292,7806,7875,0,0
T20_d11_176_a_5_jpg.rf.84vVfmqRRjZteYkC89xd.jpg,0.4,0.0,1,7514,361,292,7806,7875,0,0
T20_d11_176_a_5_jpg.rf.84vVfmqRRjZteYkC89xd.jpg,0.4,0.1,1,7514,361,292,7806,7875,0,0
T20_d11_176_a_5_jpg.rf.84vVfmqRRjZteYkC89xd.jpg,0.4,0.25,1,7514,361,292,7806,7875,0,0
T20_d11_176_a_5_jpg.rf.84vVfmqRRjZteYkC89xd.jpg,0.4,0.5,1,7514,361,292,7806,7875,0,0
T20_d11_176_a_5_jpg.rf.84vVfmqRRjZteYkC89xd.jpg,0.4,1.0,1,7514,361,292,7806,7875,0,0
T20_d11_176_a_5_jpg.rf.84vVfmqRRjZteYkC89xd.jpg,0.5,0.0,1,7514,361,292,7806,7875,0,0
T20_d11_176_a_5_jpg.rf.84vVfmqRRjZteYkC89xd.jpg,0.5,0.1,1,7514,361,292,7806,7875,0,0
T20_d11_176_a_5_jpg.rf.84vVfmqRRjZteYkC89xd.jpg,0.5,0.25,1,7514,361,292,7806,7875,0,0
T20_d11_176_a_5_jpg.rf.84vVfmqRRjZteYkC89xd.jpg,0.5,0.5,1,7514,361,292,7806,7875,0,0
T20_d11_176_a_5_jpg.rf.84vVfmqRRjZteYkC89xd.jpg,0.5,1.0,1,7514,361,292,7806,7875,0,0
T20_d11_224_b_5_jpg.rf.47INLNbYSwteBS29inIa.jpg,0.15,0.0,1,0,0,0,0,0,0,0
T20_d11_224_b_5_jpg.rf.47INLNbYSwteBS29inIa.jpg,0.15,0.1,1,0,0,0,0,0,0,0
T20_d11_224_b_5_jpg.rf.47INLNbYSwteBS29inIa.jpg,0.15,0.25,1,0,0,0,0,0,0,0
T20_d11_224_b_5_jpg.rf.47INLNbYSwteBS29inIa.jpg,0.15,0.5,1,0,0,0,0,0,0,0
T20_d11_224_b_5_jpg.rf.47INLNbYSwteBS29inIa.jpg,0.15,1.0,1,0,0,0,0,0,0,0
T20_d11_224_b_5_jpg.rf.47INLNbYSwteBS29inIa.jpg,0.2,0.0,1,0,0,0,0,0,0,0
T20_d11_224_b_5_jpg.rf.47INLNbYSwteBS29inIa.jpg,0.2,0.1,1,0,0,0,0,0,0,0
T20_d11_224_b_5_jpg.rf.47INLNbYSwteBS29inIa.jpg,0.2,0.25,1,0,0,0,0,0,0,0
T20_d11_224_b_5_jpg.rf.47INLNbYSwteBS29inIa.jpg,0.2,0.5,1,0,0,0,0,0,0,0
T20_d11_224_b_5_jpg.rf.47INLNbYSwteBS29inIa.jpg,0.2,1.0,1,0,0,0,0,0,0,0
T20_d11_224_b_5_jpg.rf.47INLNbYSwteBS29inIa.jpg,0.25,0.0,1,0,0,0,0,0,0,0
T20_d11_224_b_5_jpg.rf.47INLNbYSwteBS29inIa.jpg,0.25,0.1,1,0,0,0,0,0,0,0
T20_d11_224_b_5_jpg.rf.47INLNbYSwteBS29inIa.jpg,0.25,0.25,1,0,0,0,0,0,0,0
T20_d11_224_b_5_jpg.rf.47INLNbYSwteBS29inIa.jpg,0.25,0.5,1,0,0,0,0,0,0,0
T20_d11_224_b_5_jpg.rf.47INLNbYSwteBS29inIa.jpg,0.25,1.0,1,0,0,0,0,0,0,0
T20_d11_224_b_5_jpg.rf.47INLNbYSwteBS29inIa.jpg,0.3,0.0,1,0,0,0,0,0,0,0
T20_d11_224_b_5_jpg.rf.47INLNbYSwteBS29inIa.jpg,0.3,0.1,1,0,0,0,0,0,0,0
T20_d11_224_b_5_jpg.rf.47INLNbYSwteBS29inIa.jpg,0.3,0.25,1,0,0,0,0,0,0,0
T20_d11_224_b_5_jpg.rf.47INLNbYSwteBS29inIa.jpg,0.3,0.5,1,0,0,0,0,0,0,0
T20_d11_224_b_5_jpg.rf.47INLNbYSwteBS29inIa.jpg,0.3,1.0,1,0,0,0,0,0,0,0
T20_d11_224_b_5_jpg.rf.47INLNbYSwteBS29inIa.jpg,0.4,0.0,1,0,0,0,0,0,0,0
T20_d11_224_b_5_jpg.rf.47INLNbYSwteBS29inIa.jpg,0.4,0.1,1,0,0,0,0,0,0,0
T20_d11_224_b_5_jpg.rf.47INLNbYSwteBS29inIa.jpg,0.4,0.25,1,0,0,0,0,0,0,0
T20_d11_224_b_5_jpg.rf.47INLNbYSwteBS29inIa.jpg,0.4,0.5,1,0,0,0,0,0,0,0
T20_d11_224_b_5_jpg.rf.47INLNbYSwteBS29inIa.jpg,0.4,1.0,1,0,0,0,0,0,0,0
T20_d11_224_b_5_jpg.rf.47INLNbYSwteBS29inIa.jpg,0.5,0.0,1,0,0,0,0,0,0,0
T20_d11_224_b_5_jpg.rf.47INLNbYSwteBS29inIa.jpg,0.5,0.1,1,0,0,0,0,0,0,0
T20_d11_224_b_5_jpg.rf.47INLNbYSwteBS29inIa.jpg,0.5,0.25,1,0,0,0,0,0,0,0
T20_d11_224_b_5_jpg.rf.47INLNbYSwteBS29inIa.jpg,0.5,0.5,1,0,0,0,0,0,0,0
T20_d11_224_b_5_jpg.rf.47INLNbYSwteBS29inIa.jpg,0.5,1.0,1,0,0,0,0,0,0,0
Tam_d01_019_b_1_jpg.rf.0PzXnl8SCV90Te04YK6R.jpg,0.15,0.0,0,45409,1324,35057,80466,46733,2,2
Tam_d01_019_b_1_jpg.rf.0PzXnl8SCV90Te04YK6R.jpg,0.15,0.1,0,45409,1324,35057,80466,46733,2,2
Tam_d01_019_b_1_jpg.rf.0PzXnl8SCV90Te04YK6R.jpg,0.15,0.25,0,45409,1324,35057,80466,46733,2,2
Tam_d01_019_b_1_jpg.rf.0PzXnl8SCV90Te04YK6R.jpg,0.15,0.5,0,45409,1324,35057,80466,46733,2,2
Tam_d01_019_b_1_jpg.rf.0PzXnl8SCV90Te04YK6R.jpg,0.15,1.0,1,45409,1324,35057,80466,46733,2,2
Tam_d01_019_b_1_jpg.rf.0PzXnl8SCV90Te04YK6R.jpg,0.2,0.0,0,13199,29,67267,80466,13228,2,0
Tam_d01_019_b_1_jpg.rf.0PzXnl8SCV90Te04YK6R.jpg,0.2,0.1,0,13199,29,67267,80466,13228,2,0
Tam_d01_019_b_1_jpg.rf.0PzXnl8SCV90Te04YK6R.jpg,0.2,0.25,0,13199,29,67267,80466,13228,2,0
Tam_d01_019_b_1_jpg.rf.0PzXnl8SCV90Te04YK6R.jpg,0.2,0.5,0,13199,29,67267,80466,13228,2,0
Tam_d01_019_b_1_jpg.rf.0PzXnl8SCV90Te04YK6R.jpg,0.2,1.0,1,13199,29,67267,80466,13228,2,0
Tam_d01_019_b_1_jpg.rf.0PzXnl8SCV90Te04YK6R.jpg,0.25,0.0,0,5638,29,74828,80466,5667,2,0
Tam_d01_019_b_1_jpg.rf.0PzXnl8SCV90Te04YK6R.jpg,0.25,0.1,0,5638,29,74828,80466,5667,2,0
Tam_d01_019_b_1_jpg.rf.0PzXnl8SCV90Te04YK6R.jpg,0.25,0.25,0,5638,29,74828,80466,5667,2,0
Tam_d01_019_b_1_jpg.rf.0PzXnl8SCV90Te04YK6R.jpg,0.25,0.5,0,5638,29,74828,80466,5667,2,0
Tam_d01_019_b_1_jpg.rf.0PzXnl8SCV90Te04YK6R.jpg,0.25,1.0,1,5638,29,74828,80466,5667,2,0
Tam_d01_019_b_1_jpg.rf.0PzXnl8SCV90Te04YK6R.jpg,0.3,0.0,1,0,0,80466,80466,0,2,0
Tam_d01_019_b_1_jpg.rf.0PzXnl8SCV90Te04YK6R.jpg,0.3,0.1,1,0,0,80466,80466,0,2,0
Tam_d01_019_b_1_jpg.rf.0PzXnl8SCV90Te04YK6R.jpg,0.3,0.25,1,0,0,80466,80466,0,2,0
Tam_d01_019_b_1_jpg.rf.0PzXnl8SCV90Te04YK6R.jpg,0.3,0.5,1,0,0,80466,80466,0,2,0
Tam_d01_019_b_1_jpg.rf.0PzXnl8SCV90Te04YK6R.jpg,0.3,1.0,1,0,0,80466,80466,0,2,0
Tam_d01_019_b_1_jpg.rf.0PzXnl8SCV90Te04YK6R.jpg,0.4,0.0,1,0,0,80466,80466,0,2,0
Tam_d01_019_b_1_jpg.rf.0PzXnl8SCV90Te04YK6R.jpg,0.4,0.1,1,0,0,80466,80466,0,2,0
Tam_d01_019_b_1_jpg.rf.0PzXnl8SCV90Te04YK6R.jpg,0.4,0.25,1,0,0,80466,80466,0,2,0
Tam_d01_019_b_1_jpg.rf.0PzXnl8SCV90Te04YK6R.jpg,0.4,0.5,1,0,0,80466,80466,0,2,0
Tam_d01_019_b_1_jpg.rf.0PzXnl8SCV90Te04YK6R.jpg,0.4,1.0,1,0,0,80466,80466,0,2,0
Tam_d01_019_b_1_jpg.rf.0PzXnl8SCV90Te04YK6R.jpg,0.5,0.0,1,0,0,80466,80466,0,2,0
Tam_d01_019_b_1_jpg.rf.0PzXnl8SCV90Te04YK6R.jpg,0.5,0.1,1,0,0,80466,80466,0,2,0
Tam_d01_019_b_1_jpg.rf.0PzXnl8SCV90Te04YK6R.jpg,0.5,0.25,1,0,0,80466,80466,0,2,0
Tam_d01_019_b_1_jpg.rf.0PzXnl8SCV90Te04YK6R.jpg,0.5,0.5,1,0,0,80466,80466,0,2,0
Tam_d01_019_b_1_jpg.rf.0PzXnl8SCV90Te04YK6R.jpg,0.5,1.0,1,0,0,80466,80466,0,2,0
Tam_d01_073_b_1_jpg.rf.Rv9K4AXh4V8YcdPa9uZi.jpg,0.15,0.0,0,13532,328,3534,17066,13860,1,0
Tam_d01_073_b_1_jpg.rf.Rv9K4AXh4V8YcdPa9uZi.jpg,0.15,0.1,0,13532,328,3534,17066,13860,1,0
Tam_d01_073_b_1_jpg.rf.Rv9K4AXh4V8YcdPa9uZi.jpg,0.15,0.25,0,13532,328,3534,17066,13860,1,0
Tam_d01_073_b_1_jpg.rf.Rv9K4AXh4V8YcdPa9uZi.jpg,0.15,0.5,0,13532,328,3534,17066,13860,1,0
Tam_d01_073_b_1_jpg.rf.Rv9K4AXh4V8YcdPa9uZi.jpg,0.15,1.0,1,13532,328,3534,17066,13860,1,0
Tam_d01_073_b_1_jpg.rf.Rv9K4AXh4V8YcdPa9uZi.jpg,0.2,0.0,0,13532,328,3534,17066,13860,1,0
Tam_d01_073_b_1_jpg.rf.Rv9K4AXh4V8YcdPa9uZi.jpg,0.2,0.1,0,13532,328,3534,17066,13860,1,0
Tam_d01_073_b_1_jpg.rf.Rv9K4AXh4V8YcdPa9uZi.jpg,0.2,0.25,0,13532,328,3534,17066,13860,1,0
Tam_d01_073_b_1_jpg.rf.Rv9K4AXh4V8YcdPa9uZi.jpg,0.2,0.5,0,13532,328,3534,17066,13860,1,0
Tam_d01_073_b_1_jpg.rf.Rv9K4AXh4V8YcdPa9uZi.jpg,0.2,1.0,1,13532,328,3534,17066,13860,1,0
Tam_d01_073_b_1_jpg.rf.Rv9K4AXh4V8YcdPa9uZi.jpg,0.25,0.0,0,13532,328,3534,17066,13860,1,0
Tam_d01_073_b_1_jpg.rf.Rv9K4AXh4V8YcdPa9uZi.jpg,0.25,0.1,0,13532,328,3534,17066,13860,1,0
Tam_d01_073_b_1_jpg.rf.Rv9K4AXh4V8YcdPa9uZi.jpg,0.25,0.25,0,13532,328,3534,17066,13860,1,0
Tam_d01_073_b_1_jpg.rf.Rv9K4AXh4V8YcdPa9uZi.jpg,0.25,0.5,0,13532,328,3534,17066,13860,1,0
Tam_d01_073_b_1_jpg.rf.Rv9K4AXh4V8YcdPa9uZi.jpg,0.25,1.0,1,13532,328,3534,17066,13860,1,0
Tam_d01_073_b_1_jpg.rf.Rv9K4AXh4V8YcdPa9uZi.jpg,0.3,0.0,1,11999,68,5067,17066,12067,1,0
Tam_d01_073_b_1_jpg.rf.Rv9K4AXh4V8YcdPa9uZi.jpg,0.3,0.1,1,11999,68,5067,17066,12067,1,0
Tam_d01_073_b_1_jpg.rf.Rv9K4AXh4V8YcdPa9uZi.jpg,0.3,0.25,1,11999,68,5067,17066,12067,1,0
Tam_d01_073_b_1_jpg.rf.Rv9K4AXh4V8YcdPa9uZi.jpg,0.3,0.5,1,11999,68,5067,17066,12067,1,0
Tam_d01_073_b_1_jpg.rf.Rv9K4AXh4V8YcdPa9uZi.jpg,0.3,1.0,1,11999,68,5067,17066,12067,1,0
Tam_d01_073_b_1_jpg.rf.Rv9K4AXh4V8YcdPa9uZi.jpg,0.4,0.0,1,11999,68,5067,17066,12067,1,0
Tam_d01_073_b_1_jpg.rf.Rv9K4AXh4V8YcdPa9uZi.jpg,0.4,0.1,1,11999,68,5067,17066,12067,1,0
Tam_d01_073_b_1_jpg.rf.Rv9K4AXh4V8YcdPa9uZi.jpg,0.4,0.25,1,11999,68,5067,17066,12067,1,0
Tam_d01_073_b_1_jpg.rf.Rv9K4AXh4V8YcdPa9uZi.jpg,0.4,0.5,1,11999,68,5067,17066,12067,1,0
Tam_d01_073_b_1_jpg.rf.Rv9K4AXh4V8YcdPa9uZi.jpg,0.4,1.0,1,11999,68,5067,17066,12067,1,0
Tam_d01_073_b_1_jpg.rf.Rv9K4AXh4V8YcdPa9uZi.jpg,0.5,0.0,1,11999,68,5067,17066,12067,1,0
Tam_d01_073_b_1_jpg.rf.Rv9K4AXh4V8YcdPa9uZi.jpg,0.5,0.1,1,11999,68,5067,17066,12067,1,0
Tam_d01_073_b_1_jpg.rf.Rv9K4AXh4V8YcdPa9uZi.jpg,0.5,0.25,1,11999,68,5067,17066,12067,1,0
Tam_d01_073_b_1_jpg.rf.Rv9K4AXh4V8YcdPa9uZi.jpg,0.5,0.5,1,11999,68,5067,17066,12067,1,0
Tam_d01_073_b_1_jpg.rf.Rv9K4AXh4V8YcdPa9uZi.jpg,0.5,1.0,1,11999,68,5067,17066,12067,1,0
Tam_d02_173_b_1_jpg.rf.MHXGJ703F6iBWV5WQsXs.jpg,0.15,0.0,1,0,0,11804,11804,0,1,0
Tam_d02_173_b_1_jpg.rf.MHXGJ703F6iBWV5WQsXs.jpg,0.15,0.1,1,0,0,11804,11804,0,1,0
Tam_d02_173_b_1_jpg.rf.MHXGJ703F6iBWV5WQsXs.jpg,0.15,0.25,1,0,0,11804,11804,0,1,0
Tam_d02_173_b_1_jpg.rf.MHXGJ703F6iBWV5WQsXs.jpg,0.15,0.5,1,0,0,11804,11804,0,1,0
Tam_d02_173_b_1_jpg.rf.MHXGJ703F6iBWV5WQsXs.jpg,0.15,1.0,1,0,0,11804,11804,0,1,0
Tam_d02_173_b_1_jpg.rf.MHXGJ703F6iBWV5WQsXs.jpg,0.2,0.0,1,0,0,11804,11804,0,1,0
Tam_d02_173_b_1_jpg.rf.MHXGJ703F6iBWV5WQsXs.jpg,0.2,0.1,1,0,0,11804,11804,0,1,0
Tam_d02_173_b_1_jpg.rf.MHXGJ703F6iBWV5WQsXs.jpg,0.2,0.25,1,0,0,11804,11804,0,1,0
Tam_d02_173_b_1_jpg.rf.MHXGJ703F6iBWV5WQsXs.jpg,0.2,0.5,1,0,0,11804,11804,0,1,0
Tam_d02_173_b_1_jpg.rf.MHXGJ703F6iBWV5WQsXs.jpg,0.2,1.0,1,0,0,11804,11804,0,1,0
Tam_d02_173_b_1_jpg.rf.MHXGJ703F6iBWV5WQsXs.jpg,0.25,0.0,1,0,0,11804,11804,0,1,0
Tam_d02_173_b_1_jpg.rf.MHXGJ703F6iBWV5WQsXs.jpg,0.25,0.1,1,0,0,11804,11804,0,1,0
Tam_d02_173_b_1_jpg.rf.MHXGJ703F6iBWV5WQsXs.jpg,0.25,0.25,1,0,0,11804,11804,0,1,0
Tam_d02_173_b_1_jpg.rf.MHXGJ703F6iBWV5WQsXs.jpg,0.25,0.5,1,0,0,11804,11804,0,1,0
Tam_d02_173_b_1_jpg.rf.MHXGJ703F6iBWV5WQsXs.jpg,0.25,1.0,1,0,0,11804,11804,0,1,0
Tam_d02_173_b_1_jpg.rf.MHXGJ703F6iBWV5WQsXs.jpg,0.3,0.0,1,0,0,11804,11804,0,1,0
Tam_d02_173_b_1_jpg.rf.MHXGJ703F6iBWV5WQsXs.jpg,0.3,0.1,1,0,0,11804,11804,0,1,0
Tam_d02_173_b_1_jpg.rf.MHXGJ703F6iBWV5WQsXs.jpg,0.3,0.25,1,0,0,11804,11804,0,1,0
Tam_d02_173_b_1_jpg.rf.MHXGJ703F6iBWV5WQsXs.jpg,0.3,0.5,1,0,0,11804,11804,0,1,0
Tam_d02_173_b_1_jpg.rf.MHXGJ703F6iBWV5WQsXs.jpg,0.3,1.0,1,0,0,11804,11804,0,1,0
Tam_d02_173_b_1_jpg.rf.MHXGJ703F6iBWV5WQsXs.jpg,0.4,0.0,1,0,0,11804,11804,0,1,0
Tam_d02_173_b_1_jpg.rf.MHXGJ703F6iBWV5WQsXs.jpg,0.4,0.1,1,0,0,11804,11804,0,1,0
Tam_d02_173_b_1_jpg.rf.MHXGJ703F6iBWV5WQsXs.jpg,0.4,0.25,1,0,0,11804,11804,0,1,0
Tam_d02_173_b_1_jpg.rf.MHXGJ703F6iBWV5WQsXs.jpg,0.4,0.5,1,0,0,11804,11804,0,1,0
Tam_d02_173_b_1_jpg.rf.MHXGJ703F6iBWV5WQsXs.jpg,0.4,1.0,1,0,0,11804,11804,0,1,0
Tam_d02_173_b_1_jpg.rf.MHXGJ703F6iBWV5WQsXs.jpg,0.5,0.0,1,0,0,11804,11804,0,1,0
Tam_d02_173_b_1_jpg.rf.MHXGJ703F6iBWV5WQsXs.jpg,0.5,0.1,1,0,0,11804,11804,0,1,0
Tam_d02_173_b_1_jpg.rf.MHXGJ703F6iBWV5WQsXs.jpg,0.5,0.25,1,0,0,11804,11804,0,1,0
Tam_d02_173_b_1_jpg.rf.MHXGJ703F6iBWV5WQsXs.jpg,0.5,0.5,1,0,0,11804,11804,0,1,0
Tam_d02_173_b_1_jpg.rf.MHXGJ703F6iBWV5WQsXs.jpg,0.5,1.0,1,0,0,11804,11804,0,1,0
Tam_d02_175_b_1_jpg.rf.vXdcFQcUmVVipUGUYshz.jpg,0.15,0.0,0,5009,1989,1027,6036,6998,0,0
Tam_d02_175_b_1_jpg.rf.vXdcFQcUmVVipUGUYshz.jpg,0.15,0.1,0,5009,1989,1027,6036,6998,0,0
Tam_d02_175_b_1_jpg.rf.vXdcFQcUmVVipUGUYshz.jpg,0.15,0.25,0,5009,1989,1027,6036,6998,0,0
Tam_d02_175_b_1_jpg.rf.vXdcFQcUmVVipUGUYshz.jpg,0.15,0.5,0,5009,1989,1027,6036,6998,0,0
Tam_d02_175_b_1_jpg.rf.vXdcFQcUmVVipUGUYshz.jpg,0.15,1.0,1,5009,1989,1027,6036,6998,0,0
Tam_d02_175_b_1_jpg.rf.vXdcFQcUmVVipUGUYshz.jpg,0.2,0.0,1,0,0,6036,6036,0,0,0
Tam_d02_175_b_1_jpg.rf.vXdcFQcUmVVipUGUYshz.jpg,0.2,0.1,1,0,0,6036,6036,0,0,0
Tam_d02_175_b_1_jpg.rf.vXdcFQcUmVVipUGUYshz.jpg,0.2,0.25,1,0,0,6036,6036,0,0,0
Tam_d02_175_b_1_jpg.rf.vXdcFQcUmVVipUGUYshz.jpg,0.2,0.5,1,0,0,6036,6036,0,0,0
Tam_d02_175_b_1_jpg.rf.vXdcFQcUmVVipUGUYshz.jpg,0.2,1.0,1,0,0,6036,6036,0,0,0
Tam_d02_175_b_1_jpg.rf.vXdcFQcUmVVipUGUYshz.jpg,0.25,0.0,1,0,0,6036,6036,0,0,0
Tam_d02_175_b_1_jpg.rf.vXdcFQcUmVVipUGUYshz.jpg,0.25,0.1,1,0,0,6036,6036,0,0,0
Tam_d02_175_b_1_jpg.rf.vXdcFQcUmVVipUGUYshz.jpg,0.25,0.25,1,0,0,6036,6036,0,0,0
Tam_d02_175_b_1_jpg.rf.vXdcFQcUmVVipUGUYshz.jpg,0.25,0.5,1,0,0,6036,6036,0,0,0
Tam_d02_175_b_1_jpg.rf.vXdcFQcUmVVipUGUYshz.jpg,0.25,1.0,1,0,0,6036,6036,0,0,0
Tam_d02_175_b_1_jpg.rf.vXdcFQcUmVVipUGUYshz.jpg,0.3,0.0,1,0,0,6036,6036,0,0,0
Tam_d02_175_b_1_jpg.rf.vXdcFQcUmVVipUGUYshz.jpg,0.3,0.1,1,0,0,6036,6036,0,0,0
Tam_d02_175_b_1_jpg.rf.vXdcFQcUmVVipUGUYshz.jpg,0.3,0.25,1,0,0,6036,6036,0,0,0
Tam_d02_175_b_1_jpg.rf.vXdcFQcUmVVipUGUYshz.jpg,0.3,0.5,1,0,0,6036,6036,0,0,0
Tam_d02_175_b_1_jpg.rf.vXdcFQcUmVVipUGUYshz.jpg,0.3,1.0,1,0,0,6036,6036,0,0,0
Tam_d02_175_b_1_jpg.rf.vXdcFQcUmVVipUGUYshz.jpg,0.4,0.0,1,0,0,6036,6036,0,0,0
Tam_d02_175_b_1_jpg.rf.vXdcFQcUmVVipUGUYshz.jpg,0.4,0.1,1,0,0,6036,6036,0,0,0
Tam_d02_175_b_1_jpg.rf.vXdcFQcUmVVipUGUYshz.jpg,0.4,0.25,1,0,0,6036,6036,0,0,0
Tam_d02_175_b_1_jpg.rf.vXdcFQcUmVVipUGUYshz.jpg,0.4,0.5,1,0,0,6036,6036,0,0,0
Tam_d02_175_b_1_jpg.rf.vXdcFQcUmVVipUGUYshz.jpg,0.4,1.0,1,0,0,6036,6036,0,0,0
Tam_d02_175_b_1_jpg.rf.vXdcFQcUmVVipUGUYshz.jpg,0.5,0.0,1,0,0,6036,6036,0,0,0
Tam_d02_175_b_1_jpg.rf.vXdcFQcUmVVipUGUYshz.jpg,0.5,0.1,1,0,0,6036,6036,0,0,0
Tam_d02_175_b_1_jpg.rf.vXdcFQcUmVVipUGUYshz.jpg,0.5,0.25,1,0,0,6036,6036,0,0,0
Tam_d02_175_b_1_jpg.rf.vXdcFQcUmVVipUGUYshz.jpg,0.5,0.5,1,0,0,6036,6036,0,0,0
Tam_d02_175_b_1_jpg.rf.vXdcFQcUmVVipUGUYshz.jpg,0.5,1.0,1,0,0,6036,6036,0,0,0
Tam_d02_345_b_1_jpg.rf.YAGzE4fx0D1WmIOk6q72.jpg,0.15,0.0,1,0,0,0,0,0,0,0
Tam_d02_345_b_1_jpg.rf.YAGzE4fx0D1WmIOk6q72.jpg,0.15,0.1,1,0,0,0,0,0,0,0
Tam_d02_345_b_1_jpg.rf.YAGzE4fx0D1WmIOk6q72.jpg,0.15,0.25,1,0,0,0,0,0,0,0
Tam_d02_345_b_1_jpg.rf.YAGzE4fx0D1WmIOk6q72.jpg,0.15,0.5,1,0,0,0,0,0,0,0
Tam_d02_345_b_1_jpg.rf.YAGzE4fx0D1WmIOk6q72.jpg,0.15,1.0,1,0,0,0,0,0,0,0
Tam_d02_345_b_1_jpg.rf.YAGzE4fx0D1WmIOk6q72.jpg,0.2,0.0,1,0,0,0,0,0,0,0
Tam_d02_345_b_1_jpg.rf.YAGzE4fx0D1WmIOk6q72.jpg,0.2,0.1,1,0,0,0,0,0,0,0
Tam_d02_345_b_1_jpg.rf.YAGzE4fx0D1WmIOk6q72.jpg,0.2,0.25,1,0,0,0,0,0,0,0
Tam_d02_345_b_1_jpg.rf.YAGzE4fx0D1WmIOk6q72.jpg,0.2,0.5,1,0,0,0,0,0,0,0
Tam_d02_345_b_1_jpg.rf.YAGzE4fx0D1WmIOk6q72.jpg,0.2,1.0,1,0,0,0,0,0,0,0
Tam_d02_345_b_1_jpg.rf.YAGzE4fx0D1WmIOk6q72.jpg,0.25,0.0,1,0,0,0,0,0,0,0
Tam_d02_345_b_1_jpg.rf.YAGzE4fx0D1WmIOk6q72.jpg,0.25,0.1,1,0,0,0,0,0,0,0
Tam_d02_345_b_1_jpg.rf.YAGzE4fx0D1WmIOk6q72.jpg,0.25,0.25,1,0,0,0,0,0,0,0
Tam_d02_345_b_1_jpg.rf.YAGzE4fx0D1WmIOk6q72.jpg,0.25,0.5,1,0,0,0,0,0,0,0
Tam_d02_345_b_1_jpg.rf.YAGzE4fx0D1WmIOk6q72.jpg,0.25,1.0,1,0,0,0,0,0,0,0
Tam_d02_345_b_1_jpg.rf.YAGzE4fx0D1WmIOk6q72.jpg,0.3,0.0,1,0,0,0,0,0,0,0
Tam_d02_345_b_1_jpg.rf.YAGzE4fx0D1WmIOk6q72.jpg,0.3,0.1,1,0,0,0,0,0,0,0
Tam_d02_345_b_1_jpg.rf.YAGzE4fx0D1WmIOk6q72.jpg,0.3,0.25,1,0,0,0,0,0,0,0
Tam_d02_345_b_1_jpg.rf.YAGzE4fx0D1WmIOk6q72.jpg,0.3,0.5,1,0,0,0,0,0,0,0
Tam_d02_345_b_1_jpg.rf.YAGzE4fx0D1WmIOk6q72.jpg,0.3,1.0,1,0,0,0,0,0,0,0
Tam_d02_345_b_1_jpg.rf.YAGzE4fx0D1WmIOk6q72.jpg,0.4,0.0,1,0,0,0,0,0,0,0
Tam_d02_345_b_1_jpg.rf.YAGzE4fx0D1WmIOk6q72.jpg,0.4,0.1,1,0,0,0,0,0,0,0
Tam_d02_345_b_1_jpg.rf.YAGzE4fx0D1WmIOk6q72.jpg,0.4,0.25,1,0,0,0,0,0,0,0
Tam_d02_345_b_1_jpg.rf.YAGzE4fx0D1WmIOk6q72.jpg,0.4,0.5,1,0,0,0,0,0,0,0
Tam_d02_345_b_1_jpg.rf.YAGzE4fx0D1WmIOk6q72.jpg,0.4,1.0,1,0,0,0,0,0,0,0
Tam_d02_345_b_1_jpg.rf.YAGzE4fx0D1WmIOk6q72.jpg,0.5,0.0,1,0,0,0,0,0,0,0
Tam_d02_345_b_1_jpg.rf.YAGzE4fx0D1WmIOk6q72.jpg,0.5,0.1,1,0,0,0,0,0,0,0
Tam_d02_345_b_1_jpg.rf.YAGzE4fx0D1WmIOk6q72.jpg,0.5,0.25,1,0,0,0,0,0,0,0
Tam_d02_345_b_1_jpg.rf.YAGzE4fx0D1WmIOk6q72.jpg,0.5,0.5,1,0,0,0,0,0,0,0
Tam_d02_345_b_1_jpg.rf.YAGzE4fx0D1WmIOk6q72.jpg,0.5,1.0,1,0,0,0,0,0,0,0
Tam_d02_473_b_1_jpg.rf.V6PvBUyU6Kqgz1uCJp7H.jpg,0.15,0.0,1,0,0,1165,1165,0,0,0
Tam_d02_473_b_1_jpg.rf.V6PvBUyU6Kqgz1uCJp7H.jpg,0.15,0.1,1,0,0,1165,1165,0,0,0
Tam_d02_473_b_1_jpg.rf.V6PvBUyU6Kqgz1uCJp7H.jpg,0.15,0.25,1,0,0,1165,1165,0,0,0
Tam_d02_473_b_1_jpg.rf.V6PvBUyU6Kqgz1uCJp7H.jpg,0.15,0.5,1,0,0,1165,1165,0,0,0
Tam_d02_473_b_1_jpg.rf.V6PvBUyU6Kqgz1uCJp7H.jpg,0.15,1.0,1,0,0,1165,1165,0,0,0
Tam_d02_473_b_1_jpg.rf.V6PvBUyU6Kqgz1uCJp7H.jpg,0.2,0.0,1,0,0,1165,1165,0,0,0
Tam_d02_473_b_1_jpg.rf.V6PvBUyU6Kqgz1uCJp7H.jpg,0.2,0.1,1,0,0,1165,1165,0,0,0
Tam_d02_473_b_1_jpg.rf.V6PvBUyU6Kqgz1uCJp7H.jpg,0.2,0.25,1,0,0,1165,1165,0,0,0
Tam_d02_473_b_1_jpg.rf.V6PvBUyU6Kqgz1uCJp7H.jpg,0.2,0.5,1,0,0,1165,1165,0,0,0
Tam_d02_473_b_1_jpg.rf.V6PvBUyU6Kqgz1uCJp7H.jpg,0.2,1.0,1,0,0,1165,1165,0,0,0
Tam_d02_473_b_1_jpg.rf.V6PvBUyU6Kqgz1uCJp7H.jpg,0.25,0.0,1,0,0,1165,1165,0,0,0
Tam_d02_473_b_1_jpg.rf.V6PvBUyU6Kqgz1uCJp7H.jpg,0.25,0.1,1,0,0,1165,1165,0,0,0
Tam_d02_473_b_1_jpg.rf.V6PvBUyU6Kqgz1uCJp7H.jpg,0.25,0.25,1,0,0,1165,1165,0,0,0
Tam_d02_473_b_1_jpg.rf.V6PvBUyU6Kqgz1uCJp7H.jpg,0.25,0.5,1,0,0,1165,1165,0,0,0
Tam_d02_473_b_1_jpg.rf.V6PvBUyU6Kqgz1uCJp7H.jpg,0.25,1.0,1,0,0,1165,1165,0,0,0
Tam_d02_473_b_1_jpg.rf.V6PvBUyU6Kqgz1uCJp7H.jpg,0.3,0.0,1,0,0,1165,1165,0,0,0
Tam_d02_473_b_1_jpg.rf.V6PvBUyU6Kqgz1uCJp7H.jpg,0.3,0.1,1,0,0,1165,1165,0,0,0
Tam_d02_473_b_1_jpg.rf.V6PvBUyU6Kqgz1uCJp7H.jpg,0.3,0.25,1,0,0,1165,1165,0,0,0
Tam_d02_473_b_1_jpg.rf.V6PvBUyU6Kqgz1uCJp7H.jpg,0.3,0.5,1,0,0,1165,1165,0,0,0
Tam_d02_473_b_1_jpg.rf.V6PvBUyU6Kqgz1uCJp7H.jpg,0.3,1.0,1,0,0,1165,1165,0,0,0
Tam_d02_473_b_1_jpg.rf.V6PvBUyU6Kqgz1uCJp7H.jpg,0.4,0.0,1,0,0,1165,1165,0,0,0
Tam_d02_473_b_1_jpg.rf.V6PvBUyU6Kqgz1uCJp7H.jpg,0.4,0.1,1,0,0,1165,1165,0,0,0
Tam_d02_473_b_1_jpg.rf.V6PvBUyU6Kqgz1uCJp7H.jpg,0.4,0.25,1,0,0,1165,1165,0,0,0
Tam_d02_473_b_1_jpg.rf.V6PvBUyU6Kqgz1uCJp7H.jpg,0.4,0.5,1,0,0,1165,1165,0,0,0
Tam_d02_473_b_1_jpg.rf.V6PvBUyU6Kqgz1uCJp7H.jpg,0.4,1.0,1,0,0,1165,1165,0,0,0
Tam_d02_473_b_1_jpg.rf.V6PvBUyU6Kqgz1uCJp7H.jpg,0.5,0.0,1,0,0,1165,1165,0,0,0
Tam_d02_473_b_1_jpg.rf.V6PvBUyU6Kqgz1uCJp7H.jpg,0.5,0.1,1,0,0,1165,1165,0,0,0
Tam_d02_473_b_1_jpg.rf.V6PvBUyU6Kqgz1uCJp7H.jpg,0.5,0.25,1,0,0,1165,1165,0,0,0
Tam_d02_473_b_1_jpg.rf.V6PvBUyU6Kqgz1uCJp7H.jpg,0.5,0.5,1,0,0,1165,1165,0,0,0
Tam_d02_473_b_1_jpg.rf.V6PvBUyU6Kqgz1uCJp7H.jpg,0.5,1.0,1,0,0,1165,1165,0,0,0
Tam_d03_068_a_2_jpg.rf.hQm3ksdmF1iRtKVaPubh.jpg,0.15,0.0,1,0,0,11631,11631,0,0,0
Tam_d03_068_a_2_jpg.rf.hQm3ksdmF1iRtKVaPubh.jpg,0.15,0.1,1,0,0,11631,11631,0,0,0
Tam_d03_068_a_2_jpg.rf.hQm3ksdmF1iRtKVaPubh.jpg,0.15,0.25,1,0,0,11631,11631,0,0,0
Tam_d03_068_a_2_jpg.rf.hQm3ksdmF1iRtKVaPubh.jpg,0.15,0.5,1,0,0,11631,11631,0,0,0
Tam_d03_068_a_2_jpg.rf.hQm3ksdmF1iRtKVaPubh.jpg,0.15,1.0,1,0,0,11631,11631,0,0,0
Tam_d03_068_a_2_jpg.rf.hQm3ksdmF1iRtKVaPubh.jpg,0.2,0.0,1,0,0,11631,11631,0,0,0
Tam_d03_068_a_2_jpg.rf.hQm3ksdmF1iRtKVaPubh.jpg,0.2,0.1,1,0,0,11631,11631,0,0,0
Tam_d03_068_a_2_jpg.rf.hQm3ksdmF1iRtKVaPubh.jpg,0.2,0.25,1,0,0,11631,11631,0,0,0
Tam_d03_068_a_2_jpg.rf.hQm3ksdmF1iRtKVaPubh.jpg,0.2,0.5,1,0,0,11631,11631,0,0,0
Tam_d03_068_a_2_jpg.rf.hQm3ksdmF1iRtKVaPubh.jpg,0.2,1.0,1,0,0,11631,11631,0,0,0
Tam_d03_068_a_2_jpg.rf.hQm3ksdmF1iRtKVaPubh.jpg,0.25,0.0,1,0,0,11631,11631,0,0,0
Tam_d03_068_a_2_jpg.rf.hQm3ksdmF1iRtKVaPubh.jpg,0.25,0.1,1,0,0,11631,11631,0,0,0
Tam_d03_068_a_2_jpg.rf.hQm3ksdmF1iRtKVaPubh.jpg,0.25,0.25,1,0,0,11631,11631,0,0,0
Tam_d03_068_a_2_jpg.rf.hQm3ksdmF1iRtKVaPubh.jpg,0.25,0.5,1,0,0,11631,11631,0,0,0
Tam_d03_068_a_2_jpg.rf.hQm3ksdmF1iRtKVaPubh.jpg,0.25,1.0,1,0,0,11631,11631,0,0,0
Tam_d03_068_a_2_jpg.rf.hQm3ksdmF1iRtKVaPubh.jpg,0.3,0.0,1,0,0,11631,11631,0,0,0
Tam_d03_068_a_2_jpg.rf.hQm3ksdmF1iRtKVaPubh.jpg,0.3,0.1,1,0,0,11631,11631,0,0,0
Tam_d03_068_a_2_jpg.rf.hQm3ksdmF1iRtKVaPubh.jpg,0.3,0.25,1,0,0,11631,11631,0,0,0
Tam_d03_068_a_2_jpg.rf.hQm3ksdmF1iRtKVaPubh.jpg,0.3,0.5,1,0,0,11631,11631,0,0,0
Tam_d03_068_a_2_jpg.rf.hQm3ksdmF1iRtKVaPubh.jpg,0.3,1.0,1,0,0,11631,11631,0,0,0
Tam_d03_068_a_2_jpg.rf.hQm3ksdmF1iRtKVaPubh.jpg,0.4,0.0,1,0,0,11631,11631,0,0,0
Tam_d03_068_a_2_jpg.rf.hQm3ksdmF1iRtKVaPubh.jpg,0.4,0.1,1,0,0,11631,11631,0,0,0
Tam_d03_068_a_2_jpg.rf.hQm3ksdmF1iRtKVaPubh.jpg,0.4,0.25,1,0,0,11631,11631,0,0,0
Tam_d03_068_a_2_jpg.rf.hQm3ksdmF1iRtKVaPubh.jpg,0.4,0.5,1,0,0,11631,11631,0,0,0
Tam_d03_068_a_2_jpg.rf.hQm3ksdmF1iRtKVaPubh.jpg,0.4,1.0,1,0,0,11631,11631,0,0,0
Tam_d03_068_a_2_jpg.rf.hQm3ksdmF1iRtKVaPubh.jpg,0.5,0.0,1,0,0,11631,11631,0,0,0
Tam_d03_068_a_2_jpg.rf.hQm3ksdmF1iRtKVaPubh.jpg,0.5,0.1,1,0,0,11631,11631,0,0,0
Tam_d03_068_a_2_jpg.rf.hQm3ksdmF1iRtKVaPubh.jpg,0.5,0.25,1,0,0,11631,11631,0,0,0
Tam_d03_068_a_2_jpg.rf.hQm3ksdmF1iRtKVaPubh.jpg,0.5,0.5,1,0,0,11631,11631,0,0,0
Tam_d03_068_a_2_jpg.rf.hQm3ksdmF1iRtKVaPubh.jpg,0.5,1.0,1,0,0,11631,11631,0,0,0
Tam_d03_088_a_2_jpg.rf.0lO7FYiXp3Wpemwii0pW.jpg,0.15,0.0,1,6194,831,248,6442,7025,0,0
Tam_d03_088_a_2_jpg.rf.0lO7FYiXp3Wpemwii0pW.jpg,0.15,0.1,1,6194,831,248,6442,7025,0,0
Tam_d03_088_a_2_jpg.rf.0lO7FYiXp3Wpemwii0pW.jpg,0.15,0.25,1,6194,831,248,6442,7025,0,0
Tam_d03_088_a_2_jpg.rf.0lO7FYiXp3Wpemwii0pW.jpg,0.15,0.5,1,6194,831,248,6442,7025,0,0
Tam_d03_088_a_2_jpg.rf.0lO7FYiXp3Wpemwii0pW.jpg,0.15,1.0,1,6194,831,248,6442,7025,0,0
Tam_d03_088_a_2_jpg.rf.0lO7FYiXp3Wpemwii0pW.jpg,0.2,0.0,1,6194,831,248,6442,7025,0,0
Tam_d03_088_a_2_jpg.rf.0lO7FYiXp3Wpemwii0pW.jpg,0.2,0.1,1,6194,831,248,6442,7025,0,0
Tam_d03_088_a_2_jpg.rf.0lO7FYiXp3Wpemwii0pW.jpg,0.2,0.25,1,6194,831,248,6442,7025,0,0
Tam_d03_088_a_2_jpg.rf.0lO7FYiXp3Wpemwii0pW.jpg,0.2,0.5,1,6194,831,248,6442,7025,0,0
Tam_d03_088_a_2_jpg.rf.0lO7FYiXp3Wpemwii0pW.jpg,0.2,1.0,1,6194,831,248,6442,7025,0,0
Tam_d03_088_a_2_jpg.rf.0lO7FYiXp3Wpemwii0pW.jpg,0.25,0.0,1,6194,831,248,6442,7025,0,0
Tam_d03_088_a_2_jpg.rf.0lO7FYiXp3Wpemwii0pW.jpg,0.25,0.1,1,6194,831,248,6442,7025,0,0
Tam_d03_088_a_2_jpg.rf.0lO7FYiXp3Wpemwii0pW.jpg,0.25,0.25,1,6194,831,248,6442,7025,0,0
Tam_d03_088_a_2_jpg.rf.0lO7FYiXp3Wpemwii0pW.jpg,0.25,0.5,1,6194,831,248,6442,7025,0,0
Tam_d03_088_a_2_jpg.rf.0lO7FYiXp3Wpemwii0pW.jpg,0.25,1.0,1,6194,831,248,6442,7025,0,0
Tam_d03_088_a_2_jpg.rf.0lO7FYiXp3Wpemwii0pW.jpg,0.3,0.0,1,6194,831,248,6442,7025,0,0
Tam_d03_088_a_2_jpg.rf.0lO7FYiXp3Wpemwii0pW.jpg,0.3,0.1,1,6194,831,248,6442,7025,0,0
Tam_d03_088_a_2_jpg.rf.0lO7FYiXp3Wpemwii0pW.jpg,0.3,0.25,1,6194,831,248,6442,7025,0,0
Tam_d03_088_a_2_jpg.rf.0lO7FYiXp3Wpemwii0pW.jpg,0.3,0.5,1,6194,831,248,6442,7025,0,0
Tam_d03_088_a_2_jpg.rf.0lO7FYiXp3Wpemwii0pW.jpg,0.3,1.0,1,6194,831,248,6442,7025,0,0
Tam_d03_088_a_2_jpg.rf.0lO7FYiXp3Wpemwii0pW.jpg,0.4,0.0,1,6194,831,248,6442,7025,0,0
Tam_d03_088_a_2_jpg.rf.0lO7FYiXp3Wpemwii0pW.jpg,0.4,0.1,1,6194,831,248,6442,7025,0,0
Tam_d03_088_a_2_jpg.rf.0lO7FYiXp3Wpemwii0pW.jpg,0.4,0.25,1,6194,831,248,6442,7025,0,0
Tam_d03_088_a_2_jpg.rf.0lO7FYiXp3Wpemwii0pW.jpg,0.4,0.5,1,6194,831,248,6442,7025,0,0
Tam_d03_088_a_2_jpg.rf.0lO7FYiXp3Wpemwii0pW.jpg,0.4,1.0,1,6194,831,248,6442,7025,0,0
Tam_d03_088_a_2_jpg.rf.0lO7FYiXp3Wpemwii0pW.jpg,0.5,0.0,1,6194,831,248,6442,7025,0,0
Tam_d03_088_a_2_jpg.rf.0lO7FYiXp3Wpemwii0pW.jpg,0.5,0.1,1,6194,831,248,6442,7025,0,0
Tam_d03_088_a_2_jpg.rf.0lO7FYiXp3Wpemwii0pW.jpg,0.5,0.25,1,6194,831,248,6442,7025,0,0
Tam_d03_088_a_2_jpg.rf.0lO7FYiXp3Wpemwii0pW.jpg,0.5,0.5,1,6194,831,248,6442,7025,0,0
Tam_d03_088_a_2_jpg.rf.0lO7FYiXp3Wpemwii0pW.jpg,0.5,1.0,1,6194,831,248,6442,7025,0,0
Tam_d03_088_b_2_jpg.rf.oNEIa9kTu3zRKorIRQi8.jpg,0.15,0.0,1,0,0,0,0,0,0,0
Tam_d03_088_b_2_jpg.rf.oNEIa9kTu3zRKorIRQi8.jpg,0.15,0.1,1,0,0,0,0,0,0,0
Tam_d03_088_b_2_jpg.rf.oNEIa9kTu3zRKorIRQi8.jpg,0.15,0.25,1,0,0,0,0,0,0,0
Tam_d03_088_b_2_jpg.rf.oNEIa9kTu3zRKorIRQi8.jpg,0.15,0.5,1,0,0,0,0,0,0,0
Tam_d03_088_b_2_jpg.rf.oNEIa9kTu3zRKorIRQi8.jpg,0.15,1.0,1,0,0,0,0,0,0,0
Tam_d03_088_b_2_jpg.rf.oNEIa9kTu3zRKorIRQi8.jpg,0.2,0.0,1,0,0,0,0,0,0,0
Tam_d03_088_b_2_jpg.rf.oNEIa9kTu3zRKorIRQi8.jpg,0.2,0.1,1,0,0,0,0,0,0,0
Tam_d03_088_b_2_jpg.rf.oNEIa9kTu3zRKorIRQi8.jpg,0.2,0.25,1,0,0,0,0,0,0,0
Tam_d03_088_b_2_jpg.rf.oNEIa9kTu3zRKorIRQi8.jpg,0.2,0.5,1,0,0,0,0,0,0,0
Tam_d03_088_b_2_jpg.rf.oNEIa9kTu3zRKorIRQi8.jpg,0.2,1.0,1,0,0,0,0,0,0,0
Tam_d03_088_b_2_jpg.rf.oNEIa9kTu3zRKorIRQi8.jpg,0.25,0.0,1,0,0,0,0,0,0,0
Tam_d03_088_b_2_jpg.rf.oNEIa9kTu3zRKorIRQi8.jpg,0.25,0.1,1,0,0,0,0,0,0,0
Tam_d03_088_b_2_jpg.rf.oNEIa9kTu3zRKorIRQi8.jpg,0.25,0.25,1,0,0,0,0,0,0,0
Tam_d03_088_b_2_jpg.rf.oNEIa9kTu3zRKorIRQi8.jpg,0.25,0.5,1,0,0,0,0,0,0,0
Tam_d03_088_b_2_jpg.rf.oNEIa9kTu3zRKorIRQi8.jpg,0.25,1.0,1,0,0,0,0,0,0,0
Tam_d03_088_b_2_jpg.rf.oNEIa9kTu3zRKorIRQi8.jpg,0.3,0.0,1,0,0,0,0,0,0,0
Tam_d03_088_b_2_jpg.rf.oNEIa9kTu3zRKorIRQi8.jpg,0.3,0.1,1,0,0,0,0,0,0,0
Tam_d03_088_b_2_jpg.rf.oNEIa9kTu3zRKorIRQi8.jpg,0.3,0.25,1,0,0,0,0,0,0,0
Tam_d03_088_b_2_jpg.rf.oNEIa9kTu3zRKorIRQi8.jpg,0.3,0.5,1,0,0,0,0,0,0,0
Tam_d03_088_b_2_jpg.rf.oNEIa9kTu3zRKorIRQi8.jpg,0.3,1.0,1,0,0,0,0,0,0,0
Tam_d03_088_b_2_jpg.rf.oNEIa9kTu3zRKorIRQi8.jpg,0.4,0.0,1,0,0,0,0,0,0,0
Tam_d03_088_b_2_jpg.rf.oNEIa9kTu3zRKorIRQi8.jpg,0.4,0.1,1,0,0,0,0,0,0,0
Tam_d03_088_b_2_jpg.rf.oNEIa9kTu3zRKorIRQi8.jpg,0.4,0.25,1,0,0,0,0,0,0,0
Tam_d03_088_b_2_jpg.rf.oNEIa9kTu3zRKorIRQi8.jpg,0.4,0.5,1,0,0,0,0,0,0,0
Tam_d03_088_b_2_jpg.rf.oNEIa9kTu3zRKorIRQi8.jpg,0.4,1.0,1,0,0,0,0,0,0,0
Tam_d03_088_b_2_jpg.rf.oNEIa9kTu3zRKorIRQi8.jpg,0.5,0.0,1,0,0,0,0,0,0,0
Tam_d03_088_b_2_jpg.rf.oNEIa9kTu3zRKorIRQi8.jpg,0.5,0.1,1,0,0,0,0,0,0,0
Tam_d03_088_b_2_jpg.rf.oNEIa9kTu3zRKorIRQi8.jpg,0.5,0.25,1,0,0,0,0,0,0,0
Tam_d03_088_b_2_jpg.rf.oNEIa9kTu3zRKorIRQi8.jpg,0.5,0.5,1,0,0,0,0,0,0,0
Tam_d03_088_b_2_jpg.rf.oNEIa9kTu3zRKorIRQi8.jpg,0.5,1.0,1,0,0,0,0,0,0,0
Tam_d03_175_b_2_jpg.rf.KrbqflvOMkYalDR3zw11.jpg,0.15,0.0,0,19295,10077,1138,20433,29372,2,2
Tam_d03_175_b_2_jpg.rf.KrbqflvOMkYalDR3zw11.jpg,0.15,0.1,0,19295,10077,1138,20433,29372,2,2
Tam_d03_175_b_2_jpg.rf.KrbqflvOMkYalDR3zw11.jpg,0.15,0.25,0,19295,10077,1138,20433,29372,2,2
Tam_d03_175_b_2_jpg.rf.KrbqflvOMkYalDR3zw11.jpg,0.15,0.5,0,19295,10077,1138,20433,29372,2,2
Tam_d03_175_b_2_jpg.rf.KrbqflvOMkYalDR3zw11.jpg,0.15,1.0,1,19295,10077,1138,20433,29372,2,2
Tam_d03_175_b_2_jpg.rf.KrbqflvOMkYalDR3zw11.jpg,0.2,0.0,0,19295,10077,1138,20433,29372,2,2
Tam_d03_175_b_2_jpg.rf.KrbqflvOMkYalDR3zw11.jpg,0.2,0.1,0,19295,10077,1138,20433,29372,2,2
Tam_d03_175_b_2_jpg.rf.KrbqflvOMkYalDR3zw11.jpg,0.2,0.25,0,19295,10077,1138,20433,29372,2,2
Tam_d03_175_b_2_jpg.rf.KrbqflvOMkYalDR3zw11.jpg,0.2,0.5,0,19295,10077,1138,20433,29372,2,2
Tam_d03_175_b_2_jpg.rf.KrbqflvOMkYalDR3zw11.jpg,0.2,1.0,1,19295,10077,1138,20433,29372,2,2
Tam_d03_175_b_2_jpg.rf.KrbqflvOMkYalDR3zw11.jpg,0.25,0.0,0,19295,10077,1138,20433,29372,2,2
Tam_d03_175_b_2_jpg.rf.KrbqflvOMkYalDR3zw11.jpg,0.25,0.1,0,19295,10077,1138,20433,29372,2,2
Tam_d03_175_b_2_jpg.rf.KrbqflvOMkYalDR3zw11.jpg,0.25,0.25,0,19295,10077,1138,20433,29372,2,2
Tam_d03_175_b_2_jpg.rf.KrbqflvOMkYalDR3zw11.jpg,0.25,0.5,0,19295,10077,1138,20433,29372,2,2
Tam_d03_175_b_2_jpg.rf.KrbqflvOMkYalDR3zw11.jpg,0.25,1.0,1,19295,10077,1138,20433,29372,2,2
Tam_d03_175_b_2_jpg.rf.KrbqflvOMkYalDR3zw11.jpg,0.3,0.0,0,19295,10077,1138,20433,29372,2,2
Tam_d03_175_b_2_jpg.rf.KrbqflvOMkYalDR3zw11.jpg,0.3,0.1,0,19295,10077,1138,20433,29372,2,2
Tam_d03_175_b_2_jpg.rf.KrbqflvOMkYalDR3zw11.jpg,0.3,0.25,0,19295,10077,1138,20433,29372,2,2
Tam_d03_175_b_2_jpg.rf.KrbqflvOMkYalDR3zw11.jpg,0.3,0.5,0,19295,10077,1138,20433,29372,2,2
Tam_d03_175_b_2_jpg.rf.KrbqflvOMkYalDR3zw11.jpg,0.3,1.0,1,19295,10077,1138,20433,29372,2,2
Tam_d03_175_b_2_jpg.rf.KrbqflvOMkYalDR3zw11.jpg,0.4,0.0,1,14290,2711,6143,20433,17001,2,1
Tam_d03_175_b_2_jpg.rf.KrbqflvOMkYalDR3zw11.jpg,0.4,0.1,1,14290,2711,6143,20433,17001,2,1
Tam_d03_175_b_2_jpg.rf.KrbqflvOMkYalDR3zw11.jpg,0.4,0.25,1,14290,2711,6143,20433,17001,2,1
Tam_d03_175_b_2_jpg.rf.KrbqflvOMkYalDR3zw11.jpg,0.4,0.5,1,14290,2711,6143,20433,17001,2,1
Tam_d03_175_b_2_jpg.rf.KrbqflvOMkYalDR3zw11.jpg,0.4,1.0,1,14290,2711,6143,20433,17001,2,1
Tam_d03_175_b_2_jpg.rf.KrbqflvOMkYalDR3zw11.jpg,0.5,0.0,1,14290,2711,6143,20433,17001,2,1
Tam_d03_175_b_2_jpg.rf.KrbqflvOMkYalDR3zw11.jpg,0.5,0.1,1,14290,2711,6143,20433,17001,2,1
Tam_d03_175_b_2_jpg.rf.KrbqflvOMkYalDR3zw11.jpg,0.5,0.25,1,14290,2711,6143,20433,17001,2,1
Tam_d03_175_b_2_jpg.rf.KrbqflvOMkYalDR3zw11.jpg,0.5,0.5,1,14290,2711,6143,20433,17001,2,1
Tam_d03_175_b_2_jpg.rf.KrbqflvOMkYalDR3zw11.jpg,0.5,1.0,1,14290,2711,6143,20433,17001,2,1
Tam_d03_184_b_1_jpg.rf.uExtvGIYyaIjfBZURFUk.jpg,0.15,0.0,1,0,0,0,0,0,0,0
Tam_d03_184_b_1_jpg.rf.uExtvGIYyaIjfBZURFUk.jpg,0.15,0.1,1,0,0,0,0,0,0,0
Tam_d03_184_b_1_jpg.rf.uExtvGIYyaIjfBZURFUk.jpg,0.15,0.25,1,0,0,0,0,0,0,0
Tam_d03_184_b_1_jpg.rf.uExtvGIYyaIjfBZURFUk.jpg,0.15,0.5,1,0,0,0,0,0,0,0
Tam_d03_184_b_1_jpg.rf.uExtvGIYyaIjfBZURFUk.jpg,0.15,1.0,1,0,0,0,0,0,0,0
Tam_d03_184_b_1_jpg.rf.uExtvGIYyaIjfBZURFUk.jpg,0.2,0.0,1,0,0,0,0,0,0,0
Tam_d03_184_b_1_jpg.rf.uExtvGIYyaIjfBZURFUk.jpg,0.2,0.1,1,0,0,0,0,0,0,0
Tam_d03_184_b_1_jpg.rf.uExtvGIYyaIjfBZURFUk.jpg,0.2,0.25,1,0,0,0,0,0,0,0
Tam_d03_184_b_1_jpg.rf.uExtvGIYyaIjfBZURFUk.jpg,0.2,0.5,1,0,0,0,0,0,0,0
Tam_d03_184_b_1_jpg.rf.uExtvGIYyaIjfBZURFUk.jpg,0.2,1.0,1,0,0,0,0,0,0,0
Tam_d03_184_b_1_jpg.rf.uExtvGIYyaIjfBZURFUk.jpg,0.25,0.0,1,0,0,0,0,0,0,0
Tam_d03_184_b_1_jpg.rf.uExtvGIYyaIjfBZURFUk.jpg,0.25,0.1,1,0,0,0,0,0,0,0
Tam_d03_184_b_1_jpg.rf.uExtvGIYyaIjfBZURFUk.jpg,0.25,0.25,1,0,0,0,0,0,0,0
Tam_d03_184_b_1_jpg.rf.uExtvGIYyaIjfBZURFUk.jpg,0.25,0.5,1,0,0,0,0,0,0,0
Tam_d03_184_b_1_jpg.rf.uExtvGIYyaIjfBZURFUk.jpg,0.25,1.0,1,0,0,0,0,0,0,0
Tam_d03_184_b_1_jpg.rf.uExtvGIYyaIjfBZURFUk.jpg,0.3,0.0,1,0,0,0,0,0,0,0
Tam_d03_184_b_1_jpg.rf.uExtvGIYyaIjfBZURFUk.jpg,0.3,0.1,1,0,0,0,0,0,0,0
Tam_d03_184_b_1_jpg.rf.uExtvGIYyaIjfBZURFUk.jpg,0.3,0.25,1,0,0,0,0,0,0,0
Tam_d03_184_b_1_jpg.rf.uExtvGIYyaIjfBZURFUk.jpg,0.3,0.5,1,0,0,0,0,0,0,0
Tam_d03_184_b_1_jpg.rf.uExtvGIYyaIjfBZURFUk.jpg,0.3,1.0,1,0,0,0,0,0,0,0
Tam_d03_184_b_1_jpg.rf.uExtvGIYyaIjfBZURFUk.jpg,0.4,0.0,1,0,0,0,0,0,0,0
Tam_d03_184_b_1_jpg.rf.uExtvGIYyaIjfBZURFUk.jpg,0.4,0.1,1,0,0,0,0,0,0,0
Tam_d03_184_b_1_jpg.rf.uExtvGIYyaIjfBZURFUk.jpg,0.4,0.25,1,0,0,0,0,0,0,0
Tam_d03_184_b_1_jpg.rf.uExtvGIYyaIjfBZURFUk.jpg,0.4,0.5,1,0,0,0,0,0,0,0
Tam_d03_184_b_1_jpg.rf.uExtvGIYyaIjfBZURFUk.jpg,0.4,1.0,1,0,0,0,0,0,0,0
Tam_d03_184_b_1_jpg.rf.uExtvGIYyaIjfBZURFUk.jpg,0.5,0.0,1,0,0,0,0,0,0,0
Tam_d03_184_b_1_jpg.rf.uExtvGIYyaIjfBZURFUk.jpg,0.5,0.1,1,0,0,0,0,0,0,0
Tam_d03_184_b_1_jpg.rf.uExtvGIYyaIjfBZURFUk.jpg,0.5,0.25,1,0,0,0,0,0,0,0
Tam_d03_184_b_1_jpg.rf.uExtvGIYyaIjfBZURFUk.jpg,0.5,0.5,1,0,0,0,0,0,0,0
Tam_d03_184_b_1_jpg.rf.uExtvGIYyaIjfBZURFUk.jpg,0.5,1.0,1,0,0,0,0,0,0,0
Tam_d03_201_a_2_jpg.rf.MPbTIpYn4gVfQmPeGMMZ.jpg,0.15,0.0,1,0,0,0,0,0,0,0
Tam_d03_201_a_2_jpg.rf.MPbTIpYn4gVfQmPeGMMZ.jpg,0.15,0.1,1,0,0,0,0,0,0,0
Tam_d03_201_a_2_jpg.rf.MPbTIpYn4gVfQmPeGMMZ.jpg,0.15,0.25,1,0,0,0,0,0,0,0
Tam_d03_201_a_2_jpg.rf.MPbTIpYn4gVfQmPeGMMZ.jpg,0.15,0.5,1,0,0,0,0,0,0,0
Tam_d03_201_a_2_jpg.rf.MPbTIpYn4gVfQmPeGMMZ.jpg,0.15,1.0,1,0,0,0,0,0,0,0
Tam_d03_201_a_2_jpg.rf.MPbTIpYn4gVfQmPeGMMZ.jpg,0.2,0.0,1,0,0,0,0,0,0,0
Tam_d03_201_a_2_jpg.rf.MPbTIpYn4gVfQmPeGMMZ.jpg,0.2,0.1,1,0,0,0,0,0,0,0
Tam_d03_201_a_2_jpg.rf.MPbTIpYn4gVfQmPeGMMZ.jpg,0.2,0.25,1,0,0,0,0,0,0,0
Tam_d03_201_a_2_jpg.rf.MPbTIpYn4gVfQmPeGMMZ.jpg,0.2,0.5,1,0,0,0,0,0,0,0
Tam_d03_201_a_2_jpg.rf.MPbTIpYn4gVfQmPeGMMZ.jpg,0.2,1.0,1,0,0,0,0,0,0,0
Tam_d03_201_a_2_jpg.rf.MPbTIpYn4gVfQmPeGMMZ.jpg,0.25,0.0,1,0,0,0,0,0,0,0
Tam_d03_201_a_2_jpg.rf.MPbTIpYn4gVfQmPeGMMZ.jpg,0.25,0.1,1,0,0,0,0,0,0,0
Tam_d03_201_a_2_jpg.rf.MPbTIpYn4gVfQmPeGMMZ.jpg,0.25,0.25,1,0,0,0,0,0,0,0
Tam_d03_201_a_2_jpg.rf.MPbTIpYn4gVfQmPeGMMZ.jpg,0.25,0.5,1,0,0,0,0,0,0,0
Tam_d03_201_a_2_jpg.rf.MPbTIpYn4gVfQmPeGMMZ.jpg,0.25,1.0,1,0,0,0,0,0,0,0
Tam_d03_201_a_2_jpg.rf.MPbTIpYn4gVfQmPeGMMZ.jpg,0.3,0.0,1,0,0,0,0,0,0,0
Tam_d03_201_a_2_jpg.rf.MPbTIpYn4gVfQmPeGMMZ.jpg,0.3,0.1,1,0,0,0,0,0,0,0
Tam_d03_201_a_2_jpg.rf.MPbTIpYn4gVfQmPeGMMZ.jpg,0.3,0.25,1,0,0,0,0,0,0,0
Tam_d03_201_a_2_jpg.rf.MPbTIpYn4gVfQmPeGMMZ.jpg,0.3,0.5,1,0,0,0,0,0,0,0
Tam_d03_201_a_2_jpg.rf.MPbTIpYn4gVfQmPeGMMZ.jpg,0.3,1.0,1,0,0,0,0,0,0,0
Tam_d03_201_a_2_jpg.rf.MPbTIpYn4gVfQmPeGMMZ.jpg,0.4,0.0,1,0,0,0,0,0,0,0
Tam_d03_201_a_2_jpg.rf.MPbTIpYn4gVfQmPeGMMZ.jpg,0.4,0.1,1,0,0,0,0,0,0,0
Tam_d03_201_a_2_jpg.rf.MPbTIpYn4gVfQmPeGMMZ.jpg,0.4,0.25,1,0,0,0,0,0,0,0
Tam_d03_201_a_2_jpg.rf.MPbTIpYn4gVfQmPeGMMZ.jpg,0.4,0.5,1,0,0,0,0,0,0,0
Tam_d03_201_a_2_jpg.rf.MPbTIpYn4gVfQmPeGMMZ.jpg,0.4,1.0,1,0,0,0,0,0,0,0
Tam_d03_201_a_2_jpg.rf.MPbTIpYn4gVfQmPeGMMZ.jpg,0.5,0.0,1,0,0,0,0,0,0,0
Tam_d03_201_a_2_jpg.rf.MPbTIpYn4gVfQmPeGMMZ.jpg,0.5,0.1,1,0,0,0,0,0,0,0
Tam_d03_201_a_2_jpg.rf.MPbTIpYn4gVfQmPeGMMZ.jpg,0.5,0.25,1,0,0,0,0,0,0,0
Tam_d03_201_a_2_jpg.rf.MPbTIpYn4gVfQmPeGMMZ.jpg,0.5,0.5,1,0,0,0,0,0,0,0
Tam_d03_201_a_2_jpg.rf.MPbTIpYn4gVfQmPeGMMZ.jpg,0.5,1.0,1,0,0,0,0,0,0,0
Tam_d03_201_b_2_jpg.rf.HQH5Mt7GGJUg9z5k1DNA.jpg,0.15,0.0,1,8641,0,28905,37546,8641,2,0
Tam_d03_201_b_2_jpg.rf.HQH5Mt7GGJUg9z5k1DNA.jpg,0.15,0.1,1,8641,0,28905,37546,8641,2,0
Tam_d03_201_b_2_jpg.rf.HQH5Mt7GGJUg9z5k1DNA.jpg,0.15,0.25,1,8641,0,28905,37546,8641,2,0
Tam_d03_201_b_2_jpg.rf.HQH5Mt7GGJUg9z5k1DNA.jpg,0.15,0.5,1,8641,0,28905,37546,8641,2,0
Tam_d03_201_b_2_jpg.rf.HQH5Mt7GGJUg9z5k1DNA.jpg,0.15,1.0,1,8641,0,28905,37546,8641,2,0
Tam_d03_201_b_2_jpg.rf.HQH5Mt7GGJUg9z5k1DNA.jpg,0.2,0.0,1,8641,0,28905,37546,8641,2,0
Tam_d03_201_b_2_jpg.rf.HQH5Mt7GGJUg9z5k1DNA.jpg,0.2,0.1,1,8641,0,28905,37546,8641,2,0
Tam_d03_201_b_2_jpg.rf.HQH5Mt7GGJUg9z5k1DNA.jpg,0.2,0.25,1,8641,0,28905,37546,8641,2,0
Tam_d03_201_b_2_jpg.rf.HQH5Mt7GGJUg9z5k1DNA.jpg,0.2,0.5,1,8641,0,28905,37546,8641,2,0
Tam_d03_201_b_2_jpg.rf.HQH5Mt7GGJUg9z5k1DNA.jpg,0.2,1.0,1,8641,0,28905,37546,8641,2,0
Tam_d03_201_b_2_jpg.rf.HQH5Mt7GGJUg9z5k1DNA.jpg,0.25,0.0,1,8641,0,28905,37546,8641,2,0
Tam_d03_201_b_2_jpg.rf.HQH5Mt7GGJUg9z5k1DNA.jpg,0.25,0.1,1,8641,0,28905,37546,8641,2,0
Tam_d03_201_b_2_jpg.rf.HQH5Mt7GGJUg9z5k1DNA.jpg,0.25,0.25,1,8641,0,28905,37546,8641,2,0
Tam_d03_201_b_2_jpg.rf.HQH5Mt7GGJUg9z5k1DNA.jpg,0.25,0.5,1,8641,0,28905,37546,8641,2,0
Tam_d03_201_b_2_jpg.rf.HQH5Mt7GGJUg9z5k1DNA.jpg,0.25,1.0,1,8641,0,28905,37546,8641,2,0
Tam_d03_201_b_2_jpg.rf.HQH5Mt7GGJUg9z5k1DNA.jpg,0.3,0.0,1,8641,0,28905,37546,8641,2,0
Tam_d03_201_b_2_jpg.rf.HQH5Mt7GGJUg9z5k1DNA.jpg,0.3,0.1,1,8641,0,28905,37546,8641,2,0
Tam_d03_201_b_2_jpg.rf.HQH5Mt7GGJUg9z5k1DNA.jpg,0.3,0.25,1,8641,0,28905,37546,8641,2,0
Tam_d03_201_b_2_jpg.rf.HQH5Mt7GGJUg9z5k1DNA.jpg,0.3,0.5,1,8641,0,28905,37546,8641,2,0
Tam_d03_201_b_2_jpg.rf.HQH5Mt7GGJUg9z5k1DNA.jpg,0.3,1.0,1,8641,0,28905,37546,8641,2,0
Tam_d03_201_b_2_jpg.rf.HQH5Mt7GGJUg9z5k1DNA.jpg,0.4,0.0,1,8641,0,28905,37546,8641,2,0
Tam_d03_201_b_2_jpg.rf.HQH5Mt7GGJUg9z5k1DNA.jpg,0.4,0.1,1,8641,0,28905,37546,8641,2,0
Tam_d03_201_b_2_jpg.rf.HQH5Mt7GGJUg9z5k1DNA.jpg,0.4,0.25,1,8641,0,28905,37546,8641,2,0
Tam_d03_201_b_2_jpg.rf.HQH5Mt7GGJUg9z5k1DNA.jpg,0.4,0.5,1,8641,0,28905,37546,8641,2,0
Tam_d03_201_b_2_jpg.rf.HQH5Mt7GGJUg9z5k1DNA.jpg,0.4,1.0,1,8641,0,28905,37546,8641,2,0
Tam_d03_201_b_2_jpg.rf.HQH5Mt7GGJUg9z5k1DNA.jpg,0.5,0.0,1,8641,0,28905,37546,8641,2,0
Tam_d03_201_b_2_jpg.rf.HQH5Mt7GGJUg9z5k1DNA.jpg,0.5,0.1,1,8641,0,28905,37546,8641,2,0
Tam_d03_201_b_2_jpg.rf.HQH5Mt7GGJUg9z5k1DNA.jpg,0.5,0.25,1,8641,0,28905,37546,8641,2,0
Tam_d03_201_b_2_jpg.rf.HQH5Mt7GGJUg9z5k1DNA.jpg,0.5,0.5,1,8641,0,28905,37546,8641,2,0
Tam_d03_201_b_2_jpg.rf.HQH5Mt7GGJUg9z5k1DNA.jpg,0.5,1.0,1,8641,0,28905,37546,8641,2,0
Tam_d03_397_a_2_jpg.rf.cFCSZmtdDAypfHYslGJ1.jpg,0.15,0.0,0,2426,53,7042,9468,2479,1,0
Tam_d03_397_a_2_jpg.rf.cFCSZmtdDAypfHYslGJ1.jpg,0.15,0.1,0,2426,53,7042,9468,2479,1,0
Tam_d03_397_a_2_jpg.rf.cFCSZmtdDAypfHYslGJ1.jpg,0.15,0.25,0,2426,53,7042,9468,2479,1,0
Tam_d03_397_a_2_jpg.rf.cFCSZmtdDAypfHYslGJ1.jpg,0.15,0.5,0,2426,53,7042,9468,2479,1,0
Tam_d03_397_a_2_jpg.rf.cFCSZmtdDAypfHYslGJ1.jpg,0.15,1.0,1,2426,53,7042,9468,2479,1,0
Tam_d03_397_a_2_jpg.rf.cFCSZmtdDAypfHYslGJ1.jpg,0.2,0.0,0,2426,53,7042,9468,2479,1,0
Tam_d03_397_a_2_jpg.rf.cFCSZmtdDAypfHYslGJ1.jpg,0.2,0.1,0,2426,53,7042,9468,2479,1,0
Tam_d03_397_a_2_jpg.rf.cFCSZmtdDAypfHYslGJ1.jpg,0.2,0.25,0,2426,53,7042,9468,2479,1,0
Tam_d03_397_a_2_jpg.rf.cFCSZmtdDAypfHYslGJ1.jpg,0.2,0.5,0,2426,53,7042,9468,2479,1,0
Tam_d03_397_a_2_jpg.rf.cFCSZmtdDAypfHYslGJ1.jpg,0.2,1.0,1,2426,53,7042,9468,2479,1,0
Tam_d03_397_a_2_jpg.rf.cFCSZmtdDAypfHYslGJ1.jpg,0.25,0.0,0,2426,53,7042,9468,2479,1,0
Tam_d03_397_a_2_jpg.rf.cFCSZmtdDAypfHYslGJ1.jpg,0.25,0.1,0,2426,53,7042,9468,2479,1,0
Tam_d03_397_a_2_jpg.rf.cFCSZmtdDAypfHYslGJ1.jpg,0.25,0.25,0,2426,53,7042,9468,2479,1,0
Tam_d03_397_a_2_jpg.rf.cFCSZmtdDAypfHYslGJ1.jpg,0.25,0.5,0,2426,53,7042,9468,2479,1,0
Tam_d03_397_a_2_jpg.rf.cFCSZmtdDAypfHYslGJ1.jpg,0.25,1.0,1,2426,53,7042,9468,2479,1,0
Tam_d03_397_a_2_jpg.rf.cFCSZmtdDAypfHYslGJ1.jpg,0.3,0.0,0,2426,53,7042,9468,2479,1,0
Tam_d03_397_a_2_jpg.rf.cFCSZmtdDAypfHYslGJ1.jpg,0.3,0.1,0,2426,53,7042,9468,2479,1,0
Tam_d03_397_a_2_jpg.rf.cFCSZmtdDAypfHYslGJ1.jpg,0.3,0.25,0,2426,53,7042,9468,2479,1,0
Tam_d03_397_a_2_jpg.rf.cFCSZmtdDAypfHYslGJ1.jpg,0.3,0.5,0,2426,53,7042,9468,2479,1,0
Tam_d03_397_a_2_jpg.rf.cFCSZmtdDAypfHYslGJ1.jpg,0.3,1.0,1,2426,53,7042,9468,2479,1,0
Tam_d03_397_a_2_jpg.rf.cFCSZmtdDAypfHYslGJ1.jpg,0.4,0.0,0,2426,53,7042,9468,2479,1,0
Tam_d03_397_a_2_jpg.rf.cFCSZmtdDAypfHYslGJ1.jpg,0.4,0.1,0,2426,53,7042,9468,2479,1,0
Tam_d03_397_a_2_jpg.rf.cFCSZmtdDAypfHYslGJ1.jpg,0.4,0.25,0,2426,53,7042,9468,2479,1,0
Tam_d03_397_a_2_jpg.rf.cFCSZmtdDAypfHYslGJ1.jpg,0.4,0.5,0,2426,53,7042,9468,2479,1,0
Tam_d03_397_a_2_jpg.rf.cFCSZmtdDAypfHYslGJ1.jpg,0.4,1.0,1,2426,53,7042,9468,2479,1,0
Tam_d03_397_a_2_jpg.rf.cFCSZmtdDAypfHYslGJ1.jpg,0.5,0.0,1,0,0,9468,9468,0,1,0
Tam_d03_397_a_2_jpg.rf.cFCSZmtdDAypfHYslGJ1.jpg,0.5,0.1,1,0,0,9468,9468,0,1,0
Tam_d03_397_a_2_jpg.rf.cFCSZmtdDAypfHYslGJ1.jpg,0.5,0.25,1,0,0,9468,9468,0,1,0
Tam_d03_397_a_2_jpg.rf.cFCSZmtdDAypfHYslGJ1.jpg,0.5,0.5,1,0,0,9468,9468,0,1,0
Tam_d03_397_a_2_jpg.rf.cFCSZmtdDAypfHYslGJ1.jpg,0.5,1.0,1,0,0,9468,9468,0,1,0
Tam_d03_473_b_1_jpg.rf.COWCHiarFyGTvXuqKw0d.jpg,0.15,0.0,1,0,0,0,0,0,0,0
Tam_d03_473_b_1_jpg.rf.COWCHiarFyGTvXuqKw0d.jpg,0.15,0.1,1,0,0,0,0,0,0,0
Tam_d03_473_b_1_jpg.rf.COWCHiarFyGTvXuqKw0d.jpg,0.15,0.25,1,0,0,0,0,0,0,0
Tam_d03_473_b_1_jpg.rf.COWCHiarFyGTvXuqKw0d.jpg,0.15,0.5,1,0,0,0,0,0,0,0
Tam_d03_473_b_1_jpg.rf.COWCHiarFyGTvXuqKw0d.jpg,0.15,1.0,1,0,0,0,0,0,0,0
Tam_d03_473_b_1_jpg.rf.COWCHiarFyGTvXuqKw0d.jpg,0.2,0.0,1,0,0,0,0,0,0,0
Tam_d03_473_b_1_jpg.rf.COWCHiarFyGTvXuqKw0d.jpg,0.2,0.1,1,0,0,0,0,0,0,0
Tam_d03_473_b_1_jpg.rf.COWCHiarFyGTvXuqKw0d.jpg,0.2,0.25,1,0,0,0,0,0,0,0
Tam_d03_473_b_1_jpg.rf.COWCHiarFyGTvXuqKw0d.jpg,0.2,0.5,1,0,0,0,0,0,0,0
Tam_d03_473_b_1_jpg.rf.COWCHiarFyGTvXuqKw0d.jpg,0.2,1.0,1,0,0,0,0,0,0,0
Tam_d03_473_b_1_jpg.rf.COWCHiarFyGTvXuqKw0d.jpg,0.25,0.0,1,0,0,0,0,0,0,0
Tam_d03_473_b_1_jpg.rf.COWCHiarFyGTvXuqKw0d.jpg,0.25,0.1,1,0,0,0,0,0,0,0
Tam_d03_473_b_1_jpg.rf.COWCHiarFyGTvXuqKw0d.jpg,0.25,0.25,1,0,0,0,0,0,0,0
Tam_d03_473_b_1_jpg.rf.COWCHiarFyGTvXuqKw0d.jpg,0.25,0.5,1,0,0,0,0,0,0,0
Tam_d03_473_b_1_jpg.rf.COWCHiarFyGTvXuqKw0d.jpg,0.25,1.0,1,0,0,0,0,0,0,0
Tam_d03_473_b_1_jpg.rf.COWCHiarFyGTvXuqKw0d.jpg,0.3,0.0,1,0,0,0,0,0,0,0
Tam_d03_473_b_1_jpg.rf.COWCHiarFyGTvXuqKw0d.jpg,0.3,0.1,1,0,0,0,0,0,0,0
Tam_d03_473_b_1_jpg.rf.COWCHiarFyGTvXuqKw0d.jpg,0.3,0.25,1,0,0,0,0,0,0,0
Tam_d03_473_b_1_jpg.rf.COWCHiarFyGTvXuqKw0d.jpg,0.3,0.5,1,0,0,0,0,0,0,0
Tam_d03_473_b_1_jpg.rf.COWCHiarFyGTvXuqKw0d.jpg,0.3,1.0,1,0,0,0,0,0,0,0
Tam_d03_473_b_1_jpg.rf.COWCHiarFyGTvXuqKw0d.jpg,0.4,0.0,1,0,0,0,0,0,0,0
Tam_d03_473_b_1_jpg.rf.COWCHiarFyGTvXuqKw0d.jpg,0.4,0.1,1,0,0,0,0,0,0,0
Tam_d03_473_b_1_jpg.rf.COWCHiarFyGTvXuqKw0d.jpg,0.4,0.25,1,0,0,0,0,0,0,0
Tam_d03_473_b_1_jpg.rf.COWCHiarFyGTvXuqKw0d.jpg,0.4,0.5,1,0,0,0,0,0,0,0
Tam_d03_473_b_1_jpg.rf.COWCHiarFyGTvXuqKw0d.jpg,0.4,1.0,1,0,0,0,0,0,0,0
Tam_d03_473_b_1_jpg.rf.COWCHiarFyGTvXuqKw0d.jpg,0.5,0.0,1,0,0,0,0,0,0,0
Tam_d03_473_b_1_jpg.rf.COWCHiarFyGTvXuqKw0d.jpg,0.5,0.1,1,0,0,0,0,0,0,0
Tam_d03_473_b_1_jpg.rf.COWCHiarFyGTvXuqKw0d.jpg,0.5,0.25,1,0,0,0,0,0,0,0
Tam_d03_473_b_1_jpg.rf.COWCHiarFyGTvXuqKw0d.jpg,0.5,0.5,1,0,0,0,0,0,0,0
Tam_d03_473_b_1_jpg.rf.COWCHiarFyGTvXuqKw0d.jpg,0.5,1.0,1,0,0,0,0,0,0,0
Tam_d04_062_b_3_jpg.rf.B5Yenm8Zg0HcT98A2lJ7.jpg,0.15,0.0,1,7355,175,13840,21195,7530,1,0
Tam_d04_062_b_3_jpg.rf.B5Yenm8Zg0HcT98A2lJ7.jpg,0.15,0.1,1,7355,175,13840,21195,7530,1,0
Tam_d04_062_b_3_jpg.rf.B5Yenm8Zg0HcT98A2lJ7.jpg,0.15,0.25,1,7355,175,13840,21195,7530,1,0
Tam_d04_062_b_3_jpg.rf.B5Yenm8Zg0HcT98A2lJ7.jpg,0.15,0.5,1,7355,175,13840,21195,7530,1,0
Tam_d04_062_b_3_jpg.rf.B5Yenm8Zg0HcT98A2lJ7.jpg,0.15,1.0,1,7355,175,13840,21195,7530,1,0
Tam_d04_062_b_3_jpg.rf.B5Yenm8Zg0HcT98A2lJ7.jpg,0.2,0.0,1,7355,175,13840,21195,7530,1,0
Tam_d04_062_b_3_jpg.rf.B5Yenm8Zg0HcT98A2lJ7.jpg,0.2,0.1,1,7355,175,13840,21195,7530,1,0
Tam_d04_062_b_3_jpg.rf.B5Yenm8Zg0HcT98A2lJ7.jpg,0.2,0.25,1,7355,175,13840,21195,7530,1,0
Tam_d04_062_b_3_jpg.rf.B5Yenm8Zg0HcT98A2lJ7.jpg,0.2,0.5,1,7355,175,13840,21195,7530,1,0
Tam_d04_062_b_3_jpg.rf.B5Yenm8Zg0HcT98A2lJ7.jpg,0.2,1.0,1,7355,175,13840,21195,7530,1,0
Tam_d04_062_b_3_jpg.rf.B5Yenm8Zg0HcT98A2lJ7.jpg,0.25,0.0,1,7355,175,13840,21195,7530,1,0
Tam_d04_062_b_3_jpg.rf.B5Yenm8Zg0HcT98A2lJ7.jpg,0.25,0.1,1,7355,175,13840,21195,7530,1,0
Tam_d04_062_b_3_jpg.rf.B5Yenm8Zg0HcT98A2lJ7.jpg,0.25,0.25,1,7355,175,13840,21195,7530,1,0
Tam_d04_062_b_3_jpg.rf.B5Yenm8Zg0HcT98A2lJ7.jpg,0.25,0.5,1,7355,175,13840,21195,7530,1,0
Tam_d04_062_b_3_jpg.rf.B5Yenm8Zg0HcT98A2lJ7.jpg,0.25,1.0,1,7355,175,13840,21195,7530,1,0
Tam_d04_062_b_3_jpg.rf.B5Yenm8Zg0HcT98A2lJ7.jpg,0.3,0.0,1,7355,175,13840,21195,7530,1,0
Tam_d04_062_b_3_jpg.rf.B5Yenm8Zg0HcT98A2lJ7.jpg,0.3,0.1,1,7355,175,13840,21195,7530,1,0
Tam_d04_062_b_3_jpg.rf.B5Yenm8Zg0HcT98A2lJ7.jpg,0.3,0.25,1,7355,175,13840,21195,7530,1,0
Tam_d04_062_b_3_jpg.rf.B5Yenm8Zg0HcT98A2lJ7.jpg,0.3,0.5,1,7355,175,13840,21195,7530,1,0
Tam_d04_062_b_3_jpg.rf.B5Yenm8Zg0HcT98A2lJ7.jpg,0.3,1.0,1,7355,175,13840,21195,7530,1,0
Tam_d04_062_b_3_jpg.rf.B5Yenm8Zg0HcT98A2lJ7.jpg,0.4,0.0,1,7355,175,13840,21195,7530,1,0
Tam_d04_062_b_3_jpg.rf.B5Yenm8Zg0HcT98A2lJ7.jpg,0.4,0.1,1,7355,175,13840,21195,7530,1,0
Tam_d04_062_b_3_jpg.rf.B5Yenm8Zg0HcT98A2lJ7.jpg,0.4,0.25,1,7355,175,13840,21195,7530,1,0
Tam_d04_062_b_3_jpg.rf.B5Yenm8Zg0HcT98A2lJ7.jpg,0.4,0.5,1,7355,175,13840,21195,7530,1,0
Tam_d04_062_b_3_jpg.rf.B5Yenm8Zg0HcT98A2lJ7.jpg,0.4,1.0,1,7355,175,13840,21195,7530,1,0
Tam_d04_062_b_3_jpg.rf.B5Yenm8Zg0HcT98A2lJ7.jpg,0.5,0.0,1,7355,175,13840,21195,7530,1,0
Tam_d04_062_b_3_jpg.rf.B5Yenm8Zg0HcT98A2lJ7.jpg,0.5,0.1,1,7355,175,13840,21195,7530,1,0
Tam_d04_062_b_3_jpg.rf.B5Yenm8Zg0HcT98A2lJ7.jpg,0.5,0.25,1,7355,175,13840,21195,7530,1,0
Tam_d04_062_b_3_jpg.rf.B5Yenm8Zg0HcT98A2lJ7.jpg,0.5,0.5,1,7355,175,13840,21195,7530,1,0
Tam_d04_062_b_3_jpg.rf.B5Yenm8Zg0HcT98A2lJ7.jpg,0.5,1.0,1,7355,175,13840,21195,7530,1,0
Tam_d04_068_b_2_jpg.rf.FepzylpG9bdqILR6AWfZ.jpg,0.15,0.0,1,0,0,5066,5066,0,0,0
Tam_d04_068_b_2_jpg.rf.FepzylpG9bdqILR6AWfZ.jpg,0.15,0.1,1,0,0,5066,5066,0,0,0
Tam_d04_068_b_2_jpg.rf.FepzylpG9bdqILR6AWfZ.jpg,0.15,0.25,1,0,0,5066,5066,0,0,0
Tam_d04_068_b_2_jpg.rf.FepzylpG9bdqILR6AWfZ.jpg,0.15,0.5,1,0,0,5066,5066,0,0,0
Tam_d04_068_b_2_jpg.rf.FepzylpG9bdqILR6AWfZ.jpg,0.15,1.0,1,0,0,5066,5066,0,0,0
Tam_d04_068_b_2_jpg.rf.FepzylpG9bdqILR6AWfZ.jpg,0.2,0.0,1,0,0,5066,5066,0,0,0
Tam_d04_068_b_2_jpg.rf.FepzylpG9bdqILR6AWfZ.jpg,0.2,0.1,1,0,0,5066,5066,0,0,0
Tam_d04_068_b_2_jpg.rf.FepzylpG9bdqILR6AWfZ.jpg,0.2,0.25,1,0,0,5066,5066,0,0,0
Tam_d04_068_b_2_jpg.rf.FepzylpG9bdqILR6AWfZ.jpg,0.2,0.5,1,0,0,5066,5066,0,0,0
Tam_d04_068_b_2_jpg.rf.FepzylpG9bdqILR6AWfZ.jpg,0.2,1.0,1,0,0,5066,5066,0,0,0
Tam_d04_068_b_2_jpg.rf.FepzylpG9bdqILR6AWfZ.jpg,0.25,0.0,1,0,0,5066,5066,0,0,0
Tam_d04_068_b_2_jpg.rf.FepzylpG9bdqILR6AWfZ.jpg,0.25,0.1,1,0,0,5066,5066,0,0,0
Tam_d04_068_b_2_jpg.rf.FepzylpG9bdqILR6AWfZ.jpg,0.25,0.25,1,0,0,5066,5066,0,0,0
Tam_d04_068_b_2_jpg.rf.FepzylpG9bdqILR6AWfZ.jpg,0.25,0.5,1,0,0,5066,5066,0,0,0
Tam_d04_068_b_2_jpg.rf.FepzylpG9bdqILR6AWfZ.jpg,0.25,1.0,1,0,0,5066,5066,0,0,0
Tam_d04_068_b_2_jpg.rf.FepzylpG9bdqILR6AWfZ.jpg,0.3,0.0,1,0,0,5066,5066,0,0,0
Tam_d04_068_b_2_jpg.rf.FepzylpG9bdqILR6AWfZ.jpg,0.3,0.1,1,0,0,5066,5066,0,0,0
Tam_d04_068_b_2_jpg.rf.FepzylpG9bdqILR6AWfZ.jpg,0.3,0.25,1,0,0,5066,5066,0,0,0
Tam_d04_068_b_2_jpg.rf.FepzylpG9bdqILR6AWfZ.jpg,0.3,0.5,1,0,0,5066,5066,0,0,0
Tam_d04_068_b_2_jpg.rf.FepzylpG9bdqILR6AWfZ.jpg,0.3,1.0,1,0,0,5066,5066,0,0,0
Tam_d04_068_b_2_jpg.rf.FepzylpG9bdqILR6AWfZ.jpg,0.4,0.0,1,0,0,5066,5066,0,0,0
Tam_d04_068_b_2_jpg.rf.FepzylpG9bdqILR6AWfZ.jpg,0.4,0.1,1,0,0,5066,5066,0,0,0
Tam_d04_068_b_2_jpg.rf.FepzylpG9bdqILR6AWfZ.jpg,0.4,0.25,1,0,0,5066,5066,0,0,0
Tam_d04_068_b_2_jpg.rf.FepzylpG9bdqILR6AWfZ.jpg,0.4,0.5,1,0,0,5066,5066,0,0,0
Tam_d04_068_b_2_jpg.rf.FepzylpG9bdqILR6AWfZ.jpg,0.4,1.0,1,0,0,5066,5066,0,0,0
Tam_d04_068_b_2_jpg.rf.FepzylpG9bdqILR6AWfZ.jpg,0.5,0.0,1,0,0,5066,5066,0,0,0
Tam_d04_068_b_2_jpg.rf.FepzylpG9bdqILR6AWfZ.jpg,0.5,0.1,1,0,0,5066,5066,0,0,0
Tam_d04_068_b_2_jpg.rf.FepzylpG9bdqILR6AWfZ.jpg,0.5,0.25,1,0,0,5066,5066,0,0,0
Tam_d04_068_b_2_jpg.rf.FepzylpG9bdqILR6AWfZ.jpg,0.5,0.5,1,0,0,5066,5066,0,0,0
Tam_d04_068_b_2_jpg.rf.FepzylpG9bdqILR6AWfZ.jpg,0.5,1.0,1,0,0,5066,5066,0,0,0
Tam_d04_197_a_2_jpg.rf.Jm9KKXY6BbnGRBtLBZtL.jpg,0.15,0.0,0,9281,19938,617,9898,29219,0,2
Tam_d04_197_a_2_jpg.rf.Jm9KKXY6BbnGRBtLBZtL.jpg,0.15,0.1,0,9281,19938,617,9898,29219,0,2
Tam_d04_197_a_2_jpg.rf.Jm9KKXY6BbnGRBtLBZtL.jpg,0.15,0.25,0,9281,19938,617,9898,29219,0,2
Tam_d04_197_a_2_jpg.rf.Jm9KKXY6BbnGRBtLBZtL.jpg,0.15,0.5,0,9281,19938,617,9898,29219,0,2
Tam_d04_197_a_2_jpg.rf.Jm9KKXY6BbnGRBtLBZtL.jpg,0.15,1.0,1,9281,19938,617,9898,29219,0,2
Tam_d04_197_a_2_jpg.rf.Jm9KKXY6BbnGRBtLBZtL.jpg,0.2,0.0,0,9281,14418,617,9898,23699,0,2
Tam_d04_197_a_2_jpg.rf.Jm9KKXY6BbnGRBtLBZtL.jpg,0.2,0.1,0,9281,14418,617,9898,23699,0,2
Tam_d04_197_a_2_jpg.rf.Jm9KKXY6BbnGRBtLBZtL.jpg,0.2,0.25,0,9281,14418,617,9898,23699,0,2
Tam_d04_197_a_2_jpg.rf.Jm9KKXY6BbnGRBtLBZtL.jpg,0.2,0.5,0,9281,14418,617,9898,23699,0,2
Tam_d04_197_a_2_jpg.rf.Jm9KKXY6BbnGRBtLBZtL.jpg,0.2,1.0,1,9281,14418,617,9898,23699,0,2
Tam_d04_197_a_2_jpg.rf.Jm9KKXY6BbnGRBtLBZtL.jpg,0.25,0.0,0,9281,14418,617,9898,23699,0,2
Tam_d04_197_a_2_jpg.rf.Jm9KKXY6BbnGRBtLBZtL.jpg,0.25,0.1,0,9281,14418,617,9898,23699,0,2
Tam_d04_197_a_2_jpg.rf.Jm9KKXY6BbnGRBtLBZtL.jpg,0.25,0.25,0,9281,14418,617,9898,23699,0,2
Tam_d04_197_a_2_jpg.rf.Jm9KKXY6BbnGRBtLBZtL.jpg,0.25,0.5,0,9281,14418,617,9898,23699,0,2
Tam_d04_197_a_2_jpg.rf.Jm9KKXY6BbnGRBtLBZtL.jpg,0.25,1.0,1,9281,14418,617,9898,23699,0,2
Tam_d04_197_a_2_jpg.rf.Jm9KKXY6BbnGRBtLBZtL.jpg,0.3,0.0,0,3388,253,6510,9898,3641,0,0
Tam_d04_197_a_2_jpg.rf.Jm9KKXY6BbnGRBtLBZtL.jpg,0.3,0.1,0,3388,253,6510,9898,3641,0,0
Tam_d04_197_a_2_jpg.rf.Jm9KKXY6BbnGRBtLBZtL.jpg,0.3,0.25,0,3388,253,6510,9898,3641,0,0
Tam_d04_197_a_2_jpg.rf.Jm9KKXY6BbnGRBtLBZtL.jpg,0.3,0.5,0,3388,253,6510,9898,3641,0,0
Tam_d04_197_a_2_jpg.rf.Jm9KKXY6BbnGRBtLBZtL.jpg,0.3,1.0,1,3388,253,6510,9898,3641,0,0
Tam_d04_197_a_2_jpg.rf.Jm9KKXY6BbnGRBtLBZtL.jpg,0.4,0.0,0,3388,253,6510,9898,3641,0,0
Tam_d04_197_a_2_jpg.rf.Jm9KKXY6BbnGRBtLBZtL.jpg,0.4,0.1,0,3388,253,6510,9898,3641,0,0
Tam_d04_197_a_2_jpg.rf.Jm9KKXY6BbnGRBtLBZtL.jpg,0.4,0.25,0,3388,253,6510,9898,3641,0,0
Tam_d04_197_a_2_jpg.rf.Jm9KKXY6BbnGRBtLBZtL.jpg,0.4,0.5,0,3388,253,6510,9898,3641,0,0
Tam_d04_197_a_2_jpg.rf.Jm9KKXY6BbnGRBtLBZtL.jpg,0.4,1.0,1,3388,253,6510,9898,3641,0,0
Tam_d04_197_a_2_jpg.rf.Jm9KKXY6BbnGRBtLBZtL.jpg,0.5,0.0,1,0,0,9898,9898,0,0,0
Tam_d04_197_a_2_jpg.rf.Jm9KKXY6BbnGRBtLBZtL.jpg,0.5,0.1,1,0,0,9898,9898,0,0,0
Tam_d04_197_a_2_jpg.rf.Jm9KKXY6BbnGRBtLBZtL.jpg,0.5,0.25,1,0,0,9898,9898,0,0,0
Tam_d04_197_a_2_jpg.rf.Jm9KKXY6BbnGRBtLBZtL.jpg,0.5,0.5,1,0,0,9898,9898,0,0,0
Tam_d04_197_a_2_jpg.rf.Jm9KKXY6BbnGRBtLBZtL.jpg,0.5,1.0,1,0,0,9898,9898,0,0,0
Tam_d04_197_b_2_jpg.rf.C8AqQjKS32kWitrM5ISw.jpg,0.15,0.0,0,52289,3299,13239,65528,55588,2,2
Tam_d04_197_b_2_jpg.rf.C8AqQjKS32kWitrM5ISw.jpg,0.15,0.1,0,52289,3299,13239,65528,55588,2,2
Tam_d04_197_b_2_jpg.rf.C8AqQjKS32kWitrM5ISw.jpg,0.15,0.25,0,52289,3299,13239,65528,55588,2,2
Tam_d04_197_b_2_jpg.rf.C8AqQjKS32kWitrM5ISw.jpg,0.15,0.5,0,52289,3299,13239,65528,55588,2,2
Tam_d04_197_b_2_jpg.rf.C8AqQjKS32kWitrM5ISw.jpg,0.15,1.0,1,52289,3299,13239,65528,55588,2,2
Tam_d04_197_b_2_jpg.rf.C8AqQjKS32kWitrM5ISw.jpg,0.2,0.0,0,52289,3299,13239,65528,55588,2,2
Tam_d04_197_b_2_jpg.rf.C8AqQjKS32kWitrM5ISw.jpg,0.2,0.1,0,52289,3299,13239,65528,55588,2,2
Tam_d04_197_b_2_jpg.rf.C8AqQjKS32kWitrM5ISw.jpg,0.2,0.25,0,52289,3299,13239,65528,55588,2,2
Tam_d04_197_b_2_jpg.rf.C8AqQjKS32kWitrM5ISw.jpg,0.2,0.5,0,52289,3299,13239,65528,55588,2,2
Tam_d04_197_b_2_jpg.rf.C8AqQjKS32kWitrM5ISw.jpg,0.2,1.0,1,52289,3299,13239,65528,55588,2,2
Tam_d04_197_b_2_jpg.rf.C8AqQjKS32kWitrM5ISw.jpg,0.25,0.0,0,52289,3299,13239,65528,55588,2,2
Tam_d04_197_b_2_jpg.rf.C8AqQjKS32kWitrM5ISw.jpg,0.25,0.1,0,52289,3299,13239,65528,55588,2,2
Tam_d04_197_b_2_jpg.rf.C8AqQjKS32kWitrM5ISw.jpg,0.25,0.25,0,52289,3299,13239,65528,55588,2,2
Tam_d04_197_b_2_jpg.rf.C8AqQjKS32kWitrM5ISw.jpg,0.25,0.5,0,52289,3299,13239,65528,55588,2,2
Tam_d04_197_b_2_jpg.rf.C8AqQjKS32kWitrM5ISw.jpg,0.25,1.0,1,52289,3299,13239,65528,55588,2,2
Tam_d04_197_b_2_jpg.rf.C8AqQjKS32kWitrM5ISw.jpg,0.3,0.0,0,52289,3299,13239,65528,55588,2,2
Tam_d04_197_b_2_jpg.rf.C8AqQjKS32kWitrM5ISw.jpg,0.3,0.1,0,52289,3299,13239,65528,55588,2,2
Tam_d04_197_b_2_jpg.rf.C8AqQjKS32kWitrM5ISw.jpg,0.3,0.25,0,52289,3299,13239,65528,55588,2,2
Tam_d04_197_b_2_jpg.rf.C8AqQjKS32kWitrM5ISw.jpg,0.3,0.5,0,52289,3299,13239,65528,55588,2,2
Tam_d04_197_b_2_jpg.rf.C8AqQjKS32kWitrM5ISw.jpg,0.3,1.0,1,52289,3299,13239,65528,55588,2,2
Tam_d04_197_b_2_jpg.rf.C8AqQjKS32kWitrM5ISw.jpg,0.4,0.0,0,36520,5,29008,65528,36525,2,2
Tam_d04_197_b_2_jpg.rf.C8AqQjKS32kWitrM5ISw.jpg,0.4,0.1,0,36520,5,29008,65528,36525,2,2
Tam_d04_197_b_2_jpg.rf.C8AqQjKS32kWitrM5ISw.jpg,0.4,0.25,0,36520,5,29008,65528,36525,2,2
Tam_d04_197_b_2_jpg.rf.C8AqQjKS32kWitrM5ISw.jpg,0.4,0.5,0,36520,5,29008,65528,36525,2,2
Tam_d04_197_b_2_jpg.rf.C8AqQjKS32kWitrM5ISw.jpg,0.4,1.0,1,36520,5,29008,65528,36525,2,2
Tam_d04_197_b_2_jpg.rf.C8AqQjKS32kWitrM5ISw.jpg,0.5,0.0,1,0,0,65528,65528,0,2,0
Tam_d04_197_b_2_jpg.rf.C8AqQjKS32kWitrM5ISw.jpg,0.5,0.1,1,0,0,65528,65528,0,2,0
Tam_d04_197_b_2_jpg.rf.C8AqQjKS32kWitrM5ISw.jpg,0.5,0.25,1,0,0,65528,65528,0,2,0
Tam_d04_197_b_2_jpg.rf.C8AqQjKS32kWitrM5ISw.jpg,0.5,0.5,1,0,0,65528,65528,0,2,0
Tam_d04_197_b_2_jpg.rf.C8AqQjKS32kWitrM5ISw.jpg,0.5,1.0,1,0,0,65528,65528,0,2,0
Tam_d04_428_b_2_jpg.rf.wNpPKemVh8h8pJKCxqGs.jpg,0.15,0.0,0,5963,1196,2026,7989,7159,0,0
Tam_d04_428_b_2_jpg.rf.wNpPKemVh8h8pJKCxqGs.jpg,0.15,0.1,0,5963,1196,2026,7989,7159,0,0
Tam_d04_428_b_2_jpg.rf.wNpPKemVh8h8pJKCxqGs.jpg,0.15,0.25,0,5963,1196,2026,7989,7159,0,0
Tam_d04_428_b_2_jpg.rf.wNpPKemVh8h8pJKCxqGs.jpg,0.15,0.5,0,5963,1196,2026,7989,7159,0,0
Tam_d04_428_b_2_jpg.rf.wNpPKemVh8h8pJKCxqGs.jpg,0.15,1.0,1,5963,1196,2026,7989,7159,0,0
Tam_d04_428_b_2_jpg.rf.wNpPKemVh8h8pJKCxqGs.jpg,0.2,0.0,0,5957,1182,2032,7989,7139,0,0
Tam_d04_428_b_2_jpg.rf.wNpPKemVh8h8pJKCxqGs.jpg,0.2,0.1,0,5957,1182,2032,7989,7139,0,0
Tam_d04_428_b_2_jpg.rf.wNpPKemVh8h8pJKCxqGs.jpg,0.2,0.25,0,5957,1182,2032,7989,7139,0,0
Tam_d04_428_b_2_jpg.rf.wNpPKemVh8h8pJKCxqGs.jpg,0.2,0.5,0,5957,1182,2032,7989,7139,0,0
Tam_d04_428_b_2_jpg.rf.wNpPKemVh8h8pJKCxqGs.jpg,0.2,1.0,1,5957,1182,2032,7989,7139,0,0
Tam_d04_428_b_2_jpg.rf.wNpPKemVh8h8pJKCxqGs.jpg,0.25,0.0,0,3868,261,4121,7989,4129,0,0
Tam_d04_428_b_2_jpg.rf.wNpPKemVh8h8pJKCxqGs.jpg,0.25,0.1,0,3868,261,4121,7989,4129,0,0
Tam_d04_428_b_2_jpg.rf.wNpPKemVh8h8pJKCxqGs.jpg,0.25,0.25,0,3868,261,4121,7989,4129,0,0
Tam_d04_428_b_2_jpg.rf.wNpPKemVh8h8pJKCxqGs.jpg,0.25,0.5,0,3868,261,4121,7989,4129,0,0
Tam_d04_428_b_2_jpg.rf.wNpPKemVh8h8pJKCxqGs.jpg,0.25,1.0,1,3868,261,4121,7989,4129,0,0
Tam_d04_428_b_2_jpg.rf.wNpPKemVh8h8pJKCxqGs.jpg,0.3,0.0,1,0,0,7989,7989,0,0,0
Tam_d04_428_b_2_jpg.rf.wNpPKemVh8h8pJKCxqGs.jpg,0.3,0.1,1,0,0,7989,7989,0,0,0
Tam_d04_428_b_2_jpg.rf.wNpPKemVh8h8pJKCxqGs.jpg,0.3,0.25,1,0,0,7989,7989,0,0,0
Tam_d04_428_b_2_jpg.rf.wNpPKemVh8h8pJKCxqGs.jpg,0.3,0.5,1,0,0,7989,7989,0,0,0
Tam_d04_428_b_2_jpg.rf.wNpPKemVh8h8pJKCxqGs.jpg,0.3,1.0,1,0,0,7989,7989,0,0,0
Tam_d04_428_b_2_jpg.rf.wNpPKemVh8h8pJKCxqGs.jpg,0.4,0.0,1,0,0,7989,7989,0,0,0
Tam_d04_428_b_2_jpg.rf.wNpPKemVh8h8pJKCxqGs.jpg,0.4,0.1,1,0,0,7989,7989,0,0,0
Tam_d04_428_b_2_jpg.rf.wNpPKemVh8h8pJKCxqGs.jpg,0.4,0.25,1,0,0,7989,7989,0,0,0
Tam_d04_428_b_2_jpg.rf.wNpPKemVh8h8pJKCxqGs.jpg,0.4,0.5,1,0,0,7989,7989,0,0,0
Tam_d04_428_b_2_jpg.rf.wNpPKemVh8h8pJKCxqGs.jpg,0.4,1.0,1,0,0,7989,7989,0,0,0
Tam_d04_428_b_2_jpg.rf.wNpPKemVh8h8pJKCxqGs.jpg,0.5,0.0,1,0,0,7989,7989,0,0,0
Tam_d04_428_b_2_jpg.rf.wNpPKemVh8h8pJKCxqGs.jpg,0.5,0.1,1,0,0,7989,7989,0,0,0
Tam_d04_428_b_2_jpg.rf.wNpPKemVh8h8pJKCxqGs.jpg,0.5,0.25,1,0,0,7989,7989,0,0,0
Tam_d04_428_b_2_jpg.rf.wNpPKemVh8h8pJKCxqGs.jpg,0.5,0.5,1,0,0,7989,7989,0,0,0
Tam_d04_428_b_2_jpg.rf.wNpPKemVh8h8pJKCxqGs.jpg,0.5,1.0,1,0,0,7989,7989,0,0,0
Tam_d05_175_a_3_jpg.rf.hwFsz29tjZYEuIxR0qmf.jpg,0.15,0.0,1,0,0,0,0,0,0,0
Tam_d05_175_a_3_jpg.rf.hwFsz29tjZYEuIxR0qmf.jpg,0.15,0.1,1,0,0,0,0,0,0,0
Tam_d05_175_a_3_jpg.rf.hwFsz29tjZYEuIxR0qmf.jpg,0.15,0.25,1,0,0,0,0,0,0,0
Tam_d05_175_a_3_jpg.rf.hwFsz29tjZYEuIxR0qmf.jpg,0.15,0.5,1,0,0,0,0,0,0,0
Tam_d05_175_a_3_jpg.rf.hwFsz29tjZYEuIxR0qmf.jpg,0.15,1.0,1,0,0,0,0,0,0,0
Tam_d05_175_a_3_jpg.rf.hwFsz29tjZYEuIxR0qmf.jpg,0.2,0.0,1,0,0,0,0,0,0,0
Tam_d05_175_a_3_jpg.rf.hwFsz29tjZYEuIxR0qmf.jpg,0.2,0.1,1,0,0,0,0,0,0,0
Tam_d05_175_a_3_jpg.rf.hwFsz29tjZYEuIxR0qmf.jpg,0.2,0.25,1,0,0,0,0,0,0,0
Tam_d05_175_a_3_jpg.rf.hwFsz29tjZYEuIxR0qmf.jpg,0.2,0.5,1,0,0,0,0,0,0,0
Tam_d05_175_a_3_jpg.rf.hwFsz29tjZYEuIxR0qmf.jpg,0.2,1.0,1,0,0,0,0,0,0,0
Tam_d05_175_a_3_jpg.rf.hwFsz29tjZYEuIxR0qmf.jpg,0.25,0.0,1,0,0,0,0,0,0,0
Tam_d05_175_a_3_jpg.rf.hwFsz29tjZYEuIxR0qmf.jpg,0.25,0.1,1,0,0,0,0,0,0,0
Tam_d05_175_a_3_jpg.rf.hwFsz29tjZYEuIxR0qmf.jpg,0.25,0.25,1,0,0,0,0,0,0,0
Tam_d05_175_a_3_jpg.rf.hwFsz29tjZYEuIxR0qmf.jpg,0.25,0.5,1,0,0,0,0,0,0,0
Tam_d05_175_a_3_jpg.rf.hwFsz29tjZYEuIxR0qmf.jpg,0.25,1.0,1,0,0,0,0,0,0,0
Tam_d05_175_a_3_jpg.rf.hwFsz29tjZYEuIxR0qmf.jpg,0.3,0.0,1,0,0,0,0,0,0,0
Tam_d05_175_a_3_jpg.rf.hwFsz29tjZYEuIxR0qmf.jpg,0.3,0.1,1,0,0,0,0,0,0,0
Tam_d05_175_a_3_jpg.rf.hwFsz29tjZYEuIxR0qmf.jpg,0.3,0.25,1,0,0,0,0,0,0,0
Tam_d05_175_a_3_jpg.rf.hwFsz29tjZYEuIxR0qmf.jpg,0.3,0.5,1,0,0,0,0,0,0,0
Tam_d05_175_a_3_jpg.rf.hwFsz29tjZYEuIxR0qmf.jpg,0.3,1.0,1,0,0,0,0,0,0,0
Tam_d05_175_a_3_jpg.rf.hwFsz29tjZYEuIxR0qmf.jpg,0.4,0.0,1,0,0,0,0,0,0,0
Tam_d05_175_a_3_jpg.rf.hwFsz29tjZYEuIxR0qmf.jpg,0.4,0.1,1,0,0,0,0,0,0,0
Tam_d05_175_a_3_jpg.rf.hwFsz29tjZYEuIxR0qmf.jpg,0.4,0.25,1,0,0,0,0,0,0,0
Tam_d05_175_a_3_jpg.rf.hwFsz29tjZYEuIxR0qmf.jpg,0.4,0.5,1,0,0,0,0,0,0,0
Tam_d05_175_a_3_jpg.rf.hwFsz29tjZYEuIxR0qmf.jpg,0.4,1.0,1,0,0,0,0,0,0,0
Tam_d05_175_a_3_jpg.rf.hwFsz29tjZYEuIxR0qmf.jpg,0.5,0.0,1,0,0,0,0,0,0,0
Tam_d05_175_a_3_jpg.rf.hwFsz29tjZYEuIxR0qmf.jpg,0.5,0.1,1,0,0,0,0,0,0,0
Tam_d05_175_a_3_jpg.rf.hwFsz29tjZYEuIxR0qmf.jpg,0.5,0.25,1,0,0,0,0,0,0,0
Tam_d05_175_a_3_jpg.rf.hwFsz29tjZYEuIxR0qmf.jpg,0.5,0.5,1,0,0,0,0,0,0,0
Tam_d05_175_a_3_jpg.rf.hwFsz29tjZYEuIxR0qmf.jpg,0.5,1.0,1,0,0,0,0,0,0,0
Tam_d05_364_b_2_jpg.rf.dL2DKRgUsoydMpZ9fH5v.jpg,0.15,0.0,1,1495,413,2,1497,1908,0,0
Tam_d05_364_b_2_jpg.rf.dL2DKRgUsoydMpZ9fH5v.jpg,0.15,0.1,1,1495,413,2,1497,1908,0,0
Tam_d05_364_b_2_jpg.rf.dL2DKRgUsoydMpZ9fH5v.jpg,0.15,0.25,1,1495,413,2,1497,1908,0,0
Tam_d05_364_b_2_jpg.rf.dL2DKRgUsoydMpZ9fH5v.jpg,0.15,0.5,1,1495,413,2,1497,1908,0,0
Tam_d05_364_b_2_jpg.rf.dL2DKRgUsoydMpZ9fH5v.jpg,0.15,1.0,1,1495,413,2,1497,1908,0,0
Tam_d05_364_b_2_jpg.rf.dL2DKRgUsoydMpZ9fH5v.jpg,0.2,0.0,1,1495,413,2,1497,1908,0,0
Tam_d05_364_b_2_jpg.rf.dL2DKRgUsoydMpZ9fH5v.jpg,0.2,0.1,1,1495,413,2,1497,1908,0,0
Tam_d05_364_b_2_jpg.rf.dL2DKRgUsoydMpZ9fH5v.jpg,0.2,0.25,1,1495,413,2,1497,1908,0,0
Tam_d05_364_b_2_jpg.rf.dL2DKRgUsoydMpZ9fH5v.jpg,0.2,0.5,1,1495,413,2,1497,1908,0,0
Tam_d05_364_b_2_jpg.rf.dL2DKRgUsoydMpZ9fH5v.jpg,0.2,1.0,1,1495,413,2,1497,1908,0,0
Tam_d05_364_b_2_jpg.rf.dL2DKRgUsoydMpZ9fH5v.jpg,0.25,0.0,1,1495,413,2,1497,1908,0,0
Tam_d05_364_b_2_jpg.rf.dL2DKRgUsoydMpZ9fH5v.jpg,0.25,0.1,1,1495,413,2,1497,1908,0,0
Tam_d05_364_b_2_jpg.rf.dL2DKRgUsoydMpZ9fH5v.jpg,0.25,0.25,1,1495,413,2,1497,1908,0,0
Tam_d05_364_b_2_jpg.rf.dL2DKRgUsoydMpZ9fH5v.jpg,0.25,0.5,1,1495,413,2,1497,1908,0,0
Tam_d05_364_b_2_jpg.rf.dL2DKRgUsoydMpZ9fH5v.jpg,0.25,1.0,1,1495,413,2,1497,1908,0,0
Tam_d05_364_b_2_jpg.rf.dL2DKRgUsoydMpZ9fH5v.jpg,0.3,0.0,1,1495,413,2,1497,1908,0,0
Tam_d05_364_b_2_jpg.rf.dL2DKRgUsoydMpZ9fH5v.jpg,0.3,0.1,1,1495,413,2,1497,1908,0,0
Tam_d05_364_b_2_jpg.rf.dL2DKRgUsoydMpZ9fH5v.jpg,0.3,0.25,1,1495,413,2,1497,1908,0,0
Tam_d05_364_b_2_jpg.rf.dL2DKRgUsoydMpZ9fH5v.jpg,0.3,0.5,1,1495,413,2,1497,1908,0,0
Tam_d05_364_b_2_jpg.rf.dL2DKRgUsoydMpZ9fH5v.jpg,0.3,1.0,1,1495,413,2,1497,1908,0,0
Tam_d05_364_b_2_jpg.rf.dL2DKRgUsoydMpZ9fH5v.jpg,0.4,0.0,1,1495,413,2,1497,1908,0,0
Tam_d05_364_b_2_jpg.rf.dL2DKRgUsoydMpZ9fH5v.jpg,0.4,0.1,1,1495,413,2,1497,1908,0,0
Tam_d05_364_b_2_jpg.rf.dL2DKRgUsoydMpZ9fH5v.jpg,0.4,0.25,1,1495,413,2,1497,1908,0,0
Tam_d05_364_b_2_jpg.rf.dL2DKRgUsoydMpZ9fH5v.jpg,0.4,0.5,1,1495,413,2,1497,1908,0,0
Tam_d05_364_b_2_jpg.rf.dL2DKRgUsoydMpZ9fH5v.jpg,0.4,1.0,1,1495,413,2,1497,1908,0,0
Tam_d05_364_b_2_jpg.rf.dL2DKRgUsoydMpZ9fH5v.jpg,0.5,0.0,1,1495,413,2,1497,1908,0,0
Tam_d05_364_b_2_jpg.rf.dL2DKRgUsoydMpZ9fH5v.jpg,0.5,0.1,1,1495,413,2,1497,1908,0,0
Tam_d05_364_b_2_jpg.rf.dL2DKRgUsoydMpZ9fH5v.jpg,0.5,0.25,1,1495,413,2,1497,1908,0,0
Tam_d05_364_b_2_jpg.rf.dL2DKRgUsoydMpZ9fH5v.jpg,0.5,0.5,1,1495,413,2,1497,1908,0,0
Tam_d05_364_b_2_jpg.rf.dL2DKRgUsoydMpZ9fH5v.jpg,0.5,1.0,1,1495,413,2,1497,1908,0,0
Tam_d05_474_b_2_jpg.rf.svYeU4GknruRMQ4cqnFc.jpg,0.15,0.0,1,2334,5447,179,2513,7781,0,1
Tam_d05_474_b_2_jpg.rf.svYeU4GknruRMQ4cqnFc.jpg,0.15,0.1,1,2334,5447,179,2513,7781,0,1
Tam_d05_474_b_2_jpg.rf.svYeU4GknruRMQ4cqnFc.jpg,0.15,0.25,1,2334,5447,179,2513,7781,0,1
Tam_d05_474_b_2_jpg.rf.svYeU4GknruRMQ4cqnFc.jpg,0.15,0.5,1,2334,5447,179,2513,7781,0,1
Tam_d05_474_b_2_jpg.rf.svYeU4GknruRMQ4cqnFc.jpg,0.15,1.0,1,2334,5447,179,2513,7781,0,1
Tam_d05_474_b_2_jpg.rf.svYeU4GknruRMQ4cqnFc.jpg,0.2,0.0,1,2334,5447,179,2513,7781,0,1
Tam_d05_474_b_2_jpg.rf.svYeU4GknruRMQ4cqnFc.jpg,0.2,0.1,1,2334,5447,179,2513,7781,0,1
Tam_d05_474_b_2_jpg.rf.svYeU4GknruRMQ4cqnFc.jpg,0.2,0.25,1,2334,5447,179,2513,7781,0,1
Tam_d05_474_b_2_jpg.rf.svYeU4GknruRMQ4cqnFc.jpg,0.2,0.5,1,2334,5447,179,2513,7781,0,1
Tam_d05_474_b_2_jpg.rf.svYeU4GknruRMQ4cqnFc.jpg,0.2,1.0,1,2334,5447,179,2513,7781,0,1
Tam_d05_474_b_2_jpg.rf.svYeU4GknruRMQ4cqnFc.jpg,0.25,0.0,1,2334,5447,179,2513,7781,0,1
Tam_d05_474_b_2_jpg.rf.svYeU4GknruRMQ4cqnFc.jpg,0.25,0.1,1,2334,5447,179,2513,7781,0,1
Tam_d05_474_b_2_jpg.rf.svYeU4GknruRMQ4cqnFc.jpg,0.25,0.25,1,2334,5447,179,2513,7781,0,1
Tam_d05_474_b_2_jpg.rf.svYeU4GknruRMQ4cqnFc.jpg,0.25,0.5,1,2334,5447,179,2513,7781,0,1
Tam_d05_474_b_2_jpg.rf.svYeU4GknruRMQ4cqnFc.jpg,0.25,1.0,1,2334,5447,179,2513,7781,0,1
Tam_d05_474_b_2_jpg.rf.svYeU4GknruRMQ4cqnFc.jpg,0.3,0.0,1,2334,5447,179,2513,7781,0,1
Tam_d05_474_b_2_jpg.rf.svYeU4GknruRMQ4cqnFc.jpg,0.3,0.1,1,2334,5447,179,2513,7781,0,1
Tam_d05_474_b_2_jpg.rf.svYeU4GknruRMQ4cqnFc.jpg,0.3,0.25,1,2334,5447,179,2513,7781,0,1
Tam_d05_474_b_2_jpg.rf.svYeU4GknruRMQ4cqnFc.jpg,0.3,0.5,1,2334,5447,179,2513,7781,0,1
Tam_d05_474_b_2_jpg.rf.svYeU4GknruRMQ4cqnFc.jpg,0.3,1.0,1,2334,5447,179,2513,7781,0,1
Tam_d05_474_b_2_jpg.rf.svYeU4GknruRMQ4cqnFc.jpg,0.4,0.0,1,2334,5447,179,2513,7781,0,1
Tam_d05_474_b_2_jpg.rf.svYeU4GknruRMQ4cqnFc.jpg,0.4,0.1,1,2334,5447,179,2513,7781,0,1
Tam_d05_474_b_2_jpg.rf.svYeU4GknruRMQ4cqnFc.jpg,0.4,0.25,1,2334,5447,179,2513,7781,0,1
Tam_d05_474_b_2_jpg.rf.svYeU4GknruRMQ4cqnFc.jpg,0.4,0.5,1,2334,5447,179,2513,7781,0,1
Tam_d05_474_b_2_jpg.rf.svYeU4GknruRMQ4cqnFc.jpg,0.4,1.0,1,2334,5447,179,2513,7781,0,1
Tam_d05_474_b_2_jpg.rf.svYeU4GknruRMQ4cqnFc.jpg,0.5,0.0,1,2334,5447,179,2513,7781,0,1
Tam_d05_474_b_2_jpg.rf.svYeU4GknruRMQ4cqnFc.jpg,0.5,0.1,1,2334,5447,179,2513,7781,0,1
Tam_d05_474_b_2_jpg.rf.svYeU4GknruRMQ4cqnFc.jpg,0.5,0.25,1,2334,5447,179,2513,7781,0,1
Tam_d05_474_b_2_jpg.rf.svYeU4GknruRMQ4cqnFc.jpg,0.5,0.5,1,2334,5447,179,2513,7781,0,1
Tam_d05_474_b_2_jpg.rf.svYeU4GknruRMQ4cqnFc.jpg,0.5,1.0,1,2334,5447,179,2513,7781,0,1
Tam_d06_088_a_3_jpg.rf.GgeraNZYF8eiMYe2Ja7p.jpg,0.15,0.0,0,22451,3826,922,23373,26277,2,2
Tam_d06_088_a_3_jpg.rf.GgeraNZYF8eiMYe2Ja7p.jpg,0.15,0.1,0,22451,3826,922,23373,26277,2,2
Tam_d06_088_a_3_jpg.rf.GgeraNZYF8eiMYe2Ja7p.jpg,0.15,0.25,0,22451,3826,922,23373,26277,2,2
Tam_d06_088_a_3_jpg.rf.GgeraNZYF8eiMYe2Ja7p.jpg,0.15,0.5,0,22451,3826,922,23373,26277,2,2
Tam_d06_088_a_3_jpg.rf.GgeraNZYF8eiMYe2Ja7p.jpg,0.15,1.0,1,22451,3826,922,23373,26277,2,2
Tam_d06_088_a_3_jpg.rf.GgeraNZYF8eiMYe2Ja7p.jpg,0.2,0.0,1,0,0,23373,23373,0,2,0
Tam_d06_088_a_3_jpg.rf.GgeraNZYF8eiMYe2Ja7p.jpg,0.2,0.1,1,0,0,23373,23373,0,2,0
Tam_d06_088_a_3_jpg.rf.GgeraNZYF8eiMYe2Ja7p.jpg,0.2,0.25,1,0,0,23373,23373,0,2,0
Tam_d06_088_a_3_jpg.rf.GgeraNZYF8eiMYe2Ja7p.jpg,0.2,0.5,1,0,0,23373,23373,0,2,0
Tam_d06_088_a_3_jpg.rf.GgeraNZYF8eiMYe2Ja7p.jpg,0.2,1.0,1,0,0,23373,23373,0,2,0
Tam_d06_088_a_3_jpg.rf.GgeraNZYF8eiMYe2Ja7p.jpg,0.25,0.0,1,0,0,23373,23373,0,2,0
Tam_d06_088_a_3_jpg.rf.GgeraNZYF8eiMYe2Ja7p.jpg,0.25,0.1,1,0,0,23373,23373,0,2,0
Tam_d06_088_a_3_jpg.rf.GgeraNZYF8eiMYe2Ja7p.jpg,0.25,0.25,1,0,0,23373,23373,0,2,0
Tam_d06_088_a_3_jpg.rf.GgeraNZYF8eiMYe2Ja7p.jpg,0.25,0.5,1,0,0,23373,23373,0,2,0
Tam_d06_088_a_3_jpg.rf.GgeraNZYF8eiMYe2Ja7p.jpg,0.25,1.0,1,0,0,23373,23373,0,2,0
Tam_d06_088_a_3_jpg.rf.GgeraNZYF8eiMYe2Ja7p.jpg,0.3,0.0,1,0,0,23373,23373,0,2,0
Tam_d06_088_a_3_jpg.rf.GgeraNZYF8eiMYe2Ja7p.jpg,0.3,0.1,1,0,0,23373,23373,0,2,0
Tam_d06_088_a_3_jpg.rf.GgeraNZYF8eiMYe2Ja7p.jpg,0.3,0.25,1,0,0,23373,23373,0,2,0
Tam_d06_088_a_3_jpg.rf.GgeraNZYF8eiMYe2Ja7p.jpg,0.3,0.5,1,0,0,23373,23373,0,2,0
Tam_d06_088_a_3_jpg.rf.GgeraNZYF8eiMYe2Ja7p.jpg,0.3,1.0,1,0,0,23373,23373,0,2,0
Tam_d06_088_a_3_jpg.rf.GgeraNZYF8eiMYe2Ja7p.jpg,0.4,0.0,1,0,0,23373,23373,0,2,0
Tam_d06_088_a_3_jpg.rf.GgeraNZYF8eiMYe2Ja7p.jpg,0.4,0.1,1,0,0,23373,23373,0,2,0
Tam_d06_088_a_3_jpg.rf.GgeraNZYF8eiMYe2Ja7p.jpg,0.4,0.25,1,0,0,23373,23373,0,2,0
Tam_d06_088_a_3_jpg.rf.GgeraNZYF8eiMYe2Ja7p.jpg,0.4,0.5,1,0,0,23373,23373,0,2,0
Tam_d06_088_a_3_jpg.rf.GgeraNZYF8eiMYe2Ja7p.jpg,0.4,1.0,1,0,0,23373,23373,0,2,0
Tam_d06_088_a_3_jpg.rf.GgeraNZYF8eiMYe2Ja7p.jpg,0.5,0.0,1,0,0,23373,23373,0,2,0
Tam_d06_088_a_3_jpg.rf.GgeraNZYF8eiMYe2Ja7p.jpg,0.5,0.1,1,0,0,23373,23373,0,2,0
Tam_d06_088_a_3_jpg.rf.GgeraNZYF8eiMYe2Ja7p.jpg,0.5,0.25,1,0,0,23373,23373,0,2,0
Tam_d06_088_a_3_jpg.rf.GgeraNZYF8eiMYe2Ja7p.jpg,0.5,0.5,1,0,0,23373,23373,0,2,0
Tam_d06_088_a_3_jpg.rf.GgeraNZYF8eiMYe2Ja7p.jpg,0.5,1.0,1,0,0,23373,23373,0,2,0
Tam_d06_230_b_2_jpg.rf.dJmDaAHgIF02BhJppBcV.jpg,0.15,0.0,1,0,0,7383,7383,0,0,0
Tam_d06_230_b_2_jpg.rf.dJmDaAHgIF02BhJppBcV.jpg,0.15,0.1,1,0,0,7383,7383,0,0,0
Tam_d06_230_b_2_jpg.rf.dJmDaAHgIF02BhJppBcV.jpg,0.15,0.25,1,0,0,7383,7383,0,0,0
Tam_d06_230_b_2_jpg.rf.dJmDaAHgIF02BhJppBcV.jpg,0.15,0.5,1,0,0,7383,7383,0,0,0
Tam_d06_230_b_2_jpg.rf.dJmDaAHgIF02BhJppBcV.jpg,0.15,1.0,1,0,0,7383,7383,0,0,0
Tam_d06_230_b_2_jpg.rf.dJmDaAHgIF02BhJppBcV.jpg,0.2,0.0,1,0,0,7383,7383,0,0,0
Tam_d06_230_b_2_jpg.rf.dJmDaAHgIF02BhJppBcV.jpg,0.2,0.1,1,0,0,7383,7383,0,0,0
Tam_d06_230_b_2_jpg.rf.dJmDaAHgIF02BhJppBcV.jpg,0.2,0.25,1,0,0,7383,7383,0,0,0
Tam_d06_230_b_2_jpg.rf.dJmDaAHgIF02BhJppBcV.jpg,0.2,0.5,1,0,0,7383,7383,0,0,0
Tam_d06_230_b_2_jpg.rf.dJmDaAHgIF02BhJppBcV.jpg,0.2,1.0,1,0,0,7383,7383,0,0,0
Tam_d06_230_b_2_jpg.rf.dJmDaAHgIF02BhJppBcV.jpg,0.25,0.0,1,0,0,7383,7383,0,0,0
Tam_d06_230_b_2_jpg.rf.dJmDaAHgIF02BhJppBcV.jpg,0.25,0.1,1,0,0,7383,7383,0,0,0
Tam_d06_230_b_2_jpg.rf.dJmDaAHgIF02BhJppBcV.jpg,0.25,0.25,1,0,0,7383,7383,0,0,0
Tam_d06_230_b_2_jpg.rf.dJmDaAHgIF02BhJppBcV.jpg,0.25,0.5,1,0,0,7383,7383,0,0,0
Tam_d06_230_b_2_jpg.rf.dJmDaAHgIF02BhJppBcV.jpg,0.25,1.0,1,0,0,7383,7383,0,0,0
Tam_d06_230_b_2_jpg.rf.dJmDaAHgIF02BhJppBcV.jpg,0.3,0.0,1,0,0,7383,7383,0,0,0
Tam_d06_230_b_2_jpg.rf.dJmDaAHgIF02BhJppBcV.jpg,0.3,0.1,1,0,0,7383,7383,0,0,0
Tam_d06_230_b_2_jpg.rf.dJmDaAHgIF02BhJppBcV.jpg,0.3,0.25,1,0,0,7383,7383,0,0,0
Tam_d06_230_b_2_jpg.rf.dJmDaAHgIF02BhJppBcV.jpg,0.3,0.5,1,0,0,7383,7383,0,0,0
Tam_d06_230_b_2_jpg.rf.dJmDaAHgIF02BhJppBcV.jpg,0.3,1.0,1,0,0,7383,7383,0,0,0
Tam_d06_230_b_2_jpg.rf.dJmDaAHgIF02BhJppBcV.jpg,0.4,0.0,1,0,0,7383,7383,0,0,0
Tam_d06_230_b_2_jpg.rf.dJmDaAHgIF02BhJppBcV.jpg,0.4,0.1,1,0,0,7383,7383,0,0,0
Tam_d06_230_b_2_jpg.rf.dJmDaAHgIF02BhJppBcV.jpg,0.4,0.25,1,0,0,7383,7383,0,0,0
Tam_d06_230_b_2_jpg.rf.dJmDaAHgIF02BhJppBcV.jpg,0.4,0.5,1,0,0,7383,7383,0,0,0
Tam_d06_230_b_2_jpg.rf.dJmDaAHgIF02BhJppBcV.jpg,0.4,1.0,1,0,0,7383,7383,0,0,0
Tam_d06_230_b_2_jpg.rf.dJmDaAHgIF02BhJppBcV.jpg,0.5,0.0,1,0,0,7383,7383,0,0,0
Tam_d06_230_b_2_jpg.rf.dJmDaAHgIF02BhJppBcV.jpg,0.5,0.1,1,0,0,7383,7383,0,0,0
Tam_d06_230_b_2_jpg.rf.dJmDaAHgIF02BhJppBcV.jpg,0.5,0.25,1,0,0,7383,7383,0,0,0
Tam_d06_230_b_2_jpg.rf.dJmDaAHgIF02BhJppBcV.jpg,0.5,0.5,1,0,0,7383,7383,0,0,0
Tam_d06_230_b_2_jpg.rf.dJmDaAHgIF02BhJppBcV.jpg,0.5,1.0,1,0,0,7383,7383,0,0,0
Tam_d06_340_b_2_jpg.rf.wYOb9KQnGuelIp1zFV6Z.jpg,0.15,0.0,1,0,0,0,0,0,0,0
Tam_d06_340_b_2_jpg.rf.wYOb9KQnGuelIp1zFV6Z.jpg,0.15,0.1,1,0,0,0,0,0,0,0
Tam_d06_340_b_2_jpg.rf.wYOb9KQnGuelIp1zFV6Z.jpg,0.15,0.25,1,0,0,0,0,0,0,0
Tam_d06_340_b_2_jpg.rf.wYOb9KQnGuelIp1zFV6Z.jpg,0.15,0.5,1,0,0,0,0,0,0,0
Tam_d06_340_b_2_jpg.rf.wYOb9KQnGuelIp1zFV6Z.jpg,0.15,1.0,1,0,0,0,0,0,0,0
Tam_d06_340_b_2_jpg.rf.wYOb9KQnGuelIp1zFV6Z.jpg,0.2,0.0,1,0,0,0,0,0,0,0
Tam_d06_340_b_2_jpg.rf.wYOb9KQnGuelIp1zFV6Z.jpg,0.2,0.1,1,0,0,0,0,0,0,0
Tam_d06_340_b_2_jpg.rf.wYOb9KQnGuelIp1zFV6Z.jpg,0.2,0.25,1,0,0,0,0,0,0,0
Tam_d06_340_b_2_jpg.rf.wYOb9KQnGuelIp1zFV6Z.jpg,0.2,0.5,1,0,0,0,0,0,0,0
Tam_d06_340_b_2_jpg.rf.wYOb9KQnGuelIp1zFV6Z.jpg,0.2,1.0,1,0,0,0,0,0,0,0
Tam_d06_340_b_2_jpg.rf.wYOb9KQnGuelIp1zFV6Z.jpg,0.25,0.0,1,0,0,0,0,0,0,0
Tam_d06_340_b_2_jpg.rf.wYOb9KQnGuelIp1zFV6Z.jpg,0.25,0.1,1,0,0,0,0,0,0,0
Tam_d06_340_b_2_jpg.rf.wYOb9KQnGuelIp1zFV6Z.jpg,0.25,0.25,1,0,0,0,0,0,0,0
Tam_d06_340_b_2_jpg.rf.wYOb9KQnGuelIp1zFV6Z.jpg,0.25,0.5,1,0,0,0,0,0,0,0
Tam_d06_340_b_2_jpg.rf.wYOb9KQnGuelIp1zFV6Z.jpg,0.25,1.0,1,0,0,0,0,0,0,0
Tam_d06_340_b_2_jpg.rf.wYOb9KQnGuelIp1zFV6Z.jpg,0.3,0.0,1,0,0,0,0,0,0,0
Tam_d06_340_b_2_jpg.rf.wYOb9KQnGuelIp1zFV6Z.jpg,0.3,0.1,1,0,0,0,0,0,0,0
Tam_d06_340_b_2_jpg.rf.wYOb9KQnGuelIp1zFV6Z.jpg,0.3,0.25,1,0,0,0,0,0,0,0
Tam_d06_340_b_2_jpg.rf.wYOb9KQnGuelIp1zFV6Z.jpg,0.3,0.5,1,0,0,0,0,0,0,0
Tam_d06_340_b_2_jpg.rf.wYOb9KQnGuelIp1zFV6Z.jpg,0.3,1.0,1,0,0,0,0,0,0,0
Tam_d06_340_b_2_jpg.rf.wYOb9KQnGuelIp1zFV6Z.jpg,0.4,0.0,1,0,0,0,0,0,0,0
Tam_d06_340_b_2_jpg.rf.wYOb9KQnGuelIp1zFV6Z.jpg,0.4,0.1,1,0,0,0,0,0,0,0
Tam_d06_340_b_2_jpg.rf.wYOb9KQnGuelIp1zFV6Z.jpg,0.4,0.25,1,0,0,0,0,0,0,0
Tam_d06_340_b_2_jpg.rf.wYOb9KQnGuelIp1zFV6Z.jpg,0.4,0.5,1,0,0,0,0,0,0,0
Tam_d06_340_b_2_jpg.rf.wYOb9KQnGuelIp1zFV6Z.jpg,0.4,1.0,1,0,0,0,0,0,0,0
Tam_d06_340_b_2_jpg.rf.wYOb9KQnGuelIp1zFV6Z.jpg,0.5,0.0,1,0,0,0,0,0,0,0
Tam_d06_340_b_2_jpg.rf.wYOb9KQnGuelIp1zFV6Z.jpg,0.5,0.1,1,0,0,0,0,0,0,0
Tam_d06_340_b_2_jpg.rf.wYOb9KQnGuelIp1zFV6Z.jpg,0.5,0.25,1,0,0,0,0,0,0,0
Tam_d06_340_b_2_jpg.rf.wYOb9KQnGuelIp1zFV6Z.jpg,0.5,0.5,1,0,0,0,0,0,0,0
Tam_d06_340_b_2_jpg.rf.wYOb9KQnGuelIp1zFV6Z.jpg,0.5,1.0,1,0,0,0,0,0,0,0
Tam_d06_403_b_4_jpg.rf.6AZ2a5icaV9wXM16Xf8B.jpg,0.15,0.0,0,25523,27454,266,25789,52977,2,2
Tam_d06_403_b_4_jpg.rf.6AZ2a5icaV9wXM16Xf8B.jpg,0.15,0.1,0,25523,27454,266,25789,52977,2,2
Tam_d06_403_b_4_jpg.rf.6AZ2a5icaV9wXM16Xf8B.jpg,0.15,0.25,0,25523,27454,266,25789,52977,2,2
Tam_d06_403_b_4_jpg.rf.6AZ2a5icaV9wXM16Xf8B.jpg,0.15,0.5,0,25523,27454,266,25789,52977,2,2
Tam_d06_403_b_4_jpg.rf.6AZ2a5icaV9wXM16Xf8B.jpg,0.15,1.0,1,25523,27454,266,25789,52977,2,2
Tam_d06_403_b_4_jpg.rf.6AZ2a5icaV9wXM16Xf8B.jpg,0.2,0.0,0,25523,27454,266,25789,52977,2,2
Tam_d06_403_b_4_jpg.rf.6AZ2a5icaV9wXM16Xf8B.jpg,0.2,0.1,0,25523,27454,266,25789,52977,2,2
Tam_d06_403_b_4_jpg.rf.6AZ2a5icaV9wXM16Xf8B.jpg,0.2,0.25,0,25523,27454,266,25789,52977,2,2
Tam_d06_403_b_4_jpg.rf.6AZ2a5icaV9wXM16Xf8B.jpg,0.2,0.5,0,25523,27454,266,25789,52977,2,2
Tam_d06_403_b_4_jpg.rf.6AZ2a5icaV9wXM16Xf8B.jpg,0.2,1.0,1,25523,27454,266,25789,52977,2,2
Tam_d06_403_b_4_jpg.rf.6AZ2a5icaV9wXM16Xf8B.jpg,0.25,0.0,0,25523,27454,266,25789,52977,2,2
Tam_d06_403_b_4_jpg.rf.6AZ2a5icaV9wXM16Xf8B.jpg,0.25,0.1,0,25523,27454,266,25789,52977,2,2
Tam_d06_403_b_4_jpg.rf.6AZ2a5icaV9wXM16Xf8B.jpg,0.25,0.25,0,25523,27454,266,25789,52977,2,2
Tam_d06_403_b_4_jpg.rf.6AZ2a5icaV9wXM16Xf8B.jpg,0.25,0.5,0,25523,27454,266,25789,52977,2,2
Tam_d06_403_b_4_jpg.rf.6AZ2a5icaV9wXM16Xf8B.jpg,0.25,1.0,1,25523,27454,266,25789,52977,2,2
Tam_d06_403_b_4_jpg.rf.6AZ2a5icaV9wXM16Xf8B.jpg,0.3,0.0,0,25523,27454,266,25789,52977,2,2
Tam_d06_403_b_4_jpg.rf.6AZ2a5icaV9wXM16Xf8B.jpg,0.3,0.1,0,25523,27454,266,25789,52977,2,2
Tam_d06_403_b_4_jpg.rf.6AZ2a5icaV9wXM16Xf8B.jpg,0.3,0.25,0,25523,27454,266,25789,52977,2,2
Tam_d06_403_b_4_jpg.rf.6AZ2a5icaV9wXM16Xf8B.jpg,0.3,0.5,0,25523,27454,266,25789,52977,2,2
Tam_d06_403_b_4_jpg.rf.6AZ2a5icaV9wXM16Xf8B.jpg,0.3,1.0,1,25523,27454,266,25789,52977,2,2
Tam_d06_403_b_4_jpg.rf.6AZ2a5icaV9wXM16Xf8B.jpg,0.4,0.0,1,0,0,25789,25789,0,2,0
Tam_d06_403_b_4_jpg.rf.6AZ2a5icaV9wXM16Xf8B.jpg,0.4,0.1,1,0,0,25789,25789,0,2,0
Tam_d06_403_b_4_jpg.rf.6AZ2a5icaV9wXM16Xf8B.jpg,0.4,0.25,1,0,0,25789,25789,0,2,0
Tam_d06_403_b_4_jpg.rf.6AZ2a5icaV9wXM16Xf8B.jpg,0.4,0.5,1,0,0,25789,25789,0,2,0
Tam_d06_403_b_4_jpg.rf.6AZ2a5icaV9wXM16Xf8B.jpg,0.4,1.0,1,0,0,25789,25789,0,2,0
Tam_d06_403_b_4_jpg.rf.6AZ2a5icaV9wXM16Xf8B.jpg,0.5,0.0,1,0,0,25789,25789,0,2,0
Tam_d06_403_b_4_jpg.rf.6AZ2a5icaV9wXM16Xf8B.jpg,0.5,0.1,1,0,0,25789,25789,0,2,0
Tam_d06_403_b_4_jpg.rf.6AZ2a5icaV9wXM16Xf8B.jpg,0.5,0.25,1,0,0,25789,25789,0,2,0
Tam_d06_403_b_4_jpg.rf.6AZ2a5icaV9wXM16Xf8B.jpg,0.5,0.5,1,0,0,25789,25789,0,2,0
Tam_d06_403_b_4_jpg.rf.6AZ2a5icaV9wXM16Xf8B.jpg,0.5,1.0,1,0,0,25789,25789,0,2,0
Tam_d06_407_b_2_jpg.rf.Zou3D6MskxjQvnVN8NBX.jpg,0.15,0.0,1,2823,619,118,2941,3442,0,0
Tam_d06_407_b_2_jpg.rf.Zou3D6MskxjQvnVN8NBX.jpg,0.15,0.1,1,2823,619,118,2941,3442,0,0
Tam_d06_407_b_2_jpg.rf.Zou3D6MskxjQvnVN8NBX.jpg,0.15,0.25,1,2823,619,118,2941,3442,0,0
Tam_d06_407_b_2_jpg.rf.Zou3D6MskxjQvnVN8NBX.jpg,0.15,0.5,1,2823,619,118,2941,3442,0,0
Tam_d06_407_b_2_jpg.rf.Zou3D6MskxjQvnVN8NBX.jpg,0.15,1.0,1,2823,619,118,2941,3442,0,0
Tam_d06_407_b_2_jpg.rf.Zou3D6MskxjQvnVN8NBX.jpg,0.2,0.0,1,2823,619,118,2941,3442,0,0
Tam_d06_407_b_2_jpg.rf.Zou3D6MskxjQvnVN8NBX.jpg,0.2,0.1,1,2823,619,118,2941,3442,0,0
Tam_d06_407_b_2_jpg.rf.Zou3D6MskxjQvnVN8NBX.jpg,0.2,0.25,1,2823,619,118,2941,3442,0,0
Tam_d06_407_b_2_jpg.rf.Zou3D6MskxjQvnVN8NBX.jpg,0.2,0.5,1,2823,619,118,2941,3442,0,0
Tam_d06_407_b_2_jpg.rf.Zou3D6MskxjQvnVN8NBX.jpg,0.2,1.0,1,2823,619,118,2941,3442,0,0
Tam_d06_407_b_2_jpg.rf.Zou3D6MskxjQvnVN8NBX.jpg,0.25,0.0,1,2823,619,118,2941,3442,0,0
Tam_d06_407_b_2_jpg.rf.Zou3D6MskxjQvnVN8NBX.jpg,0.25,0.1,1,2823,619,118,2941,3442,0,0
Tam_d06_407_b_2_jpg.rf.Zou3D6MskxjQvnVN8NBX.jpg,0.25,0.25,1,2823,619,118,2941,3442,0,0
Tam_d06_407_b_2_jpg.rf.Zou3D6MskxjQvnVN8NBX.jpg,0.25,0.5,1,2823,619,118,2941,3442,0,0
Tam_d06_407_b_2_jpg.rf.Zou3D6MskxjQvnVN8NBX.jpg,0.25,1.0,1,2823,619,118,2941,3442,0,0
Tam_d06_407_b_2_jpg.rf.Zou3D6MskxjQvnVN8NBX.jpg,0.3,0.0,1,2823,619,118,2941,3442,0,0
Tam_d06_407_b_2_jpg.rf.Zou3D6MskxjQvnVN8NBX.jpg,0.3,0.1,1,2823,619,118,2941,3442,0,0
Tam_d06_407_b_2_jpg.rf.Zou3D6MskxjQvnVN8NBX.jpg,0.3,0.25,1,2823,619,118,2941,3442,0,0
Tam_d06_407_b_2_jpg.rf.Zou3D6MskxjQvnVN8NBX.jpg,0.3,0.5,1,2823,619,118,2941,3442,0,0
Tam_d06_407_b_2_jpg.rf.Zou3D6MskxjQvnVN8NBX.jpg,0.3,1.0,1,2823,619,118,2941,3442,0,0
Tam_d06_407_b_2_jpg.rf.Zou3D6MskxjQvnVN8NBX.jpg,0.4,0.0,1,2823,619,118,2941,3442,0,0
Tam_d06_407_b_2_jpg.rf.Zou3D6MskxjQvnVN8NBX.jpg,0.4,0.1,1,2823,619,118,2941,3442,0,0
Tam_d06_407_b_2_jpg.rf.Zou3D6MskxjQvnVN8NBX.jpg,0.4,0.25,1,2823,619,118,2941,3442,0,0
Tam_d06_407_b_2_jpg.rf.Zou3D6MskxjQvnVN8NBX.jpg,0.4,0.5,1,2823,619,118,2941,3442,0,0
Tam_d06_407_b_2_jpg.rf.Zou3D6MskxjQvnVN8NBX.jpg,0.4,1.0,1,2823,619,118,2941,3442,0,0
Tam_d06_407_b_2_jpg.rf.Zou3D6MskxjQvnVN8NBX.jpg,0.5,0.0,1,2823,619,118,2941,3442,0,0
Tam_d06_407_b_2_jpg.rf.Zou3D6MskxjQvnVN8NBX.jpg,0.5,0.1,1,2823,619,118,2941,3442,0,0
Tam_d06_407_b_2_jpg.rf.Zou3D6MskxjQvnVN8NBX.jpg,0.5,0.25,1,2823,619,118,2941,3442,0,0
Tam_d06_407_b_2_jpg.rf.Zou3D6MskxjQvnVN8NBX.jpg,0.5,0.5,1,2823,619,118,2941,3442,0,0
Tam_d06_407_b_2_jpg.rf.Zou3D6MskxjQvnVN8NBX.jpg,0.5,1.0,1,2823,619,118,2941,3442,0,0
Tam_d07_079_b_4_jpg.rf.DZCJdWzAg0EzF2hMgZCz.jpg,0.15,0.0,0,10323,0,11622,21945,10323,2,1
Tam_d07_079_b_4_jpg.rf.DZCJdWzAg0EzF2hMgZCz.jpg,0.15,0.1,0,10323,0,11622,21945,10323,2,1
Tam_d07_079_b_4_jpg.rf.DZCJdWzAg0EzF2hMgZCz.jpg,0.15,0.25,0,10323,0,11622,21945,10323,2,1
Tam_d07_079_b_4_jpg.rf.DZCJdWzAg0EzF2hMgZCz.jpg,0.15,0.5,0,10323,0,11622,21945,10323,2,1
Tam_d07_079_b_4_jpg.rf.DZCJdWzAg0EzF2hMgZCz.jpg,0.15,1.0,1,10323,0,11622,21945,10323,2,1
Tam_d07_079_b_4_jpg.rf.DZCJdWzAg0EzF2hMgZCz.jpg,0.2,0.0,0,10323,0,11622,21945,10323,2,1
Tam_d07_079_b_4_jpg.rf.DZCJdWzAg0EzF2hMgZCz.jpg,0.2,0.1,0,10323,0,11622,21945,10323,2,1
Tam_d07_079_b_4_jpg.rf.DZCJdWzAg0EzF2hMgZCz.jpg,0.2,0.25,0,10323,0,11622,21945,10323,2,1
Tam_d07_079_b_4_jpg.rf.DZCJdWzAg0EzF2hMgZCz.jpg,0.2,0.5,0,10323,0,11622,21945,10323,2,1
Tam_d07_079_b_4_jpg.rf.DZCJdWzAg0EzF2hMgZCz.jpg,0.2,1.0,1,10323,0,11622,21945,10323,2,1
Tam_d07_079_b_4_jpg.rf.DZCJdWzAg0EzF2hMgZCz.jpg,0.25,0.0,0,10323,0,11622,21945,10323,2,1
Tam_d07_079_b_4_jpg.rf.DZCJdWzAg0EzF2hMgZCz.jpg,0.25,0.1,0,10323,0,11622,21945,10323,2,1
Tam_d07_079_b_4_jpg.rf.DZCJdWzAg0EzF2hMgZCz.jpg,0.25,0.25,0,10323,0,11622,21945,10323,2,1
Tam_d07_079_b_4_jpg.rf.DZCJdWzAg0EzF2hMgZCz.jpg,0.25,0.5,0,10323,0,11622,21945,10323,2,1
Tam_d07_079_b_4_jpg.rf.DZCJdWzAg0EzF2hMgZCz.jpg,0.25,1.0,1,10323,0,11622,21945,10323,2,1
Tam_d07_079_b_4_jpg.rf.DZCJdWzAg0EzF2hMgZCz.jpg,0.3,0.0,0,10323,0,11622,21945,10323,2,1
Tam_d07_079_b_4_jpg.rf.DZCJdWzAg0EzF2hMgZCz.jpg,0.3,0.1,0,10323,0,11622,21945,10323,2,1
Tam_d07_079_b_4_jpg.rf.DZCJdWzAg0EzF2hMgZCz.jpg,0.3,0.25,0,10323,0,11622,21945,10323,2,1
Tam_d07_079_b_4_jpg.rf.DZCJdWzAg0EzF2hMgZCz.jpg,0.3,0.5,0,10323,0,11622,21945,10323,2,1
Tam_d07_079_b_4_jpg.rf.DZCJdWzAg0EzF2hMgZCz.jpg,0.3,1.0,1,10323,0,11622,21945,10323,2,1
Tam_d07_079_b_4_jpg.rf.DZCJdWzAg0EzF2hMgZCz.jpg,0.4,0.0,1,0,0,21945,21945,0,2,0
Tam_d07_079_b_4_jpg.rf.DZCJdWzAg0EzF2hMgZCz.jpg,0.4,0.1,1,0,0,21945,21945,0,2,0
Tam_d07_079_b_4_jpg.rf.DZCJdWzAg0EzF2hMgZCz.jpg,0.4,0.25,1,0,0,21945,21945,0,2,0
Tam_d07_079_b_4_jpg.rf.DZCJdWzAg0EzF2hMgZCz.jpg,0.4,0.5,1,0,0,21945,21945,0,2,0
Tam_d07_079_b_4_jpg.rf.DZCJdWzAg0EzF2hMgZCz.jpg,0.4,1.0,1,0,0,21945,21945,0,2,0
Tam_d07_079_b_4_jpg.rf.DZCJdWzAg0EzF2hMgZCz.jpg,0.5,0.0,1,0,0,21945,21945,0,2,0
Tam_d07_079_b_4_jpg.rf.DZCJdWzAg0EzF2hMgZCz.jpg,0.5,0.1,1,0,0,21945,21945,0,2,0
Tam_d07_079_b_4_jpg.rf.DZCJdWzAg0EzF2hMgZCz.jpg,0.5,0.25,1,0,0,21945,21945,0,2,0
Tam_d07_079_b_4_jpg.rf.DZCJdWzAg0EzF2hMgZCz.jpg,0.5,0.5,1,0,0,21945,21945,0,2,0
Tam_d07_079_b_4_jpg.rf.DZCJdWzAg0EzF2hMgZCz.jpg,0.5,1.0,1,0,0,21945,21945,0,2,0
Tam_d07_088_a_4_jpg.rf.RzgrzpmQtLnZbUHbEAnn.jpg,0.15,0.0,0,0,14256,0,0,14256,0,1
Tam_d07_088_a_4_jpg.rf.RzgrzpmQtLnZbUHbEAnn.jpg,0.15,0.1,0,0,14256,0,0,14256,0,1
Tam_d07_088_a_4_jpg.rf.RzgrzpmQtLnZbUHbEAnn.jpg,0.15,0.25,0,0,14256,0,0,14256,0,1
Tam_d07_088_a_4_jpg.rf.RzgrzpmQtLnZbUHbEAnn.jpg,0.15,0.5,0,0,14256,0,0,14256,0,1
Tam_d07_088_a_4_jpg.rf.RzgrzpmQtLnZbUHbEAnn.jpg,0.15,1.0,1,0,14256,0,0,14256,0,1
Tam_d07_088_a_4_jpg.rf.RzgrzpmQtLnZbUHbEAnn.jpg,0.2,0.0,0,0,9782,0,0,9782,0,0
Tam_d07_088_a_4_jpg.rf.RzgrzpmQtLnZbUHbEAnn.jpg,0.2,0.1,0,0,9782,0,0,9782,0,0
Tam_d07_088_a_4_jpg.rf.RzgrzpmQtLnZbUHbEAnn.jpg,0.2,0.25,0,0,9782,0,0,9782,0,0
Tam_d07_088_a_4_jpg.rf.RzgrzpmQtLnZbUHbEAnn.jpg,0.2,0.5,0,0,9782,0,0,9782,0,0
Tam_d07_088_a_4_jpg.rf.RzgrzpmQtLnZbUHbEAnn.jpg,0.2,1.0,1,0,9782,0,0,9782,0,0
Tam_d07_088_a_4_jpg.rf.RzgrzpmQtLnZbUHbEAnn.jpg,0.25,0.0,1,0,0,0,0,0,0,0
Tam_d07_088_a_4_jpg.rf.RzgrzpmQtLnZbUHbEAnn.jpg,0.25,0.1,1,0,0,0,0,0,0,0
Tam_d07_088_a_4_jpg.rf.RzgrzpmQtLnZbUHbEAnn.jpg,0.25,0.25,1,0,0,0,0,0,0,0
Tam_d07_088_a_4_jpg.rf.RzgrzpmQtLnZbUHbEAnn.jpg,0.25,0.5,1,0,0,0,0,0,0,0
Tam_d07_088_a_4_jpg.rf.RzgrzpmQtLnZbUHbEAnn.jpg,0.25,1.0,1,0,0,0,0,0,0,0
Tam_d07_088_a_4_jpg.rf.RzgrzpmQtLnZbUHbEAnn.jpg,0.3,0.0,1,0,0,0,0,0,0,0
Tam_d07_088_a_4_jpg.rf.RzgrzpmQtLnZbUHbEAnn.jpg,0.3,0.1,1,0,0,0,0,0,0,0
Tam_d07_088_a_4_jpg.rf.RzgrzpmQtLnZbUHbEAnn.jpg,0.3,0.25,1,0,0,0,0,0,0,0
Tam_d07_088_a_4_jpg.rf.RzgrzpmQtLnZbUHbEAnn.jpg,0.3,0.5,1,0,0,0,0,0,0,0
Tam_d07_088_a_4_jpg.rf.RzgrzpmQtLnZbUHbEAnn.jpg,0.3,1.0,1,0,0,0,0,0,0,0
Tam_d07_088_a_4_jpg.rf.RzgrzpmQtLnZbUHbEAnn.jpg,0.4,0.0,1,0,0,0,0,0,0,0
Tam_d07_088_a_4_jpg.rf.RzgrzpmQtLnZbUHbEAnn.jpg,0.4,0.1,1,0,0,0,0,0,0,0
Tam_d07_088_a_4_jpg.rf.RzgrzpmQtLnZbUHbEAnn.jpg,0.4,0.25,1,0,0,0,0,0,0,0
Tam_d07_088_a_4_jpg.rf.RzgrzpmQtLnZbUHbEAnn.jpg,0.4,0.5,1,0,0,0,0,0,0,0
Tam_d07_088_a_4_jpg.rf.RzgrzpmQtLnZbUHbEAnn.jpg,0.4,1.0,1,0,0,0,0,0,0,0
Tam_d07_088_a_4_jpg.rf.RzgrzpmQtLnZbUHbEAnn.jpg,0.5,0.0,1,0,0,0,0,0,0,0
Tam_d07_088_a_4_jpg.rf.RzgrzpmQtLnZbUHbEAnn.jpg,0.5,0.1,1,0,0,0,0,0,0,0
Tam_d07_088_a_4_jpg.rf.RzgrzpmQtLnZbUHbEAnn.jpg,0.5,0.25,1,0,0,0,0,0,0,0
Tam_d07_088_a_4_jpg.rf.RzgrzpmQtLnZbUHbEAnn.jpg,0.5,0.5,1,0,0,0,0,0,0,0
Tam_d07_088_a_4_jpg.rf.RzgrzpmQtLnZbUHbEAnn.jpg,0.5,1.0,1,0,0,0,0,0,0,0
Tam_d07_088_b_4_jpg.rf.a6XvWngCssmj3JjbZuBS.jpg,0.15,0.0,1,0,0,0,0,0,0,0
Tam_d07_088_b_4_jpg.rf.a6XvWngCssmj3JjbZuBS.jpg,0.15,0.1,1,0,0,0,0,0,0,0
Tam_d07_088_b_4_jpg.rf.a6XvWngCssmj3JjbZuBS.jpg,0.15,0.25,1,0,0,0,0,0,0,0
Tam_d07_088_b_4_jpg.rf.a6XvWngCssmj3JjbZuBS.jpg,0.15,0.5,1,0,0,0,0,0,0,0
Tam_d07_088_b_4_jpg.rf.a6XvWngCssmj3JjbZuBS.jpg,0.15,1.0,1,0,0,0,0,0,0,0
Tam_d07_088_b_4_jpg.rf.a6XvWngCssmj3JjbZuBS.jpg,0.2,0.0,1,0,0,0,0,0,0,0
Tam_d07_088_b_4_jpg.rf.a6XvWngCssmj3JjbZuBS.jpg,0.2,0.1,1,0,0,0,0,0,0,0
Tam_d07_088_b_4_jpg.rf.a6XvWngCssmj3JjbZuBS.jpg,0.2,0.25,1,0,0,0,0,0,0,0
Tam_d07_088_b_4_jpg.rf.a6XvWngCssmj3JjbZuBS.jpg,0.2,0.5,1,0,0,0,0,0,0,0
Tam_d07_088_b_4_jpg.rf.a6XvWngCssmj3JjbZuBS.jpg,0.2,1.0,1,0,0,0,0,0,0,0
Tam_d07_088_b_4_jpg.rf.a6XvWngCssmj3JjbZuBS.jpg,0.25,0.0,1,0,0,0,0,0,0,0
Tam_d07_088_b_4_jpg.rf.a6XvWngCssmj3JjbZuBS.jpg,0.25,0.1,1,0,0,0,0,0,0,0
Tam_d07_088_b_4_jpg.rf.a6XvWngCssmj3JjbZuBS.jpg,0.25,0.25,1,0,0,0,0,0,0,0
Tam_d07_088_b_4_jpg.rf.a6XvWngCssmj3JjbZuBS.jpg,0.25,0.5,1,0,0,0,0,0,0,0
Tam_d07_088_b_4_jpg.rf.a6XvWngCssmj3JjbZuBS.jpg,0.25,1.0,1,0,0,0,0,0,0,0
Tam_d07_088_b_4_jpg.rf.a6XvWngCssmj3JjbZuBS.jpg,0.3,0.0,1,0,0,0,0,0,0,0
Tam_d07_088_b_4_jpg.rf.a6XvWngCssmj3JjbZuBS.jpg,0.3,0.1,1,0,0,0,0,0,0,0
Tam_d07_088_b_4_jpg.rf.a6XvWngCssmj3JjbZuBS.jpg,0.3,0.25,1,0,0,0,0,0,0,0
Tam_d07_088_b_4_jpg.rf.a6XvWngCssmj3JjbZuBS.jpg,0.3,0.5,1,0,0,0,0,0,0,0
Tam_d07_088_b_4_jpg.rf.a6XvWngCssmj3JjbZuBS.jpg,0.3,1.0,1,0,0,0,0,0,0,0
Tam_d07_088_b_4_jpg.rf.a6XvWngCssmj3JjbZuBS.jpg,0.4,0.0,1,0,0,0,0,0,0,0
Tam_d07_088_b_4_jpg.rf.a6XvWngCssmj3JjbZuBS.jpg,0.4,0.1,1,0,0,0,0,0,0,0
Tam_d07_088_b_4_jpg.rf.a6XvWngCssmj3JjbZuBS.jpg,0.4,0.25,1,0,0,0,0,0,0,0
Tam_d07_088_b_4_jpg.rf.a6XvWngCssmj3JjbZuBS.jpg,0.4,0.5,1,0,0,0,0,0,0,0
Tam_d07_088_b_4_jpg.rf.a6XvWngCssmj3JjbZuBS.jpg,0.4,1.0,1,0,0,0,0,0,0,0
Tam_d07_088_b_4_jpg.rf.a6XvWngCssmj3JjbZuBS.jpg,0.5,0.0,1,0,0,0,0,0,0,0
Tam_d07_088_b_4_jpg.rf.a6XvWngCssmj3JjbZuBS.jpg,0.5,0.1,1,0,0,0,0,0,0,0
Tam_d07_088_b_4_jpg.rf.a6XvWngCssmj3JjbZuBS.jpg,0.5,0.25,1,0,0,0,0,0,0,0
Tam_d07_088_b_4_jpg.rf.a6XvWngCssmj3JjbZuBS.jpg,0.5,0.5,1,0,0,0,0,0,0,0
Tam_d07_088_b_4_jpg.rf.a6XvWngCssmj3JjbZuBS.jpg,0.5,1.0,1,0,0,0,0,0,0,0
Tam_d07_175_a_4_jpg.rf.jWiOrhJ0BGzGmcVHI2M6.jpg,0.15,0.0,0,0,4164,0,0,4164,0,0
Tam_d07_175_a_4_jpg.rf.jWiOrhJ0BGzGmcVHI2M6.jpg,0.15,0.1,0,0,4164,0,0,4164,0,0
Tam_d07_175_a_4_jpg.rf.jWiOrhJ0BGzGmcVHI2M6.jpg,0.15,0.25,0,0,4164,0,0,4164,0,0
Tam_d07_175_a_4_jpg.rf.jWiOrhJ0BGzGmcVHI2M6.jpg,0.15,0.5,0,0,4164,0,0,4164,0,0
Tam_d07_175_a_4_jpg.rf.jWiOrhJ0BGzGmcVHI2M6.jpg,0.15,1.0,1,0,4164,0,0,4164,0,0
Tam_d07_175_a_4_jpg.rf.jWiOrhJ0BGzGmcVHI2M6.jpg,0.2,0.0,1,0,0,0,0,0,0,0
Tam_d07_175_a_4_jpg.rf.jWiOrhJ0BGzGmcVHI2M6.jpg,0.2,0.1,1,0,0,0,0,0,0,0
Tam_d07_175_a_4_jpg.rf.jWiOrhJ0BGzGmcVHI2M6.jpg,0.2,0.25,1,0,0,0,0,0,0,0
Tam_d07_175_a_4_jpg.rf.jWiOrhJ0BGzGmcVHI2M6.jpg,0.2,0.5,1,0,0,0,0,0,0,0
Tam_d07_175_a_4_jpg.rf.jWiOrhJ0BGzGmcVHI2M6.jpg,0.2,1.0,1,0,0,0,0,0,0,0
Tam_d07_175_a_4_jpg.rf.jWiOrhJ0BGzGmcVHI2M6.jpg,0.25,0.0,1,0,0,0,0,0,0,0
Tam_d07_175_a_4_jpg.rf.jWiOrhJ0BGzGmcVHI2M6.jpg,0.25,0.1,1,0,0,0,0,0,0,0
Tam_d07_175_a_4_jpg.rf.jWiOrhJ0BGzGmcVHI2M6.jpg,0.25,0.25,1,0,0,0,0,0,0,0
Tam_d07_175_a_4_jpg.rf.jWiOrhJ0BGzGmcVHI2M6.jpg,0.25,0.5,1,0,0,0,0,0,0,0
Tam_d07_175_a_4_jpg.rf.jWiOrhJ0BGzGmcVHI2M6.jpg,0.25,1.0,1,0,0,0,0,0,0,0
Tam_d07_175_a_4_jpg.rf.jWiOrhJ0BGzGmcVHI2M6.jpg,0.3,0.0,1,0,0,0,0,0,0,0
Tam_d07_175_a_4_jpg.rf.jWiOrhJ0BGzGmcVHI2M6.jpg,0.3,0.1,1,0,0,0,0,0,0,0
Tam_d07_175_a_4_jpg.rf.jWiOrhJ0BGzGmcVHI2M6.jpg,0.3,0.25,1,0,0,0,0,0,0,0
Tam_d07_175_a_4_jpg.rf.jWiOrhJ0BGzGmcVHI2M6.jpg,0.3,0.5,1,0,0,0,0,0,0,0
Tam_d07_175_a_4_jpg.rf.jWiOrhJ0BGzGmcVHI2M6.jpg,0.3,1.0,1,0,0,0,0,0,0,0
Tam_d07_175_a_4_jpg.rf.jWiOrhJ0BGzGmcVHI2M6.jpg,0.4,0.0,1,0,0,0,0,0,0,0
Tam_d07_175_a_4_jpg.rf.jWiOrhJ0BGzGmcVHI2M6.jpg,0.4,0.1,1,0,0,0,0,0,0,0
Tam_d07_175_a_4_jpg.rf.jWiOrhJ0BGzGmcVHI2M6.jpg,0.4,0.25,1,0,0,0,0,0,0,0
Tam_d07_175_a_4_jpg.rf.jWiOrhJ0BGzGmcVHI2M6.jpg,0.4,0.5,1,0,0,0,0,0,0,0
Tam_d07_175_a_4_jpg.rf.jWiOrhJ0BGzGmcVHI2M6.jpg,0.4,1.0,1,0,0,0,0,0,0,0
Tam_d07_175_a_4_jpg.rf.jWiOrhJ0BGzGmcVHI2M6.jpg,0.5,0.0,1,0,0,0,0,0,0,0
Tam_d07_175_a_4_jpg.rf.jWiOrhJ0BGzGmcVHI2M6.jpg,0.5,0.1,1,0,0,0,0,0,0,0
Tam_d07_175_a_4_jpg.rf.jWiOrhJ0BGzGmcVHI2M6.jpg,0.5,0.25,1,0,0,0,0,0,0,0
Tam_d07_175_a_4_jpg.rf.jWiOrhJ0BGzGmcVHI2M6.jpg,0.5,0.5,1,0,0,0,0,0,0,0
Tam_d07_175_a_4_jpg.rf.jWiOrhJ0BGzGmcVHI2M6.jpg,0.5,1.0,1,0,0,0,0,0,0,0
Tam_d07_341_b_4_jpg.rf.kOdCPMaMjVKLhdoqszDf.jpg,0.15,0.0,0,5208,11087,0,5208,16295,0,2
Tam_d07_341_b_4_jpg.rf.kOdCPMaMjVKLhdoqszDf.jpg,0.15,0.1,0,5208,11087,0,5208,16295,0,2
Tam_d07_341_b_4_jpg.rf.kOdCPMaMjVKLhdoqszDf.jpg,0.15,0.25,0,5208,11087,0,5208,16295,0,2
Tam_d07_341_b_4_jpg.rf.kOdCPMaMjVKLhdoqszDf.jpg,0.15,0.5,0,5208,11087,0,5208,16295,0,2
Tam_d07_341_b_4_jpg.rf.kOdCPMaMjVKLhdoqszDf.jpg,0.15,1.0,1,5208,11087,0,5208,16295,0,2
Tam_d07_341_b_4_jpg.rf.kOdCPMaMjVKLhdoqszDf.jpg,0.2,0.0,0,5208,11087,0,5208,16295,0,2
Tam_d07_341_b_4_jpg.rf.kOdCPMaMjVKLhdoqszDf.jpg,0.2,0.1,0,5208,11087,0,5208,16295,0,2
Tam_d07_341_b_4_jpg.rf.kOdCPMaMjVKLhdoqszDf.jpg,0.2,0.25,0,5208,11087,0,5208,16295,0,2
Tam_d07_341_b_4_jpg.rf.kOdCPMaMjVKLhdoqszDf.jpg,0.2,0.5,0,5208,11087,0,5208,16295,0,2
Tam_d07_341_b_4_jpg.rf.kOdCPMaMjVKLhdoqszDf.jpg,0.2,1.0,1,5208,11087,0,5208,16295,0,2
Tam_d07_341_b_4_jpg.rf.kOdCPMaMjVKLhdoqszDf.jpg,0.25,0.0,1,5152,2674,56,5208,7826,0,0
Tam_d07_341_b_4_jpg.rf.kOdCPMaMjVKLhdoqszDf.jpg,0.25,0.1,1,5152,2674,56,5208,7826,0,0
Tam_d07_341_b_4_jpg.rf.kOdCPMaMjVKLhdoqszDf.jpg,0.25,0.25,1,5152,2674,56,5208,7826,0,0
Tam_d07_341_b_4_jpg.rf.kOdCPMaMjVKLhdoqszDf.jpg,0.25,0.5,1,5152,2674,56,5208,7826,0,0
Tam_d07_341_b_4_jpg.rf.kOdCPMaMjVKLhdoqszDf.jpg,0.25,1.0,1,5152,2674,56,5208,7826,0,0
Tam_d07_341_b_4_jpg.rf.kOdCPMaMjVKLhdoqszDf.jpg,0.3,0.0,1,5152,2674,56,5208,7826,0,0
Tam_d07_341_b_4_jpg.rf.kOdCPMaMjVKLhdoqszDf.jpg,0.3,0.1,1,5152,2674,56,5208,7826,0,0
Tam_d07_341_b_4_jpg.rf.kOdCPMaMjVKLhdoqszDf.jpg,0.3,0.25,1,5152,2674,56,5208,7826,0,0
Tam_d07_341_b_4_jpg.rf.kOdCPMaMjVKLhdoqszDf.jpg,0.3,0.5,1,5152,2674,56,5208,7826,0,0
Tam_d07_341_b_4_jpg.rf.kOdCPMaMjVKLhdoqszDf.jpg,0.3,1.0,1,5152,2674,56,5208,7826,0,0
Tam_d07_341_b_4_jpg.rf.kOdCPMaMjVKLhdoqszDf.jpg,0.4,0.0,1,5152,2674,56,5208,7826,0,0
Tam_d07_341_b_4_jpg.rf.kOdCPMaMjVKLhdoqszDf.jpg,0.4,0.1,1,5152,2674,56,5208,7826,0,0
Tam_d07_341_b_4_jpg.rf.kOdCPMaMjVKLhdoqszDf.jpg,0.4,0.25,1,5152,2674,56,5208,7826,0,0
Tam_d07_341_b_4_jpg.rf.kOdCPMaMjVKLhdoqszDf.jpg,0.4,0.5,1,5152,2674,56,5208,7826,0,0
Tam_d07_341_b_4_jpg.rf.kOdCPMaMjVKLhdoqszDf.jpg,0.4,1.0,1,5152,2674,56,5208,7826,0,0
Tam_d07_341_b_4_jpg.rf.kOdCPMaMjVKLhdoqszDf.jpg,0.5,0.0,1,5152,2674,56,5208,7826,0,0
Tam_d07_341_b_4_jpg.rf.kOdCPMaMjVKLhdoqszDf.jpg,0.5,0.1,1,5152,2674,56,5208,7826,0,0
Tam_d07_341_b_4_jpg.rf.kOdCPMaMjVKLhdoqszDf.jpg,0.5,0.25,1,5152,2674,56,5208,7826,0,0
Tam_d07_341_b_4_jpg.rf.kOdCPMaMjVKLhdoqszDf.jpg,0.5,0.5,1,5152,2674,56,5208,7826,0,0
Tam_d07_341_b_4_jpg.rf.kOdCPMaMjVKLhdoqszDf.jpg,0.5,1.0,1,5152,2674,56,5208,7826,0,0
Tam_d07_403_a_4_jpg.rf.blvCcxR8yG9WQcS99koc.jpg,0.15,0.0,0,9374,0,43051,52425,9374,2,1
Tam_d07_403_a_4_jpg.rf.blvCcxR8yG9WQcS99koc.jpg,0.15,0.1,0,9374,0,43051,52425,9374,2,1
Tam_d07_403_a_4_jpg.rf.blvCcxR8yG9WQcS99koc.jpg,0.15,0.25,0,9374,0,43051,52425,9374,2,1
Tam_d07_403_a_4_jpg.rf.blvCcxR8yG9WQcS99koc.jpg,0.15,0.5,0,9374,0,43051,52425,9374,2,1
Tam_d07_403_a_4_jpg.rf.blvCcxR8yG9WQcS99koc.jpg,0.15,1.0,1,9374,0,43051,52425,9374,2,1
Tam_d07_403_a_4_jpg.rf.blvCcxR8yG9WQcS99koc.jpg,0.2,0.0,0,9374,0,43051,52425,9374,2,1
Tam_d07_403_a_4_jpg.rf.blvCcxR8yG9WQcS99koc.jpg,0.2,0.1,0,9374,0,43051,52425,9374,2,1
Tam_d07_403_a_4_jpg.rf.blvCcxR8yG9WQcS99koc.jpg,0.2,0.25,0,9374,0,43051,52425,9374,2,1
Tam_d07_403_a_4_jpg.rf.blvCcxR8yG9WQcS99koc.jpg,0.2,0.5,0,9374,0,43051,52425,9374,2,1
Tam_d07_403_a_4_jpg.rf.blvCcxR8yG9WQcS99koc.jpg,0.2,1.0,1,9374,0,43051,52425,9374,2,1
Tam_d07_403_a_4_jpg.rf.blvCcxR8yG9WQcS99koc.jpg,0.25,0.0,0,9374,0,43051,52425,9374,2,1
Tam_d07_403_a_4_jpg.rf.blvCcxR8yG9WQcS99koc.jpg,0.25,0.1,0,9374,0,43051,52425,9374,2,1
Tam_d07_403_a_4_jpg.rf.blvCcxR8yG9WQcS99koc.jpg,0.25,0.25,0,9374,0,43051,52425,9374,2,1
Tam_d07_403_a_4_jpg.rf.blvCcxR8yG9WQcS99koc.jpg,0.25,0.5,0,9374,0,43051,52425,9374,2,1
Tam_d07_403_a_4_jpg.rf.blvCcxR8yG9WQcS99koc.jpg,0.25,1.0,1,9374,0,43051,52425,9374,2,1
Tam_d07_403_a_4_jpg.rf.blvCcxR8yG9WQcS99koc.jpg,0.3,0.0,0,9374,0,43051,52425,9374,2,1
Tam_d07_403_a_4_jpg.rf.blvCcxR8yG9WQcS99koc.jpg,0.3,0.1,0,9374,0,43051,52425,9374,2,1
Tam_d07_403_a_4_jpg.rf.blvCcxR8yG9WQcS99koc.jpg,0.3,0.25,0,9374,0,43051,52425,9374,2,1
Tam_d07_403_a_4_jpg.rf.blvCcxR8yG9WQcS99koc.jpg,0.3,0.5,0,9374,0,43051,52425,9374,2,1
Tam_d07_403_a_4_jpg.rf.blvCcxR8yG9WQcS99koc.jpg,0.3,1.0,1,9374,0,43051,52425,9374,2,1
Tam_d07_403_a_4_jpg.rf.blvCcxR8yG9WQcS99koc.jpg,0.4,0.0,1,0,0,52425,52425,0,2,0
Tam_d07_403_a_4_jpg.rf.blvCcxR8yG9WQcS99koc.jpg,0.4,0.1,1,0,0,52425,52425,0,2,0
Tam_d07_403_a_4_jpg.rf.blvCcxR8yG9WQcS99koc.jpg,0.4,0.25,1,0,0,52425,52425,0,2,0
Tam_d07_403_a_4_jpg.rf.blvCcxR8yG9WQcS99koc.jpg,0.4,0.5,1,0,0,52425,52425,0,2,0
Tam_d07_403_a_4_jpg.rf.blvCcxR8yG9WQcS99koc.jpg,0.4,1.0,1,0,0,52425,52425,0,2,0
Tam_d07_403_a_4_jpg.rf.blvCcxR8yG9WQcS99koc.jpg,0.5,0.0,1,0,0,52425,52425,0,2,0
Tam_d07_403_a_4_jpg.rf.blvCcxR8yG9WQcS99koc.jpg,0.5,0.1,1,0,0,52425,52425,0,2,0
Tam_d07_403_a_4_jpg.rf.blvCcxR8yG9WQcS99koc.jpg,0.5,0.25,1,0,0,52425,52425,0,2,0
Tam_d07_403_a_4_jpg.rf.blvCcxR8yG9WQcS99koc.jpg,0.5,0.5,1,0,0,52425,52425,0,2,0
Tam_d07_403_a_4_jpg.rf.blvCcxR8yG9WQcS99koc.jpg,0.5,1.0,1,0,0,52425,52425,0,2,0
Tam_d08_062_b_4_jpg.rf.DTXg3vYxeIXRUpAupfpQ.jpg,0.15,0.0,0,9888,25,16122,26010,9913,2,0
Tam_d08_062_b_4_jpg.rf.DTXg3vYxeIXRUpAupfpQ.jpg,0.15,0.1,0,9888,25,16122,26010,9913,2,0
Tam_d08_062_b_4_jpg.rf.DTXg3vYxeIXRUpAupfpQ.jpg,0.15,0.25,0,9888,25,16122,26010,9913,2,0
Tam_d08_062_b_4_jpg.rf.DTXg3vYxeIXRUpAupfpQ.jpg,0.15,0.5,0,9888,25,16122,26010,9913,2,0
Tam_d08_062_b_4_jpg.rf.DTXg3vYxeIXRUpAupfpQ.jpg,0.15,1.0,1,9888,25,16122,26010,9913,2,0
Tam_d08_062_b_4_jpg.rf.DTXg3vYxeIXRUpAupfpQ.jpg,0.2,0.0,0,9888,25,16122,26010,9913,2,0
Tam_d08_062_b_4_jpg.rf.DTXg3vYxeIXRUpAupfpQ.jpg,0.2,0.1,0,9888,25,16122,26010,9913,2,0
Tam_d08_062_b_4_jpg.rf.DTXg3vYxeIXRUpAupfpQ.jpg,0.2,0.25,0,9888,25,16122,26010,9913,2,0
Tam_d08_062_b_4_jpg.rf.DTXg3vYxeIXRUpAupfpQ.jpg,0.2,0.5,0,9888,25,16122,26010,9913,2,0
Tam_d08_062_b_4_jpg.rf.DTXg3vYxeIXRUpAupfpQ.jpg,0.2,1.0,1,9888,25,16122,26010,9913,2,0
Tam_d08_062_b_4_jpg.rf.DTXg3vYxeIXRUpAupfpQ.jpg,0.25,0.0,1,7309,24,18701,26010,7333,2,0
Tam_d08_062_b_4_jpg.rf.DTXg3vYxeIXRUpAupfpQ.jpg,0.25,0.1,1,7309,24,18701,26010,7333,2,0
Tam_d08_062_b_4_jpg.rf.DTXg3vYxeIXRUpAupfpQ.jpg,0.25,0.25,1,7309,24,18701,26010,7333,2,0
Tam_d08_062_b_4_jpg.rf.DTXg3vYxeIXRUpAupfpQ.jpg,0.25,0.5,1,7309,24,18701,26010,7333,2,0
Tam_d08_062_b_4_jpg.rf.DTXg3vYxeIXRUpAupfpQ.jpg,0.25,1.0,1,7309,24,18701,26010,7333,2,0
Tam_d08_062_b_4_jpg.rf.DTXg3vYxeIXRUpAupfpQ.jpg,0.3,0.0,1,7309,24,18701,26010,7333,2,0
Tam_d08_062_b_4_jpg.rf.DTXg3vYxeIXRUpAupfpQ.jpg,0.3,0.1,1,7309,24,18701,26010,7333,2,0
Tam_d08_062_b_4_jpg.rf.DTXg3vYxeIXRUpAupfpQ.jpg,0.3,0.25,1,7309,24,18701,26010,7333,2,0
Tam_d08_062_b_4_jpg.rf.DTXg3vYxeIXRUpAupfpQ.jpg,0.3,0.5,1,7309,24,18701,26010,7333,2,0
Tam_d08_062_b_4_jpg.rf.DTXg3vYxeIXRUpAupfpQ.jpg,0.3,1.0,1,7309,24,18701,26010,7333,2,0
Tam_d08_062_b_4_jpg.rf.DTXg3vYxeIXRUpAupfpQ.jpg,0.4,0.0,1,7309,24,18701,26010,7333,2,0
Tam_d08_062_b_4_jpg.rf.DTXg3vYxeIXRUpAupfpQ.jpg,0.4,0.1,1,7309,24,18701,26010,7333,2,0
Tam_d08_062_b_4_jpg.rf.DTXg3vYxeIXRUpAupfpQ.jpg,0.4,0.25,1,7309,24,18701,26010,7333,2,0
Tam_d08_062_b_4_jpg.rf.DTXg3vYxeIXRUpAupfpQ.jpg,0.4,0.5,1,7309,24,18701,26010,7333,2,0
Tam_d08_062_b_4_jpg.rf.DTXg3vYxeIXRUpAupfpQ.jpg,0.4,1.0,1,7309,24,18701,26010,7333,2,0
Tam_d08_062_b_4_jpg.rf.DTXg3vYxeIXRUpAupfpQ.jpg,0.5,0.0,1,7309,24,18701,26010,7333,2,0
Tam_d08_062_b_4_jpg.rf.DTXg3vYxeIXRUpAupfpQ.jpg,0.5,0.1,1,7309,24,18701,26010,7333,2,0
Tam_d08_062_b_4_jpg.rf.DTXg3vYxeIXRUpAupfpQ.jpg,0.5,0.25,1,7309,24,18701,26010,7333,2,0
Tam_d08_062_b_4_jpg.rf.DTXg3vYxeIXRUpAupfpQ.jpg,0.5,0.5,1,7309,24,18701,26010,7333,2,0
Tam_d08_062_b_4_jpg.rf.DTXg3vYxeIXRUpAupfpQ.jpg,0.5,1.0,1,7309,24,18701,26010,7333,2,0
Tam_d08_340_b_4_jpg.rf.2kQT6oIhe0drM04pDOhg.jpg,0.15,0.0,1,0,0,0,0,0,0,0
Tam_d08_340_b_4_jpg.rf.2kQT6oIhe0drM04pDOhg.jpg,0.15,0.1,1,0,0,0,0,0,0,0
Tam_d08_340_b_4_jpg.rf.2kQT6oIhe0drM04pDOhg.jpg,0.15,0.25,1,0,0,0,0,0,0,0
Tam_d08_340_b_4_jpg.rf.2kQT6oIhe0drM04pDOhg.jpg,0.15,0.5,1,0,0,0,0,0,0,0
Tam_d08_340_b_4_jpg.rf.2kQT6oIhe0drM04pDOhg.jpg,0.15,1.0,1,0,0,0,0,0,0,0
Tam_d08_340_b_4_jpg.rf.2kQT6oIhe0drM04pDOhg.jpg,0.2,0.0,1,0,0,0,0,0,0,0
Tam_d08_340_b_4_jpg.rf.2kQT6oIhe0drM04pDOhg.jpg,0.2,0.1,1,0,0,0,0,0,0,0
Tam_d08_340_b_4_jpg.rf.2kQT6oIhe0drM04pDOhg.jpg,0.2,0.25,1,0,0,0,0,0,0,0
Tam_d08_340_b_4_jpg.rf.2kQT6oIhe0drM04pDOhg.jpg,0.2,0.5,1,0,0,0,0,0,0,0
Tam_d08_340_b_4_jpg.rf.2kQT6oIhe0drM04pDOhg.jpg,0.2,1.0,1,0,0,0,0,0,0,0
Tam_d08_340_b_4_jpg.rf.2kQT6oIhe0drM04pDOhg.jpg,0.25,0.0,1,0,0,0,0,0,0,0
Tam_d08_340_b_4_jpg.rf.2kQT6oIhe0drM04pDOhg.jpg,0.25,0.1,1,0,0,0,0,0,0,0
Tam_d08_340_b_4_jpg.rf.2kQT6oIhe0drM04pDOhg.jpg,0.25,0.25,1,0,0,0,0,0,0,0
Tam_d08_340_b_4_jpg.rf.2kQT6oIhe0drM04pDOhg.jpg,0.25,0.5,1,0,0,0,0,0,0,0
Tam_d08_340_b_4_jpg.rf.2kQT6oIhe0drM04pDOhg.jpg,0.25,1.0,1,0,0,0,0,0,0,0
Tam_d08_340_b_4_jpg.rf.2kQT6oIhe0drM04pDOhg.jpg,0.3,0.0,1,0,0,0,0,0,0,0
Tam_d08_340_b_4_jpg.rf.2kQT6oIhe0drM04pDOhg.jpg,0.3,0.1,1,0,0,0,0,0,0,0
Tam_d08_340_b_4_jpg.rf.2kQT6oIhe0drM04pDOhg.jpg,0.3,0.25,1,0,0,0,0,0,0,0
Tam_d08_340_b_4_jpg.rf.2kQT6oIhe0drM04pDOhg.jpg,0.3,0.5,1,0,0,0,0,0,0,0
Tam_d08_340_b_4_jpg.rf.2kQT6oIhe0drM04pDOhg.jpg,0.3,1.0,1,0,0,0,0,0,0,0
Tam_d08_340_b_4_jpg.rf.2kQT6oIhe0drM04pDOhg.jpg,0.4,0.0,1,0,0,0,0,0,0,0
Tam_d08_340_b_4_jpg.rf.2kQT6oIhe0drM04pDOhg.jpg,0.4,0.1,1,0,0,0,0,0,0,0
Tam_d08_340_b_4_jpg.rf.2kQT6oIhe0drM04pDOhg.jpg,0.4,0.25,1,0,0,0,0,0,0,0
Tam_d08_340_b_4_jpg.rf.2kQT6oIhe0drM04pDOhg.jpg,0.4,0.5,1,0,0,0,0,0,0,0
Tam_d08_340_b_4_jpg.rf.2kQT6oIhe0drM04pDOhg.jpg,0.4,1.0,1,0,0,0,0,0,0,0
Tam_d08_340_b_4_jpg.rf.2kQT6oIhe0drM04pDOhg.jpg,0.5,0.0,1,0,0,0,0,0,0,0
Tam_d08_340_b_4_jpg.rf.2kQT6oIhe0drM04pDOhg.jpg,0.5,0.1,1,0,0,0,0,0,0,0
Tam_d08_340_b_4_jpg.rf.2kQT6oIhe0drM04pDOhg.jpg,0.5,0.25,1,0,0,0,0,0,0,0
Tam_d08_340_b_4_jpg.rf.2kQT6oIhe0drM04pDOhg.jpg,0.5,0.5,1,0,0,0,0,0,0,0
Tam_d08_340_b_4_jpg.rf.2kQT6oIhe0drM04pDOhg.jpg,0.5,1.0,1,0,0,0,0,0,0,0
Tam_d08_424_b_4_jpg.rf.n6FYfpeyQ4GVGIvKMztq.jpg,0.15,0.0,1,16342,2179,9130,25472,18521,2,2
Tam_d08_424_b_4_jpg.rf.n6FYfpeyQ4GVGIvKMztq.jpg,0.15,0.1,1,16342,2179,9130,25472,18521,2,2
Tam_d08_424_b_4_jpg.rf.n6FYfpeyQ4GVGIvKMztq.jpg,0.15,0.25,1,16342,2179,9130,25472,18521,2,2
Tam_d08_424_b_4_jpg.rf.n6FYfpeyQ4GVGIvKMztq.jpg,0.15,0.5,1,16342,2179,9130,25472,18521,2,2
Tam_d08_424_b_4_jpg.rf.n6FYfpeyQ4GVGIvKMztq.jpg,0.15,1.0,1,16342,2179,9130,25472,18521,2,2
Tam_d08_424_b_4_jpg.rf.n6FYfpeyQ4GVGIvKMztq.jpg,0.2,0.0,1,16342,2179,9130,25472,18521,2,2
Tam_d08_424_b_4_jpg.rf.n6FYfpeyQ4GVGIvKMztq.jpg,0.2,0.1,1,16342,2179,9130,25472,18521,2,2
Tam_d08_424_b_4_jpg.rf.n6FYfpeyQ4GVGIvKMztq.jpg,0.2,0.25,1,16342,2179,9130,25472,18521,2,2
Tam_d08_424_b_4_jpg.rf.n6FYfpeyQ4GVGIvKMztq.jpg,0.2,0.5,1,16342,2179,9130,25472,18521,2,2
Tam_d08_424_b_4_jpg.rf.n6FYfpeyQ4GVGIvKMztq.jpg,0.2,1.0,1,16342,2179,9130,25472,18521,2,2
Tam_d08_424_b_4_jpg.rf.n6FYfpeyQ4GVGIvKMztq.jpg,0.25,0.0,1,16342,2179,9130,25472,18521,2,2
Tam_d08_424_b_4_jpg.rf.n6FYfpeyQ4GVGIvKMztq.jpg,0.25,0.1,1,16342,2179,9130,25472,18521,2,2
Tam_d08_424_b_4_jpg.rf.n6FYfpeyQ4GVGIvKMztq.jpg,0.25,0.25,1,16342,2179,9130,25472,18521,2,2
Tam_d08_424_b_4_jpg.rf.n6FYfpeyQ4GVGIvKMztq.jpg,0.25,0.5,1,16342,2179,9130,25472,18521,2,2
Tam_d08_424_b_4_jpg.rf.n6FYfpeyQ4GVGIvKMztq.jpg,0.25,1.0,1,16342,2179,9130,25472,18521,2,2
Tam_d08_424_b_4_jpg.rf.n6FYfpeyQ4GVGIvKMztq.jpg,0.3,0.0,1,16342,2179,9130,25472,18521,2,2
Tam_d08_424_b_4_jpg.rf.n6FYfpeyQ4GVGIvKMztq.jpg,0.3,0.1,1,16342,2179,9130,25472,18521,2,2
Tam_d08_424_b_4_jpg.rf.n6FYfpeyQ4GVGIvKMztq.jpg,0.3,0.25,1,16342,2179,9130,25472,18521,2,2
Tam_d08_424_b_4_jpg.rf.n6FYfpeyQ4GVGIvKMztq.jpg,0.3,0.5,1,16342,2179,9130,25472,18521,2,2
Tam_d08_424_b_4_jpg.rf.n6FYfpeyQ4GVGIvKMztq.jpg,0.3,1.0,1,16342,2179,9130,25472,18521,2,2
Tam_d08_424_b_4_jpg.rf.n6FYfpeyQ4GVGIvKMztq.jpg,0.4,0.0,1,16342,2179,9130,25472,18521,2,2
Tam_d08_424_b_4_jpg.rf.n6FYfpeyQ4GVGIvKMztq.jpg,0.4,0.1,1,16342,2179,9130,25472,18521,2,2
Tam_d08_424_b_4_jpg.rf.n6FYfpeyQ4GVGIvKMztq.jpg,0.4,0.25,1,16342,2179,9130,25472,18521,2,2
Tam_d08_424_b_4_jpg.rf.n6FYfpeyQ4GVGIvKMztq.jpg,0.4,0.5,1,16342,2179,9130,25472,18521,2,2
Tam_d08_424_b_4_jpg.rf.n6FYfpeyQ4GVGIvKMztq.jpg,0.4,1.0,1,16342,2179,9130,25472,18521,2,2
Tam_d08_424_b_4_jpg.rf.n6FYfpeyQ4GVGIvKMztq.jpg,0.5,0.0,1,16342,2179,9130,25472,18521,2,2
Tam_d08_424_b_4_jpg.rf.n6FYfpeyQ4GVGIvKMztq.jpg,0.5,0.1,1,16342,2179,9130,25472,18521,2,2
Tam_d08_424_b_4_jpg.rf.n6FYfpeyQ4GVGIvKMztq.jpg,0.5,0.25,1,16342,2179,9130,25472,18521,2,2
Tam_d08_424_b_4_jpg.rf.n6FYfpeyQ4GVGIvKMztq.jpg,0.5,0.5,1,16342,2179,9130,25472,18521,2,2
Tam_d08_424_b_4_jpg.rf.n6FYfpeyQ4GVGIvKMztq.jpg,0.5,1.0,1,16342,2179,9130,25472,18521,2,2
Tam_d08_428_b_4_jpg.rf.65wZB7kNjtgT4RG5fnHv.jpg,0.15,0.0,0,9341,2234,3447,12788,11575,1,1
Tam_d08_428_b_4_jpg.rf.65wZB7kNjtgT4RG5fnHv.jpg,0.15,0.1,0,9341,2234,3447,12788,11575,1,1
Tam_d08_428_b_4_jpg.rf.65wZB7kNjtgT4RG5fnHv.jpg,0.15,0.25,0,9341,2234,3447,12788,11575,1,1
Tam_d08_428_b_4_jpg.rf.65wZB7kNjtgT4RG5fnHv.jpg,0.15,0.5,0,9341,2234,3447,12788,11575,1,1
Tam_d08_428_b_4_jpg.rf.65wZB7kNjtgT4RG5fnHv.jpg,0.15,1.0,1,9341,2234,3447,12788,11575,1,1
Tam_d08_428_b_4_jpg.rf.65wZB7kNjtgT4RG5fnHv.jpg,0.2,0.0,0,9341,2234,3447,12788,11575,1,1
Tam_d08_428_b_4_jpg.rf.65wZB7kNjtgT4RG5fnHv.jpg,0.2,0.1,0,9341,2234,3447,12788,11575,1,1
Tam_d08_428_b_4_jpg.rf.65wZB7kNjtgT4RG5fnHv.jpg,0.2,0.25,0,9341,2234,3447,12788,11575,1,1
Tam_d08_428_b_4_jpg.rf.65wZB7kNjtgT4RG5fnHv.jpg,0.2,0.5,0,9341,2234,3447,12788,11575,1,1
Tam_d08_428_b_4_jpg.rf.65wZB7kNjtgT4RG5fnHv.jpg,0.2,1.0,1,9341,2234,3447,12788,11575,1,1
Tam_d08_428_b_4_jpg.rf.65wZB7kNjtgT4RG5fnHv.jpg,0.25,0.0,0,9324,2063,3464,12788,11387,1,1
Tam_d08_428_b_4_jpg.rf.65wZB7kNjtgT4RG5fnHv.jpg,0.25,0.1,0,9324,2063,3464,12788,11387,1,1
Tam_d08_428_b_4_jpg.rf.65wZB7kNjtgT4RG5fnHv.jpg,0.25,0.25,0,9324,2063,3464,12788,11387,1,1
Tam_d08_428_b_4_jpg.rf.65wZB7kNjtgT4RG5fnHv.jpg,0.25,0.5,0,9324,2063,3464,12788,11387,1,1
Tam_d08_428_b_4_jpg.rf.65wZB7kNjtgT4RG5fnHv.jpg,0.25,1.0,1,9324,2063,3464,12788,11387,1,1
Tam_d08_428_b_4_jpg.rf.65wZB7kNjtgT4RG5fnHv.jpg,0.3,0.0,0,7324,1013,5464,12788,8337,1,0
Tam_d08_428_b_4_jpg.rf.65wZB7kNjtgT4RG5fnHv.jpg,0.3,0.1,0,7324,1013,5464,12788,8337,1,0
Tam_d08_428_b_4_jpg.rf.65wZB7kNjtgT4RG5fnHv.jpg,0.3,0.25,0,7324,1013,5464,12788,8337,1,0
Tam_d08_428_b_4_jpg.rf.65wZB7kNjtgT4RG5fnHv.jpg,0.3,0.5,1,7324,1013,5464,12788,8337,1,0
Tam_d08_428_b_4_jpg.rf.65wZB7kNjtgT4RG5fnHv.jpg,0.3,1.0,1,7324,1013,5464,12788,8337,1,0
Tam_d08_428_b_4_jpg.rf.65wZB7kNjtgT4RG5fnHv.jpg,0.4,0.0,0,7324,1013,5464,12788,8337,1,0
Tam_d08_428_b_4_jpg.rf.65wZB7kNjtgT4RG5fnHv.jpg,0.4,0.1,0,7324,1013,5464,12788,8337,1,0
Tam_d08_428_b_4_jpg.rf.65wZB7kNjtgT4RG5fnHv.jpg,0.4,0.25,0,7324,1013,5464,12788,8337,1,0
Tam_d08_428_b_4_jpg.rf.65wZB7kNjtgT4RG5fnHv.jpg,0.4,0.5,1,7324,1013,5464,12788,8337,1,0
Tam_d08_428_b_4_jpg.rf.65wZB7kNjtgT4RG5fnHv.jpg,0.4,1.0,1,7324,1013,5464,12788,8337,1,0
Tam_d08_428_b_4_jpg.rf.65wZB7kNjtgT4RG5fnHv.jpg,0.5,0.0,1,3800,854,8988,12788,4654,1,0
Tam_d08_428_b_4_jpg.rf.65wZB7kNjtgT4RG5fnHv.jpg,0.5,0.1,1,3800,854,8988,12788,4654,1,0
Tam_d08_428_b_4_jpg.rf.65wZB7kNjtgT4RG5fnHv.jpg,0.5,0.25,1,3800,854,8988,12788,4654,1,0
Tam_d08_428_b_4_jpg.rf.65wZB7kNjtgT4RG5fnHv.jpg,0.5,0.5,1,3800,854,8988,12788,4654,1,0
Tam_d08_428_b_4_jpg.rf.65wZB7kNjtgT4RG5fnHv.jpg,0.5,1.0,1,3800,854,8988,12788,4654,1,0
Tam_d09_019_b_5_jpg.rf.qTjNiX9ROAlIZ5MUQyuL.jpg,0.15,0.0,0,68189,59658,0,68189,127847,2,2
Tam_d09_019_b_5_jpg.rf.qTjNiX9ROAlIZ5MUQyuL.jpg,0.15,0.1,0,68189,59658,0,68189,127847,2,2
Tam_d09_019_b_5_jpg.rf.qTjNiX9ROAlIZ5MUQyuL.jpg,0.15,0.25,0,68189,59658,0,68189,127847,2,2
Tam_d09_019_b_5_jpg.rf.qTjNiX9ROAlIZ5MUQyuL.jpg,0.15,0.5,0,68189,59658,0,68189,127847,2,2
Tam_d09_019_b_5_jpg.rf.qTjNiX9ROAlIZ5MUQyuL.jpg,0.15,1.0,0,68189,59658,0,68189,127847,2,2
Tam_d09_019_b_5_jpg.rf.qTjNiX9ROAlIZ5MUQyuL.jpg,0.2,0.0,0,68189,59658,0,68189,127847,2,2
Tam_d09_019_b_5_jpg.rf.qTjNiX9ROAlIZ5MUQyuL.jpg,0.2,0.1,0,68189,59658,0,68189,127847,2,2
Tam_d09_019_b_5_jpg.rf.qTjNiX9ROAlIZ5MUQyuL.jpg,0.2,0.25,0,68189,59658,0,68189,127847,2,2
Tam_d09_019_b_5_jpg.rf.qTjNiX9ROAlIZ5MUQyuL.jpg,0.2,0.5,0,68189,59658,0,68189,127847,2,2
Tam_d09_019_b_5_jpg.rf.qTjNiX9ROAlIZ5MUQyuL.jpg,0.2,1.0,0,68189,59658,0,68189,127847,2,2
Tam_d09_019_b_5_jpg.rf.qTjNiX9ROAlIZ5MUQyuL.jpg,0.25,0.0,0,58044,37345,10145,68189,95389,2,2
Tam_d09_019_b_5_jpg.rf.qTjNiX9ROAlIZ5MUQyuL.jpg,0.25,0.1,0,58044,37345,10145,68189,95389,2,2
Tam_d09_019_b_5_jpg.rf.qTjNiX9ROAlIZ5MUQyuL.jpg,0.25,0.25,0,58044,37345,10145,68189,95389,2,2
Tam_d09_019_b_5_jpg.rf.qTjNiX9ROAlIZ5MUQyuL.jpg,0.25,0.5,0,58044,37345,10145,68189,95389,2,2
Tam_d09_019_b_5_jpg.rf.qTjNiX9ROAlIZ5MUQyuL.jpg,0.25,1.0,0,58044,37345,10145,68189,95389,2,2
Tam_d09_019_b_5_jpg.rf.qTjNiX9ROAlIZ5MUQyuL.jpg,0.3,0.0,1,0,0,68189,68189,0,2,0
Tam_d09_019_b_5_jpg.rf.qTjNiX9ROAlIZ5MUQyuL.jpg,0.3,0.1,1,0,0,68189,68189,0,2,0
Tam_d09_019_b_5_jpg.rf.qTjNiX9ROAlIZ5MUQyuL.jpg,0.3,0.25,1,0,0,68189,68189,0,2,0
Tam_d09_019_b_5_jpg.rf.qTjNiX9ROAlIZ5MUQyuL.jpg,0.3,0.5,1,0,0,68189,68189,0,2,0
Tam_d09_019_b_5_jpg.rf.qTjNiX9ROAlIZ5MUQyuL.jpg,0.3,1.0,1,0,0,68189,68189,0,2,0
Tam_d09_019_b_5_jpg.rf.qTjNiX9ROAlIZ5MUQyuL.jpg,0.4,0.0,1,0,0,68189,68189,0,2,0
Tam_d09_019_b_5_jpg.rf.qTjNiX9ROAlIZ5MUQyuL.jpg,0.4,0.1,1,0,0,68189,68189,0,2,0
Tam_d09_019_b_5_jpg.rf.qTjNiX9ROAlIZ5MUQyuL.jpg,0.4,0.25,1,0,0,68189,68189,0,2,0
Tam_d09_019_b_5_jpg.rf.qTjNiX9ROAlIZ5MUQyuL.jpg,0.4,0.5,1,0,0,68189,68189,0,2,0
Tam_d09_019_b_5_jpg.rf.qTjNiX9ROAlIZ5MUQyuL.jpg,0.4,1.0,1,0,0,68189,68189,0,2,0
Tam_d09_019_b_5_jpg.rf.qTjNiX9ROAlIZ5MUQyuL.jpg,0.5,0.0,1,0,0,68189,68189,0,2,0
Tam_d09_019_b_5_jpg.rf.qTjNiX9ROAlIZ5MUQyuL.jpg,0.5,0.1,1,0,0,68189,68189,0,2,0
Tam_d09_019_b_5_jpg.rf.qTjNiX9ROAlIZ5MUQyuL.jpg,0.5,0.25,1,0,0,68189,68189,0,2,0
Tam_d09_019_b_5_jpg.rf.qTjNiX9ROAlIZ5MUQyuL.jpg,0.5,0.5,1,0,0,68189,68189,0,2,0
Tam_d09_019_b_5_jpg.rf.qTjNiX9ROAlIZ5MUQyuL.jpg,0.5,1.0,1,0,0,68189,68189,0,2,0
Tam_d09_068_a_5_jpg.rf.097aZd9JLDCLePMTHt9T.jpg,0.15,0.0,1,0,0,5153,5153,0,0,0
Tam_d09_068_a_5_jpg.rf.097aZd9JLDCLePMTHt9T.jpg,0.15,0.1,1,0,0,5153,5153,0,0,0
Tam_d09_068_a_5_jpg.rf.097aZd9JLDCLePMTHt9T.jpg,0.15,0.25,1,0,0,5153,5153,0,0,0
Tam_d09_068_a_5_jpg.rf.097aZd9JLDCLePMTHt9T.jpg,0.15,0.5,1,0,0,5153,5153,0,0,0
Tam_d09_068_a_5_jpg.rf.097aZd9JLDCLePMTHt9T.jpg,0.15,1.0,1,0,0,5153,5153,0,0,0
Tam_d09_068_a_5_jpg.rf.097aZd9JLDCLePMTHt9T.jpg,0.2,0.0,1,0,0,5153,5153,0,0,0
Tam_d09_068_a_5_jpg.rf.097aZd9JLDCLePMTHt9T.jpg,0.2,0.1,1,0,0,5153,5153,0,0,0
Tam_d09_068_a_5_jpg.rf.097aZd9JLDCLePMTHt9T.jpg,0.2,0.25,1,0,0,5153,5153,0,0,0
Tam_d09_068_a_5_jpg.rf.097aZd9JLDCLePMTHt9T.jpg,0.2,0.5,1,0,0,5153,5153,0,0,0
Tam_d09_068_a_5_jpg.rf.097aZd9JLDCLePMTHt9T.jpg,0.2,1.0,1,0,0,5153,5153,0,0,0
Tam_d09_068_a_5_jpg.rf.097aZd9JLDCLePMTHt9T.jpg,0.25,0.0,1,0,0,5153,5153,0,0,0
Tam_d09_068_a_5_jpg.rf.097aZd9JLDCLePMTHt9T.jpg,0.25,0.1,1,0,0,5153,5153,0,0,0
Tam_d09_068_a_5_jpg.rf.097aZd9JLDCLePMTHt9T.jpg,0.25,0.25,1,0,0,5153,5153,0,0,0
Tam_d09_068_a_5_jpg.rf.097aZd9JLDCLePMTHt9T.jpg,0.25,0.5,1,0,0,5153,5153,0,0,0
Tam_d09_068_a_5_jpg.rf.097aZd9JLDCLePMTHt9T.jpg,0.25,1.0,1,0,0,5153,5153,0,0,0
Tam_d09_068_a_5_jpg.rf.097aZd9JLDCLePMTHt9T.jpg,0.3,0.0,1,0,0,5153,5153,0,0,0
Tam_d09_068_a_5_jpg.rf.097aZd9JLDCLePMTHt9T.jpg,0.3,0.1,1,0,0,5153,5153,0,0,0
Tam_d09_068_a_5_jpg.rf.097aZd9JLDCLePMTHt9T.jpg,0.3,0.25,1,0,0,5153,5153,0,0,0
Tam_d09_068_a_5_jpg.rf.097aZd9JLDCLePMTHt9T.jpg,0.3,0.5,1,0,0,5153,5153,0,0,0
Tam_d09_068_a_5_jpg.rf.097aZd9JLDCLePMTHt9T.jpg,0.3,1.0,1,0,0,5153,5153,0,0,0
Tam_d09_068_a_5_jpg.rf.097aZd9JLDCLePMTHt9T.jpg,0.4,0.0,1,0,0,5153,5153,0,0,0
Tam_d09_068_a_5_jpg.rf.097aZd9JLDCLePMTHt9T.jpg,0.4,0.1,1,0,0,5153,5153,0,0,0
Tam_d09_068_a_5_jpg.rf.097aZd9JLDCLePMTHt9T.jpg,0.4,0.25,1,0,0,5153,5153,0,0,0
Tam_d09_068_a_5_jpg.rf.097aZd9JLDCLePMTHt9T.jpg,0.4,0.5,1,0,0,5153,5153,0,0,0
Tam_d09_068_a_5_jpg.rf.097aZd9JLDCLePMTHt9T.jpg,0.4,1.0,1,0,0,5153,5153,0,0,0
Tam_d09_068_a_5_jpg.rf.097aZd9JLDCLePMTHt9T.jpg,0.5,0.0,1,0,0,5153,5153,0,0,0
Tam_d09_068_a_5_jpg.rf.097aZd9JLDCLePMTHt9T.jpg,0.5,0.1,1,0,0,5153,5153,0,0,0
Tam_d09_068_a_5_jpg.rf.097aZd9JLDCLePMTHt9T.jpg,0.5,0.25,1,0,0,5153,5153,0,0,0
Tam_d09_068_a_5_jpg.rf.097aZd9JLDCLePMTHt9T.jpg,0.5,0.5,1,0,0,5153,5153,0,0,0
Tam_d09_068_a_5_jpg.rf.097aZd9JLDCLePMTHt9T.jpg,0.5,1.0,1,0,0,5153,5153,0,0,0
Tam_d09_197_b_5_jpg.rf.1jOsoyald4jHtanB5AwF.jpg,0.15,0.0,0,48403,37716,332,48735,86119,2,2
Tam_d09_197_b_5_jpg.rf.1jOsoyald4jHtanB5AwF.jpg,0.15,0.1,0,48403,37716,332,48735,86119,2,2
Tam_d09_197_b_5_jpg.rf.1jOsoyald4jHtanB5AwF.jpg,0.15,0.25,0,48403,37716,332,48735,86119,2,2
Tam_d09_197_b_5_jpg.rf.1jOsoyald4jHtanB5AwF.jpg,0.15,0.5,0,48403,37716,332,48735,86119,2,2
Tam_d09_197_b_5_jpg.rf.1jOsoyald4jHtanB5AwF.jpg,0.15,1.0,0,48403,37716,332,48735,86119,2,2
Tam_d09_197_b_5_jpg.rf.1jOsoyald4jHtanB5AwF.jpg,0.2,0.0,0,48403,37716,332,48735,86119,2,2
Tam_d09_197_b_5_jpg.rf.1jOsoyald4jHtanB5AwF.jpg,0.2,0.1,0,48403,37716,332,48735,86119,2,2
Tam_d09_197_b_5_jpg.rf.1jOsoyald4jHtanB5AwF.jpg,0.2,0.25,0,48403,37716,332,48735,86119,2,2
Tam_d09_197_b_5_jpg.rf.1jOsoyald4jHtanB5AwF.jpg,0.2,0.5,0,48403,37716,332,48735,86119,2,2
Tam_d09_197_b_5_jpg.rf.1jOsoyald4jHtanB5AwF.jpg,0.2,1.0,0,48403,37716,332,48735,86119,2,2
Tam_d09_197_b_5_jpg.rf.1jOsoyald4jHtanB5AwF.jpg,0.25,0.0,0,48402,37716,333,48735,86118,2,2
Tam_d09_197_b_5_jpg.rf.1jOsoyald4jHtanB5AwF.jpg,0.25,0.1,0,48402,37716,333,48735,86118,2,2
Tam_d09_197_b_5_jpg.rf.1jOsoyald4jHtanB5AwF.jpg,0.25,0.25,0,48402,37716,333,48735,86118,2,2
Tam_d09_197_b_5_jpg.rf.1jOsoyald4jHtanB5AwF.jpg,0.25,0.5,0,48402,37716,333,48735,86118,2,2
Tam_d09_197_b_5_jpg.rf.1jOsoyald4jHtanB5AwF.jpg,0.25,1.0,0,48402,37716,333,48735,86118,2,2
Tam_d09_197_b_5_jpg.rf.1jOsoyald4jHtanB5AwF.jpg,0.3,0.0,0,47805,14034,930,48735,61839,2,2
Tam_d09_197_b_5_jpg.rf.1jOsoyald4jHtanB5AwF.jpg,0.3,0.1,0,47805,14034,930,48735,61839,2,2
Tam_d09_197_b_5_jpg.rf.1jOsoyald4jHtanB5AwF.jpg,0.3,0.25,0,47805,14034,930,48735,61839,2,2
Tam_d09_197_b_5_jpg.rf.1jOsoyald4jHtanB5AwF.jpg,0.3,0.5,0,47805,14034,930,48735,61839,2,2
Tam_d09_197_b_5_jpg.rf.1jOsoyald4jHtanB5AwF.jpg,0.3,1.0,0,47805,14034,930,48735,61839,2,2
Tam_d09_197_b_5_jpg.rf.1jOsoyald4jHtanB5AwF.jpg,0.4,0.0,0,41852,13361,6883,48735,55213,2,2
Tam_d09_197_b_5_jpg.rf.1jOsoyald4jHtanB5AwF.jpg,0.4,0.1,0,41852,13361,6883,48735,55213,2,2
Tam_d09_197_b_5_jpg.rf.1jOsoyald4jHtanB5AwF.jpg,0.4,0.25,0,41852,13361,6883,48735,55213,2,2
Tam_d09_197_b_5_jpg.rf.1jOsoyald4jHtanB5AwF.jpg,0.4,0.5,0,41852,13361,6883,48735,55213,2,2
Tam_d09_197_b_5_jpg.rf.1jOsoyald4jHtanB5AwF.jpg,0.4,1.0,0,41852,13361,6883,48735,55213,2,2
Tam_d09_197_b_5_jpg.rf.1jOsoyald4jHtanB5AwF.jpg,0.5,0.0,1,0,0,48735,48735,0,2,0
Tam_d09_197_b_5_jpg.rf.1jOsoyald4jHtanB5AwF.jpg,0.5,0.1,1,0,0,48735,48735,0,2,0
Tam_d09_197_b_5_jpg.rf.1jOsoyald4jHtanB5AwF.jpg,0.5,0.25,1,0,0,48735,48735,0,2,0
Tam_d09_197_b_5_jpg.rf.1jOsoyald4jHtanB5AwF.jpg,0.5,0.5,1,0,0,48735,48735,0,2,0
Tam_d09_197_b_5_jpg.rf.1jOsoyald4jHtanB5AwF.jpg,0.5,1.0,1,0,0,48735,48735,0,2,0
Tam_d09_301_a_5_jpg.rf.GvFr20aZTKc1h3ONC2hS.jpg,0.15,0.0,0,26425,7270,717,27142,33695,2,2
Tam_d09_301_a_5_jpg.rf.GvFr20aZTKc1h3ONC2hS.jpg,0.15,0.1,0,26425,7270,717,27142,33695,2,2
Tam_d09_301_a_5_jpg.rf.GvFr20aZTKc1h3ONC2hS.jpg,0.15,0.25,0,26425,7270,717,27142,33695,2,2
Tam_d09_301_a_5_jpg.rf.GvFr20aZTKc1h3ONC2hS.jpg,0.15,0.5,0,26425,7270,717,27142,33695,2,2
Tam_d09_301_a_5_jpg.rf.GvFr20aZTKc1h3ONC2hS.jpg,0.15,1.0,1,26425,7270,717,27142,33695,2,2
Tam_d09_301_a_5_jpg.rf.GvFr20aZTKc1h3ONC2hS.jpg,0.2,0.0,0,26425,7270,717,27142,33695,2,2
Tam_d09_301_a_5_jpg.rf.GvFr20aZTKc1h3ONC2hS.jpg,0.2,0.1,0,26425,7270,717,27142,33695,2,2
Tam_d09_301_a_5_jpg.rf.GvFr20aZTKc1h3ONC2hS.jpg,0.2,0.25,0,26425,7270,717,27142,33695,2,2
Tam_d09_301_a_5_jpg.rf.GvFr20aZTKc1h3ONC2hS.jpg,0.2,0.5,0,26425,7270,717,27142,33695,2,2
Tam_d09_301_a_5_jpg.rf.GvFr20aZTKc1h3ONC2hS.jpg,0.2,1.0,1,26425,7270,717,27142,33695,2,2
Tam_d09_301_a_5_jpg.rf.GvFr20aZTKc1h3ONC2hS.jpg,0.25,0.0,0,26425,7270,717,27142,33695,2,2
Tam_d09_301_a_5_jpg.rf.GvFr20aZTKc1h3ONC2hS.jpg,0.25,0.1,0,26425,7270,717,27142,33695,2,2
Tam_d09_301_a_5_jpg.rf.GvFr20aZTKc1h3ONC2hS.jpg,0.25,0.25,0,26425,7270,717,27142,33695,2,2
Tam_d09_301_a_5_jpg.rf.GvFr20aZTKc1h3ONC2hS.jpg,0.25,0.5,0,26425,7270,717,27142,33695,2,2
Tam_d09_301_a_5_jpg.rf.GvFr20aZTKc1h3ONC2hS.jpg,0.25,1.0,1,26425,7270,717,27142,33695,2,2
Tam_d09_301_a_5_jpg.rf.GvFr20aZTKc1h3ONC2hS.jpg,0.3,0.0,0,26425,7270,717,27142,33695,2,2
Tam_d09_301_a_5_jpg.rf.GvFr20aZTKc1h3ONC2hS.jpg,0.3,0.1,0,26425,7270,717,27142,33695,2,2
Tam_d09_301_a_5_jpg.rf.GvFr20aZTKc1h3ONC2hS.jpg,0.3,0.25,0,26425,7270,717,27142,33695,2,2
Tam_d09_301_a_5_jpg.rf.GvFr20aZTKc1h3ONC2hS.jpg,0.3,0.5,0,26425,7270,717,27142,33695,2,2
Tam_d09_301_a_5_jpg.rf.GvFr20aZTKc1h3ONC2hS.jpg,0.3,1.0,1,26425,7270,717,27142,33695,2,2
Tam_d09_301_a_5_jpg.rf.GvFr20aZTKc1h3ONC2hS.jpg,0.4,0.0,0,26425,7270,717,27142,33695,2,2
Tam_d09_301_a_5_jpg.rf.GvFr20aZTKc1h3ONC2hS.jpg,0.4,0.1,0,26425,7270,717,27142,33695,2,2
Tam_d09_301_a_5_jpg.rf.GvFr20aZTKc1h3ONC2hS.jpg,0.4,0.25,0,26425,7270,717,27142,33695,2,2
Tam_d09_301_a_5_jpg.rf.GvFr20aZTKc1h3ONC2hS.jpg,0.4,0.5,0,26425,7270,717,27142,33695,2,2
Tam_d09_301_a_5_jpg.rf.GvFr20aZTKc1h3ONC2hS.jpg,0.4,1.0,1,26425,7270,717,27142,33695,2,2
Tam_d09_301_a_5_jpg.rf.GvFr20aZTKc1h3ONC2hS.jpg,0.5,0.0,1,0,0,27142,27142,0,2,0
Tam_d09_301_a_5_jpg.rf.GvFr20aZTKc1h3ONC2hS.jpg,0.5,0.1,1,0,0,27142,27142,0,2,0
Tam_d09_301_a_5_jpg.rf.GvFr20aZTKc1h3ONC2hS.jpg,0.5,0.25,1,0,0,27142,27142,0,2,0
Tam_d09_301_a_5_jpg.rf.GvFr20aZTKc1h3ONC2hS.jpg,0.5,0.5,1,0,0,27142,27142,0,2,0
Tam_d09_301_a_5_jpg.rf.GvFr20aZTKc1h3ONC2hS.jpg,0.5,1.0,1,0,0,27142,27142,0,2,0
Tam_d09_340_a_5_jpg.rf.iEiUdqLaZPgffWdM05k9.jpg,0.15,0.0,0,22597,29725,0,22597,52322,2,2
Tam_d09_340_a_5_jpg.rf.iEiUdqLaZPgffWdM05k9.jpg,0.15,0.1,0,22597,29725,0,22597,52322,2,2
Tam_d09_340_a_5_jpg.rf.iEiUdqLaZPgffWdM05k9.jpg,0.15,0.25,0,22597,29725,0,22597,52322,2,2
Tam_d09_340_a_5_jpg.rf.iEiUdqLaZPgffWdM05k9.jpg,0.15,0.5,0,22597,29725,0,22597,52322,2,2
Tam_d09_340_a_5_jpg.rf.iEiUdqLaZPgffWdM05k9.jpg,0.15,1.0,1,22597,29725,0,22597,52322,2,2
Tam_d09_340_a_5_jpg.rf.iEiUdqLaZPgffWdM05k9.jpg,0.2,0.0,0,22597,29725,0,22597,52322,2,2
Tam_d09_340_a_5_jpg.rf.iEiUdqLaZPgffWdM05k9.jpg,0.2,0.1,0,22597,29725,0,22597,52322,2,2
Tam_d09_340_a_5_jpg.rf.iEiUdqLaZPgffWdM05k9.jpg,0.2,0.25,0,22597,29725,0,22597,52322,2,2
Tam_d09_340_a_5_jpg.rf.iEiUdqLaZPgffWdM05k9.jpg,0.2,0.5,0,22597,29725,0,22597,52322,2,2
Tam_d09_340_a_5_jpg.rf.iEiUdqLaZPgffWdM05k9.jpg,0.2,1.0,1,22597,29725,0,22597,52322,2,2
Tam_d09_340_a_5_jpg.rf.iEiUdqLaZPgffWdM05k9.jpg,0.25,0.0,0,22597,29725,0,22597,52322,2,2
Tam_d09_340_a_5_jpg.rf.iEiUdqLaZPgffWdM05k9.jpg,0.25,0.1,0,22597,29725,0,22597,52322,2,2
Tam_d09_340_a_5_jpg.rf.iEiUdqLaZPgffWdM05k9.jpg,0.25,0.25,0,22597,29725,0,22597,52322,2,2
Tam_d09_340_a_5_jpg.rf.iEiUdqLaZPgffWdM05k9.jpg,0.25,0.5,0,22597,29725,0,22597,52322,2,2
Tam_d09_340_a_5_jpg.rf.iEiUdqLaZPgffWdM05k9.jpg,0.25,1.0,1,22597,29725,0,22597,52322,2,2
Tam_d09_340_a_5_jpg.rf.iEiUdqLaZPgffWdM05k9.jpg,0.3,0.0,0,22597,29725,0,22597,52322,2,2
Tam_d09_340_a_5_jpg.rf.iEiUdqLaZPgffWdM05k9.jpg,0.3,0.1,0,22597,29725,0,22597,52322,2,2
Tam_d09_340_a_5_jpg.rf.iEiUdqLaZPgffWdM05k9.jpg,0.3,0.25,0,22597,29725,0,22597,52322,2,2
Tam_d09_340_a_5_jpg.rf.iEiUdqLaZPgffWdM05k9.jpg,0.3,0.5,0,22597,29725,0,22597,52322,2,2
Tam_d09_340_a_5_jpg.rf.iEiUdqLaZPgffWdM05k9.jpg,0.3,1.0,1,22597,29725,0,22597,52322,2,2
Tam_d09_340_a_5_jpg.rf.iEiUdqLaZPgffWdM05k9.jpg,0.4,0.0,0,22567,29725,30,22597,52292,2,2
Tam_d09_340_a_5_jpg.rf.iEiUdqLaZPgffWdM05k9.jpg,0.4,0.1,0,22567,29725,30,22597,52292,2,2
Tam_d09_340_a_5_jpg.rf.iEiUdqLaZPgffWdM05k9.jpg,0.4,0.25,0,22567,29725,30,22597,52292,2,2
Tam_d09_340_a_5_jpg.rf.iEiUdqLaZPgffWdM05k9.jpg,0.4,0.5,0,22567,29725,30,22597,52292,2,2
Tam_d09_340_a_5_jpg.rf.iEiUdqLaZPgffWdM05k9.jpg,0.4,1.0,1,22567,29725,30,22597,52292,2,2
Tam_d09_340_a_5_jpg.rf.iEiUdqLaZPgffWdM05k9.jpg,0.5,0.0,1,0,0,22597,22597,0,2,0
Tam_d09_340_a_5_jpg.rf.iEiUdqLaZPgffWdM05k9.jpg,0.5,0.1,1,0,0,22597,22597,0,2,0
Tam_d09_340_a_5_jpg.rf.iEiUdqLaZPgffWdM05k9.jpg,0.5,0.25,1,0,0,22597,22597,0,2,0
Tam_d09_340_a_5_jpg.rf.iEiUdqLaZPgffWdM05k9.jpg,0.5,0.5,1,0,0,22597,22597,0,2,0
Tam_d09_340_a_5_jpg.rf.iEiUdqLaZPgffWdM05k9.jpg,0.5,1.0,1,0,0,22597,22597,0,2,0
Tam_d09_397_a_4_jpg.rf.rTmcPgRSn8ZjfERD6LrJ.jpg,0.15,0.0,1,0,0,0,0,0,0,0
Tam_d09_397_a_4_jpg.rf.rTmcPgRSn8ZjfERD6LrJ.jpg,0.15,0.1,1,0,0,0,0,0,0,0
Tam_d09_397_a_4_jpg.rf.rTmcPgRSn8ZjfERD6LrJ.jpg,0.15,0.25,1,0,0,0,0,0,0,0
Tam_d09_397_a_4_jpg.rf.rTmcPgRSn8ZjfERD6LrJ.jpg,0.15,0.5,1,0,0,0,0,0,0,0
Tam_d09_397_a_4_jpg.rf.rTmcPgRSn8ZjfERD6LrJ.jpg,0.15,1.0,1,0,0,0,0,0,0,0
Tam_d09_397_a_4_jpg.rf.rTmcPgRSn8ZjfERD6LrJ.jpg,0.2,0.0,1,0,0,0,0,0,0,0
Tam_d09_397_a_4_jpg.rf.rTmcPgRSn8ZjfERD6LrJ.jpg,0.2,0.1,1,0,0,0,0,0,0,0
Tam_d09_397_a_4_jpg.rf.rTmcPgRSn8ZjfERD6LrJ.jpg,0.2,0.25,1,0,0,0,0,0,0,0
Tam_d09_397_a_4_jpg.rf.rTmcPgRSn8ZjfERD6LrJ.jpg,0.2,0.5,1,0,0,0,0,0,0,0
Tam_d09_397_a_4_jpg.rf.rTmcPgRSn8ZjfERD6LrJ.jpg,0.2,1.0,1,0,0,0,0,0,0,0
Tam_d09_397_a_4_jpg.rf.rTmcPgRSn8ZjfERD6LrJ.jpg,0.25,0.0,1,0,0,0,0,0,0,0
Tam_d09_397_a_4_jpg.rf.rTmcPgRSn8ZjfERD6LrJ.jpg,0.25,0.1,1,0,0,0,0,0,0,0
Tam_d09_397_a_4_jpg.rf.rTmcPgRSn8ZjfERD6LrJ.jpg,0.25,0.25,1,0,0,0,0,0,0,0
Tam_d09_397_a_4_jpg.rf.rTmcPgRSn8ZjfERD6LrJ.jpg,0.25,0.5,1,0,0,0,0,0,0,0
Tam_d09_397_a_4_jpg.rf.rTmcPgRSn8ZjfERD6LrJ.jpg,0.25,1.0,1,0,0,0,0,0,0,0
Tam_d09_397_a_4_jpg.rf.rTmcPgRSn8ZjfERD6LrJ.jpg,0.3,0.0,1,0,0,0,0,0,0,0
Tam_d09_397_a_4_jpg.rf.rTmcPgRSn8ZjfERD6LrJ.jpg,0.3,0.1,1,0,0,0,0,0,0,0
Tam_d09_397_a_4_jpg.rf.rTmcPgRSn8ZjfERD6LrJ.jpg,0.3,0.25,1,0,0,0,0,0,0,0
Tam_d09_397_a_4_jpg.rf.rTmcPgRSn8ZjfERD6LrJ.jpg,0.3,0.5,1,0,0,0,0,0,0,0
Tam_d09_397_a_4_jpg.rf.rTmcPgRSn8ZjfERD6LrJ.jpg,0.3,1.0,1,0,0,0,0,0,0,0
Tam_d09_397_a_4_jpg.rf.rTmcPgRSn8ZjfERD6LrJ.jpg,0.4,0.0,1,0,0,0,0,0,0,0
Tam_d09_397_a_4_jpg.rf.rTmcPgRSn8ZjfERD6LrJ.jpg,0.4,0.1,1,0,0,0,0,0,0,0
Tam_d09_397_a_4_jpg.rf.rTmcPgRSn8ZjfERD6LrJ.jpg,0.4,0.25,1,0,0,0,0,0,0,0
Tam_d09_397_a_4_jpg.rf.rTmcPgRSn8ZjfERD6LrJ.jpg,0.4,0.5,1,0,0,0,0,0,0,0
Tam_d09_397_a_4_jpg.rf.rTmcPgRSn8ZjfERD6LrJ.jpg,0.4,1.0,1,0,0,0,0,0,0,0
Tam_d09_397_a_4_jpg.rf.rTmcPgRSn8ZjfERD6LrJ.jpg,0.5,0.0,1,0,0,0,0,0,0,0
Tam_d09_397_a_4_jpg.rf.rTmcPgRSn8ZjfERD6LrJ.jpg,0.5,0.1,1,0,0,0,0,0,0,0
Tam_d09_397_a_4_jpg.rf.rTmcPgRSn8ZjfERD6LrJ.jpg,0.5,0.25,1,0,0,0,0,0,0,0
Tam_d09_397_a_4_jpg.rf.rTmcPgRSn8ZjfERD6LrJ.jpg,0.5,0.5,1,0,0,0,0,0,0,0
Tam_d09_397_a_4_jpg.rf.rTmcPgRSn8ZjfERD6LrJ.jpg,0.5,1.0,1,0,0,0,0,0,0,0
Tam_d10_068_b_5_jpg.rf.efXdjEtxvaEBZ8fHSCjz.jpg,0.15,0.0,1,0,0,4366,4366,0,0,0
Tam_d10_068_b_5_jpg.rf.efXdjEtxvaEBZ8fHSCjz.jpg,0.15,0.1,1,0,0,4366,4366,0,0,0
Tam_d10_068_b_5_jpg.rf.efXdjEtxvaEBZ8fHSCjz.jpg,0.15,0.25,1,0,0,4366,4366,0,0,0
Tam_d10_068_b_5_jpg.rf.efXdjEtxvaEBZ8fHSCjz.jpg,0.15,0.5,1,0,0,4366,4366,0,0,0
Tam_d10_068_b_5_jpg.rf.efXdjEtxvaEBZ8fHSCjz.jpg,0.15,1.0,1,0,0,4366,4366,0,0,0
Tam_d10_068_b_5_jpg.rf.efXdjEtxvaEBZ8fHSCjz.jpg,0.2,0.0,1,0,0,4366,4366,0,0,0
Tam_d10_068_b_5_jpg.rf.efXdjEtxvaEBZ8fHSCjz.jpg,0.2,0.1,1,0,0,4366,4366,0,0,0
Tam_d10_068_b_5_jpg.rf.efXdjEtxvaEBZ8fHSCjz.jpg,0.2,0.25,1,0,0,4366,4366,0,0,0
Tam_d10_068_b_5_jpg.rf.efXdjEtxvaEBZ8fHSCjz.jpg,0.2,0.5,1,0,0,4366,4366,0,0,0
Tam_d10_068_b_5_jpg.rf.efXdjEtxvaEBZ8fHSCjz.jpg,0.2,1.0,1,0,0,4366,4366,0,0,0
Tam_d10_068_b_5_jpg.rf.efXdjEtxvaEBZ8fHSCjz.jpg,0.25,0.0,1,0,0,4366,4366,0,0,0
Tam_d10_068_b_5_jpg.rf.efXdjEtxvaEBZ8fHSCjz.jpg,0.25,0.1,1,0,0,4366,4366,0,0,0
Tam_d10_068_b_5_jpg.rf.efXdjEtxvaEBZ8fHSCjz.jpg,0.25,0.25,1,0,0,4366,4366,0,0,0
Tam_d10_068_b_5_jpg.rf.efXdjEtxvaEBZ8fHSCjz.jpg,0.25,0.5,1,0,0,4366,4366,0,0,0
Tam_d10_068_b_5_jpg.rf.efXdjEtxvaEBZ8fHSCjz.jpg,0.25,1.0,1,0,0,4366,4366,0,0,0
Tam_d10_068_b_5_jpg.rf.efXdjEtxvaEBZ8fHSCjz.jpg,0.3,0.0,1,0,0,4366,4366,0,0,0
Tam_d10_068_b_5_jpg.rf.efXdjEtxvaEBZ8fHSCjz.jpg,0.3,0.1,1,0,0,4366,4366,0,0,0
Tam_d10_068_b_5_jpg.rf.efXdjEtxvaEBZ8fHSCjz.jpg,0.3,0.25,1,0,0,4366,4366,0,0,0
Tam_d10_068_b_5_jpg.rf.efXdjEtxvaEBZ8fHSCjz.jpg,0.3,0.5,1,0,0,4366,4366,0,0,0
Tam_d10_068_b_5_jpg.rf.efXdjEtxvaEBZ8fHSCjz.jpg,0.3,1.0,1,0,0,4366,4366,0,0,0
Tam_d10_068_b_5_jpg.rf.efXdjEtxvaEBZ8fHSCjz.jpg,0.4,0.0,1,0,0,4366,4366,0,0,0
Tam_d10_068_b_5_jpg.rf.efXdjEtxvaEBZ8fHSCjz.jpg,0.4,0.1,1,0,0,4366,4366,0,0,0
Tam_d10_068_b_5_jpg.rf.efXdjEtxvaEBZ8fHSCjz.jpg,0.4,0.25,1,0,0,4366,4366,0,0,0
Tam_d10_068_b_5_jpg.rf.efXdjEtxvaEBZ8fHSCjz.jpg,0.4,0.5,1,0,0,4366,4366,0,0,0
Tam_d10_068_b_5_jpg.rf.efXdjEtxvaEBZ8fHSCjz.jpg,0.4,1.0,1,0,0,4366,4366,0,0,0
Tam_d10_068_b_5_jpg.rf.efXdjEtxvaEBZ8fHSCjz.jpg,0.5,0.0,1,0,0,4366,4366,0,0,0
Tam_d10_068_b_5_jpg.rf.efXdjEtxvaEBZ8fHSCjz.jpg,0.5,0.1,1,0,0,4366,4366,0,0,0
Tam_d10_068_b_5_jpg.rf.efXdjEtxvaEBZ8fHSCjz.jpg,0.5,0.25,1,0,0,4366,4366,0,0,0
Tam_d10_068_b_5_jpg.rf.efXdjEtxvaEBZ8fHSCjz.jpg,0.5,0.5,1,0,0,4366,4366,0,0,0
Tam_d10_068_b_5_jpg.rf.efXdjEtxvaEBZ8fHSCjz.jpg,0.5,1.0,1,0,0,4366,4366,0,0,0
Tam_d10_088_b_5_jpg.rf.aBoIhl4wAdBeCOKifqRL.jpg,0.15,0.0,1,0,0,0,0,0,0,0
Tam_d10_088_b_5_jpg.rf.aBoIhl4wAdBeCOKifqRL.jpg,0.15,0.1,1,0,0,0,0,0,0,0
Tam_d10_088_b_5_jpg.rf.aBoIhl4wAdBeCOKifqRL.jpg,0.15,0.25,1,0,0,0,0,0,0,0
Tam_d10_088_b_5_jpg.rf.aBoIhl4wAdBeCOKifqRL.jpg,0.15,0.5,1,0,0,0,0,0,0,0
Tam_d10_088_b_5_jpg.rf.aBoIhl4wAdBeCOKifqRL.jpg,0.15,1.0,1,0,0,0,0,0,0,0
Tam_d10_088_b_5_jpg.rf.aBoIhl4wAdBeCOKifqRL.jpg,0.2,0.0,1,0,0,0,0,0,0,0
Tam_d10_088_b_5_jpg.rf.aBoIhl4wAdBeCOKifqRL.jpg,0.2,0.1,1,0,0,0,0,0,0,0
Tam_d10_088_b_5_jpg.rf.aBoIhl4wAdBeCOKifqRL.jpg,0.2,0.25,1,0,0,0,0,0,0,0
Tam_d10_088_b_5_jpg.rf.aBoIhl4wAdBeCOKifqRL.jpg,0.2,0.5,1,0,0,0,0,0,0,0
Tam_d10_088_b_5_jpg.rf.aBoIhl4wAdBeCOKifqRL.jpg,0.2,1.0,1,0,0,0,0,0,0,0
Tam_d10_088_b_5_jpg.rf.aBoIhl4wAdBeCOKifqRL.jpg,0.25,0.0,1,0,0,0,0,0,0,0
Tam_d10_088_b_5_jpg.rf.aBoIhl4wAdBeCOKifqRL.jpg,0.25,0.1,1,0,0,0,0,0,0,0
Tam_d10_088_b_5_jpg.rf.aBoIhl4wAdBeCOKifqRL.jpg,0.25,0.25,1,0,0,0,0,0,0,0
Tam_d10_088_b_5_jpg.rf.aBoIhl4wAdBeCOKifqRL.jpg,0.25,0.5,1,0,0,0,0,0,0,0
Tam_d10_088_b_5_jpg.rf.aBoIhl4wAdBeCOKifqRL.jpg,0.25,1.0,1,0,0,0,0,0,0,0
Tam_d10_088_b_5_jpg.rf.aBoIhl4wAdBeCOKifqRL.jpg,0.3,0.0,1,0,0,0,0,0,0,0
Tam_d10_088_b_5_jpg.rf.aBoIhl4wAdBeCOKifqRL.jpg,0.3,0.1,1,0,0,0,0,0,0,0
Tam_d10_088_b_5_jpg.rf.aBoIhl4wAdBeCOKifqRL.jpg,0.3,0.25,1,0,0,0,0,0,0,0
Tam_d10_088_b_5_jpg.rf.aBoIhl4wAdBeCOKifqRL.jpg,0.3,0.5,1,0,0,0,0,0,0,0
Tam_d10_088_b_5_jpg.rf.aBoIhl4wAdBeCOKifqRL.jpg,0.3,1.0,1,0,0,0,0,0,0,0
Tam_d10_088_b_5_jpg.rf.aBoIhl4wAdBeCOKifqRL.jpg,0.4,0.0,1,0,0,0,0,0,0,0
Tam_d10_088_b_5_jpg.rf.aBoIhl4wAdBeCOKifqRL.jpg,0.4,0.1,1,0,0,0,0,0,0,0
Tam_d10_088_b_5_jpg.rf.aBoIhl4wAdBeCOKifqRL.jpg,0.4,0.25,1,0,0,0,0,0,0,0
Tam_d10_088_b_5_jpg.rf.aBoIhl4wAdBeCOKifqRL.jpg,0.4,0.5,1,0,0,0,0,0,0,0
Tam_d10_088_b_5_jpg.rf.aBoIhl4wAdBeCOKifqRL.jpg,0.4,1.0,1,0,0,0,0,0,0,0
Tam_d10_088_b_5_jpg.rf.aBoIhl4wAdBeCOKifqRL.jpg,0.5,0.0,1,0,0,0,0,0,0,0
Tam_d10_088_b_5_jpg.rf.aBoIhl4wAdBeCOKifqRL.jpg,0.5,0.1,1,0,0,0,0,0,0,0
Tam_d10_088_b_5_jpg.rf.aBoIhl4wAdBeCOKifqRL.jpg,0.5,0.25,1,0,0,0,0,0,0,0
Tam_d10_088_b_5_jpg.rf.aBoIhl4wAdBeCOKifqRL.jpg,0.5,0.5,1,0,0,0,0,0,0,0
Tam_d10_088_b_5_jpg.rf.aBoIhl4wAdBeCOKifqRL.jpg,0.5,1.0,1,0,0,0,0,0,0,0
Tam_d10_175_b_5_jpg.rf.BdJYAbkSDVKZiYlYU5G3.jpg,0.15,0.0,1,21475,1228,5834,27309,22703,2,2
Tam_d10_175_b_5_jpg.rf.BdJYAbkSDVKZiYlYU5G3.jpg,0.15,0.1,1,21475,1228,5834,27309,22703,2,2
Tam_d10_175_b_5_jpg.rf.BdJYAbkSDVKZiYlYU5G3.jpg,0.15,0.25,1,21475,1228,5834,27309,22703,2,2
Tam_d10_175_b_5_jpg.rf.BdJYAbkSDVKZiYlYU5G3.jpg,0.15,0.5,1,21475,1228,5834,27309,22703,2,2
Tam_d10_175_b_5_jpg.rf.BdJYAbkSDVKZiYlYU5G3.jpg,0.15,1.0,1,21475,1228,5834,27309,22703,2,2
Tam_d10_175_b_5_jpg.rf.BdJYAbkSDVKZiYlYU5G3.jpg,0.2,0.0,1,21475,1228,5834,27309,22703,2,2
Tam_d10_175_b_5_jpg.rf.BdJYAbkSDVKZiYlYU5G3.jpg,0.2,0.1,1,21475,1228,5834,27309,22703,2,2
Tam_d10_175_b_5_jpg.rf.BdJYAbkSDVKZiYlYU5G3.jpg,0.2,0.25,1,21475,1228,5834,27309,22703,2,2
Tam_d10_175_b_5_jpg.rf.BdJYAbkSDVKZiYlYU5G3.jpg,0.2,0.5,1,21475,1228,5834,27309,22703,2,2
Tam_d10_175_b_5_jpg.rf.BdJYAbkSDVKZiYlYU5G3.jpg,0.2,1.0,1,21475,1228,5834,27309,22703,2,2
Tam_d10_175_b_5_jpg.rf.BdJYAbkSDVKZiYlYU5G3.jpg,0.25,0.0,1,21475,1228,5834,27309,22703,2,2
Tam_d10_175_b_5_jpg.rf.BdJYAbkSDVKZiYlYU5G3.jpg,0.25,0.1,1,21475,1228,5834,27309,22703,2,2
Tam_d10_175_b_5_jpg.rf.BdJYAbkSDVKZiYlYU5G3.jpg,0.25,0.25,1,21475,1228,5834,27309,22703,2,2
Tam_d10_175_b_5_jpg.rf.BdJYAbkSDVKZiYlYU5G3.jpg,0.25,0.5,1,21475,1228,5834,27309,22703,2,2
Tam_d10_175_b_5_jpg.rf.BdJYAbkSDVKZiYlYU5G3.jpg,0.25,1.0,1,21475,1228,5834,27309,22703,2,2
Tam_d10_175_b_5_jpg.rf.BdJYAbkSDVKZiYlYU5G3.jpg,0.3,0.0,1,21475,1228,5834,27309,22703,2,2
Tam_d10_175_b_5_jpg.rf.BdJYAbkSDVKZiYlYU5G3.jpg,0.3,0.1,1,21475,1228,5834,27309,22703,2,2
Tam_d10_175_b_5_jpg.rf.BdJYAbkSDVKZiYlYU5G3.jpg,0.3,0.25,1,21475,1228,5834,27309,22703,2,2
Tam_d10_175_b_5_jpg.rf.BdJYAbkSDVKZiYlYU5G3.jpg,0.3,0.5,1,21475,1228,5834,27309,22703,2,2
Tam_d10_175_b_5_jpg.rf.BdJYAbkSDVKZiYlYU5G3.jpg,0.3,1.0,1,21475,1228,5834,27309,22703,2,2
Tam_d10_175_b_5_jpg.rf.BdJYAbkSDVKZiYlYU5G3.jpg,0.4,0.0,1,21475,1228,5834,27309,22703,2,2
Tam_d10_175_b_5_jpg.rf.BdJYAbkSDVKZiYlYU5G3.jpg,0.4,0.1,1,21475,1228,5834,27309,22703,2,2
Tam_d10_175_b_5_jpg.rf.BdJYAbkSDVKZiYlYU5G3.jpg,0.4,0.25,1,21475,1228,5834,27309,22703,2,2
Tam_d10_175_b_5_jpg.rf.BdJYAbkSDVKZiYlYU5G3.jpg,0.4,0.5,1,21475,1228,5834,27309,22703,2,2
Tam_d10_175_b_5_jpg.rf.BdJYAbkSDVKZiYlYU5G3.jpg,0.4,1.0,1,21475,1228,5834,27309,22703,2,2
Tam_d10_175_b_5_jpg.rf.BdJYAbkSDVKZiYlYU5G3.jpg,0.5,0.0,1,21475,1228,5834,27309,22703,2,2
Tam_d10_175_b_5_jpg.rf.BdJYAbkSDVKZiYlYU5G3.jpg,0.5,0.1,1,21475,1228,5834,27309,22703,2,2
Tam_d10_175_b_5_jpg.rf.BdJYAbkSDVKZiYlYU5G3.jpg,0.5,0.25,1,21475,1228,5834,27309,22703,2,2
Tam_d10_175_b_5_jpg.rf.BdJYAbkSDVKZiYlYU5G3.jpg,0.5,0.5,1,21475,1228,5834,27309,22703,2,2
Tam_d10_175_b_5_jpg.rf.BdJYAbkSDVKZiYlYU5G3.jpg,0.5,1.0,1,21475,1228,5834,27309,22703,2,2
Tam_d10_184_a_5_jpg.rf.JLbdQLV2S5urNEl3EyjX.jpg,0.15,0.0,1,0,0,0,0,0,0,0
Tam_d10_184_a_5_jpg.rf.JLbdQLV2S5urNEl3EyjX.jpg,0.15,0.1,1,0,0,0,0,0,0,0
Tam_d10_184_a_5_jpg.rf.JLbdQLV2S5urNEl3EyjX.jpg,0.15,0.25,1,0,0,0,0,0,0,0
Tam_d10_184_a_5_jpg.rf.JLbdQLV2S5urNEl3EyjX.jpg,0.15,0.5,1,0,0,0,0,0,0,0
Tam_d10_184_a_5_jpg.rf.JLbdQLV2S5urNEl3EyjX.jpg,0.15,1.0,1,0,0,0,0,0,0,0
Tam_d10_184_a_5_jpg.rf.JLbdQLV2S5urNEl3EyjX.jpg,0.2,0.0,1,0,0,0,0,0,0,0
Tam_d10_184_a_5_jpg.rf.JLbdQLV2S5urNEl3EyjX.jpg,0.2,0.1,1,0,0,0,0,0,0,0
Tam_d10_184_a_5_jpg.rf.JLbdQLV2S5urNEl3EyjX.jpg,0.2,0.25,1,0,0,0,0,0,0,0
Tam_d10_184_a_5_jpg.rf.JLbdQLV2S5urNEl3EyjX.jpg,0.2,0.5,1,0,0,0,0,0,0,0
Tam_d10_184_a_5_jpg.rf.JLbdQLV2S5urNEl3EyjX.jpg,0.2,1.0,1,0,0,0,0,0,0,0
Tam_d10_184_a_5_jpg.rf.JLbdQLV2S5urNEl3EyjX.jpg,0.25,0.0,1,0,0,0,0,0,0,0
Tam_d10_184_a_5_jpg.rf.JLbdQLV2S5urNEl3EyjX.jpg,0.25,0.1,1,0,0,0,0,0,0,0
Tam_d10_184_a_5_jpg.rf.JLbdQLV2S5urNEl3EyjX.jpg,0.25,0.25,1,0,0,0,0,0,0,0
Tam_d10_184_a_5_jpg.rf.JLbdQLV2S5urNEl3EyjX.jpg,0.25,0.5,1,0,0,0,0,0,0,0
Tam_d10_184_a_5_jpg.rf.JLbdQLV2S5urNEl3EyjX.jpg,0.25,1.0,1,0,0,0,0,0,0,0
Tam_d10_184_a_5_jpg.rf.JLbdQLV2S5urNEl3EyjX.jpg,0.3,0.0,1,0,0,0,0,0,0,0
Tam_d10_184_a_5_jpg.rf.JLbdQLV2S5urNEl3EyjX.jpg,0.3,0.1,1,0,0,0,0,0,0,0
Tam_d10_184_a_5_jpg.rf.JLbdQLV2S5urNEl3EyjX.jpg,0.3,0.25,1,0,0,0,0,0,0,0
Tam_d10_184_a_5_jpg.rf.JLbdQLV2S5urNEl3EyjX.jpg,0.3,0.5,1,0,0,0,0,0,0,0
Tam_d10_184_a_5_jpg.rf.JLbdQLV2S5urNEl3EyjX.jpg,0.3,1.0,1,0,0,0,0,0,0,0
Tam_d10_184_a_5_jpg.rf.JLbdQLV2S5urNEl3EyjX.jpg,0.4,0.0,1,0,0,0,0,0,0,0
Tam_d10_184_a_5_jpg.rf.JLbdQLV2S5urNEl3EyjX.jpg,0.4,0.1,1,0,0,0,0,0,0,0
Tam_d10_184_a_5_jpg.rf.JLbdQLV2S5urNEl3EyjX.jpg,0.4,0.25,1,0,0,0,0,0,0,0
Tam_d10_184_a_5_jpg.rf.JLbdQLV2S5urNEl3EyjX.jpg,0.4,0.5,1,0,0,0,0,0,0,0
Tam_d10_184_a_5_jpg.rf.JLbdQLV2S5urNEl3EyjX.jpg,0.4,1.0,1,0,0,0,0,0,0,0
Tam_d10_184_a_5_jpg.rf.JLbdQLV2S5urNEl3EyjX.jpg,0.5,0.0,1,0,0,0,0,0,0,0
Tam_d10_184_a_5_jpg.rf.JLbdQLV2S5urNEl3EyjX.jpg,0.5,0.1,1,0,0,0,0,0,0,0
Tam_d10_184_a_5_jpg.rf.JLbdQLV2S5urNEl3EyjX.jpg,0.5,0.25,1,0,0,0,0,0,0,0
Tam_d10_184_a_5_jpg.rf.JLbdQLV2S5urNEl3EyjX.jpg,0.5,0.5,1,0,0,0,0,0,0,0
Tam_d10_184_a_5_jpg.rf.JLbdQLV2S5urNEl3EyjX.jpg,0.5,1.0,1,0,0,0,0,0,0,0
Tam_d10_340_a_5_jpg.rf.wp2wRooMJi02RFw2ACUE.jpg,0.15,0.0,0,16376,19860,3,16379,36236,2,2
Tam_d10_340_a_5_jpg.rf.wp2wRooMJi02RFw2ACUE.jpg,0.15,0.1,0,16376,19860,3,16379,36236,2,2
Tam_d10_340_a_5_jpg.rf.wp2wRooMJi02RFw2ACUE.jpg,0.15,0.25,0,16376,19860,3,16379,36236,2,2
Tam_d10_340_a_5_jpg.rf.wp2wRooMJi02RFw2ACUE.jpg,0.15,0.5,0,16376,19860,3,16379,36236,2,2
Tam_d10_340_a_5_jpg.rf.wp2wRooMJi02RFw2ACUE.jpg,0.15,1.0,1,16376,19860,3,16379,36236,2,2
Tam_d10_340_a_5_jpg.rf.wp2wRooMJi02RFw2ACUE.jpg,0.2,0.0,0,16376,19860,3,16379,36236,2,2
Tam_d10_340_a_5_jpg.rf.wp2wRooMJi02RFw2ACUE.jpg,0.2,0.1,0,16376,19860,3,16379,36236,2,2
Tam_d10_340_a_5_jpg.rf.wp2wRooMJi02RFw2ACUE.jpg,0.2,0.25,0,16376,19860,3,16379,36236,2,2
Tam_d10_340_a_5_jpg.rf.wp2wRooMJi02RFw2ACUE.jpg,0.2,0.5,0,16376,19860,3,16379,36236,2,2
Tam_d10_340_a_5_jpg.rf.wp2wRooMJi02RFw2ACUE.jpg,0.2,1.0,1,16376,19860,3,16379,36236,2,2
Tam_d10_340_a_5_jpg.rf.wp2wRooMJi02RFw2ACUE.jpg,0.25,0.0,0,16376,19860,3,16379,36236,2,2
Tam_d10_340_a_5_jpg.rf.wp2wRooMJi02RFw2ACUE.jpg,0.25,0.1,0,16376,19860,3,16379,36236,2,2
Tam_d10_340_a_5_jpg.rf.wp2wRooMJi02RFw2ACUE.jpg,0.25,0.25,0,16376,19860,3,16379,36236,2,2
Tam_d10_340_a_5_jpg.rf.wp2wRooMJi02RFw2ACUE.jpg,0.25,0.5,0,16376,19860,3,16379,36236,2,2
Tam_d10_340_a_5_jpg.rf.wp2wRooMJi02RFw2ACUE.jpg,0.25,1.0,1,16376,19860,3,16379,36236,2,2
Tam_d10_340_a_5_jpg.rf.wp2wRooMJi02RFw2ACUE.jpg,0.3,0.0,0,16376,19860,3,16379,36236,2,2
Tam_d10_340_a_5_jpg.rf.wp2wRooMJi02RFw2ACUE.jpg,0.3,0.1,0,16376,19860,3,16379,36236,2,2
Tam_d10_340_a_5_jpg.rf.wp2wRooMJi02RFw2ACUE.jpg,0.3,0.25,0,16376,19860,3,16379,36236,2,2
Tam_d10_340_a_5_jpg.rf.wp2wRooMJi02RFw2ACUE.jpg,0.3,0.5,0,16376,19860,3,16379,36236,2,2
Tam_d10_340_a_5_jpg.rf.wp2wRooMJi02RFw2ACUE.jpg,0.3,1.0,1,16376,19860,3,16379,36236,2,2
Tam_d10_340_a_5_jpg.rf.wp2wRooMJi02RFw2ACUE.jpg,0.4,0.0,1,16376,19860,3,16379,36236,2,2
Tam_d10_340_a_5_jpg.rf.wp2wRooMJi02RFw2ACUE.jpg,0.4,0.1,1,16376,19860,3,16379,36236,2,2
Tam_d10_340_a_5_jpg.rf.wp2wRooMJi02RFw2ACUE.jpg,0.4,0.25,1,16376,19860,3,16379,36236,2,2
Tam_d10_340_a_5_jpg.rf.wp2wRooMJi02RFw2ACUE.jpg,0.4,0.5,1,16376,19860,3,16379,36236,2,2
Tam_d10_340_a_5_jpg.rf.wp2wRooMJi02RFw2ACUE.jpg,0.4,1.0,1,16376,19860,3,16379,36236,2,2
Tam_d10_340_a_5_jpg.rf.wp2wRooMJi02RFw2ACUE.jpg,0.5,0.0,1,16376,19860,3,16379,36236,2,2
Tam_d10_340_a_5_jpg.rf.wp2wRooMJi02RFw2ACUE.jpg,0.5,0.1,1,16376,19860,3,16379,36236,2,2
Tam_d10_340_a_5_jpg.rf.wp2wRooMJi02RFw2ACUE.jpg,0.5,0.25,1,16376,19860,3,16379,36236,2,2
Tam_d10_340_a_5_jpg.rf.wp2wRooMJi02RFw2ACUE.jpg,0.5,0.5,1,16376,19860,3,16379,36236,2,2
Tam_d10_340_a_5_jpg.rf.wp2wRooMJi02RFw2ACUE.jpg,0.5,1.0,1,16376,19860,3,16379,36236,2,2
Tam_d11_070_a_5_jpg.rf.cBl4ORGIU6fgZTlEagQz.jpg,0.15,0.0,0,35356,33965,32,35388,69321,2,2
Tam_d11_070_a_5_jpg.rf.cBl4ORGIU6fgZTlEagQz.jpg,0.15,0.1,0,35356,33965,32,35388,69321,2,2
Tam_d11_070_a_5_jpg.rf.cBl4ORGIU6fgZTlEagQz.jpg,0.15,0.25,0,35356,33965,32,35388,69321,2,2
Tam_d11_070_a_5_jpg.rf.cBl4ORGIU6fgZTlEagQz.jpg,0.15,0.5,0,35356,33965,32,35388,69321,2,2
Tam_d11_070_a_5_jpg.rf.cBl4ORGIU6fgZTlEagQz.jpg,0.15,1.0,1,35356,33965,32,35388,69321,2,2
Tam_d11_070_a_5_jpg.rf.cBl4ORGIU6fgZTlEagQz.jpg,0.2,0.0,0,35356,33965,32,35388,69321,2,2
Tam_d11_070_a_5_jpg.rf.cBl4ORGIU6fgZTlEagQz.jpg,0.2,0.1,0,35356,33965,32,35388,69321,2,2
Tam_d11_070_a_5_jpg.rf.cBl4ORGIU6fgZTlEagQz.jpg,0.2,0.25,0,35356,33965,32,35388,69321,2,2
Tam_d11_070_a_5_jpg.rf.cBl4ORGIU6fgZTlEagQz.jpg,0.2,0.5,0,35356,33965,32,35388,69321,2,2
Tam_d11_070_a_5_jpg.rf.cBl4ORGIU6fgZTlEagQz.jpg,0.2,1.0,1,35356,33965,32,35388,69321,2,2
Tam_d11_070_a_5_jpg.rf.cBl4ORGIU6fgZTlEagQz.jpg,0.25,0.0,0,32761,9469,2627,35388,42230,2,2
Tam_d11_070_a_5_jpg.rf.cBl4ORGIU6fgZTlEagQz.jpg,0.25,0.1,0,32761,9469,2627,35388,42230,2,2
Tam_d11_070_a_5_jpg.rf.cBl4ORGIU6fgZTlEagQz.jpg,0.25,0.25,0,32761,9469,2627,35388,42230,2,2
Tam_d11_070_a_5_jpg.rf.cBl4ORGIU6fgZTlEagQz.jpg,0.25,0.5,0,32761,9469,2627,35388,42230,2,2
Tam_d11_070_a_5_jpg.rf.cBl4ORGIU6fgZTlEagQz.jpg,0.25,1.0,1,32761,9469,2627,35388,42230,2,2
Tam_d11_070_a_5_jpg.rf.cBl4ORGIU6fgZTlEagQz.jpg,0.3,0.0,0,32761,9469,2627,35388,42230,2,2
Tam_d11_070_a_5_jpg.rf.cBl4ORGIU6fgZTlEagQz.jpg,0.3,0.1,0,32761,9469,2627,35388,42230,2,2
Tam_d11_070_a_5_jpg.rf.cBl4ORGIU6fgZTlEagQz.jpg,0.3,0.25,0,32761,9469,2627,35388,42230,2,2
Tam_d11_070_a_5_jpg.rf.cBl4ORGIU6fgZTlEagQz.jpg,0.3,0.5,0,32761,9469,2627,35388,42230,2,2
Tam_d11_070_a_5_jpg.rf.cBl4ORGIU6fgZTlEagQz.jpg,0.3,1.0,1,32761,9469,2627,35388,42230,2,2
Tam_d11_070_a_5_jpg.rf.cBl4ORGIU6fgZTlEagQz.jpg,0.4,0.0,0,32761,9469,2627,35388,42230,2,2
Tam_d11_070_a_5_jpg.rf.cBl4ORGIU6fgZTlEagQz.jpg,0.4,0.1,0,32761,9469,2627,35388,42230,2,2
Tam_d11_070_a_5_jpg.rf.cBl4ORGIU6fgZTlEagQz.jpg,0.4,0.25,0,32761,9469,2627,35388,42230,2,2
Tam_d11_070_a_5_jpg.rf.cBl4ORGIU6fgZTlEagQz.jpg,0.4,0.5,0,32761,9469,2627,35388,42230,2,2
Tam_d11_070_a_5_jpg.rf.cBl4ORGIU6fgZTlEagQz.jpg,0.4,1.0,1,32761,9469,2627,35388,42230,2,2
Tam_d11_070_a_5_jpg.rf.cBl4ORGIU6fgZTlEagQz.jpg,0.5,0.0,1,0,0,35388,35388,0,2,0
Tam_d11_070_a_5_jpg.rf.cBl4ORGIU6fgZTlEagQz.jpg,0.5,0.1,1,0,0,35388,35388,0,2,0
Tam_d11_070_a_5_jpg.rf.cBl4ORGIU6fgZTlEagQz.jpg,0.5,0.25,1,0,0,35388,35388,0,2,0
Tam_d11_070_a_5_jpg.rf.cBl4ORGIU6fgZTlEagQz.jpg,0.5,0.5,1,0,0,35388,35388,0,2,0
Tam_d11_070_a_5_jpg.rf.cBl4ORGIU6fgZTlEagQz.jpg,0.5,1.0,1,0,0,35388,35388,0,2,0
Tam_d11_428_b_5_jpg.rf.bdY3YGO6hGT7EOFyiuvJ.jpg,0.15,0.0,0,4435,3657,172,4607,8092,0,0
Tam_d11_428_b_5_jpg.rf.bdY3YGO6hGT7EOFyiuvJ.jpg,0.15,0.1,0,4435,3657,172,4607,8092,0,0
Tam_d11_428_b_5_jpg.rf.bdY3YGO6hGT7EOFyiuvJ.jpg,0.15,0.25,0,4435,3657,172,4607,8092,0,0
Tam_d11_428_b_5_jpg.rf.bdY3YGO6hGT7EOFyiuvJ.jpg,0.15,0.5,0,4435,3657,172,4607,8092,0,0
Tam_d11_428_b_5_jpg.rf.bdY3YGO6hGT7EOFyiuvJ.jpg,0.15,1.0,1,4435,3657,172,4607,8092,0,0
Tam_d11_428_b_5_jpg.rf.bdY3YGO6hGT7EOFyiuvJ.jpg,0.2,0.0,0,4435,3657,172,4607,8092,0,0
Tam_d11_428_b_5_jpg.rf.bdY3YGO6hGT7EOFyiuvJ.jpg,0.2,0.1,0,4435,3657,172,4607,8092,0,0
Tam_d11_428_b_5_jpg.rf.bdY3YGO6hGT7EOFyiuvJ.jpg,0.2,0.25,0,4435,3657,172,4607,8092,0,0
Tam_d11_428_b_5_jpg.rf.bdY3YGO6hGT7EOFyiuvJ.jpg,0.2,0.5,0,4435,3657,172,4607,8092,0,0
Tam_d11_428_b_5_jpg.rf.bdY3YGO6hGT7EOFyiuvJ.jpg,0.2,1.0,1,4435,3657,172,4607,8092,0,0
Tam_d11_428_b_5_jpg.rf.bdY3YGO6hGT7EOFyiuvJ.jpg,0.25,0.0,1,4217,1389,390,4607,5606,0,0
Tam_d11_428_b_5_jpg.rf.bdY3YGO6hGT7EOFyiuvJ.jpg,0.25,0.1,1,4217,1389,390,4607,5606,0,0
Tam_d11_428_b_5_jpg.rf.bdY3YGO6hGT7EOFyiuvJ.jpg,0.25,0.25,1,4217,1389,390,4607,5606,0,0
Tam_d11_428_b_5_jpg.rf.bdY3YGO6hGT7EOFyiuvJ.jpg,0.25,0.5,1,4217,1389,390,4607,5606,0,0
Tam_d11_428_b_5_jpg.rf.bdY3YGO6hGT7EOFyiuvJ.jpg,0.25,1.0,1,4217,1389,390,4607,5606,0,0
Tam_d11_428_b_5_jpg.rf.bdY3YGO6hGT7EOFyiuvJ.jpg,0.3,0.0,1,4217,1389,390,4607,5606,0,0
Tam_d11_428_b_5_jpg.rf.bdY3YGO6hGT7EOFyiuvJ.jpg,0.3,0.1,1,4217,1389,390,4607,5606,0,0
Tam_d11_428_b_5_jpg.rf.bdY3YGO6hGT7EOFyiuvJ.jpg,0.3,0.25,1,4217,1389,390,4607,5606,0,0
Tam_d11_428_b_5_jpg.rf.bdY3YGO6hGT7EOFyiuvJ.jpg,0.3,0.5,1,4217,1389,390,4607,5606,0,0
Tam_d11_428_b_5_jpg.rf.bdY3YGO6hGT7EOFyiuvJ.jpg,0.3,1.0,1,4217,1389,390,4607,5606,0,0
Tam_d11_428_b_5_jpg.rf.bdY3YGO6hGT7EOFyiuvJ.jpg,0.4,0.0,1,4217,1389,390,4607,5606,0,0
Tam_d11_428_b_5_jpg.rf.bdY3YGO6hGT7EOFyiuvJ.jpg,0.4,0.1,1,4217,1389,390,4607,5606,0,0
Tam_d11_428_b_5_jpg.rf.bdY3YGO6hGT7EOFyiuvJ.jpg,0.4,0.25,1,4217,1389,390,4607,5606,0,0
Tam_d11_428_b_5_jpg.rf.bdY3YGO6hGT7EOFyiuvJ.jpg,0.4,0.5,1,4217,1389,390,4607,5606,0,0
Tam_d11_428_b_5_jpg.rf.bdY3YGO6hGT7EOFyiuvJ.jpg,0.4,1.0,1,4217,1389,390,4607,5606,0,0
Tam_d11_428_b_5_jpg.rf.bdY3YGO6hGT7EOFyiuvJ.jpg,0.5,0.0,1,4217,1389,390,4607,5606,0,0
Tam_d11_428_b_5_jpg.rf.bdY3YGO6hGT7EOFyiuvJ.jpg,0.5,0.1,1,4217,1389,390,4607,5606,0,0
Tam_d11_428_b_5_jpg.rf.bdY3YGO6hGT7EOFyiuvJ.jpg,0.5,0.25,1,4217,1389,390,4607,5606,0,0
Tam_d11_428_b_5_jpg.rf.bdY3YGO6hGT7EOFyiuvJ.jpg,0.5,0.5,1,4217,1389,390,4607,5606,0,0
Tam_d11_428_b_5_jpg.rf.bdY3YGO6hGT7EOFyiuvJ.jpg,0.5,1.0,1,4217,1389,390,4607,5606,0,0
