archivo,fruto,madurez,estado,motivo,en_revision,conf_palta,n_defectos,conf_defecto_min,ratio_defecto,frac_dudosa
T10_d01_002_a_1.jpg,T10_002,1,auto,,False,0.977,1,0.54,0.039,0.0
T10_d01_002_b_1.jpg,T10_002,1,revisar,area de defecto dudosa (100%),True,0.977,3,0.18,0.0792,1.0
T10_d01_003_a_1.jpg,T10_003,1,revisar,area de defecto dudosa (85%),True,0.976,3,0.172,0.1212,0.853
T10_d01_003_b_1.jpg,T10_003,1,revisar,area de defecto dudosa (100%),True,0.98,4,0.156,0.4023,1.0
T10_d01_007_a_1.jpg,T10_007,1,auto,,False,0.978,1,0.733,0.0335,0.0
T10_d01_007_b_1.jpg,T10_007,1,revisar,area de defecto dudosa (100%),True,0.976,1,0.485,0.05,1.0
T10_d01_011_a_1.jpg,T10_011,1,revisar,area de defecto dudosa (100%),True,0.977,3,0.166,0.196,1.0
T10_d01_011_b_1.jpg,T10_011,1,revisar,area de defecto dudosa (100%),True,0.977,1,0.369,0.0165,1.0
T10_d01_013_a_1.jpg,T10_013,1,auto,,False,0.978,0,,0.0,0.0
T10_d01_013_b_1.jpg,T10_013,1,auto,,False,0.977,0,,0.0,0.0
T10_d01_021_a_1.jpg,T10_021,1,revisar,area de defecto dudosa (100%),True,0.979,3,0.23,0.1485,0.999
T10_d01_021_b_1.jpg,T10_021,1,revisar,area de defecto dudosa (100%),True,0.979,1,0.39,0.0087,1.0
T10_d01_022_a_1.jpg,T10_022,1,auto,,False,0.982,0,,0.0,0.0
T10_d01_022_b_1.jpg,T10_022,1,revisar,area de defecto dudosa (100%),True,0.979,2,0.172,0.1971,1.0
T10_d01_026_a_1.jpg,T10_026,1,revisar,area de defecto dudosa (100%),True,0.976,6,0.157,0.3675,1.0
T10_d01_026_b_1.jpg,T10_026,1,revisar,area de defecto dudosa (100%),True,0.976,2,0.167,0.0998,1.0
T10_d01_027_a_1.jpg,T10_027,1,revisar,area de defecto dudosa (100%),True,0.978,3,0.239,0.1007,0.998
T10_d01_027_b_1.jpg,T10_027,1,auto,,False,0.98,0,,0.0,0.0
T10_d01_034_a_1.jpg,T10_034,1,auto,,False,0.979,0,,0.0,0.0
T10_d01_034_b_1.jpg,T10_034,1,revisar,area de defecto dudosa (100%),True,0.978,2,0.151,0.2736,1.0
T10_d01_037_a_1.jpg,T10_037,1,revisar,area de defecto dudosa (100%),True,0.976,6,0.231,0.1379,1.0
T10_d01_037_b_1.jpg,T10_037,1,auto,,False,0.974,1,0.747,0.0228,0.0
T10_d01_045_a_1.jpg,T10_045,1,revisar,area de defecto dudosa (100%),True,0.977,1,0.227,0.0604,1.0
T10_d01_045_b_1.jpg,T10_045,1,auto,,False,0.976,0,,0.0,0.0
T10_d01_046_a_1.jpg,T10_046,1,revisar,area de defecto dudosa (100%),True,0.977,3,0.275,0.098,1.0
T10_d01_046_b_1.jpg,T10_046,1,revisar,area de defecto dudosa (100%),True,0.98,4,0.232,0.048,1.0
T10_d01_047_a_1.jpg,T10_047,1,auto,,False,0.976,0,,0.0,0.0
T10_d01_047_b_1.jpg,T10_047,1,auto,,False,0.979,0,,0.0,0.0
T10_d01_048_a_1.jpg,T10_048,1,auto,,False,0.979,0,,0.0,0.0
T10_d01_048_b_1.jpg,T10_048,1,revisar,area de defecto dudosa (100%),True,0.978,2,0.207,0.3645,1.0
T10_d01_054_a_1.jpg,T10_054,1,revisar,area de defecto dudosa (87%),True,0.977,3,0.163,0.1428,0.87
T10_d01_054_b_1.jpg,T10_054,1,revisar,area de defecto dudosa (100%),True,0.972,5,0.171,0.1608,1.0
T10_d01_055_a_1.jpg,T10_055,1,auto,,False,0.981,1,0.685,0.0308,0.0
T10_d01_055_b_1.jpg,T10_055,1,auto,,False,0.979,1,0.771,0.0543,0.0
T10_d01_061_a_1.jpg,T10_061,1,revisar,area de defecto dudosa (100%),True,0.98,3,0.22,0.6833,1.0
T10_d01_061_b_1.jpg,T10_061,1,auto,,False,0.977,0,,0.0,0.0
T10_d01_067_a_1.jpg,T10_067,1,auto,,False,0.977,1,0.689,0.0456,0.0
T10_d01_067_b_1.jpg,T10_067,1,revisar,area de defecto dudosa (100%),True,0.976,3,0.196,0.171,1.0
T10_d01_069_a_1.jpg,T10_069,1,revisar,area de defecto dudosa (58%),True,0.978,4,0.162,0.1639,0.585
T10_d01_069_b_1.jpg,T10_069,1,revisar,area de defecto dudosa (100%),True,0.979,2,0.174,0.049,1.0
T10_d01_083_a_1.jpg,T10_083,1,auto,,False,0.978,1,0.677,0.0213,0.0
T10_d01_083_b_1.jpg,T10_083,1,auto,,False,0.977,1,0.593,0.022,0.0
T10_d01_089_a_1.jpg,T10_089,1,auto,,False,0.976,2,0.536,0.102,0.0
T10_d01_089_b_1.jpg,T10_089,1,revisar,area de defecto dudosa (94%),True,0.977,4,0.171,0.0727,0.939
T10_d01_093_a_1.jpg,T10_093,1,auto,,False,0.982,0,,0.0,0.0
T10_d01_093_b_1.jpg,T10_093,1,revisar,area de defecto dudosa (100%),True,0.981,3,0.161,0.051,1.0
T10_d01_094_a_1.jpg,T10_094,1,auto,,False,0.982,1,0.646,0.1139,0.0
T10_d01_094_b_1.jpg,T10_094,1,revisar,area de defecto dudosa (100%),True,0.981,1,0.171,0.307,1.0
T10_d01_096_a_1.jpg,T10_096,1,revisar,area de defecto dudosa (95%),True,0.975,3,0.159,0.0641,0.947
T10_d01_096_b_1.jpg,T10_096,1,revisar,area de defecto dudosa (85%),True,0.978,2,0.227,0.0914,0.853
T10_d01_097_a_1.jpg,T10_097,1,revisar,area de defecto dudosa (94%),True,0.98,2,0.216,0.0298,0.944
T10_d01_097_b_1.jpg,T10_097,1,revisar,area de defecto dudosa (100%),True,0.98,5,0.175,0.4746,1.0
T10_d01_098_a_1.jpg,T10_098,1,revisar,area de defecto dudosa (100%),True,0.98,2,0.158,0.0678,1.0
T10_d01_098_b_1.jpg,T10_098,1,auto,,False,0.978,1,0.546,0.0821,0.0
T10_d01_099_a_1.jpg,T10_099,1,auto,,False,0.977,0,,0.0,0.0
T10_d01_099_b_1.jpg,T10_099,1,auto,,False,0.981,0,,0.0,0.0
T10_d01_108_a_1.jpg,T10_108,1,auto,,False,0.978,0,,0.0,0.0
T10_d01_108_b_1.jpg,T10_108,1,revisar,area de defecto dudosa (100%),True,0.977,2,0.361,0.0804,0.999
T10_d01_109_a_1.jpg,T10_109,1,revisar,area de defecto dudosa (100%),True,0.978,6,0.166,0.2414,1.0
T10_d01_109_b_1.jpg,T10_109,1,revisar,area de defecto dudosa (100%),True,0.979,1,0.372,0.0314,1.0
T10_d01_110_a_1.jpg,T10_110,1,revisar,area de defecto dudosa (100%),True,0.98,3,0.242,0.156,1.0
T10_d01_110_b_1.jpg,T10_110,1,revisar,area de defecto dudosa (100%),True,0.972,1,0.482,0.0773,1.0
T10_d01_113_a_1.jpg,T10_113,1,auto,,False,0.98,1,0.889,0.1082,0.0
T10_d01_113_b_1.jpg,T10_113,1,revisar,area de defecto dudosa (100%),True,0.98,1,0.176,0.0517,1.0
T10_d01_118_a_1.jpg,T10_118,1,auto,,False,0.979,0,,0.0,0.0
T10_d01_118_b_1.jpg,T10_118,1,revisar,area de defecto dudosa (100%),True,0.975,4,0.163,0.2133,1.0
T10_d01_120_b_1.jpg,T10_120,1,revisar,area de defecto dudosa (75%),True,0.977,3,0.182,0.1954,0.751
T10_d01_122_b_1.jpg,T10_122,1,auto,,False,0.981,1,0.737,0.1201,0.0
T10_d01_125_a_1.jpg,T10_125,1,revisar,area de defecto dudosa (100%),True,0.977,3,0.165,0.0434,1.0
T10_d01_125_b_1.jpg,T10_125,1,revisar,area de defecto dudosa (100%),True,0.979,1,0.227,0.3088,1.0
T10_d01_128_b_1.jpg,T10_128,1,auto,,False,0.977,1,0.628,0.0169,0.0
T10_d01_129_a_1.jpg,T10_129,1,revisar,area de defecto dudosa (76%),True,0.983,2,0.157,0.0932,0.757
T10_d01_130_a_1.jpg,T10_130,1,revisar,area de defecto dudosa (100%),True,0.974,4,0.168,0.527,1.0
T10_d01_130_b_1.jpg,T10_130,1,revisar,area de defecto dudosa (100%),True,0.976,1,0.177,0.1028,1.0
T10_d01_131_a_1.jpg,T10_131,1,revisar,area de defecto dudosa (100%),True,0.975,3,0.207,0.229,1.0
T10_d01_131_b_1.jpg,T10_131,1,revisar,area de defecto dudosa (100%),True,0.978,1,0.218,0.3927,1.0
T10_d01_133_a_1.jpg,T10_133,1,revisar,area de defecto dudosa (100%),True,0.98,2,0.161,0.0902,1.0
T10_d01_133_b_1.jpg,T10_133,1,auto,,False,0.981,2,0.637,0.1243,0.0
T10_d01_138_a_1.jpg,T10_138,1,revisar,area de defecto dudosa (100%),True,0.976,2,0.152,0.2504,1.0
T10_d01_138_b_1.jpg,T10_138,1,revisar,area de defecto dudosa (85%),True,0.976,2,0.332,0.0366,0.849
T10_d01_145_b_1.jpg,T10_145,1,revisar,area de defecto dudosa (100%),True,0.976,3,0.261,0.2114,1.0
T10_d01_148_a_1.jpg,T10_148,1,revisar,area de defecto dudosa (98%),True,0.976,2,0.226,0.1837,0.983
T10_d01_148_b_1.jpg,T10_148,1,revisar,area de defecto dudosa (100%),True,0.979,1,0.218,0.0872,1.0
T10_d01_149_a_1.jpg,T10_149,1,auto,,False,0.977,0,,0.0,0.0
T10_d01_149_b_1.jpg,T10_149,1,revisar,area de defecto dudosa (100%),True,0.977,2,0.306,0.4625,1.0
T10_d01_152_a_1.jpg,T10_152,1,revisar,area de defecto dudosa (100%),True,0.98,1,0.167,0.0104,1.0
T10_d01_152_b_1.jpg,T10_152,1,revisar,area de defecto dudosa (93%),True,0.978,2,0.173,0.3469,0.926
T10_d01_156_b_1.jpg,T10_156,1,revisar,area de defecto dudosa (100%),True,0.979,1,0.337,0.0189,1.0
T10_d01_163_a_1.jpg,T10_163,1,auto,,False,0.981,1,0.885,0.2157,0.0
T10_d01_165_b_1.jpg,T10_165,1,auto,,False,0.98,1,0.502,0.0432,0.0
T10_d01_166_a_1.jpg,T10_166,1,revisar,area de defecto dudosa (100%),True,0.98,2,0.256,0.0326,1.0
T10_d01_166_b_1.jpg,T10_166,1,revisar,area de defecto dudosa (100%),True,0.981,2,0.349,0.1882,1.0
T10_d01_167_a_1.jpg,T10_167,1,revisar,area de defecto dudosa (100%),True,0.975,2,0.155,0.0161,1.0
T10_d01_167_b_1.jpg,T10_167,1,revisar,area de defecto dudosa (100%),True,0.975,2,0.157,0.0207,1.0
T10_d01_168_a_1.jpg,T10_168,1,revisar,area de defecto dudosa (100%),True,0.978,3,0.156,0.022,1.0
T10_d01_168_b_1.jpg,T10_168,1,revisar,defecto rectangular; area de defecto dudosa (95%),True,0.977,3,0.197,0.3547,0.947
T10_d01_172_a_1.jpg,T10_172,1,revisar,area de defecto dudosa (92%),True,0.977,5,0.153,0.3547,0.917
T10_d01_172_b_1.jpg,T10_172,1,revisar,area de defecto dudosa (100%),True,0.974,2,0.152,0.1745,1.0
T10_d01_180_a_1.jpg,T10_180,1,revisar,area de defecto dudosa (100%),True,0.975,2,0.174,0.0538,1.0
T10_d01_180_b_1.jpg,T10_180,1,revisar,area de defecto dudosa (100%),True,0.974,4,0.157,0.1449,1.0
T10_d01_181_a_1.jpg,T10_181,1,auto,,False,0.977,1,0.653,0.1183,0.0
T10_d01_181_b_1.jpg,T10_181,1,revisar,area de defecto dudosa (100%),True,0.979,2,0.164,0.0164,1.0
T10_d01_193_a_1.jpg,T10_193,1,revisar,area de defecto dudosa (100%),True,0.98,1,0.437,0.3284,1.0
T10_d01_193_b_1.jpg,T10_193,1,revisar,area de defecto dudosa (100%),True,0.98,1,0.188,0.3776,1.0
T10_d01_194_a_1.jpg,T10_194,1,revisar,area de defecto dudosa (100%),True,0.978,2,0.42,0.0784,1.0
T10_d01_194_b_1.jpg,T10_194,1,revisar,area de defecto dudosa (100%),True,0.981,2,0.168,0.1105,1.0
T10_d01_196_a_1.jpg,T10_196,1,auto,,False,0.978,0,,0.0,0.0
T10_d01_196_b_1.jpg,T10_196,1,revisar,area de defecto dudosa (100%),True,0.977,1,0.427,0.0608,1.0
T10_d01_202_a_1.jpg,T10_202,1,revisar,area de defecto dudosa (99%),True,0.979,2,0.177,0.0395,0.992
T10_d01_202_b_1.jpg,T10_202,1,revisar,area de defecto dudosa (100%),True,0.977,2,0.157,0.0902,1.0
T10_d01_204_a_1.jpg,T10_204,1,auto,,False,0.977,1,0.688,0.0907,0.0
T10_d01_204_b_1.jpg,T10_204,1,revisar,area de defecto dudosa (100%),True,0.976,1,0.446,0.0283,1.0
T10_d01_206_a_1.jpg,T10_206,1,revisar,area de defecto dudosa (100%),True,0.976,2,0.3,0.0587,0.999
T10_d01_206_b_1.jpg,T10_206,1,revisar,area de defecto dudosa (100%),True,0.978,2,0.345,0.0396,1.0
T10_d01_211_a_1.jpg,T10_211,1,auto,,False,0.977,1,0.665,0.0258,0.0
T10_d01_211_b_1.jpg,T10_211,1,auto,,False,0.978,2,0.504,0.1691,0.0
T10_d01_213_a_1.jpg,T10_213,1,auto,,False,0.978,0,,0.0,0.0
T10_d01_213_b_1.jpg,T10_213,1,revisar,area de defecto dudosa (100%),True,0.977,5,0.156,0.57,1.0
T10_d01_215_a_1.jpg,T10_215,1,revisar,area de defecto dudosa (100%),True,0.977,1,0.331,0.0085,1.0
T10_d01_215_b_1.jpg,T10_215,1,auto,,False,0.981,0,,0.0,0.0
T10_d01_217_a_1.jpg,T10_217,1,revisar,area de defecto dudosa (100%),True,0.982,1,0.184,0.0441,1.0
T10_d01_217_b_1.jpg,T10_217,1,auto,,False,0.978,1,0.736,0.0656,0.0
T10_d01_221_a_1.jpg,T10_221,1,auto,,False,0.978,1,0.865,0.0748,0.0
T10_d01_223_a_1.jpg,T10_223,1,auto,,False,0.978,0,,0.0,0.0
T10_d01_223_b_1.jpg,T10_223,1,revisar,area de defecto dudosa (100%),True,0.978,4,0.154,0.139,1.0
T10_d01_227_a_1.jpg,T10_227,1,auto,,False,0.98,1,0.556,0.0763,0.0
T10_d01_227_b_1.jpg,T10_227,1,revisar,defecto rectangular; area de defecto dudosa (100%),True,0.979,1,0.151,0.1798,1.0
T10_d01_229_a_1.jpg,T10_229,1,auto,,False,0.978,1,0.63,0.0434,0.0
T10_d01_229_b_1.jpg,T10_229,1,revisar,area de defecto dudosa (100%),True,0.979,1,0.196,0.2608,1.0
T10_d01_233_a_1.jpg,T10_233,1,revisar,area de defecto dudosa (100%),True,0.981,1,0.368,0.0589,1.0
T10_d01_233_b_1.jpg,T10_233,1,auto,,False,0.975,1,0.678,0.0851,0.0
T10_d01_234_a_1.jpg,T10_234,1,revisar,area de defecto dudosa (100%),True,0.976,1,0.484,0.0169,1.0
T10_d01_236_a_1.jpg,T10_236,1,revisar,area de defecto dudosa (100%),True,0.979,1,0.411,0.0321,1.0
T10_d01_236_b_1.jpg,T10_236,1,auto,,False,0.971,1,0.609,0.0559,0.0
T10_d01_237_a_1.jpg,T10_237,1,revisar,area de defecto dudosa (100%),True,0.981,1,0.383,0.1101,1.0
T10_d01_237_b_1.jpg,T10_237,1,auto,,False,0.979,1,0.798,0.1294,0.0
T10_d01_243_a_1.jpg,T10_243,1,auto,,False,0.979,0,,0.0,0.0
T10_d01_243_b_1.jpg,T10_243,1,auto,,False,0.978,1,0.747,0.2092,0.0
T10_d01_245_b_1.jpg,T10_245,1,auto,,False,0.978,1,0.82,0.0279,0.0
T10_d01_250_a_1.jpg,T10_250,1,revisar,area de defecto dudosa (100%),True,0.976,4,0.182,0.1258,1.0
T10_d01_250_b_1.jpg,T10_250,1,revisar,area de defecto dudosa (100%),True,0.979,4,0.228,0.2885,1.0
T10_d01_252_a_1.jpg,T10_252,1,revisar,area de defecto dudosa (100%),True,0.982,2,0.276,0.1918,1.0
T10_d01_252_b_1.jpg,T10_252,1,revisar,area de defecto dudosa (100%),True,0.978,7,0.168,0.1102,1.0
T10_d01_262_a_1.jpg,T10_262,1,auto,,True,0.978,0,,0.0,0.0
T10_d01_262_b_1.jpg,T10_262,1,revisar,area de defecto dudosa (100%),True,0.974,3,0.193,0.242,1.0
T10_d01_266_a_1.jpg,T10_266,1,revisar,area de defecto dudosa (100%),True,0.977,2,0.292,0.0425,1.0
T10_d01_266_b_1.jpg,T10_266,1,auto,,False,0.978,1,0.703,0.0924,0.0
T10_d01_269_a_1.jpg,T10_269,1,auto,,False,0.976,1,0.796,0.0906,0.0
T10_d01_269_b_1.jpg,T10_269,1,auto,,False,0.977,1,0.92,0.0376,0.0
T10_d01_274_a_1.jpg,T10_274,1,revisar,area de defecto dudosa (100%),True,0.981,1,0.218,0.0126,1.0
T10_d01_274_b_1.jpg,T10_274,1,revisar,area de defecto dudosa (100%),True,0.974,2,0.367,0.269,1.0
T10_d01_276_a_1.jpg,T10_276,1,revisar,area de defecto dudosa (100%),True,0.975,3,0.183,0.0351,1.0
T10_d01_276_b_1.jpg,T10_276,1,revisar,area de defecto dudosa (100%),True,0.977,3,0.156,0.1259,1.0
T10_d01_282_a_1.jpg,T10_282,1,revisar,area de defecto dudosa (100%),True,0.981,3,0.155,0.3337,1.0
T10_d01_282_b_1.jpg,T10_282,1,auto,,False,0.979,1,0.546,0.1001,0.0
T10_d01_283_a_1.jpg,T10_283,1,auto,,False,0.98,0,,0.0,0.0
T10_d01_283_b_1.jpg,T10_283,1,revisar,area de defecto dudosa (100%),True,0.977,2,0.211,0.0796,1.0
T10_d01_284_a_1.jpg,T10_284,1,revisar,area de defecto dudosa (100%),True,0.976,2,0.171,0.0837,1.0
T10_d01_284_b_1.jpg,T10_284,1,revisar,defecto rectangular; area de defecto dudosa (100%),True,0.976,1,0.205,0.5493,1.0
T10_d01_290_a_1.jpg,T10_290,1,revisar,defecto rectangular; area de defecto dudosa (100%),True,0.977,5,0.16,0.8105,1.0
T10_d01_290_b_1.jpg,T10_290,1,revisar,area de defecto dudosa (77%),True,0.981,3,0.264,0.4243,0.766
T10_d01_294_a_1.jpg,T10_294,1,revisar,area de defecto dudosa (100%),True,0.976,2,0.246,0.0734,1.0
T10_d01_294_b_1.jpg,T10_294,1,auto,,False,0.977,2,0.594,0.1268,0.0
T10_d01_295_a_1.jpg,T10_295,1,auto,,False,0.98,3,0.171,0.2541,0.5
T10_d01_295_b_1.jpg,T10_295,1,auto,,False,0.975,3,0.158,0.1029,0.257
T10_d01_296_a_1.jpg,T10_296,1,auto,,False,0.98,0,,0.0,0.0
T10_d01_296_b_1.jpg,T10_296,1,auto,,False,0.982,1,0.667,0.2583,0.0
T10_d01_306_a_1.jpg,T10_306,1,auto,,False,0.981,0,,0.0,0.0
T10_d01_306_b_1.jpg,T10_306,1,revisar,area de defecto dudosa (100%),True,0.979,1,0.236,0.0887,1.0
T10_d01_314_a_1.jpg,T10_314,1,auto,,False,0.977,0,,0.0,0.0
T10_d01_314_b_1.jpg,T10_314,1,revisar,area de defecto dudosa (100%),True,0.978,2,0.23,0.6086,1.0
T10_d01_315_a_1.jpg,T10_315,1,auto,,False,0.974,0,,0.0,0.0
T10_d01_315_b_1.jpg,T10_315,1,auto,,False,0.977,0,,0.0,0.0
T10_d01_325_a_1.jpg,T10_325,1,auto,,False,0.976,0,,0.0,0.0
T10_d01_325_b_1.jpg,T10_325,1,revisar,area de defecto dudosa (100%),True,0.975,2,0.217,0.0918,1.0
T10_d01_326_a_1.jpg,T10_326,1,auto,,False,0.98,2,0.43,0.0536,0.361
T10_d01_326_b_1.jpg,T10_326,1,revisar,area de defecto dudosa (75%),True,0.978,2,0.36,0.0537,0.747
T10_d01_327_a_1.jpg,T10_327,1,revisar,area de defecto dudosa (100%),True,0.974,3,0.215,0.1071,1.0
T10_d01_327_b_1.jpg,T10_327,1,revisar,area de defecto dudosa (100%),True,0.978,3,0.156,0.4207,1.0
T10_d01_328_a_1.jpg,T10_328,1,auto,,True,0.98,1,0.593,0.0869,0.0
T10_d01_328_b_1.jpg,T10_328,1,revisar,area de defecto dudosa (100%),True,0.979,1,0.167,0.0442,1.0
T10_d01_330_a_1.jpg,T10_330,1,auto,,False,0.981,0,,0.0,0.0
T10_d01_330_b_1.jpg,T10_330,1,auto,,False,0.98,0,,0.0,0.0
T10_d01_333_a_1.jpg,T10_333,1,revisar,area de defecto dudosa (100%),True,0.98,2,0.322,0.0441,1.0
T10_d01_333_b_1.jpg,T10_333,1,revisar,area de defecto dudosa (100%),True,0.983,2,0.191,0.0884,1.0
T10_d01_336_a_1.jpg,T10_336,1,revisar,area de defecto dudosa (100%),True,0.983,2,0.246,0.5472,1.0
T10_d01_336_b_1.jpg,T10_336,1,revisar,area de defecto dudosa (100%),True,0.977,2,0.184,0.2386,1.0
T10_d01_337_a_1.jpg,T10_337,1,auto,,False,0.976,0,,0.0,0.0
T10_d01_337_b_1.jpg,T10_337,1,revisar,area de defecto dudosa (100%),True,0.977,1,0.369,0.08,1.0
T10_d01_338_a_1.jpg,T10_338,1,revisar,area de defecto dudosa (100%),True,0.982,1,0.242,0.1852,1.0
T10_d01_338_b_1.jpg,T10_338,1,revisar,area de defecto dudosa (100%),True,0.979,3,0.214,0.1368,0.999
T10_d01_349_a_1.jpg,T10_349,1,auto,,False,0.981,0,,0.0,0.0
T10_d01_349_b_1.jpg,T10_349,1,revisar,area de defecto dudosa (100%),True,0.98,1,0.167,0.3303,1.0
T10_d01_350_a_1.jpg,T10_350,1,auto,,False,0.982,0,,0.0,0.0
T10_d01_350_b_1.jpg,T10_350,1,revisar,area de defecto dudosa (100%),True,0.979,1,0.165,0.0492,1.0
T10_d01_351_a_1.jpg,T10_351,1,auto,,False,0.977,0,,0.0,0.0
T10_d01_351_b_1.jpg,T10_351,1,auto,,False,0.977,1,0.532,0.0247,0.0
T10_d01_355_a_1.jpg,T10_355,1,auto,,False,0.978,2,0.458,0.072,0.294
T10_d01_355_b_1.jpg,T10_355,1,auto,,False,0.981,0,,0.0,0.0
T10_d01_357_a_1.jpg,T10_357,1,revisar,area de defecto dudosa (100%),True,0.981,3,0.183,0.2422,1.0
T10_d01_357_b_1.jpg,T10_357,1,auto,,False,0.976,1,0.575,0.1808,0.0
T10_d01_358_a_1.jpg,T10_358,1,revisar,area de defecto dudosa (94%),True,0.978,3,0.207,0.0812,0.937
T10_d01_358_b_1.jpg,T10_358,1,revisar,area de defecto dudosa (100%),True,0.977,4,0.245,0.1207,1.0
T10_d01_359_a_1.jpg,T10_359,1,auto,,False,0.981,0,,0.0,0.0
T10_d01_359_b_1.jpg,T10_359,1,auto,,False,0.98,0,,0.0,0.0
T10_d01_365_b_1.jpg,T10_365,1,auto,,False,0.981,0,,0.0,0.0
T10_d01_366_a_1.jpg,T10_366,1,auto,,False,0.981,1,0.837,0.1651,0.0
T10_d01_366_b_1.jpg,T10_366,1,revisar,area de defecto dudosa (100%),True,0.981,1,0.159,0.0727,1.0
T10_d01_367_a_1.jpg,T10_367,1,revisar,area de defecto dudosa (100%),True,0.982,4,0.216,0.1081,1.0
T10_d01_367_b_1.jpg,T10_367,1,auto,,False,0.98,0,,0.0,0.0
T10_d01_372_a_1.jpg,T10_372,1,revisar,area de defecto dudosa (100%),True,0.971,4,0.259,0.1089,0.999
T10_d01_372_b_1.jpg,T10_372,1,revisar,area de defecto dudosa (100%),True,0.984,3,0.173,0.052,1.0
T10_d01_376_b_1.jpg,T10_376,1,revisar,area de defecto dudosa (99%),True,0.974,2,0.211,0.1455,0.995
T10_d01_377_a_1.jpg,T10_377,1,revisar,area de defecto dudosa (100%),True,0.977,2,0.151,0.1171,1.0
T10_d01_377_b_1.jpg,T10_377,1,auto,,True,0.98,1,0.78,0.0226,0.0
T10_d01_381_a_1.jpg,T10_381,1,revisar,area de defecto dudosa (100%),True,0.983,1,0.165,0.1008,1.0
T10_d01_381_b_1.jpg,T10_381,1,revisar,area de defecto dudosa (100%),True,0.982,3,0.16,0.242,1.0
T10_d01_382_a_1.jpg,T10_382,1,auto,,False,0.976,1,0.812,0.0967,0.0
T10_d01_382_b_1.jpg,T10_382,1,auto,,False,0.979,1,0.505,0.1174,0.0
T10_d01_387_a_1.jpg,T10_387,1,auto,,False,0.983,0,,0.0,0.0
T10_d01_387_b_1.jpg,T10_387,1,revisar,area de defecto dudosa (100%),True,0.982,4,0.152,0.5007,1.0
T10_d01_400_a_1.jpg,T10_400,1,auto,,False,0.976,1,0.668,0.0203,0.0
T10_d01_400_b_1.jpg,T10_400,1,revisar,area de defecto dudosa (58%),True,0.974,4,0.189,0.1803,0.581
T10_d01_401_a_1.jpg,T10_401,1,revisar,area de defecto dudosa (96%),True,0.981,2,0.157,0.1026,0.961
T10_d01_401_b_1.jpg,T10_401,1,auto,,False,0.978,0,,0.0,0.0
T10_d01_405_a_1.jpg,T10_405,1,revisar,area de defecto dudosa (100%),True,0.981,2,0.15,0.0221,1.0
T10_d01_405_b_1.jpg,T10_405,1,auto,,False,0.977,1,0.509,0.0491,0.0
T10_d01_408_a_1.jpg,T10_408,1,auto,,False,0.983,1,0.505,0.0362,0.0
T10_d01_408_b_1.jpg,T10_408,1,auto,,False,0.984,0,,0.0,0.0
T10_d01_410_b_1.jpg,T10_410,1,revisar,area de defecto dudosa (100%),True,0.981,2,0.155,0.0542,1.0
T10_d01_413_a_1.jpg,T10_413,1,auto,,False,0.975,1,0.775,0.0324,0.0
T10_d01_413_b_1.jpg,T10_413,1,revisar,area de defecto dudosa (100%),True,0.978,2,0.154,0.0182,1.0
T10_d01_414_b_1.jpg,T10_414,1,revisar,area de defecto dudosa (100%),True,0.982,1,0.459,0.0196,1.0
T10_d01_415_a_1.jpg,T10_415,1,auto,,False,0.975,1,0.573,0.1515,0.0
T10_d01_415_b_1.jpg,T10_415,1,revisar,area de defecto dudosa (100%),True,0.977,1,0.355,0.3344,1.0
T10_d01_418_b_1.jpg,T10_418,1,revisar,area de defecto dudosa (100%),True,0.97,3,0.28,0.1248,1.0
T10_d01_420_a_1.jpg,T10_420,1,auto,,False,0.979,1,0.58,0.0136,0.0
T10_d01_420_b_1.jpg,T10_420,1,revisar,area de defecto dudosa (100%),True,0.978,3,0.191,0.0965,1.0
T10_d01_422_a_1.jpg,T10_422,1,auto,,False,0.977,1,0.784,0.0472,0.0
T10_d01_422_b_1.jpg,T10_422,1,auto,,False,0.977,1,0.736,0.1332,0.0
T10_d01_425_a_1.jpg,T10_425,1,auto,,False,0.979,0,,0.0,0.0
T10_d01_425_b_1.jpg,T10_425,1,auto,,False,0.979,1,0.621,0.0685,0.0
T10_d01_429_a_1.jpg,T10_429,1,revisar,area de defecto dudosa (100%),True,0.979,1,0.268,0.0858,1.0
T10_d01_429_b_1.jpg,T10_429,1,revisar,area de defecto dudosa (87%),True,0.975,6,0.158,0.3733,0.873
T10_d01_442_a_1.jpg,T10_442,1,auto,,False,0.983,1,0.728,0.0608,0.0
T10_d01_442_b_1.jpg,T10_442,1,auto,,False,0.983,1,0.73,0.0237,0.0
T10_d01_444_a_1.jpg,T10_444,1,revisar,area de defecto dudosa (100%),True,0.98,1,0.237,0.0282,1.0
T10_d01_444_b_1.jpg,T10_444,1,revisar,area de defecto dudosa (100%),True,0.984,1,0.488,0.0543,1.0
T10_d01_445_a_1.jpg,T10_445,1,auto,,False,0.978,1,0.729,0.0284,0.0
T10_d01_445_b_1.jpg,T10_445,1,revisar,area de defecto dudosa (100%),True,0.984,4,0.179,0.1955,1.0
T10_d01_446_a_1.jpg,T10_446,1,revisar,area de defecto dudosa (65%),True,0.982,2,0.438,0.2458,0.651
T10_d01_446_b_1.jpg,T10_446,1,revisar,area de defecto dudosa (100%),True,0.975,2,0.17,0.1379,1.0
T10_d01_447_b_1.jpg,T10_447,1,auto,,False,0.982,1,0.562,0.0599,0.0
T10_d01_448_a_1.jpg,T10_448,1,auto,,False,0.977,1,0.691,0.2922,0.0
T10_d01_448_b_1.jpg,T10_448,1,revisar,area de defecto dudosa (100%),True,0.978,4,0.17,0.5145,1.0
T10_d01_449_a_1.jpg,T10_449,1,revisar,area de defecto dudosa (100%),True,0.977,3,0.261,0.1044,1.0
T10_d01_449_b_1.jpg,T10_449,1,revisar,area de defecto dudosa (100%),True,0.978,1,0.234,0.026,1.0
T10_d01_454_a_1.jpg,T10_454,1,revisar,area de defecto dudosa (100%),True,0.98,1,0.371,0.0433,1.0
T10_d01_454_b_1.jpg,T10_454,1,revisar,area de defecto dudosa (99%),True,0.971,2,0.296,0.1344,0.994
T10_d01_458_a_1.jpg,T10_458,1,auto,,False,0.982,0,,0.0,0.0
T10_d01_458_b_1.jpg,T10_458,1,revisar,area de defecto dudosa (100%),True,0.98,5,0.218,0.0927,1.0
T10_d01_459_a_1.jpg,T10_459,1,auto,,False,0.977,0,,0.0,0.0
T10_d01_459_b_1.jpg,T10_459,1,auto,,False,0.976,0,,0.0,0.0
T10_d01_470_a_1.jpg,T10_470,1,revisar,area de defecto dudosa (100%),True,0.98,3,0.174,0.0514,0.999
T10_d01_470_b_1.jpg,T10_470,1,auto,,False,0.98,0,,0.0,0.0
T10_d01_475_a_1.jpg,T10_475,1,revisar,area de defecto dudosa (100%),True,0.976,2,0.282,0.1951,1.0
T10_d01_476_a_1.jpg,T10_476,1,auto,,False,0.982,0,,0.0,0.0
T10_d01_476_b_1.jpg,T10_476,1,auto,,False,0.981,0,,0.0,0.0
T10_d02_002_a_1.jpg,T10_002,1,revisar,area de defecto dudosa (100%),True,0.98,1,0.367,0.2065,1.0
T10_d02_002_b_1.jpg,T10_002,1,revisar,area de defecto dudosa (100%),True,0.979,2,0.215,0.0196,1.0
T10_d02_003_a_1.jpg,T10_003,1,revisar,area de defecto dudosa (100%),True,0.98,2,0.227,0.5364,1.0
T10_d02_003_b_1.jpg,T10_003,1,revisar,defecto rectangular; area de defecto dudosa (100%),True,0.979,2,0.167,0.5966,1.0
T10_d02_007_a_1.jpg,T10_007,1,revisar,area de defecto dudosa (95%),True,0.972,2,0.319,0.1163,0.95
T10_d02_007_b_1.jpg,T10_007,1,auto,,False,0.979,1,0.625,0.0739,0.0
T10_d02_011_a_1.jpg,T10_011,1,revisar,area de defecto dudosa (100%),True,0.977,4,0.152,0.144,1.0
T10_d02_011_b_1.jpg,T10_011,1,auto,,False,0.977,0,,0.0,0.0
T10_d02_013_a_1.jpg,T10_013,1,auto,,False,0.979,0,,0.0,0.0
T10_d02_013_b_1.jpg,T10_013,1,auto,,False,0.978,0,,0.0,0.0
T10_d02_021_a_1.jpg,T10_021,1,revisar,area de defecto dudosa (100%),True,0.98,3,0.248,0.0598,1.0
T10_d02_021_b_1.jpg,T10_021,1,revisar,area de defecto dudosa (100%),True,0.982,2,0.183,0.0182,1.0
T10_d02_022_a_1.jpg,T10_022,1,auto,,False,0.977,0,,0.0,0.0
T10_d02_022_b_1.jpg,T10_022,1,revisar,area de defecto dudosa (100%),True,0.978,1,0.234,0.0409,1.0
T10_d02_026_a_1.jpg,T10_026,1,revisar,area de defecto dudosa (100%),True,0.975,5,0.184,0.2415,1.0
T10_d02_026_b_1.jpg,T10_026,1,revisar,area de defecto dudosa (97%),True,0.975,2,0.326,0.0825,0.973
T10_d02_027_a_1.jpg,T10_027,1,revisar,area de defecto dudosa (95%),True,0.98,4,0.161,0.3246,0.947
T10_d02_027_b_1.jpg,T10_027,1,auto,,False,0.978,0,,0.0,0.0
T10_d02_034_a_1.jpg,T10_034,1,revisar,area de defecto dudosa (100%),True,0.977,3,0.186,0.161,1.0
T10_d02_037_a_1.jpg,T10_037,1,auto,,False,0.977,1,0.791,0.0251,0.0
T10_d02_037_b_1.jpg,T10_037,1,revisar,area de defecto dudosa (100%),True,0.978,2,0.337,0.035,1.0
T10_d02_045_a_1.jpg,T10_045,1,revisar,area de defecto dudosa (100%),True,0.979,3,0.162,0.3732,1.0
T10_d02_045_b_1.jpg,T10_045,1,revisar,area de defecto dudosa (100%),True,0.977,3,0.179,0.0864,1.0
T10_d02_046_a_1.jpg,T10_046,1,revisar,area de defecto dudosa (87%),True,0.975,2,0.314,0.2142,0.866
T10_d02_046_b_1.jpg,T10_046,1,revisar,area de defecto dudosa (100%),True,0.98,2,0.174,0.0344,1.0
T10_d02_047_a_1.jpg,T10_047,1,auto,,False,0.975,0,,0.0,0.0
T10_d02_047_b_1.jpg,T10_047,1,revisar,area de defecto dudosa (100%),True,0.971,1,0.166,0.0045,1.0
T10_d02_048_a_1.jpg,T10_048,1,auto,,False,0.977,0,,0.0,0.0
T10_d02_048_b_1.jpg,T10_048,1,revisar,area de defecto dudosa (100%),True,0.979,3,0.208,0.3805,1.0
T10_d02_054_a_1.jpg,T10_054,1,auto,,False,0.973,1,0.617,0.0753,0.0
T10_d02_054_b_1.jpg,T10_054,1,revisar,defecto rectangular; defecto rectangular; area de defecto dudosa (100%),True,0.967,3,0.17,0.5576,1.0
T10_d02_055_a_1.jpg,T10_055,1,auto,,False,0.978,0,,0.0,0.0
T10_d02_055_b_1.jpg,T10_055,1,revisar,area de defecto dudosa (89%),True,0.977,3,0.157,0.227,0.889
T10_d02_061_b_1.jpg,T10_061,1,auto,,False,0.978,0,,0.0,0.0
T10_d02_067_a_1.jpg,T10_067,1,auto,,False,0.978,1,0.571,0.0348,0.0
T10_d02_067_b_1.jpg,T10_067,1,revisar,area de defecto dudosa (100%),True,0.977,2,0.2,0.1563,1.0
T10_d02_069_a_1.jpg,T10_069,1,revisar,area de defecto dudosa (52%),True,0.977,3,0.165,0.1607,0.521
T10_d02_069_b_1.jpg,T10_069,1,revisar,area de defecto dudosa (100%),True,0.981,2,0.285,0.0534,1.0
T10_d02_083_a_1.jpg,T10_083,1,revisar,area de defecto dudosa (100%),True,0.981,1,0.205,0.0584,1.0
T10_d02_083_b_1.jpg,T10_083,1,auto,,False,0.982,2,0.505,0.0284,0.0
T10_d02_089_a_1.jpg,T10_089,1,revisar,area de defecto dudosa (89%),True,0.98,4,0.195,0.0971,0.89
T10_d02_089_b_1.jpg,T10_089,1,revisar,area de defecto dudosa (52%),True,0.98,3,0.169,0.065,0.523
T10_d02_093_a_1.jpg,T10_093,1,revisar,area de defecto dudosa (100%),True,0.978,2,0.221,0.0434,0.996
T10_d02_093_b_1.jpg,T10_093,1,auto,,False,0.977,1,0.537,0.0388,0.0
T10_d02_094_a_1.jpg,T10_094,1,revisar,area de defecto dudosa (100%),True,0.981,1,0.227,0.0266,1.0
T10_d02_094_b_1.jpg,T10_094,1,revisar,area de defecto dudosa (100%),True,0.982,2,0.17,0.2008,1.0
T10_d02_096_a_1.jpg,T10_096,1,revisar,area de defecto dudosa (100%),True,0.98,4,0.167,0.0316,1.0
T10_d02_096_b_1.jpg,T10_096,1,auto,,False,0.978,1,0.588,0.095,0.0
T10_d02_097_a_1.jpg,T10_097,1,revisar,area de defecto dudosa (100%),True,0.976,1,0.163,0.0249,1.0
T10_d02_097_b_1.jpg,T10_097,1,revisar,area de defecto dudosa (100%),True,0.979,4,0.216,0.5067,1.0
T10_d02_098_a_1.jpg,T10_098,1,revisar,area de defecto dudosa (100%),True,0.979,3,0.153,0.1617,1.0
T10_d02_098_b_1.jpg,T10_098,1,revisar,area de defecto dudosa (100%),True,0.979,2,0.408,0.043,1.0
T10_d02_099_a_1.jpg,T10_099,1,auto,,False,0.981,0,,0.0,0.0
T10_d02_099_b_1.jpg,T10_099,1,auto,,False,0.979,0,,0.0,0.0
T10_d02_108_a_1.jpg,T10_108,1,revisar,area de defecto dudosa (100%),True,0.978,1,0.171,0.0076,1.0
T10_d02_108_b_1.jpg,T10_108,1,revisar,area de defecto dudosa (100%),True,0.978,3,0.183,0.0465,1.0
T10_d02_110_a_1.jpg,T10_110,1,revisar,area de defecto dudosa (59%),True,0.982,4,0.192,0.1157,0.585
T10_d02_110_b_1.jpg,T10_110,1,revisar,area de defecto dudosa (89%),True,0.981,3,0.273,0.1261,0.891
T10_d02_113_b_1.jpg,T10_113,1,revisar,area de defecto dudosa (100%),True,0.979,2,0.209,0.1358,1.0
T10_d02_118_a_1.jpg,T10_118,1,auto,,False,0.976,0,,0.0,0.0
T10_d02_118_b_1.jpg,T10_118,1,revisar,area de defecto dudosa (100%),True,0.974,3,0.311,0.1903,1.0
T10_d02_120_a_1.jpg,T10_120,1,revisar,area de defecto dudosa (100%),True,0.98,1,0.238,0.0141,1.0
T10_d02_120_b_1.jpg,T10_120,1,revisar,area de defecto dudosa (100%),True,0.978,3,0.228,0.1956,1.0
T10_d02_122_a_1.jpg,T10_122,1,revisar,area de defecto dudosa (93%),True,0.978,2,0.457,0.2238,0.927
T10_d02_122_b_1.jpg,T10_122,1,auto,,False,0.979,1,0.756,0.1195,0.0
T10_d02_125_a_1.jpg,T10_125,1,revisar,area de defecto dudosa (100%),True,0.976,1,0.304,0.0157,1.0
T10_d02_125_b_1.jpg,T10_125,1,revisar,area de defecto dudosa (100%),True,0.978,1,0.236,0.3304,1.0
T10_d02_128_a_1.jpg,T10_128,1,revisar,area de defecto dudosa (100%),True,0.981,4,0.156,0.5809,1.0
T10_d02_128_b_1.jpg,T10_128,1,auto,,False,0.979,2,0.239,0.0411,0.471
T10_d02_129_a_1.jpg,T10_129,1,revisar,area de defecto dudosa (100%),True,0.981,3,0.156,0.0477,1.0
T10_d02_129_b_1.jpg,T10_129,1,auto,,False,0.979,1,0.525,0.0129,0.0
T10_d02_130_a_1.jpg,T10_130,1,revisar,area de defecto dudosa (100%),True,0.978,3,0.197,0.2676,1.0
T10_d02_130_b_1.jpg,T10_130,1,revisar,area de defecto dudosa (100%),True,0.976,5,0.158,0.3998,1.0
T10_d02_131_a_1.jpg,T10_131,1,revisar,area de defecto dudosa (100%),True,0.98,2,0.189,0.1177,1.0
T10_d02_131_b_1.jpg,T10_131,1,revisar,area de defecto dudosa (100%),True,0.983,1,0.176,0.044,1.0
T10_d02_133_a_1.jpg,T10_133,1,revisar,area de defecto dudosa (100%),True,0.977,3,0.152,0.0338,1.0
T10_d02_133_b_1.jpg,T10_133,1,revisar,area de defecto dudosa (100%),True,0.981,1,0.373,0.0677,1.0
T10_d02_138_a_1.jpg,T10_138,1,revisar,area de defecto dudosa (100%),True,0.979,1,0.248,0.0566,1.0
T10_d02_138_b_1.jpg,T10_138,1,revisar,area de defecto dudosa (81%),True,0.978,3,0.293,0.0818,0.806
T10_d02_145_a_1.jpg,T10_145,1,revisar,area de defecto dudosa (100%),True,0.976,1,0.306,0.0362,1.0
T10_d02_145_b_1.jpg,T10_145,1,revisar,area de defecto dudosa (100%),True,0.978,2,0.325,0.2189,1.0
T10_d02_148_a_1.jpg,T10_148,1,revisar,area de defecto dudosa (100%),True,0.975,2,0.392,0.2638,1.0
T10_d02_148_b_1.jpg,T10_148,1,revisar,area de defecto dudosa (100%),True,0.977,1,0.273,0.03,1.0
T10_d02_149_a_1.jpg,T10_149,1,revisar,area de defecto dudosa (100%),True,0.978,2,0.221,0.082,1.0
T10_d02_149_b_1.jpg,T10_149,1,auto,,False,0.977,3,0.198,0.0962,0.346
T10_d02_152_a_1.jpg,T10_152,1,revisar,area de defecto dudosa (75%),True,0.98,2,0.201,0.0996,0.754
T10_d02_152_b_1.jpg,T10_152,1,auto,,False,0.977,1,0.721,0.0262,0.0
T10_d02_156_a_1.jpg,T10_156,1,auto,,True,0.977,0,,0.0,0.0
T10_d02_156_b_1.jpg,T10_156,1,revisar,area de defecto dudosa (100%),True,0.982,2,0.164,0.0217,1.0
T10_d02_163_a_1.jpg,T10_163,1,revisar,area de defecto dudosa (100%),True,0.978,2,0.213,0.1148,1.0
T10_d02_163_b_1.jpg,T10_163,1,revisar,area de defecto dudosa (100%),True,0.979,2,0.271,0.0652,1.0
T10_d02_165_a_1.jpg,T10_165,1,revisar,area de defecto dudosa (75%),True,0.977,2,0.23,0.19,0.751
T10_d02_165_b_1.jpg,T10_165,1,revisar,area de defecto dudosa (100%),True,0.978,5,0.168,0.3743,1.0
T10_d02_166_a_1.jpg,T10_166,1,revisar,area de defecto dudosa (100%),True,0.979,1,0.15,0.1486,1.0
T10_d02_166_b_1.jpg,T10_166,1,auto,,False,0.982,0,,0.0,0.0
T10_d02_167_a_1.jpg,T10_167,1,revisar,area de defecto dudosa (100%),True,0.971,1,0.296,0.4637,1.0
T10_d02_167_b_1.jpg,T10_167,1,auto,,False,0.975,1,0.728,0.0414,0.0
T10_d02_168_a_1.jpg,T10_168,1,revisar,area de defecto dudosa (100%),True,0.979,7,0.17,0.6458,1.0
T10_d02_168_b_1.jpg,T10_168,1,revisar,area de defecto dudosa (100%),True,0.977,4,0.154,0.6873,1.0
T10_d02_172_a_1.jpg,T10_172,1,revisar,area de defecto dudosa (76%),True,0.976,5,0.159,0.3228,0.765
T10_d02_172_b_1.jpg,T10_172,1,revisar,area de defecto dudosa (100%),True,0.974,2,0.176,0.0312,1.0
T10_d02_180_a_1.jpg,T10_180,1,revisar,area de defecto dudosa (84%),True,0.977,4,0.15,0.1105,0.842
T10_d02_180_b_1.jpg,T10_180,1,auto,,False,0.976,0,,0.0,0.0
T10_d02_181_a_1.jpg,T10_181,1,revisar,area de defecto dudosa (100%),True,0.978,1,0.157,0.0694,1.0
T10_d02_181_b_1.jpg,T10_181,1,revisar,area de defecto dudosa (100%),True,0.979,4,0.153,0.4383,1.0
T10_d02_193_a_1.jpg,T10_193,1,auto,,False,0.982,0,,0.0,0.0
T10_d02_193_b_1.jpg,T10_193,1,revisar,area de defecto dudosa (100%),True,0.982,5,0.195,0.6582,1.0
T10_d02_194_b_1.jpg,T10_194,1,revisar,area de defecto dudosa (100%),True,0.975,2,0.166,0.0949,1.0
T10_d02_196_a_1.jpg,T10_196,1,revisar,area de defecto dudosa (100%),True,0.98,1,0.172,0.2838,1.0
T10_d02_196_b_1.jpg,T10_196,1,auto,,False,0.976,0,,0.0,0.0
T10_d02_202_a_1.jpg,T10_202,1,revisar,area de defecto dudosa (100%),True,0.977,2,0.268,0.0786,1.0
T10_d02_202_b_1.jpg,T10_202,1,auto,,False,0.979,3,0.191,0.085,0.271
T10_d02_204_a_1.jpg,T10_204,1,auto,,False,0.976,1,0.694,0.1229,0.0
T10_d02_204_b_1.jpg,T10_204,1,revisar,area de defecto dudosa (100%),True,0.979,4,0.179,0.0408,1.0
T10_d02_206_a_1.jpg,T10_206,1,auto,,False,0.978,1,0.568,0.0144,0.0
T10_d02_206_b_1.jpg,T10_206,1,auto,,False,0.979,1,0.522,0.0196,0.0
T10_d02_211_a_1.jpg,T10_211,1,auto,,False,0.977,0,,0.0,0.0
T10_d02_211_b_1.jpg,T10_211,1,auto,,False,0.978,0,,0.0,0.0
T10_d02_213_a_1.jpg,T10_213,1,revisar,area de defecto dudosa (100%),True,0.977,1,0.187,0.0589,1.0
T10_d02_213_b_1.jpg,T10_213,1,revisar,area de defecto dudosa (100%),True,0.979,6,0.164,0.474,1.0
T10_d02_215_a_1.jpg,T10_215,1,auto,,False,0.983,0,,0.0,0.0
T10_d02_215_b_1.jpg,T10_215,1,revisar,area de defecto dudosa (100%),True,0.983,1,0.164,0.2169,1.0
T10_d02_217_a_1.jpg,T10_217,1,auto,,False,0.979,1,0.657,0.0358,0.0
T10_d02_217_b_1.jpg,T10_217,1,auto,,True,0.981,0,,0.0,0.0
T10_d02_221_a_1.jpg,T10_221,1,auto,,False,0.977,1,0.84,0.0618,0.0
T10_d02_221_b_1.jpg,T10_221,1,auto,,False,0.978,0,,0.0,0.0
T10_d02_223_a_1.jpg,T10_223,1,auto,,False,0.977,1,0.528,0.1037,0.0
T10_d02_223_b_1.jpg,T10_223,1,auto,,False,0.978,0,,0.0,0.0
T10_d02_227_b_2.jpg,T10_227,2,auto,,False,0.979,1,0.53,0.078,0.0
T10_d02_229_a_1.jpg,T10_229,1,auto,,False,0.978,0,,0.0,0.0
T10_d02_229_b_1.jpg,T10_229,1,auto,,False,0.976,1,0.731,0.0748,0.0
T10_d02_233_a_1.jpg,T10_233,1,auto,,False,0.982,0,,0.0,0.0
T10_d02_233_b_1.jpg,T10_233,1,revisar,area de defecto dudosa (100%),True,0.974,2,0.344,0.0412,1.0
T10_d02_234_a_1.jpg,T10_234,1,auto,,False,0.979,1,0.543,0.0406,0.0
T10_d02_234_b_1.jpg,T10_234,1,auto,,False,0.976,1,0.614,0.0749,0.0
T10_d02_236_a_1.jpg,T10_236,1,revisar,area de defecto dudosa (100%),True,0.975,3,0.166,0.075,1.0
T10_d02_236_b_1.jpg,T10_236,1,auto,,False,0.971,1,0.607,0.0148,0.0
T10_d02_237_a_1.jpg,T10_237,1,revisar,area de defecto dudosa (100%),True,0.979,3,0.181,0.2921,1.0
T10_d02_237_b_1.jpg,T10_237,1,revisar,area de defecto dudosa (100%),True,0.979,3,0.236,0.222,1.0
T10_d02_243_a_1.jpg,T10_243,1,auto,,False,0.977,1,0.657,0.0747,0.0
T10_d02_243_b_1.jpg,T10_243,1,auto,,False,0.977,0,,0.0,0.0
T10_d02_245_a_1.jpg,T10_245,1,revisar,area de defecto dudosa (100%),True,0.98,1,0.331,0.0165,1.0
T10_d02_245_b_1.jpg,T10_245,1,auto,,True,0.98,1,0.592,0.1554,0.0
T10_d02_250_a_1.jpg,T10_250,1,revisar,area de defecto dudosa (100%),True,0.983,7,0.162,0.4548,1.0
T10_d02_252_a_1.jpg,T10_252,1,auto,,False,0.975,0,,0.0,0.0
T10_d02_252_b_1.jpg,T10_252,1,revisar,area de defecto dudosa (100%),True,0.979,2,0.205,0.4653,1.0
T10_d02_262_a_1.jpg,T10_262,1,auto,,False,0.979,0,,0.0,0.0
T10_d02_262_b_1.jpg,T10_262,1,auto,,False,0.979,1,0.817,0.047,0.0
T10_d02_266_a_1.jpg,T10_266,1,auto,,False,0.978,1,0.505,0.1275,0.0
T10_d02_266_b_1.jpg,T10_266,1,auto,,False,0.976,1,0.57,0.0472,0.0
T10_d02_269_a_1.jpg,T10_269,1,revisar,area de defecto dudosa (100%),True,0.977,2,0.153,0.5089,1.0
T10_d02_269_b_1.jpg,T10_269,1,auto,,False,0.976,1,0.663,0.0224,0.0
T10_d02_274_a_1.jpg,T10_274,1,revisar,area de defecto dudosa (100%),True,0.976,1,0.428,0.0124,1.0
T10_d02_274_b_1.jpg,T10_274,1,revisar,area de defecto dudosa (100%),True,0.974,2,0.341,0.26,1.0
T10_d02_276_a_1.jpg,T10_276,1,auto,,False,0.978,0,,0.0,0.0
T10_d02_276_b_1.jpg,T10_276,1,revisar,area de defecto dudosa (100%),True,0.976,6,0.175,0.0867,1.0
T10_d02_282_a_1.jpg,T10_282,1,revisar,area de defecto dudosa (100%),True,0.982,3,0.219,0.284,1.0
T10_d02_283_a_1.jpg,T10_283,1,auto,,False,0.98,0,,0.0,0.0
T10_d02_283_b_1.jpg,T10_283,1,revisar,area de defecto dudosa (100%),True,0.979,1,0.315,0.515,1.0
T10_d02_284_a_1.jpg,T10_284,1,revisar,area de defecto dudosa (100%),True,0.976,3,0.162,0.1213,1.0
T10_d02_284_b_1.jpg,T10_284,1,revisar,defecto rectangular; area de defecto dudosa (100%),True,0.972,2,0.221,0.7042,1.0
T10_d02_290_a_1.jpg,T10_290,1,revisar,area de defecto dudosa (100%),True,0.979,2,0.268,0.3759,1.0
T10_d02_290_b_1.jpg,T10_290,1,revisar,area de defecto dudosa (100%),True,0.982,3,0.175,0.6351,1.0
T10_d02_294_a_1.jpg,T10_294,1,revisar,area de defecto dudosa (100%),True,0.978,3,0.219,0.1253,1.0
T10_d02_294_b_1.jpg,T10_294,1,auto,,False,0.979,2,0.314,0.1453,0.331
T10_d02_295_a_1.jpg,T10_295,1,auto,,False,0.98,2,0.364,0.0728,0.223
T10_d02_295_b_1.jpg,T10_295,1,revisar,area de defecto dudosa (100%),True,0.98,5,0.183,0.1657,1.0
T10_d02_296_a_1.jpg,T10_296,1,auto,,False,0.98,0,,0.0,0.0
T10_d02_306_a_1.jpg,T10_306,1,auto,,False,0.978,0,,0.0,0.0
T10_d02_306_b_1.jpg,T10_306,1,revisar,area de defecto dudosa (100%),True,0.976,2,0.157,0.4775,1.0
T10_d02_314_a_1.jpg,T10_314,1,revisar,area de defecto dudosa (100%),True,0.979,3,0.266,0.1465,1.0
T10_d02_314_b_1.jpg,T10_314,1,revisar,area de defecto dudosa (100%),True,0.976,2,0.303,0.1355,1.0
T10_d02_315_a_1.jpg,T10_315,1,auto,,False,0.975,0,,0.0,0.0
T10_d02_315_b_1.jpg,T10_315,1,auto,,False,0.977,0,,0.0,0.0
T10_d02_325_a_1.jpg,T10_325,1,auto,,False,0.976,0,,0.0,0.0
T10_d02_325_b_1.jpg,T10_325,1,revisar,area de defecto dudosa (100%),True,0.975,1,0.264,0.0866,1.0
T10_d02_326_a_1.jpg,T10_326,1,revisar,area de defecto dudosa (100%),True,0.981,2,0.335,0.1701,1.0
T10_d02_326_b_1.jpg,T10_326,1,revisar,area de defecto dudosa (100%),True,0.981,2,0.205,0.0422,1.0
T10_d02_327_a_1.jpg,T10_327,1,revisar,area de defecto dudosa (100%),True,0.977,1,0.352,0.0754,1.0
T10_d02_327_b_1.jpg,T10_327,1,revisar,area de defecto dudosa (100%),True,0.979,3,0.191,0.4885,1.0
T10_d02_328_a_1.jpg,T10_328,1,revisar,area de defecto dudosa (100%),True,0.977,2,0.389,0.0838,1.0
T10_d02_328_b_1.jpg,T10_328,1,revisar,area de defecto dudosa (100%),True,0.978,2,0.152,0.1953,1.0
T10_d02_330_a_1.jpg,T10_330,1,auto,,False,0.98,0,,0.0,0.0
T10_d02_330_b_1.jpg,T10_330,1,auto,,False,0.981,0,,0.0,0.0
T10_d02_333_a_1.jpg,T10_333,1,revisar,area de defecto dudosa (100%),True,0.98,3,0.225,0.0551,1.0
T10_d02_333_b_1.jpg,T10_333,1,revisar,area de defecto dudosa (100%),True,0.979,3,0.184,0.0799,1.0
T10_d02_336_a_1.jpg,T10_336,1,revisar,area de defecto dudosa (100%),True,0.98,5,0.166,0.6765,1.0
T10_d02_336_b_1.jpg,T10_336,1,revisar,area de defecto dudosa (100%),True,0.981,2,0.166,0.2466,1.0
T10_d02_337_a_1.jpg,T10_337,1,auto,,False,0.977,0,,0.0,0.0
T10_d02_337_b_1.jpg,T10_337,1,revisar,area de defecto dudosa (100%),True,0.972,3,0.205,0.1795,1.0
T10_d02_338_a_1.jpg,T10_338,1,revisar,area de defecto dudosa (100%),True,0.98,1,0.183,0.0111,1.0
T10_d02_338_b_1.jpg,T10_338,1,revisar,area de defecto dudosa (100%),True,0.979,4,0.164,0.2375,1.0
T10_d02_349_b_1.jpg,T10_349,1,auto,,False,0.982,0,,0.0,0.0
T10_d02_350_a_1.jpg,T10_350,1,revisar,area de defecto dudosa (100%),True,0.976,2,0.16,0.028,1.0
T10_d02_350_b_1.jpg,T10_350,1,revisar,area de defecto dudosa (100%),True,0.979,2,0.154,0.2158,1.0
T10_d02_351_a_1.jpg,T10_351,1,auto,,False,0.981,0,,0.0,0.0
T10_d02_351_b_1.jpg,T10_351,1,revisar,area de defecto dudosa (100%),True,0.981,1,0.182,0.0074,1.0
T10_d02_355_a_1.jpg,T10_355,1,revisar,area de defecto dudosa (100%),True,0.982,2,0.21,0.2921,1.0
T10_d02_355_b_1.jpg,T10_355,1,revisar,area de defecto dudosa (100%),True,0.979,1,0.264,0.0319,1.0
T10_d02_357_a_1.jpg,T10_357,1,auto,,False,0.978,2,0.302,0.0671,0.355
T10_d02_357_b_1.jpg,T10_357,1,auto,,False,0.978,1,0.566,0.0779,0.0
T10_d02_358_a_1.jpg,T10_358,1,auto,,False,0.976,2,0.169,0.0591,0.436
T10_d02_358_b_1.jpg,T10_358,1,revisar,area de defecto dudosa (57%),True,0.977,5,0.226,0.4843,0.571
T10_d02_365_a_1.jpg,T10_365,1,revisar,area de defecto dudosa (100%),True,0.98,2,0.163,0.2879,1.0
T10_d02_365_b_1.jpg,T10_365,1,revisar,area de defecto dudosa (100%),True,0.979,1,0.163,0.2391,1.0
T10_d02_366_a_1.jpg,T10_366,1,auto,,False,0.981,1,0.714,0.0565,0.0
T10_d02_367_a_1.jpg,T10_367,1,revisar,area de defecto dudosa (100%),True,0.979,2,0.322,0.0394,1.0
T10_d02_367_b_1.jpg,T10_367,1,auto,,False,0.981,0,,0.0,0.0
T10_d02_372_b_1.jpg,T10_372,1,revisar,area de defecto dudosa (100%),True,0.979,4,0.165,0.1592,1.0
T10_d02_376_a_1.jpg,T10_376,1,revisar,area de defecto dudosa (53%),True,0.98,3,0.199,0.0555,0.533
T10_d02_376_b_1.jpg,T10_376,1,auto,,False,0.976,1,0.661,0.138,0.0
T10_d02_377_b_1.jpg,T10_377,1,revisar,area de defecto dudosa (100%),True,0.979,3,0.261,0.2108,1.0
T10_d02_381_a_1.jpg,T10_381,1,revisar,area de defecto dudosa (100%),True,0.979,2,0.235,0.105,1.0
T10_d02_381_b_1.jpg,T10_381,1,auto,,False,0.981,1,0.598,0.03,0.0
T10_d02_382_a_1.jpg,T10_382,1,revisar,area de defecto dudosa (100%),True,0.978,2,0.379,0.1091,1.0
T10_d02_382_b_1.jpg,T10_382,1,auto,,False,0.983,0,,0.0,0.0
T10_d02_387_a_1.jpg,T10_387,1,revisar,area de defecto dudosa (100%),True,0.981,2,0.2,0.1702,1.0
T10_d02_387_b_1.jpg,T10_387,1,revisar,area de defecto dudosa (100%),True,0.979,8,0.161,0.4901,1.0
T10_d02_400_a_1.jpg,T10_400,1,revisar,area de defecto dudosa (100%),True,0.978,1,0.389,0.0246,1.0
T10_d02_400_b_1.jpg,T10_400,1,revisar,area de defecto dudosa (99%),True,0.978,2,0.449,0.1116,0.994
T10_d02_401_a_1.jpg,T10_401,1,revisar,area de defecto dudosa (100%),True,0.976,2,0.355,0.3245,1.0
T10_d02_405_b_1.jpg,T10_405,1,revisar,area de defecto dudosa (100%),True,0.98,2,0.279,0.0391,1.0
T10_d02_408_a_1.jpg,T10_408,1,revisar,area de defecto dudosa (77%),True,0.976,6,0.18,0.5433,0.768
T10_d02_408_b_1.jpg,T10_408,1,revisar,area de defecto dudosa (100%),True,0.975,2,0.22,0.4073,1.0
T10_d02_410_a_1.jpg,T10_410,1,revisar,area de defecto dudosa (100%),True,0.98,2,0.29,0.1217,1.0
T10_d02_410_b_1.jpg,T10_410,1,auto,,False,0.98,0,,0.0,0.0
T10_d02_413_a_1.jpg,T10_413,1,revisar,area de defecto dudosa (72%),True,0.981,2,0.155,0.2145,0.716
T10_d02_413_b_1.jpg,T10_413,1,revisar,area de defecto dudosa (100%),True,0.978,1,0.174,0.0107,1.0
T10_d02_414_a_1.jpg,T10_414,1,auto,,False,0.978,1,0.68,0.0873,0.0
T10_d02_414_b_1.jpg,T10_414,1,auto,,False,0.978,0,,0.0,0.0
T10_d02_415_a_1.jpg,T10_415,1,revisar,area de defecto dudosa (100%),True,0.978,3,0.169,0.0967,1.0
T10_d02_415_b_1.jpg,T10_415,1,revisar,area de defecto dudosa (89%),True,0.98,2,0.168,0.0175,0.889
T10_d02_420_a_1.jpg,T10_420,1,auto,,False,0.978,0,,0.0,0.0
T10_d02_420_b_1.jpg,T10_420,1,revisar,area de defecto dudosa (100%),True,0.976,4,0.166,0.0955,1.0
T10_d02_422_a_1.jpg,T10_422,1,revisar,area de defecto dudosa (100%),True,0.978,2,0.204,0.1696,1.0
T10_d02_422_b_1.jpg,T10_422,1,revisar,area de defecto dudosa (100%),True,0.978,2,0.274,0.1018,1.0
T10_d02_425_a_1.jpg,T10_425,1,auto,,False,0.978,0,,0.0,0.0
T10_d02_425_b_1.jpg,T10_425,1,revisar,area de defecto dudosa (100%),True,0.98,3,0.287,0.1538,1.0
T10_d02_429_a_1.jpg,T10_429,1,revisar,area de defecto dudosa (100%),True,0.979,2,0.283,0.3108,1.0
T10_d02_429_b_1.jpg,T10_429,1,revisar,area de defecto dudosa (81%),True,0.975,5,0.164,0.2969,0.807
T10_d02_442_a_1.jpg,T10_442,1,auto,,False,0.98,1,0.554,0.0241,0.0
T10_d02_442_b_1.jpg,T10_442,1,revisar,area de defecto dudosa (100%),True,0.98,1,0.312,0.016,1.0
T10_d02_444_a_1.jpg,T10_444,1,auto,,False,0.977,1,0.504,0.0267,0.0
T10_d02_444_b_1.jpg,T10_444,1,auto,,False,0.98,0,,0.0,0.0
T10_d02_445_a_1.jpg,T10_445,1,auto,,False,0.96,0,,0.0,0.0
T10_d02_446_a_1.jpg,T10_446,1,auto,,False,0.98,1,0.728,0.0318,0.0
T10_d02_446_b_1.jpg,T10_446,1,revisar,area de defecto dudosa (100%),True,0.981,1,0.201,0.0303,1.0
T10_d02_447_a_1.jpg,T10_447,1,auto,,False,0.98,1,0.723,0.0552,0.0
T10_d02_447_b_1.jpg,T10_447,1,revisar,area de defecto dudosa (100%),True,0.979,1,0.438,0.0355,1.0
T10_d02_448_a_1.jpg,T10_448,1,auto,,False,0.976,1,0.712,0.2515,0.0
T10_d02_448_b_1.jpg,T10_448,1,revisar,area de defecto dudosa (100%),True,0.978,1,0.16,0.1801,1.0
T10_d02_449_a_1.jpg,T10_449,1,auto,,True,0.977,1,0.571,0.0726,0.0
T10_d02_449_b_1.jpg,T10_449,1,auto,,False,0.981,2,0.18,0.1445,0.307
T10_d02_454_a_1.jpg,T10_454,1,auto,,False,0.974,0,,0.0,0.0
T10_d02_454_b_1.jpg,T10_454,1,auto,,False,0.975,3,0.152,0.0968,0.376
T10_d02_458_a_1.jpg,T10_458,1,auto,,False,0.976,1,0.869,0.0952,0.0
T10_d02_458_b_1.jpg,T10_458,1,revisar,area de defecto dudosa (100%),True,0.982,1,0.167,0.2982,1.0
T10_d02_459_a_1.jpg,T10_459,1,revisar,area de defecto dudosa (100%),True,0.977,1,0.271,0.3267,1.0
T10_d02_459_b_1.jpg,T10_459,1,auto,,False,0.977,0,,0.0,0.0
T10_d02_470_a_1.jpg,T10_470,1,revisar,area de defecto dudosa (100%),True,0.98,3,0.202,0.379,1.0
T10_d02_470_b_1.jpg,T10_470,1,auto,,False,0.98,0,,0.0,0.0
T10_d02_475_a_1.jpg,T10_475,1,revisar,area de defecto dudosa (87%),True,0.979,2,0.163,0.2193,0.866
T10_d02_475_b_1.jpg,T10_475,1,auto,,False,0.977,1,0.597,0.3737,0.0
T10_d03_002_a_1.jpg,T10_002,1,revisar,area de defecto dudosa (100%),True,0.977,1,0.354,0.0373,1.0
T10_d03_002_b_1.jpg,T10_002,1,revisar,area de defecto dudosa (100%),True,0.976,1,0.289,0.1921,1.0
T10_d03_003_a_1.jpg,T10_003,1,revisar,area de defecto dudosa (100%),True,0.978,4,0.179,0.7245,1.0
T10_d03_003_b_1.jpg,T10_003,1,revisar,area de defecto dudosa (100%),True,0.977,1,0.154,0.1703,1.0
T10_d03_007_a_1.jpg,T10_007,1,auto,,False,0.981,1,0.722,0.0713,0.0
T10_d03_007_b_1.jpg,T10_007,1,auto,,False,0.98,1,0.613,0.1158,0.0
T10_d03_011_a_1.jpg,T10_011,1,auto,,False,0.984,1,0.699,0.0979,0.0
T10_d03_011_b_1.jpg,T10_011,1,revisar,area de defecto dudosa (100%),True,0.979,2,0.151,0.1337,1.0
T10_d03_013_a_1.jpg,T10_013,1,auto,,False,0.979,0,,0.0,0.0
T10_d03_013_b_1.jpg,T10_013,1,revisar,area de defecto dudosa (100%),True,0.978,1,0.168,0.016,1.0
T10_d03_021_a_1.jpg,T10_021,1,revisar,area de defecto dudosa (100%),True,0.982,1,0.15,0.1342,1.0
T10_d03_021_b_1.jpg,T10_021,1,auto,,False,0.978,3,0.165,0.0224,0.346
T10_d03_022_a_1.jpg,T10_022,1,auto,,False,0.977,0,,0.0,0.0
T10_d03_022_b_1.jpg,T10_022,1,revisar,area de defecto dudosa (100%),True,0.979,1,0.2,0.0513,1.0
T10_d03_026_a_1.jpg,T10_026,1,revisar,area de defecto dudosa (100%),True,0.976,3,0.254,0.2294,1.0
T10_d03_026_b_1.jpg,T10_026,1,auto,,False,0.976,1,0.691,0.0257,0.0
T10_d03_027_a_1.jpg,T10_027,1,revisar,area de defecto dudosa (85%),True,0.978,4,0.233,0.1783,0.85
T10_d03_027_b_1.jpg,T10_027,1,auto,,False,0.976,0,,0.0,0.0
T10_d03_034_a_1.jpg,T10_034,1,revisar,area de defecto dudosa (100%),True,0.977,4,0.158,0.2767,1.0
T10_d03_034_b_1.jpg,T10_034,1,auto,,False,0.979,2,0.158,0.2302,0.231
T10_d03_037_a_1.jpg,T10_037,1,auto,,False,0.975,1,0.657,0.0241,0.0
T10_d03_037_b_1.jpg,T10_037,1,revisar,area de defecto dudosa (100%),True,0.978,4,0.15,0.1555,1.0
T10_d03_045_a_1.jpg,T10_045,1,revisar,area de defecto dudosa (100%),True,0.977,2,0.153,0.1873,1.0
T10_d03_045_b_1.jpg,T10_045,1,auto,,False,0.978,0,,0.0,0.0
T10_d03_046_a_1.jpg,T10_046,1,revisar,area de defecto dudosa (100%),True,0.978,5,0.215,0.2024,1.0
T10_d03_046_b_1.jpg,T10_046,1,revisar,area de defecto dudosa (100%),True,0.979,2,0.165,0.0375,1.0
T10_d03_047_a_1.jpg,T10_047,1,auto,,False,0.976,0,,0.0,0.0
T10_d03_047_b_1.jpg,T10_047,1,auto,,False,0.979,0,,0.0,0.0
T10_d03_048_a_1.jpg,T10_048,1,revisar,area de defecto dudosa (100%),True,0.98,2,0.179,0.3018,1.0
T10_d03_048_b_1.jpg,T10_048,1,auto,,False,0.977,0,,0.0,0.0
T10_d03_054_a_1.jpg,T10_054,1,revisar,area de defecto dudosa (100%),True,0.973,3,0.23,0.2124,1.0
T10_d03_054_b_1.jpg,T10_054,1,revisar,area de defecto dudosa (100%),True,0.971,4,0.178,0.5061,1.0
T10_d03_055_a_1.jpg,T10_055,1,auto,,True,0.983,1,0.764,0.0522,0.0
T10_d03_055_b_1.jpg,T10_055,1,auto,,False,0.979,2,0.191,0.0468,0.292
T10_d03_061_a_1.jpg,T10_061,1,revisar,area de defecto dudosa (100%),True,0.975,2,0.206,0.5331,1.0
T10_d03_061_b_1.jpg,T10_061,1,auto,,False,0.978,0,,0.0,0.0
T10_d03_067_a_1.jpg,T10_067,1,revisar,area de defecto dudosa (100%),True,0.975,2,0.253,0.0719,1.0
T10_d03_067_b_1.jpg,T10_067,1,revisar,area de defecto dudosa (100%),True,0.976,2,0.195,0.0925,1.0
T10_d03_069_a_1.jpg,T10_069,1,revisar,area de defecto dudosa (100%),True,0.978,4,0.231,0.2943,1.0
T10_d03_069_b_1.jpg,T10_069,1,revisar,area de defecto dudosa (100%),True,0.979,2,0.157,0.0367,1.0
T10_d03_083_a_1.jpg,T10_083,1,revisar,area de defecto dudosa (100%),True,0.981,2,0.163,0.1961,1.0
T10_d03_083_b_1.jpg,T10_083,1,auto,,False,0.981,2,0.545,0.027,0.0
T10_d03_089_a_1.jpg,T10_089,1,revisar,area de defecto dudosa (100%),True,0.976,4,0.155,0.0809,1.0
T10_d03_089_b_1.jpg,T10_089,1,auto,,False,0.979,2,0.216,0.088,0.102
T10_d03_093_a_1.jpg,T10_093,1,auto,,False,0.978,0,,0.0,0.0
T10_d03_093_b_1.jpg,T10_093,1,revisar,area de defecto dudosa (100%),True,0.976,3,0.173,0.0299,1.0
T10_d03_094_a_1.jpg,T10_094,1,auto,,False,0.98,1,0.534,0.1078,0.0
T10_d03_094_b_1.jpg,T10_094,1,revisar,area de defecto dudosa (100%),True,0.979,1,0.182,0.2468,1.0
T10_d03_096_a_1.jpg,T10_096,1,auto,,False,0.981,1,0.69,0.1333,0.0
T10_d03_096_b_1.jpg,T10_096,1,revisar,area de defecto dudosa (89%),True,0.976,3,0.186,0.0628,0.892
T10_d03_097_a_1.jpg,T10_097,1,revisar,area de defecto dudosa (100%),True,0.974,2,0.219,0.0882,1.0
T10_d03_097_b_1.jpg,T10_097,1,revisar,defecto rectangular; area de defecto dudosa (100%),True,0.975,1,0.193,0.5851,1.0
T10_d03_098_a_1.jpg,T10_098,1,revisar,area de defecto dudosa (100%),True,0.974,1,0.281,0.0346,1.0
T10_d03_098_b_1.jpg,T10_098,1,auto,,False,0.98,1,0.61,0.0229,0.0
T10_d03_099_a_1.jpg,T10_099,1,revisar,area de defecto dudosa (100%),True,0.982,1,0.153,0.3613,1.0
T10_d03_099_b_1.jpg,T10_099,1,revisar,area de defecto dudosa (100%),True,0.977,1,0.15,0.0072,1.0
T10_d03_108_a_1.jpg,T10_108,1,auto,,False,0.979,0,,0.0,0.0
T10_d03_110_a_1.jpg,T10_110,1,revisar,area de defecto dudosa (100%),True,0.981,2,0.281,0.1221,1.0
T10_d03_110_b_1.jpg,T10_110,1,auto,,False,0.977,1,0.557,0.0833,0.0
T10_d03_113_a_1.jpg,T10_113,1,auto,,False,0.982,1,0.883,0.0829,0.0
T10_d03_113_b_1.jpg,T10_113,1,auto,,True,0.981,0,,0.0,0.0
T10_d03_118_a_1.jpg,T10_118,1,auto,,False,0.979,0,,0.0,0.0
T10_d03_118_b_1.jpg,T10_118,1,revisar,area de defecto dudosa (100%),True,0.979,3,0.233,0.2073,1.0
T10_d03_120_a_1.jpg,T10_120,1,auto,,False,0.975,0,,0.0,0.0
T10_d03_120_b_1.jpg,T10_120,1,revisar,area de defecto dudosa (100%),True,0.976,2,0.209,0.1671,1.0
T10_d03_122_a_1.jpg,T10_122,1,revisar,area de defecto dudosa (91%),True,0.977,2,0.292,0.1557,0.909
T10_d03_122_b_1.jpg,T10_122,1,revisar,area de defecto dudosa (100%),True,0.982,2,0.186,0.1307,1.0
T10_d03_125_a_1.jpg,T10_125,1,revisar,area de defecto dudosa (100%),True,0.98,3,0.151,0.6041,1.0
T10_d03_125_b_1.jpg,T10_125,1,revisar,area de defecto dudosa (100%),True,0.977,1,0.214,0.0137,1.0
T10_d03_128_a_1.jpg,T10_128,1,revisar,defecto rectangular; area de defecto dudosa (100%),True,0.982,3,0.153,0.3117,1.0
T10_d03_128_b_1.jpg,T10_128,1,revisar,area de defecto dudosa (100%),True,0.978,5,0.167,0.0923,1.0
T10_d03_129_a_1.jpg,T10_129,1,auto,,False,0.98,1,0.623,0.0159,0.0
T10_d03_129_b_1.jpg,T10_129,1,revisar,area de defecto dudosa (100%),True,0.978,4,0.246,0.0827,1.0
T10_d03_130_b_1.jpg,T10_130,1,revisar,area de defecto dudosa (100%),True,0.977,4,0.169,0.6094,1.0
T10_d03_131_a_1.jpg,T10_131,1,revisar,area de defecto dudosa (100%),True,0.981,2,0.161,0.1215,1.0
T10_d03_131_b_1.jpg,T10_131,1,revisar,area de defecto dudosa (100%),True,0.983,1,0.168,0.0578,1.0
T10_d03_133_a_1.jpg,T10_133,1,revisar,area de defecto dudosa (97%),True,0.976,2,0.169,0.2003,0.972
T10_d03_133_b_1.jpg,T10_133,1,revisar,area de defecto dudosa (100%),True,0.978,2,0.191,0.108,1.0
T10_d03_138_a_1.jpg,T10_138,1,auto,,False,0.978,1,0.733,0.0315,0.0
T10_d03_138_b_1.jpg,T10_138,1,revisar,area de defecto dudosa (100%),True,0.977,6,0.172,0.579,1.0
T10_d03_145_a_1.jpg,T10_145,1,revisar,area de defecto dudosa (100%),True,0.977,3,0.161,0.0728,1.0
T10_d03_145_b_1.jpg,T10_145,1,revisar,area de defecto dudosa (100%),True,0.978,1,0.36,0.206,1.0
T10_d03_148_a_1.jpg,T10_148,1,revisar,area de defecto dudosa (100%),True,0.977,4,0.261,0.2589,1.0
T10_d03_148_b_1.jpg,T10_148,1,auto,,False,0.977,0,,0.0,0.0
T10_d03_149_a_1.jpg,T10_149,1,revisar,area de defecto dudosa (100%),True,0.98,1,0.405,0.1708,1.0
T10_d03_149_b_1.jpg,T10_149,1,auto,,False,0.98,0,,0.0,0.0
T10_d03_152_a_1.jpg,T10_152,1,revisar,area de defecto dudosa (100%),True,0.979,1,0.435,0.0227,1.0
T10_d03_152_b_1.jpg,T10_152,1,revisar,area de defecto dudosa (100%),True,0.983,3,0.156,0.3241,1.0
T10_d03_156_a_1.jpg,T10_156,1,revisar,area de defecto dudosa (100%),True,0.973,1,0.159,0.0668,1.0
T10_d03_156_b_1.jpg,T10_156,1,revisar,area de defecto dudosa (100%),True,0.98,3,0.158,0.4473,1.0
T10_d03_163_a_1.jpg,T10_163,1,auto,,False,0.982,1,0.827,0.2618,0.0
T10_d03_165_a_1.jpg,T10_165,1,auto,,False,0.977,1,0.541,0.0305,0.0
T10_d03_165_b_1.jpg,T10_165,1,auto,,False,0.977,0,,0.0,0.0
T10_d03_166_a_1.jpg,T10_166,1,auto,,False,0.984,0,,0.0,0.0
T10_d03_167_a_1.jpg,T10_167,1,revisar,area de defecto dudosa (100%),True,0.976,1,0.276,0.366,1.0
T10_d03_167_b_1.jpg,T10_167,1,revisar,area de defecto dudosa (100%),True,0.976,2,0.271,0.0537,1.0
T10_d03_168_a_1.jpg,T10_168,1,auto,,False,0.979,1,0.531,0.0208,0.0
T10_d03_168_b_1.jpg,T10_168,1,auto,,False,0.978,1,0.501,0.0464,0.0
T10_d03_172_a_1.jpg,T10_172,1,revisar,area de defecto dudosa (93%),True,0.973,5,0.184,0.3629,0.935
T10_d03_180_a_1.jpg,T10_180,1,auto,,False,0.977,2,0.224,0.0534,0.389
T10_d03_180_b_1.jpg,T10_180,1,revisar,area de defecto dudosa (100%),True,0.977,3,0.167,0.1277,1.0
T10_d03_181_a_1.jpg,T10_181,1,auto,,False,0.979,1,0.618,0.0981,0.0
T10_d03_181_b_1.jpg,T10_181,1,revisar,area de defecto dudosa (100%),True,0.981,2,0.217,0.0169,1.0
T10_d03_193_b_1.jpg,T10_193,1,revisar,defecto rectangular; area de defecto dudosa (100%),True,0.984,3,0.188,0.6431,0.997
T10_d03_194_a_1.jpg,T10_194,1,revisar,area de defecto dudosa (100%),True,0.983,3,0.253,0.0793,1.0
T10_d03_194_b_1.jpg,T10_194,1,revisar,area de defecto dudosa (100%),True,0.982,2,0.235,0.0564,1.0
T10_d03_196_a_1.jpg,T10_196,1,auto,,False,0.978,2,0.212,0.1922,0.475
T10_d03_196_b_1.jpg,T10_196,1,auto,,False,0.979,0,,0.0,0.0
T10_d03_202_a_1.jpg,T10_202,1,revisar,area de defecto dudosa (100%),True,0.979,1,0.404,0.039,1.0
T10_d03_202_b_1.jpg,T10_202,1,revisar,area de defecto dudosa (100%),True,0.978,4,0.206,0.1087,1.0
T10_d03_204_a_1.jpg,T10_204,1,auto,,False,0.977,1,0.622,0.1613,0.0
T10_d03_204_b_1.jpg,T10_204,1,revisar,area de defecto dudosa (100%),True,0.976,2,0.189,0.0333,1.0
T10_d03_206_a_1.jpg,T10_206,1,revisar,area de defecto dudosa (84%),True,0.974,2,0.428,0.053,0.838
T10_d03_206_b_1.jpg,T10_206,1,auto,,False,0.977,1,0.683,0.0487,0.0
T10_d03_211_b_1.jpg,T10_211,1,revisar,area de defecto dudosa (100%),True,0.974,4,0.262,0.1746,1.0
T10_d03_213_a_1.jpg,T10_213,1,revisar,area de defecto dudosa (100%),True,0.98,1,0.315,0.1372,1.0
T10_d03_213_b_1.jpg,T10_213,1,revisar,area de defecto dudosa (100%),True,0.979,6,0.152,0.6391,1.0
T10_d03_215_b_1.jpg,T10_215,1,revisar,area de defecto dudosa (100%),True,0.978,6,0.182,0.1581,1.0
T10_d03_217_a_1.jpg,T10_217,1,auto,,False,0.981,1,0.737,0.1042,0.0
T10_d03_217_b_1.jpg,T10_217,1,revisar,area de defecto dudosa (100%),True,0.978,2,0.18,0.0384,1.0
T10_d03_221_a_1.jpg,T10_221,1,auto,,False,0.977,1,0.797,0.0774,0.0
T10_d03_221_b_1.jpg,T10_221,1,auto,,False,0.974,0,,0.0,0.0
T10_d03_223_a_1.jpg,T10_223,1,auto,,False,0.977,1,0.515,0.0964,0.0
T10_d03_227_a_2.jpg,T10_227,2,revisar,area de defecto dudosa (100%),True,0.982,2,0.227,0.0787,1.0
T10_d03_227_b_2.jpg,T10_227,2,auto,,False,0.982,0,,0.0,0.0
T10_d03_229_a_1.jpg,T10_229,1,auto,,False,0.977,1,0.849,0.0854,0.0
T10_d03_229_b_1.jpg,T10_229,1,revisar,area de defecto dudosa (100%),True,0.98,2,0.2,0.1443,1.0
T10_d03_234_a_1.jpg,T10_234,1,revisar,area de defecto dudosa (94%),True,0.98,2,0.154,0.0465,0.937
T10_d03_234_b_1.jpg,T10_234,1,auto,,False,0.977,1,0.622,0.0532,0.0
T10_d03_237_a_1.jpg,T10_237,1,revisar,area de defecto dudosa (100%),True,0.98,4,0.172,0.1892,1.0
T10_d03_237_b_1.jpg,T10_237,1,revisar,area de defecto dudosa (100%),True,0.98,2,0.17,0.2879,1.0
T10_d03_243_a_1.jpg,T10_243,1,revisar,area de defecto dudosa (100%),True,0.976,1,0.17,0.1129,1.0
T10_d03_243_b_1.jpg,T10_243,1,auto,,False,0.974,1,0.659,0.2508,0.0
T10_d03_245_a_1.jpg,T10_245,1,auto,,False,0.975,2,0.637,0.1818,0.0
T10_d03_245_b_1.jpg,T10_245,1,auto,,False,0.98,0,,0.0,0.0
T10_d03_250_a_1.jpg,T10_250,1,revisar,area de defecto dudosa (100%),True,0.979,7,0.173,0.5365,1.0
T10_d03_250_b_1.jpg,T10_250,1,revisar,area de defecto dudosa (100%),True,0.983,5,0.156,0.4619,1.0
T10_d03_252_a_1.jpg,T10_252,1,revisar,area de defecto dudosa (100%),True,0.976,3,0.168,0.2127,1.0
T10_d03_252_b_1.jpg,T10_252,1,revisar,area de defecto dudosa (100%),True,0.975,7,0.169,0.1839,1.0
T10_d03_262_a_1.jpg,T10_262,1,revisar,area de defecto dudosa (100%),True,0.98,2,0.216,0.0494,1.0
T10_d03_262_b_1.jpg,T10_262,1,auto,,False,0.977,1,0.832,0.0528,0.0
T10_d03_266_a_1.jpg,T10_266,1,revisar,area de defecto dudosa (100%),True,0.977,2,0.336,0.147,1.0
T10_d03_266_b_1.jpg,T10_266,1,revisar,area de defecto dudosa (97%),True,0.977,2,0.18,0.0474,0.974
T10_d03_274_a_1.jpg,T10_274,1,auto,,False,0.981,0,,0.0,0.0
T10_d03_274_b_1.jpg,T10_274,1,revisar,area de defecto dudosa (100%),True,0.972,2,0.405,0.2515,1.0
T10_d03_276_a_1.jpg,T10_276,1,revisar,area de defecto dudosa (100%),True,0.98,4,0.15,0.0681,1.0
T10_d03_276_b_1.jpg,T10_276,1,revisar,area de defecto dudosa (100%),True,0.978,5,0.156,0.0721,1.0
T10_d03_282_a_1.jpg,T10_282,1,revisar,area de defecto dudosa (100%),True,0.98,3,0.25,0.236,1.0
T10_d03_282_b_1.jpg,T10_282,1,revisar,area de defecto dudosa (100%),True,0.975,2,0.39,0.0488,1.0
T10_d03_283_a_1.jpg,T10_283,1,revisar,area de defecto dudosa (100%),True,0.98,1,0.346,0.5515,1.0
T10_d03_283_b_1.jpg,T10_283,1,revisar,area de defecto dudosa (100%),True,0.979,1,0.313,0.032,1.0
T10_d03_284_a_1.jpg,T10_284,1,revisar,area de defecto dudosa (100%),True,0.976,1,0.17,0.1308,1.0
T10_d03_284_b_1.jpg,T10_284,1,auto,,True,0.978,0,,0.0,0.0
T10_d03_290_b_1.jpg,T10_290,1,revisar,area de defecto dudosa (100%),True,0.983,3,0.184,0.2182,1.0
T10_d03_294_a_1.jpg,T10_294,1,revisar,area de defecto dudosa (63%),True,0.979,3,0.193,0.1954,0.63
T10_d03_295_a_1.jpg,T10_295,1,auto,,False,0.978,2,0.213,0.0373,0.32
T10_d03_295_b_1.jpg,T10_295,1,revisar,area de defecto dudosa (99%),True,0.982,2,0.191,0.1473,0.993
T10_d03_296_a_1.jpg,T10_296,1,revisar,area de defecto dudosa (90%),True,0.976,2,0.153,0.2139,0.896
T10_d03_296_b_1.jpg,T10_296,1,auto,,False,0.979,0,,0.0,0.0
T10_d03_306_a_1.jpg,T10_306,1,revisar,area de defecto dudosa (100%),True,0.977,1,0.253,0.0782,1.0
T10_d03_306_b_1.jpg,T10_306,1,revisar,area de defecto dudosa (100%),True,0.978,1,0.177,0.0322,1.0
T10_d03_314_a_1.jpg,T10_314,1,auto,,False,0.978,0,,0.0,0.0
T10_d03_314_b_1.jpg,T10_314,1,revisar,area de defecto dudosa (86%),True,0.98,3,0.236,0.4788,0.859
T10_d03_315_a_1.jpg,T10_315,1,auto,,False,0.977,0,,0.0,0.0
T10_d03_325_b_1.jpg,T10_325,1,revisar,area de defecto dudosa (100%),True,0.977,2,0.18,0.0865,1.0
T10_d03_326_a_1.jpg,T10_326,1,auto,,False,0.982,2,0.404,0.0453,0.427
T10_d03_326_b_1.jpg,T10_326,1,auto,,False,0.982,1,0.607,0.045,0.0
T10_d03_327_a_1.jpg,T10_327,1,revisar,area de defecto dudosa (100%),True,0.971,2,0.247,0.1074,1.0
T10_d03_327_b_1.jpg,T10_327,1,auto,,False,0.977,1,0.674,0.1052,0.0
T10_d03_328_a_1.jpg,T10_328,1,revisar,area de defecto dudosa (83%),True,0.979,2,0.265,0.1293,0.827
T10_d03_328_b_1.jpg,T10_328,1,revisar,area de defecto dudosa (100%),True,0.979,5,0.152,0.0747,1.0
T10_d03_330_a_1.jpg,T10_330,1,auto,,False,0.979,0,,0.0,0.0
T10_d03_330_b_1.jpg,T10_330,1,auto,,False,0.98,0,,0.0,0.0
T10_d03_333_a_1.jpg,T10_333,1,revisar,area de defecto dudosa (100%),True,0.98,2,0.178,0.0766,1.0
T10_d03_333_b_1.jpg,T10_333,1,revisar,area de defecto dudosa (100%),True,0.98,3,0.183,0.1363,1.0
T10_d03_336_a_1.jpg,T10_336,1,revisar,area de defecto dudosa (100%),True,0.983,3,0.18,0.4375,1.0
T10_d03_336_b_1.jpg,T10_336,1,revisar,area de defecto dudosa (100%),True,0.981,4,0.173,0.6835,1.0
T10_d03_337_a_1.jpg,T10_337,1,auto,,False,0.974,0,,0.0,0.0
T10_d03_337_b_1.jpg,T10_337,1,revisar,area de defecto dudosa (100%),True,0.973,2,0.166,0.0691,1.0
T10_d03_338_a_1.jpg,T10_338,1,revisar,area de defecto dudosa (100%),True,0.982,1,0.206,0.0114,1.0
T10_d03_338_b_1.jpg,T10_338,1,revisar,area de defecto dudosa (100%),True,0.98,2,0.345,0.2,1.0
T10_d03_349_a_1.jpg,T10_349,1,auto,,False,0.979,0,,0.0,0.0
T10_d03_349_b_1.jpg,T10_349,1,auto,,False,0.981,0,,0.0,0.0
T10_d03_350_a_1.jpg,T10_350,1,auto,,False,0.978,1,0.89,0.0475,0.0
T10_d03_350_b_1.jpg,T10_350,1,auto,,False,0.98,0,,0.0,0.0
T10_d03_351_a_1.jpg,T10_351,1,auto,,False,0.98,0,,0.0,0.0
T10_d03_351_b_1.jpg,T10_351,1,revisar,area de defecto dudosa (100%),True,0.979,1,0.441,0.0271,1.0
T10_d03_355_a_1.jpg,T10_355,1,auto,,False,0.979,2,0.365,0.0438,0.42
T10_d03_355_b_1.jpg,T10_355,1,revisar,area de defecto dudosa (100%),True,0.978,1,0.205,0.2271,1.0
T10_d03_357_a_1.jpg,T10_357,1,revisar,area de defecto dudosa (100%),True,0.98,4,0.233,0.2096,1.0
T10_d03_357_b_1.jpg,T10_357,1,revisar,area de defecto dudosa (100%),True,0.979,3,0.25,0.2481,1.0
T10_d03_358_a_1.jpg,T10_358,1,auto,,False,0.978,1,0.858,0.1365,0.0
T10_d03_358_b_1.jpg,T10_358,1,revisar,area de defecto dudosa (100%),True,0.981,2,0.168,0.0496,1.0
T10_d03_365_a_1.jpg,T10_365,1,revisar,area de defecto dudosa (100%),True,0.979,2,0.225,0.2644,1.0
T10_d03_365_b_1.jpg,T10_365,1,revisar,area de defecto dudosa (100%),True,0.981,1,0.176,0.2527,1.0
T10_d03_366_a_1.jpg,T10_366,1,auto,,False,0.981,1,0.727,0.0796,0.0
T10_d03_366_b_1.jpg,T10_366,1,revisar,area de defecto dudosa (100%),True,0.978,1,0.201,0.0339,1.0
T10_d03_367_a_1.jpg,T10_367,1,revisar,area de defecto dudosa (100%),True,0.98,4,0.156,0.0525,1.0
T10_d03_367_b_1.jpg,T10_367,1,revisar,area de defecto dudosa (100%),True,0.977,2,0.152,0.0508,1.0
T10_d03_372_a_1.jpg,T10_372,1,revisar,area de defecto dudosa (100%),True,0.977,3,0.341,0.0492,1.0
T10_d03_372_b_1.jpg,T10_372,1,auto,,False,0.981,2,0.503,0.0525,0.0
T10_d03_376_a_1.jpg,T10_376,1,auto,,False,0.978,2,0.226,0.1039,0.101
T10_d03_376_b_1.jpg,T10_376,1,auto,,False,0.975,0,,0.0,0.0
T10_d03_381_a_1.jpg,T10_381,1,revisar,area de defecto dudosa (100%),True,0.98,1,0.234,0.0757,1.0
T10_d03_381_b_1.jpg,T10_381,1,revisar,area de defecto dudosa (100%),True,0.981,3,0.151,0.28,1.0
T10_d03_382_a_1.jpg,T10_382,1,revisar,area de defecto dudosa (100%),True,0.975,8,0.175,0.1794,1.0
T10_d03_382_b_1.jpg,T10_382,1,auto,,False,0.98,0,,0.0,0.0
T10_d03_387_b_1.jpg,T10_387,1,revisar,area de defecto dudosa (100%),True,0.979,5,0.15,0.1847,1.0
T10_d03_400_a_1.jpg,T10_400,1,revisar,area de defecto dudosa (100%),True,0.979,2,0.393,0.2251,1.0
T10_d03_400_b_1.jpg,T10_400,1,revisar,area de defecto dudosa (100%),True,0.978,1,0.379,0.0222,1.0
T10_d03_401_a_1.jpg,T10_401,1,auto,,False,0.976,2,0.273,0.1664,0.476
T10_d03_401_b_1.jpg,T10_401,1,revisar,area de defecto dudosa (100%),True,0.979,4,0.266,0.1403,1.0
T10_d03_405_a_1.jpg,T10_405,1,auto,,False,0.978,1,0.621,0.0212,0.0
T10_d03_405_b_1.jpg,T10_405,1,revisar,area de defecto dudosa (82%),True,0.98,2,0.223,0.0439,0.819
T10_d03_408_a_1.jpg,T10_408,1,auto,,False,0.979,0,,0.0,0.0
T10_d03_408_b_1.jpg,T10_408,1,auto,,False,0.977,1,0.725,0.0885,0.0
T10_d03_410_a_1.jpg,T10_410,1,auto,,False,0.979,1,0.79,0.0368,0.0
T10_d03_410_b_1.jpg,T10_410,1,auto,,False,0.98,0,,0.0,0.0
T10_d03_413_a_1.jpg,T10_413,1,revisar,area de defecto dudosa (77%),True,0.977,2,0.279,0.2197,0.774
T10_d03_413_b_1.jpg,T10_413,1,auto,,False,0.977,0,,0.0,0.0
T10_d03_414_a_1.jpg,T10_414,1,auto,,False,0.979,1,0.779,0.2017,0.0
T10_d03_414_b_1.jpg,T10_414,1,revisar,area de defecto dudosa (100%),True,0.984,4,0.152,0.4265,1.0
T10_d03_415_a_1.jpg,T10_415,1,auto,,False,0.982,0,,0.0,0.0
T10_d03_415_b_1.jpg,T10_415,1,revisar,area de defecto dudosa (100%),True,0.974,2,0.365,0.0959,1.0
T10_d03_420_a_1.jpg,T10_420,1,revisar,area de defecto dudosa (100%),True,0.974,6,0.167,0.2945,1.0
T10_d03_420_b_1.jpg,T10_420,1,auto,,False,0.979,0,,0.0,0.0
T10_d03_422_a_1.jpg,T10_422,1,revisar,area de defecto dudosa (93%),True,0.981,3,0.175,0.4959,0.934
T10_d03_422_b_1.jpg,T10_422,1,revisar,area de defecto dudosa (100%),True,0.98,1,0.471,0.0631,1.0
T10_d03_425_a_1.jpg,T10_425,1,auto,,False,0.978,0,,0.0,0.0
T10_d03_429_a_1.jpg,T10_429,1,revisar,area de defecto dudosa (100%),True,0.977,4,0.211,0.2348,1.0
T10_d03_429_b_1.jpg,T10_429,1,revisar,area de defecto dudosa (63%),True,0.977,3,0.255,0.2993,0.632
T10_d03_442_a_1.jpg,T10_442,1,auto,,False,0.981,1,0.679,0.039,0.0
T10_d03_442_b_1.jpg,T10_442,1,auto,,False,0.982,1,0.696,0.0206,0.0
T10_d03_444_a_1.jpg,T10_444,1,revisar,area de defecto dudosa (100%),True,0.981,1,0.193,0.0286,1.0
T10_d03_444_b_1.jpg,T10_444,1,auto,,False,0.981,0,,0.0,0.0
T10_d03_445_a_1.jpg,T10_445,1,revisar,area de defecto dudosa (85%),True,0.982,3,0.251,0.0879,0.852
T10_d03_446_a_1.jpg,T10_446,1,revisar,area de defecto dudosa (100%),True,0.975,1,0.207,0.0165,1.0
T10_d03_446_b_1.jpg,T10_446,1,auto,,False,0.978,1,0.728,0.0599,0.0
T10_d03_447_a_1.jpg,T10_447,1,auto,,False,0.979,1,0.736,0.0615,0.0
T10_d03_447_b_1.jpg,T10_447,1,auto,,False,0.978,1,0.577,0.0556,0.0
T10_d03_448_a_1.jpg,T10_448,1,auto,,False,0.978,1,0.79,0.1873,0.0
T10_d03_448_b_1.jpg,T10_448,1,auto,,False,0.981,0,,0.0,0.0
T10_d03_449_a_1.jpg,T10_449,1,revisar,area de defecto dudosa (59%),True,0.979,2,0.33,0.187,0.594
T10_d03_449_b_1.jpg,T10_449,1,auto,,False,0.981,1,0.505,0.0155,0.0
T10_d03_454_a_1.jpg,T10_454,1,revisar,area de defecto dudosa (100%),True,0.979,1,0.171,0.0192,1.0
T10_d03_454_b_1.jpg,T10_454,1,auto,,False,0.977,1,0.747,0.0371,0.0
T10_d03_458_a_1.jpg,T10_458,1,auto,,False,0.981,1,0.523,0.0494,0.0
T10_d03_458_b_1.jpg,T10_458,1,revisar,area de defecto dudosa (100%),True,0.983,2,0.308,0.1102,1.0
T10_d03_459_b_1.jpg,T10_459,1,auto,,False,0.979,0,,0.0,0.0
T10_d03_470_a_1.jpg,T10_470,1,revisar,area de defecto dudosa (100%),True,0.982,3,0.155,0.5146,1.0
T10_d03_470_b_1.jpg,T10_470,1,auto,,False,0.981,0,,0.0,0.0
T10_d03_475_a_1.jpg,T10_475,1,auto,,False,0.979,1,0.788,0.1515,0.0
T10_d04_002_a_1.jpg,T10_002,1,revisar,area de defecto dudosa (100%),True,0.977,1,0.451,0.0325,1.0
T10_d04_002_b_1.jpg,T10_002,1,revisar,area de defecto dudosa (100%),True,0.978,2,0.166,0.2728,1.0
T10_d04_003_a_1.jpg,T10_003,1,revisar,area de defecto dudosa (100%),True,0.979,5,0.153,0.7477,1.0
T10_d04_003_b_1.jpg,T10_003,1,revisar,area de defecto dudosa (100%),True,0.978,2,0.179,0.2365,1.0
T10_d04_007_b_1.jpg,T10_007,1,auto,,False,0.979,2,0.156,0.1326,0.215
T10_d04_011_a_1.jpg,T10_011,1,auto,,False,0.983,2,0.326,0.1185,0.118
T10_d04_011_b_1.jpg,T10_011,1,auto,,False,0.975,0,,0.0,0.0
T10_d04_013_a_1.jpg,T10_013,1,auto,,False,0.978,0,,0.0,0.0
T10_d04_021_a_1.jpg,T10_021,1,auto,,False,0.982,0,,0.0,0.0
T10_d04_021_b_1.jpg,T10_021,1,auto,,False,0.977,3,0.199,0.0267,0.336
T10_d04_022_a_1.jpg,T10_022,1,auto,,False,0.982,0,,0.0,0.0
T10_d04_022_b_1.jpg,T10_022,1,revisar,area de defecto dudosa (100%),True,0.982,1,0.252,0.1841,1.0
T10_d04_026_b_1.jpg,T10_026,1,revisar,area de defecto dudosa (100%),True,0.979,1,0.469,0.0514,1.0
T10_d04_027_a_1.jpg,T10_027,1,revisar,area de defecto dudosa (100%),True,0.982,1,0.195,0.0568,1.0
T10_d04_027_b_1.jpg,T10_027,1,revisar,area de defecto dudosa (81%),True,0.978,4,0.312,0.0913,0.814
T10_d04_034_a_1.jpg,T10_034,1,auto,,False,0.982,1,0.549,0.2859,0.0
T10_d04_034_b_1.jpg,T10_034,1,auto,,False,0.98,2,0.164,0.1773,0.088
T10_d04_037_a_1.jpg,T10_037,1,revisar,area de defecto dudosa (100%),True,0.981,5,0.165,0.235,1.0
T10_d04_037_b_1.jpg,T10_037,1,revisar,area de defecto dudosa (100%),True,0.979,1,0.242,0.0302,1.0
T10_d04_045_a_1.jpg,T10_045,1,auto,,False,0.981,0,,0.0,0.0
T10_d04_045_b_1.jpg,T10_045,1,revisar,area de defecto dudosa (100%),True,0.977,1,0.214,0.0515,1.0
T10_d04_046_a_1.jpg,T10_046,1,revisar,area de defecto dudosa (100%),True,0.983,2,0.153,0.0421,1.0
T10_d04_046_b_1.jpg,T10_046,1,revisar,area de defecto dudosa (72%),True,0.977,5,0.156,0.0739,0.717
T10_d04_047_a_1.jpg,T10_047,1,auto,,False,0.978,0,,0.0,0.0
T10_d04_048_a_1.jpg,T10_048,1,revisar,area de defecto dudosa (100%),True,0.979,5,0.16,0.3864,1.0
T10_d04_048_b_1.jpg,T10_048,1,auto,,False,0.978,0,,0.0,0.0
T10_d04_055_a_1.jpg,T10_055,1,auto,,False,0.981,1,0.748,0.0535,0.0
T10_d04_055_b_1.jpg,T10_055,1,auto,,False,0.981,2,0.183,0.0415,0.362
T10_d04_061_a_1.jpg,T10_061,1,revisar,area de defecto dudosa (100%),True,0.977,3,0.228,0.5671,1.0
T10_d04_061_b_1.jpg,T10_061,1,auto,,False,0.976,0,,0.0,0.0
T10_d04_067_a_1.jpg,T10_067,1,revisar,area de defecto dudosa (100%),True,0.978,2,0.166,0.0326,1.0
T10_d04_067_b_1.jpg,T10_067,1,auto,,False,0.975,2,0.577,0.2257,0.0
T10_d04_069_a_1.jpg,T10_069,1,revisar,area de defecto dudosa (72%),True,0.98,4,0.153,0.2774,0.723
T10_d04_069_b_1.jpg,T10_069,1,revisar,area de defecto dudosa (100%),True,0.979,1,0.416,0.0388,1.0
T10_d04_083_a_1.jpg,T10_083,1,revisar,area de defecto dudosa (100%),True,0.979,3,0.189,0.1519,1.0
T10_d04_083_b_1.jpg,T10_083,1,revisar,area de defecto dudosa (100%),True,0.98,2,0.273,0.1292,1.0
T10_d04_089_a_1.jpg,T10_089,1,auto,,False,0.979,2,0.566,0.0662,0.0
T10_d04_089_b_1.jpg,T10_089,1,auto,,False,0.977,3,0.262,0.0931,0.259
T10_d04_093_a_1.jpg,T10_093,1,revisar,area de defecto dudosa (100%),True,0.982,1,0.275,0.0199,1.0
T10_d04_093_b_1.jpg,T10_093,1,revisar,area de defecto dudosa (100%),True,0.977,1,0.42,0.0385,1.0
T10_d04_094_a_1.jpg,T10_094,1,revisar,area de defecto dudosa (99%),True,0.981,2,0.345,0.1349,0.99
T10_d04_094_b_1.jpg,T10_094,1,revisar,area de defecto dudosa (100%),True,0.98,2,0.203,0.4975,1.0
T10_d04_096_a_1.jpg,T10_096,1,auto,,False,0.982,1,0.743,0.1482,0.0
T10_d04_096_b_1.jpg,T10_096,1,revisar,area de defecto dudosa (73%),True,0.979,3,0.173,0.0674,0.734
T10_d04_097_a_1.jpg,T10_097,1,revisar,area de defecto dudosa (100%),True,0.979,2,0.432,0.1186,1.0
T10_d04_097_b_1.jpg,T10_097,1,revisar,defecto rectangular; area de defecto dudosa (100%),True,0.978,3,0.164,0.8334,1.0
T10_d04_098_a_1.jpg,T10_098,1,revisar,area de defecto dudosa (100%),True,0.977,2,0.231,0.0507,1.0
T10_d04_098_b_1.jpg,T10_098,1,revisar,area de defecto dudosa (100%),True,0.978,1,0.282,0.0201,1.0
T10_d04_099_b_1.jpg,T10_099,1,revisar,area de defecto dudosa (100%),True,0.981,1,0.302,0.0223,1.0
T10_d04_108_a_1.jpg,T10_108,1,revisar,area de defecto dudosa (100%),True,0.977,1,0.196,0.101,1.0
T10_d04_108_b_1.jpg,T10_108,1,revisar,area de defecto dudosa (100%),True,0.978,2,0.188,0.0322,1.0
T10_d04_110_a_1.jpg,T10_110,1,revisar,area de defecto dudosa (100%),True,0.977,2,0.176,0.1686,1.0
T10_d04_110_b_1.jpg,T10_110,1,revisar,area de defecto dudosa (92%),True,0.976,4,0.169,0.1352,0.923
T10_d04_113_a_1.jpg,T10_113,1,auto,,False,0.979,1,0.863,0.0933,0.0
T10_d04_113_b_1.jpg,T10_113,1,auto,,False,0.979,0,,0.0,0.0
T10_d04_118_a_1.jpg,T10_118,1,revisar,area de defecto dudosa (100%),True,0.98,2,0.286,0.2008,1.0
T10_d04_118_b_1.jpg,T10_118,1,revisar,area de defecto dudosa (100%),True,0.98,1,0.272,0.0135,1.0
T10_d04_122_a_1.jpg,T10_122,1,revisar,area de defecto dudosa (100%),True,0.98,3,0.16,0.1403,1.0
T10_d04_122_b_1.jpg,T10_122,1,revisar,area de defecto dudosa (100%),True,0.981,1,0.341,0.0131,1.0
T10_d04_125_a_1.jpg,T10_125,1,revisar,area de defecto dudosa (100%),True,0.979,2,0.178,0.4514,1.0
T10_d04_125_b_1.jpg,T10_125,1,revisar,area de defecto dudosa (100%),True,0.977,1,0.325,0.0175,1.0
T10_d04_128_a_1.jpg,T10_128,1,revisar,area de defecto dudosa (100%),True,0.98,3,0.153,0.3806,1.0
T10_d04_128_b_1.jpg,T10_128,1,revisar,area de defecto dudosa (78%),True,0.977,3,0.154,0.0938,0.781
T10_d04_129_a_1.jpg,T10_129,1,auto,,False,0.98,1,0.651,0.0155,0.0
T10_d04_129_b_1.jpg,T10_129,1,revisar,area de defecto dudosa (100%),True,0.983,3,0.191,0.1548,1.0
T10_d04_130_a_1.jpg,T10_130,1,revisar,area de defecto dudosa (100%),True,0.976,4,0.182,0.7933,1.0
T10_d04_130_b_1.jpg,T10_130,1,revisar,area de defecto dudosa (100%),True,0.978,2,0.21,0.744,1.0
T10_d04_131_a_1.jpg,T10_131,1,revisar,defecto rectangular; area de defecto dudosa (100%),True,0.981,4,0.17,0.7542,1.0
T10_d04_131_b_1.jpg,T10_131,1,auto,,False,0.977,2,0.158,0.1217,0.312
T10_d04_133_a_1.jpg,T10_133,1,revisar,area de defecto dudosa (99%),True,0.978,3,0.369,0.1987,0.986
T10_d04_133_b_1.jpg,T10_133,1,revisar,area de defecto dudosa (100%),True,0.979,2,0.229,0.1179,1.0
T10_d04_138_a_1.jpg,T10_138,1,revisar,area de defecto dudosa (100%),True,0.979,1,0.333,0.046,1.0
T10_d04_138_b_1.jpg,T10_138,1,auto,,False,0.979,3,0.314,0.1213,0.265
T10_d04_145_a_1.jpg,T10_145,1,revisar,area de defecto dudosa (100%),True,0.978,4,0.151,0.2282,1.0
T10_d04_145_b_1.jpg,T10_145,1,auto,,False,0.976,1,0.565,0.0305,0.0
T10_d04_148_a_1.jpg,T10_148,1,auto,,False,0.978,1,0.822,0.0804,0.0
T10_d04_148_b_1.jpg,T10_148,1,auto,,False,0.979,1,0.546,0.1342,0.0
T10_d04_149_a_1.jpg,T10_149,1,revisar,area de defecto dudosa (97%),True,0.978,2,0.394,0.3588,0.965
T10_d04_149_b_1.jpg,T10_149,1,revisar,area de defecto dudosa (100%),True,0.977,1,0.454,0.1851,1.0
T10_d04_152_a_1.jpg,T10_152,1,revisar,area de defecto dudosa (100%),True,0.981,2,0.152,0.5374,1.0
T10_d04_152_b_1.jpg,T10_152,1,revisar,area de defecto dudosa (97%),True,0.98,4,0.195,0.5121,0.966
T10_d04_156_a_1.jpg,T10_156,1,revisar,area de defecto dudosa (100%),True,0.98,5,0.162,0.3507,1.0
T10_d04_163_a_1.jpg,T10_163,1,auto,,False,0.981,1,0.775,0.2877,0.0
T10_d04_163_b_1.jpg,T10_163,1,auto,,False,0.98,1,0.708,0.1657,0.0
T10_d04_165_a_1.jpg,T10_165,1,revisar,area de defecto dudosa (100%),True,0.977,3,0.185,0.2863,1.0
T10_d04_165_b_1.jpg,T10_165,1,auto,,False,0.977,1,0.758,0.0426,0.0
T10_d04_166_a_1.jpg,T10_166,1,auto,,False,0.978,0,,0.0,0.0
T10_d04_166_b_1.jpg,T10_166,1,revisar,area de defecto dudosa (53%),True,0.981,2,0.246,0.0692,0.527
T10_d04_167_a_1.jpg,T10_167,1,revisar,area de defecto dudosa (99%),True,0.974,2,0.269,0.0227,0.991
T10_d04_167_b_1.jpg,T10_167,1,revisar,area de defecto dudosa (100%),True,0.976,1,0.404,0.3957,1.0
T10_d04_168_a_1.jpg,T10_168,1,revisar,area de defecto dudosa (100%),True,0.98,3,0.157,0.0502,1.0
T10_d04_168_b_1.jpg,T10_168,1,revisar,area de defecto dudosa (97%),True,0.979,3,0.154,0.3687,0.967
T10_d04_172_a_1.jpg,T10_172,1,revisar,area de defecto dudosa (94%),True,0.974,6,0.165,0.3972,0.945
T10_d04_172_b_1.jpg,T10_172,1,auto,,False,0.974,2,0.187,0.1051,0.477
T10_d04_180_a_1.jpg,T10_180,1,revisar,area de defecto dudosa (100%),True,0.978,1,0.234,0.0223,1.0
T10_d04_180_b_1.jpg,T10_180,1,revisar,area de defecto dudosa (100%),True,0.977,3,0.233,0.0804,1.0
T10_d04_181_a_1.jpg,T10_181,1,auto,,False,0.98,1,0.583,0.0888,0.0
T10_d04_181_b_1.jpg,T10_181,1,revisar,area de defecto dudosa (100%),True,0.981,2,0.184,0.0168,1.0
T10_d04_193_a_1.jpg,T10_193,1,revisar,defecto rectangular; defecto rectangular; area de defecto dudosa (100%),True,0.984,5,0.151,0.8125,1.0
T10_d04_193_b_1.jpg,T10_193,1,auto,,False,0.981,0,,0.0,0.0
T10_d04_194_a_1.jpg,T10_194,1,revisar,area de defecto dudosa (100%),True,0.979,2,0.162,0.1022,1.0
T10_d04_194_b_1.jpg,T10_194,1,revisar,area de defecto dudosa (100%),True,0.982,1,0.218,0.1826,1.0
T10_d04_196_a_1.jpg,T10_196,1,auto,,False,0.98,0,,0.0,0.0
T10_d04_196_b_1.jpg,T10_196,1,revisar,area de defecto dudosa (100%),True,0.981,2,0.209,0.126,1.0
T10_d04_202_a_1.jpg,T10_202,1,revisar,area de defecto dudosa (100%),True,0.977,3,0.166,0.0951,1.0
T10_d04_202_b_1.jpg,T10_202,1,revisar,area de defecto dudosa (100%),True,0.981,4,0.177,0.2734,1.0
T10_d04_204_a_1.jpg,T10_204,1,auto,,False,0.981,0,,0.0,0.0
T10_d04_204_b_1.jpg,T10_204,1,revisar,area de defecto dudosa (100%),True,0.977,5,0.162,0.1224,1.0
T10_d04_206_a_1.jpg,T10_206,1,revisar,area de defecto dudosa (100%),True,0.979,4,0.161,0.0806,1.0
T10_d04_206_b_1.jpg,T10_206,1,auto,,False,0.98,1,0.585,0.0142,0.0
T10_d04_211_a_1.jpg,T10_211,1,auto,,False,0.98,1,0.731,0.0371,0.0
T10_d04_211_b_1.jpg,T10_211,1,auto,,False,0.978,1,0.69,0.1783,0.0
T10_d04_213_a_1.jpg,T10_213,1,revisar,area de defecto dudosa (100%),True,0.98,1,0.332,0.1079,1.0
T10_d04_213_b_1.jpg,T10_213,1,revisar,area de defecto dudosa (96%),True,0.98,4,0.219,0.6856,0.958
T10_d04_215_a_1.jpg,T10_215,1,revisar,area de defecto dudosa (100%),True,0.981,2,0.239,0.5541,1.0
T10_d04_215_b_1.jpg,T10_215,1,revisar,area de defecto dudosa (100%),True,0.979,4,0.233,0.1067,1.0
T10_d04_217_a_1.jpg,T10_217,1,auto,,False,0.982,1,0.778,0.1184,0.0
T10_d04_217_b_1.jpg,T10_217,1,revisar,area de defecto dudosa (100%),True,0.98,1,0.241,0.0395,1.0
T10_d04_221_a_1.jpg,T10_221,1,auto,,False,0.978,0,,0.0,0.0
T10_d04_221_b_1.jpg,T10_221,1,revisar,area de defecto dudosa (100%),True,0.977,2,0.195,0.1448,1.0
T10_d04_223_a_1.jpg,T10_223,1,auto,,False,0.981,2,0.512,0.1152,0.0
T10_d04_223_b_1.jpg,T10_223,1,revisar,area de defecto dudosa (100%),True,0.975,2,0.162,0.0251,1.0
T10_d04_227_a_3.jpg,T10_227,3,revisar,area de defecto dudosa (100%),True,0.981,1,0.486,0.0668,1.0
T10_d04_227_b_3.jpg,T10_227,3,auto,,False,0.979,0,,0.0,0.0
T10_d04_229_a_1.jpg,T10_229,1,auto,,False,0.977,1,0.812,0.0822,0.0
T10_d04_229_b_1.jpg,T10_229,1,revisar,defecto rectangular; area de defecto dudosa (100%),True,0.98,1,0.289,0.1849,1.0
T10_d04_233_a_1.jpg,T10_233,1,revisar,area de defecto dudosa (100%),True,0.974,2,0.343,0.038,1.0
T10_d04_233_b_1.jpg,T10_233,1,revisar,area de defecto dudosa (100%),True,0.98,2,0.162,0.0975,1.0
T10_d04_234_a_1.jpg,T10_234,1,auto,,False,0.981,1,0.573,0.0353,0.0
T10_d04_234_b_1.jpg,T10_234,1,revisar,area de defecto dudosa (100%),True,0.978,2,0.238,0.0616,1.0
T10_d04_236_a_1.jpg,T10_236,1,revisar,area de defecto dudosa (100%),True,0.976,1,0.498,0.03,1.0
T10_d04_236_b_1.jpg,T10_236,1,auto,,False,0.968,1,0.681,0.0678,0.0
T10_d04_237_a_1.jpg,T10_237,1,auto,,False,0.98,1,0.778,0.1231,0.0
T10_d04_237_b_1.jpg,T10_237,1,revisar,area de defecto dudosa (100%),True,0.983,2,0.325,0.2457,1.0
T10_d04_243_a_1.jpg,T10_243,1,revisar,area de defecto dudosa (100%),True,0.978,3,0.189,0.3848,1.0
T10_d04_243_b_1.jpg,T10_243,1,auto,,False,0.977,1,0.744,0.2606,0.0
T10_d04_245_a_1.jpg,T10_245,1,revisar,area de defecto dudosa (100%),True,0.976,3,0.173,0.1683,1.0
T10_d04_245_b_1.jpg,T10_245,1,revisar,area de defecto dudosa (67%),True,0.979,3,0.161,0.1216,0.666
T10_d04_250_a_1.jpg,T10_250,1,revisar,area de defecto dudosa (100%),True,0.983,4,0.173,0.4201,1.0
T10_d04_250_b_1.jpg,T10_250,1,auto,,False,0.982,1,0.721,0.0659,0.0
T10_d04_252_a_1.jpg,T10_252,1,revisar,area de defecto dudosa (100%),True,0.98,3,0.169,0.1463,1.0
T10_d04_252_b_1.jpg,T10_252,1,revisar,area de defecto dudosa (100%),True,0.979,6,0.166,0.2874,1.0
T10_d04_262_a_1.jpg,T10_262,1,revisar,area de defecto dudosa (100%),True,0.98,1,0.24,0.0238,1.0
T10_d04_262_b_1.jpg,T10_262,1,revisar,area de defecto dudosa (100%),True,0.98,1,0.436,0.0221,1.0
T10_d04_266_a_1.jpg,T10_266,1,revisar,area de defecto dudosa (100%),True,0.98,2,0.276,0.2071,1.0
T10_d04_266_b_1.jpg,T10_266,1,revisar,area de defecto dudosa (100%),True,0.979,2,0.239,0.0324,1.0
T10_d04_269_a_1.jpg,T10_269,1,auto,,False,0.976,1,0.744,0.0694,0.0
T10_d04_269_b_1.jpg,T10_269,1,auto,,False,0.978,1,0.814,0.0257,0.0
T10_d04_274_a_1.jpg,T10_274,1,revisar,area de defecto dudosa (100%),True,0.979,1,0.232,0.0136,1.0
T10_d04_274_b_1.jpg,T10_274,1,auto,,False,0.977,1,0.576,0.2383,0.0
T10_d04_276_a_1.jpg,T10_276,1,revisar,area de defecto dudosa (100%),True,0.977,3,0.227,0.0634,1.0
T10_d04_276_b_1.jpg,T10_276,1,revisar,area de defecto dudosa (100%),True,0.979,4,0.185,0.0795,1.0
T10_d04_282_a_1.jpg,T10_282,1,revisar,area de defecto dudosa (100%),True,0.982,3,0.181,0.1841,1.0
T10_d04_282_b_1.jpg,T10_282,1,revisar,area de defecto dudosa (100%),True,0.978,1,0.43,0.0735,1.0
T10_d04_283_a_1.jpg,T10_283,1,revisar,area de defecto dudosa (100%),True,0.979,1,0.356,0.4872,1.0
T10_d04_283_b_1.jpg,T10_283,1,revisar,area de defecto dudosa (100%),True,0.98,1,0.258,0.0634,1.0
T10_d04_284_a_2.jpg,T10_284,2,auto,,False,0.975,0,,0.0,0.0
T10_d04_290_a_1.jpg,T10_290,1,revisar,defecto rectangular; area de defecto dudosa (100%),True,0.981,4,0.162,0.8475,1.0
T10_d04_294_a_1.jpg,T10_294,1,auto,,False,0.977,1,0.808,0.0766,0.0
T10_d04_295_a_1.jpg,T10_295,1,revisar,area de defecto dudosa (100%),True,0.979,3,0.15,0.1344,1.0
T10_d04_295_b_1.jpg,T10_295,1,revisar,area de defecto dudosa (64%),True,0.981,2,0.294,0.0636,0.643
T10_d04_296_a_1.jpg,T10_296,1,auto,,False,0.98,1,0.564,0.2702,0.0
T10_d04_296_b_1.jpg,T10_296,1,auto,,False,0.981,0,,0.0,0.0
T10_d04_306_a_1.jpg,T10_306,1,auto,,False,0.977,0,,0.0,0.0
T10_d04_306_b_1.jpg,T10_306,1,revisar,area de defecto dudosa (100%),True,0.978,1,0.191,0.0426,1.0
T10_d04_314_a_1.jpg,T10_314,1,auto,,False,0.981,0,,0.0,0.0
T10_d04_314_b_1.jpg,T10_314,1,revisar,area de defecto dudosa (83%),True,0.977,3,0.169,0.4316,0.831
T10_d04_315_a_1.jpg,T10_315,1,auto,,False,0.975,0,,0.0,0.0
T10_d04_315_b_1.jpg,T10_315,1,revisar,area de defecto dudosa (100%),True,0.975,3,0.223,0.0799,1.0
T10_d04_325_a_1.jpg,T10_325,1,revisar,area de defecto dudosa (100%),True,0.978,1,0.184,0.0365,1.0
T10_d04_325_b_1.jpg,T10_325,1,revisar,area de defecto dudosa (100%),True,0.973,2,0.173,0.0753,1.0
T10_d04_326_a_1.jpg,T10_326,1,auto,,False,0.982,2,0.302,0.0504,0.394
T10_d04_326_b_1.jpg,T10_326,1,revisar,area de defecto dudosa (100%),True,0.982,2,0.169,0.0616,1.0
T10_d04_327_a_1.jpg,T10_327,1,revisar,area de defecto dudosa (100%),True,0.974,2,0.161,0.1022,1.0
T10_d04_327_b_1.jpg,T10_327,1,auto,,False,0.979,1,0.672,0.101,0.0
T10_d04_328_a_1.jpg,T10_328,1,revisar,area de defecto dudosa (100%),True,0.98,2,0.326,0.0374,1.0
T10_d04_328_b_1.jpg,T10_328,1,revisar,area de defecto dudosa (100%),True,0.978,2,0.36,0.0428,1.0
T10_d04_330_a_1.jpg,T10_330,1,auto,,False,0.981,0,,0.0,0.0
T10_d04_330_b_1.jpg,T10_330,1,auto,,False,0.98,0,,0.0,0.0
T10_d04_333_a_1.jpg,T10_333,1,revisar,area de defecto dudosa (100%),True,0.98,2,0.239,0.0319,1.0
T10_d04_333_b_1.jpg,T10_333,1,revisar,area de defecto dudosa (100%),True,0.981,2,0.27,0.1361,1.0
T10_d04_336_a_1.jpg,T10_336,1,revisar,area de defecto dudosa (100%),True,0.983,2,0.154,0.3592,1.0
T10_d04_336_b_1.jpg,T10_336,1,revisar,area de defecto dudosa (100%),True,0.979,3,0.151,0.8907,1.0
T10_d04_337_a_1.jpg,T10_337,1,auto,,False,0.978,0,,0.0,0.0
T10_d04_337_b_1.jpg,T10_337,1,revisar,area de defecto dudosa (100%),True,0.976,2,0.221,0.0813,1.0
T10_d04_338_a_1.jpg,T10_338,1,revisar,area de defecto dudosa (100%),True,0.984,1,0.206,0.0585,1.0
T10_d04_338_b_1.jpg,T10_338,1,revisar,area de defecto dudosa (100%),True,0.978,4,0.278,0.3552,1.0
T10_d04_349_a_1.jpg,T10_349,1,revisar,area de defecto dudosa (100%),True,0.978,3,0.151,0.4435,1.0
T10_d04_350_a_1.jpg,T10_350,1,auto,,False,0.978,1,0.9,0.0455,0.0
T10_d04_350_b_1.jpg,T10_350,1,auto,,False,0.981,0,,0.0,0.0
T10_d04_351_a_1.jpg,T10_351,1,revisar,area de defecto dudosa (100%),True,0.98,1,0.193,0.1529,1.0
T10_d04_351_b_1.jpg,T10_351,1,revisar,area de defecto dudosa (100%),True,0.98,3,0.173,0.0633,0.999
T10_d04_355_a_1.jpg,T10_355,1,revisar,area de defecto dudosa (56%),True,0.98,3,0.215,0.0552,0.559
T10_d04_355_b_1.jpg,T10_355,1,revisar,area de defecto dudosa (100%),True,0.977,1,0.154,0.1515,1.0
T10_d04_357_b_1.jpg,T10_357,1,revisar,area de defecto dudosa (100%),True,0.98,3,0.167,0.3415,1.0
T10_d04_358_a_1.jpg,T10_358,1,auto,,False,0.98,1,0.845,0.1145,0.0
T10_d04_358_b_1.jpg,T10_358,1,revisar,area de defecto dudosa (100%),True,0.98,2,0.178,0.0561,1.0
T10_d04_365_a_1.jpg,T10_365,1,revisar,area de defecto dudosa (100%),True,0.981,2,0.189,0.241,1.0
T10_d04_365_b_1.jpg,T10_365,1,revisar,area de defecto dudosa (100%),True,0.981,2,0.207,0.2859,1.0
T10_d04_366_a_1.jpg,T10_366,1,auto,,False,0.981,1,0.688,0.0461,0.0
T10_d04_366_b_1.jpg,T10_366,1,auto,,False,0.982,0,,0.0,0.0
T10_d04_367_a_1.jpg,T10_367,1,revisar,area de defecto dudosa (100%),True,0.98,2,0.335,0.0485,1.0
T10_d04_367_b_1.jpg,T10_367,1,revisar,area de defecto dudosa (100%),True,0.98,4,0.182,0.2418,1.0
T10_d04_372_a_1.jpg,T10_372,1,revisar,area de defecto dudosa (98%),True,0.982,4,0.221,0.0819,0.978
T10_d04_372_b_1.jpg,T10_372,1,auto,,False,0.98,2,0.554,0.0587,0.0
T10_d04_376_a_1.jpg,T10_376,1,auto,,False,0.978,1,0.611,0.1,0.0
T10_d04_376_b_1.jpg,T10_376,1,revisar,area de defecto dudosa (58%),True,0.98,4,0.184,0.0597,0.58
T10_d04_377_a_1.jpg,T10_377,1,revisar,area de defecto dudosa (100%),True,0.981,3,0.188,0.3946,1.0
T10_d04_377_b_1.jpg,T10_377,1,auto,,False,0.982,1,0.546,0.0151,0.0
T10_d04_381_a_1.jpg,T10_381,1,revisar,area de defecto dudosa (100%),True,0.979,1,0.23,0.0829,1.0
T10_d04_381_b_1.jpg,T10_381,1,revisar,area de defecto dudosa (100%),True,0.983,4,0.194,0.2356,1.0
T10_d04_382_a_1.jpg,T10_382,1,auto,,False,0.983,1,0.82,0.109,0.0
T10_d04_382_b_1.jpg,T10_382,1,auto,,False,0.981,1,0.615,0.1045,0.0
T10_d04_387_a_1.jpg,T10_387,1,revisar,area de defecto dudosa (100%),True,0.982,3,0.187,0.6846,1.0
T10_d04_387_b_1.jpg,T10_387,1,revisar,area de defecto dudosa (100%),True,0.98,5,0.164,0.2289,1.0
T10_d04_400_a_1.jpg,T10_400,1,revisar,area de defecto dudosa (99%),True,0.977,2,0.498,0.1256,0.992
T10_d04_400_b_1.jpg,T10_400,1,auto,,False,0.977,1,0.746,0.0337,0.0
T10_d04_401_a_1.jpg,T10_401,1,auto,,False,0.977,0,,0.0,0.0
T10_d04_401_b_1.jpg,T10_401,1,revisar,area de defecto dudosa (100%),True,0.977,2,0.211,0.1043,1.0
T10_d04_405_a_1.jpg,T10_405,1,auto,,False,0.979,1,0.649,0.0522,0.0
T10_d04_405_b_1.jpg,T10_405,1,auto,,True,0.982,2,0.239,0.0241,0.329
T10_d04_408_a_1.jpg,T10_408,1,revisar,area de defecto dudosa (100%),True,0.979,1,0.169,0.0101,1.0
T10_d04_408_b_1.jpg,T10_408,1,auto,,False,0.979,1,0.726,0.0837,0.0
T10_d04_410_a_1.jpg,T10_410,1,auto,,False,0.979,1,0.794,0.0359,0.0
T10_d04_410_b_1.jpg,T10_410,1,auto,,False,0.982,0,,0.0,0.0
T10_d04_413_a_1.jpg,T10_413,1,revisar,area de defecto dudosa (79%),True,0.977,2,0.295,0.2335,0.787
T10_d04_413_b_1.jpg,T10_413,1,revisar,area de defecto dudosa (100%),True,0.976,2,0.175,0.0197,1.0
T10_d04_414_a_1.jpg,T10_414,1,auto,,False,0.978,1,0.774,0.2087,0.0
T10_d04_415_a_1.jpg,T10_415,1,revisar,area de defecto dudosa (100%),True,0.98,1,0.207,0.2015,1.0
T10_d04_415_b_1.jpg,T10_415,1,revisar,area de defecto dudosa (100%),True,0.975,4,0.15,0.0699,1.0
T10_d04_420_a_1.jpg,T10_420,1,revisar,area de defecto dudosa (100%),True,0.979,5,0.212,0.1748,1.0
T10_d04_420_b_1.jpg,T10_420,1,revisar,area de defecto dudosa (100%),True,0.982,1,0.214,0.005,1.0
T10_d04_422_a_1.jpg,T10_422,1,revisar,area de defecto dudosa (87%),True,0.981,2,0.198,0.2602,0.872
T10_d04_422_b_1.jpg,T10_422,1,revisar,area de defecto dudosa (99%),True,0.98,2,0.215,0.1198,0.989
T10_d04_425_a_1.jpg,T10_425,1,auto,,False,0.979,0,,0.0,0.0
T10_d04_425_b_1.jpg,T10_425,1,revisar,area de defecto dudosa (100%),True,0.98,3,0.379,0.1765,1.0
T10_d04_429_a_1.jpg,T10_429,1,revisar,area de defecto dudosa (100%),True,0.98,3,0.152,0.2891,1.0
T10_d04_429_b_1.jpg,T10_429,1,revisar,area de defecto dudosa (87%),True,0.979,5,0.235,0.3363,0.871
T10_d04_442_a_1.jpg,T10_442,1,auto,,False,0.977,1,0.694,0.0392,0.0
T10_d04_442_b_1.jpg,T10_442,1,auto,,False,0.98,1,0.674,0.0176,0.0
T10_d04_444_b_1.jpg,T10_444,1,auto,,False,0.984,0,,0.0,0.0
T10_d04_445_a_1.jpg,T10_445,1,revisar,area de defecto dudosa (100%),True,0.983,3,0.252,0.1095,1.0
T10_d04_446_a_1.jpg,T10_446,1,revisar,area de defecto dudosa (55%),True,0.978,2,0.329,0.1751,0.548
T10_d04_446_b_1.jpg,T10_446,1,revisar,area de defecto dudosa (100%),True,0.981,2,0.212,0.0268,1.0
T10_d04_447_a_1.jpg,T10_447,1,auto,,False,0.983,1,0.737,0.0629,0.0
T10_d04_447_b_1.jpg,T10_447,1,auto,,False,0.98,1,0.524,0.0375,0.0
T10_d04_448_a_2.jpg,T10_448,2,auto,,False,0.976,1,0.766,0.2473,0.0
T10_d04_448_b_2.jpg,T10_448,2,auto,,False,0.981,0,,0.0,0.0
T10_d04_449_a_1.jpg,T10_449,1,auto,,False,0.98,0,,0.0,0.0
T10_d04_449_b_1.jpg,T10_449,1,revisar,area de defecto dudosa (100%),True,0.979,2,0.188,0.1039,1.0
T10_d04_454_a_1.jpg,T10_454,1,revisar,area de defecto dudosa (100%),True,0.98,1,0.17,0.0073,1.0
T10_d04_454_b_1.jpg,T10_454,1,auto,,False,0.981,1,0.767,0.0458,0.0
T10_d04_458_b_1.jpg,T10_458,1,revisar,area de defecto dudosa (100%),True,0.977,3,0.154,0.1344,1.0
T10_d04_459_a_1.jpg,T10_459,1,revisar,area de defecto dudosa (100%),True,0.977,2,0.194,0.3002,1.0
T10_d04_459_b_1.jpg,T10_459,1,auto,,False,0.978,0,,0.0,0.0
T10_d04_470_a_1.jpg,T10_470,1,revisar,area de defecto dudosa (100%),True,0.98,4,0.186,0.5837,1.0
T10_d04_470_b_1.jpg,T10_470,1,auto,,False,0.978,0,,0.0,0.0
T10_d04_475_a_1.jpg,T10_475,1,auto,,False,0.976,1,0.739,0.0471,0.0
T10_d04_475_b_1.jpg,T10_475,1,revisar,area de defecto dudosa (100%),True,0.98,2,0.268,0.09,0.998
T10_d05_002_a_1.jpg,T10_002,1,revisar,area de defecto dudosa (100%),True,0.977,2,0.26,0.027,1.0
T10_d05_002_b_1.jpg,T10_002,1,revisar,area de defecto dudosa (100%),True,0.977,1,0.303,0.2924,1.0
T10_d05_003_a_1.jpg,T10_003,1,revisar,area de defecto dudosa (100%),True,0.977,4,0.183,0.6854,1.0
T10_d05_003_b_1.jpg,T10_003,1,revisar,area de defecto dudosa (100%),True,0.977,2,0.166,0.2405,1.0
T10_d05_007_a_1.jpg,T10_007,1,auto,,False,0.979,1,0.66,0.0723,0.0
T10_d05_007_b_1.jpg,T10_007,1,auto,,False,0.977,1,0.657,0.1143,0.0
T10_d05_011_a_1.jpg,T10_011,1,revisar,area de defecto dudosa (100%),True,0.983,2,0.337,0.1385,1.0
T10_d05_011_b_1.jpg,T10_011,1,revisar,area de defecto dudosa (100%),True,0.979,3,0.176,0.2345,1.0
T10_d05_013_a_1.jpg,T10_013,1,auto,,True,0.977,0,,0.0,0.0
T10_d05_013_b_1.jpg,T10_013,1,revisar,area de defecto dudosa (100%),True,0.978,1,0.286,0.0459,1.0
T10_d05_021_a_1.jpg,T10_021,1,auto,,False,0.982,0,,0.0,0.0
T10_d05_021_b_1.jpg,T10_021,1,auto,,False,0.979,1,0.716,0.0121,0.0
T10_d05_022_a_1.jpg,T10_022,1,auto,,False,0.981,0,,0.0,0.0
T10_d05_022_b_1.jpg,T10_022,1,revisar,area de defecto dudosa (100%),True,0.978,3,0.154,0.0881,1.0
T10_d05_026_a_2.jpg,T10_026,2,auto,,False,0.978,3,0.303,0.1859,0.134
T10_d05_027_a_1.jpg,T10_027,1,auto,,False,0.981,0,,0.0,0.0
T10_d05_034_a_1.jpg,T10_034,1,auto,,False,0.98,1,0.577,0.2301,0.0
T10_d05_034_b_1.jpg,T10_034,1,revisar,area de defecto dudosa (100%),True,0.981,2,0.16,0.2305,1.0
T10_d05_037_a_1.jpg,T10_037,1,revisar,area de defecto dudosa (100%),True,0.978,7,0.151,0.2511,1.0
T10_d05_037_b_1.jpg,T10_037,1,revisar,area de defecto dudosa (100%),True,0.975,1,0.183,0.0338,1.0
T10_d05_045_a_1.jpg,T10_045,1,revisar,area de defecto dudosa (100%),True,0.982,3,0.158,0.2173,1.0
T10_d05_045_b_1.jpg,T10_045,1,auto,,True,0.977,0,,0.0,0.0
T10_d05_046_a_1.jpg,T10_046,1,revisar,area de defecto dudosa (100%),True,0.98,3,0.184,0.0174,1.0
T10_d05_046_b_1.jpg,T10_046,1,revisar,area de defecto dudosa (72%),True,0.976,8,0.16,0.092,0.724
T10_d05_047_a_1.jpg,T10_047,1,auto,,True,0.979,0,,0.0,0.0
T10_d05_048_a_1.jpg,T10_048,1,revisar,area de defecto dudosa (100%),True,0.978,2,0.199,0.3568,1.0
T10_d05_048_b_1.jpg,T10_048,1,revisar,area de defecto dudosa (100%),True,0.977,1,0.206,0.0126,1.0
T10_d05_055_a_1.jpg,T10_055,1,auto,,False,0.982,1,0.754,0.0532,0.0
T10_d05_055_b_1.jpg,T10_055,1,auto,,False,0.982,2,0.161,0.038,0.39
T10_d05_061_a_2.jpg,T10_061,2,revisar,area de defecto dudosa (100%),True,0.978,3,0.25,0.6155,1.0
T10_d05_061_b_2.jpg,T10_061,2,auto,,False,0.975,0,,0.0,0.0
T10_d05_067_a_1.jpg,T10_067,1,revisar,area de defecto dudosa (80%),True,0.976,2,0.197,0.1701,0.802
T10_d05_067_b_1.jpg,T10_067,1,auto,,False,0.974,2,0.585,0.2363,0.0
T10_d05_069_a_1.jpg,T10_069,1,revisar,area de defecto dudosa (55%),True,0.979,4,0.172,0.1773,0.553
T10_d05_069_b_1.jpg,T10_069,1,revisar,area de defecto dudosa (100%),True,0.981,4,0.18,0.0616,1.0
T10_d05_083_a_1.jpg,T10_083,1,revisar,area de defecto dudosa (100%),True,0.977,5,0.152,0.2827,1.0
T10_d05_083_b_1.jpg,T10_083,1,revisar,area de defecto dudosa (100%),True,0.979,4,0.15,0.228,1.0
T10_d05_089_a_1.jpg,T10_089,1,auto,,False,0.98,2,0.553,0.07,0.0
T10_d05_089_b_1.jpg,T10_089,1,auto,,False,0.979,2,0.312,0.084,0.105
T10_d05_093_a_1.jpg,T10_093,1,revisar,area de defecto dudosa (100%),True,0.982,1,0.204,0.0147,1.0
T10_d05_094_a_1.jpg,T10_094,1,auto,,False,0.983,1,0.604,0.1347,0.0
T10_d05_094_b_1.jpg,T10_094,1,revisar,area de defecto dudosa (100%),True,0.981,3,0.18,0.5045,1.0
T10_d05_096_a_1.jpg,T10_096,1,auto,,False,0.979,1,0.765,0.1475,0.0
T10_d05_096_b_1.jpg,T10_096,1,revisar,area de defecto dudosa (100%),True,0.979,2,0.25,0.0534,1.0
T10_d05_097_a_1.jpg,T10_097,1,revisar,area de defecto dudosa (100%),True,0.978,3,0.32,0.1193,1.0
T10_d05_097_b_1.jpg,T10_097,1,revisar,defecto rectangular; defecto rectangular; area de defecto dudosa (100%),True,0.979,2,0.209,0.6599,1.0
T10_d05_098_b_1.jpg,T10_098,1,revisar,area de defecto dudosa (100%),True,0.979,1,0.25,0.0171,1.0
T10_d05_099_a_1.jpg,T10_099,1,revisar,area de defecto dudosa (100%),True,0.982,1,0.173,0.3353,1.0
T10_d05_099_b_1.jpg,T10_099,1,revisar,area de defecto dudosa (100%),True,0.981,1,0.152,0.0068,1.0
T10_d05_108_b_1.jpg,T10_108,1,revisar,area de defecto dudosa (100%),True,0.98,3,0.186,0.0474,1.0
T10_d05_110_a_1.jpg,T10_110,1,revisar,area de defecto dudosa (100%),True,0.98,2,0.277,0.153,1.0
T10_d05_110_b_1.jpg,T10_110,1,auto,,False,0.971,1,0.507,0.0718,0.0
T10_d05_113_a_1.jpg,T10_113,1,auto,,False,0.979,1,0.877,0.0833,0.0
T10_d05_113_b_1.jpg,T10_113,1,auto,,False,0.979,0,,0.0,0.0
T10_d05_118_a_1.jpg,T10_118,1,revisar,area de defecto dudosa (100%),True,0.978,2,0.417,0.204,1.0
T10_d05_118_b_1.jpg,T10_118,1,revisar,area de defecto dudosa (100%),True,0.976,1,0.188,0.0139,1.0
T10_d05_122_a_1.jpg,T10_122,1,revisar,area de defecto dudosa (100%),True,0.979,2,0.24,0.0733,1.0
T10_d05_122_b_1.jpg,T10_122,1,revisar,area de defecto dudosa (100%),True,0.982,4,0.198,0.044,1.0
T10_d05_125_a_1.jpg,T10_125,1,revisar,area de defecto dudosa (100%),True,0.978,1,0.247,0.3222,1.0
T10_d05_125_b_1.jpg,T10_125,1,revisar,area de defecto dudosa (100%),True,0.975,1,0.188,0.0123,1.0
T10_d05_128_a_1.jpg,T10_128,1,revisar,area de defecto dudosa (100%),True,0.979,3,0.17,0.3678,1.0
T10_d05_128_b_1.jpg,T10_128,1,revisar,area de defecto dudosa (97%),True,0.977,6,0.153,0.1011,0.974
T10_d05_129_a_1.jpg,T10_129,1,revisar,area de defecto dudosa (100%),True,0.981,1,0.484,0.0131,1.0
T10_d05_129_b_1.jpg,T10_129,1,auto,,False,0.984,1,0.74,0.025,0.0
T10_d05_130_a_1.jpg,T10_130,1,revisar,area de defecto dudosa (100%),True,0.981,4,0.177,0.8368,1.0
T10_d05_130_b_1.jpg,T10_130,1,revisar,area de defecto dudosa (100%),True,0.979,2,0.181,0.7372,1.0
T10_d05_131_a_1.jpg,T10_131,1,revisar,area de defecto dudosa (100%),True,0.982,4,0.158,0.7974,1.0
T10_d05_131_b_1.jpg,T10_131,1,revisar,area de defecto dudosa (100%),True,0.979,2,0.293,0.1155,1.0
T10_d05_133_a_2.jpg,T10_133,2,revisar,area de defecto dudosa (98%),True,0.977,2,0.291,0.1952,0.978
T10_d05_133_b_2.jpg,T10_133,2,auto,,False,0.977,1,0.573,0.0624,0.0
T10_d05_138_a_1.jpg,T10_138,1,auto,,False,0.98,0,,0.0,0.0
T10_d05_138_b_1.jpg,T10_138,1,revisar,area de defecto dudosa (100%),True,0.979,7,0.179,0.18,1.0
T10_d05_145_a_1.jpg,T10_145,1,revisar,area de defecto dudosa (100%),True,0.977,5,0.177,0.2494,1.0
T10_d05_145_b_1.jpg,T10_145,1,auto,,False,0.976,1,0.58,0.0311,0.0
T10_d05_148_a_1.jpg,T10_148,1,auto,,False,0.979,1,0.808,0.0729,0.0
T10_d05_148_b_1.jpg,T10_148,1,revisar,area de defecto dudosa (100%),True,0.978,2,0.363,0.1409,1.0
T10_d05_149_a_1.jpg,T10_149,1,auto,,False,0.978,1,0.616,0.2014,0.0
T10_d05_149_b_1.jpg,T10_149,1,revisar,area de defecto dudosa (100%),True,0.977,3,0.226,0.1888,1.0
T10_d05_152_a_1.jpg,T10_152,1,revisar,defecto rectangular; area de defecto dudosa (100%),True,0.979,2,0.155,0.6177,1.0
T10_d05_152_b_1.jpg,T10_152,1,revisar,area de defecto dudosa (100%),True,0.981,3,0.161,0.5833,1.0
T10_d05_156_a_1.jpg,T10_156,1,revisar,area de defecto dudosa (100%),True,0.98,4,0.181,0.4676,1.0
T10_d05_156_b_1.jpg,T10_156,1,auto,,False,0.98,1,0.572,0.0526,0.0
T10_d05_163_a_2.jpg,T10_163,2,auto,,False,0.985,1,0.848,0.2634,0.0
T10_d05_163_b_2.jpg,T10_163,2,auto,,False,0.982,1,0.743,0.1609,0.0
T10_d05_165_a_1.jpg,T10_165,1,revisar,area de defecto dudosa (100%),True,0.977,3,0.184,0.4349,1.0
T10_d05_165_b_1.jpg,T10_165,1,auto,,False,0.976,1,0.784,0.0449,0.0
T10_d05_166_a_1.jpg,T10_166,1,auto,,False,0.982,0,,0.0,0.0
T10_d05_166_b_1.jpg,T10_166,1,revisar,area de defecto dudosa (100%),True,0.979,3,0.301,0.0813,1.0
T10_d05_167_a_1.jpg,T10_167,1,revisar,area de defecto dudosa (100%),True,0.979,2,0.24,0.0216,1.0
T10_d05_167_b_1.jpg,T10_167,1,revisar,area de defecto dudosa (100%),True,0.976,1,0.239,0.3666,1.0
T10_d05_168_a_2.jpg,T10_168,2,revisar,area de defecto dudosa (100%),True,0.982,3,0.16,0.0236,1.0
T10_d05_168_b_2.jpg,T10_168,2,revisar,area de defecto dudosa (96%),True,0.976,3,0.163,0.3861,0.959
T10_d05_172_a_1.jpg,T10_172,1,revisar,area de defecto dudosa (94%),True,0.974,4,0.261,0.3068,0.938
T10_d05_180_a_1.jpg,T10_180,1,auto,,False,0.978,0,,0.0,0.0
T10_d05_180_b_1.jpg,T10_180,1,revisar,area de defecto dudosa (100%),True,0.978,1,0.276,0.1458,1.0
T10_d05_181_a_1.jpg,T10_181,1,auto,,False,0.98,1,0.625,0.0909,0.0
T10_d05_193_a_1.jpg,T10_193,1,revisar,defecto rectangular; area de defecto dudosa (100%),True,0.978,4,0.15,0.6663,1.0
T10_d05_193_b_1.jpg,T10_193,1,auto,,False,0.98,0,,0.0,0.0
T10_d05_194_a_1.jpg,T10_194,1,revisar,area de defecto dudosa (100%),True,0.98,2,0.164,0.0798,1.0
T10_d05_194_b_1.jpg,T10_194,1,revisar,area de defecto dudosa (100%),True,0.981,3,0.151,0.2962,1.0
T10_d05_196_a_1.jpg,T10_196,1,auto,,False,0.98,0,,0.0,0.0
T10_d05_196_b_1.jpg,T10_196,1,revisar,area de defecto dudosa (100%),True,0.98,3,0.16,0.2668,1.0
T10_d05_202_a_2.jpg,T10_202,2,revisar,area de defecto dudosa (100%),True,0.977,2,0.384,0.0932,1.0
T10_d05_202_b_2.jpg,T10_202,2,revisar,area de defecto dudosa (100%),True,0.98,3,0.17,0.2602,1.0
T10_d05_204_a_1.jpg,T10_204,1,auto,,False,0.98,0,,0.0,0.0
T10_d05_204_b_1.jpg,T10_204,1,revisar,area de defecto dudosa (100%),True,0.975,5,0.167,0.0551,1.0
T10_d05_206_a_1.jpg,T10_206,1,revisar,area de defecto dudosa (100%),True,0.981,5,0.16,0.0535,1.0
T10_d05_206_b_1.jpg,T10_206,1,revisar,area de defecto dudosa (100%),True,0.98,2,0.193,0.0204,1.0
T10_d05_211_a_1.jpg,T10_211,1,auto,,False,0.98,1,0.753,0.0362,0.0
T10_d05_211_b_1.jpg,T10_211,1,auto,,False,0.98,1,0.744,0.1623,0.0
T10_d05_213_a_1.jpg,T10_213,1,revisar,area de defecto dudosa (100%),True,0.979,1,0.307,0.1133,1.0
T10_d05_213_b_1.jpg,T10_213,1,revisar,area de defecto dudosa (100%),True,0.977,5,0.226,0.6827,1.0
T10_d05_215_a_1.jpg,T10_215,1,revisar,defecto rectangular; area de defecto dudosa (100%),True,0.981,2,0.202,0.5364,1.0
T10_d05_215_b_1.jpg,T10_215,1,revisar,area de defecto dudosa (100%),True,0.977,4,0.225,0.1135,1.0
T10_d05_217_a_1.jpg,T10_217,1,auto,,False,0.979,1,0.756,0.1053,0.0
T10_d05_217_b_1.jpg,T10_217,1,revisar,area de defecto dudosa (100%),True,0.98,2,0.185,0.0759,1.0
T10_d05_221_a_1.jpg,T10_221,1,auto,,False,0.978,0,,0.0,0.0
T10_d05_221_b_1.jpg,T10_221,1,auto,,False,0.978,1,0.826,0.0929,0.0
T10_d05_223_a_1.jpg,T10_223,1,revisar,area de defecto dudosa (100%),True,0.978,3,0.185,0.1548,0.999
T10_d05_223_b_1.jpg,T10_223,1,revisar,area de defecto dudosa (100%),True,0.978,2,0.185,0.011,1.0
T10_d05_227_a_4.jpg,T10_227,4,revisar,area de defecto dudosa (100%),True,0.981,2,0.154,0.1474,1.0
T10_d05_229_a_1.jpg,T10_229,1,auto,,False,0.979,1,0.864,0.0847,0.0
T10_d05_229_b_1.jpg,T10_229,1,revisar,area de defecto dudosa (100%),True,0.98,1,0.299,0.0545,1.0
T10_d05_233_a_2.jpg,T10_233,2,revisar,area de defecto dudosa (100%),True,0.977,2,0.424,0.0493,1.0
T10_d05_234_a_1.jpg,T10_234,1,auto,,False,0.982,1,0.537,0.038,0.0
T10_d05_234_b_1.jpg,T10_234,1,auto,,False,0.98,1,0.552,0.0533,0.0
T10_d05_236_a_1.jpg,T10_236,1,revisar,area de defecto dudosa (100%),True,0.976,2,0.176,0.0328,1.0
T10_d05_236_b_1.jpg,T10_236,1,auto,,False,0.969,1,0.676,0.0695,0.0
T10_d05_237_a_2.jpg,T10_237,2,auto,,False,0.979,1,0.752,0.1175,0.0
T10_d05_237_b_2.jpg,T10_237,2,revisar,area de defecto dudosa (100%),True,0.981,3,0.217,0.1811,1.0
T10_d05_243_a_1.jpg,T10_243,1,revisar,area de defecto dudosa (100%),True,0.978,1,0.295,0.3567,1.0
T10_d05_243_b_1.jpg,T10_243,1,auto,,False,0.979,1,0.654,0.2672,0.0
T10_d05_245_a_1.jpg,T10_245,1,revisar,area de defecto dudosa (100%),True,0.982,2,0.271,0.1377,1.0
T10_d05_245_b_1.jpg,T10_245,1,revisar,area de defecto dudosa (53%),True,0.98,3,0.221,0.1793,0.531
T10_d05_250_a_1.jpg,T10_250,1,auto,,False,0.978,1,0.592,0.0449,0.0
T10_d05_250_b_1.jpg,T10_250,1,auto,,False,0.981,2,0.165,0.0932,0.36
T10_d05_252_a_1.jpg,T10_252,1,auto,,False,0.981,1,0.64,0.2504,0.0
T10_d05_252_b_1.jpg,T10_252,1,auto,,False,0.984,0,,0.0,0.0
T10_d05_262_a_1.jpg,T10_262,1,revisar,area de defecto dudosa (100%),True,0.981,3,0.183,0.6698,1.0
T10_d05_262_b_1.jpg,T10_262,1,revisar,defecto rectangular; defecto rectangular; area de defecto dudosa (100%),True,0.982,4,0.164,0.8252,1.0
T10_d05_266_a_1.jpg,T10_266,1,auto,,False,0.979,1,0.542,0.064,0.0
T10_d05_266_b_1.jpg,T10_266,1,revisar,area de defecto dudosa (100%),True,0.98,2,0.182,0.0273,1.0
T10_d05_269_a_1.jpg,T10_269,1,auto,,False,0.978,1,0.753,0.0767,0.0
T10_d05_269_b_1.jpg,T10_269,1,auto,,False,0.976,1,0.8,0.0315,0.0
T10_d05_274_a_1.jpg,T10_274,1,revisar,area de defecto dudosa (100%),True,0.981,1,0.227,0.0134,1.0
T10_d05_274_b_1.jpg,T10_274,1,auto,,False,0.976,1,0.531,0.2428,0.0
T10_d05_276_a_1.jpg,T10_276,1,revisar,area de defecto dudosa (100%),True,0.981,3,0.177,0.0667,1.0
T10_d05_276_b_1.jpg,T10_276,1,revisar,area de defecto dudosa (100%),True,0.979,5,0.151,0.2316,1.0
T10_d05_282_a_1.jpg,T10_282,1,revisar,area de defecto dudosa (100%),True,0.979,2,0.253,0.1684,1.0
T10_d05_282_b_1.jpg,T10_282,1,auto,,False,0.976,1,0.664,0.0264,0.0
T10_d05_283_a_2.jpg,T10_283,2,revisar,defecto rectangular; area de defecto dudosa (100%),True,0.984,2,0.176,0.7378,1.0
T10_d05_283_b_2.jpg,T10_283,2,revisar,area de defecto dudosa (100%),True,0.979,2,0.218,0.3208,1.0
T10_d05_284_a_2.jpg,T10_284,2,revisar,area de defecto dudosa (100%),True,0.978,3,0.168,0.0674,1.0
T10_d05_284_b_2.jpg,T10_284,2,revisar,area de defecto dudosa (100%),True,0.979,5,0.216,0.0768,1.0
T10_d05_290_a_2.jpg,T10_290,2,revisar,defecto rectangular; area de defecto dudosa (100%),True,0.98,4,0.165,0.8405,1.0
T10_d05_290_b_2.jpg,T10_290,2,revisar,area de defecto dudosa (100%),True,0.98,3,0.205,0.3649,1.0
T10_d05_294_a_2.jpg,T10_294,2,auto,,False,0.976,2,0.255,0.1243,0.292
T10_d05_294_b_2.jpg,T10_294,2,auto,,False,0.978,2,0.519,0.1145,0.0
T10_d05_295_a_1.jpg,T10_295,1,auto,,False,0.979,2,0.199,0.125,0.21
T10_d05_295_b_1.jpg,T10_295,1,revisar,area de defecto dudosa (59%),True,0.978,2,0.277,0.0498,0.593
T10_d05_296_a_1.jpg,T10_296,1,auto,,False,0.979,0,,0.0,0.0
T10_d05_296_b_1.jpg,T10_296,1,revisar,area de defecto dudosa (100%),True,0.978,1,0.159,0.5317,1.0
T10_d05_306_a_2.jpg,T10_306,2,auto,,False,0.978,0,,0.0,0.0
T10_d05_306_b_2.jpg,T10_306,2,revisar,area de defecto dudosa (100%),True,0.979,1,0.157,0.044,1.0
T10_d05_314_a_1.jpg,T10_314,1,auto,,False,0.979,0,,0.0,0.0
T10_d05_314_b_1.jpg,T10_314,1,revisar,area de defecto dudosa (94%),True,0.978,4,0.155,0.6238,0.943
T10_d05_315_a_1.jpg,T10_315,1,auto,,False,0.974,0,,0.0,0.0
T10_d05_315_b_1.jpg,T10_315,1,revisar,area de defecto dudosa (100%),True,0.975,4,0.166,0.0765,1.0
T10_d05_325_a_1.jpg,T10_325,1,auto,,False,0.978,0,,0.0,0.0
T10_d05_325_b_1.jpg,T10_325,1,revisar,area de defecto dudosa (100%),True,0.975,2,0.222,0.0753,1.0
T10_d05_326_a_1.jpg,T10_326,1,auto,,False,0.983,5,0.161,0.0615,0.467
T10_d05_326_b_1.jpg,T10_326,1,revisar,area de defecto dudosa (100%),True,0.981,3,0.218,0.0641,1.0
T10_d05_327_a_1.jpg,T10_327,1,revisar,area de defecto dudosa (100%),True,0.977,1,0.268,0.0679,1.0
T10_d05_327_b_1.jpg,T10_327,1,auto,,False,0.979,1,0.562,0.1101,0.0
T10_d05_328_a_1.jpg,T10_328,1,revisar,area de defecto dudosa (83%),True,0.98,2,0.289,0.1228,0.834
T10_d05_328_b_1.jpg,T10_328,1,auto,,False,0.978,1,0.54,0.0136,0.0
T10_d05_330_a_1.jpg,T10_330,1,auto,,False,0.983,0,,0.0,0.0
T10_d05_330_b_1.jpg,T10_330,1,auto,,False,0.981,0,,0.0,0.0
T10_d05_333_a_1.jpg,T10_333,1,revisar,area de defecto dudosa (100%),True,0.98,3,0.174,0.0587,1.0
T10_d05_333_b_1.jpg,T10_333,1,revisar,area de defecto dudosa (100%),True,0.982,2,0.243,0.1468,1.0
T10_d05_336_a_1.jpg,T10_336,1,revisar,defecto rectangular; area de defecto dudosa (100%),True,0.982,1,0.409,0.3641,1.0
T10_d05_336_b_1.jpg,T10_336,1,revisar,area de defecto dudosa (100%),True,0.985,5,0.162,0.5084,1.0
T10_d05_337_a_1.jpg,T10_337,1,auto,,False,0.974,0,,0.0,0.0
T10_d05_337_b_1.jpg,T10_337,1,revisar,area de defecto dudosa (100%),True,0.975,2,0.262,0.0677,1.0
T10_d05_338_b_1.jpg,T10_338,1,revisar,area de defecto dudosa (100%),True,0.979,2,0.376,0.24,1.0
T10_d05_349_a_1.jpg,T10_349,1,revisar,area de defecto dudosa (100%),True,0.982,1,0.201,0.4503,1.0
T10_d05_349_b_1.jpg,T10_349,1,auto,,True,0.98,0,,0.0,0.0
T10_d05_350_a_1.jpg,T10_350,1,auto,,False,0.98,1,0.881,0.0455,0.0
T10_d05_350_b_1.jpg,T10_350,1,auto,,False,0.979,0,,0.0,0.0
T10_d05_351_a_1.jpg,T10_351,1,revisar,area de defecto dudosa (100%),True,0.98,1,0.181,0.1354,1.0
T10_d05_351_b_1.jpg,T10_351,1,revisar,area de defecto dudosa (100%),True,0.981,1,0.361,0.034,1.0
T10_d05_355_a_1.jpg,T10_355,1,auto,,False,0.98,2,0.461,0.0475,0.455
T10_d05_355_b_1.jpg,T10_355,1,auto,,False,0.981,0,,0.0,0.0
T10_d05_357_a_1.jpg,T10_357,1,revisar,area de defecto dudosa (99%),True,0.982,4,0.294,0.2018,0.993
T10_d05_357_b_1.jpg,T10_357,1,revisar,area de defecto dudosa (100%),True,0.979,2,0.26,0.2881,1.0
T10_d05_358_a_1.jpg,T10_358,1,auto,,False,0.98,1,0.814,0.1193,0.0
T10_d05_358_b_1.jpg,T10_358,1,revisar,area de defecto dudosa (100%),True,0.981,1,0.312,0.0349,1.0
T10_d05_365_a_1.jpg,T10_365,1,revisar,area de defecto dudosa (100%),True,0.983,1,0.25,0.2103,1.0
T10_d05_365_b_1.jpg,T10_365,1,revisar,area de defecto dudosa (100%),True,0.981,1,0.197,0.0247,1.0
T10_d05_366_a_1.jpg,T10_366,1,auto,,False,0.981,1,0.798,0.0753,0.0
T10_d05_366_b_1.jpg,T10_366,1,auto,,False,0.98,0,,0.0,0.0
T10_d05_367_a_1.jpg,T10_367,1,revisar,area de defecto dudosa (100%),True,0.978,2,0.159,0.1474,1.0
T10_d05_367_b_1.jpg,T10_367,1,revisar,area de defecto dudosa (100%),True,0.98,3,0.22,0.3272,1.0
T10_d05_372_b_1.jpg,T10_372,1,revisar,area de defecto dudosa (100%),True,0.978,6,0.17,0.08,0.998
T10_d05_376_a_1.jpg,T10_376,1,revisar,area de defecto dudosa (94%),True,0.976,2,0.156,0.1165,0.941
T10_d05_376_b_1.jpg,T10_376,1,auto,,False,0.978,3,0.15,0.0351,0.366
T10_d05_377_a_2.jpg,T10_377,2,revisar,area de defecto dudosa (100%),True,0.983,3,0.237,0.272,1.0
T10_d05_381_a_2.jpg,T10_381,2,revisar,area de defecto dudosa (100%),True,0.978,1,0.167,0.0837,1.0
T10_d05_381_b_2.jpg,T10_381,2,revisar,area de defecto dudosa (100%),True,0.979,3,0.192,0.2445,1.0
T10_d05_382_a_1.jpg,T10_382,1,auto,,False,0.979,1,0.798,0.1062,0.0
T10_d05_382_b_1.jpg,T10_382,1,revisar,area de defecto dudosa (97%),True,0.977,3,0.159,0.1441,0.975
T10_d05_387_a_1.jpg,T10_387,1,revisar,area de defecto dudosa (100%),True,0.981,3,0.151,0.6914,1.0
T10_d05_400_a_1.jpg,T10_400,1,revisar,area de defecto dudosa (100%),True,0.974,4,0.159,0.3113,1.0
T10_d05_400_b_1.jpg,T10_400,1,auto,,False,0.978,1,0.668,0.0307,0.0
T10_d05_401_a_1.jpg,T10_401,1,revisar,area de defecto dudosa (100%),True,0.978,1,0.172,0.0561,1.0
T10_d05_401_b_1.jpg,T10_401,1,revisar,area de defecto dudosa (100%),True,0.978,2,0.201,0.0864,1.0
T10_d05_405_a_1.jpg,T10_405,1,revisar,area de defecto dudosa (100%),True,0.979,2,0.168,0.0545,1.0
T10_d05_405_b_1.jpg,T10_405,1,revisar,area de defecto dudosa (100%),True,0.982,2,0.187,0.0209,1.0
T10_d05_408_a_1.jpg,T10_408,1,revisar,area de defecto dudosa (100%),True,0.981,1,0.179,0.0089,1.0
T10_d05_408_b_1.jpg,T10_408,1,auto,,False,0.981,1,0.715,0.0867,0.0
T10_d05_410_a_1.jpg,T10_410,1,auto,,False,0.98,1,0.765,0.0239,0.0
T10_d05_410_b_1.jpg,T10_410,1,revisar,area de defecto dudosa (100%),True,0.982,1,0.239,0.0158,1.0
T10_d05_413_a_1.jpg,T10_413,1,revisar,area de defecto dudosa (78%),True,0.977,2,0.219,0.2262,0.783
T10_d05_413_b_1.jpg,T10_413,1,auto,,False,0.975,1,0.677,0.0205,0.0
T10_d05_414_a_1.jpg,T10_414,1,auto,,False,0.981,1,0.781,0.205,0.0
T10_d05_414_b_1.jpg,T10_414,1,revisar,area de defecto dudosa (100%),True,0.981,6,0.152,0.4213,1.0
T10_d05_415_a_1.jpg,T10_415,1,revisar,area de defecto dudosa (100%),True,0.978,1,0.211,0.1942,1.0
T10_d05_415_b_1.jpg,T10_415,1,revisar,area de defecto dudosa (100%),True,0.978,2,0.403,0.098,1.0
T10_d05_420_a_1.jpg,T10_420,1,revisar,area de defecto dudosa (100%),True,0.98,5,0.155,0.1974,1.0
T10_d05_420_b_1.jpg,T10_420,1,auto,,False,0.98,0,,0.0,0.0
T10_d05_422_a_2.jpg,T10_422,2,revisar,area de defecto dudosa (87%),True,0.979,3,0.211,0.3181,0.87
T10_d05_422_b_2.jpg,T10_422,2,revisar,area de defecto dudosa (96%),True,0.979,2,0.193,0.1186,0.96
T10_d05_425_a_1.jpg,T10_425,1,revisar,area de defecto dudosa (100%),True,0.979,1,0.189,0.1962,1.0
T10_d05_425_b_1.jpg,T10_425,1,revisar,area de defecto dudosa (100%),True,0.981,3,0.412,0.1719,1.0
T10_d05_429_a_1.jpg,T10_429,1,revisar,area de defecto dudosa (100%),True,0.982,2,0.188,0.2655,1.0
T10_d05_429_b_1.jpg,T10_429,1,revisar,area de defecto dudosa (100%),True,0.981,6,0.152,0.397,1.0
T10_d05_442_a_1.jpg,T10_442,1,auto,,False,0.982,1,0.702,0.0398,0.0
T10_d05_442_b_1.jpg,T10_442,1,auto,,False,0.983,1,0.679,0.0167,0.0
T10_d05_444_a_2.jpg,T10_444,2,auto,,False,0.982,0,,0.0,0.0
T10_d05_444_b_2.jpg,T10_444,2,auto,,False,0.984,0,,0.0,0.0
T10_d05_445_a_1.jpg,T10_445,1,auto,,False,0.98,1,0.523,0.0412,0.0
T10_d05_445_b_1.jpg,T10_445,1,revisar,area de defecto dudosa (88%),True,0.981,2,0.218,0.1527,0.884
T10_d05_446_a_1.jpg,T10_446,1,revisar,area de defecto dudosa (56%),True,0.979,2,0.313,0.1616,0.563
T10_d05_446_b_1.jpg,T10_446,1,revisar,area de defecto dudosa (100%),True,0.982,1,0.204,0.0184,1.0
T10_d05_447_a_1.jpg,T10_447,1,auto,,False,0.982,1,0.715,0.0569,0.0
T10_d05_447_b_1.jpg,T10_447,1,revisar,area de defecto dudosa (100%),True,0.976,1,0.488,0.058,1.0
T10_d05_448_a_2.jpg,T10_448,2,auto,,False,0.977,1,0.773,0.2206,0.0
T10_d05_449_b_1.jpg,T10_449,1,auto,,False,0.978,4,0.178,0.0501,0.291
T10_d05_454_a_1.jpg,T10_454,1,revisar,area de defecto dudosa (100%),True,0.978,1,0.249,0.019,1.0
T10_d05_454_b_1.jpg,T10_454,1,revisar,area de defecto dudosa (100%),True,0.981,2,0.19,0.0576,1.0
T10_d05_458_b_1.jpg,T10_458,1,revisar,area de defecto dudosa (100%),True,0.982,1,0.451,0.1015,1.0
T10_d05_459_a_1.jpg,T10_459,1,revisar,area de defecto dudosa (100%),True,0.976,1,0.334,0.3282,1.0
T10_d05_470_a_1.jpg,T10_470,1,revisar,area de defecto dudosa (100%),True,0.979,4,0.224,0.6172,1.0
T10_d05_470_b_1.jpg,T10_470,1,auto,,False,0.983,0,,0.0,0.0
T10_d05_475_a_1.jpg,T10_475,1,revisar,area de defecto dudosa (100%),True,0.977,2,0.323,0.0457,1.0
T10_d05_475_b_1.jpg,T10_475,1,revisar,area de defecto dudosa (95%),True,0.977,2,0.287,0.1839,0.954
T10_d06_002_a_1.jpg,T10_002,1,revisar,area de defecto dudosa (100%),True,0.978,2,0.207,0.027,1.0
T10_d06_002_b_1.jpg,T10_002,1,revisar,area de defecto dudosa (100%),True,0.977,1,0.231,0.3665,1.0
T10_d06_003_a_1.jpg,T10_003,1,revisar,area de defecto dudosa (100%),True,0.981,3,0.189,0.7238,1.0
T10_d06_003_b_1.jpg,T10_003,1,revisar,area de defecto dudosa (100%),True,0.981,1,0.296,0.1477,1.0
T10_d06_007_a_1.jpg,T10_007,1,auto,,False,0.98,1,0.768,0.0745,0.0
T10_d06_007_b_1.jpg,T10_007,1,auto,,False,0.978,2,0.151,0.1431,0.313
T10_d06_011_a_1.jpg,T10_011,1,revisar,area de defecto dudosa (100%),True,0.978,3,0.164,0.1552,1.0
T10_d06_011_b_1.jpg,T10_011,1,revisar,area de defecto dudosa (100%),True,0.979,3,0.18,0.2206,1.0
T10_d06_013_a_1.jpg,T10_013,1,auto,,False,0.977,0,,0.0,0.0
T10_d06_013_b_1.jpg,T10_013,1,revisar,area de defecto dudosa (100%),True,0.977,1,0.422,0.045,1.0
T10_d06_021_a_1.jpg,T10_021,1,auto,,False,0.977,0,,0.0,0.0
T10_d06_021_b_1.jpg,T10_021,1,revisar,area de defecto dudosa (90%),True,0.979,3,0.164,0.0263,0.898
T10_d06_022_a_1.jpg,T10_022,1,auto,,False,0.983,0,,0.0,0.0
T10_d06_022_b_1.jpg,T10_022,1,revisar,area de defecto dudosa (100%),True,0.982,2,0.254,0.058,1.0
T10_d06_026_a_2.jpg,T10_026,2,revisar,area de defecto dudosa (60%),True,0.974,2,0.315,0.1376,0.603
T10_d06_026_b_2.jpg,T10_026,2,auto,,False,0.975,1,0.56,0.0837,0.0
T10_d06_027_a_1.jpg,T10_027,1,revisar,area de defecto dudosa (100%),True,0.982,1,0.209,0.0557,1.0
T10_d06_027_b_1.jpg,T10_027,1,revisar,area de defecto dudosa (100%),True,0.98,4,0.174,0.0347,1.0
T10_d06_034_a_1.jpg,T10_034,1,revisar,area de defecto dudosa (100%),True,0.983,2,0.169,0.3546,1.0
T10_d06_034_b_1.jpg,T10_034,1,revisar,area de defecto dudosa (100%),True,0.982,3,0.179,0.3352,1.0
T10_d06_045_a_1.jpg,T10_045,1,revisar,area de defecto dudosa (100%),True,0.981,2,0.17,0.0398,1.0
T10_d06_045_b_1.jpg,T10_045,1,revisar,area de defecto dudosa (100%),True,0.979,1,0.226,0.0455,1.0
T10_d06_046_a_1.jpg,T10_046,1,revisar,area de defecto dudosa (100%),True,0.981,2,0.193,0.0261,1.0
T10_d06_046_b_1.jpg,T10_046,1,revisar,area de defecto dudosa (100%),True,0.981,9,0.153,0.1132,1.0
T10_d06_047_a_1.jpg,T10_047,1,auto,,False,0.98,0,,0.0,0.0
T10_d06_047_b_1.jpg,T10_047,1,revisar,area de defecto dudosa (100%),True,0.98,2,0.241,0.2002,1.0
T10_d06_048_a_1.jpg,T10_048,1,revisar,area de defecto dudosa (100%),True,0.98,2,0.167,0.3118,1.0
T10_d06_048_b_1.jpg,T10_048,1,revisar,area de defecto dudosa (100%),True,0.98,2,0.152,0.1922,1.0
T10_d06_055_a_1.jpg,T10_055,1,auto,,False,0.981,1,0.736,0.0575,0.0
T10_d06_055_b_1.jpg,T10_055,1,auto,,False,0.979,2,0.239,0.0387,0.391
T10_d06_061_a_2.jpg,T10_061,2,revisar,area de defecto dudosa (100%),True,0.98,3,0.216,0.597,1.0
T10_d06_061_b_2.jpg,T10_061,2,auto,,True,0.977,0,,0.0,0.0
T10_d06_067_a_1.jpg,T10_067,1,auto,,False,0.975,1,0.716,0.0313,0.0
T10_d06_067_b_1.jpg,T10_067,1,revisar,area de defecto dudosa (57%),True,0.975,3,0.165,0.2408,0.566
T10_d06_069_a_1.jpg,T10_069,1,revisar,area de defecto dudosa (100%),True,0.978,3,0.15,0.1591,1.0
T10_d06_069_b_1.jpg,T10_069,1,revisar,area de defecto dudosa (100%),True,0.979,4,0.225,0.0787,1.0
T10_d06_083_a_1.jpg,T10_083,1,revisar,area de defecto dudosa (100%),True,0.979,3,0.171,0.1632,1.0
T10_d06_083_b_1.jpg,T10_083,1,revisar,area de defecto dudosa (100%),True,0.979,2,0.183,0.1776,1.0
T10_d06_089_a_1.jpg,T10_089,1,revisar,area de defecto dudosa (59%),True,0.98,3,0.45,0.0673,0.588
T10_d06_089_b_1.jpg,T10_089,1,revisar,area de defecto dudosa (89%),True,0.977,3,0.155,0.0788,0.895
T10_d06_093_a_1.jpg,T10_093,1,revisar,area de defecto dudosa (100%),True,0.977,1,0.239,0.0161,1.0
T10_d06_093_b_1.jpg,T10_093,1,auto,,False,0.978,1,0.562,0.0411,0.0
T10_d06_094_a_1.jpg,T10_094,1,revisar,area de defecto dudosa (100%),True,0.982,2,0.334,0.1312,0.997
T10_d06_094_b_1.jpg,T10_094,1,revisar,area de defecto dudosa (100%),True,0.98,3,0.235,0.5407,1.0
T10_d06_096_a_1.jpg,T10_096,1,auto,,False,0.978,1,0.692,0.1432,0.0
T10_d06_096_b_1.jpg,T10_096,1,revisar,area de defecto dudosa (91%),True,0.979,2,0.19,0.0583,0.911
T10_d06_097_a_1.jpg,T10_097,1,revisar,area de defecto dudosa (100%),True,0.98,3,0.39,0.1244,1.0
T10_d06_097_b_1.jpg,T10_097,1,revisar,area de defecto dudosa (100%),True,0.98,1,0.263,0.6085,1.0
T10_d06_098_a_1.jpg,T10_098,1,revisar,area de defecto dudosa (100%),True,0.978,1,0.172,0.0409,1.0
T10_d06_098_b_1.jpg,T10_098,1,revisar,area de defecto dudosa (100%),True,0.983,2,0.158,0.0462,1.0
T10_d06_099_a_1.jpg,T10_099,1,revisar,area de defecto dudosa (100%),True,0.98,1,0.152,0.3439,1.0
T10_d06_099_b_1.jpg,T10_099,1,revisar,area de defecto dudosa (100%),True,0.983,1,0.218,0.0073,1.0
T10_d06_108_a_1.jpg,T10_108,1,revisar,area de defecto dudosa (100%),True,0.977,1,0.305,0.0482,1.0
T10_d06_108_b_1.jpg,T10_108,1,revisar,area de defecto dudosa (100%),True,0.98,3,0.218,0.0396,1.0
T10_d06_110_a_1.jpg,T10_110,1,revisar,area de defecto dudosa (100%),True,0.979,2,0.229,0.1446,1.0
T10_d06_110_b_1.jpg,T10_110,1,auto,,False,0.98,2,0.399,0.0992,0.347
T10_d06_113_a_1.jpg,T10_113,1,auto,,False,0.981,1,0.843,0.0836,0.0
T10_d06_113_b_1.jpg,T10_113,1,auto,,False,0.982,0,,0.0,0.0
T10_d06_118_a_1.jpg,T10_118,1,revisar,area de defecto dudosa (100%),True,0.977,2,0.277,0.205,1.0
T10_d06_118_b_1.jpg,T10_118,1,revisar,area de defecto dudosa (100%),True,0.982,1,0.193,0.0128,1.0
T10_d06_122_a_1.jpg,T10_122,1,revisar,area de defecto dudosa (100%),True,0.98,2,0.212,0.1293,1.0
T10_d06_122_b_1.jpg,T10_122,1,auto,,False,0.977,1,0.61,0.0347,0.0
T10_d06_125_a_1.jpg,T10_125,1,revisar,area de defecto dudosa (100%),True,0.982,1,0.197,0.3428,1.0
T10_d06_125_b_1.jpg,T10_125,1,auto,,False,0.977,0,,0.0,0.0
T10_d06_128_a_1.jpg,T10_128,1,revisar,area de defecto dudosa (100%),True,0.979,4,0.174,0.6369,1.0
T10_d06_129_a_1.jpg,T10_129,1,auto,,False,0.982,1,0.633,0.0154,0.0
T10_d06_129_b_1.jpg,T10_129,1,revisar,area de defecto dudosa (77%),True,0.981,3,0.208,0.0863,0.772
T10_d06_130_a_1.jpg,T10_130,1,revisar,area de defecto dudosa (100%),True,0.979,5,0.157,0.789,1.0
T10_d06_130_b_1.jpg,T10_130,1,revisar,area de defecto dudosa (100%),True,0.976,1,0.262,0.155,1.0
T10_d06_131_a_1.jpg,T10_131,1,revisar,area de defecto dudosa (100%),True,0.978,3,0.182,0.6416,1.0
T10_d06_131_b_1.jpg,T10_131,1,revisar,area de defecto dudosa (100%),True,0.978,3,0.207,0.1739,1.0
T10_d06_133_a_2.jpg,T10_133,2,auto,,False,0.98,1,0.59,0.1856,0.0
T10_d06_133_b_2.jpg,T10_133,2,revisar,area de defecto dudosa (100%),True,0.981,2,0.238,0.0795,1.0
T10_d06_138_a_1.jpg,T10_138,1,revisar,area de defecto dudosa (100%),True,0.979,1,0.204,0.062,1.0
T10_d06_138_b_1.jpg,T10_138,1,revisar,area de defecto dudosa (100%),True,0.98,6,0.185,0.2908,1.0
T10_d06_145_a_1.jpg,T10_145,1,revisar,area de defecto dudosa (100%),True,0.978,2,0.174,0.2588,1.0
T10_d06_145_b_1.jpg,T10_145,1,revisar,area de defecto dudosa (100%),True,0.976,1,0.489,0.0304,1.0
T10_d06_148_a_1.jpg,T10_148,1,auto,,False,0.978,1,0.799,0.0965,0.0
T10_d06_148_b_1.jpg,T10_148,1,revisar,area de defecto dudosa (100%),True,0.978,2,0.377,0.1683,1.0
T10_d06_149_b_1.jpg,T10_149,1,revisar,area de defecto dudosa (100%),True,0.977,4,0.159,0.2908,1.0
T10_d06_152_a_1.jpg,T10_152,1,revisar,defecto rectangular; area de defecto dudosa (100%),True,0.98,4,0.188,0.684,1.0
T10_d06_152_b_1.jpg,T10_152,1,revisar,area de defecto dudosa (100%),True,0.978,3,0.244,0.0494,1.0
T10_d06_156_a_1.jpg,T10_156,1,revisar,area de defecto dudosa (100%),True,0.98,1,0.198,0.328,1.0
T10_d06_156_b_1.jpg,T10_156,1,auto,,False,0.98,1,0.532,0.0591,0.0
T10_d06_163_a_2.jpg,T10_163,2,auto,,False,0.98,1,0.89,0.2415,0.0
T10_d06_163_b_2.jpg,T10_163,2,auto,,False,0.979,1,0.712,0.1713,0.0
T10_d06_165_a_1.jpg,T10_165,1,revisar,defecto rectangular; area de defecto dudosa (86%),True,0.979,2,0.169,0.4012,0.861
T10_d06_165_b_1.jpg,T10_165,1,auto,,False,0.976,1,0.81,0.0481,0.0
T10_d06_166_a_1.jpg,T10_166,1,auto,,True,0.978,0,,0.0,0.0
T10_d06_166_b_1.jpg,T10_166,1,revisar,area de defecto dudosa (100%),True,0.981,3,0.171,0.1735,1.0
T10_d06_167_a_1.jpg,T10_167,1,revisar,area de defecto dudosa (100%),True,0.976,2,0.151,0.0132,1.0
T10_d06_167_b_1.jpg,T10_167,1,revisar,area de defecto dudosa (100%),True,0.977,3,0.192,0.4331,1.0
T10_d06_168_a_2.jpg,T10_168,2,revisar,area de defecto dudosa (100%),True,0.98,2,0.172,0.029,1.0
T10_d06_168_b_2.jpg,T10_168,2,revisar,area de defecto dudosa (100%),True,0.98,4,0.162,0.4322,1.0
T10_d06_172_a_1.jpg,T10_172,1,revisar,area de defecto dudosa (94%),True,0.979,5,0.199,0.3271,0.938
T10_d06_172_b_1.jpg,T10_172,1,auto,,False,0.975,2,0.15,0.0703,0.291
T10_d06_181_a_1.jpg,T10_181,1,auto,,False,0.979,1,0.575,0.0873,0.0
T10_d06_181_b_1.jpg,T10_181,1,revisar,area de defecto dudosa (100%),True,0.978,1,0.283,0.0148,1.0
T10_d06_193_a_1.jpg,T10_193,1,revisar,defecto rectangular; area de defecto dudosa (100%),True,0.981,3,0.191,0.7801,1.0
T10_d06_193_b_1.jpg,T10_193,1,revisar,area de defecto dudosa (100%),True,0.979,2,0.194,0.0505,1.0
T10_d06_194_a_1.jpg,T10_194,1,revisar,area de defecto dudosa (100%),True,0.979,2,0.155,0.0979,1.0
T10_d06_194_b_1.jpg,T10_194,1,revisar,area de defecto dudosa (100%),True,0.981,3,0.189,0.2568,1.0
T10_d06_196_a_1.jpg,T10_196,1,auto,,False,0.98,0,,0.0,0.0
T10_d06_196_b_1.jpg,T10_196,1,revisar,area de defecto dudosa (100%),True,0.98,1,0.465,0.0805,1.0
T10_d06_202_a_2.jpg,T10_202,2,revisar,area de defecto dudosa (100%),True,0.982,2,0.162,0.022,1.0
T10_d06_204_a_1.jpg,T10_204,1,auto,,False,0.978,0,,0.0,0.0
T10_d06_204_b_1.jpg,T10_204,1,revisar,area de defecto dudosa (100%),True,0.978,3,0.16,0.05,1.0
T10_d06_206_a_1.jpg,T10_206,1,revisar,area de defecto dudosa (100%),True,0.979,2,0.186,0.0742,1.0
T10_d06_206_b_1.jpg,T10_206,1,auto,,False,0.977,1,0.636,0.0208,0.0
T10_d06_211_a_1.jpg,T10_211,1,auto,,False,0.98,1,0.748,0.0367,0.0
T10_d06_211_b_1.jpg,T10_211,1,auto,,False,0.979,1,0.756,0.1778,0.0
T10_d06_213_a_1.jpg,T10_213,1,revisar,area de defecto dudosa (100%),True,0.978,1,0.431,0.1462,1.0
T10_d06_213_b_1.jpg,T10_213,1,revisar,area de defecto dudosa (100%),True,0.98,6,0.169,0.5447,1.0
T10_d06_215_a_1.jpg,T10_215,1,revisar,area de defecto dudosa (100%),True,0.978,1,0.264,0.4074,1.0
T10_d06_215_b_1.jpg,T10_215,1,revisar,area de defecto dudosa (100%),True,0.979,3,0.2,0.0998,1.0
T10_d06_217_a_1.jpg,T10_217,1,auto,,False,0.982,1,0.774,0.1087,0.0
T10_d06_217_b_1.jpg,T10_217,1,revisar,area de defecto dudosa (100%),True,0.981,2,0.161,0.0587,1.0
T10_d06_221_b_1.jpg,T10_221,1,revisar,area de defecto dudosa (100%),True,0.979,2,0.423,0.1455,1.0
T10_d06_223_b_1.jpg,T10_223,1,revisar,area de defecto dudosa (100%),True,0.979,1,0.325,0.0237,1.0
T10_d06_227_a_4.jpg,T10_227,4,revisar,area de defecto dudosa (100%),True,0.981,3,0.282,0.1133,1.0
T10_d06_227_b_4.jpg,T10_227,4,revisar,area de defecto dudosa (100%),True,0.976,1,0.46,0.0351,1.0
T10_d06_229_a_1.jpg,T10_229,1,auto,,False,0.978,1,0.857,0.083,0.0
T10_d06_229_b_1.jpg,T10_229,1,auto,,False,0.979,0,,0.0,0.0
T10_d06_233_a_2.jpg,T10_233,2,revisar,area de defecto dudosa (100%),True,0.98,2,0.365,0.0487,0.998
T10_d06_233_b_2.jpg,T10_233,2,revisar,area de defecto dudosa (100%),True,0.977,3,0.192,0.0278,1.0
T10_d06_234_a_1.jpg,T10_234,1,auto,,False,0.979,1,0.558,0.0381,0.0
T10_d06_234_b_1.jpg,T10_234,1,revisar,area de defecto dudosa (100%),True,0.974,2,0.271,0.0615,1.0
T10_d06_236_a_1.jpg,T10_236,1,auto,,False,0.977,1,0.511,0.0401,0.0
T10_d06_236_b_1.jpg,T10_236,1,auto,,False,0.97,1,0.702,0.0531,0.0
T10_d06_237_a_2.jpg,T10_237,2,auto,,False,0.983,1,0.715,0.1031,0.0
T10_d06_237_b_2.jpg,T10_237,2,revisar,area de defecto dudosa (100%),True,0.983,4,0.178,0.2403,1.0
T10_d06_243_a_1.jpg,T10_243,1,revisar,area de defecto dudosa (100%),True,0.978,3,0.177,0.3719,1.0
T10_d06_243_b_1.jpg,T10_243,1,auto,,False,0.979,1,0.794,0.2627,0.0
T10_d06_245_a_1.jpg,T10_245,1,revisar,area de defecto dudosa (100%),True,0.983,2,0.213,0.1204,1.0
T10_d06_245_b_1.jpg,T10_245,1,revisar,area de defecto dudosa (54%),True,0.979,2,0.31,0.0912,0.539
T10_d06_250_b_1.jpg,T10_250,1,auto,,False,0.982,2,0.166,0.0724,0.142
T10_d06_252_a_1.jpg,T10_252,1,revisar,area de defecto dudosa (100%),True,0.983,2,0.279,0.2163,1.0
T10_d06_252_b_1.jpg,T10_252,1,revisar,area de defecto dudosa (100%),True,0.978,5,0.164,0.1141,1.0
T10_d06_262_a_1.jpg,T10_262,1,revisar,area de defecto dudosa (100%),True,0.982,1,0.15,0.3265,1.0
T10_d06_262_b_1.jpg,T10_262,1,revisar,area de defecto dudosa (100%),True,0.984,4,0.166,0.4098,1.0
T10_d06_266_a_1.jpg,T10_266,1,revisar,area de defecto dudosa (100%),True,0.979,2,0.21,0.2079,1.0
T10_d06_266_b_1.jpg,T10_266,1,revisar,area de defecto dudosa (100%),True,0.98,1,0.163,0.024,1.0
T10_d06_269_a_1.jpg,T10_269,1,auto,,False,0.977,1,0.752,0.0659,0.0
T10_d06_269_b_1.jpg,T10_269,1,auto,,False,0.975,1,0.509,0.0143,0.0
T10_d06_274_a_1.jpg,T10_274,1,auto,,False,0.981,0,,0.0,0.0
T10_d06_274_b_1.jpg,T10_274,1,revisar,area de defecto dudosa (89%),True,0.977,2,0.199,0.2594,0.888
T10_d06_276_a_1.jpg,T10_276,1,revisar,area de defecto dudosa (100%),True,0.975,4,0.152,0.1414,1.0
T10_d06_276_b_1.jpg,T10_276,1,revisar,area de defecto dudosa (100%),True,0.979,2,0.287,0.0772,1.0
T10_d06_282_a_1.jpg,T10_282,1,revisar,area de defecto dudosa (100%),True,0.98,2,0.228,0.1958,1.0
T10_d06_282_b_1.jpg,T10_282,1,revisar,area de defecto dudosa (100%),True,0.982,1,0.421,0.039,1.0
T10_d06_283_a_2.jpg,T10_283,2,revisar,area de defecto dudosa (100%),True,0.981,2,0.194,0.6074,1.0
T10_d06_283_b_2.jpg,T10_283,2,auto,,False,0.98,0,,0.0,0.0
T10_d06_284_b_2.jpg,T10_284,2,auto,,False,0.978,0,,0.0,0.0
T10_d06_290_a_2.jpg,T10_290,2,revisar,area de defecto dudosa (100%),True,0.977,2,0.195,0.6634,1.0
T10_d06_290_b_2.jpg,T10_290,2,revisar,area de defecto dudosa (100%),True,0.981,2,0.154,0.5722,1.0
T10_d06_294_a_2.jpg,T10_294,2,auto,,False,0.977,2,0.151,0.124,0.285
T10_d06_294_b_2.jpg,T10_294,2,revisar,area de defecto dudosa (100%),True,0.979,4,0.157,0.1735,0.999
T10_d06_295_a_1.jpg,T10_295,1,auto,,False,0.98,2,0.158,0.1201,0.222
T10_d06_295_b_1.jpg,T10_295,1,auto,,False,0.978,2,0.486,0.0516,0.349
T10_d06_296_a_1.jpg,T10_296,1,auto,,False,0.978,1,0.652,0.2534,0.0
T10_d06_296_b_1.jpg,T10_296,1,auto,,False,0.976,0,,0.0,0.0
T10_d06_306_a_2.jpg,T10_306,2,auto,,False,0.978,0,,0.0,0.0
T10_d06_306_b_2.jpg,T10_306,2,auto,,False,0.977,0,,0.0,0.0
T10_d06_314_a_1.jpg,T10_314,1,auto,,False,0.981,0,,0.0,0.0
T10_d06_314_b_1.jpg,T10_314,1,revisar,area de defecto dudosa (94%),True,0.981,5,0.158,0.6767,0.937
T10_d06_315_a_1.jpg,T10_315,1,auto,,False,0.977,0,,0.0,0.0
T10_d06_315_b_1.jpg,T10_315,1,revisar,area de defecto dudosa (100%),True,0.974,2,0.343,0.073,1.0
T10_d06_325_a_1.jpg,T10_325,1,auto,,False,0.973,0,,0.0,0.0
T10_d06_325_b_1.jpg,T10_325,1,revisar,area de defecto dudosa (100%),True,0.975,2,0.154,0.0984,1.0
T10_d06_326_a_1.jpg,T10_326,1,revisar,area de defecto dudosa (99%),True,0.981,3,0.186,0.0625,0.995
T10_d06_326_b_1.jpg,T10_326,1,auto,,False,0.983,2,0.211,0.0525,0.268
T10_d06_327_a_1.jpg,T10_327,1,revisar,area de defecto dudosa (100%),True,0.977,2,0.175,0.0928,1.0
T10_d06_327_b_1.jpg,T10_327,1,auto,,False,0.98,1,0.537,0.106,0.0
T10_d06_328_a_1.jpg,T10_328,1,auto,,False,0.98,1,0.504,0.0196,0.0
T10_d06_328_b_1.jpg,T10_328,1,auto,,False,0.98,1,0.618,0.0146,0.0
T10_d06_330_a_1.jpg,T10_330,1,auto,,False,0.982,0,,0.0,0.0
T10_d06_330_b_1.jpg,T10_330,1,auto,,False,0.978,0,,0.0,0.0
T10_d06_333_a_1.jpg,T10_333,1,revisar,area de defecto dudosa (100%),True,0.98,2,0.238,0.0867,1.0
T10_d06_333_b_1.jpg,T10_333,1,revisar,area de defecto dudosa (98%),True,0.982,3,0.249,0.1009,0.984
T10_d06_336_a_1.jpg,T10_336,1,revisar,area de defecto dudosa (100%),True,0.979,2,0.218,0.4027,1.0
T10_d06_336_b_1.jpg,T10_336,1,revisar,area de defecto dudosa (100%),True,0.983,4,0.177,0.5583,1.0
T10_d06_337_a_1.jpg,T10_337,1,auto,,False,0.978,0,,0.0,0.0
T10_d06_337_b_1.jpg,T10_337,1,revisar,area de defecto dudosa (100%),True,0.975,1,0.309,0.071,1.0
T10_d06_338_a_1.jpg,T10_338,1,revisar,area de defecto dudosa (100%),True,0.981,1,0.164,0.057,1.0
T10_d06_338_b_1.jpg,T10_338,1,revisar,area de defecto dudosa (100%),True,0.979,3,0.317,0.2371,1.0
T10_d06_349_a_1.jpg,T10_349,1,revisar,area de defecto dudosa (100%),True,0.98,1,0.216,0.202,1.0
T10_d06_349_b_1.jpg,T10_349,1,auto,,False,0.98,0,,0.0,0.0
T10_d06_350_a_1.jpg,T10_350,1,auto,,False,0.981,1,0.878,0.0472,0.0
T10_d06_350_b_1.jpg,T10_350,1,auto,,False,0.981,0,,0.0,0.0
T10_d06_351_a_1.jpg,T10_351,1,auto,,False,0.98,0,,0.0,0.0
T10_d06_351_b_1.jpg,T10_351,1,revisar,area de defecto dudosa (100%),True,0.977,2,0.187,0.0296,1.0
T10_d06_355_a_1.jpg,T10_355,1,auto,,False,0.985,2,0.22,0.0472,0.407
T10_d06_355_b_1.jpg,T10_355,1,auto,,False,0.979,0,,0.0,0.0
T10_d06_357_a_1.jpg,T10_357,1,revisar,area de defecto dudosa (91%),True,0.98,2,0.496,0.2062,0.914
T10_d06_357_b_1.jpg,T10_357,1,revisar,area de defecto dudosa (100%),True,0.98,3,0.158,0.1957,1.0
T10_d06_365_a_1.jpg,T10_365,1,revisar,area de defecto dudosa (100%),True,0.977,2,0.176,0.1621,1.0
T10_d06_365_b_1.jpg,T10_365,1,revisar,area de defecto dudosa (100%),True,0.98,4,0.174,0.1023,1.0
T10_d06_366_a_1.jpg,T10_366,1,auto,,False,0.979,1,0.75,0.0816,0.0
T10_d06_366_b_1.jpg,T10_366,1,revisar,area de defecto dudosa (100%),True,0.981,1,0.186,0.0343,1.0
T10_d06_367_a_1.jpg,T10_367,1,revisar,area de defecto dudosa (100%),True,0.979,1,0.37,0.1087,1.0
T10_d06_367_b_1.jpg,T10_367,1,revisar,area de defecto dudosa (100%),True,0.978,1,0.258,0.014,1.0
T10_d06_372_a_1.jpg,T10_372,1,revisar,area de defecto dudosa (99%),True,0.982,3,0.373,0.045,0.994
T10_d06_372_b_1.jpg,T10_372,1,auto,,False,0.98,2,0.484,0.053,0.448
T10_d06_376_a_1.jpg,T10_376,1,revisar,area de defecto dudosa (65%),True,0.977,2,0.5,0.0463,0.649
T10_d06_376_b_1.jpg,T10_376,1,revisar,area de defecto dudosa (100%),True,0.977,2,0.262,0.1244,1.0
T10_d06_377_a_2.jpg,T10_377,2,revisar,area de defecto dudosa (100%),True,0.977,3,0.191,0.3728,1.0
T10_d06_377_b_2.jpg,T10_377,2,revisar,area de defecto dudosa (78%),True,0.98,2,0.279,0.0652,0.779
T10_d06_381_a_2.jpg,T10_381,2,auto,,False,0.981,0,,0.0,0.0
T10_d06_381_b_2.jpg,T10_381,2,revisar,area de defecto dudosa (100%),True,0.981,2,0.211,0.1591,1.0
T10_d06_382_a_1.jpg,T10_382,1,auto,,False,0.981,1,0.642,0.0781,0.0
T10_d06_382_b_1.jpg,T10_382,1,auto,,False,0.978,1,0.737,0.0385,0.0
T10_d06_387_a_1.jpg,T10_387,1,revisar,area de defecto dudosa (100%),True,0.982,3,0.195,0.7482,1.0
T10_d06_387_b_1.jpg,T10_387,1,revisar,area de defecto dudosa (100%),True,0.979,3,0.217,0.0954,1.0
T10_d06_400_a_1.jpg,T10_400,1,revisar,area de defecto dudosa (100%),True,0.977,3,0.321,0.3388,1.0
T10_d06_400_b_1.jpg,T10_400,1,revisar,area de defecto dudosa (100%),True,0.982,3,0.174,0.2117,1.0
T10_d06_401_a_1.jpg,T10_401,1,revisar,area de defecto dudosa (100%),True,0.979,2,0.21,0.0911,1.0
T10_d06_401_b_1.jpg,T10_401,1,auto,,False,0.979,1,0.625,0.0867,0.0
T10_d06_405_a_1.jpg,T10_405,1,auto,,False,0.98,1,0.709,0.0509,0.0
T10_d06_405_b_1.jpg,T10_405,1,auto,,False,0.978,0,,0.0,0.0
T10_d06_408_a_1.jpg,T10_408,1,auto,,False,0.981,0,,0.0,0.0
T10_d06_408_b_1.jpg,T10_408,1,auto,,False,0.979,1,0.641,0.0842,0.0
T10_d06_410_a_1.jpg,T10_410,1,revisar,area de defecto dudosa (100%),True,0.981,1,0.486,0.0186,1.0
T10_d06_410_b_1.jpg,T10_410,1,revisar,area de defecto dudosa (100%),True,0.977,1,0.245,0.0142,1.0
T10_d06_413_a_1.jpg,T10_413,1,revisar,area de defecto dudosa (81%),True,0.983,2,0.189,0.2709,0.809
T10_d06_413_b_1.jpg,T10_413,1,revisar,area de defecto dudosa (100%),True,0.979,2,0.207,0.013,1.0
T10_d06_414_a_1.jpg,T10_414,1,auto,,True,0.978,1,0.894,0.1929,0.0
T10_d06_414_b_1.jpg,T10_414,1,revisar,area de defecto dudosa (100%),True,0.98,6,0.164,0.3334,1.0
T10_d06_415_a_1.jpg,T10_415,1,revisar,area de defecto dudosa (100%),True,0.979,1,0.305,0.2318,1.0
T10_d06_415_b_1.jpg,T10_415,1,revisar,area de defecto dudosa (100%),True,0.972,4,0.176,0.0695,1.0
T10_d06_420_a_1.jpg,T10_420,1,revisar,area de defecto dudosa (100%),True,0.978,4,0.235,0.141,1.0
T10_d06_420_b_1.jpg,T10_420,1,auto,,False,0.976,0,,0.0,0.0
T10_d06_422_a_2.jpg,T10_422,2,revisar,area de defecto dudosa (86%),True,0.98,2,0.242,0.3239,0.863
T10_d06_422_b_2.jpg,T10_422,2,auto,,False,0.98,1,0.63,0.1043,0.0
T10_d06_425_a_1.jpg,T10_425,1,revisar,area de defecto dudosa (100%),True,0.982,1,0.173,0.1758,1.0
T10_d06_425_b_1.jpg,T10_425,1,auto,,False,0.981,1,0.507,0.0867,0.0
T10_d06_429_a_1.jpg,T10_429,1,revisar,area de defecto dudosa (100%),True,0.979,1,0.163,0.0868,1.0
T10_d06_442_a_1.jpg,T10_442,1,auto,,False,0.98,1,0.7,0.0413,0.0
T10_d06_442_b_1.jpg,T10_442,1,auto,,True,0.983,1,0.639,0.0167,0.0
T10_d06_444_a_2.jpg,T10_444,2,auto,,False,0.982,0,,0.0,0.0
T10_d06_444_b_2.jpg,T10_444,2,auto,,False,0.979,0,,0.0,0.0
T10_d06_445_a_1.jpg,T10_445,1,revisar,area de defecto dudosa (100%),True,0.977,3,0.168,0.0596,1.0
T10_d06_445_b_1.jpg,T10_445,1,revisar,area de defecto dudosa (100%),True,0.983,1,0.174,0.2573,1.0
T10_d06_446_a_1.jpg,T10_446,1,revisar,area de defecto dudosa (63%),True,0.981,2,0.238,0.2158,0.631
T10_d06_446_b_1.jpg,T10_446,1,revisar,area de defecto dudosa (100%),True,0.982,1,0.382,0.0156,1.0
T10_d06_447_a_1.jpg,T10_447,1,auto,,False,0.981,1,0.768,0.0546,0.0
T10_d06_447_b_1.jpg,T10_447,1,revisar,area de defecto dudosa (100%),True,0.981,1,0.433,0.0469,1.0
T10_d06_448_a_3.jpg,T10_448,3,auto,,False,0.976,1,0.711,0.2656,0.0
T10_d06_448_b_3.jpg,T10_448,3,auto,,False,0.98,0,,0.0,0.0
T10_d06_449_a_1.jpg,T10_449,1,auto,,False,0.98,0,,0.0,0.0
T10_d06_449_b_1.jpg,T10_449,1,auto,,False,0.978,2,0.21,0.0754,0.169
T10_d06_454_a_1.jpg,T10_454,1,auto,,False,0.98,0,,0.0,0.0
T10_d06_454_b_1.jpg,T10_454,1,auto,,False,0.98,1,0.731,0.0474,0.0
T10_d06_458_a_1.jpg,T10_458,1,auto,,False,0.979,1,0.554,0.0456,0.0
T10_d06_458_b_1.jpg,T10_458,1,auto,,False,0.979,1,0.563,0.0981,0.0
T10_d06_459_a_1.jpg,T10_459,1,revisar,area de defecto dudosa (100%),True,0.978,1,0.305,0.2947,1.0
T10_d06_459_b_1.jpg,T10_459,1,auto,,False,0.975,0,,0.0,0.0
T10_d06_470_a_1.jpg,T10_470,1,revisar,area de defecto dudosa (100%),True,0.983,3,0.261,0.4367,1.0
T10_d06_470_b_1.jpg,T10_470,1,auto,,False,0.979,0,,0.0,0.0
T10_d06_475_a_1.jpg,T10_475,1,revisar,area de defecto dudosa (100%),True,0.976,2,0.187,0.123,0.997
T10_d06_475_b_1.jpg,T10_475,1,revisar,area de defecto dudosa (100%),True,0.981,1,0.247,0.1889,1.0
T10_d07_002_a_1.jpg,T10_002,1,revisar,area de defecto dudosa (82%),True,0.979,2,0.29,0.0319,0.824
T10_d07_002_b_1.jpg,T10_002,1,revisar,area de defecto dudosa (100%),True,0.979,1,0.157,0.3156,1.0
T10_d07_003_b_1.jpg,T10_003,1,auto,,False,0.98,0,,0.0,0.0
T10_d07_007_a_1.jpg,T10_007,1,auto,,False,0.978,1,0.645,0.079,0.0
T10_d07_007_b_1.jpg,T10_007,1,auto,,False,0.977,2,0.296,0.1432,0.307
T10_d07_011_a_1.jpg,T10_011,1,auto,,False,0.979,2,0.397,0.1194,0.112
T10_d07_011_b_1.jpg,T10_011,1,revisar,area de defecto dudosa (100%),True,0.976,1,0.211,0.0174,1.0
T10_d07_013_a_1.jpg,T10_013,1,auto,,False,0.978,0,,0.0,0.0
T10_d07_013_b_1.jpg,T10_013,1,auto,,False,0.977,0,,0.0,0.0
T10_d07_021_a_1.jpg,T10_021,1,auto,,False,0.98,0,,0.0,0.0
T10_d07_021_b_1.jpg,T10_021,1,auto,,False,0.978,1,0.725,0.0416,0.0
T10_d07_022_a_2.jpg,T10_022,2,auto,,False,0.984,0,,0.0,0.0
T10_d07_022_b_2.jpg,T10_022,2,revisar,area de defecto dudosa (100%),True,0.981,3,0.167,0.0855,1.0
T10_d07_026_a_2.jpg,T10_026,2,revisar,area de defecto dudosa (100%),True,0.979,2,0.282,0.2187,1.0
T10_d07_026_b_2.jpg,T10_026,2,revisar,area de defecto dudosa (100%),True,0.975,2,0.256,0.0575,1.0
T10_d07_027_a_1.jpg,T10_027,1,auto,,False,0.982,0,,0.0,0.0
T10_d07_027_b_1.jpg,T10_027,1,revisar,area de defecto dudosa (100%),True,0.979,7,0.155,0.0753,1.0
T10_d07_034_a_2.jpg,T10_034,2,revisar,area de defecto dudosa (100%),True,0.983,2,0.384,0.2267,1.0
T10_d07_034_b_2.jpg,T10_034,2,revisar,area de defecto dudosa (100%),True,0.982,1,0.222,0.1994,1.0
T10_d07_045_a_1.jpg,T10_045,1,revisar,area de defecto dudosa (100%),True,0.982,1,0.203,0.0653,1.0
T10_d07_045_b_1.jpg,T10_045,1,revisar,area de defecto dudosa (100%),True,0.979,1,0.207,0.0547,1.0
T10_d07_046_a_1.jpg,T10_046,1,revisar,area de defecto dudosa (100%),True,0.981,1,0.291,0.0155,1.0
T10_d07_046_b_1.jpg,T10_046,1,revisar,area de defecto dudosa (75%),True,0.977,7,0.204,0.0968,0.747
T10_d07_047_a_1.jpg,T10_047,1,auto,,False,0.981,0,,0.0,0.0
T10_d07_047_b_1.jpg,T10_047,1,revisar,area de defecto dudosa (100%),True,0.98,2,0.254,0.1566,1.0
T10_d07_048_a_1.jpg,T10_048,1,revisar,area de defecto dudosa (100%),True,0.98,2,0.196,0.3369,1.0
T10_d07_048_b_1.jpg,T10_048,1,revisar,area de defecto dudosa (100%),True,0.976,1,0.389,0.018,1.0
T10_d07_055_a_1.jpg,T10_055,1,auto,,False,0.979,1,0.783,0.0626,0.0
T10_d07_055_b_1.jpg,T10_055,1,auto,,False,0.979,1,0.661,0.0253,0.0
T10_d07_061_a_2.jpg,T10_061,2,revisar,area de defecto dudosa (100%),True,0.979,3,0.172,0.5508,1.0
T10_d07_061_b_2.jpg,T10_061,2,auto,,False,0.977,0,,0.0,0.0
T10_d07_067_a_1.jpg,T10_067,1,auto,,False,0.973,1,0.714,0.0312,0.0
T10_d07_067_b_1.jpg,T10_067,1,revisar,area de defecto dudosa (55%),True,0.974,4,0.232,0.2053,0.551
T10_d07_069_a_2.jpg,T10_069,2,auto,,False,0.981,2,0.175,0.1481,0.479
T10_d07_083_a_1.jpg,T10_083,1,revisar,area de defecto dudosa (100%),True,0.979,5,0.197,0.1624,1.0
T10_d07_083_b_1.jpg,T10_083,1,revisar,area de defecto dudosa (100%),True,0.979,2,0.153,0.1599,1.0
T10_d07_089_a_1.jpg,T10_089,1,auto,,False,0.979,2,0.548,0.081,0.0
T10_d07_089_b_1.jpg,T10_089,1,auto,,False,0.98,2,0.529,0.0827,0.0
T10_d07_093_a_1.jpg,T10_093,1,revisar,area de defecto dudosa (100%),True,0.982,1,0.23,0.0176,1.0
T10_d07_093_b_1.jpg,T10_093,1,revisar,area de defecto dudosa (100%),True,0.978,2,0.257,0.0664,1.0
T10_d07_094_a_1.jpg,T10_094,1,auto,,False,0.981,1,0.66,0.1213,0.0
T10_d07_094_b_1.jpg,T10_094,1,auto,,False,0.982,0,,0.0,0.0
T10_d07_096_a_1.jpg,T10_096,1,auto,,False,0.979,1,0.789,0.1496,0.0
T10_d07_096_b_1.jpg,T10_096,1,revisar,area de defecto dudosa (100%),True,0.978,3,0.178,0.0705,1.0
T10_d07_097_a_1.jpg,T10_097,1,auto,,False,0.979,2,0.262,0.107,0.411
T10_d07_097_b_1.jpg,T10_097,1,revisar,defecto rectangular; area de defecto dudosa (100%),True,0.981,2,0.157,0.7773,1.0
T10_d07_098_a_1.jpg,T10_098,1,revisar,area de defecto dudosa (100%),True,0.976,2,0.161,0.1765,1.0
T10_d07_098_b_1.jpg,T10_098,1,revisar,area de defecto dudosa (100%),True,0.977,2,0.168,0.0334,1.0
T10_d07_099_a_1.jpg,T10_099,1,revisar,area de defecto dudosa (100%),True,0.98,1,0.167,0.2786,1.0
T10_d07_099_b_1.jpg,T10_099,1,revisar,area de defecto dudosa (100%),True,0.978,1,0.194,0.0073,1.0
T10_d07_108_a_1.jpg,T10_108,1,revisar,area de defecto dudosa (100%),True,0.974,4,0.186,0.3084,1.0
T10_d07_108_b_1.jpg,T10_108,1,auto,,False,0.976,0,,0.0,0.0
T10_d07_110_a_1.jpg,T10_110,1,revisar,area de defecto dudosa (100%),True,0.981,2,0.451,0.1123,1.0
T10_d07_110_b_1.jpg,T10_110,1,auto,,False,0.977,2,0.169,0.0968,0.334
T10_d07_113_a_1.jpg,T10_113,1,auto,,True,0.978,1,0.876,0.0793,0.0
T10_d07_113_b_1.jpg,T10_113,1,auto,,False,0.981,0,,0.0,0.0
T10_d07_118_a_1.jpg,T10_118,1,revisar,area de defecto dudosa (100%),True,0.98,2,0.3,0.1995,1.0
T10_d07_118_b_1.jpg,T10_118,1,revisar,area de defecto dudosa (100%),True,0.978,1,0.15,0.015,1.0
T10_d07_122_a_1.jpg,T10_122,1,revisar,area de defecto dudosa (100%),True,0.977,3,0.15,0.0794,1.0
T10_d07_122_b_1.jpg,T10_122,1,revisar,area de defecto dudosa (100%),True,0.977,3,0.204,0.0338,1.0
T10_d07_125_a_1.jpg,T10_125,1,revisar,area de defecto dudosa (100%),True,0.979,1,0.245,0.3153,1.0
T10_d07_125_b_1.jpg,T10_125,1,revisar,area de defecto dudosa (100%),True,0.979,1,0.222,0.0137,1.0
T10_d07_128_a_1.jpg,T10_128,1,revisar,area de defecto dudosa (100%),True,0.981,3,0.18,0.3931,1.0
T10_d07_128_b_1.jpg,T10_128,1,revisar,area de defecto dudosa (100%),True,0.979,6,0.181,0.1546,1.0
T10_d07_129_a_1.jpg,T10_129,1,auto,,False,0.982,1,0.598,0.0125,0.0
T10_d07_129_b_1.jpg,T10_129,1,revisar,area de defecto dudosa (61%),True,0.977,3,0.15,0.053,0.612
T10_d07_130_a_1.jpg,T10_130,1,revisar,area de defecto dudosa (100%),True,0.979,5,0.164,0.8067,1.0
T10_d07_130_b_1.jpg,T10_130,1,revisar,area de defecto dudosa (100%),True,0.978,2,0.184,0.1318,1.0
T10_d07_131_a_1.jpg,T10_131,1,revisar,area de defecto dudosa (100%),True,0.978,4,0.151,0.5867,1.0
T10_d07_131_b_1.jpg,T10_131,1,revisar,area de defecto dudosa (100%),True,0.978,1,0.286,0.0298,1.0
T10_d07_133_a_2.jpg,T10_133,2,revisar,area de defecto dudosa (100%),True,0.981,3,0.178,0.1997,1.0
T10_d07_133_b_2.jpg,T10_133,2,auto,,False,0.982,1,0.759,0.0673,0.0
T10_d07_138_a_1.jpg,T10_138,1,revisar,area de defecto dudosa (100%),True,0.978,1,0.213,0.0471,1.0
T10_d07_138_b_1.jpg,T10_138,1,revisar,area de defecto dudosa (100%),True,0.98,4,0.254,0.3159,1.0
T10_d07_145_a_1.jpg,T10_145,1,revisar,area de defecto dudosa (100%),True,0.976,2,0.178,0.2342,0.997
T10_d07_145_b_1.jpg,T10_145,1,revisar,area de defecto dudosa (100%),True,0.974,3,0.243,0.071,1.0
T10_d07_148_a_1.jpg,T10_148,1,auto,,False,0.98,1,0.803,0.0862,0.0
T10_d07_148_b_1.jpg,T10_148,1,revisar,area de defecto dudosa (100%),True,0.977,2,0.235,0.1953,0.999
T10_d07_149_a_1.jpg,T10_149,1,revisar,area de defecto dudosa (100%),True,0.976,2,0.335,0.4198,1.0
T10_d07_149_b_1.jpg,T10_149,1,revisar,area de defecto dudosa (100%),True,0.978,2,0.319,0.1896,1.0
T10_d07_152_a_1.jpg,T10_152,1,revisar,defecto rectangular; area de defecto dudosa (100%),True,0.979,2,0.16,0.4836,1.0
T10_d07_152_b_1.jpg,T10_152,1,revisar,area de defecto dudosa (100%),True,0.977,5,0.167,0.6385,1.0
T10_d07_156_a_1.jpg,T10_156,1,revisar,area de defecto dudosa (100%),True,0.981,2,0.163,0.0233,1.0
T10_d07_156_b_1.jpg,T10_156,1,auto,,False,0.979,1,0.535,0.0662,0.0
T10_d07_163_a_2.jpg,T10_163,2,auto,,False,0.98,1,0.83,0.2819,0.0
T10_d07_163_b_2.jpg,T10_163,2,auto,,False,0.976,1,0.721,0.1737,0.0
T10_d07_165_a_1.jpg,T10_165,1,revisar,area de defecto dudosa (100%),True,0.979,2,0.192,0.0694,1.0
T10_d07_165_b_1.jpg,T10_165,1,auto,,False,0.979,1,0.819,0.047,0.0
T10_d07_166_a_1.jpg,T10_166,1,auto,,False,0.978,0,,0.0,0.0
T10_d07_166_b_1.jpg,T10_166,1,auto,,False,0.98,2,0.403,0.0509,0.493
T10_d07_167_a_1.jpg,T10_167,1,auto,,False,0.981,0,,0.0,0.0
T10_d07_167_b_1.jpg,T10_167,1,revisar,area de defecto dudosa (100%),True,0.979,3,0.157,0.3803,1.0
T10_d07_168_a_2.jpg,T10_168,2,revisar,area de defecto dudosa (100%),True,0.98,2,0.157,0.0198,1.0
T10_d07_168_b_2.jpg,T10_168,2,auto,,False,0.982,1,0.604,0.0409,0.0
T10_d07_172_a_1.jpg,T10_172,1,revisar,area de defecto dudosa (100%),True,0.978,6,0.176,0.3121,0.998
T10_d07_172_b_1.jpg,T10_172,1,auto,,False,0.975,1,0.812,0.0456,0.0
T10_d07_181_a_1.jpg,T10_181,1,auto,,True,0.98,1,0.63,0.0972,0.0
T10_d07_181_b_1.jpg,T10_181,1,revisar,area de defecto dudosa (100%),True,0.98,1,0.361,0.0161,1.0
T10_d07_193_a_1.jpg,T10_193,1,revisar,defecto rectangular; defecto rectangular; area de defecto dudosa (100%),True,0.982,4,0.199,0.7268,1.0
T10_d07_193_b_1.jpg,T10_193,1,auto,,False,0.981,0,,0.0,0.0
T10_d07_194_a_1.jpg,T10_194,1,revisar,area de defecto dudosa (100%),True,0.977,2,0.173,0.0845,1.0
T10_d07_194_b_1.jpg,T10_194,1,revisar,area de defecto dudosa (100%),True,0.979,1,0.249,0.0452,1.0
T10_d07_196_a_1.jpg,T10_196,1,auto,,False,0.98,0,,0.0,0.0
T10_d07_196_b_1.jpg,T10_196,1,revisar,area de defecto dudosa (100%),True,0.981,2,0.242,0.1755,1.0
T10_d07_202_a_2.jpg,T10_202,2,revisar,area de defecto dudosa (100%),True,0.977,2,0.158,0.0277,0.998
T10_d07_202_b_2.jpg,T10_202,2,revisar,area de defecto dudosa (100%),True,0.979,3,0.256,0.3097,1.0
T10_d07_204_a_1.jpg,T10_204,1,auto,,True,0.979,0,,0.0,0.0
T10_d07_204_b_1.jpg,T10_204,1,revisar,area de defecto dudosa (100%),True,0.98,3,0.153,0.054,1.0
T10_d07_206_a_1.jpg,T10_206,1,revisar,area de defecto dudosa (100%),True,0.98,4,0.172,0.0606,1.0
T10_d07_206_b_1.jpg,T10_206,1,auto,,False,0.978,1,0.524,0.0117,0.0
T10_d07_211_a_1.jpg,T10_211,1,auto,,False,0.981,1,0.753,0.0391,0.0
T10_d07_211_b_1.jpg,T10_211,1,auto,,False,0.978,1,0.773,0.1597,0.0
T10_d07_213_a_1.jpg,T10_213,1,auto,,False,0.978,0,,0.0,0.0
T10_d07_213_b_1.jpg,T10_213,1,revisar,area de defecto dudosa (100%),True,0.98,7,0.175,0.6051,1.0
T10_d07_215_a_1.jpg,T10_215,1,revisar,area de defecto dudosa (100%),True,0.98,1,0.256,0.4076,1.0
T10_d07_215_b_1.jpg,T10_215,1,revisar,area de defecto dudosa (100%),True,0.982,5,0.206,0.1912,1.0
T10_d07_217_a_1.jpg,T10_217,1,auto,,False,0.979,1,0.771,0.111,0.0
T10_d07_217_b_1.jpg,T10_217,1,revisar,area de defecto dudosa (100%),True,0.981,2,0.164,0.0738,1.0
T10_d07_221_a_2.jpg,T10_221,2,auto,,False,0.979,0,,0.0,0.0
T10_d07_221_b_2.jpg,T10_221,2,auto,,False,0.981,2,0.554,0.1324,0.0
T10_d07_223_a_1.jpg,T10_223,1,auto,,False,0.979,2,0.529,0.1106,0.0
T10_d07_223_b_1.jpg,T10_223,1,revisar,area de defecto dudosa (100%),True,0.975,2,0.196,0.0298,1.0
T10_d07_227_a_4.jpg,T10_227,4,revisar,area de defecto dudosa (100%),True,0.976,2,0.239,0.1428,1.0
T10_d07_227_b_4.jpg,T10_227,4,revisar,area de defecto dudosa (100%),True,0.979,2,0.265,0.0569,1.0
T10_d07_233_a_2.jpg,T10_233,2,revisar,area de defecto dudosa (100%),True,0.979,3,0.167,0.1551,0.999
T10_d07_233_b_2.jpg,T10_233,2,revisar,area de defecto dudosa (100%),True,0.979,4,0.16,0.0251,1.0
T10_d07_234_a_1.jpg,T10_234,1,auto,,False,0.979,1,0.55,0.0303,0.0
T10_d07_234_b_1.jpg,T10_234,1,auto,,False,0.971,1,0.622,0.0672,0.0
T10_d07_236_a_1.jpg,T10_236,1,revisar,area de defecto dudosa (100%),True,0.978,1,0.389,0.0323,1.0
T10_d07_236_b_1.jpg,T10_236,1,auto,,False,0.967,1,0.653,0.0572,0.0
T10_d07_237_a_2.jpg,T10_237,2,auto,,False,0.981,1,0.747,0.1016,0.0
T10_d07_237_b_2.jpg,T10_237,2,revisar,area de defecto dudosa (100%),True,0.983,3,0.251,0.1787,1.0
T10_d07_243_a_1.jpg,T10_243,1,revisar,area de defecto dudosa (100%),True,0.98,2,0.25,0.3413,1.0
T10_d07_243_b_1.jpg,T10_243,1,auto,,False,0.98,1,0.757,0.2788,0.0
T10_d07_245_a_1.jpg,T10_245,1,revisar,area de defecto dudosa (100%),True,0.978,4,0.197,0.2989,1.0
T10_d07_245_b_1.jpg,T10_245,1,revisar,area de defecto dudosa (65%),True,0.979,2,0.264,0.0715,0.652
T10_d07_250_a_1.jpg,T10_250,1,revisar,area de defecto dudosa (100%),True,0.98,2,0.171,0.0485,1.0
T10_d07_250_b_1.jpg,T10_250,1,auto,,False,0.98,1,0.761,0.0616,0.0
T10_d07_252_a_1.jpg,T10_252,1,revisar,area de defecto dudosa (100%),True,0.981,2,0.261,0.1939,1.0
T10_d07_252_b_1.jpg,T10_252,1,revisar,area de defecto dudosa (100%),True,0.976,4,0.165,0.2904,1.0
T10_d07_262_b_1.jpg,T10_262,1,revisar,defecto rectangular; area de defecto dudosa (100%),True,0.98,3,0.19,0.7092,1.0
T10_d07_266_a_1.jpg,T10_266,1,revisar,area de defecto dudosa (100%),True,0.978,1,0.46,0.1001,1.0
T10_d07_266_b_1.jpg,T10_266,1,auto,,False,0.978,0,,0.0,0.0
T10_d07_269_a_2.jpg,T10_269,2,auto,,False,0.979,1,0.735,0.0775,0.0
T10_d07_269_b_2.jpg,T10_269,2,auto,,False,0.977,1,0.668,0.0238,0.0
T10_d07_274_a_1.jpg,T10_274,1,revisar,area de defecto dudosa (100%),True,0.977,1,0.156,0.014,1.0
T10_d07_274_b_1.jpg,T10_274,1,auto,,False,0.975,1,0.514,0.2461,0.0
T10_d07_276_a_1.jpg,T10_276,1,revisar,area de defecto dudosa (100%),True,0.977,5,0.152,0.1438,1.0
T10_d07_282_a_1.jpg,T10_282,1,revisar,area de defecto dudosa (100%),True,0.98,1,0.163,0.05,1.0
T10_d07_282_b_1.jpg,T10_282,1,auto,,False,0.975,1,0.531,0.0646,0.0
T10_d07_283_a_2.jpg,T10_283,2,revisar,area de defecto dudosa (100%),True,0.98,1,0.414,0.4574,1.0
T10_d07_283_b_2.jpg,T10_283,2,auto,,False,0.98,0,,0.0,0.0
T10_d07_284_a_2.jpg,T10_284,2,auto,,False,0.977,0,,0.0,0.0
T10_d07_284_b_2.jpg,T10_284,2,auto,,False,0.978,0,,0.0,0.0
T10_d07_290_a_2.jpg,T10_290,2,revisar,area de defecto dudosa (100%),True,0.976,3,0.17,0.7163,1.0
T10_d07_290_b_2.jpg,T10_290,2,revisar,area de defecto dudosa (100%),True,0.98,2,0.154,0.5457,1.0
T10_d07_294_a_2.jpg,T10_294,2,auto,,False,0.98,1,0.88,0.0842,0.0
T10_d07_294_b_2.jpg,T10_294,2,auto,,False,0.979,3,0.243,0.1523,0.147
T10_d07_295_a_1.jpg,T10_295,1,auto,,False,0.977,1,0.73,0.0799,0.0
T10_d07_295_b_1.jpg,T10_295,1,revisar,area de defecto dudosa (69%),True,0.978,3,0.266,0.0656,0.692
T10_d07_296_a_1.jpg,T10_296,1,auto,,False,0.977,1,0.626,0.2607,0.0
T10_d07_296_b_1.jpg,T10_296,1,auto,,False,0.982,0,,0.0,0.0
T10_d07_306_a_2.jpg,T10_306,2,auto,,False,0.98,0,,0.0,0.0
T10_d07_306_b_2.jpg,T10_306,2,auto,,False,0.979,0,,0.0,0.0
T10_d07_314_a_1.jpg,T10_314,1,auto,,False,0.981,0,,0.0,0.0
T10_d07_314_b_1.jpg,T10_314,1,revisar,area de defecto dudosa (93%),True,0.98,3,0.241,0.5991,0.932
T10_d07_315_a_1.jpg,T10_315,1,auto,,False,0.978,0,,0.0,0.0
T10_d07_315_b_1.jpg,T10_315,1,revisar,area de defecto dudosa (100%),True,0.972,1,0.471,0.0791,1.0
T10_d07_325_a_1.jpg,T10_325,1,auto,,False,0.977,0,,0.0,0.0
T10_d07_325_b_1.jpg,T10_325,1,revisar,area de defecto dudosa (100%),True,0.977,1,0.23,0.0381,1.0
T10_d07_326_a_1.jpg,T10_326,1,auto,,True,0.982,2,0.257,0.0579,0.355
T10_d07_326_b_1.jpg,T10_326,1,auto,,False,0.98,2,0.185,0.0572,0.236
T10_d07_327_a_1.jpg,T10_327,1,revisar,area de defecto dudosa (100%),True,0.978,2,0.158,0.1095,1.0
T10_d07_327_b_1.jpg,T10_327,1,revisar,area de defecto dudosa (100%),True,0.978,1,0.289,0.1525,1.0
T10_d07_328_a_1.jpg,T10_328,1,auto,,False,0.981,1,0.57,0.0178,0.0
T10_d07_328_b_1.jpg,T10_328,1,revisar,area de defecto dudosa (100%),True,0.981,2,0.247,0.0235,1.0
T10_d07_330_a_1.jpg,T10_330,1,auto,,False,0.977,0,,0.0,0.0
T10_d07_330_b_1.jpg,T10_330,1,auto,,False,0.98,0,,0.0,0.0
T10_d07_333_a_1.jpg,T10_333,1,revisar,area de defecto dudosa (100%),True,0.982,2,0.26,0.0735,1.0
T10_d07_333_b_1.jpg,T10_333,1,revisar,area de defecto dudosa (100%),True,0.978,2,0.256,0.0952,1.0
T10_d07_336_a_1.jpg,T10_336,1,revisar,area de defecto dudosa (100%),True,0.979,2,0.24,0.5448,1.0
T10_d07_336_b_1.jpg,T10_336,1,revisar,area de defecto dudosa (100%),True,0.979,3,0.161,0.3886,1.0
T10_d07_337_a_1.jpg,T10_337,1,auto,,False,0.978,0,,0.0,0.0
T10_d07_337_b_1.jpg,T10_337,1,revisar,area de defecto dudosa (100%),True,0.975,2,0.156,0.057,1.0
T10_d07_338_a_1.jpg,T10_338,1,revisar,area de defecto dudosa (100%),True,0.979,1,0.167,0.0548,1.0
T10_d07_338_b_1.jpg,T10_338,1,revisar,area de defecto dudosa (100%),True,0.982,3,0.369,0.237,1.0
T10_d07_349_a_2.jpg,T10_349,2,auto,,False,0.98,0,,0.0,0.0
T10_d07_349_b_2.jpg,T10_349,2,auto,,False,0.98,0,,0.0,0.0
T10_d07_351_a_1.jpg,T10_351,1,revisar,area de defecto dudosa (100%),True,0.979,1,0.167,0.1887,1.0
T10_d07_351_b_1.jpg,T10_351,1,auto,,False,0.979,1,0.503,0.0338,0.0
T10_d07_355_a_1.jpg,T10_355,1,revisar,area de defecto dudosa (100%),True,0.982,2,0.343,0.0421,1.0
T10_d07_355_b_1.jpg,T10_355,1,auto,,False,0.981,0,,0.0,0.0
T10_d07_357_a_1.jpg,T10_357,1,revisar,area de defecto dudosa (99%),True,0.979,4,0.274,0.2106,0.987
T10_d07_357_b_1.jpg,T10_357,1,revisar,area de defecto dudosa (100%),True,0.98,1,0.328,0.0412,1.0
T10_d07_365_a_1.jpg,T10_365,1,revisar,area de defecto dudosa (100%),True,0.98,1,0.201,0.0623,1.0
T10_d07_365_b_1.jpg,T10_365,1,revisar,area de defecto dudosa (100%),True,0.977,2,0.161,0.037,1.0
T10_d07_366_a_1.jpg,T10_366,1,auto,,False,0.979,1,0.786,0.0833,0.0
T10_d07_366_b_1.jpg,T10_366,1,revisar,area de defecto dudosa (100%),True,0.98,1,0.197,0.0301,1.0
T10_d07_367_a_2.jpg,T10_367,2,revisar,area de defecto dudosa (100%),True,0.979,3,0.152,0.2124,1.0
T10_d07_367_b_2.jpg,T10_367,2,revisar,area de defecto dudosa (100%),True,0.98,4,0.233,0.3433,1.0
T10_d07_372_a_1.jpg,T10_372,1,revisar,area de defecto dudosa (96%),True,0.981,2,0.384,0.0555,0.964
T10_d07_372_b_1.jpg,T10_372,1,auto,,False,0.982,2,0.513,0.0489,0.0
T10_d07_376_a_1.jpg,T10_376,1,auto,,False,0.974,1,0.59,0.1263,0.0
T10_d07_376_b_1.jpg,T10_376,1,revisar,area de defecto dudosa (100%),True,0.978,4,0.151,0.2971,1.0
T10_d07_377_a_2.jpg,T10_377,2,revisar,area de defecto dudosa (100%),True,0.978,2,0.187,0.193,1.0
T10_d07_377_b_2.jpg,T10_377,2,revisar,area de defecto dudosa (100%),True,0.982,1,0.484,0.0373,1.0
T10_d07_381_a_2.jpg,T10_381,2,auto,,False,0.981,0,,0.0,0.0
T10_d07_381_b_2.jpg,T10_381,2,revisar,area de defecto dudosa (100%),True,0.981,3,0.215,0.1238,1.0
T10_d07_382_a_1.jpg,T10_382,1,auto,,False,0.978,1,0.809,0.1131,0.0
T10_d07_382_b_1.jpg,T10_382,1,revisar,area de defecto dudosa (94%),True,0.976,2,0.188,0.1547,0.945
T10_d07_387_a_1.jpg,T10_387,1,revisar,area de defecto dudosa (100%),True,0.984,3,0.166,0.4829,1.0
T10_d07_387_b_1.jpg,T10_387,1,revisar,area de defecto dudosa (100%),True,0.979,5,0.158,0.2356,1.0
T10_d07_400_a_1.jpg,T10_400,1,revisar,area de defecto dudosa (93%),True,0.977,3,0.392,0.129,0.926
T10_d07_400_b_1.jpg,T10_400,1,auto,,False,0.975,1,0.637,0.0416,0.0
T10_d07_401_a_1.jpg,T10_401,1,revisar,area de defecto dudosa (100%),True,0.977,1,0.249,0.0734,1.0
T10_d07_401_b_1.jpg,T10_401,1,revisar,area de defecto dudosa (96%),True,0.978,2,0.358,0.0916,0.96
T10_d07_405_a_1.jpg,T10_405,1,auto,,False,0.982,1,0.721,0.0493,0.0
T10_d07_405_b_1.jpg,T10_405,1,auto,,False,0.976,0,,0.0,0.0
T10_d07_408_a_1.jpg,T10_408,1,auto,,False,0.981,0,,0.0,0.0
T10_d07_408_b_1.jpg,T10_408,1,auto,,False,0.977,1,0.573,0.0942,0.0
T10_d07_410_a_1.jpg,T10_410,1,auto,,False,0.978,1,0.77,0.0255,0.0
T10_d07_410_b_1.jpg,T10_410,1,revisar,area de defecto dudosa (100%),True,0.978,1,0.274,0.0146,1.0
T10_d07_413_a_1.jpg,T10_413,1,auto,,False,0.977,1,0.852,0.0536,0.0
T10_d07_413_b_1.jpg,T10_413,1,auto,,False,0.974,1,0.659,0.0196,0.0
T10_d07_414_a_1.jpg,T10_414,1,auto,,False,0.977,1,0.76,0.2102,0.0
T10_d07_414_b_1.jpg,T10_414,1,revisar,area de defecto dudosa (100%),True,0.979,7,0.173,0.3249,1.0
T10_d07_415_a_2.jpg,T10_415,2,revisar,area de defecto dudosa (100%),True,0.981,1,0.25,0.1891,1.0
T10_d07_415_b_2.jpg,T10_415,2,revisar,area de defecto dudosa (100%),True,0.976,3,0.165,0.0821,1.0
T10_d07_420_b_1.jpg,T10_420,1,revisar,area de defecto dudosa (100%),True,0.981,1,0.186,0.0045,1.0
T10_d07_422_a_2.jpg,T10_422,2,auto,,False,0.981,1,0.775,0.0574,0.0
T10_d07_422_b_2.jpg,T10_422,2,revisar,area de defecto dudosa (100%),True,0.977,1,0.494,0.0402,1.0
T10_d07_425_a_1.jpg,T10_425,1,revisar,area de defecto dudosa (100%),True,0.98,1,0.2,0.1963,1.0
T10_d07_425_b_1.jpg,T10_425,1,auto,,False,0.982,3,0.15,0.1326,0.34
T10_d07_429_a_1.jpg,T10_429,1,revisar,area de defecto dudosa (100%),True,0.978,4,0.151,0.3802,1.0
T10_d07_429_b_1.jpg,T10_429,1,revisar,area de defecto dudosa (100%),True,0.979,5,0.153,0.2979,1.0
T10_d07_442_a_1.jpg,T10_442,1,auto,,False,0.98,1,0.681,0.0507,0.0
T10_d07_442_b_1.jpg,T10_442,1,auto,,False,0.976,1,0.584,0.0153,0.0
T10_d07_444_a_2.jpg,T10_444,2,auto,,False,0.983,0,,0.0,0.0
T10_d07_444_b_2.jpg,T10_444,2,auto,,False,0.983,0,,0.0,0.0
T10_d07_445_a_1.jpg,T10_445,1,revisar,area de defecto dudosa (100%),True,0.978,3,0.223,0.072,1.0
T10_d07_445_b_1.jpg,T10_445,1,revisar,area de defecto dudosa (100%),True,0.981,1,0.226,0.2039,1.0
T10_d07_446_a_2.jpg,T10_446,2,auto,,False,0.976,1,0.913,0.0722,0.0
T10_d07_446_b_2.jpg,T10_446,2,revisar,area de defecto dudosa (100%),True,0.974,1,0.383,0.0161,1.0
T10_d07_447_a_1.jpg,T10_447,1,revisar,area de defecto dudosa (100%),True,0.979,5,0.175,0.4934,1.0
T10_d07_447_b_1.jpg,T10_447,1,revisar,area de defecto dudosa (100%),True,0.976,1,0.462,0.0767,1.0
T10_d07_448_a_3.jpg,T10_448,3,auto,,False,0.974,1,0.722,0.2652,0.0
T10_d07_448_b_3.jpg,T10_448,3,auto,,False,0.978,0,,0.0,0.0
T10_d07_449_a_1.jpg,T10_449,1,auto,,False,0.98,0,,0.0,0.0
T10_d07_449_b_1.jpg,T10_449,1,revisar,area de defecto dudosa (100%),True,0.979,4,0.225,0.103,1.0
T10_d07_454_b_1.jpg,T10_454,1,auto,,False,0.978,2,0.234,0.0647,0.357
T10_d07_458_a_1.jpg,T10_458,1,auto,,False,0.979,1,0.534,0.0197,0.0
T10_d07_458_b_1.jpg,T10_458,1,revisar,area de defecto dudosa (91%),True,0.98,2,0.244,0.1052,0.911
T10_d07_459_a_1.jpg,T10_459,1,revisar,area de defecto dudosa (100%),True,0.977,2,0.201,0.2599,1.0
T10_d07_459_b_1.jpg,T10_459,1,revisar,area de defecto dudosa (100%),True,0.976,1,0.203,0.0194,1.0
T10_d07_470_a_1.jpg,T10_470,1,revisar,area de defecto dudosa (100%),True,0.979,4,0.23,0.5816,1.0
T10_d07_470_b_1.jpg,T10_470,1,auto,,False,0.979,0,,0.0,0.0
T10_d07_475_a_1.jpg,T10_475,1,revisar,area de defecto dudosa (100%),True,0.976,2,0.205,0.1201,0.998
T10_d07_475_b_1.jpg,T10_475,1,revisar,area de defecto dudosa (100%),True,0.98,3,0.271,0.2717,1.0
T10_d08_002_b_2.jpg,T10_002,2,auto,,False,0.978,0,,0.0,0.0
T10_d08_003_a_2.jpg,T10_003,2,revisar,area de defecto dudosa (100%),True,0.982,5,0.156,0.7643,1.0
T10_d08_003_b_2.jpg,T10_003,2,revisar,area de defecto dudosa (100%),True,0.98,1,0.184,0.0632,1.0
T10_d08_007_a_2.jpg,T10_007,2,auto,,False,0.98,1,0.664,0.0794,0.0
T10_d08_007_b_2.jpg,T10_007,2,auto,,False,0.976,3,0.247,0.1414,0.34
T10_d08_011_a_1.jpg,T10_011,1,auto,,True,0.978,2,0.496,0.1248,0.128
T10_d08_011_b_1.jpg,T10_011,1,revisar,area de defecto dudosa (100%),True,0.98,1,0.246,0.0453,1.0
T10_d08_013_a_2.jpg,T10_013,2,auto,,False,0.977,0,,0.0,0.0
T10_d08_013_b_2.jpg,T10_013,2,auto,,False,0.976,0,,0.0,0.0
T10_d08_021_a_1.jpg,T10_021,1,auto,,False,0.979,0,,0.0,0.0
T10_d08_021_b_1.jpg,T10_021,1,auto,,False,0.977,1,0.715,0.0276,0.0
T10_d08_022_a_2.jpg,T10_022,2,auto,,False,0.983,0,,0.0,0.0
T10_d08_022_b_2.jpg,T10_022,2,revisar,area de defecto dudosa (100%),True,0.984,1,0.364,0.035,1.0
T10_d08_026_a_2.jpg,T10_026,2,revisar,area de defecto dudosa (76%),True,0.978,3,0.156,0.1715,0.76
T10_d08_027_a_1.jpg,T10_027,1,auto,,False,0.979,0,,0.0,0.0
T10_d08_027_b_1.jpg,T10_027,1,auto,,False,0.98,1,0.58,0.0158,0.0
T10_d08_034_a_2.jpg,T10_034,2,revisar,area de defecto dudosa (75%),True,0.979,2,0.263,0.2829,0.747
T10_d08_034_b_2.jpg,T10_034,2,revisar,area de defecto dudosa (100%),True,0.979,2,0.168,0.3194,1.0
T10_d08_046_a_1.jpg,T10_046,1,revisar,area de defecto dudosa (100%),True,0.98,3,0.161,0.0209,1.0
T10_d08_046_b_1.jpg,T10_046,1,revisar,area de defecto dudosa (78%),True,0.978,8,0.184,0.0986,0.776
T10_d08_047_a_2.jpg,T10_047,2,auto,,False,0.978,0,,0.0,0.0
T10_d08_047_b_2.jpg,T10_047,2,revisar,area de defecto dudosa (100%),True,0.979,1,0.319,0.0651,1.0
T10_d08_048_a_2.jpg,T10_048,2,revisar,area de defecto dudosa (100%),True,0.98,2,0.176,0.1428,1.0
T10_d08_048_b_2.jpg,T10_048,2,auto,,False,0.977,0,,0.0,0.0
T10_d08_055_a_2.jpg,T10_055,2,auto,,False,0.981,1,0.756,0.0577,0.0
T10_d08_061_a_2.jpg,T10_061,2,revisar,area de defecto dudosa (100%),True,0.977,2,0.29,0.5487,1.0
T10_d08_067_a_1.jpg,T10_067,1,revisar,area de defecto dudosa (99%),True,0.976,2,0.193,0.0314,0.995
T10_d08_067_b_1.jpg,T10_067,1,auto,,False,0.974,2,0.672,0.2327,0.0
T10_d08_069_a_2.jpg,T10_069,2,auto,,False,0.98,1,0.756,0.0815,0.0
T10_d08_069_b_2.jpg,T10_069,2,revisar,area de defecto dudosa (100%),True,0.979,2,0.246,0.115,1.0
T10_d08_083_a_1.jpg,T10_083,1,revisar,area de defecto dudosa (100%),True,0.976,4,0.172,0.1419,1.0
T10_d08_083_b_1.jpg,T10_083,1,revisar,area de defecto dudosa (100%),True,0.976,2,0.15,0.1319,1.0
T10_d08_089_a_1.jpg,T10_089,1,auto,,False,0.978,3,0.223,0.0864,0.424
T10_d08_089_b_1.jpg,T10_089,1,auto,,False,0.977,2,0.602,0.0876,0.0
T10_d08_093_a_2.jpg,T10_093,2,revisar,area de defecto dudosa (100%),True,0.981,2,0.228,0.0263,1.0
T10_d08_093_b_2.jpg,T10_093,2,revisar,area de defecto dudosa (100%),True,0.978,3,0.179,0.0514,1.0
T10_d08_094_a_1.jpg,T10_094,1,revisar,area de defecto dudosa (100%),True,0.981,2,0.285,0.149,1.0
T10_d08_094_b_1.jpg,T10_094,1,auto,,False,0.981,0,,0.0,0.0
T10_d08_096_a_1.jpg,T10_096,1,auto,,False,0.98,1,0.745,0.155,0.0
T10_d08_096_b_1.jpg,T10_096,1,revisar,area de defecto dudosa (100%),True,0.972,3,0.154,0.0729,1.0
T10_d08_097_a_1.jpg,T10_097,1,revisar,area de defecto dudosa (100%),True,0.979,2,0.295,0.1201,1.0
T10_d08_097_b_1.jpg,T10_097,1,revisar,defecto rectangular; defecto rectangular; area de defecto dudosa (100%),True,0.98,4,0.163,0.8252,1.0
T10_d08_098_a_1.jpg,T10_098,1,revisar,area de defecto dudosa (100%),True,0.978,1,0.27,0.0271,1.0
T10_d08_098_b_1.jpg,T10_098,1,revisar,area de defecto dudosa (100%),True,0.98,1,0.496,0.024,1.0
T10_d08_099_b_2.jpg,T10_099,2,revisar,area de defecto dudosa (100%),True,0.982,1,0.236,0.0235,1.0
T10_d08_108_a_1.jpg,T10_108,1,revisar,area de defecto dudosa (100%),True,0.976,3,0.167,0.077,0.999
T10_d08_108_b_1.jpg,T10_108,1,revisar,area de defecto dudosa (100%),True,0.98,3,0.177,0.0485,1.0
T10_d08_110_a_1.jpg,T10_110,1,revisar,area de defecto dudosa (100%),True,0.981,2,0.16,0.1632,1.0
T10_d08_110_b_1.jpg,T10_110,1,auto,,False,0.978,2,0.367,0.0998,0.332
T10_d08_113_a_1.jpg,T10_113,1,auto,,True,0.982,1,0.879,0.0872,0.0
T10_d08_118_b_2.jpg,T10_118,2,auto,,False,0.979,0,,0.0,0.0
T10_d08_122_a_2.jpg,T10_122,2,revisar,area de defecto dudosa (100%),True,0.981,1,0.297,0.0794,1.0
T10_d08_125_a_1.jpg,T10_125,1,auto,,False,0.979,0,,0.0,0.0
T10_d08_125_b_1.jpg,T10_125,1,auto,,True,0.977,0,,0.0,0.0
T10_d08_128_a_1.jpg,T10_128,1,revisar,area de defecto dudosa (100%),True,0.981,4,0.19,0.5651,1.0
T10_d08_128_b_1.jpg,T10_128,1,revisar,area de defecto dudosa (100%),True,0.979,5,0.196,0.1241,1.0
T10_d08_129_b_1.jpg,T10_129,1,revisar,area de defecto dudosa (74%),True,0.981,4,0.162,0.0909,0.744
T10_d08_130_a_2.jpg,T10_130,2,revisar,area de defecto dudosa (100%),True,0.982,6,0.17,0.7215,1.0
T10_d08_133_a_2.jpg,T10_133,2,revisar,area de defecto dudosa (97%),True,0.979,2,0.45,0.199,0.971
T10_d08_133_b_2.jpg,T10_133,2,revisar,area de defecto dudosa (53%),True,0.982,2,0.369,0.1229,0.534
T10_d08_138_a_2.jpg,T10_138,2,auto,,False,0.98,0,,0.0,0.0
T10_d08_138_b_2.jpg,T10_138,2,revisar,area de defecto dudosa (100%),True,0.979,4,0.17,0.1617,1.0
T10_d08_148_a_2.jpg,T10_148,2,auto,,False,0.981,1,0.794,0.0781,0.0
T10_d08_148_b_2.jpg,T10_148,2,revisar,area de defecto dudosa (100%),True,0.979,3,0.164,0.165,1.0
T10_d08_149_a_1.jpg,T10_149,1,revisar,area de defecto dudosa (100%),True,0.977,2,0.345,0.3752,1.0
T10_d08_149_b_1.jpg,T10_149,1,revisar,area de defecto dudosa (100%),True,0.977,1,0.434,0.1748,1.0
T10_d08_152_b_2.jpg,T10_152,2,revisar,area de defecto dudosa (100%),True,0.981,3,0.174,0.6654,1.0
T10_d08_156_a_1.jpg,T10_156,1,revisar,area de defecto dudosa (100%),True,0.98,1,0.187,0.0112,1.0
T10_d08_156_b_1.jpg,T10_156,1,auto,,False,0.98,1,0.525,0.0639,0.0
T10_d08_163_a_2.jpg,T10_163,2,auto,,False,0.977,1,0.809,0.2982,0.0
T10_d08_163_b_2.jpg,T10_163,2,auto,,False,0.979,1,0.683,0.1859,0.0
T10_d08_165_a_2.jpg,T10_165,2,revisar,area de defecto dudosa (100%),True,0.977,2,0.188,0.0616,1.0
T10_d08_165_b_2.jpg,T10_165,2,auto,,False,0.978,1,0.807,0.0464,0.0
T10_d08_166_a_1.jpg,T10_166,1,auto,,False,0.979,0,,0.0,0.0
T10_d08_166_b_1.jpg,T10_166,1,revisar,area de defecto dudosa (55%),True,0.979,2,0.234,0.0507,0.549
T10_d08_167_a_1.jpg,T10_167,1,revisar,area de defecto dudosa (100%),True,0.98,2,0.158,0.0094,1.0
T10_d08_167_b_1.jpg,T10_167,1,revisar,area de defecto dudosa (100%),True,0.979,4,0.162,0.2801,1.0
T10_d08_168_a_2.jpg,T10_168,2,revisar,area de defecto dudosa (100%),True,0.981,3,0.233,0.0401,1.0
T10_d08_168_b_2.jpg,T10_168,2,revisar,area de defecto dudosa (100%),True,0.98,4,0.154,0.5113,1.0
T10_d08_172_b_1.jpg,T10_172,1,revisar,area de defecto dudosa (100%),True,0.977,5,0.155,0.2847,1.0
T10_d08_181_a_2.jpg,T10_181,2,auto,,False,0.98,1,0.611,0.1167,0.0
T10_d08_181_b_2.jpg,T10_181,2,revisar,area de defecto dudosa (100%),True,0.981,1,0.408,0.0164,1.0
T10_d08_193_a_1.jpg,T10_193,1,revisar,defecto rectangular; defecto rectangular; area de defecto dudosa (100%),True,0.982,6,0.17,0.7785,1.0
T10_d08_193_b_1.jpg,T10_193,1,auto,,False,0.98,0,,0.0,0.0
T10_d08_194_a_1.jpg,T10_194,1,revisar,area de defecto dudosa (100%),True,0.977,3,0.177,0.094,1.0
T10_d08_194_b_1.jpg,T10_194,1,revisar,area de defecto dudosa (100%),True,0.98,5,0.153,0.2801,1.0
T10_d08_196_a_1.jpg,T10_196,1,auto,,False,0.981,0,,0.0,0.0
T10_d08_196_b_1.jpg,T10_196,1,revisar,area de defecto dudosa (100%),True,0.982,2,0.215,0.1566,1.0
T10_d08_202_b_2.jpg,T10_202,2,revisar,area de defecto dudosa (69%),True,0.983,2,0.182,0.3866,0.687
T10_d08_204_a_1.jpg,T10_204,1,auto,,False,0.979,0,,0.0,0.0
T10_d08_204_b_1.jpg,T10_204,1,revisar,area de defecto dudosa (100%),True,0.978,4,0.264,0.082,1.0
T10_d08_206_a_1.jpg,T10_206,1,revisar,area de defecto dudosa (100%),True,0.981,3,0.152,0.0955,1.0
T10_d08_206_b_1.jpg,T10_206,1,revisar,area de defecto dudosa (88%),True,0.982,2,0.164,0.0137,0.879
T10_d08_211_a_1.jpg,T10_211,1,auto,,False,0.98,1,0.646,0.0441,0.0
T10_d08_211_b_1.jpg,T10_211,1,auto,,False,0.98,1,0.794,0.1697,0.0
T10_d08_213_a_1.jpg,T10_213,1,revisar,area de defecto dudosa (100%),True,0.979,1,0.217,0.1212,1.0
T10_d08_213_b_1.jpg,T10_213,1,revisar,area de defecto dudosa (100%),True,0.978,4,0.197,0.6267,1.0
T10_d08_215_a_1.jpg,T10_215,1,revisar,area de defecto dudosa (100%),True,0.979,2,0.16,0.4713,1.0
T10_d08_215_b_1.jpg,T10_215,1,revisar,area de defecto dudosa (100%),True,0.981,3,0.173,0.0923,1.0
T10_d08_217_a_1.jpg,T10_217,1,auto,,False,0.982,1,0.78,0.1295,0.0
T10_d08_217_b_1.jpg,T10_217,1,auto,,False,0.982,0,,0.0,0.0
T10_d08_221_a_2.jpg,T10_221,2,auto,,False,0.979,0,,0.0,0.0
T10_d08_221_b_2.jpg,T10_221,2,auto,,False,0.98,1,0.824,0.0869,0.0
T10_d08_223_a_1.jpg,T10_223,1,auto,,False,0.977,2,0.589,0.1051,0.0
T10_d08_223_b_1.jpg,T10_223,1,auto,,False,0.98,0,,0.0,0.0
T10_d08_227_a_4.jpg,T10_227,4,revisar,area de defecto dudosa (100%),True,0.976,3,0.283,0.1729,1.0
T10_d08_227_b_4.jpg,T10_227,4,auto,,False,0.981,0,,0.0,0.0
T10_d08_229_a_1.jpg,T10_229,1,auto,,False,0.978,1,0.836,0.0866,0.0
T10_d08_229_b_1.jpg,T10_229,1,auto,,True,0.981,0,,0.0,0.0
T10_d08_233_a_2.jpg,T10_233,2,revisar,area de defecto dudosa (100%),True,0.98,1,0.261,0.0753,1.0
T10_d08_233_b_2.jpg,T10_233,2,revisar,area de defecto dudosa (100%),True,0.981,1,0.256,0.0207,1.0
T10_d08_234_a_2.jpg,T10_234,2,revisar,area de defecto dudosa (100%),True,0.979,1,0.446,0.032,1.0
T10_d08_234_b_2.jpg,T10_234,2,revisar,area de defecto dudosa (100%),True,0.974,1,0.496,0.0665,1.0
T10_d08_236_b_1.jpg,T10_236,1,auto,,False,0.968,1,0.756,0.0635,0.0
T10_d08_237_a_2.jpg,T10_237,2,revisar,area de defecto dudosa (99%),True,0.984,2,0.352,0.1576,0.992
T10_d08_243_a_1.jpg,T10_243,1,revisar,area de defecto dudosa (100%),True,0.979,1,0.188,0.0529,1.0
T10_d08_243_b_1.jpg,T10_243,1,auto,,True,0.979,1,0.556,0.36,0.0
T10_d08_245_b_1.jpg,T10_245,1,auto,,False,0.978,0,,0.0,0.0
T10_d08_250_a_2.jpg,T10_250,2,revisar,area de defecto dudosa (100%),True,0.978,3,0.157,0.4454,1.0
T10_d08_250_b_2.jpg,T10_250,2,auto,,False,0.98,1,0.808,0.0584,0.0
T10_d08_252_a_1.jpg,T10_252,1,revisar,area de defecto dudosa (100%),True,0.981,2,0.265,0.2115,1.0
T10_d08_252_b_1.jpg,T10_252,1,revisar,area de defecto dudosa (100%),True,0.977,5,0.163,0.1877,1.0
T10_d08_262_a_1.jpg,T10_262,1,revisar,area de defecto dudosa (100%),True,0.978,1,0.206,0.0189,1.0
T10_d08_266_a_2.jpg,T10_266,2,revisar,area de defecto dudosa (100%),True,0.981,2,0.22,0.2099,1.0
T10_d08_269_b_2.jpg,T10_269,2,auto,,False,0.979,1,0.79,0.0264,0.0
T10_d08_274_a_1.jpg,T10_274,1,auto,,False,0.982,0,,0.0,0.0
T10_d08_274_b_1.jpg,T10_274,1,auto,,False,0.978,1,0.626,0.2253,0.0
T10_d08_276_a_1.jpg,T10_276,1,revisar,area de defecto dudosa (100%),True,0.979,3,0.181,0.0759,1.0
T10_d08_276_b_1.jpg,T10_276,1,revisar,area de defecto dudosa (100%),True,0.979,3,0.248,0.0816,1.0
T10_d08_282_a_2.jpg,T10_282,2,revisar,area de defecto dudosa (100%),True,0.98,3,0.193,0.245,1.0
T10_d08_283_a_2.jpg,T10_283,2,revisar,area de defecto dudosa (100%),True,0.981,2,0.155,0.57,1.0
T10_d08_283_b_2.jpg,T10_283,2,auto,,False,0.98,0,,0.0,0.0
T10_d08_284_a_2.jpg,T10_284,2,auto,,True,0.976,0,,0.0,0.0
T10_d08_284_b_2.jpg,T10_284,2,auto,,False,0.976,0,,0.0,0.0
T10_d08_290_a_2.jpg,T10_290,2,revisar,area de defecto dudosa (100%),True,0.977,3,0.183,0.6949,1.0
T10_d08_290_b_2.jpg,T10_290,2,revisar,area de defecto dudosa (100%),True,0.98,7,0.152,0.4905,1.0
T10_d08_294_a_3.jpg,T10_294,3,auto,,False,0.981,1,0.852,0.0871,0.0
T10_d08_294_b_3.jpg,T10_294,3,revisar,area de defecto dudosa (100%),True,0.977,3,0.186,0.205,1.0
T10_d08_295_b_2.jpg,T10_295,2,auto,,False,0.979,2,0.321,0.0464,0.433
T10_d08_296_a_2.jpg,T10_296,2,auto,,False,0.977,1,0.605,0.2667,0.0
T10_d08_296_b_2.jpg,T10_296,2,auto,,False,0.981,0,,0.0,0.0
T10_d08_306_a_2.jpg,T10_306,2,auto,,False,0.981,0,,0.0,0.0
T10_d08_306_b_2.jpg,T10_306,2,auto,,False,0.979,0,,0.0,0.0
T10_d08_314_a_2.jpg,T10_314,2,auto,,False,0.98,0,,0.0,0.0
T10_d08_314_b_2.jpg,T10_314,2,revisar,area de defecto dudosa (93%),True,0.983,3,0.227,0.6176,0.931
T10_d08_315_a_1.jpg,T10_315,1,auto,,False,0.976,0,,0.0,0.0
T10_d08_315_b_1.jpg,T10_315,1,revisar,area de defecto dudosa (100%),True,0.974,3,0.19,0.0778,1.0
T10_d08_325_a_1.jpg,T10_325,1,auto,,False,0.975,0,,0.0,0.0
T10_d08_325_b_1.jpg,T10_325,1,auto,,False,0.976,0,,0.0,0.0
T10_d08_326_a_2.jpg,T10_326,2,revisar,area de defecto dudosa (80%),True,0.981,4,0.208,0.1301,0.795
T10_d08_326_b_2.jpg,T10_326,2,revisar,area de defecto dudosa (100%),True,0.979,3,0.171,0.0754,1.0
T10_d08_327_a_2.jpg,T10_327,2,auto,,False,0.976,0,,0.0,0.0
T10_d08_327_b_2.jpg,T10_327,2,revisar,area de defecto dudosa (100%),True,0.979,1,0.162,0.0972,1.0
T10_d08_328_a_1.jpg,T10_328,1,auto,,False,0.979,1,0.632,0.0235,0.0
T10_d08_330_a_1.jpg,T10_330,1,auto,,False,0.981,0,,0.0,0.0
T10_d08_330_b_1.jpg,T10_330,1,auto,,False,0.979,0,,0.0,0.0
T10_d08_333_a_1.jpg,T10_333,1,revisar,area de defecto dudosa (100%),True,0.985,2,0.2,0.0336,1.0
T10_d08_333_b_1.jpg,T10_333,1,revisar,area de defecto dudosa (100%),True,0.983,2,0.32,0.1119,1.0
T10_d08_336_a_2.jpg,T10_336,2,revisar,area de defecto dudosa (100%),True,0.98,2,0.19,0.5382,1.0
T10_d08_336_b_2.jpg,T10_336,2,revisar,defecto rectangular; area de defecto dudosa (100%),True,0.983,3,0.174,0.8051,1.0
T10_d08_337_a_2.jpg,T10_337,2,auto,,False,0.977,0,,0.0,0.0
T10_d08_337_b_2.jpg,T10_337,2,revisar,area de defecto dudosa (100%),True,0.977,1,0.299,0.0987,1.0
T10_d08_338_a_1.jpg,T10_338,1,revisar,area de defecto dudosa (100%),True,0.982,2,0.155,0.176,1.0
T10_d08_338_b_1.jpg,T10_338,1,auto,,False,0.975,4,0.163,0.2334,0.119
T10_d08_349_b_2.jpg,T10_349,2,auto,,False,0.978,0,,0.0,0.0
T10_d08_350_a_1.jpg,T10_350,1,auto,,False,0.979,1,0.913,0.0453,0.0
T10_d08_350_b_1.jpg,T10_350,1,auto,,True,0.982,0,,0.0,0.0
T10_d08_351_a_1.jpg,T10_351,1,revisar,area de defecto dudosa (100%),True,0.979,1,0.188,0.1625,1.0
T10_d08_351_b_1.jpg,T10_351,1,auto,,False,0.978,1,0.577,0.0424,0.0
T10_d08_355_a_1.jpg,T10_355,1,auto,,True,0.984,2,0.496,0.0528,0.491
T10_d08_355_b_1.jpg,T10_355,1,revisar,area de defecto dudosa (100%),True,0.981,1,0.168,0.1532,1.0
T10_d08_357_a_2.jpg,T10_357,2,revisar,area de defecto dudosa (99%),True,0.98,3,0.384,0.2108,0.991
T10_d08_357_b_2.jpg,T10_357,2,revisar,area de defecto dudosa (100%),True,0.982,3,0.287,0.1993,1.0
T10_d08_365_a_1.jpg,T10_365,1,auto,,False,0.978,0,,0.0,0.0
T10_d08_365_b_1.jpg,T10_365,1,revisar,area de defecto dudosa (100%),True,0.977,1,0.392,0.0188,1.0
T10_d08_366_a_1.jpg,T10_366,1,auto,,False,0.978,1,0.745,0.0848,0.0
T10_d08_366_b_1.jpg,T10_366,1,revisar,area de defecto dudosa (100%),True,0.981,1,0.207,0.0338,1.0
T10_d08_367_a_2.jpg,T10_367,2,revisar,area de defecto dudosa (100%),True,0.978,3,0.202,0.1295,1.0
T10_d08_367_b_2.jpg,T10_367,2,revisar,area de defecto dudosa (100%),True,0.98,4,0.173,0.3987,1.0
T10_d08_372_a_1.jpg,T10_372,1,revisar,area de defecto dudosa (97%),True,0.981,4,0.183,0.0789,0.966
T10_d08_372_b_1.jpg,T10_372,1,auto,,False,0.982,3,0.166,0.0557,0.484
T10_d08_376_a_2.jpg,T10_376,2,auto,,False,0.978,1,0.584,0.1083,0.0
T10_d08_376_b_2.jpg,T10_376,2,revisar,area de defecto dudosa (100%),True,0.98,3,0.179,0.3512,1.0
T10_d08_377_a_2.jpg,T10_377,2,revisar,area de defecto dudosa (100%),True,0.977,2,0.252,0.3183,1.0
T10_d08_381_a_2.jpg,T10_381,2,auto,,False,0.98,0,,0.0,0.0
T10_d08_381_b_2.jpg,T10_381,2,revisar,area de defecto dudosa (100%),True,0.982,1,0.163,0.2132,1.0
T10_d08_382_a_1.jpg,T10_382,1,auto,,False,0.98,1,0.826,0.1165,0.0
T10_d08_382_b_1.jpg,T10_382,1,revisar,area de defecto dudosa (100%),True,0.978,1,0.484,0.1506,1.0
T10_d08_387_a_1.jpg,T10_387,1,revisar,area de defecto dudosa (100%),True,0.98,4,0.167,0.6476,1.0
T10_d08_387_b_1.jpg,T10_387,1,revisar,area de defecto dudosa (100%),True,0.98,4,0.178,0.2755,1.0
T10_d08_400_a_1.jpg,T10_400,1,revisar,area de defecto dudosa (83%),True,0.975,3,0.307,0.1349,0.829
T10_d08_400_b_1.jpg,T10_400,1,auto,,False,0.978,1,0.722,0.0381,0.0
T10_d08_401_a_1.jpg,T10_401,1,revisar,area de defecto dudosa (100%),True,0.977,1,0.346,0.1087,1.0
T10_d08_401_b_1.jpg,T10_401,1,revisar,area de defecto dudosa (100%),True,0.977,3,0.158,0.1013,1.0
T10_d08_405_a_2.jpg,T10_405,2,auto,,False,0.981,1,0.646,0.054,0.0
T10_d08_405_b_2.jpg,T10_405,2,revisar,area de defecto dudosa (100%),True,0.983,1,0.182,0.014,1.0
T10_d08_408_a_1.jpg,T10_408,1,auto,,False,0.979,0,,0.0,0.0
T10_d08_408_b_1.jpg,T10_408,1,revisar,area de defecto dudosa (100%),True,0.979,1,0.479,0.0784,1.0
T10_d08_410_a_1.jpg,T10_410,1,auto,,False,0.982,1,0.816,0.032,0.0
T10_d08_410_b_1.jpg,T10_410,1,revisar,area de defecto dudosa (100%),True,0.982,1,0.291,0.0159,1.0
T10_d08_413_a_1.jpg,T10_413,1,auto,,False,0.982,1,0.879,0.0642,0.0
T10_d08_413_b_1.jpg,T10_413,1,auto,,False,0.977,1,0.778,0.0283,0.0
T10_d08_414_a_1.jpg,T10_414,1,auto,,False,0.977,1,0.751,0.2142,0.0
T10_d08_414_b_1.jpg,T10_414,1,revisar,area de defecto dudosa (100%),True,0.98,6,0.167,0.374,1.0
T10_d08_415_b_2.jpg,T10_415,2,revisar,area de defecto dudosa (100%),True,0.973,4,0.167,0.0777,0.996
T10_d08_420_a_1.jpg,T10_420,1,revisar,area de defecto dudosa (100%),True,0.979,5,0.162,0.1189,1.0
T10_d08_420_b_1.jpg,T10_420,1,revisar,area de defecto dudosa (100%),True,0.978,1,0.214,0.0051,1.0
T10_d08_422_a_2.jpg,T10_422,2,revisar,area de defecto dudosa (86%),True,0.98,2,0.164,0.2112,0.86
T10_d08_422_b_2.jpg,T10_422,2,revisar,area de defecto dudosa (100%),True,0.979,2,0.16,0.1411,1.0
T10_d08_425_a_1.jpg,T10_425,1,auto,,True,0.98,0,,0.0,0.0
T10_d08_425_b_1.jpg,T10_425,1,revisar,area de defecto dudosa (100%),True,0.984,3,0.231,0.1803,1.0
T10_d08_429_a_2.jpg,T10_429,2,revisar,area de defecto dudosa (100%),True,0.98,1,0.234,0.0742,1.0
T10_d08_429_b_2.jpg,T10_429,2,revisar,area de defecto dudosa (100%),True,0.979,7,0.209,0.2779,1.0
T10_d08_442_a_1.jpg,T10_442,1,auto,,True,0.982,1,0.679,0.0491,0.0
T10_d08_442_b_1.jpg,T10_442,1,auto,,False,0.976,1,0.589,0.0163,0.0
T10_d08_444_a_2.jpg,T10_444,2,auto,,False,0.981,0,,0.0,0.0
T10_d08_444_b_2.jpg,T10_444,2,auto,,False,0.981,0,,0.0,0.0
T10_d08_445_a_1.jpg,T10_445,1,revisar,area de defecto dudosa (98%),True,0.98,4,0.192,0.0978,0.983
T10_d08_445_b_1.jpg,T10_445,1,revisar,area de defecto dudosa (100%),True,0.984,3,0.181,0.2403,1.0
T10_d08_446_a_2.jpg,T10_446,2,auto,,False,0.979,1,0.89,0.0703,0.0
T10_d08_446_b_2.jpg,T10_446,2,revisar,area de defecto dudosa (100%),True,0.98,1,0.16,0.0117,1.0
T10_d08_447_a_2.jpg,T10_447,2,auto,,False,0.981,1,0.724,0.0617,0.0
T10_d08_447_b_2.jpg,T10_447,2,revisar,area de defecto dudosa (100%),True,0.981,1,0.463,0.0558,1.0
T10_d08_448_a_4.jpg,T10_448,4,auto,,False,0.974,1,0.704,0.2841,0.0
T10_d08_448_b_4.jpg,T10_448,4,auto,,False,0.979,0,,0.0,0.0
T10_d08_449_a_1.jpg,T10_449,1,auto,,False,0.979,0,,0.0,0.0
T10_d08_454_a_2.jpg,T10_454,2,auto,,False,0.981,0,,0.0,0.0
T10_d08_454_b_2.jpg,T10_454,2,auto,,False,0.981,1,0.752,0.0374,0.0
T10_d08_458_a_1.jpg,T10_458,1,revisar,area de defecto dudosa (98%),True,0.979,2,0.197,0.045,0.984
T10_d08_458_b_1.jpg,T10_458,1,auto,,False,0.981,1,0.532,0.107,0.0
T10_d08_459_a_1.jpg,T10_459,1,revisar,area de defecto dudosa (100%),True,0.981,2,0.251,0.2522,1.0
T10_d08_459_b_1.jpg,T10_459,1,revisar,area de defecto dudosa (100%),True,0.978,2,0.205,0.0608,1.0
T10_d08_470_a_2.jpg,T10_470,2,revisar,area de defecto dudosa (100%),True,0.978,3,0.269,0.4993,1.0
T10_d08_470_b_2.jpg,T10_470,2,auto,,False,0.981,0,,0.0,0.0
T10_d08_475_a_1.jpg,T10_475,1,revisar,area de defecto dudosa (100%),True,0.976,2,0.22,0.0453,1.0
T10_d08_475_b_1.jpg,T10_475,1,revisar,area de defecto dudosa (100%),True,0.979,3,0.158,0.1945,1.0
T10_d09_002_b_2.jpg,T10_002,2,auto,,False,0.979,0,,0.0,0.0
T10_d09_003_a_2.jpg,T10_003,2,revisar,area de defecto dudosa (100%),True,0.981,3,0.21,0.6377,1.0
T10_d09_003_b_2.jpg,T10_003,2,auto,,True,0.981,0,,0.0,0.0
T10_d09_007_a_2.jpg,T10_007,2,auto,,False,0.979,1,0.643,0.0822,0.0
T10_d09_007_b_2.jpg,T10_007,2,auto,,False,0.975,2,0.245,0.113,0.182
T10_d09_011_a_2.jpg,T10_011,2,auto,,False,0.978,2,0.479,0.1227,0.157
T10_d09_011_b_2.jpg,T10_011,2,revisar,area de defecto dudosa (100%),True,0.978,1,0.271,0.0129,1.0
T10_d09_013_a_2.jpg,T10_013,2,auto,,False,0.979,0,,0.0,0.0
T10_d09_013_b_2.jpg,T10_013,2,auto,,False,0.978,0,,0.0,0.0
T10_d09_021_a_2.jpg,T10_021,2,auto,,False,0.979,0,,0.0,0.0
T10_d09_021_b_2.jpg,T10_021,2,auto,,False,0.978,1,0.693,0.0481,0.0
T10_d09_022_a_2.jpg,T10_022,2,auto,,False,0.981,0,,0.0,0.0
T10_d09_022_b_2.jpg,T10_022,2,revisar,area de defecto dudosa (100%),True,0.984,2,0.164,0.719,1.0
T10_d09_026_a_2.jpg,T10_026,2,revisar,area de defecto dudosa (100%),True,0.978,2,0.377,0.1689,1.0
T10_d09_026_b_2.jpg,T10_026,2,revisar,area de defecto dudosa (100%),True,0.974,4,0.2,0.3229,1.0
T10_d09_027_a_2.jpg,T10_027,2,auto,,False,0.98,0,,0.0,0.0
T10_d09_034_a_2.jpg,T10_034,2,revisar,area de defecto dudosa (100%),True,0.984,2,0.326,0.3481,1.0
T10_d09_046_a_2.jpg,T10_046,2,revisar,area de defecto dudosa (100%),True,0.979,2,0.191,0.0329,1.0
T10_d09_046_b_2.jpg,T10_046,2,revisar,area de defecto dudosa (80%),True,0.982,7,0.221,0.1446,0.798
T10_d09_047_a_2.jpg,T10_047,2,auto,,False,0.98,0,,0.0,0.0
T10_d09_047_b_2.jpg,T10_047,2,auto,,False,0.982,0,,0.0,0.0
T10_d09_048_b_2.jpg,T10_048,2,auto,,False,0.978,0,,0.0,0.0
T10_d09_055_a_2.jpg,T10_055,2,auto,,False,0.98,1,0.669,0.065,0.0
T10_d09_055_b_2.jpg,T10_055,2,revisar,area de defecto dudosa (100%),True,0.979,2,0.198,0.0323,1.0
T10_d09_061_b_2.jpg,T10_061,2,auto,,False,0.977,0,,0.0,0.0
T10_d09_067_a_2.jpg,T10_067,2,auto,,True,0.976,1,0.709,0.0301,0.0
T10_d09_067_b_2.jpg,T10_067,2,auto,,False,0.974,2,0.674,0.245,0.0
T10_d09_069_a_2.jpg,T10_069,2,revisar,area de defecto dudosa (100%),True,0.981,2,0.289,0.1043,1.0
T10_d09_069_b_2.jpg,T10_069,2,revisar,area de defecto dudosa (100%),True,0.981,2,0.197,0.111,1.0
T10_d09_083_a_2.jpg,T10_083,2,revisar,area de defecto dudosa (100%),True,0.978,4,0.176,0.0996,1.0
T10_d09_083_b_2.jpg,T10_083,2,revisar,area de defecto dudosa (100%),True,0.98,1,0.176,0.0189,1.0
T10_d09_089_a_2.jpg,T10_089,2,revisar,area de defecto dudosa (64%),True,0.98,2,0.442,0.0907,0.642
T10_d09_089_b_2.jpg,T10_089,2,auto,,False,0.979,2,0.708,0.0811,0.0
T10_d09_093_a_2.jpg,T10_093,2,revisar,area de defecto dudosa (100%),True,0.982,1,0.332,0.0155,1.0
T10_d09_093_b_2.jpg,T10_093,2,revisar,area de defecto dudosa (100%),True,0.983,2,0.368,0.0782,1.0
T10_d09_094_a_2.jpg,T10_094,2,revisar,area de defecto dudosa (99%),True,0.983,2,0.231,0.1624,0.986
T10_d09_094_b_2.jpg,T10_094,2,revisar,area de defecto dudosa (100%),True,0.982,1,0.371,0.0335,1.0
T10_d09_096_a_2.jpg,T10_096,2,auto,,False,0.98,1,0.833,0.1617,0.0
T10_d09_096_b_2.jpg,T10_096,2,revisar,area de defecto dudosa (100%),True,0.98,2,0.236,0.0788,1.0
T10_d09_097_a_2.jpg,T10_097,2,revisar,area de defecto dudosa (100%),True,0.978,3,0.182,0.1415,1.0
T10_d09_097_b_2.jpg,T10_097,2,revisar,area de defecto dudosa (100%),True,0.983,4,0.186,0.7965,1.0
T10_d09_098_a_2.jpg,T10_098,2,revisar,area de defecto dudosa (100%),True,0.977,1,0.199,0.0158,1.0
T10_d09_098_b_2.jpg,T10_098,2,revisar,area de defecto dudosa (100%),True,0.981,1,0.373,0.0451,1.0
T10_d09_099_a_2.jpg,T10_099,2,auto,,False,0.98,0,,0.0,0.0
T10_d09_099_b_2.jpg,T10_099,2,revisar,area de defecto dudosa (100%),True,0.981,1,0.354,0.022,1.0
T10_d09_108_a_2.jpg,T10_108,2,auto,,False,0.976,1,0.58,0.031,0.0
T10_d09_108_b_2.jpg,T10_108,2,revisar,area de defecto dudosa (100%),True,0.981,1,0.207,0.0214,1.0
T10_d09_110_b_2.jpg,T10_110,2,revisar,area de defecto dudosa (100%),True,0.979,1,0.483,0.0748,1.0
T10_d09_113_b_2.jpg,T10_113,2,auto,,False,0.98,0,,0.0,0.0
T10_d09_118_b_2.jpg,T10_118,2,auto,,False,0.98,0,,0.0,0.0
T10_d09_122_a_2.jpg,T10_122,2,revisar,area de defecto dudosa (100%),True,0.977,4,0.153,0.2451,1.0
T10_d09_122_b_2.jpg,T10_122,2,auto,,False,0.98,2,0.202,0.0308,0.304
T10_d09_125_a_2.jpg,T10_125,2,auto,,False,0.98,0,,0.0,0.0
T10_d09_125_b_2.jpg,T10_125,2,revisar,area de defecto dudosa (100%),True,0.979,1,0.224,0.0428,1.0
T10_d09_128_a_2.jpg,T10_128,2,revisar,area de defecto dudosa (100%),True,0.98,3,0.155,0.3905,1.0
T10_d09_128_b_2.jpg,T10_128,2,revisar,area de defecto dudosa (100%),True,0.979,3,0.166,0.175,1.0
T10_d09_129_b_2.jpg,T10_129,2,revisar,area de defecto dudosa (56%),True,0.983,2,0.196,0.0623,0.556
T10_d09_131_a_2.jpg,T10_131,2,revisar,area de defecto dudosa (100%),True,0.98,3,0.157,0.6953,1.0
T10_d09_131_b_2.jpg,T10_131,2,revisar,area de defecto dudosa (100%),True,0.98,1,0.154,0.037,1.0
T10_d09_133_a_2.jpg,T10_133,2,auto,,False,0.977,1,0.596,0.1883,0.0
T10_d09_133_b_2.jpg,T10_133,2,auto,,False,0.982,1,0.749,0.0511,0.0
T10_d09_138_b_2.jpg,T10_138,2,revisar,area de defecto dudosa (100%),True,0.979,4,0.24,0.1288,1.0
T10_d09_145_a_2.jpg,T10_145,2,revisar,area de defecto dudosa (100%),True,0.977,3,0.261,0.2336,1.0
T10_d09_145_b_2.jpg,T10_145,2,revisar,area de defecto dudosa (100%),True,0.978,4,0.157,0.1907,1.0
T10_d09_148_a_2.jpg,T10_148,2,auto,,False,0.981,1,0.801,0.0694,0.0
T10_d09_148_b_2.jpg,T10_148,2,revisar,area de defecto dudosa (100%),True,0.977,2,0.315,0.194,1.0
T10_d09_149_a_2.jpg,T10_149,2,auto,,False,0.977,1,0.593,0.303,0.0
T10_d09_149_b_2.jpg,T10_149,2,revisar,area de defecto dudosa (100%),True,0.977,1,0.432,0.2355,1.0
T10_d09_152_a_2.jpg,T10_152,2,revisar,area de defecto dudosa (96%),True,0.979,2,0.162,0.3346,0.955
T10_d09_152_b_2.jpg,T10_152,2,revisar,area de defecto dudosa (66%),True,0.98,2,0.303,0.0566,0.665
T10_d09_156_a_2.jpg,T10_156,2,revisar,area de defecto dudosa (100%),True,0.982,2,0.208,0.0272,1.0
T10_d09_156_b_2.jpg,T10_156,2,revisar,area de defecto dudosa (100%),True,0.982,2,0.18,0.125,0.999
T10_d09_163_a_2.jpg,T10_163,2,auto,,False,0.979,1,0.775,0.308,0.0
T10_d09_163_b_2.jpg,T10_163,2,auto,,False,0.979,1,0.711,0.1737,0.0
T10_d09_165_a_2.jpg,T10_165,2,auto,,False,0.978,1,0.682,0.0645,0.0
T10_d09_165_b_2.jpg,T10_165,2,auto,,False,0.98,1,0.807,0.0432,0.0
T10_d09_166_a_2.jpg,T10_166,2,auto,,False,0.981,0,,0.0,0.0
T10_d09_166_b_2.jpg,T10_166,2,revisar,area de defecto dudosa (88%),True,0.98,2,0.202,0.2492,0.876
T10_d09_167_a_2.jpg,T10_167,2,auto,,False,0.981,1,0.664,0.0183,0.0
T10_d09_167_b_2.jpg,T10_167,2,revisar,area de defecto dudosa (100%),True,0.98,3,0.195,0.2568,1.0
T10_d09_168_a_2.jpg,T10_168,2,revisar,area de defecto dudosa (100%),True,0.981,3,0.179,0.0655,1.0
T10_d09_168_b_2.jpg,T10_168,2,revisar,area de defecto dudosa (100%),True,0.982,2,0.252,0.3377,1.0
T10_d09_172_a_2.jpg,T10_172,2,revisar,area de defecto dudosa (100%),True,0.975,6,0.158,0.2623,1.0
T10_d09_172_b_2.jpg,T10_172,2,revisar,area de defecto dudosa (100%),True,0.977,5,0.162,0.2488,1.0
T10_d09_181_a_2.jpg,T10_181,2,auto,,False,0.98,1,0.55,0.1234,0.0
T10_d09_181_b_2.jpg,T10_181,2,revisar,area de defecto dudosa (100%),True,0.981,1,0.207,0.0173,1.0
T10_d09_193_a_2.jpg,T10_193,2,revisar,defecto rectangular; defecto rectangular; area de defecto dudosa (100%),True,0.98,3,0.211,0.8463,1.0
T10_d09_193_b_2.jpg,T10_193,2,auto,,False,0.981,0,,0.0,0.0
T10_d09_194_a_2.jpg,T10_194,2,revisar,area de defecto dudosa (100%),True,0.978,2,0.349,0.085,1.0
T10_d09_194_b_2.jpg,T10_194,2,revisar,area de defecto dudosa (100%),True,0.98,3,0.177,0.2104,1.0
T10_d09_196_a_2.jpg,T10_196,2,auto,,False,0.982,0,,0.0,0.0
T10_d09_202_a_3.jpg,T10_202,3,revisar,area de defecto dudosa (100%),True,0.982,1,0.44,0.0191,1.0
T10_d09_204_a_2.jpg,T10_204,2,auto,,False,0.979,0,,0.0,0.0
T10_d09_204_b_2.jpg,T10_204,2,revisar,area de defecto dudosa (100%),True,0.977,4,0.168,0.0686,1.0
T10_d09_206_a_2.jpg,T10_206,2,revisar,area de defecto dudosa (100%),True,0.979,2,0.206,0.1043,1.0
T10_d09_211_b_2.jpg,T10_211,2,auto,,False,0.978,1,0.763,0.1609,0.0
T10_d09_213_a_2.jpg,T10_213,2,auto,,False,0.98,0,,0.0,0.0
T10_d09_213_b_2.jpg,T10_213,2,revisar,area de defecto dudosa (100%),True,0.98,3,0.171,0.376,1.0
T10_d09_215_a_2.jpg,T10_215,2,revisar,area de defecto dudosa (100%),True,0.978,1,0.156,0.3431,1.0
T10_d09_215_b_2.jpg,T10_215,2,revisar,area de defecto dudosa (100%),True,0.979,2,0.331,0.0637,1.0
T10_d09_217_a_2.jpg,T10_217,2,auto,,False,0.983,1,0.753,0.1313,0.0
T10_d09_217_b_2.jpg,T10_217,2,auto,,False,0.983,0,,0.0,0.0
T10_d09_221_a_2.jpg,T10_221,2,auto,,False,0.981,0,,0.0,0.0
T10_d09_221_b_2.jpg,T10_221,2,revisar,area de defecto dudosa (100%),True,0.982,2,0.297,0.1255,1.0
T10_d09_223_a_2.jpg,T10_223,2,auto,,False,0.98,3,0.15,0.102,0.436
T10_d09_223_b_2.jpg,T10_223,2,auto,,False,0.981,0,,0.0,0.0
T10_d09_227_a_5.jpg,T10_227,5,revisar,area de defecto dudosa (100%),True,0.978,2,0.211,0.0673,1.0
T10_d09_227_b_5.jpg,T10_227,5,auto,,True,0.981,0,,0.0,0.0
T10_d09_229_a_2.jpg,T10_229,2,revisar,area de defecto dudosa (51%),True,0.977,2,0.167,0.1991,0.505
T10_d09_229_b_2.jpg,T10_229,2,auto,,False,0.979,0,,0.0,0.0
T10_d09_233_a_3.jpg,T10_233,3,revisar,area de defecto dudosa (100%),True,0.981,1,0.335,0.1057,1.0
T10_d09_233_b_3.jpg,T10_233,3,auto,,False,0.981,0,,0.0,0.0
T10_d09_234_a_2.jpg,T10_234,2,revisar,area de defecto dudosa (100%),True,0.976,2,0.226,0.0359,1.0
T10_d09_234_b_2.jpg,T10_234,2,auto,,False,0.974,1,0.625,0.083,0.0
T10_d09_236_a_2.jpg,T10_236,2,revisar,area de defecto dudosa (100%),True,0.979,2,0.186,0.0549,1.0
T10_d09_237_a_2.jpg,T10_237,2,auto,,False,0.98,1,0.716,0.1562,0.0
T10_d09_237_b_2.jpg,T10_237,2,revisar,area de defecto dudosa (82%),True,0.977,4,0.168,0.2433,0.816
T10_d09_243_a_2.jpg,T10_243,2,auto,,False,0.981,0,,0.0,0.0
T10_d09_243_b_2.jpg,T10_243,2,revisar,area de defecto dudosa (100%),True,0.98,1,0.457,0.4427,1.0
T10_d09_245_a_2.jpg,T10_245,2,auto,,False,0.978,1,0.789,0.1282,0.0
T10_d09_245_b_2.jpg,T10_245,2,revisar,area de defecto dudosa (100%),True,0.982,1,0.157,0.078,1.0
T10_d09_250_a_2.jpg,T10_250,2,revisar,area de defecto dudosa (100%),True,0.978,2,0.225,0.0489,1.0
T10_d09_250_b_2.jpg,T10_250,2,auto,,False,0.981,1,0.679,0.0711,0.0
T10_d09_252_a_2.jpg,T10_252,2,revisar,area de defecto dudosa (100%),True,0.983,3,0.188,0.1834,1.0
T10_d09_262_a_2.jpg,T10_262,2,revisar,area de defecto dudosa (100%),True,0.979,2,0.152,0.0108,1.0
T10_d09_262_b_2.jpg,T10_262,2,revisar,area de defecto dudosa (100%),True,0.982,1,0.168,0.0262,1.0
T10_d09_266_a_2.jpg,T10_266,2,revisar,area de defecto dudosa (100%),True,0.98,2,0.314,0.135,1.0
T10_d09_266_b_2.jpg,T10_266,2,auto,,False,0.979,1,0.717,0.0584,0.0
T10_d09_269_a_2.jpg,T10_269,2,auto,,False,0.979,1,0.694,0.0825,0.0
T10_d09_269_b_2.jpg,T10_269,2,auto,,False,0.977,1,0.821,0.0314,0.0
T10_d09_274_a_2.jpg,T10_274,2,auto,,False,0.98,0,,0.0,0.0
T10_d09_274_b_2.jpg,T10_274,2,auto,,False,0.978,1,0.588,0.2375,0.0
T10_d09_276_a_2.jpg,T10_276,2,revisar,area de defecto dudosa (100%),True,0.98,1,0.33,0.0283,1.0
T10_d09_282_a_2.jpg,T10_282,2,auto,,False,0.981,0,,0.0,0.0
T10_d09_282_b_2.jpg,T10_282,2,auto,,False,0.978,1,0.504,0.0779,0.0
T10_d09_283_a_3.jpg,T10_283,3,revisar,area de defecto dudosa (100%),True,0.979,1,0.33,0.4932,1.0
T10_d09_283_b_3.jpg,T10_283,3,auto,,False,0.98,0,,0.0,0.0
T10_d09_284_b_2.jpg,T10_284,2,auto,,False,0.975,0,,0.0,0.0
T10_d09_290_a_3.jpg,T10_290,3,revisar,area de defecto dudosa (100%),True,0.976,3,0.175,0.7518,1.0
T10_d09_290_b_3.jpg,T10_290,3,revisar,area de defecto dudosa (100%),True,0.976,2,0.247,0.2685,1.0
T10_d09_294_a_3.jpg,T10_294,3,revisar,area de defecto dudosa (100%),True,0.978,3,0.19,0.1813,1.0
T10_d09_294_b_3.jpg,T10_294,3,revisar,area de defecto dudosa (68%),True,0.979,3,0.26,0.2184,0.684
T10_d09_295_a_2.jpg,T10_295,2,auto,,False,0.982,1,0.647,0.1398,0.0
T10_d09_296_a_2.jpg,T10_296,2,revisar,area de defecto dudosa (100%),True,0.979,2,0.448,0.2869,1.0
T10_d09_296_b_2.jpg,T10_296,2,auto,,False,0.981,0,,0.0,0.0
T10_d09_306_a_2.jpg,T10_306,2,auto,,False,0.981,0,,0.0,0.0
T10_d09_306_b_2.jpg,T10_306,2,auto,,False,0.979,0,,0.0,0.0
T10_d09_314_a_2.jpg,T10_314,2,auto,,False,0.98,0,,0.0,0.0
T10_d09_314_b_2.jpg,T10_314,2,revisar,area de defecto dudosa (88%),True,0.98,4,0.182,0.4179,0.88
T10_d09_315_a_2.jpg,T10_315,2,auto,,False,0.977,0,,0.0,0.0
T10_d09_315_b_2.jpg,T10_315,2,revisar,area de defecto dudosa (100%),True,0.976,2,0.244,0.112,1.0
T10_d09_325_a_2.jpg,T10_325,2,auto,,False,0.979,0,,0.0,0.0
T10_d09_325_b_2.jpg,T10_325,2,revisar,area de defecto dudosa (100%),True,0.978,1,0.218,0.0394,1.0
T10_d09_326_a_2.jpg,T10_326,2,revisar,area de defecto dudosa (100%),True,0.979,5,0.151,0.2666,1.0
T10_d09_327_a_2.jpg,T10_327,2,auto,,False,0.975,0,,0.0,0.0
T10_d09_327_b_2.jpg,T10_327,2,auto,,False,0.98,0,,0.0,0.0
T10_d09_328_a_2.jpg,T10_328,2,revisar,area de defecto dudosa (100%),True,0.981,2,0.177,0.0136,1.0
T10_d09_328_b_2.jpg,T10_328,2,revisar,area de defecto dudosa (100%),True,0.979,1,0.319,0.0139,1.0
T10_d09_330_a_2.jpg,T10_330,2,auto,,False,0.977,0,,0.0,0.0
T10_d09_330_b_2.jpg,T10_330,2,auto,,False,0.978,0,,0.0,0.0
T10_d09_333_a_2.jpg,T10_333,2,revisar,area de defecto dudosa (95%),True,0.984,2,0.382,0.0232,0.947
T10_d09_333_b_2.jpg,T10_333,2,revisar,area de defecto dudosa (100%),True,0.981,2,0.242,0.0922,1.0
T10_d09_336_a_2.jpg,T10_336,2,revisar,area de defecto dudosa (100%),True,0.982,2,0.211,0.6164,1.0
T10_d09_336_b_2.jpg,T10_336,2,revisar,area de defecto dudosa (100%),True,0.979,2,0.156,0.0444,1.0
T10_d09_337_a_2.jpg,T10_337,2,auto,,False,0.977,0,,0.0,0.0
T10_d09_337_b_2.jpg,T10_337,2,revisar,area de defecto dudosa (100%),True,0.975,2,0.197,0.1718,1.0
T10_d09_338_a_2.jpg,T10_338,2,auto,,False,0.981,0,,0.0,0.0
T10_d09_338_b_2.jpg,T10_338,2,revisar,area de defecto dudosa (83%),True,0.978,3,0.16,0.1658,0.832
T10_d09_349_a_2.jpg,T10_349,2,auto,,False,0.982,0,,0.0,0.0
T10_d09_349_b_2.jpg,T10_349,2,auto,,False,0.985,0,,0.0,0.0
T10_d09_350_a_2.jpg,T10_350,2,auto,,False,0.979,1,0.903,0.0449,0.0
T10_d09_350_b_2.jpg,T10_350,2,auto,,False,0.981,0,,0.0,0.0
T10_d09_351_a_2.jpg,T10_351,2,revisar,area de defecto dudosa (100%),True,0.976,1,0.302,0.1816,1.0
T10_d09_351_b_2.jpg,T10_351,2,revisar,area de defecto dudosa (100%),True,0.977,2,0.201,0.0519,1.0
T10_d09_355_a_2.jpg,T10_355,2,revisar,area de defecto dudosa (100%),True,0.982,2,0.33,0.0494,1.0
T10_d09_355_b_2.jpg,T10_355,2,revisar,area de defecto dudosa (100%),True,0.979,1,0.3,0.0327,1.0
T10_d09_357_a_2.jpg,T10_357,2,revisar,area de defecto dudosa (99%),True,0.978,3,0.286,0.2161,0.99
T10_d09_357_b_2.jpg,T10_357,2,revisar,area de defecto dudosa (100%),True,0.981,3,0.183,0.2474,1.0
T10_d09_365_a_2.jpg,T10_365,2,revisar,area de defecto dudosa (100%),True,0.977,1,0.496,0.0263,1.0
T10_d09_365_b_2.jpg,T10_365,2,revisar,area de defecto dudosa (100%),True,0.975,2,0.193,0.0458,1.0
T10_d09_366_a_2.jpg,T10_366,2,auto,,False,0.979,1,0.757,0.1001,0.0
T10_d09_366_b_2.jpg,T10_366,2,revisar,area de defecto dudosa (100%),True,0.981,1,0.35,0.028,1.0
T10_d09_367_a_2.jpg,T10_367,2,revisar,area de defecto dudosa (100%),True,0.979,2,0.302,0.1822,1.0
T10_d09_367_b_2.jpg,T10_367,2,revisar,area de defecto dudosa (100%),True,0.978,2,0.192,0.1088,1.0
T10_d09_372_a_2.jpg,T10_372,2,revisar,area de defecto dudosa (94%),True,0.98,4,0.241,0.0967,0.942
T10_d09_372_b_2.jpg,T10_372,2,revisar,area de defecto dudosa (100%),True,0.977,4,0.279,0.1052,1.0
T10_d09_376_b_2.jpg,T10_376,2,revisar,defecto rectangular,True,0.976,1,0.556,0.4389,0.0
T10_d09_377_a_2.jpg,T10_377,2,revisar,area de defecto dudosa (100%),True,0.976,1,0.203,0.3835,1.0
T10_d09_377_b_2.jpg,T10_377,2,auto,,False,0.98,1,0.598,0.0239,0.0
T10_d09_381_a_2.jpg,T10_381,2,auto,,False,0.979,0,,0.0,0.0
T10_d09_381_b_2.jpg,T10_381,2,revisar,area de defecto dudosa (100%),True,0.982,1,0.257,0.0301,1.0
T10_d09_382_a_2.jpg,T10_382,2,auto,,False,0.981,1,0.804,0.1054,0.0
T10_d09_382_b_2.jpg,T10_382,2,revisar,area de defecto dudosa (100%),True,0.981,2,0.305,0.2119,1.0
T10_d09_387_a_2.jpg,T10_387,2,revisar,area de defecto dudosa (100%),True,0.984,3,0.195,0.4259,1.0
T10_d09_387_b_2.jpg,T10_387,2,revisar,area de defecto dudosa (100%),True,0.979,3,0.166,0.1919,1.0
T10_d09_400_a_2.jpg,T10_400,2,revisar,area de defecto dudosa (67%),True,0.978,5,0.189,0.1948,0.673
T10_d09_400_b_2.jpg,T10_400,2,auto,,False,0.978,1,0.607,0.0263,0.0
T10_d09_401_a_2.jpg,T10_401,2,revisar,area de defecto dudosa (100%),True,0.977,2,0.205,0.1532,1.0
T10_d09_401_b_2.jpg,T10_401,2,revisar,area de defecto dudosa (100%),True,0.98,2,0.308,0.1048,1.0
T10_d09_405_a_2.jpg,T10_405,2,auto,,False,0.98,1,0.54,0.0588,0.0
T10_d09_405_b_2.jpg,T10_405,2,revisar,area de defecto dudosa (100%),True,0.984,1,0.371,0.0142,1.0
T10_d09_408_a_2.jpg,T10_408,2,auto,,False,0.981,0,,0.0,0.0
T10_d09_410_a_2.jpg,T10_410,2,auto,,False,0.978,1,0.736,0.0255,0.0
T10_d09_413_a_2.jpg,T10_413,2,auto,,False,0.977,1,0.88,0.0988,0.0
T10_d09_413_b_2.jpg,T10_413,2,auto,,False,0.982,0,,0.0,0.0
T10_d09_414_a_2.jpg,T10_414,2,auto,,False,0.975,1,0.761,0.2306,0.0
T10_d09_415_a_2.jpg,T10_415,2,auto,,False,0.98,0,,0.0,0.0
T10_d09_420_a_2.jpg,T10_420,2,revisar,area de defecto dudosa (100%),True,0.981,4,0.214,0.118,1.0
T10_d09_420_b_2.jpg,T10_420,2,auto,,False,0.981,2,0.24,0.0205,0.264
T10_d09_422_a_2.jpg,T10_422,2,auto,,False,0.982,1,0.84,0.0339,0.0
T10_d09_422_b_2.jpg,T10_422,2,revisar,area de defecto dudosa (99%),True,0.976,2,0.303,0.1205,0.987
T10_d09_425_a_2.jpg,T10_425,2,auto,,False,0.984,0,,0.0,0.0
T10_d09_429_a_2.jpg,T10_429,2,revisar,area de defecto dudosa (100%),True,0.979,1,0.168,0.0676,1.0
T10_d09_429_b_2.jpg,T10_429,2,revisar,area de defecto dudosa (100%),True,0.977,5,0.188,0.3568,1.0
T10_d09_442_b_2.jpg,T10_442,2,auto,,False,0.981,1,0.704,0.0193,0.0
T10_d09_444_a_3.jpg,T10_444,3,auto,,False,0.981,0,,0.0,0.0
T10_d09_444_b_3.jpg,T10_444,3,auto,,False,0.98,0,,0.0,0.0
T10_d09_445_b_2.jpg,T10_445,2,auto,,False,0.982,1,0.761,0.0247,0.0
T10_d09_446_b_2.jpg,T10_446,2,revisar,area de defecto dudosa (100%),True,0.976,1,0.42,0.0512,1.0
T10_d09_447_a_2.jpg,T10_447,2,auto,,False,0.983,1,0.755,0.0905,0.0
T10_d09_447_b_2.jpg,T10_447,2,auto,,False,0.979,1,0.545,0.0566,0.0
T10_d09_448_b_4.jpg,T10_448,4,auto,,False,0.983,0,,0.0,0.0
T10_d09_449_a_2.jpg,T10_449,2,auto,,False,0.981,0,,0.0,0.0
T10_d09_449_b_2.jpg,T10_449,2,revisar,area de defecto dudosa (100%),True,0.98,5,0.237,0.1149,0.999
T10_d09_454_a_2.jpg,T10_454,2,revisar,area de defecto dudosa (100%),True,0.981,1,0.193,0.0092,1.0
T10_d09_454_b_2.jpg,T10_454,2,auto,,False,0.981,1,0.65,0.0413,0.0
T10_d09_458_b_2.jpg,T10_458,2,revisar,area de defecto dudosa (100%),True,0.981,2,0.257,0.123,0.999
T10_d09_459_a_2.jpg,T10_459,2,revisar,area de defecto dudosa (100%),True,0.979,2,0.202,0.2351,1.0
T10_d09_459_b_2.jpg,T10_459,2,revisar,area de defecto dudosa (100%),True,0.978,2,0.192,0.0605,1.0
T10_d09_470_a_3.jpg,T10_470,3,revisar,area de defecto dudosa (100%),True,0.98,4,0.166,0.5713,1.0
T10_d09_470_b_3.jpg,T10_470,3,auto,,False,0.978,0,,0.0,0.0
T10_d09_475_a_2.jpg,T10_475,2,auto,,False,0.979,1,0.636,0.0232,0.0
T10_d09_475_b_2.jpg,T10_475,2,revisar,area de defecto dudosa (100%),True,0.975,3,0.154,0.1464,1.0
T10_d10_002_a_2.jpg,T10_002,2,auto,,False,0.978,0,,0.0,0.0
T10_d10_002_b_2.jpg,T10_002,2,auto,,False,0.976,0,,0.0,0.0
T10_d10_003_b_3.jpg,T10_003,3,auto,,False,0.98,0,,0.0,0.0
T10_d10_007_a_3.jpg,T10_007,3,auto,,False,0.977,1,0.593,0.0718,0.0
T10_d10_007_b_3.jpg,T10_007,3,revisar,area de defecto dudosa (100%),True,0.973,2,0.281,0.0913,1.0
T10_d10_011_a_2.jpg,T10_011,2,auto,,False,0.978,2,0.275,0.1369,0.105
T10_d10_011_b_2.jpg,T10_011,2,auto,,False,0.981,0,,0.0,0.0
T10_d10_013_a_2.jpg,T10_013,2,auto,,False,0.976,0,,0.0,0.0
T10_d10_013_b_2.jpg,T10_013,2,auto,,False,0.974,0,,0.0,0.0
T10_d10_021_a_2.jpg,T10_021,2,auto,,False,0.978,0,,0.0,0.0
T10_d10_022_a_2.jpg,T10_022,2,auto,,False,0.984,0,,0.0,0.0
T10_d10_022_b_2.jpg,T10_022,2,revisar,area de defecto dudosa (100%),True,0.984,3,0.199,0.6824,1.0
T10_d10_026_a_3.jpg,T10_026,3,revisar,area de defecto dudosa (100%),True,0.972,2,0.264,0.2113,1.0
T10_d10_026_b_3.jpg,T10_026,3,revisar,area de defecto dudosa (100%),True,0.973,2,0.188,0.3401,1.0
T10_d10_027_a_2.jpg,T10_027,2,auto,,False,0.982,0,,0.0,0.0
T10_d10_027_b_2.jpg,T10_027,2,revisar,area de defecto dudosa (87%),True,0.979,5,0.154,0.1276,0.875
T10_d10_034_a_3.jpg,T10_034,3,revisar,area de defecto dudosa (51%),True,0.98,2,0.197,0.2898,0.512
T10_d10_034_b_3.jpg,T10_034,3,revisar,area de defecto dudosa (100%),True,0.981,2,0.325,0.1774,1.0
T10_d10_046_a_2.jpg,T10_046,2,revisar,area de defecto dudosa (100%),True,0.982,1,0.367,0.0288,1.0
T10_d10_046_b_2.jpg,T10_046,2,revisar,area de defecto dudosa (68%),True,0.979,2,0.4,0.1679,0.682
T10_d10_047_a_2.jpg,T10_047,2,auto,,False,0.981,0,,0.0,0.0
T10_d10_047_b_2.jpg,T10_047,2,auto,,False,0.982,0,,0.0,0.0
T10_d10_048_a_3.jpg,T10_048,3,auto,,False,0.98,0,,0.0,0.0
T10_d10_048_b_3.jpg,T10_048,3,auto,,False,0.98,0,,0.0,0.0
T10_d10_055_a_2.jpg,T10_055,2,auto,,False,0.981,1,0.745,0.0601,0.0
T10_d10_055_b_2.jpg,T10_055,2,auto,,False,0.982,2,0.279,0.059,0.392
T10_d10_061_a_3.jpg,T10_061,3,revisar,area de defecto dudosa (100%),True,0.977,4,0.15,0.4848,1.0
T10_d10_061_b_3.jpg,T10_061,3,auto,,False,0.979,0,,0.0,0.0
T10_d10_067_a_2.jpg,T10_067,2,revisar,area de defecto dudosa (90%),True,0.974,2,0.263,0.0208,0.9
T10_d10_067_b_2.jpg,T10_067,2,revisar,area de defecto dudosa (84%),True,0.974,3,0.168,0.2086,0.838
T10_d10_069_a_3.jpg,T10_069,3,auto,,False,0.981,1,0.78,0.0693,0.0
T10_d10_069_b_3.jpg,T10_069,3,revisar,area de defecto dudosa (100%),True,0.977,3,0.249,0.0779,1.0
T10_d10_083_a_2.jpg,T10_083,2,revisar,area de defecto dudosa (100%),True,0.982,4,0.199,0.0886,1.0
T10_d10_083_b_2.jpg,T10_083,2,auto,,False,0.983,0,,0.0,0.0
T10_d10_089_a_2.jpg,T10_089,2,revisar,area de defecto dudosa (61%),True,0.978,4,0.178,0.1545,0.608
T10_d10_089_b_2.jpg,T10_089,2,auto,,False,0.977,2,0.568,0.103,0.0
T10_d10_093_b_3.jpg,T10_093,3,revisar,area de defecto dudosa (100%),True,0.982,2,0.188,0.0944,0.998
T10_d10_094_a_2.jpg,T10_094,2,revisar,area de defecto dudosa (100%),True,0.982,2,0.222,0.146,1.0
T10_d10_094_b_2.jpg,T10_094,2,auto,,False,0.983,0,,0.0,0.0
T10_d10_096_a_2.jpg,T10_096,2,auto,,False,0.979,1,0.778,0.1484,0.0
T10_d10_096_b_2.jpg,T10_096,2,revisar,area de defecto dudosa (91%),True,0.979,4,0.155,0.0796,0.906
T10_d10_097_a_2.jpg,T10_097,2,auto,,False,0.979,2,0.477,0.1233,0.483
T10_d10_097_b_2.jpg,T10_097,2,revisar,area de defecto dudosa (100%),True,0.981,3,0.222,0.637,1.0
T10_d10_098_a_2.jpg,T10_098,2,revisar,area de defecto dudosa (100%),True,0.982,2,0.153,0.0481,1.0
T10_d10_098_b_2.jpg,T10_098,2,auto,,False,0.983,1,0.527,0.0441,0.0
T10_d10_099_a_3.jpg,T10_099,3,auto,,False,0.978,0,,0.0,0.0
T10_d10_099_b_3.jpg,T10_099,3,auto,,False,0.98,0,,0.0,0.0
T10_d10_108_a_2.jpg,T10_108,2,auto,,False,0.974,1,0.555,0.0499,0.0
T10_d10_108_b_2.jpg,T10_108,2,auto,,False,0.981,0,,0.0,0.0
T10_d10_110_a_2.jpg,T10_110,2,revisar,area de defecto dudosa (100%),True,0.979,2,0.16,0.1333,1.0
T10_d10_110_b_2.jpg,T10_110,2,auto,,False,0.979,2,0.35,0.1017,0.293
T10_d10_113_a_2.jpg,T10_113,2,auto,,False,0.981,1,0.845,0.0756,0.0
T10_d10_113_b_2.jpg,T10_113,2,auto,,False,0.983,0,,0.0,0.0
T10_d10_118_a_2.jpg,T10_118,2,revisar,area de defecto dudosa (100%),True,0.98,4,0.159,0.2677,1.0
T10_d10_118_b_2.jpg,T10_118,2,auto,,False,0.982,0,,0.0,0.0
T10_d10_122_a_3.jpg,T10_122,3,revisar,area de defecto dudosa (100%),True,0.978,2,0.228,0.0855,1.0
T10_d10_122_b_3.jpg,T10_122,3,auto,,False,0.979,1,0.596,0.0184,0.0
T10_d10_125_a_2.jpg,T10_125,2,auto,,False,0.981,0,,0.0,0.0
T10_d10_125_b_2.jpg,T10_125,2,revisar,area de defecto dudosa (100%),True,0.981,1,0.156,0.0148,1.0
T10_d10_128_a_2.jpg,T10_128,2,revisar,area de defecto dudosa (100%),True,0.98,3,0.172,0.3824,1.0
T10_d10_128_b_2.jpg,T10_128,2,revisar,area de defecto dudosa (56%),True,0.98,4,0.155,0.122,0.557
T10_d10_129_a_2.jpg,T10_129,2,auto,,False,0.98,1,0.596,0.0149,0.0
T10_d10_129_b_2.jpg,T10_129,2,auto,,False,0.98,1,0.658,0.0294,0.0
T10_d10_130_a_3.jpg,T10_130,3,revisar,area de defecto dudosa (100%),True,0.979,2,0.382,0.5017,1.0
T10_d10_130_b_3.jpg,T10_130,3,revisar,area de defecto dudosa (100%),True,0.978,1,0.164,0.5623,1.0
T10_d10_131_a_3.jpg,T10_131,3,revisar,area de defecto dudosa (100%),True,0.979,3,0.18,0.7022,1.0
T10_d10_131_b_3.jpg,T10_131,3,revisar,area de defecto dudosa (100%),True,0.978,1,0.236,0.0356,1.0
T10_d10_133_a_2.jpg,T10_133,2,revisar,area de defecto dudosa (100%),True,0.976,2,0.318,0.2055,1.0
T10_d10_133_b_2.jpg,T10_133,2,auto,,False,0.98,1,0.714,0.0594,0.0
T10_d10_138_a_2.jpg,T10_138,2,revisar,area de defecto dudosa (100%),True,0.978,1,0.187,0.0928,1.0
T10_d10_138_b_2.jpg,T10_138,2,revisar,area de defecto dudosa (96%),True,0.98,5,0.155,0.133,0.956
T10_d10_145_a_2.jpg,T10_145,2,revisar,area de defecto dudosa (100%),True,0.978,3,0.155,0.2205,1.0
T10_d10_145_b_2.jpg,T10_145,2,revisar,area de defecto dudosa (100%),True,0.976,3,0.151,0.1849,1.0
T10_d10_148_a_3.jpg,T10_148,3,auto,,False,0.978,1,0.803,0.1163,0.0
T10_d10_148_b_3.jpg,T10_148,3,revisar,area de defecto dudosa (100%),True,0.978,3,0.192,0.1712,1.0
T10_d10_149_a_2.jpg,T10_149,2,revisar,area de defecto dudosa (100%),True,0.978,2,0.203,0.3811,1.0
T10_d10_149_b_2.jpg,T10_149,2,revisar,area de defecto dudosa (100%),True,0.976,1,0.458,0.1387,1.0
T10_d10_152_a_2.jpg,T10_152,2,revisar,area de defecto dudosa (100%),True,0.978,3,0.157,0.1785,0.996
T10_d10_152_b_2.jpg,T10_152,2,auto,,False,0.979,1,0.52,0.0336,0.0
T10_d10_156_a_3.jpg,T10_156,3,revisar,area de defecto dudosa (100%),True,0.981,2,0.164,0.0307,1.0
T10_d10_156_b_3.jpg,T10_156,3,auto,,True,0.98,0,,0.0,0.0
T10_d10_163_a_2.jpg,T10_163,2,auto,,False,0.982,1,0.84,0.2512,0.0
T10_d10_163_b_2.jpg,T10_163,2,revisar,area de defecto dudosa (100%),True,0.983,2,0.334,0.1689,1.0
T10_d10_165_a_2.jpg,T10_165,2,revisar,area de defecto dudosa (77%),True,0.978,2,0.269,0.064,0.771
T10_d10_165_b_2.jpg,T10_165,2,auto,,False,0.979,1,0.734,0.0433,0.0
T10_d10_166_a_2.jpg,T10_166,2,auto,,False,0.977,0,,0.0,0.0
T10_d10_166_b_2.jpg,T10_166,2,auto,,False,0.98,0,,0.0,0.0
T10_d10_167_a_2.jpg,T10_167,2,revisar,area de defecto dudosa (100%),True,0.983,1,0.184,0.0086,1.0
T10_d10_167_b_2.jpg,T10_167,2,revisar,area de defecto dudosa (100%),True,0.981,1,0.166,0.165,1.0
T10_d10_168_a_3.jpg,T10_168,3,revisar,area de defecto dudosa (100%),True,0.98,1,0.413,0.0297,1.0
T10_d10_168_b_3.jpg,T10_168,3,revisar,area de defecto dudosa (100%),True,0.979,2,0.192,0.3738,1.0
T10_d10_172_b_2.jpg,T10_172,2,revisar,area de defecto dudosa (100%),True,0.977,2,0.259,0.0913,1.0
T10_d10_181_a_3.jpg,T10_181,3,revisar,area de defecto dudosa (100%),True,0.98,2,0.242,0.2428,1.0
T10_d10_181_b_3.jpg,T10_181,3,revisar,area de defecto dudosa (100%),True,0.98,1,0.22,0.0202,1.0
T10_d10_193_a_2.jpg,T10_193,2,revisar,defecto rectangular; area de defecto dudosa (100%),True,0.979,4,0.179,0.753,1.0
T10_d10_193_b_2.jpg,T10_193,2,auto,,False,0.979,0,,0.0,0.0
T10_d10_194_a_2.jpg,T10_194,2,revisar,area de defecto dudosa (100%),True,0.978,2,0.312,0.1073,1.0
T10_d10_194_b_2.jpg,T10_194,2,revisar,area de defecto dudosa (100%),True,0.981,2,0.193,0.2433,1.0
T10_d10_196_a_2.jpg,T10_196,2,auto,,False,0.979,0,,0.0,0.0
T10_d10_196_b_2.jpg,T10_196,2,revisar,area de defecto dudosa (100%),True,0.98,1,0.169,0.1967,1.0
T10_d10_202_a_3.jpg,T10_202,3,revisar,area de defecto dudosa (100%),True,0.978,2,0.282,0.0233,1.0
T10_d10_202_b_3.jpg,T10_202,3,revisar,area de defecto dudosa (100%),True,0.979,4,0.156,0.2843,1.0
T10_d10_204_a_2.jpg,T10_204,2,auto,,False,0.98,0,,0.0,0.0
T10_d10_204_b_2.jpg,T10_204,2,revisar,area de defecto dudosa (100%),True,0.979,2,0.198,0.1991,1.0
T10_d10_206_b_2.jpg,T10_206,2,auto,,False,0.979,1,0.643,0.0269,0.0
T10_d10_211_a_2.jpg,T10_211,2,auto,,False,0.978,1,0.739,0.038,0.0
T10_d10_211_b_2.jpg,T10_211,2,auto,,False,0.977,1,0.83,0.1603,0.0
T10_d10_213_a_2.jpg,T10_213,2,auto,,False,0.976,0,,0.0,0.0
T10_d10_213_b_2.jpg,T10_213,2,revisar,defecto rectangular; area de defecto dudosa (100%),True,0.979,3,0.151,0.421,1.0
T10_d10_215_a_2.jpg,T10_215,2,auto,,False,0.978,0,,0.0,0.0
T10_d10_215_b_2.jpg,T10_215,2,revisar,area de defecto dudosa (100%),True,0.98,1,0.244,0.0327,1.0
T10_d10_217_a_2.jpg,T10_217,2,auto,,False,0.983,1,0.808,0.1266,0.0
T10_d10_217_b_2.jpg,T10_217,2,auto,,False,0.983,0,,0.0,0.0
T10_d10_221_b_3.jpg,T10_221,3,auto,,False,0.979,1,0.794,0.0686,0.0
T10_d10_223_a_2.jpg,T10_223,2,revisar,area de defecto dudosa (70%),True,0.977,3,0.175,0.1253,0.698
T10_d10_223_b_2.jpg,T10_223,2,auto,,False,0.979,0,,0.0,0.0
T10_d10_227_a_5.jpg,T10_227,5,revisar,area de defecto dudosa (100%),True,0.978,4,0.156,0.1702,1.0
T10_d10_227_b_5.jpg,T10_227,5,auto,,False,0.978,0,,0.0,0.0
T10_d10_229_a_2.jpg,T10_229,2,auto,,False,0.979,1,0.847,0.0898,0.0
T10_d10_229_b_2.jpg,T10_229,2,auto,,False,0.977,0,,0.0,0.0
T10_d10_233_a_3.jpg,T10_233,3,revisar,area de defecto dudosa (100%),True,0.98,3,0.227,0.1156,1.0
T10_d10_233_b_3.jpg,T10_233,3,auto,,False,0.979,0,,0.0,0.0
T10_d10_234_a_3.jpg,T10_234,3,auto,,False,0.981,1,0.517,0.0381,0.0
T10_d10_234_b_3.jpg,T10_234,3,auto,,False,0.974,1,0.583,0.1245,0.0
T10_d10_236_b_2.jpg,T10_236,2,auto,,False,0.964,1,0.716,0.0779,0.0
T10_d10_237_a_3.jpg,T10_237,3,revisar,area de defecto dudosa (100%),True,0.985,2,0.364,0.1427,1.0
T10_d10_237_b_3.jpg,T10_237,3,revisar,area de defecto dudosa (100%),True,0.983,3,0.158,0.1454,1.0
T10_d10_243_b_2.jpg,T10_243,2,auto,,False,0.978,1,0.513,0.4259,0.0
T10_d10_245_a_3.jpg,T10_245,3,revisar,area de defecto dudosa (100%),True,0.979,2,0.33,0.1801,1.0
T10_d10_245_b_3.jpg,T10_245,3,auto,,False,0.977,0,,0.0,0.0
T10_d10_250_a_3.jpg,T10_250,3,revisar,area de defecto dudosa (100%),True,0.98,2,0.232,0.0497,1.0
T10_d10_250_b_3.jpg,T10_250,3,auto,,True,0.982,1,0.803,0.0696,0.0
T10_d10_252_b_2.jpg,T10_252,2,revisar,area de defecto dudosa (100%),True,0.979,5,0.158,0.0892,1.0
T10_d10_262_b_2.jpg,T10_262,2,auto,,False,0.98,1,0.728,0.0454,0.0
T10_d10_266_b_3.jpg,T10_266,3,auto,,False,0.978,1,0.671,0.0679,0.0
T10_d10_269_a_3.jpg,T10_269,3,auto,,False,0.977,1,0.716,0.0879,0.0
T10_d10_269_b_3.jpg,T10_269,3,auto,,False,0.977,1,0.894,0.0454,0.0
T10_d10_274_a_2.jpg,T10_274,2,auto,,False,0.981,0,,0.0,0.0
T10_d10_274_b_2.jpg,T10_274,2,auto,,False,0.978,1,0.786,0.2014,0.0
T10_d10_276_a_2.jpg,T10_276,2,revisar,area de defecto dudosa (100%),True,0.978,2,0.188,0.0457,1.0
T10_d10_276_b_2.jpg,T10_276,2,revisar,area de defecto dudosa (100%),True,0.978,4,0.162,0.0811,1.0
T10_d10_282_a_3.jpg,T10_282,3,revisar,area de defecto dudosa (100%),True,0.979,2,0.164,0.076,1.0
T10_d10_283_a_3.jpg,T10_283,3,revisar,area de defecto dudosa (100%),True,0.979,2,0.156,0.5939,1.0
T10_d10_283_b_3.jpg,T10_283,3,auto,,False,0.979,0,,0.0,0.0
T10_d10_284_a_3.jpg,T10_284,3,auto,,False,0.973,0,,0.0,0.0
T10_d10_284_b_3.jpg,T10_284,3,auto,,False,0.973,0,,0.0,0.0
T10_d10_290_a_4.jpg,T10_290,4,revisar,defecto rectangular; area de defecto dudosa (100%),True,0.978,4,0.192,0.8479,1.0
T10_d10_290_b_4.jpg,T10_290,4,revisar,area de defecto dudosa (100%),True,0.982,2,0.175,0.0989,1.0
T10_d10_294_a_4.jpg,T10_294,4,revisar,area de defecto dudosa (100%),True,0.981,3,0.224,0.3861,1.0
T10_d10_294_b_4.jpg,T10_294,4,revisar,area de defecto dudosa (100%),True,0.976,2,0.168,0.0717,1.0
T10_d10_295_a_3.jpg,T10_295,3,auto,,False,0.983,1,0.8,0.0875,0.0
T10_d10_295_b_3.jpg,T10_295,3,auto,,False,0.977,1,0.592,0.0372,0.0
T10_d10_296_a_2.jpg,T10_296,2,auto,,False,0.977,1,0.592,0.2771,0.0
T10_d10_296_b_2.jpg,T10_296,2,auto,,False,0.981,0,,0.0,0.0
T10_d10_306_a_3.jpg,T10_306,3,auto,,False,0.981,0,,0.0,0.0
T10_d10_306_b_3.jpg,T10_306,3,auto,,False,0.98,0,,0.0,0.0
T10_d10_314_a_2.jpg,T10_314,2,auto,,False,0.979,0,,0.0,0.0
T10_d10_314_b_2.jpg,T10_314,2,revisar,area de defecto dudosa (79%),True,0.982,4,0.173,0.3296,0.795
T10_d10_315_a_2.jpg,T10_315,2,auto,,False,0.973,0,,0.0,0.0
T10_d10_315_b_2.jpg,T10_315,2,revisar,area de defecto dudosa (100%),True,0.975,2,0.305,0.1058,1.0
T10_d10_326_a_2.jpg,T10_326,2,revisar,area de defecto dudosa (100%),True,0.979,4,0.174,0.1305,0.998
T10_d10_326_b_2.jpg,T10_326,2,revisar,area de defecto dudosa (100%),True,0.98,2,0.211,0.1684,1.0
T10_d10_327_a_2.jpg,T10_327,2,auto,,False,0.975,0,,0.0,0.0
T10_d10_327_b_2.jpg,T10_327,2,auto,,False,0.98,0,,0.0,0.0
T10_d10_328_a_2.jpg,T10_328,2,auto,,False,0.981,0,,0.0,0.0
T10_d10_328_b_2.jpg,T10_328,2,auto,,False,0.98,1,0.811,0.031,0.0
T10_d10_330_a_2.jpg,T10_330,2,auto,,False,0.981,0,,0.0,0.0
T10_d10_330_b_2.jpg,T10_330,2,auto,,False,0.981,0,,0.0,0.0
T10_d10_333_a_2.jpg,T10_333,2,revisar,area de defecto dudosa (100%),True,0.978,3,0.175,0.0245,1.0
T10_d10_333_b_2.jpg,T10_333,2,revisar,area de defecto dudosa (100%),True,0.981,4,0.162,0.177,1.0
T10_d10_336_a_3.jpg,T10_336,3,revisar,defecto rectangular; area de defecto dudosa (100%),True,0.98,2,0.265,0.6993,1.0
T10_d10_337_a_2.jpg,T10_337,2,auto,,False,0.98,0,,0.0,0.0
T10_d10_337_b_2.jpg,T10_337,2,revisar,area de defecto dudosa (100%),True,0.972,2,0.239,0.1487,1.0
T10_d10_338_a_2.jpg,T10_338,2,revisar,area de defecto dudosa (100%),True,0.979,1,0.157,0.1641,1.0
T10_d10_349_a_3.jpg,T10_349,3,auto,,False,0.981,0,,0.0,0.0
T10_d10_349_b_3.jpg,T10_349,3,auto,,False,0.98,0,,0.0,0.0
T10_d10_350_a_3.jpg,T10_350,3,auto,,False,0.979,1,0.891,0.0478,0.0
T10_d10_350_b_3.jpg,T10_350,3,auto,,False,0.98,0,,0.0,0.0
T10_d10_351_a_2.jpg,T10_351,2,revisar,area de defecto dudosa (100%),True,0.978,1,0.333,0.0503,1.0
T10_d10_351_b_2.jpg,T10_351,2,revisar,area de defecto dudosa (100%),True,0.98,1,0.32,0.0233,1.0
T10_d10_355_a_3.jpg,T10_355,3,revisar,area de defecto dudosa (100%),True,0.981,2,0.33,0.0427,1.0
T10_d10_355_b_3.jpg,T10_355,3,auto,,False,0.982,0,,0.0,0.0
T10_d10_357_a_2.jpg,T10_357,2,revisar,area de defecto dudosa (100%),True,0.978,4,0.161,0.1647,1.0
T10_d10_357_b_2.jpg,T10_357,2,revisar,area de defecto dudosa (100%),True,0.978,4,0.192,0.2586,1.0
T10_d10_366_a_2.jpg,T10_366,2,revisar,area de defecto dudosa (100%),True,0.979,2,0.205,0.078,1.0
T10_d10_366_b_2.jpg,T10_366,2,revisar,area de defecto dudosa (100%),True,0.98,1,0.188,0.0251,1.0
T10_d10_367_a_3.jpg,T10_367,3,revisar,area de defecto dudosa (100%),True,0.979,1,0.281,0.2117,1.0
T10_d10_367_b_3.jpg,T10_367,3,revisar,area de defecto dudosa (100%),True,0.979,2,0.21,0.1571,1.0
T10_d10_372_b_2.jpg,T10_372,2,revisar,area de defecto dudosa (100%),True,0.977,4,0.159,0.124,0.997
T10_d10_376_b_3.jpg,T10_376,3,revisar,area de defecto dudosa (100%),True,0.981,1,0.375,0.5433,1.0
T10_d10_377_a_3.jpg,T10_377,3,revisar,area de defecto dudosa (100%),True,0.978,1,0.182,0.4978,1.0
T10_d10_377_b_3.jpg,T10_377,3,revisar,area de defecto dudosa (100%),True,0.98,1,0.311,0.0235,1.0
T10_d10_381_a_3.jpg,T10_381,3,auto,,False,0.981,0,,0.0,0.0
T10_d10_381_b_3.jpg,T10_381,3,revisar,area de defecto dudosa (100%),True,0.983,2,0.152,0.2148,1.0
T10_d10_382_a_2.jpg,T10_382,2,auto,,False,0.981,1,0.763,0.094,0.0
T10_d10_382_b_2.jpg,T10_382,2,auto,,False,0.978,1,0.519,0.1756,0.0
T10_d10_387_a_2.jpg,T10_387,2,revisar,area de defecto dudosa (100%),True,0.985,2,0.258,0.4262,1.0
T10_d10_400_a_2.jpg,T10_400,2,revisar,area de defecto dudosa (100%),True,0.977,5,0.166,0.4917,1.0
T10_d10_400_b_2.jpg,T10_400,2,revisar,area de defecto dudosa (100%),True,0.977,1,0.271,0.0202,1.0
T10_d10_401_a_2.jpg,T10_401,2,revisar,area de defecto dudosa (100%),True,0.979,2,0.168,0.1583,1.0
T10_d10_401_b_2.jpg,T10_401,2,auto,,False,0.98,1,0.721,0.0775,0.0
T10_d10_405_a_3.jpg,T10_405,3,revisar,area de defecto dudosa (100%),True,0.979,2,0.334,0.0677,1.0
T10_d10_405_b_3.jpg,T10_405,3,auto,,False,0.983,1,0.538,0.0248,0.0
T10_d10_408_a_2.jpg,T10_408,2,auto,,False,0.981,0,,0.0,0.0
T10_d10_408_b_2.jpg,T10_408,2,revisar,area de defecto dudosa (100%),True,0.981,1,0.346,0.0803,1.0
T10_d10_410_a_2.jpg,T10_410,2,revisar,area de defecto dudosa (100%),True,0.979,1,0.3,0.0121,1.0
T10_d10_410_b_2.jpg,T10_410,2,revisar,area de defecto dudosa (100%),True,0.981,2,0.357,0.121,1.0
T10_d10_413_a_2.jpg,T10_413,2,auto,,False,0.981,1,0.876,0.0862,0.0
T10_d10_413_b_2.jpg,T10_413,2,auto,,False,0.98,0,,0.0,0.0
T10_d10_414_a_2.jpg,T10_414,2,auto,,False,0.975,1,0.804,0.2104,0.0
T10_d10_414_b_2.jpg,T10_414,2,revisar,area de defecto dudosa (100%),True,0.981,7,0.154,0.4276,1.0
T10_d10_415_a_2.jpg,T10_415,2,revisar,area de defecto dudosa (100%),True,0.978,1,0.198,0.3689,1.0
T10_d10_415_b_2.jpg,T10_415,2,revisar,area de defecto dudosa (100%),True,0.97,1,0.484,0.1429,1.0
T10_d10_420_a_2.jpg,T10_420,2,revisar,area de defecto dudosa (100%),True,0.98,2,0.388,0.139,1.0
T10_d10_420_b_2.jpg,T10_420,2,auto,,False,0.981,1,0.72,0.0248,0.0
T10_d10_422_a_3.jpg,T10_422,3,auto,,False,0.979,1,0.818,0.0326,0.0
T10_d10_422_b_3.jpg,T10_422,3,revisar,area de defecto dudosa (100%),True,0.978,3,0.352,0.0599,1.0
T10_d10_425_a_2.jpg,T10_425,2,auto,,False,0.983,0,,0.0,0.0
T10_d10_425_b_2.jpg,T10_425,2,revisar,area de defecto dudosa (100%),True,0.98,3,0.155,0.1632,1.0
T10_d10_429_a_3.jpg,T10_429,3,auto,,False,0.981,0,,0.0,0.0
T10_d10_429_b_3.jpg,T10_429,3,revisar,area de defecto dudosa (100%),True,0.98,4,0.289,0.3744,1.0
T10_d10_442_a_2.jpg,T10_442,2,auto,,False,0.98,1,0.711,0.0559,0.0
T10_d10_442_b_2.jpg,T10_442,2,auto,,False,0.981,1,0.726,0.0224,0.0
T10_d10_444_a_3.jpg,T10_444,3,auto,,False,0.978,0,,0.0,0.0
T10_d10_444_b_3.jpg,T10_444,3,auto,,False,0.98,0,,0.0,0.0
T10_d10_445_a_2.jpg,T10_445,2,auto,,True,0.984,1,0.624,0.0461,0.0
T10_d10_445_b_2.jpg,T10_445,2,auto,,False,0.98,1,0.676,0.0232,0.0
T10_d10_446_b_3.jpg,T10_446,3,revisar,area de defecto dudosa (100%),True,0.981,1,0.485,0.0557,1.0
T10_d10_447_a_3.jpg,T10_447,3,revisar,area de defecto dudosa (100%),True,0.979,2,0.19,0.1839,1.0
T10_d10_447_b_3.jpg,T10_447,3,revisar,area de defecto dudosa (100%),True,0.983,1,0.414,0.0709,1.0
T10_d10_448_a_4.jpg,T10_448,4,auto,,False,0.975,1,0.665,0.3082,0.0
T10_d10_448_b_4.jpg,T10_448,4,auto,,False,0.98,0,,0.0,0.0
T10_d10_449_a_2.jpg,T10_449,2,auto,,False,0.982,0,,0.0,0.0
T10_d10_449_b_2.jpg,T10_449,2,revisar,area de defecto dudosa (100%),True,0.98,3,0.248,0.1266,1.0
T10_d10_454_a_3.jpg,T10_454,3,auto,,False,0.978,0,,0.0,0.0
T10_d10_454_b_3.jpg,T10_454,3,revisar,area de defecto dudosa (50%),True,0.979,2,0.349,0.0707,0.501
T10_d10_458_a_3.jpg,T10_458,3,auto,,False,0.981,0,,0.0,0.0
T10_d10_459_a_2.jpg,T10_459,2,revisar,area de defecto dudosa (100%),True,0.982,2,0.303,0.3284,1.0
T10_d10_459_b_2.jpg,T10_459,2,revisar,area de defecto dudosa (100%),True,0.982,1,0.177,0.0601,1.0
T10_d10_470_a_3.jpg,T10_470,3,revisar,area de defecto dudosa (100%),True,0.977,6,0.151,0.7194,1.0
T10_d10_475_a_2.jpg,T10_475,2,revisar,area de defecto dudosa (100%),True,0.976,3,0.19,0.1409,1.0
T10_d11_002_a_3.jpg,T10_002,3,auto,,False,0.978,0,,0.0,0.0
T10_d11_002_b_3.jpg,T10_002,3,revisar,area de defecto dudosa (100%),True,0.977,1,0.16,0.0057,1.0
T10_d11_003_a_3.jpg,T10_003,3,revisar,defecto rectangular; area de defecto dudosa (100%),True,0.983,3,0.21,0.7594,1.0
T10_d11_007_b_3.jpg,T10_007,3,auto,,False,0.979,2,0.165,0.1149,0.125
T10_d11_011_a_2.jpg,T10_011,2,auto,,False,0.979,2,0.438,0.1561,0.102
T10_d11_011_b_2.jpg,T10_011,2,revisar,area de defecto dudosa (100%),True,0.979,1,0.155,0.0109,1.0
T10_d11_013_a_3.jpg,T10_013,3,auto,,False,0.978,0,,0.0,0.0
T10_d11_013_b_3.jpg,T10_013,3,auto,,False,0.977,0,,0.0,0.0
T10_d11_021_a_2.jpg,T10_021,2,auto,,False,0.979,0,,0.0,0.0
T10_d11_021_b_2.jpg,T10_021,2,auto,,False,0.977,1,0.738,0.0499,0.0
T10_d11_022_a_3.jpg,T10_022,3,auto,,False,0.984,0,,0.0,0.0
T10_d11_022_b_3.jpg,T10_022,3,auto,,False,0.983,0,,0.0,0.0
T10_d11_026_a_3.jpg,T10_026,3,auto,,False,0.977,1,0.606,0.1145,0.0
T10_d11_026_b_3.jpg,T10_026,3,revisar,area de defecto dudosa (100%),True,0.979,2,0.217,0.4132,1.0
T10_d11_027_a_3.jpg,T10_027,3,auto,,False,0.984,0,,0.0,0.0
T10_d11_034_a_3.jpg,T10_034,3,revisar,area de defecto dudosa (58%),True,0.983,2,0.152,0.3089,0.578
T10_d11_034_b_3.jpg,T10_034,3,revisar,area de defecto dudosa (100%),True,0.981,1,0.44,0.182,1.0
T10_d11_046_a_3.jpg,T10_046,3,revisar,area de defecto dudosa (100%),True,0.978,1,0.429,0.0264,1.0
T10_d11_046_b_3.jpg,T10_046,3,revisar,area de defecto dudosa (90%),True,0.981,4,0.221,0.1583,0.897
T10_d11_047_a_2.jpg,T10_047,2,auto,,False,0.977,0,,0.0,0.0
T10_d11_048_a_3.jpg,T10_048,3,auto,,False,0.979,0,,0.0,0.0
T10_d11_048_b_3.jpg,T10_048,3,auto,,False,0.978,0,,0.0,0.0
T10_d11_055_a_3.jpg,T10_055,3,auto,,False,0.982,1,0.719,0.0642,0.0
T10_d11_055_b_3.jpg,T10_055,3,auto,,False,0.98,1,0.644,0.0368,0.0
T10_d11_061_a_3.jpg,T10_061,3,revisar,area de defecto dudosa (100%),True,0.978,4,0.217,0.5928,1.0
T10_d11_061_b_3.jpg,T10_061,3,auto,,False,0.977,0,,0.0,0.0
T10_d11_067_a_2.jpg,T10_067,2,auto,,True,0.975,1,0.733,0.0327,0.0
T10_d11_069_a_3.jpg,T10_069,3,auto,,False,0.981,1,0.809,0.0754,0.0
T10_d11_083_a_3.jpg,T10_083,3,revisar,area de defecto dudosa (100%),True,0.978,4,0.155,0.1679,1.0
T10_d11_083_b_3.jpg,T10_083,3,auto,,False,0.977,0,,0.0,0.0
T10_d11_089_a_2.jpg,T10_089,2,auto,,False,0.977,2,0.53,0.0848,0.0
T10_d11_089_b_2.jpg,T10_089,2,auto,,False,0.976,2,0.528,0.0948,0.0
T10_d11_093_a_3.jpg,T10_093,3,revisar,area de defecto dudosa (100%),True,0.982,1,0.317,0.0116,1.0
T10_d11_093_b_3.jpg,T10_093,3,revisar,area de defecto dudosa (100%),True,0.975,2,0.206,0.077,1.0
T10_d11_094_a_3.jpg,T10_094,3,auto,,False,0.983,1,0.668,0.156,0.0
T10_d11_094_b_3.jpg,T10_094,3,auto,,False,0.983,0,,0.0,0.0
T10_d11_096_a_2.jpg,T10_096,2,auto,,False,0.975,1,0.831,0.1541,0.0
T10_d11_096_b_2.jpg,T10_096,2,revisar,area de defecto dudosa (100%),True,0.975,4,0.163,0.0768,1.0
T10_d11_097_a_2.jpg,T10_097,2,revisar,area de defecto dudosa (100%),True,0.981,2,0.19,0.1226,1.0
T10_d11_097_b_2.jpg,T10_097,2,revisar,area de defecto dudosa (100%),True,0.98,3,0.16,0.6842,1.0
T10_d11_098_a_3.jpg,T10_098,3,revisar,area de defecto dudosa (100%),True,0.982,1,0.164,0.0208,1.0
T10_d11_099_a_3.jpg,T10_099,3,auto,,False,0.979,0,,0.0,0.0
T10_d11_099_b_3.jpg,T10_099,3,revisar,area de defecto dudosa (100%),True,0.981,1,0.231,0.0255,1.0
T10_d11_108_a_3.jpg,T10_108,3,revisar,area de defecto dudosa (100%),True,0.978,1,0.336,0.0254,1.0
T10_d11_108_b_3.jpg,T10_108,3,auto,,False,0.978,0,,0.0,0.0
T10_d11_110_a_3.jpg,T10_110,3,revisar,area de defecto dudosa (100%),True,0.977,1,0.195,0.1783,1.0
T10_d11_110_b_3.jpg,T10_110,3,auto,,False,0.974,1,0.501,0.0894,0.0
T10_d11_113_a_3.jpg,T10_113,3,auto,,False,0.981,1,0.868,0.0752,0.0
T10_d11_113_b_3.jpg,T10_113,3,auto,,False,0.981,0,,0.0,0.0
T10_d11_118_a_3.jpg,T10_118,3,revisar,area de defecto dudosa (100%),True,0.982,2,0.274,0.3233,1.0
T10_d11_118_b_3.jpg,T10_118,3,auto,,False,0.98,0,,0.0,0.0
T10_d11_122_b_3.jpg,T10_122,3,auto,,False,0.978,1,0.624,0.0228,0.0
T10_d11_125_a_3.jpg,T10_125,3,auto,,False,0.98,0,,0.0,0.0
T10_d11_125_b_3.jpg,T10_125,3,auto,,False,0.978,0,,0.0,0.0
T10_d11_128_a_2.jpg,T10_128,2,revisar,area de defecto dudosa (100%),True,0.98,2,0.212,0.083,1.0
T10_d11_128_b_2.jpg,T10_128,2,revisar,area de defecto dudosa (64%),True,0.98,4,0.152,0.1425,0.636
T10_d11_129_a_3.jpg,T10_129,3,auto,,False,0.98,1,0.595,0.0199,0.0
T10_d11_131_a_3.jpg,T10_131,3,revisar,area de defecto dudosa (100%),True,0.98,3,0.154,0.5275,1.0
T10_d11_131_b_3.jpg,T10_131,3,auto,,False,0.977,0,,0.0,0.0
T10_d11_133_a_3.jpg,T10_133,3,revisar,area de defecto dudosa (100%),True,0.979,3,0.22,0.2265,1.0
T10_d11_133_b_3.jpg,T10_133,3,revisar,area de defecto dudosa (100%),True,0.983,2,0.211,0.0981,1.0
T10_d11_145_a_2.jpg,T10_145,2,revisar,area de defecto dudosa (96%),True,0.978,2,0.237,0.2306,0.964
T10_d11_145_b_2.jpg,T10_145,2,revisar,area de defecto dudosa (100%),True,0.976,3,0.162,0.3183,1.0
T10_d11_148_a_3.jpg,T10_148,3,auto,,False,0.98,1,0.782,0.0742,0.0
T10_d11_148_b_3.jpg,T10_148,3,revisar,area de defecto dudosa (100%),True,0.979,3,0.246,0.1853,1.0
T10_d11_149_a_3.jpg,T10_149,3,auto,,False,0.98,1,0.671,0.2374,0.0
T10_d11_149_b_3.jpg,T10_149,3,auto,,False,0.979,1,0.607,0.1668,0.0
T10_d11_152_a_3.jpg,T10_152,3,revisar,area de defecto dudosa (100%),True,0.981,3,0.183,0.1517,0.997
T10_d11_152_b_3.jpg,T10_152,3,auto,,False,0.975,2,0.488,0.0482,0.371
T10_d11_156_a_3.jpg,T10_156,3,revisar,area de defecto dudosa (100%),True,0.981,2,0.18,0.0574,1.0
T10_d11_156_b_3.jpg,T10_156,3,auto,,False,0.978,0,,0.0,0.0
T10_d11_163_a_3.jpg,T10_163,3,auto,,False,0.98,1,0.816,0.3008,0.0
T10_d11_163_b_3.jpg,T10_163,3,auto,,False,0.976,1,0.666,0.1814,0.0
T10_d11_165_b_3.jpg,T10_165,3,auto,,False,0.978,1,0.663,0.0394,0.0
T10_d11_166_a_2.jpg,T10_166,2,auto,,False,0.978,0,,0.0,0.0
T10_d11_167_a_3.jpg,T10_167,3,auto,,False,0.982,0,,0.0,0.0
T10_d11_167_b_3.jpg,T10_167,3,revisar,area de defecto dudosa (100%),True,0.981,1,0.153,0.0719,1.0
T10_d11_168_a_3.jpg,T10_168,3,revisar,area de defecto dudosa (100%),True,0.977,2,0.198,0.0661,1.0
T10_d11_168_b_3.jpg,T10_168,3,revisar,area de defecto dudosa (100%),True,0.978,1,0.296,0.0898,1.0
T10_d11_172_a_3.jpg,T10_172,3,revisar,area de defecto dudosa (100%),True,0.976,2,0.192,0.0686,1.0
T10_d11_172_b_3.jpg,T10_172,3,revisar,area de defecto dudosa (79%),True,0.975,4,0.162,0.2558,0.791
T10_d11_181_a_3.jpg,T10_181,3,revisar,area de defecto dudosa (100%),True,0.981,1,0.314,0.2502,1.0
T10_d11_181_b_3.jpg,T10_181,3,revisar,area de defecto dudosa (100%),True,0.98,1,0.175,0.0226,1.0
T10_d11_193_a_3.jpg,T10_193,3,revisar,defecto rectangular; area de defecto dudosa (100%),True,0.983,3,0.186,0.7402,1.0
T10_d11_193_b_3.jpg,T10_193,3,auto,,False,0.98,0,,0.0,0.0
T10_d11_194_b_3.jpg,T10_194,3,revisar,area de defecto dudosa (100%),True,0.979,2,0.28,0.3121,1.0
T10_d11_196_a_3.jpg,T10_196,3,auto,,False,0.98,0,,0.0,0.0
T10_d11_196_b_3.jpg,T10_196,3,auto,,False,0.98,0,,0.0,0.0
T10_d11_202_a_3.jpg,T10_202,3,revisar,area de defecto dudosa (100%),True,0.979,1,0.45,0.026,1.0
T10_d11_202_b_3.jpg,T10_202,3,revisar,area de defecto dudosa (100%),True,0.977,2,0.174,0.3101,1.0
T10_d11_204_a_3.jpg,T10_204,3,auto,,True,0.981,0,,0.0,0.0
T10_d11_204_b_3.jpg,T10_204,3,revisar,area de defecto dudosa (82%),True,0.979,4,0.255,0.1479,0.824
T10_d11_206_a_3.jpg,T10_206,3,revisar,area de defecto dudosa (100%),True,0.98,3,0.195,0.0895,1.0
T10_d11_206_b_3.jpg,T10_206,3,revisar,area de defecto dudosa (100%),True,0.978,2,0.176,0.0238,1.0
T10_d11_211_a_2.jpg,T10_211,2,revisar,area de defecto dudosa (100%),True,0.983,2,0.163,0.0439,1.0
T10_d11_211_b_2.jpg,T10_211,2,auto,,False,0.977,1,0.83,0.1627,0.0
T10_d11_213_a_3.jpg,T10_213,3,auto,,False,0.981,0,,0.0,0.0
T10_d11_213_b_3.jpg,T10_213,3,revisar,area de defecto dudosa (100%),True,0.98,4,0.175,0.5303,1.0
T10_d11_215_a_3.jpg,T10_215,3,auto,,False,0.982,0,,0.0,0.0
T10_d11_215_b_3.jpg,T10_215,3,auto,,False,0.98,0,,0.0,0.0
T10_d11_217_a_2.jpg,T10_217,2,auto,,False,0.982,1,0.803,0.128,0.0
T10_d11_217_b_2.jpg,T10_217,2,auto,,False,0.982,0,,0.0,0.0
T10_d11_221_a_3.jpg,T10_221,3,auto,,False,0.981,0,,0.0,0.0
T10_d11_221_b_3.jpg,T10_221,3,revisar,area de defecto dudosa (100%),True,0.982,2,0.476,0.1346,1.0
T10_d11_223_a_2.jpg,T10_223,2,auto,,False,0.979,2,0.632,0.1069,0.0
T10_d11_223_b_2.jpg,T10_223,2,revisar,area de defecto dudosa (100%),True,0.98,2,0.169,0.0534,1.0
T10_d11_227_a_5.jpg,T10_227,5,revisar,area de defecto dudosa (100%),True,0.978,4,0.322,0.1634,1.0
T10_d11_227_b_5.jpg,T10_227,5,auto,,False,0.978,0,,0.0,0.0
T10_d11_229_a_3.jpg,T10_229,3,auto,,False,0.98,1,0.858,0.1004,0.0
T10_d11_229_b_3.jpg,T10_229,3,auto,,False,0.977,0,,0.0,0.0
T10_d11_233_b_3.jpg,T10_233,3,auto,,False,0.98,0,,0.0,0.0
T10_d11_234_a_3.jpg,T10_234,3,revisar,area de defecto dudosa (100%),True,0.978,1,0.439,0.0359,1.0
T10_d11_236_b_2.jpg,T10_236,2,auto,,False,0.965,1,0.655,0.0835,0.0
T10_d11_237_a_3.jpg,T10_237,3,auto,,False,0.98,2,0.576,0.1225,0.0
T10_d11_237_b_3.jpg,T10_237,3,revisar,area de defecto dudosa (100%),True,0.977,2,0.178,0.1092,1.0
T10_d11_243_a_2.jpg,T10_243,2,revisar,area de defecto dudosa (100%),True,0.98,1,0.406,0.0389,1.0
T10_d11_243_b_2.jpg,T10_243,2,revisar,area de defecto dudosa (100%),True,0.98,2,0.238,0.6799,1.0
T10_d11_245_a_3.jpg,T10_245,3,revisar,area de defecto dudosa (100%),True,0.979,3,0.156,0.1291,1.0
T10_d11_245_b_3.jpg,T10_245,3,auto,,False,0.981,0,,0.0,0.0
T10_d11_250_a_3.jpg,T10_250,3,revisar,area de defecto dudosa (100%),True,0.979,1,0.389,0.0531,1.0
T10_d11_250_b_3.jpg,T10_250,3,revisar,area de defecto dudosa (100%),True,0.977,3,0.179,0.0913,1.0
T10_d11_252_a_2.jpg,T10_252,2,revisar,area de defecto dudosa (100%),True,0.979,3,0.159,0.2028,1.0
T10_d11_262_a_2.jpg,T10_262,2,auto,,False,0.98,0,,0.0,0.0
T10_d11_262_b_2.jpg,T10_262,2,auto,,False,0.98,1,0.713,0.0465,0.0
T10_d11_266_a_3.jpg,T10_266,3,auto,,False,0.98,1,0.594,0.2363,0.0
T10_d11_266_b_3.jpg,T10_266,3,auto,,False,0.978,1,0.575,0.0496,0.0
T10_d11_269_a_3.jpg,T10_269,3,auto,,False,0.977,1,0.727,0.0798,0.0
T10_d11_274_a_3.jpg,T10_274,3,auto,,False,0.98,0,,0.0,0.0
T10_d11_274_b_3.jpg,T10_274,3,revisar,area de defecto dudosa (92%),True,0.979,2,0.403,0.265,0.916
T10_d11_276_a_2.jpg,T10_276,2,revisar,area de defecto dudosa (100%),True,0.979,3,0.15,0.0593,1.0
T10_d11_276_b_2.jpg,T10_276,2,revisar,area de defecto dudosa (100%),True,0.979,6,0.162,0.0854,1.0
T10_d11_282_a_3.jpg,T10_282,3,revisar,area de defecto dudosa (100%),True,0.98,1,0.256,0.0383,1.0
T10_d11_282_b_3.jpg,T10_282,3,revisar,area de defecto dudosa (100%),True,0.98,1,0.453,0.0814,1.0
T10_d11_283_a_4.jpg,T10_283,4,revisar,area de defecto dudosa (100%),True,0.978,1,0.384,0.5016,1.0
T10_d11_283_b_4.jpg,T10_283,4,auto,,False,0.983,0,,0.0,0.0
T10_d11_284_a_3.jpg,T10_284,3,auto,,False,0.972,0,,0.0,0.0
T10_d11_284_b_3.jpg,T10_284,3,auto,,False,0.977,0,,0.0,0.0
T10_d11_290_a_4.jpg,T10_290,4,revisar,defecto rectangular; area de defecto dudosa (100%),True,0.982,4,0.176,0.8704,1.0
T10_d11_290_b_4.jpg,T10_290,4,revisar,area de defecto dudosa (100%),True,0.979,4,0.153,0.3773,1.0
T10_d11_294_b_4.jpg,T10_294,4,revisar,area de defecto dudosa (100%),True,0.975,2,0.3,0.1834,1.0
T10_d11_295_a_3.jpg,T10_295,3,auto,,False,0.975,1,0.739,0.1148,0.0
T10_d11_295_b_3.jpg,T10_295,3,revisar,area de defecto dudosa (100%),True,0.979,1,0.499,0.0395,1.0
T10_d11_296_b_3.jpg,T10_296,3,revisar,area de defecto dudosa (100%),True,0.981,2,0.236,0.2832,1.0
T10_d11_306_a_3.jpg,T10_306,3,auto,,False,0.975,0,,0.0,0.0
T10_d11_306_b_3.jpg,T10_306,3,auto,,False,0.978,0,,0.0,0.0
T10_d11_314_a_3.jpg,T10_314,3,auto,,False,0.982,0,,0.0,0.0
T10_d11_314_b_3.jpg,T10_314,3,revisar,area de defecto dudosa (90%),True,0.981,4,0.18,0.4954,0.902
T10_d11_315_a_2.jpg,T10_315,2,auto,,False,0.976,0,,0.0,0.0
T10_d11_315_b_2.jpg,T10_315,2,revisar,area de defecto dudosa (100%),True,0.977,2,0.239,0.1322,1.0
T10_d11_326_a_3.jpg,T10_326,3,revisar,area de defecto dudosa (99%),True,0.981,3,0.181,0.0803,0.995
T10_d11_326_b_3.jpg,T10_326,3,revisar,area de defecto dudosa (100%),True,0.982,2,0.185,0.1672,1.0
T10_d11_327_a_3.jpg,T10_327,3,auto,,False,0.978,0,,0.0,0.0
T10_d11_327_b_3.jpg,T10_327,3,auto,,False,0.978,0,,0.0,0.0
T10_d11_328_a_3.jpg,T10_328,3,auto,,False,0.976,1,0.669,0.0268,0.0
T10_d11_328_b_3.jpg,T10_328,3,auto,,False,0.979,0,,0.0,0.0
T10_d11_330_a_2.jpg,T10_330,2,auto,,False,0.977,0,,0.0,0.0
T10_d11_330_b_2.jpg,T10_330,2,auto,,False,0.978,0,,0.0,0.0
T10_d11_333_a_3.jpg,T10_333,3,revisar,area de defecto dudosa (100%),True,0.98,2,0.165,0.0472,1.0
T10_d11_333_b_3.jpg,T10_333,3,revisar,area de defecto dudosa (100%),True,0.978,3,0.197,0.2076,1.0
T10_d11_336_a_4.jpg,T10_336,4,revisar,area de defecto dudosa (99%),True,0.982,2,0.238,0.6709,0.987
T10_d11_336_b_4.jpg,T10_336,4,revisar,area de defecto dudosa (100%),True,0.981,2,0.203,0.6702,1.0
T10_d11_337_a_3.jpg,T10_337,3,auto,,False,0.977,0,,0.0,0.0
T10_d11_337_b_3.jpg,T10_337,3,revisar,area de defecto dudosa (100%),True,0.977,4,0.168,0.4034,1.0
T10_d11_338_a_3.jpg,T10_338,3,revisar,area de defecto dudosa (100%),True,0.979,2,0.209,0.1645,1.0
T10_d11_338_b_3.jpg,T10_338,3,revisar,area de defecto dudosa (63%),True,0.979,2,0.423,0.226,0.627
T10_d11_349_a_3.jpg,T10_349,3,auto,,False,0.978,0,,0.0,0.0
T10_d11_349_b_3.jpg,T10_349,3,auto,,False,0.976,0,,0.0,0.0
T10_d11_350_a_3.jpg,T10_350,3,auto,,False,0.976,1,0.894,0.0488,0.0
T10_d11_350_b_3.jpg,T10_350,3,auto,,False,0.98,0,,0.0,0.0
T10_d11_351_a_2.jpg,T10_351,2,revisar,area de defecto dudosa (100%),True,0.976,3,0.155,0.1945,1.0
T10_d11_351_b_2.jpg,T10_351,2,revisar,area de defecto dudosa (100%),True,0.978,1,0.396,0.041,1.0
T10_d11_355_a_3.jpg,T10_355,3,revisar,area de defecto dudosa (100%),True,0.977,2,0.198,0.0473,1.0
T10_d11_357_a_3.jpg,T10_357,3,revisar,area de defecto dudosa (100%),True,0.981,4,0.208,0.2143,0.998
T10_d11_357_b_3.jpg,T10_357,3,revisar,area de defecto dudosa (100%),True,0.978,2,0.208,0.0831,1.0
T10_d11_366_a_3.jpg,T10_366,3,auto,,False,0.977,1,0.629,0.0469,0.0
T10_d11_366_b_3.jpg,T10_366,3,revisar,area de defecto dudosa (100%),True,0.978,1,0.311,0.0282,1.0
T10_d11_367_a_3.jpg,T10_367,3,revisar,area de defecto dudosa (100%),True,0.977,2,0.197,0.1944,1.0
T10_d11_367_b_3.jpg,T10_367,3,revisar,area de defecto dudosa (100%),True,0.978,2,0.251,0.3709,1.0
T10_d11_372_a_3.jpg,T10_372,3,revisar,area de defecto dudosa (97%),True,0.978,2,0.3,0.0541,0.968
T10_d11_372_b_3.jpg,T10_372,3,revisar,area de defecto dudosa (100%),True,0.976,6,0.206,0.0848,0.998
T10_d11_376_a_3.jpg,T10_376,3,auto,,False,0.975,1,0.577,0.1269,0.0
T10_d11_376_b_3.jpg,T10_376,3,revisar,area de defecto dudosa (100%),True,0.978,1,0.167,0.2863,1.0
T10_d11_377_a_3.jpg,T10_377,3,auto,,False,0.981,0,,0.0,0.0
T10_d11_377_b_3.jpg,T10_377,3,revisar,area de defecto dudosa (100%),True,0.981,2,0.174,0.0859,1.0
T10_d11_381_a_3.jpg,T10_381,3,auto,,False,0.975,0,,0.0,0.0
T10_d11_381_b_3.jpg,T10_381,3,revisar,area de defecto dudosa (100%),True,0.98,2,0.167,0.2434,1.0
T10_d11_382_a_3.jpg,T10_382,3,auto,,False,0.979,1,0.838,0.1187,0.0
T10_d11_382_b_3.jpg,T10_382,3,revisar,area de defecto dudosa (94%),True,0.975,2,0.163,0.1813,0.942
T10_d11_387_a_3.jpg,T10_387,3,revisar,area de defecto dudosa (100%),True,0.977,4,0.154,0.4685,1.0
T10_d11_387_b_3.jpg,T10_387,3,revisar,area de defecto dudosa (100%),True,0.978,3,0.153,0.6395,1.0
T10_d11_400_a_2.jpg,T10_400,2,revisar,area de defecto dudosa (65%),True,0.979,5,0.161,0.1978,0.647
T10_d11_400_b_2.jpg,T10_400,2,auto,,False,0.976,1,0.631,0.0299,0.0
T10_d11_401_a_2.jpg,T10_401,2,revisar,area de defecto dudosa (100%),True,0.975,2,0.171,0.1608,1.0
T10_d11_401_b_2.jpg,T10_401,2,revisar,area de defecto dudosa (84%),True,0.977,2,0.264,0.1056,0.838
T10_d11_405_a_3.jpg,T10_405,3,revisar,area de defecto dudosa (100%),True,0.98,2,0.419,0.0874,1.0
T10_d11_405_b_3.jpg,T10_405,3,revisar,area de defecto dudosa (100%),True,0.978,2,0.223,0.0111,1.0
T10_d11_408_a_3.jpg,T10_408,3,auto,,False,0.977,0,,0.0,0.0
T10_d11_408_b_3.jpg,T10_408,3,revisar,area de defecto dudosa (100%),True,0.974,1,0.451,0.086,1.0
T10_d11_410_a_3.jpg,T10_410,3,revisar,area de defecto dudosa (100%),True,0.977,2,0.221,0.017,1.0
T10_d11_410_b_3.jpg,T10_410,3,revisar,area de defecto dudosa (100%),True,0.975,1,0.334,0.0175,1.0
T10_d11_413_a_3.jpg,T10_413,3,auto,,False,0.977,1,0.895,0.0758,0.0
T10_d11_413_b_3.jpg,T10_413,3,revisar,area de defecto dudosa (100%),True,0.975,1,0.248,0.0096,1.0
T10_d11_414_a_3.jpg,T10_414,3,auto,,False,0.97,1,0.792,0.2213,0.0
T10_d11_414_b_3.jpg,T10_414,3,revisar,area de defecto dudosa (100%),True,0.98,5,0.162,0.4185,1.0
T10_d11_415_a_3.jpg,T10_415,3,auto,,False,0.977,0,,0.0,0.0
T10_d11_420_a_2.jpg,T10_420,2,revisar,area de defecto dudosa (100%),True,0.982,3,0.171,0.122,1.0
T10_d11_422_a_3.jpg,T10_422,3,auto,,False,0.979,1,0.816,0.0305,0.0
T10_d11_425_a_2.jpg,T10_425,2,auto,,False,0.981,0,,0.0,0.0
T10_d11_425_b_2.jpg,T10_425,2,revisar,area de defecto dudosa (100%),True,0.976,3,0.332,0.207,1.0
T10_d11_429_a_3.jpg,T10_429,3,auto,,False,0.978,0,,0.0,0.0
T10_d11_442_a_2.jpg,T10_442,2,auto,,False,0.979,1,0.696,0.05,0.0
T10_d11_442_b_2.jpg,T10_442,2,auto,,False,0.981,1,0.639,0.0206,0.0
T10_d11_444_a_4.jpg,T10_444,4,auto,,False,0.979,0,,0.0,0.0
T10_d11_444_b_4.jpg,T10_444,4,auto,,True,0.977,0,,0.0,0.0
T10_d11_445_a_2.jpg,T10_445,2,revisar,area de defecto dudosa (100%),True,0.977,1,0.39,0.044,1.0
T10_d11_445_b_2.jpg,T10_445,2,auto,,False,0.979,1,0.753,0.0254,0.0
T10_d11_446_a_3.jpg,T10_446,3,auto,,False,0.974,1,0.798,0.0744,0.0
T10_d11_446_b_3.jpg,T10_446,3,auto,,True,0.976,1,0.524,0.0214,0.0
T10_d11_447_a_3.jpg,T10_447,3,auto,,False,0.981,1,0.657,0.0712,0.0
T10_d11_447_b_3.jpg,T10_447,3,revisar,area de defecto dudosa (100%),True,0.98,3,0.167,0.1576,1.0
T10_d11_448_a_4.jpg,T10_448,4,auto,,False,0.972,1,0.561,0.363,0.0
T10_d11_448_b_4.jpg,T10_448,4,auto,,False,0.977,0,,0.0,0.0
T10_d11_449_a_3.jpg,T10_449,3,auto,,False,0.981,0,,0.0,0.0
T10_d11_449_b_3.jpg,T10_449,3,revisar,area de defecto dudosa (100%),True,0.976,5,0.162,0.1226,1.0
T10_d11_454_a_3.jpg,T10_454,3,revisar,area de defecto dudosa (100%),True,0.976,1,0.157,0.0082,1.0
T10_d11_454_b_3.jpg,T10_454,3,revisar,area de defecto dudosa (100%),True,0.979,2,0.151,0.1205,1.0
T10_d11_458_a_3.jpg,T10_458,3,auto,,False,0.977,0,,0.0,0.0
T10_d11_458_b_3.jpg,T10_458,3,revisar,area de defecto dudosa (100%),True,0.979,3,0.167,0.1289,1.0
T10_d11_459_a_3.jpg,T10_459,3,revisar,area de defecto dudosa (100%),True,0.98,2,0.253,0.425,1.0
T10_d11_459_b_3.jpg,T10_459,3,revisar,area de defecto dudosa (100%),True,0.978,1,0.18,0.0524,1.0
T10_d11_470_a_4.jpg,T10_470,4,revisar,area de defecto dudosa (100%),True,0.978,4,0.204,0.8056,1.0
T10_d11_470_b_4.jpg,T10_470,4,auto,,False,0.979,0,,0.0,0.0
T10_d11_475_a_3.jpg,T10_475,3,revisar,area de defecto dudosa (100%),True,0.976,2,0.281,0.057,0.996
T10_d11_475_b_3.jpg,T10_475,3,revisar,area de defecto dudosa (100%),True,0.982,5,0.168,0.3092,1.0
T10_d12_002_a_3.jpg,T10_002,3,revisar,area de defecto dudosa (100%),True,0.977,1,0.235,0.0243,1.0
T10_d12_002_b_3.jpg,T10_002,3,auto,,False,0.977,0,,0.0,0.0
T10_d12_003_a_3.jpg,T10_003,3,revisar,defecto rectangular; area de defecto dudosa (100%),True,0.982,2,0.205,0.5256,1.0
T10_d12_003_b_3.jpg,T10_003,3,auto,,False,0.979,0,,0.0,0.0
T10_d12_007_a_3.jpg,T10_007,3,auto,,False,0.98,1,0.606,0.0755,0.0
T10_d12_007_b_3.jpg,T10_007,3,auto,,False,0.976,1,0.713,0.1012,0.0
T10_d12_011_b_3.jpg,T10_011,3,auto,,False,0.979,0,,0.0,0.0
T10_d12_013_a_3.jpg,T10_013,3,auto,,False,0.979,0,,0.0,0.0
T10_d12_013_b_3.jpg,T10_013,3,auto,,False,0.977,0,,0.0,0.0
T10_d12_021_a_2.jpg,T10_021,2,auto,,False,0.977,0,,0.0,0.0
T10_d12_021_b_2.jpg,T10_021,2,revisar,area de defecto dudosa (86%),True,0.979,2,0.353,0.0291,0.858
T10_d12_022_a_3.jpg,T10_022,3,auto,,False,0.981,0,,0.0,0.0
T10_d12_022_b_3.jpg,T10_022,3,revisar,area de defecto dudosa (100%),True,0.982,1,0.233,0.272,1.0
T10_d12_026_a_3.jpg,T10_026,3,revisar,area de defecto dudosa (58%),True,0.975,2,0.45,0.1597,0.584
T10_d12_026_b_3.jpg,T10_026,3,revisar,area de defecto dudosa (100%),True,0.977,2,0.175,0.3428,1.0
T10_d12_027_b_3.jpg,T10_027,3,revisar,area de defecto dudosa (100%),True,0.982,6,0.16,0.2238,1.0
T10_d12_034_a_3.jpg,T10_034,3,auto,,False,0.982,1,0.68,0.285,0.0
T10_d12_046_a_3.jpg,T10_046,3,revisar,area de defecto dudosa (100%),True,0.981,2,0.196,0.0245,1.0
T10_d12_046_b_3.jpg,T10_046,3,revisar,area de defecto dudosa (100%),True,0.981,4,0.24,0.1512,1.0
T10_d12_047_a_2.jpg,T10_047,2,auto,,False,0.978,0,,0.0,0.0
T10_d12_047_b_2.jpg,T10_047,2,auto,,False,0.98,0,,0.0,0.0
T10_d12_048_a_3.jpg,T10_048,3,auto,,False,0.981,0,,0.0,0.0
T10_d12_048_b_3.jpg,T10_048,3,auto,,False,0.98,0,,0.0,0.0
T10_d12_055_a_3.jpg,T10_055,3,auto,,False,0.981,1,0.699,0.059,0.0
T10_d12_055_b_3.jpg,T10_055,3,auto,,False,0.98,1,0.567,0.0354,0.0
T10_d12_061_a_3.jpg,T10_061,3,revisar,area de defecto dudosa (100%),True,0.979,4,0.27,0.5184,1.0
T10_d12_061_b_3.jpg,T10_061,3,auto,,False,0.978,0,,0.0,0.0
T10_d12_067_a_2.jpg,T10_067,2,auto,,False,0.973,1,0.608,0.0391,0.0
T10_d12_067_b_2.jpg,T10_067,2,revisar,area de defecto dudosa (100%),True,0.972,2,0.153,0.2055,1.0
T10_d12_069_a_3.jpg,T10_069,3,revisar,area de defecto dudosa (100%),True,0.982,3,0.157,0.1573,1.0
T10_d12_069_b_3.jpg,T10_069,3,revisar,area de defecto dudosa (100%),True,0.979,2,0.255,0.0937,1.0
T10_d12_083_b_3.jpg,T10_083,3,auto,,False,0.984,0,,0.0,0.0
T10_d12_089_a_3.jpg,T10_089,3,auto,,False,0.976,3,0.164,0.0933,0.389
T10_d12_089_b_3.jpg,T10_089,3,auto,,False,0.976,2,0.591,0.1051,0.0
T10_d12_093_a_3.jpg,T10_093,3,revisar,area de defecto dudosa (100%),True,0.978,1,0.46,0.0146,1.0
T10_d12_093_b_3.jpg,T10_093,3,revisar,area de defecto dudosa (100%),True,0.981,4,0.254,0.051,1.0
T10_d12_094_a_3.jpg,T10_094,3,revisar,area de defecto dudosa (99%),True,0.979,2,0.335,0.1378,0.994
T10_d12_094_b_3.jpg,T10_094,3,auto,,False,0.981,0,,0.0,0.0
T10_d12_096_b_2.jpg,T10_096,2,revisar,area de defecto dudosa (100%),True,0.978,2,0.241,0.0723,1.0
T10_d12_097_b_2.jpg,T10_097,2,revisar,area de defecto dudosa (100%),True,0.982,3,0.186,0.747,1.0
T10_d12_098_a_3.jpg,T10_098,3,auto,,False,0.976,0,,0.0,0.0
T10_d12_098_b_3.jpg,T10_098,3,revisar,area de defecto dudosa (100%),True,0.98,2,0.162,0.0421,1.0
T10_d12_099_a_3.jpg,T10_099,3,auto,,False,0.979,0,,0.0,0.0
T10_d12_099_b_3.jpg,T10_099,3,auto,,False,0.98,0,,0.0,0.0
T10_d12_108_b_3.jpg,T10_108,3,auto,,False,0.978,0,,0.0,0.0
T10_d12_110_a_3.jpg,T10_110,3,auto,,False,0.975,0,,0.0,0.0
T10_d12_110_b_3.jpg,T10_110,3,auto,,False,0.979,2,0.258,0.1082,0.28
T10_d12_113_a_3.jpg,T10_113,3,auto,,False,0.98,1,0.869,0.0704,0.0
T10_d12_113_b_3.jpg,T10_113,3,auto,,False,0.978,0,,0.0,0.0
T10_d12_118_a_3.jpg,T10_118,3,revisar,area de defecto dudosa (100%),True,0.983,2,0.17,0.4176,1.0
T10_d12_118_b_3.jpg,T10_118,3,auto,,False,0.98,0,,0.0,0.0
T10_d12_122_a_3.jpg,T10_122,3,revisar,area de defecto dudosa (100%),True,0.978,3,0.164,0.1552,1.0
T10_d12_122_b_3.jpg,T10_122,3,auto,,False,0.974,1,0.52,0.0263,0.0
T10_d12_125_a_3.jpg,T10_125,3,auto,,False,0.979,0,,0.0,0.0
T10_d12_125_b_3.jpg,T10_125,3,auto,,False,0.973,0,,0.0,0.0
T10_d12_128_b_2.jpg,T10_128,2,revisar,area de defecto dudosa (100%),True,0.981,2,0.246,0.1013,1.0
T10_d12_129_a_3.jpg,T10_129,3,revisar,area de defecto dudosa (79%),True,0.978,2,0.155,0.0157,0.793
T10_d12_130_a_3.jpg,T10_130,3,revisar,area de defecto dudosa (92%),True,0.978,2,0.268,0.4153,0.921
T10_d12_131_a_3.jpg,T10_131,3,revisar,area de defecto dudosa (100%),True,0.979,2,0.17,0.5164,1.0
T10_d12_131_b_3.jpg,T10_131,3,revisar,area de defecto dudosa (100%),True,0.979,1,0.265,0.0334,1.0
T10_d12_133_a_3.jpg,T10_133,3,revisar,area de defecto dudosa (100%),True,0.977,2,0.176,0.219,1.0
T10_d12_133_b_3.jpg,T10_133,3,revisar,area de defecto dudosa (100%),True,0.981,1,0.184,0.0804,1.0
T10_d12_138_a_3.jpg,T10_138,3,auto,,False,0.978,0,,0.0,0.0
T10_d12_138_b_3.jpg,T10_138,3,revisar,area de defecto dudosa (100%),True,0.978,3,0.201,0.1048,1.0
T10_d12_145_b_2.jpg,T10_145,2,revisar,area de defecto dudosa (100%),True,0.977,2,0.186,0.2693,1.0
T10_d12_149_a_3.jpg,T10_149,3,auto,,False,0.978,1,0.66,0.228,0.0
T10_d12_149_b_3.jpg,T10_149,3,revisar,area de defecto dudosa (100%),True,0.977,2,0.254,0.19,1.0
T10_d12_152_a_3.jpg,T10_152,3,revisar,area de defecto dudosa (100%),True,0.977,2,0.185,0.1604,1.0
T10_d12_152_b_3.jpg,T10_152,3,auto,,False,0.976,1,0.51,0.0342,0.0
T10_d12_156_a_3.jpg,T10_156,3,revisar,area de defecto dudosa (100%),True,0.978,1,0.235,0.0154,1.0
T10_d12_156_b_3.jpg,T10_156,3,auto,,True,0.984,0,,0.0,0.0
T10_d12_163_a_3.jpg,T10_163,3,auto,,False,0.981,1,0.838,0.2856,0.0
T10_d12_163_b_3.jpg,T10_163,3,auto,,False,0.98,1,0.672,0.166,0.0
T10_d12_165_a_3.jpg,T10_165,3,revisar,area de defecto dudosa (81%),True,0.98,2,0.254,0.0629,0.807
T10_d12_165_b_3.jpg,T10_165,3,auto,,False,0.979,1,0.674,0.0384,0.0
T10_d12_166_a_3.jpg,T10_166,3,auto,,False,0.978,0,,0.0,0.0
T10_d12_166_b_3.jpg,T10_166,3,revisar,area de defecto dudosa (100%),True,0.98,1,0.499,0.0144,1.0
T10_d12_167_a_3.jpg,T10_167,3,auto,,False,0.982,1,0.564,0.0157,0.0
T10_d12_167_b_3.jpg,T10_167,3,revisar,area de defecto dudosa (100%),True,0.979,1,0.492,0.052,1.0
T10_d12_168_a_4.jpg,T10_168,4,revisar,area de defecto dudosa (100%),True,0.978,2,0.26,0.1036,1.0
T10_d12_168_b_4.jpg,T10_168,4,revisar,defecto rectangular; area de defecto dudosa (100%),True,0.98,3,0.187,0.3763,1.0
T10_d12_172_a_3.jpg,T10_172,3,revisar,area de defecto dudosa (99%),True,0.974,3,0.244,0.0716,0.986
T10_d12_172_b_3.jpg,T10_172,3,revisar,area de defecto dudosa (80%),True,0.977,2,0.299,0.227,0.795
T10_d12_181_a_3.jpg,T10_181,3,revisar,area de defecto dudosa (100%),True,0.982,1,0.327,0.2082,1.0
T10_d12_181_b_3.jpg,T10_181,3,revisar,area de defecto dudosa (100%),True,0.98,1,0.151,0.021,1.0
T10_d12_193_a_3.jpg,T10_193,3,revisar,defecto rectangular; area de defecto dudosa (100%),True,0.983,2,0.221,0.769,1.0
T10_d12_193_b_3.jpg,T10_193,3,auto,,False,0.977,0,,0.0,0.0
T10_d12_194_a_3.jpg,T10_194,3,revisar,area de defecto dudosa (100%),True,0.977,2,0.221,0.09,1.0
T10_d12_194_b_3.jpg,T10_194,3,revisar,area de defecto dudosa (100%),True,0.978,1,0.49,0.3059,1.0
T10_d12_196_a_3.jpg,T10_196,3,auto,,False,0.977,0,,0.0,0.0
T10_d12_196_b_3.jpg,T10_196,3,revisar,area de defecto dudosa (100%),True,0.98,2,0.175,0.1316,1.0
T10_d12_202_a_3.jpg,T10_202,3,revisar,area de defecto dudosa (100%),True,0.976,1,0.461,0.0265,1.0
T10_d12_202_b_3.jpg,T10_202,3,revisar,area de defecto dudosa (100%),True,0.979,3,0.235,0.1941,1.0
T10_d12_204_a_3.jpg,T10_204,3,revisar,area de defecto dudosa (100%),True,0.98,1,0.241,0.0157,1.0
T10_d12_204_b_3.jpg,T10_204,3,revisar,area de defecto dudosa (100%),True,0.977,3,0.284,0.0843,1.0
T10_d12_206_a_3.jpg,T10_206,3,revisar,area de defecto dudosa (100%),True,0.979,4,0.153,0.0888,1.0
T10_d12_206_b_3.jpg,T10_206,3,revisar,area de defecto dudosa (100%),True,0.979,1,0.412,0.0154,1.0
T10_d12_211_a_2.jpg,T10_211,2,auto,,False,0.982,1,0.723,0.0419,0.0
T10_d12_211_b_2.jpg,T10_211,2,auto,,False,0.976,1,0.777,0.1642,0.0
T10_d12_213_a_3.jpg,T10_213,3,auto,,False,0.978,0,,0.0,0.0
T10_d12_215_a_3.jpg,T10_215,3,auto,,False,0.982,0,,0.0,0.0
T10_d12_215_b_3.jpg,T10_215,3,auto,,False,0.98,0,,0.0,0.0
T10_d12_217_a_3.jpg,T10_217,3,auto,,False,0.981,1,0.807,0.1178,0.0
T10_d12_217_b_3.jpg,T10_217,3,auto,,False,0.981,0,,0.0,0.0
T10_d12_221_a_3.jpg,T10_221,3,auto,,False,0.981,0,,0.0,0.0
T10_d12_221_b_3.jpg,T10_221,3,revisar,area de defecto dudosa (100%),True,0.98,2,0.425,0.0892,1.0
T10_d12_223_a_2.jpg,T10_223,2,auto,,True,0.978,2,0.421,0.1242,0.354
T10_d12_223_b_2.jpg,T10_223,2,auto,,False,0.979,1,0.577,0.0446,0.0
T10_d12_227_b_5.jpg,T10_227,5,auto,,False,0.98,0,,0.0,0.0
T10_d12_229_a_3.jpg,T10_229,3,auto,,False,0.98,1,0.838,0.1002,0.0
T10_d12_229_b_3.jpg,T10_229,3,auto,,False,0.983,0,,0.0,0.0
T10_d12_233_a_3.jpg,T10_233,3,revisar,area de defecto dudosa (100%),True,0.976,3,0.16,0.4308,1.0
T10_d12_233_b_3.jpg,T10_233,3,auto,,False,0.981,0,,0.0,0.0
T10_d12_234_a_3.jpg,T10_234,3,revisar,area de defecto dudosa (100%),True,0.979,2,0.163,0.059,1.0
T10_d12_234_b_3.jpg,T10_234,3,revisar,area de defecto dudosa (100%),True,0.975,1,0.47,0.0989,1.0
T10_d12_236_a_2.jpg,T10_236,2,revisar,area de defecto dudosa (100%),True,0.979,1,0.414,0.0366,1.0
T10_d12_236_b_2.jpg,T10_236,2,auto,,False,0.964,1,0.636,0.0827,0.0
T10_d12_237_a_3.jpg,T10_237,3,revisar,area de defecto dudosa (100%),True,0.976,2,0.405,0.1383,1.0
T10_d12_237_b_3.jpg,T10_237,3,revisar,area de defecto dudosa (100%),True,0.976,4,0.164,0.2195,1.0
T10_d12_243_a_2.jpg,T10_243,2,auto,,False,0.979,0,,0.0,0.0
T10_d12_243_b_2.jpg,T10_243,2,revisar,area de defecto dudosa (100%),True,0.979,4,0.172,0.8229,1.0
T10_d12_245_a_3.jpg,T10_245,3,revisar,area de defecto dudosa (100%),True,0.975,4,0.153,0.2504,1.0
T10_d12_250_b_3.jpg,T10_250,3,revisar,area de defecto dudosa (100%),True,0.983,3,0.207,0.1297,1.0
T10_d12_252_a_2.jpg,T10_252,2,revisar,area de defecto dudosa (100%),True,0.98,3,0.182,0.1284,1.0
T10_d12_252_b_2.jpg,T10_252,2,revisar,area de defecto dudosa (100%),True,0.982,5,0.163,0.177,1.0
T10_d12_262_a_2.jpg,T10_262,2,auto,,False,0.981,0,,0.0,0.0
T10_d12_262_b_2.jpg,T10_262,2,auto,,False,0.981,1,0.691,0.0518,0.0
T10_d12_266_b_3.jpg,T10_266,3,auto,,False,0.98,1,0.544,0.0556,0.0
T10_d12_269_a_3.jpg,T10_269,3,auto,,False,0.976,1,0.692,0.084,0.0
T10_d12_269_b_3.jpg,T10_269,3,auto,,False,0.977,1,0.883,0.0411,0.0
T10_d12_274_a_3.jpg,T10_274,3,auto,,False,0.978,0,,0.0,0.0
T10_d12_274_b_3.jpg,T10_274,3,auto,,False,0.978,1,0.786,0.1827,0.0
T10_d12_276_a_3.jpg,T10_276,3,revisar,area de defecto dudosa (100%),True,0.98,3,0.154,0.0893,1.0
T10_d12_282_a_3.jpg,T10_282,3,revisar,area de defecto dudosa (100%),True,0.979,1,0.255,0.0301,1.0
T10_d12_282_b_3.jpg,T10_282,3,auto,,False,0.98,1,0.537,0.0799,0.0
T10_d12_283_a_4.jpg,T10_283,4,auto,,False,0.981,1,0.509,0.4419,0.0
T10_d12_283_b_4.jpg,T10_283,4,auto,,False,0.978,0,,0.0,0.0
T10_d12_284_a_3.jpg,T10_284,3,auto,,False,0.976,0,,0.0,0.0
T10_d12_284_b_3.jpg,T10_284,3,auto,,False,0.974,0,,0.0,0.0
T10_d12_290_a_4.jpg,T10_290,4,revisar,area de defecto dudosa (100%),True,0.979,4,0.207,0.8417,1.0
T10_d12_290_b_4.jpg,T10_290,4,revisar,area de defecto dudosa (100%),True,0.977,5,0.171,0.3783,1.0
T10_d12_294_a_5.jpg,T10_294,5,auto,,False,0.98,1,0.72,0.154,0.0
T10_d12_294_b_5.jpg,T10_294,5,revisar,area de defecto dudosa (100%),True,0.977,4,0.173,0.2282,1.0
T10_d12_295_a_3.jpg,T10_295,3,auto,,False,0.978,1,0.74,0.0989,0.0
T10_d12_295_b_3.jpg,T10_295,3,auto,,False,0.977,2,0.245,0.0523,0.238
T10_d12_296_a_3.jpg,T10_296,3,auto,,False,0.98,1,0.583,0.2837,0.0
T10_d12_296_b_3.jpg,T10_296,3,revisar,area de defecto dudosa (100%),True,0.978,3,0.16,0.3536,1.0
T10_d12_306_a_3.jpg,T10_306,3,auto,,False,0.978,0,,0.0,0.0
T10_d12_306_b_3.jpg,T10_306,3,auto,,False,0.977,0,,0.0,0.0
T10_d12_314_a_3.jpg,T10_314,3,auto,,False,0.982,0,,0.0,0.0
T10_d12_314_b_3.jpg,T10_314,3,revisar,area de defecto dudosa (100%),True,0.978,4,0.233,0.4673,1.0
T10_d12_315_a_2.jpg,T10_315,2,auto,,False,0.977,0,,0.0,0.0
T10_d12_315_b_2.jpg,T10_315,2,revisar,area de defecto dudosa (100%),True,0.977,2,0.233,0.0727,1.0
T10_d12_326_a_3.jpg,T10_326,3,revisar,area de defecto dudosa (100%),True,0.981,3,0.251,0.0766,1.0
T10_d12_326_b_3.jpg,T10_326,3,revisar,area de defecto dudosa (100%),True,0.98,2,0.22,0.1569,1.0
T10_d12_327_a_3.jpg,T10_327,3,auto,,False,0.979,0,,0.0,0.0
T10_d12_327_b_3.jpg,T10_327,3,auto,,False,0.979,0,,0.0,0.0
T10_d12_328_a_3.jpg,T10_328,3,revisar,area de defecto dudosa (100%),True,0.977,1,0.17,0.0111,1.0
T10_d12_328_b_3.jpg,T10_328,3,auto,,False,0.98,1,0.543,0.0294,0.0
T10_d12_330_b_2.jpg,T10_330,2,auto,,False,0.98,0,,0.0,0.0
T10_d12_333_a_3.jpg,T10_333,3,auto,,False,0.98,1,0.546,0.0233,0.0
T10_d12_333_b_3.jpg,T10_333,3,revisar,area de defecto dudosa (100%),True,0.979,3,0.226,0.3762,1.0
T10_d12_336_a_4.jpg,T10_336,4,revisar,defecto rectangular; area de defecto dudosa (100%),True,0.981,3,0.168,0.7379,1.0
T10_d12_336_b_4.jpg,T10_336,4,revisar,defecto rectangular; area de defecto dudosa (100%),True,0.98,4,0.155,0.7629,1.0
T10_d12_337_a_3.jpg,T10_337,3,auto,,False,0.977,0,,0.0,0.0
T10_d12_337_b_3.jpg,T10_337,3,revisar,area de defecto dudosa (100%),True,0.978,4,0.19,0.3289,1.0
T10_d12_338_a_3.jpg,T10_338,3,auto,,False,0.977,0,,0.0,0.0
T10_d12_338_b_3.jpg,T10_338,3,revisar,area de defecto dudosa (64%),True,0.975,3,0.34,0.2498,0.638
T10_d12_349_a_3.jpg,T10_349,3,auto,,False,0.981,0,,0.0,0.0
T10_d12_349_b_3.jpg,T10_349,3,auto,,False,0.977,0,,0.0,0.0
T10_d12_350_a_3.jpg,T10_350,3,auto,,False,0.981,1,0.851,0.0501,0.0
T10_d12_350_b_3.jpg,T10_350,3,auto,,False,0.981,0,,0.0,0.0
T10_d12_351_a_2.jpg,T10_351,2,revisar,area de defecto dudosa (100%),True,0.979,1,0.188,0.0441,1.0
T10_d12_351_b_2.jpg,T10_351,2,revisar,area de defecto dudosa (100%),True,0.979,1,0.379,0.0509,1.0
T10_d12_355_a_3.jpg,T10_355,3,auto,,False,0.979,2,0.332,0.0438,0.295
T10_d12_355_b_3.jpg,T10_355,3,revisar,area de defecto dudosa (100%),True,0.981,1,0.303,0.0385,1.0
T10_d12_357_a_3.jpg,T10_357,3,revisar,area de defecto dudosa (74%),True,0.98,3,0.223,0.2189,0.745
T10_d12_357_b_3.jpg,T10_357,3,revisar,area de defecto dudosa (100%),True,0.98,3,0.237,0.1739,1.0
T10_d12_366_a_3.jpg,T10_366,3,auto,,False,0.977,1,0.754,0.0805,0.0
T10_d12_366_b_3.jpg,T10_366,3,revisar,area de defecto dudosa (100%),True,0.978,1,0.43,0.0279,1.0
T10_d12_367_a_3.jpg,T10_367,3,revisar,area de defecto dudosa (100%),True,0.981,4,0.163,0.2945,1.0
T10_d12_367_b_3.jpg,T10_367,3,revisar,defecto rectangular; area de defecto dudosa (100%),True,0.977,4,0.16,0.4732,1.0
T10_d12_372_a_3.jpg,T10_372,3,revisar,area de defecto dudosa (99%),True,0.979,2,0.412,0.0542,0.986
T10_d12_372_b_3.jpg,T10_372,3,revisar,area de defecto dudosa (100%),True,0.972,4,0.257,0.0992,0.999
T10_d12_376_a_3.jpg,T10_376,3,auto,,False,0.975,1,0.6,0.1566,0.0
T10_d12_376_b_3.jpg,T10_376,3,auto,,False,0.98,0,,0.0,0.0
T10_d12_377_a_3.jpg,T10_377,3,auto,,False,0.98,0,,0.0,0.0
T10_d12_377_b_3.jpg,T10_377,3,revisar,area de defecto dudosa (100%),True,0.977,1,0.309,0.0299,1.0
T10_d12_381_a_3.jpg,T10_381,3,auto,,False,0.98,0,,0.0,0.0
T10_d12_381_b_3.jpg,T10_381,3,revisar,area de defecto dudosa (100%),True,0.977,1,0.347,0.0276,1.0
T10_d12_382_a_3.jpg,T10_382,3,auto,,False,0.981,1,0.84,0.1197,0.0
T10_d12_387_a_3.jpg,T10_387,3,revisar,area de defecto dudosa (100%),True,0.981,5,0.162,0.6459,1.0
T10_d12_387_b_3.jpg,T10_387,3,revisar,area de defecto dudosa (100%),True,0.976,2,0.313,0.0563,1.0
T10_d12_400_a_2.jpg,T10_400,2,revisar,area de defecto dudosa (100%),True,0.974,4,0.22,0.1536,1.0
T10_d12_401_a_3.jpg,T10_401,3,revisar,area de defecto dudosa (100%),True,0.978,1,0.194,0.0342,1.0
T10_d12_401_b_3.jpg,T10_401,3,auto,,False,0.976,1,0.715,0.1035,0.0
T10_d12_405_a_3.jpg,T10_405,3,revisar,area de defecto dudosa (100%),True,0.98,2,0.183,0.0829,1.0
T10_d12_405_b_3.jpg,T10_405,3,auto,,False,0.98,1,0.512,0.0189,0.0
T10_d12_408_a_3.jpg,T10_408,3,revisar,area de defecto dudosa (100%),True,0.976,1,0.226,0.066,1.0
T10_d12_408_b_3.jpg,T10_408,3,revisar,area de defecto dudosa (100%),True,0.979,1,0.197,0.0996,1.0
T10_d12_410_a_3.jpg,T10_410,3,auto,,False,0.978,1,0.759,0.0287,0.0
T10_d12_410_b_3.jpg,T10_410,3,revisar,area de defecto dudosa (100%),True,0.98,1,0.192,0.0111,1.0
T10_d12_413_a_3.jpg,T10_413,3,auto,,False,0.976,1,0.854,0.0595,0.0
T10_d12_413_b_3.jpg,T10_413,3,auto,,False,0.977,0,,0.0,0.0
T10_d12_414_a_3.jpg,T10_414,3,auto,,False,0.977,1,0.817,0.2149,0.0
T10_d12_414_b_3.jpg,T10_414,3,revisar,area de defecto dudosa (100%),True,0.978,5,0.181,0.4823,1.0
T10_d12_415_a_3.jpg,T10_415,3,auto,,False,0.975,0,,0.0,0.0
T10_d12_420_a_2.jpg,T10_420,2,revisar,area de defecto dudosa (100%),True,0.98,2,0.308,0.1555,1.0
T10_d12_420_b_2.jpg,T10_420,2,revisar,area de defecto dudosa (100%),True,0.979,1,0.485,0.0139,1.0
T10_d12_422_a_3.jpg,T10_422,3,revisar,area de defecto dudosa (100%),True,0.976,2,0.365,0.0502,1.0
T10_d12_422_b_3.jpg,T10_422,3,revisar,area de defecto dudosa (98%),True,0.977,3,0.191,0.0386,0.977
T10_d12_425_b_2.jpg,T10_425,2,revisar,defecto rectangular; area de defecto dudosa (100%),True,0.977,4,0.246,0.3267,1.0
T10_d12_429_b_3.jpg,T10_429,3,revisar,area de defecto dudosa (100%),True,0.98,2,0.214,0.0582,1.0
T10_d12_442_a_2.jpg,T10_442,2,auto,,False,0.978,1,0.654,0.0498,0.0
T10_d12_444_a_4.jpg,T10_444,4,auto,,False,0.976,0,,0.0,0.0
T10_d12_444_b_4.jpg,T10_444,4,auto,,False,0.981,0,,0.0,0.0
T10_d12_445_a_2.jpg,T10_445,2,revisar,area de defecto dudosa (100%),True,0.979,1,0.227,0.0561,1.0
T10_d12_445_b_2.jpg,T10_445,2,auto,,False,0.976,1,0.633,0.0193,0.0
T10_d12_446_a_3.jpg,T10_446,3,auto,,False,0.976,1,0.731,0.0798,0.0
T10_d12_446_b_3.jpg,T10_446,3,revisar,area de defecto dudosa (100%),True,0.979,2,0.205,0.0635,1.0
T10_d12_447_a_3.jpg,T10_447,3,revisar,area de defecto dudosa (100%),True,0.977,2,0.218,0.1696,1.0
T10_d12_447_b_3.jpg,T10_447,3,revisar,area de defecto dudosa (100%),True,0.978,3,0.167,0.1211,1.0
T10_d12_448_a_4.jpg,T10_448,4,auto,,False,0.974,1,0.687,0.2833,0.0
T10_d12_448_b_4.jpg,T10_448,4,revisar,area de defecto dudosa (100%),True,0.975,1,0.278,0.0217,1.0
T10_d12_449_a_3.jpg,T10_449,3,auto,,False,0.98,0,,0.0,0.0
T10_d12_449_b_3.jpg,T10_449,3,auto,,False,0.976,4,0.199,0.0994,0.484
T10_d12_454_a_3.jpg,T10_454,3,revisar,area de defecto dudosa (100%),True,0.974,1,0.22,0.0087,1.0
T10_d12_454_b_3.jpg,T10_454,3,auto,,False,0.975,2,0.161,0.0644,0.315
T10_d12_458_a_3.jpg,T10_458,3,auto,,False,0.977,0,,0.0,0.0
T10_d12_459_b_3.jpg,T10_459,3,revisar,area de defecto dudosa (100%),True,0.975,1,0.253,0.0574,1.0
T10_d12_470_a_4.jpg,T10_470,4,revisar,area de defecto dudosa (100%),True,0.978,4,0.196,0.7999,1.0
T10_d12_470_b_4.jpg,T10_470,4,auto,,False,0.979,0,,0.0,0.0
T10_d12_475_a_3.jpg,T10_475,3,revisar,area de defecto dudosa (100%),True,0.976,2,0.155,0.0658,1.0
T10_d12_475_b_3.jpg,T10_475,3,revisar,area de defecto dudosa (100%),True,0.98,3,0.17,0.1716,1.0
T10_d13_002_a_3.jpg,T10_002,3,auto,,False,0.976,0,,0.0,0.0
T10_d13_002_b_3.jpg,T10_002,3,auto,,False,0.977,0,,0.0,0.0
T10_d13_003_a_4.jpg,T10_003,4,revisar,area de defecto dudosa (100%),True,0.981,1,0.321,0.3736,1.0
T10_d13_003_b_4.jpg,T10_003,4,revisar,area de defecto dudosa (100%),True,0.981,1,0.19,0.1817,1.0
T10_d13_007_a_3.jpg,T10_007,3,auto,,False,0.98,1,0.662,0.0751,0.0
T10_d13_011_a_3.jpg,T10_011,3,auto,,False,0.979,1,0.782,0.1585,0.0
T10_d13_011_b_3.jpg,T10_011,3,revisar,area de defecto dudosa (100%),True,0.978,1,0.287,0.0168,1.0
T10_d13_013_a_3.jpg,T10_013,3,auto,,False,0.977,0,,0.0,0.0
T10_d13_021_a_2.jpg,T10_021,2,auto,,False,0.978,0,,0.0,0.0
T10_d13_021_b_2.jpg,T10_021,2,auto,,False,0.981,1,0.617,0.0703,0.0
T10_d13_022_a_3.jpg,T10_022,3,auto,,False,0.983,0,,0.0,0.0
T10_d13_022_b_3.jpg,T10_022,3,revisar,area de defecto dudosa (100%),True,0.981,1,0.29,0.2045,1.0
T10_d13_026_a_4.jpg,T10_026,4,revisar,area de defecto dudosa (66%),True,0.974,2,0.401,0.1381,0.659
T10_d13_026_b_4.jpg,T10_026,4,auto,,False,0.979,0,,0.0,0.0
T10_d13_027_a_3.jpg,T10_027,3,auto,,False,0.983,0,,0.0,0.0
T10_d13_027_b_3.jpg,T10_027,3,revisar,area de defecto dudosa (100%),True,0.978,3,0.194,0.077,1.0
T10_d13_034_a_4.jpg,T10_034,4,revisar,area de defecto dudosa (100%),True,0.983,2,0.236,0.2602,1.0
T10_d13_034_b_4.jpg,T10_034,4,auto,,False,0.98,1,0.539,0.225,0.0
T10_d13_046_a_3.jpg,T10_046,3,revisar,area de defecto dudosa (100%),True,0.98,3,0.16,0.0222,1.0
T10_d13_046_b_3.jpg,T10_046,3,revisar,area de defecto dudosa (95%),True,0.978,4,0.193,0.0343,0.949
T10_d13_047_a_2.jpg,T10_047,2,auto,,False,0.98,0,,0.0,0.0
T10_d13_047_b_2.jpg,T10_047,2,auto,,False,0.978,0,,0.0,0.0
T10_d13_048_a_3.jpg,T10_048,3,auto,,False,0.98,0,,0.0,0.0
T10_d13_048_b_3.jpg,T10_048,3,auto,,False,0.979,0,,0.0,0.0
T10_d13_055_a_3.jpg,T10_055,3,auto,,False,0.98,1,0.729,0.0544,0.0
T10_d13_055_b_3.jpg,T10_055,3,auto,,False,0.981,1,0.64,0.033,0.0
T10_d13_061_a_3.jpg,T10_061,3,revisar,area de defecto dudosa (100%),True,0.978,5,0.233,0.4809,1.0
T10_d13_061_b_3.jpg,T10_061,3,auto,,False,0.978,0,,0.0,0.0
T10_d13_067_a_3.jpg,T10_067,3,revisar,area de defecto dudosa (100%),True,0.973,2,0.338,0.0337,1.0
T10_d13_067_b_3.jpg,T10_067,3,revisar,area de defecto dudosa (100%),True,0.974,1,0.33,0.229,1.0
T10_d13_069_a_4.jpg,T10_069,4,auto,,False,0.981,2,0.228,0.1154,0.423
T10_d13_069_b_4.jpg,T10_069,4,revisar,area de defecto dudosa (100%),True,0.976,2,0.295,0.1891,1.0
T10_d13_083_a_3.jpg,T10_083,3,revisar,area de defecto dudosa (76%),True,0.977,3,0.2,0.0648,0.756
T10_d13_083_b_3.jpg,T10_083,3,revisar,area de defecto dudosa (100%),True,0.978,1,0.328,0.0826,1.0
T10_d13_089_a_3.jpg,T10_089,3,auto,,False,0.977,2,0.521,0.0948,0.0
T10_d13_089_b_3.jpg,T10_089,3,auto,,False,0.977,2,0.596,0.131,0.0
T10_d13_093_a_3.jpg,T10_093,3,revisar,area de defecto dudosa (100%),True,0.981,1,0.448,0.0115,1.0
T10_d13_093_b_3.jpg,T10_093,3,revisar,area de defecto dudosa (100%),True,0.977,3,0.155,0.0437,1.0
T10_d13_094_a_3.jpg,T10_094,3,auto,,False,0.98,1,0.589,0.146,0.0
T10_d13_094_b_3.jpg,T10_094,3,auto,,False,0.98,0,,0.0,0.0
T10_d13_096_a_2.jpg,T10_096,2,auto,,False,0.977,1,0.743,0.1467,0.0
T10_d13_097_a_3.jpg,T10_097,3,auto,,False,0.978,1,0.82,0.0647,0.0
T10_d13_097_b_3.jpg,T10_097,3,revisar,area de defecto dudosa (100%),True,0.979,4,0.233,0.7167,1.0
T10_d13_098_a_3.jpg,T10_098,3,auto,,False,0.978,0,,0.0,0.0
T10_d13_098_b_3.jpg,T10_098,3,revisar,area de defecto dudosa (100%),True,0.979,1,0.425,0.0395,1.0
T10_d13_099_a_3.jpg,T10_099,3,auto,,False,0.979,0,,0.0,0.0
T10_d13_099_b_3.jpg,T10_099,3,revisar,area de defecto dudosa (100%),True,0.981,1,0.189,0.0206,1.0
T10_d13_108_a_3.jpg,T10_108,3,auto,,False,0.98,0,,0.0,0.0
T10_d13_108_b_3.jpg,T10_108,3,auto,,False,0.975,0,,0.0,0.0
T10_d13_110_a_3.jpg,T10_110,3,auto,,True,0.978,0,,0.0,0.0
T10_d13_110_b_3.jpg,T10_110,3,revisar,area de defecto dudosa (100%),True,0.978,2,0.232,0.0855,1.0
T10_d13_113_a_3.jpg,T10_113,3,auto,,True,0.98,1,0.872,0.095,0.0
T10_d13_113_b_3.jpg,T10_113,3,auto,,False,0.98,0,,0.0,0.0
T10_d13_118_a_3.jpg,T10_118,3,revisar,area de defecto dudosa (100%),True,0.979,2,0.219,0.3198,1.0
T10_d13_118_b_3.jpg,T10_118,3,auto,,False,0.978,0,,0.0,0.0
T10_d13_122_a_3.jpg,T10_122,3,revisar,area de defecto dudosa (100%),True,0.976,3,0.186,0.1367,1.0
T10_d13_122_b_3.jpg,T10_122,3,auto,,True,0.98,1,0.61,0.048,0.0
T10_d13_125_a_3.jpg,T10_125,3,auto,,False,0.979,0,,0.0,0.0
T10_d13_128_a_2.jpg,T10_128,2,revisar,area de defecto dudosa (100%),True,0.981,1,0.224,0.0614,1.0
T10_d13_128_b_2.jpg,T10_128,2,revisar,area de defecto dudosa (100%),True,0.98,2,0.176,0.4106,1.0
T10_d13_129_a_3.jpg,T10_129,3,revisar,area de defecto dudosa (100%),True,0.978,1,0.481,0.0145,1.0
T10_d13_129_b_3.jpg,T10_129,3,revisar,area de defecto dudosa (53%),True,0.979,3,0.155,0.0494,0.527
T10_d13_130_a_3.jpg,T10_130,3,revisar,area de defecto dudosa (95%),True,0.977,3,0.206,0.5632,0.953
T10_d13_130_b_3.jpg,T10_130,3,auto,,False,0.98,0,,0.0,0.0
T10_d13_131_b_3.jpg,T10_131,3,revisar,area de defecto dudosa (100%),True,0.978,1,0.288,0.0282,1.0
T10_d13_133_a_3.jpg,T10_133,3,revisar,area de defecto dudosa (98%),True,0.978,2,0.385,0.215,0.977
T10_d13_133_b_3.jpg,T10_133,3,auto,,False,0.982,0,,0.0,0.0
T10_d13_138_b_3.jpg,T10_138,3,revisar,area de defecto dudosa (100%),True,0.978,3,0.152,0.1164,1.0
T10_d13_145_a_2.jpg,T10_145,2,revisar,area de defecto dudosa (100%),True,0.979,2,0.278,0.2511,1.0
T10_d13_149_a_3.jpg,T10_149,3,revisar,area de defecto dudosa (100%),True,0.979,2,0.294,0.4663,1.0
T10_d13_152_a_3.jpg,T10_152,3,revisar,area de defecto dudosa (100%),True,0.981,3,0.191,0.1872,1.0
T10_d13_152_b_3.jpg,T10_152,3,auto,,False,0.979,3,0.174,0.0532,0.477
T10_d13_156_a_3.jpg,T10_156,3,revisar,area de defecto dudosa (100%),True,0.98,1,0.195,0.0182,1.0
T10_d13_156_b_3.jpg,T10_156,3,auto,,True,0.983,0,,0.0,0.0
T10_d13_163_a_3.jpg,T10_163,3,auto,,False,0.977,1,0.808,0.2834,0.0
T10_d13_163_b_3.jpg,T10_163,3,auto,,False,0.977,1,0.777,0.1671,0.0
T10_d13_165_a_3.jpg,T10_165,3,auto,,False,0.978,1,0.622,0.0512,0.0
T10_d13_165_b_3.jpg,T10_165,3,auto,,False,0.98,1,0.74,0.0405,0.0
T10_d13_166_a_3.jpg,T10_166,3,auto,,False,0.979,0,,0.0,0.0
T10_d13_167_a_3.jpg,T10_167,3,auto,,False,0.98,0,,0.0,0.0
T10_d13_168_a_4.jpg,T10_168,4,revisar,area de defecto dudosa (100%),True,0.976,3,0.155,0.181,1.0
T10_d13_168_b_4.jpg,T10_168,4,revisar,defecto rectangular; defecto rectangular; area de defecto dudosa (100%),True,0.981,4,0.157,0.4357,1.0
T10_d13_172_a_4.jpg,T10_172,4,revisar,area de defecto dudosa (100%),True,0.977,1,0.47,0.0142,1.0
T10_d13_172_b_4.jpg,T10_172,4,auto,,False,0.976,1,0.736,0.0527,0.0
T10_d13_181_a_3.jpg,T10_181,3,revisar,area de defecto dudosa (100%),True,0.979,1,0.175,0.2337,1.0
T10_d13_181_b_3.jpg,T10_181,3,auto,,False,0.98,0,,0.0,0.0
T10_d13_193_b_3.jpg,T10_193,3,revisar,area de defecto dudosa (100%),True,0.981,1,0.24,0.0168,1.0
T10_d13_194_a_3.jpg,T10_194,3,revisar,area de defecto dudosa (100%),True,0.977,2,0.462,0.0945,1.0
T10_d13_194_b_3.jpg,T10_194,3,revisar,area de defecto dudosa (100%),True,0.98,3,0.209,0.3771,1.0
T10_d13_196_a_3.jpg,T10_196,3,auto,,False,0.978,0,,0.0,0.0
T10_d13_196_b_3.jpg,T10_196,3,revisar,area de defecto dudosa (100%),True,0.982,1,0.36,0.0651,1.0
T10_d13_202_a_3.jpg,T10_202,3,revisar,area de defecto dudosa (100%),True,0.975,2,0.209,0.0279,1.0
T10_d13_202_b_3.jpg,T10_202,3,revisar,area de defecto dudosa (100%),True,0.979,2,0.196,0.0577,1.0
T10_d13_204_a_3.jpg,T10_204,3,auto,,False,0.979,0,,0.0,0.0
T10_d13_204_b_3.jpg,T10_204,3,revisar,area de defecto dudosa (100%),True,0.975,3,0.221,0.1131,1.0
T10_d13_206_a_3.jpg,T10_206,3,revisar,area de defecto dudosa (100%),True,0.978,2,0.178,0.0528,1.0
T10_d13_206_b_3.jpg,T10_206,3,revisar,area de defecto dudosa (100%),True,0.978,1,0.213,0.0158,1.0
T10_d13_211_a_3.jpg,T10_211,3,auto,,False,0.981,1,0.697,0.0351,0.0
T10_d13_211_b_3.jpg,T10_211,3,auto,,False,0.98,1,0.77,0.1757,0.0
T10_d13_213_a_3.jpg,T10_213,3,auto,,False,0.977,0,,0.0,0.0
T10_d13_213_b_3.jpg,T10_213,3,revisar,area de defecto dudosa (100%),True,0.978,5,0.153,0.5035,1.0
T10_d13_215_a_3.jpg,T10_215,3,auto,,False,0.981,0,,0.0,0.0
T10_d13_215_b_3.jpg,T10_215,3,auto,,False,0.978,0,,0.0,0.0
T10_d13_217_a_3.jpg,T10_217,3,auto,,False,0.982,1,0.756,0.1218,0.0
T10_d13_217_b_3.jpg,T10_217,3,auto,,False,0.979,0,,0.0,0.0
T10_d13_221_a_3.jpg,T10_221,3,auto,,False,0.979,0,,0.0,0.0
T10_d13_221_b_3.jpg,T10_221,3,revisar,area de defecto dudosa (100%),True,0.98,2,0.427,0.1278,1.0
T10_d13_223_a_2.jpg,T10_223,2,revisar,area de defecto dudosa (100%),True,0.98,2,0.173,0.1272,1.0
T10_d13_223_b_2.jpg,T10_223,2,revisar,area de defecto dudosa (100%),True,0.977,3,0.189,0.0702,1.0
T10_d13_227_a_5.jpg,T10_227,5,revisar,area de defecto dudosa (80%),True,0.979,2,0.278,0.0649,0.801
T10_d13_227_b_5.jpg,T10_227,5,auto,,False,0.981,0,,0.0,0.0
T10_d13_229_a_3.jpg,T10_229,3,auto,,False,0.977,1,0.783,0.109,0.0
T10_d13_229_b_3.jpg,T10_229,3,auto,,False,0.978,0,,0.0,0.0
T10_d13_233_a_3.jpg,T10_233,3,revisar,area de defecto dudosa (100%),True,0.976,4,0.172,0.2834,1.0
T10_d13_233_b_3.jpg,T10_233,3,revisar,area de defecto dudosa (100%),True,0.981,2,0.19,0.0285,1.0
T10_d13_234_a_4.jpg,T10_234,4,revisar,area de defecto dudosa (100%),True,0.98,1,0.36,0.0461,1.0
T10_d13_236_b_2.jpg,T10_236,2,auto,,False,0.97,1,0.651,0.0835,0.0
T10_d13_237_a_3.jpg,T10_237,3,auto,,False,0.981,1,0.764,0.1343,0.0
T10_d13_237_b_3.jpg,T10_237,3,revisar,area de defecto dudosa (100%),True,0.978,5,0.195,0.3306,1.0
T10_d13_243_a_3.jpg,T10_243,3,auto,,False,0.979,0,,0.0,0.0
T10_d13_243_b_3.jpg,T10_243,3,revisar,area de defecto dudosa (100%),True,0.977,4,0.153,0.9703,1.0
T10_d13_245_a_3.jpg,T10_245,3,auto,,False,0.974,3,0.222,0.0889,0.328
T10_d13_245_b_3.jpg,T10_245,3,auto,,False,0.98,0,,0.0,0.0
T10_d13_250_a_3.jpg,T10_250,3,revisar,area de defecto dudosa (100%),True,0.98,2,0.344,0.0569,1.0
T10_d13_250_b_3.jpg,T10_250,3,revisar,defecto rectangular; area de defecto dudosa (100%),True,0.98,2,0.152,0.0792,1.0
T10_d13_252_a_2.jpg,T10_252,2,revisar,area de defecto dudosa (100%),True,0.982,2,0.185,0.127,1.0
T10_d13_252_b_2.jpg,T10_252,2,revisar,area de defecto dudosa (100%),True,0.976,5,0.176,0.254,1.0
T10_d13_262_a_3.jpg,T10_262,3,revisar,area de defecto dudosa (100%),True,0.981,3,0.197,0.0822,1.0
T10_d13_262_b_3.jpg,T10_262,3,revisar,area de defecto dudosa (100%),True,0.979,1,0.39,0.0155,1.0
T10_d13_266_a_3.jpg,T10_266,3,revisar,area de defecto dudosa (100%),True,0.979,2,0.265,0.2056,1.0
T10_d13_266_b_3.jpg,T10_266,3,revisar,area de defecto dudosa (100%),True,0.977,2,0.181,0.0406,1.0
T10_d13_269_a_4.jpg,T10_269,4,auto,,False,0.977,1,0.718,0.0757,0.0
T10_d13_269_b_4.jpg,T10_269,4,auto,,False,0.977,1,0.906,0.0435,0.0
T10_d13_274_a_3.jpg,T10_274,3,revisar,area de defecto dudosa (100%),True,0.98,2,0.236,0.0243,1.0
T10_d13_274_b_3.jpg,T10_274,3,auto,,False,0.976,1,0.803,0.1703,0.0
T10_d13_276_a_3.jpg,T10_276,3,revisar,area de defecto dudosa (100%),True,0.978,2,0.233,0.091,1.0
T10_d13_276_b_3.jpg,T10_276,3,revisar,area de defecto dudosa (100%),True,0.979,5,0.194,0.1011,1.0
T10_d13_282_a_4.jpg,T10_282,4,revisar,area de defecto dudosa (100%),True,0.981,1,0.276,0.038,1.0
T10_d13_282_b_4.jpg,T10_282,4,revisar,area de defecto dudosa (100%),True,0.98,1,0.461,0.0619,1.0
T10_d13_283_a_4.jpg,T10_283,4,revisar,area de defecto dudosa (100%),True,0.981,1,0.494,0.3392,1.0
T10_d13_283_b_4.jpg,T10_283,4,auto,,False,0.98,0,,0.0,0.0
T10_d13_284_a_4.jpg,T10_284,4,auto,,False,0.974,0,,0.0,0.0
T10_d13_284_b_4.jpg,T10_284,4,auto,,False,0.971,0,,0.0,0.0
T10_d13_290_a_5.jpg,T10_290,5,revisar,defecto rectangular; area de defecto dudosa (100%),True,0.978,4,0.165,0.8481,1.0
T10_d13_290_b_5.jpg,T10_290,5,revisar,area de defecto dudosa (100%),True,0.978,3,0.29,0.2424,1.0
T10_d13_294_a_5.jpg,T10_294,5,revisar,area de defecto dudosa (100%),True,0.981,4,0.291,0.1972,1.0
T10_d13_294_b_5.jpg,T10_294,5,revisar,area de defecto dudosa (100%),True,0.978,3,0.318,0.1045,1.0
T10_d13_295_a_3.jpg,T10_295,3,auto,,True,0.977,1,0.65,0.125,0.0
T10_d13_295_b_3.jpg,T10_295,3,auto,,False,0.977,1,0.623,0.0342,0.0
T10_d13_296_a_3.jpg,T10_296,3,auto,,False,0.977,1,0.607,0.2521,0.0
T10_d13_296_b_3.jpg,T10_296,3,auto,,False,0.976,0,,0.0,0.0
T10_d13_306_a_3.jpg,T10_306,3,auto,,False,0.979,0,,0.0,0.0
T10_d13_306_b_3.jpg,T10_306,3,auto,,False,0.979,0,,0.0,0.0
T10_d13_314_a_3.jpg,T10_314,3,auto,,False,0.98,0,,0.0,0.0
T10_d13_314_b_3.jpg,T10_314,3,revisar,area de defecto dudosa (68%),True,0.98,3,0.191,0.2146,0.675
T10_d13_315_a_2.jpg,T10_315,2,auto,,False,0.977,0,,0.0,0.0
T10_d13_315_b_2.jpg,T10_315,2,revisar,area de defecto dudosa (100%),True,0.976,2,0.175,0.0568,1.0
T10_d13_326_a_3.jpg,T10_326,3,auto,,False,0.981,2,0.379,0.0577,0.332
T10_d13_326_b_3.jpg,T10_326,3,revisar,area de defecto dudosa (100%),True,0.984,1,0.383,0.0505,1.0
T10_d13_327_a_3.jpg,T10_327,3,auto,,False,0.975,0,,0.0,0.0
T10_d13_328_a_3.jpg,T10_328,3,revisar,area de defecto dudosa (100%),True,0.981,1,0.153,0.0098,1.0
T10_d13_328_b_3.jpg,T10_328,3,revisar,area de defecto dudosa (100%),True,0.98,1,0.464,0.0323,1.0
T10_d13_330_a_3.jpg,T10_330,3,auto,,False,0.978,0,,0.0,0.0
T10_d13_330_b_3.jpg,T10_330,3,auto,,False,0.977,0,,0.0,0.0
T10_d13_333_a_3.jpg,T10_333,3,auto,,False,0.978,1,0.55,0.0212,0.0
T10_d13_333_b_3.jpg,T10_333,3,revisar,area de defecto dudosa (100%),True,0.981,2,0.26,0.1242,1.0
T10_d13_336_a_4.jpg,T10_336,4,revisar,defecto rectangular; area de defecto dudosa (100%),True,0.979,2,0.34,0.7255,1.0
T10_d13_336_b_4.jpg,T10_336,4,revisar,area de defecto dudosa (100%),True,0.981,2,0.153,0.6471,1.0
T10_d13_337_a_3.jpg,T10_337,3,auto,,False,0.974,0,,0.0,0.0
T10_d13_337_b_3.jpg,T10_337,3,revisar,area de defecto dudosa (100%),True,0.974,4,0.177,0.3925,1.0
T10_d13_338_a_3.jpg,T10_338,3,auto,,False,0.979,0,,0.0,0.0
T10_d13_338_b_3.jpg,T10_338,3,revisar,area de defecto dudosa (100%),True,0.979,3,0.371,0.2336,1.0
T10_d13_349_a_4.jpg,T10_349,4,auto,,False,0.978,0,,0.0,0.0
T10_d13_349_b_4.jpg,T10_349,4,auto,,False,0.975,0,,0.0,0.0
T10_d13_350_a_3.jpg,T10_350,3,auto,,False,0.975,1,0.859,0.046,0.0
T10_d13_350_b_3.jpg,T10_350,3,auto,,False,0.982,0,,0.0,0.0
T10_d13_351_a_2.jpg,T10_351,2,revisar,area de defecto dudosa (100%),True,0.979,1,0.329,0.0449,1.0
T10_d13_351_b_2.jpg,T10_351,2,revisar,area de defecto dudosa (100%),True,0.979,1,0.314,0.0331,1.0
T10_d13_355_a_3.jpg,T10_355,3,auto,,False,0.979,2,0.391,0.0463,0.336
T10_d13_357_a_3.jpg,T10_357,3,revisar,area de defecto dudosa (100%),True,0.981,3,0.185,0.2088,1.0
T10_d13_357_b_3.jpg,T10_357,3,revisar,area de defecto dudosa (100%),True,0.979,4,0.185,0.3169,1.0
T10_d13_366_b_3.jpg,T10_366,3,revisar,area de defecto dudosa (100%),True,0.979,2,0.222,0.0377,1.0
T10_d13_367_a_3.jpg,T10_367,3,revisar,area de defecto dudosa (100%),True,0.977,4,0.159,0.2443,1.0
T10_d13_367_b_3.jpg,T10_367,3,revisar,area de defecto dudosa (100%),True,0.978,5,0.157,0.2488,1.0
T10_d13_372_a_3.jpg,T10_372,3,revisar,area de defecto dudosa (97%),True,0.98,3,0.245,0.059,0.974
T10_d13_376_a_4.jpg,T10_376,4,auto,,False,0.978,1,0.566,0.1169,0.0
T10_d13_376_b_4.jpg,T10_376,4,auto,,False,0.98,0,,0.0,0.0
T10_d13_377_a_4.jpg,T10_377,4,revisar,area de defecto dudosa (100%),True,0.982,1,0.291,0.0754,1.0
T10_d13_377_b_4.jpg,T10_377,4,auto,,False,0.981,0,,0.0,0.0
T10_d13_381_a_3.jpg,T10_381,3,auto,,False,0.982,0,,0.0,0.0
T10_d13_381_b_3.jpg,T10_381,3,revisar,area de defecto dudosa (87%),True,0.981,2,0.169,0.1923,0.874
T10_d13_382_a_3.jpg,T10_382,3,auto,,False,0.979,1,0.775,0.1166,0.0
T10_d13_382_b_3.jpg,T10_382,3,auto,,False,0.978,1,0.549,0.069,0.0
T10_d13_387_a_3.jpg,T10_387,3,revisar,area de defecto dudosa (100%),True,0.98,7,0.152,0.6808,1.0
T10_d13_387_b_3.jpg,T10_387,3,revisar,area de defecto dudosa (100%),True,0.98,4,0.172,0.4814,1.0
T10_d13_400_a_2.jpg,T10_400,2,revisar,area de defecto dudosa (59%),True,0.976,4,0.162,0.1283,0.587
T10_d13_401_a_3.jpg,T10_401,3,revisar,area de defecto dudosa (100%),True,0.975,1,0.283,0.0401,1.0
T10_d13_401_b_3.jpg,T10_401,3,auto,,True,0.976,1,0.679,0.0992,0.0
T10_d13_405_a_3.jpg,T10_405,3,revisar,area de defecto dudosa (100%),True,0.977,2,0.16,0.1012,1.0
T10_d13_408_a_3.jpg,T10_408,3,auto,,False,0.978,0,,0.0,0.0
T10_d13_408_b_3.jpg,T10_408,3,auto,,False,0.976,0,,0.0,0.0
T10_d13_410_b_3.jpg,T10_410,3,auto,,False,0.974,0,,0.0,0.0
T10_d13_413_a_3.jpg,T10_413,3,auto,,False,0.977,1,0.858,0.0527,0.0
T10_d13_413_b_3.jpg,T10_413,3,revisar,area de defecto dudosa (90%),True,0.977,2,0.312,0.0163,0.903
T10_d13_414_a_3.jpg,T10_414,3,auto,,False,0.978,1,0.791,0.212,0.0
T10_d13_414_b_3.jpg,T10_414,3,revisar,area de defecto dudosa (100%),True,0.98,5,0.161,0.3309,1.0
T10_d13_415_a_3.jpg,T10_415,3,auto,,False,0.976,0,,0.0,0.0
T10_d13_420_a_3.jpg,T10_420,3,revisar,area de defecto dudosa (100%),True,0.979,4,0.17,0.3126,1.0
T10_d13_420_b_3.jpg,T10_420,3,auto,,False,0.981,0,,0.0,0.0
T10_d13_422_a_3.jpg,T10_422,3,auto,,False,0.976,1,0.826,0.0394,0.0
T10_d13_422_b_3.jpg,T10_422,3,auto,,False,0.977,1,0.528,0.0896,0.0
T10_d13_425_a_3.jpg,T10_425,3,auto,,False,0.978,0,,0.0,0.0
T10_d13_425_b_3.jpg,T10_425,3,auto,,False,0.982,0,,0.0,0.0
T10_d13_429_a_3.jpg,T10_429,3,auto,,False,0.981,0,,0.0,0.0
T10_d13_429_b_3.jpg,T10_429,3,revisar,area de defecto dudosa (100%),True,0.98,2,0.295,0.0647,1.0
T10_d13_442_a_3.jpg,T10_442,3,auto,,False,0.978,1,0.648,0.0419,0.0
T10_d13_442_b_3.jpg,T10_442,3,auto,,False,0.981,1,0.666,0.0211,0.0
T10_d13_444_a_4.jpg,T10_444,4,auto,,False,0.979,0,,0.0,0.0
T10_d13_444_b_4.jpg,T10_444,4,auto,,False,0.98,0,,0.0,0.0
T10_d13_445_a_3.jpg,T10_445,3,revisar,area de defecto dudosa (100%),True,0.977,2,0.178,0.0652,1.0
T10_d13_445_b_3.jpg,T10_445,3,revisar,area de defecto dudosa (100%),True,0.98,1,0.442,0.0113,1.0
T10_d13_446_a_3.jpg,T10_446,3,auto,,False,0.975,1,0.654,0.0682,0.0
T10_d13_446_b_3.jpg,T10_446,3,revisar,area de defecto dudosa (100%),True,0.979,1,0.471,0.0138,1.0
T10_d13_447_a_3.jpg,T10_447,3,auto,,False,0.98,1,0.748,0.063,0.0
T10_d13_447_b_3.jpg,T10_447,3,revisar,area de defecto dudosa (100%),True,0.982,3,0.211,0.3419,1.0
T10_d13_448_a_4.jpg,T10_448,4,auto,,False,0.977,1,0.735,0.1872,0.0
T10_d13_448_b_4.jpg,T10_448,4,auto,,False,0.979,0,,0.0,0.0
T10_d13_449_a_3.jpg,T10_449,3,auto,,False,0.977,0,,0.0,0.0
T10_d13_449_b_3.jpg,T10_449,3,revisar,area de defecto dudosa (100%),True,0.978,4,0.167,0.086,1.0
T10_d13_454_a_3.jpg,T10_454,3,revisar,area de defecto dudosa (100%),True,0.975,1,0.246,0.0072,1.0
T10_d13_458_a_3.jpg,T10_458,3,revisar,area de defecto dudosa (100%),True,0.977,1,0.472,0.0251,1.0
T10_d13_458_b_3.jpg,T10_458,3,revisar,area de defecto dudosa (99%),True,0.977,2,0.415,0.1209,0.991
T10_d13_459_a_3.jpg,T10_459,3,revisar,area de defecto dudosa (100%),True,0.977,2,0.168,0.3934,1.0
T10_d13_459_b_3.jpg,T10_459,3,revisar,area de defecto dudosa (100%),True,0.977,1,0.233,0.0492,1.0
T10_d13_470_a_4.jpg,T10_470,4,revisar,area de defecto dudosa (100%),True,0.979,4,0.171,0.7547,1.0
T10_d13_470_b_4.jpg,T10_470,4,auto,,False,0.981,0,,0.0,0.0
T10_d13_475_a_3.jpg,T10_475,3,revisar,area de defecto dudosa (100%),True,0.974,1,0.479,0.0388,1.0
T10_d13_475_b_3.jpg,T10_475,3,revisar,area de defecto dudosa (100%),True,0.976,2,0.16,0.089,1.0
T10_d14_002_a_4.jpg,T10_002,4,auto,,False,0.978,0,,0.0,0.0
T10_d14_002_b_4.jpg,T10_002,4,revisar,area de defecto dudosa (100%),True,0.977,1,0.175,0.337,1.0
T10_d14_003_a_4.jpg,T10_003,4,revisar,area de defecto dudosa (100%),True,0.982,1,0.383,0.4003,1.0
T10_d14_003_b_4.jpg,T10_003,4,auto,,False,0.981,0,,0.0,0.0
T10_d14_007_a_3.jpg,T10_007,3,auto,,False,0.979,1,0.611,0.0736,0.0
T10_d14_007_b_3.jpg,T10_007,3,auto,,False,0.976,1,0.574,0.0944,0.0
T10_d14_011_a_3.jpg,T10_011,3,auto,,False,0.978,1,0.783,0.1602,0.0
T10_d14_011_b_3.jpg,T10_011,3,auto,,False,0.977,0,,0.0,0.0
T10_d14_013_b_3.jpg,T10_013,3,auto,,False,0.977,0,,0.0,0.0
T10_d14_021_a_3.jpg,T10_021,3,auto,,False,0.979,0,,0.0,0.0
T10_d14_021_b_3.jpg,T10_021,3,auto,,False,0.978,1,0.615,0.0406,0.0
T10_d14_022_a_4.jpg,T10_022,4,auto,,False,0.979,0,,0.0,0.0
T10_d14_022_b_4.jpg,T10_022,4,revisar,area de defecto dudosa (100%),True,0.984,2,0.157,0.2144,1.0
T10_d14_026_a_4.jpg,T10_026,4,revisar,area de defecto dudosa (100%),True,0.976,2,0.309,0.2322,1.0
T10_d14_026_b_4.jpg,T10_026,4,auto,,False,0.976,0,,0.0,0.0
T10_d14_027_a_3.jpg,T10_027,3,auto,,False,0.982,0,,0.0,0.0
T10_d14_027_b_3.jpg,T10_027,3,revisar,area de defecto dudosa (100%),True,0.981,4,0.201,0.1081,1.0
T10_d14_034_a_4.jpg,T10_034,4,revisar,area de defecto dudosa (100%),True,0.981,2,0.261,0.3067,1.0
T10_d14_034_b_4.jpg,T10_034,4,revisar,area de defecto dudosa (100%),True,0.98,3,0.176,0.2512,1.0
T10_d14_046_a_3.jpg,T10_046,3,revisar,area de defecto dudosa (100%),True,0.976,1,0.451,0.0213,1.0
T10_d14_046_b_3.jpg,T10_046,3,revisar,area de defecto dudosa (100%),True,0.981,5,0.244,0.0698,0.998
T10_d14_047_a_2.jpg,T10_047,2,auto,,False,0.98,0,,0.0,0.0
T10_d14_047_b_2.jpg,T10_047,2,auto,,False,0.982,0,,0.0,0.0
T10_d14_048_a_3.jpg,T10_048,3,auto,,False,0.977,0,,0.0,0.0
T10_d14_048_b_3.jpg,T10_048,3,auto,,False,0.978,0,,0.0,0.0
T10_d14_055_b_3.jpg,T10_055,3,auto,,False,0.979,1,0.568,0.0369,0.0
T10_d14_061_a_3.jpg,T10_061,3,revisar,area de defecto dudosa (100%),True,0.975,3,0.175,0.5487,1.0
T10_d14_061_b_3.jpg,T10_061,3,auto,,False,0.977,0,,0.0,0.0
T10_d14_069_a_4.jpg,T10_069,4,auto,,False,0.98,2,0.263,0.1157,0.384
T10_d14_069_b_4.jpg,T10_069,4,revisar,area de defecto dudosa (100%),True,0.979,2,0.151,0.1636,1.0
T10_d14_083_a_3.jpg,T10_083,3,revisar,area de defecto dudosa (83%),True,0.976,2,0.41,0.0842,0.827
T10_d14_083_b_3.jpg,T10_083,3,auto,,False,0.977,0,,0.0,0.0
T10_d14_089_a_3.jpg,T10_089,3,revisar,area de defecto dudosa (64%),True,0.98,2,0.496,0.0927,0.635
T10_d14_089_b_3.jpg,T10_089,3,auto,,False,0.981,3,0.208,0.1157,0.274
T10_d14_093_a_3.jpg,T10_093,3,revisar,area de defecto dudosa (100%),True,0.978,1,0.499,0.0163,1.0
T10_d14_093_b_3.jpg,T10_093,3,revisar,area de defecto dudosa (100%),True,0.974,2,0.185,0.0487,1.0
T10_d14_094_a_3.jpg,T10_094,3,revisar,area de defecto dudosa (100%),True,0.982,2,0.384,0.2185,1.0
T10_d14_094_b_3.jpg,T10_094,3,revisar,area de defecto dudosa (100%),True,0.982,1,0.311,0.2463,1.0
T10_d14_096_a_2.jpg,T10_096,2,auto,,False,0.981,1,0.786,0.1488,0.0
T10_d14_096_b_2.jpg,T10_096,2,revisar,area de defecto dudosa (100%),True,0.976,3,0.211,0.074,1.0
T10_d14_097_a_3.jpg,T10_097,3,auto,,False,0.976,1,0.833,0.059,0.0
T10_d14_097_b_3.jpg,T10_097,3,revisar,area de defecto dudosa (100%),True,0.981,3,0.181,0.8064,1.0
T10_d14_098_a_3.jpg,T10_098,3,auto,,False,0.979,0,,0.0,0.0
T10_d14_098_b_3.jpg,T10_098,3,revisar,area de defecto dudosa (100%),True,0.98,1,0.391,0.0389,1.0
T10_d14_099_a_3.jpg,T10_099,3,auto,,False,0.978,0,,0.0,0.0
T10_d14_108_a_3.jpg,T10_108,3,revisar,area de defecto dudosa (100%),True,0.979,1,0.211,0.052,1.0
T10_d14_108_b_3.jpg,T10_108,3,auto,,False,0.978,0,,0.0,0.0
T10_d14_110_a_3.jpg,T10_110,3,revisar,area de defecto dudosa (100%),True,0.976,1,0.155,0.0759,1.0
T10_d14_110_b_3.jpg,T10_110,3,revisar,area de defecto dudosa (65%),True,0.977,3,0.199,0.1228,0.647
T10_d14_113_a_3.jpg,T10_113,3,auto,,False,0.982,1,0.882,0.0849,0.0
T10_d14_113_b_3.jpg,T10_113,3,revisar,area de defecto dudosa (100%),True,0.976,1,0.236,0.0138,1.0
T10_d14_118_a_3.jpg,T10_118,3,revisar,area de defecto dudosa (100%),True,0.979,2,0.17,0.4175,1.0
T10_d14_118_b_3.jpg,T10_118,3,auto,,False,0.981,0,,0.0,0.0
T10_d14_122_a_3.jpg,T10_122,3,revisar,area de defecto dudosa (100%),True,0.976,5,0.163,0.0743,0.998
T10_d14_122_b_3.jpg,T10_122,3,auto,,True,0.978,2,0.221,0.0319,0.264
T10_d14_125_a_3.jpg,T10_125,3,auto,,False,0.979,0,,0.0,0.0
T10_d14_125_b_3.jpg,T10_125,3,auto,,False,0.979,0,,0.0,0.0
T10_d14_128_a_3.jpg,T10_128,3,revisar,area de defecto dudosa (100%),True,0.981,3,0.151,0.5303,1.0
T10_d14_128_b_3.jpg,T10_128,3,auto,,False,0.982,0,,0.0,0.0
T10_d14_129_a_3.jpg,T10_129,3,auto,,False,0.98,1,0.517,0.0179,0.0
T10_d14_130_a_3.jpg,T10_130,3,revisar,area de defecto dudosa (89%),True,0.979,2,0.302,0.4797,0.891
T10_d14_131_a_3.jpg,T10_131,3,revisar,area de defecto dudosa (100%),True,0.979,2,0.161,0.5455,1.0
T10_d14_131_b_3.jpg,T10_131,3,auto,,False,0.977,0,,0.0,0.0
T10_d14_133_b_3.jpg,T10_133,3,revisar,area de defecto dudosa (100%),True,0.983,1,0.181,0.1355,1.0
T10_d14_138_a_3.jpg,T10_138,3,auto,,False,0.979,0,,0.0,0.0
T10_d14_138_b_3.jpg,T10_138,3,revisar,area de defecto dudosa (66%),True,0.979,3,0.231,0.0946,0.655
T10_d14_145_a_2.jpg,T10_145,2,revisar,area de defecto dudosa (100%),True,0.976,2,0.304,0.2605,1.0
T10_d14_145_b_2.jpg,T10_145,2,revisar,area de defecto dudosa (100%),True,0.978,1,0.262,0.3112,1.0
T10_d14_149_b_3.jpg,T10_149,3,revisar,area de defecto dudosa (100%),True,0.977,2,0.171,0.181,1.0
T10_d14_152_a_3.jpg,T10_152,3,auto,,False,0.977,1,0.55,0.0298,0.0
T10_d14_152_b_3.jpg,T10_152,3,revisar,area de defecto dudosa (100%),True,0.98,4,0.201,0.0476,1.0
T10_d14_156_a_3.jpg,T10_156,3,revisar,area de defecto dudosa (100%),True,0.977,1,0.29,0.028,1.0
T10_d14_156_b_3.jpg,T10_156,3,revisar,area de defecto dudosa (100%),True,0.976,1,0.175,0.3466,1.0
T10_d14_163_a_3.jpg,T10_163,3,auto,,False,0.977,1,0.853,0.2916,0.0
T10_d14_163_b_3.jpg,T10_163,3,auto,,False,0.977,1,0.737,0.1761,0.0
T10_d14_165_a_3.jpg,T10_165,3,revisar,area de defecto dudosa (85%),True,0.979,2,0.282,0.0566,0.85
T10_d14_165_b_3.jpg,T10_165,3,auto,,False,0.979,1,0.717,0.0393,0.0
T10_d14_166_a_3.jpg,T10_166,3,auto,,False,0.976,0,,0.0,0.0
T10_d14_166_b_3.jpg,T10_166,3,revisar,area de defecto dudosa (100%),True,0.981,1,0.152,0.1535,1.0
T10_d14_167_a_3.jpg,T10_167,3,revisar,area de defecto dudosa (100%),True,0.98,2,0.26,0.0106,1.0
T10_d14_167_b_3.jpg,T10_167,3,revisar,area de defecto dudosa (100%),True,0.979,2,0.163,0.2207,1.0
T10_d14_168_a_4.jpg,T10_168,4,revisar,area de defecto dudosa (100%),True,0.975,3,0.169,0.0933,1.0
T10_d14_168_b_4.jpg,T10_168,4,revisar,defecto rectangular; defecto rectangular; area de defecto dudosa (100%),True,0.98,3,0.167,0.3311,1.0
T10_d14_172_a_4.jpg,T10_172,4,revisar,area de defecto dudosa (100%),True,0.975,1,0.287,0.0381,1.0
T10_d14_172_b_4.jpg,T10_172,4,auto,,False,0.976,1,0.755,0.0477,0.0
T10_d14_181_a_3.jpg,T10_181,3,auto,,False,0.978,0,,0.0,0.0
T10_d14_181_b_3.jpg,T10_181,3,revisar,area de defecto dudosa (100%),True,0.981,1,0.224,0.0227,1.0
T10_d14_193_a_3.jpg,T10_193,3,revisar,area de defecto dudosa (100%),True,0.98,2,0.17,0.7595,1.0
T10_d14_193_b_3.jpg,T10_193,3,auto,,False,0.979,0,,0.0,0.0
T10_d14_194_a_3.jpg,T10_194,3,revisar,area de defecto dudosa (100%),True,0.977,3,0.285,0.1142,1.0
T10_d14_194_b_3.jpg,T10_194,3,revisar,area de defecto dudosa (100%),True,0.976,3,0.183,0.3205,1.0
T10_d14_196_a_3.jpg,T10_196,3,auto,,False,0.979,0,,0.0,0.0
T10_d14_202_a_3.jpg,T10_202,3,auto,,False,0.977,1,0.509,0.0202,0.0
T10_d14_202_b_3.jpg,T10_202,3,revisar,area de defecto dudosa (100%),True,0.977,2,0.207,0.112,1.0
T10_d14_204_a_3.jpg,T10_204,3,auto,,False,0.978,0,,0.0,0.0
T10_d14_204_b_3.jpg,T10_204,3,revisar,area de defecto dudosa (100%),True,0.978,4,0.168,0.0885,1.0
T10_d14_206_a_3.jpg,T10_206,3,revisar,area de defecto dudosa (100%),True,0.978,3,0.238,0.141,1.0
T10_d14_206_b_3.jpg,T10_206,3,auto,,False,0.977,1,0.587,0.0206,0.0
T10_d14_211_a_3.jpg,T10_211,3,auto,,False,0.978,1,0.761,0.0437,0.0
T10_d14_213_a_3.jpg,T10_213,3,auto,,False,0.979,0,,0.0,0.0
T10_d14_213_b_3.jpg,T10_213,3,revisar,defecto rectangular; area de defecto dudosa (100%),True,0.981,3,0.227,0.4107,1.0
T10_d14_215_a_3.jpg,T10_215,3,auto,,False,0.982,0,,0.0,0.0
T10_d14_215_b_3.jpg,T10_215,3,auto,,False,0.981,0,,0.0,0.0
T10_d14_217_a_3.jpg,T10_217,3,auto,,False,0.98,1,0.743,0.1209,0.0
T10_d14_217_b_3.jpg,T10_217,3,auto,,False,0.982,0,,0.0,0.0
T10_d14_221_a_3.jpg,T10_221,3,auto,,False,0.98,0,,0.0,0.0
T10_d14_221_b_3.jpg,T10_221,3,revisar,area de defecto dudosa (100%),True,0.98,2,0.211,0.0861,1.0
T10_d14_223_a_2.jpg,T10_223,2,revisar,area de defecto dudosa (100%),True,0.98,3,0.177,0.1225,1.0
T10_d14_223_b_2.jpg,T10_223,2,revisar,area de defecto dudosa (100%),True,0.981,1,0.351,0.0407,1.0
T10_d14_227_a_5.jpg,T10_227,5,auto,,False,0.977,1,0.54,0.0686,0.0
T10_d14_227_b_5.jpg,T10_227,5,auto,,False,0.977,0,,0.0,0.0
T10_d14_229_a_3.jpg,T10_229,3,auto,,False,0.976,1,0.823,0.0934,0.0
T10_d14_233_a_3.jpg,T10_233,3,revisar,area de defecto dudosa (100%),True,0.979,2,0.225,0.062,1.0
T10_d14_233_b_3.jpg,T10_233,3,auto,,False,0.98,0,,0.0,0.0
T10_d14_234_a_4.jpg,T10_234,4,revisar,area de defecto dudosa (100%),True,0.974,2,0.226,0.047,1.0
T10_d14_234_b_4.jpg,T10_234,4,revisar,area de defecto dudosa (100%),True,0.978,2,0.285,0.1046,1.0
T10_d14_236_a_3.jpg,T10_236,3,revisar,area de defecto dudosa (100%),True,0.98,1,0.477,0.0414,1.0
T10_d14_236_b_3.jpg,T10_236,3,auto,,False,0.974,1,0.614,0.0673,0.0
T10_d14_237_a_3.jpg,T10_237,3,revisar,area de defecto dudosa (100%),True,0.977,2,0.213,0.1483,1.0
T10_d14_243_a_3.jpg,T10_243,3,auto,,False,0.982,0,,0.0,0.0
T10_d14_243_b_3.jpg,T10_243,3,revisar,area de defecto dudosa (100%),True,0.976,3,0.168,0.8215,1.0
T10_d14_245_a_3.jpg,T10_245,3,auto,,False,0.976,4,0.174,0.1029,0.21
T10_d14_245_b_3.jpg,T10_245,3,auto,,False,0.972,0,,0.0,0.0
T10_d14_250_a_3.jpg,T10_250,3,revisar,area de defecto dudosa (100%),True,0.975,2,0.304,0.0579,1.0
T10_d14_250_b_3.jpg,T10_250,3,revisar,area de defecto dudosa (100%),True,0.978,1,0.207,0.0338,1.0
T10_d14_252_a_3.jpg,T10_252,3,auto,,False,0.978,1,0.598,0.044,0.0
T10_d14_252_b_3.jpg,T10_252,3,revisar,area de defecto dudosa (100%),True,0.976,2,0.166,0.0607,1.0
T10_d14_262_a_3.jpg,T10_262,3,auto,,False,0.978,0,,0.0,0.0
T10_d14_262_b_3.jpg,T10_262,3,revisar,area de defecto dudosa (100%),True,0.98,1,0.342,0.0396,1.0
T10_d14_269_a_4.jpg,T10_269,4,auto,,False,0.977,1,0.727,0.0853,0.0
T10_d14_269_b_4.jpg,T10_269,4,revisar,area de defecto dudosa (100%),True,0.977,2,0.153,0.0502,1.0
T10_d14_274_a_3.jpg,T10_274,3,revisar,area de defecto dudosa (100%),True,0.983,1,0.212,0.0137,1.0
T10_d14_274_b_3.jpg,T10_274,3,auto,,False,0.979,1,0.837,0.1911,0.0
T10_d14_276_a_3.jpg,T10_276,3,revisar,area de defecto dudosa (100%),True,0.98,2,0.172,0.0707,1.0
T10_d14_276_b_3.jpg,T10_276,3,revisar,area de defecto dudosa (100%),True,0.979,4,0.18,0.1087,1.0
T10_d14_282_b_4.jpg,T10_282,4,revisar,area de defecto dudosa (100%),True,0.976,2,0.31,0.0408,1.0
T10_d14_283_a_4.jpg,T10_283,4,revisar,area de defecto dudosa (77%),True,0.975,2,0.237,0.4104,0.77
T10_d14_283_b_4.jpg,T10_283,4,auto,,False,0.979,0,,0.0,0.0
T10_d14_284_a_4.jpg,T10_284,4,revisar,area de defecto dudosa (100%),True,0.972,1,0.237,0.0755,1.0
T10_d14_284_b_4.jpg,T10_284,4,auto,,False,0.977,0,,0.0,0.0
T10_d14_290_a_5.jpg,T10_290,5,revisar,defecto rectangular; defecto rectangular; area de defecto dudosa (100%),True,0.981,3,0.158,0.7797,1.0
T10_d14_290_b_5.jpg,T10_290,5,revisar,area de defecto dudosa (100%),True,0.978,3,0.23,0.2664,1.0
T10_d14_294_a_5.jpg,T10_294,5,revisar,area de defecto dudosa (100%),True,0.979,3,0.199,0.1238,1.0
T10_d14_294_b_5.jpg,T10_294,5,revisar,area de defecto dudosa (100%),True,0.974,3,0.155,0.2097,1.0
T10_d14_295_a_3.jpg,T10_295,3,revisar,area de defecto dudosa (100%),True,0.976,2,0.229,0.1232,1.0
T10_d14_295_b_3.jpg,T10_295,3,revisar,area de defecto dudosa (53%),True,0.978,2,0.386,0.063,0.526
T10_d14_296_a_3.jpg,T10_296,3,auto,,False,0.976,1,0.608,0.2654,0.0
T10_d14_296_b_3.jpg,T10_296,3,revisar,area de defecto dudosa (100%),True,0.981,1,0.181,0.1908,1.0
T10_d14_306_a_3.jpg,T10_306,3,auto,,False,0.978,0,,0.0,0.0
T10_d14_306_b_3.jpg,T10_306,3,auto,,False,0.977,0,,0.0,0.0
T10_d14_314_a_3.jpg,T10_314,3,auto,,False,0.979,0,,0.0,0.0
T10_d14_314_b_3.jpg,T10_314,3,revisar,defecto rectangular; area de defecto dudosa (100%),True,0.982,5,0.152,0.3105,1.0
T10_d14_315_a_2.jpg,T10_315,2,auto,,False,0.977,0,,0.0,0.0
T10_d14_315_b_2.jpg,T10_315,2,revisar,area de defecto dudosa (100%),True,0.979,1,0.362,0.0335,1.0
T10_d14_326_a_3.jpg,T10_326,3,auto,,False,0.979,2,0.383,0.0606,0.335
T10_d14_326_b_3.jpg,T10_326,3,revisar,area de defecto dudosa (100%),True,0.979,4,0.197,0.2974,1.0
T10_d14_327_a_3.jpg,T10_327,3,auto,,False,0.978,0,,0.0,0.0
T10_d14_327_b_3.jpg,T10_327,3,auto,,False,0.978,0,,0.0,0.0
T10_d14_328_a_3.jpg,T10_328,3,auto,,False,0.983,0,,0.0,0.0
T10_d14_328_b_3.jpg,T10_328,3,auto,,False,0.977,1,0.546,0.0174,0.0
T10_d14_330_a_3.jpg,T10_330,3,auto,,False,0.976,0,,0.0,0.0
T10_d14_330_b_3.jpg,T10_330,3,auto,,False,0.979,0,,0.0,0.0
T10_d14_336_a_4.jpg,T10_336,4,revisar,defecto rectangular; area de defecto dudosa (100%),True,0.981,2,0.261,0.6373,1.0
T10_d14_336_b_4.jpg,T10_336,4,revisar,area de defecto dudosa (100%),True,0.982,3,0.184,0.438,1.0
T10_d14_337_a_3.jpg,T10_337,3,auto,,False,0.98,0,,0.0,0.0
T10_d14_337_b_3.jpg,T10_337,3,revisar,area de defecto dudosa (100%),True,0.981,5,0.153,0.4102,1.0
T10_d14_338_b_3.jpg,T10_338,3,auto,,False,0.976,2,0.514,0.2315,0.0
T10_d14_349_a_4.jpg,T10_349,4,auto,,False,0.977,0,,0.0,0.0
T10_d14_349_b_4.jpg,T10_349,4,auto,,False,0.975,0,,0.0,0.0
T10_d14_350_a_3.jpg,T10_350,3,auto,,False,0.975,1,0.838,0.0443,0.0
T10_d14_350_b_3.jpg,T10_350,3,auto,,False,0.974,0,,0.0,0.0
T10_d14_351_a_2.jpg,T10_351,2,auto,,False,0.974,0,,0.0,0.0
T10_d14_351_b_2.jpg,T10_351,2,revisar,area de defecto dudosa (99%),True,0.974,2,0.324,0.0587,0.993
T10_d14_355_a_3.jpg,T10_355,3,auto,,False,0.976,2,0.26,0.0405,0.295
T10_d14_355_b_3.jpg,T10_355,3,auto,,False,0.979,0,,0.0,0.0
T10_d14_357_a_3.jpg,T10_357,3,revisar,area de defecto dudosa (100%),True,0.978,4,0.198,0.2176,1.0
T10_d14_366_a_3.jpg,T10_366,3,revisar,area de defecto dudosa (92%),True,0.974,2,0.15,0.0654,0.917
T10_d14_367_a_3.jpg,T10_367,3,revisar,area de defecto dudosa (100%),True,0.978,4,0.187,0.2372,1.0
T10_d14_367_b_3.jpg,T10_367,3,revisar,area de defecto dudosa (100%),True,0.976,2,0.266,0.0514,1.0
T10_d14_372_a_3.jpg,T10_372,3,revisar,area de defecto dudosa (100%),True,0.979,3,0.309,0.0598,1.0
T10_d14_372_b_3.jpg,T10_372,3,revisar,area de defecto dudosa (100%),True,0.974,3,0.419,0.1267,0.998
T10_d14_376_a_4.jpg,T10_376,4,auto,,False,0.977,1,0.662,0.1527,0.0
T10_d14_376_b_4.jpg,T10_376,4,revisar,area de defecto dudosa (100%),True,0.977,2,0.155,0.0603,1.0
T10_d14_377_a_4.jpg,T10_377,4,auto,,False,0.977,0,,0.0,0.0
T10_d14_377_b_4.jpg,T10_377,4,revisar,area de defecto dudosa (100%),True,0.98,1,0.182,0.0202,1.0
T10_d14_382_a_3.jpg,T10_382,3,auto,,False,0.981,1,0.786,0.117,0.0
T10_d14_382_b_3.jpg,T10_382,3,auto,,False,0.977,1,0.615,0.0444,0.0
T10_d14_387_a_3.jpg,T10_387,3,revisar,area de defecto dudosa (100%),True,0.979,6,0.166,0.6627,1.0
T10_d14_387_b_3.jpg,T10_387,3,revisar,area de defecto dudosa (100%),True,0.979,3,0.212,0.5419,1.0
T10_d14_400_a_3.jpg,T10_400,3,revisar,area de defecto dudosa (60%),True,0.979,4,0.165,0.1121,0.604
T10_d14_400_b_3.jpg,T10_400,3,revisar,area de defecto dudosa (100%),True,0.981,1,0.497,0.0389,1.0
T10_d14_401_a_3.jpg,T10_401,3,auto,,False,0.973,0,,0.0,0.0
T10_d14_401_b_3.jpg,T10_401,3,auto,,False,0.975,2,0.503,0.0741,0.0
T10_d14_405_a_3.jpg,T10_405,3,auto,,False,0.975,1,0.648,0.0519,0.0
T10_d14_405_b_3.jpg,T10_405,3,revisar,area de defecto dudosa (100%),True,0.976,1,0.206,0.0093,1.0
T10_d14_408_a_3.jpg,T10_408,3,auto,,False,0.976,0,,0.0,0.0
T10_d14_408_b_3.jpg,T10_408,3,auto,,False,0.976,0,,0.0,0.0
T10_d14_410_a_3.jpg,T10_410,3,auto,,False,0.977,1,0.739,0.0237,0.0
T10_d14_410_b_3.jpg,T10_410,3,auto,,False,0.982,1,0.6,0.0244,0.0
T10_d14_413_a_3.jpg,T10_413,3,auto,,False,0.976,1,0.869,0.0624,0.0
T10_d14_413_b_3.jpg,T10_413,3,revisar,area de defecto dudosa (84%),True,0.979,2,0.348,0.0213,0.84
T10_d14_414_b_3.jpg,T10_414,3,revisar,area de defecto dudosa (100%),True,0.979,3,0.177,0.3964,1.0
T10_d14_415_a_3.jpg,T10_415,3,auto,,False,0.974,0,,0.0,0.0
T10_d14_415_b_3.jpg,T10_415,3,revisar,area de defecto dudosa (99%),True,0.974,3,0.216,0.0828,0.994
T10_d14_420_a_3.jpg,T10_420,3,revisar,area de defecto dudosa (100%),True,0.977,3,0.2,0.308,1.0
T10_d14_420_b_3.jpg,T10_420,3,auto,,False,0.982,1,0.632,0.0147,0.0
T10_d14_422_b_4.jpg,T10_422,4,revisar,area de defecto dudosa (98%),True,0.977,2,0.227,0.0959,0.983
T10_d14_425_a_3.jpg,T10_425,3,auto,,False,0.981,0,,0.0,0.0
T10_d14_425_b_3.jpg,T10_425,3,auto,,False,0.979,0,,0.0,0.0
T10_d14_429_a_3.jpg,T10_429,3,auto,,False,0.977,0,,0.0,0.0
T10_d14_429_b_3.jpg,T10_429,3,revisar,area de defecto dudosa (100%),True,0.977,1,0.41,0.0445,1.0
T10_d14_442_a_3.jpg,T10_442,3,auto,,False,0.978,1,0.699,0.0583,0.0
T10_d14_442_b_3.jpg,T10_442,3,auto,,False,0.978,1,0.727,0.0273,0.0
T10_d14_444_a_4.jpg,T10_444,4,auto,,False,0.978,0,,0.0,0.0
T10_d14_444_b_4.jpg,T10_444,4,auto,,False,0.978,0,,0.0,0.0
T10_d14_445_a_3.jpg,T10_445,3,auto,,False,0.983,0,,0.0,0.0
T10_d14_446_a_4.jpg,T10_446,4,revisar,area de defecto dudosa (100%),True,0.975,1,0.432,0.0778,1.0
T10_d14_446_b_4.jpg,T10_446,4,auto,,False,0.979,1,0.585,0.0293,0.0
T10_d14_447_a_3.jpg,T10_447,3,auto,,False,0.976,1,0.777,0.0772,0.0
T10_d14_447_b_3.jpg,T10_447,3,revisar,area de defecto dudosa (100%),True,0.978,2,0.2,0.0896,1.0
T10_d14_448_a_4.jpg,T10_448,4,auto,,False,0.975,1,0.696,0.261,0.0
T10_d14_448_b_4.jpg,T10_448,4,auto,,False,0.978,0,,0.0,0.0
T10_d14_449_a_3.jpg,T10_449,3,revisar,area de defecto dudosa (100%),True,0.975,1,0.156,0.0244,1.0
T10_d14_449_b_3.jpg,T10_449,3,auto,,False,0.978,4,0.17,0.0851,0.465
T10_d14_454_a_3.jpg,T10_454,3,revisar,area de defecto dudosa (100%),True,0.978,1,0.251,0.008,1.0
T10_d14_454_b_3.jpg,T10_454,3,auto,,False,0.977,1,0.819,0.0473,0.0
T10_d14_458_a_3.jpg,T10_458,3,auto,,False,0.976,0,,0.0,0.0
T10_d14_458_b_3.jpg,T10_458,3,revisar,area de defecto dudosa (100%),True,0.977,2,0.285,0.123,1.0
T10_d14_459_a_3.jpg,T10_459,3,revisar,area de defecto dudosa (100%),True,0.978,2,0.204,0.4285,1.0
T10_d14_459_b_3.jpg,T10_459,3,revisar,area de defecto dudosa (100%),True,0.977,1,0.271,0.0545,1.0
T10_d14_470_b_4.jpg,T10_470,4,auto,,False,0.979,0,,0.0,0.0
T10_d14_475_a_4.jpg,T10_475,4,auto,,False,0.978,0,,0.0,0.0
T10_d14_475_b_4.jpg,T10_475,4,auto,,False,0.97,1,0.607,0.1821,0.0
T10_d15_002_a_4.jpg,T10_002,4,auto,,False,0.979,0,,0.0,0.0
T10_d15_002_b_4.jpg,T10_002,4,revisar,area de defecto dudosa (100%),True,0.977,1,0.226,0.0548,1.0
T10_d15_003_a_4.jpg,T10_003,4,revisar,defecto rectangular; area de defecto dudosa (100%),True,0.981,2,0.226,0.3705,1.0
T10_d15_003_b_4.jpg,T10_003,4,auto,,False,0.98,0,,0.0,0.0
T10_d15_007_b_3.jpg,T10_007,3,revisar,area de defecto dudosa (85%),True,0.973,3,0.186,0.1113,0.855
T10_d15_011_a_3.jpg,T10_011,3,auto,,False,0.979,2,0.43,0.1646,0.082
T10_d15_011_b_3.jpg,T10_011,3,auto,,False,0.979,0,,0.0,0.0
T10_d15_013_a_3.jpg,T10_013,3,auto,,False,0.978,0,,0.0,0.0
T10_d15_013_b_3.jpg,T10_013,3,auto,,False,0.978,0,,0.0,0.0
T10_d15_021_a_3.jpg,T10_021,3,auto,,False,0.979,0,,0.0,0.0
T10_d15_021_b_3.jpg,T10_021,3,revisar,area de defecto dudosa (100%),True,0.978,2,0.159,0.0923,1.0
T10_d15_022_b_4.jpg,T10_022,4,revisar,area de defecto dudosa (100%),True,0.982,1,0.436,0.0677,1.0
T10_d15_026_a_4.jpg,T10_026,4,revisar,area de defecto dudosa (100%),True,0.978,2,0.234,0.3221,1.0
T10_d15_027_a_4.jpg,T10_027,4,auto,,False,0.983,0,,0.0,0.0
T10_d15_027_b_4.jpg,T10_027,4,revisar,area de defecto dudosa (98%),True,0.979,5,0.168,0.1084,0.976
T10_d15_034_a_4.jpg,T10_034,4,revisar,area de defecto dudosa (100%),True,0.983,2,0.228,0.2994,1.0
T10_d15_034_b_4.jpg,T10_034,4,revisar,area de defecto dudosa (100%),True,0.983,2,0.185,0.1612,1.0
T10_d15_046_a_4.jpg,T10_046,4,revisar,area de defecto dudosa (100%),True,0.979,1,0.383,0.0242,1.0
T10_d15_046_b_4.jpg,T10_046,4,revisar,area de defecto dudosa (100%),True,0.978,7,0.172,0.0825,1.0
T10_d15_047_a_2.jpg,T10_047,2,auto,,False,0.981,0,,0.0,0.0
T10_d15_047_b_2.jpg,T10_047,2,auto,,False,0.98,0,,0.0,0.0
T10_d15_048_a_3.jpg,T10_048,3,auto,,False,0.978,0,,0.0,0.0
T10_d15_055_a_3.jpg,T10_055,3,auto,,False,0.981,1,0.706,0.0664,0.0
T10_d15_055_b_3.jpg,T10_055,3,auto,,False,0.98,1,0.544,0.0406,0.0
T10_d15_061_a_3.jpg,T10_061,3,revisar,area de defecto dudosa (100%),True,0.978,5,0.173,0.5935,1.0
T10_d15_061_b_3.jpg,T10_061,3,auto,,False,0.976,0,,0.0,0.0
T10_d15_067_a_3.jpg,T10_067,3,revisar,area de defecto dudosa (100%),True,0.973,2,0.261,0.0216,1.0
T10_d15_067_b_3.jpg,T10_067,3,revisar,area de defecto dudosa (100%),True,0.974,2,0.196,0.1746,1.0
T10_d15_069_a_4.jpg,T10_069,4,auto,,False,0.98,1,0.871,0.0701,0.0
T10_d15_069_b_4.jpg,T10_069,4,revisar,area de defecto dudosa (100%),True,0.979,3,0.195,0.195,1.0
T10_d15_083_a_3.jpg,T10_083,3,revisar,area de defecto dudosa (100%),True,0.977,3,0.153,0.1087,1.0
T10_d15_083_b_3.jpg,T10_083,3,revisar,area de defecto dudosa (100%),True,0.978,2,0.218,0.0759,1.0
T10_d15_089_a_3.jpg,T10_089,3,revisar,area de defecto dudosa (64%),True,0.979,4,0.167,0.1718,0.642
T10_d15_089_b_3.jpg,T10_089,3,auto,,False,0.977,3,0.202,0.1218,0.213
T10_d15_093_a_3.jpg,T10_093,3,auto,,False,0.979,1,0.501,0.0124,0.0
T10_d15_093_b_3.jpg,T10_093,3,revisar,area de defecto dudosa (100%),True,0.976,3,0.228,0.0533,1.0
T10_d15_094_a_3.jpg,T10_094,3,revisar,area de defecto dudosa (100%),True,0.982,2,0.163,0.2428,1.0
T10_d15_094_b_3.jpg,T10_094,3,revisar,area de defecto dudosa (100%),True,0.985,1,0.239,0.2715,1.0
T10_d15_096_a_2.jpg,T10_096,2,auto,,False,0.98,1,0.753,0.1568,0.0
T10_d15_096_b_2.jpg,T10_096,2,revisar,area de defecto dudosa (91%),True,0.973,4,0.181,0.0806,0.914
T10_d15_097_a_3.jpg,T10_097,3,auto,,False,0.981,2,0.501,0.1034,0.0
T10_d15_097_b_3.jpg,T10_097,3,revisar,area de defecto dudosa (100%),True,0.982,3,0.206,0.8105,1.0
T10_d15_098_a_3.jpg,T10_098,3,auto,,False,0.98,0,,0.0,0.0
T10_d15_098_b_3.jpg,T10_098,3,revisar,area de defecto dudosa (100%),True,0.977,1,0.269,0.0224,1.0
T10_d15_099_a_3.jpg,T10_099,3,auto,,False,0.979,0,,0.0,0.0
T10_d15_099_b_3.jpg,T10_099,3,revisar,area de defecto dudosa (100%),True,0.977,1,0.259,0.0162,1.0
T10_d15_108_a_3.jpg,T10_108,3,revisar,area de defecto dudosa (100%),True,0.981,1,0.261,0.0449,1.0
T10_d15_108_b_3.jpg,T10_108,3,auto,,False,0.977,0,,0.0,0.0
T10_d15_110_a_3.jpg,T10_110,3,auto,,False,0.977,0,,0.0,0.0
T10_d15_110_b_3.jpg,T10_110,3,revisar,area de defecto dudosa (100%),True,0.978,2,0.239,0.0971,0.996
T10_d15_113_a_3.jpg,T10_113,3,revisar,area de defecto dudosa (63%),True,0.98,2,0.161,0.1714,0.628
T10_d15_113_b_3.jpg,T10_113,3,auto,,False,0.978,0,,0.0,0.0
T10_d15_118_a_3.jpg,T10_118,3,revisar,area de defecto dudosa (100%),True,0.978,2,0.182,0.3903,1.0
T10_d15_118_b_3.jpg,T10_118,3,auto,,False,0.979,0,,0.0,0.0
T10_d15_122_a_3.jpg,T10_122,3,revisar,area de defecto dudosa (100%),True,0.976,4,0.152,0.0922,1.0
T10_d15_122_b_3.jpg,T10_122,3,auto,,False,0.976,1,0.622,0.0566,0.0
T10_d15_125_a_3.jpg,T10_125,3,auto,,False,0.979,0,,0.0,0.0
T10_d15_125_b_3.jpg,T10_125,3,auto,,False,0.977,0,,0.0,0.0
T10_d15_128_a_3.jpg,T10_128,3,revisar,area de defecto dudosa (100%),True,0.981,3,0.167,0.4795,1.0
T10_d15_128_b_3.jpg,T10_128,3,revisar,area de defecto dudosa (100%),True,0.981,1,0.288,0.1982,1.0
T10_d15_129_a_3.jpg,T10_129,3,auto,,False,0.979,1,0.51,0.0157,0.0
T10_d15_129_b_3.jpg,T10_129,3,revisar,area de defecto dudosa (74%),True,0.98,3,0.235,0.0823,0.736
T10_d15_130_a_3.jpg,T10_130,3,revisar,area de defecto dudosa (100%),True,0.976,3,0.16,0.4452,1.0
T10_d15_130_b_3.jpg,T10_130,3,revisar,area de defecto dudosa (100%),True,0.979,1,0.245,0.2123,1.0
T10_d15_131_a_3.jpg,T10_131,3,revisar,area de defecto dudosa (100%),True,0.978,2,0.158,0.4792,1.0
T10_d15_131_b_3.jpg,T10_131,3,revisar,area de defecto dudosa (100%),True,0.978,1,0.263,0.0257,1.0
T10_d15_133_a_3.jpg,T10_133,3,auto,,False,0.978,1,0.577,0.1973,0.0
T10_d15_133_b_3.jpg,T10_133,3,revisar,area de defecto dudosa (100%),True,0.983,4,0.157,0.4063,1.0
T10_d15_138_a_3.jpg,T10_138,3,auto,,False,0.978,0,,0.0,0.0
T10_d15_138_b_3.jpg,T10_138,3,revisar,area de defecto dudosa (100%),True,0.976,4,0.221,0.07,1.0
T10_d15_145_a_3.jpg,T10_145,3,revisar,area de defecto dudosa (100%),True,0.972,3,0.198,0.2603,1.0
T10_d15_145_b_3.jpg,T10_145,3,revisar,area de defecto dudosa (100%),True,0.978,1,0.353,0.4233,1.0
T10_d15_149_a_3.jpg,T10_149,3,auto,,False,0.978,1,0.598,0.2413,0.0
T10_d15_149_b_3.jpg,T10_149,3,auto,,False,0.976,1,0.528,0.1255,0.0
T10_d15_152_a_3.jpg,T10_152,3,auto,,False,0.979,1,0.627,0.0309,0.0
T10_d15_156_a_3.jpg,T10_156,3,revisar,area de defecto dudosa (100%),True,0.981,2,0.188,0.0316,1.0
T10_d15_163_a_3.jpg,T10_163,3,auto,,False,0.98,1,0.838,0.2849,0.0
T10_d15_163_b_3.jpg,T10_163,3,auto,,False,0.976,1,0.72,0.1794,0.0
T10_d15_165_a_3.jpg,T10_165,3,revisar,area de defecto dudosa (82%),True,0.977,2,0.282,0.0513,0.821
T10_d15_165_b_3.jpg,T10_165,3,auto,,False,0.98,1,0.759,0.0438,0.0
T10_d15_166_b_3.jpg,T10_166,3,revisar,area de defecto dudosa (100%),True,0.982,2,0.212,0.2111,1.0
T10_d15_167_a_3.jpg,T10_167,3,revisar,area de defecto dudosa (100%),True,0.981,2,0.191,0.0218,1.0
T10_d15_167_b_3.jpg,T10_167,3,revisar,area de defecto dudosa (100%),True,0.979,2,0.294,0.1459,1.0
T10_d15_168_a_4.jpg,T10_168,4,revisar,area de defecto dudosa (100%),True,0.978,2,0.233,0.0926,1.0
T10_d15_168_b_4.jpg,T10_168,4,revisar,area de defecto dudosa (100%),True,0.98,2,0.18,0.3445,1.0
T10_d15_172_a_4.jpg,T10_172,4,revisar,area de defecto dudosa (51%),True,0.973,3,0.204,0.0422,0.513
T10_d15_172_b_4.jpg,T10_172,4,revisar,area de defecto dudosa (100%),True,0.975,2,0.155,0.0515,1.0
T10_d15_181_a_3.jpg,T10_181,3,auto,,False,0.979,0,,0.0,0.0
T10_d15_181_b_3.jpg,T10_181,3,revisar,area de defecto dudosa (100%),True,0.982,1,0.253,0.0221,1.0
T10_d15_193_a_3.jpg,T10_193,3,revisar,area de defecto dudosa (100%),True,0.982,1,0.3,0.7065,1.0
T10_d15_193_b_3.jpg,T10_193,3,auto,,False,0.98,0,,0.0,0.0
T10_d15_194_a_3.jpg,T10_194,3,revisar,area de defecto dudosa (100%),True,0.977,2,0.413,0.1008,1.0
T10_d15_194_b_3.jpg,T10_194,3,revisar,area de defecto dudosa (100%),True,0.978,3,0.234,0.2871,1.0
T10_d15_196_a_3.jpg,T10_196,3,auto,,False,0.98,0,,0.0,0.0
T10_d15_196_b_3.jpg,T10_196,3,revisar,area de defecto dudosa (100%),True,0.98,1,0.379,0.044,1.0
T10_d15_202_a_3.jpg,T10_202,3,auto,,False,0.975,1,0.58,0.0239,0.0
T10_d15_202_b_3.jpg,T10_202,3,revisar,area de defecto dudosa (100%),True,0.976,2,0.17,0.1087,1.0
T10_d15_204_a_3.jpg,T10_204,3,auto,,False,0.981,0,,0.0,0.0
T10_d15_204_b_3.jpg,T10_204,3,revisar,area de defecto dudosa (100%),True,0.975,4,0.204,0.1081,1.0
T10_d15_206_b_3.jpg,T10_206,3,revisar,area de defecto dudosa (100%),True,0.978,3,0.17,0.033,1.0
T10_d15_211_a_3.jpg,T10_211,3,auto,,True,0.981,1,0.687,0.0447,0.0
T10_d15_211_b_3.jpg,T10_211,3,auto,,False,0.977,1,0.718,0.1812,0.0
T10_d15_213_a_3.jpg,T10_213,3,auto,,False,0.979,0,,0.0,0.0
T10_d15_213_b_3.jpg,T10_213,3,revisar,defecto rectangular; area de defecto dudosa (100%),True,0.98,3,0.186,0.4,1.0
T10_d15_215_a_3.jpg,T10_215,3,auto,,False,0.981,0,,0.0,0.0
T10_d15_215_b_3.jpg,T10_215,3,auto,,False,0.977,0,,0.0,0.0
T10_d15_217_a_3.jpg,T10_217,3,auto,,False,0.978,1,0.756,0.1323,0.0
T10_d15_217_b_3.jpg,T10_217,3,auto,,False,0.982,0,,0.0,0.0
T10_d15_221_a_3.jpg,T10_221,3,auto,,False,0.98,0,,0.0,0.0
T10_d15_221_b_3.jpg,T10_221,3,revisar,area de defecto dudosa (100%),True,0.981,2,0.164,0.0897,1.0
T10_d15_223_a_3.jpg,T10_223,3,revisar,area de defecto dudosa (58%),True,0.979,2,0.206,0.1209,0.582
T10_d15_223_b_3.jpg,T10_223,3,revisar,area de defecto dudosa (100%),True,0.978,2,0.228,0.0653,1.0
T10_d15_227_a_5.jpg,T10_227,5,revisar,area de defecto dudosa (87%),True,0.975,2,0.454,0.0663,0.87
T10_d15_227_b_5.jpg,T10_227,5,revisar,area de defecto dudosa (100%),True,0.975,1,0.28,0.0144,1.0
T10_d15_229_a_3.jpg,T10_229,3,revisar,area de defecto dudosa (100%),True,0.978,2,0.322,0.1297,1.0
T10_d15_229_b_3.jpg,T10_229,3,auto,,False,0.978,0,,0.0,0.0
T10_d15_233_a_3.jpg,T10_233,3,revisar,area de defecto dudosa (100%),True,0.979,5,0.16,0.3426,1.0
T10_d15_233_b_3.jpg,T10_233,3,revisar,area de defecto dudosa (100%),True,0.979,2,0.251,0.0353,1.0
T10_d15_234_a_4.jpg,T10_234,4,auto,,False,0.978,1,0.54,0.0307,0.0
T10_d15_234_b_4.jpg,T10_234,4,auto,,False,0.974,1,0.559,0.0928,0.0
T10_d15_236_a_3.jpg,T10_236,3,revisar,area de defecto dudosa (100%),True,0.98,2,0.185,0.0758,1.0
T10_d15_236_b_3.jpg,T10_236,3,auto,,False,0.966,1,0.666,0.0863,0.0
T10_d15_237_a_3.jpg,T10_237,3,revisar,area de defecto dudosa (100%),True,0.978,2,0.349,0.1434,1.0
T10_d15_237_b_3.jpg,T10_237,3,revisar,area de defecto dudosa (100%),True,0.982,4,0.185,0.3674,1.0
T10_d15_243_a_3.jpg,T10_243,3,auto,,False,0.98,0,,0.0,0.0
T10_d15_243_b_3.jpg,T10_243,3,revisar,area de defecto dudosa (100%),True,0.979,2,0.207,0.7932,1.0
T10_d15_245_b_4.jpg,T10_245,4,revisar,area de defecto dudosa (100%),True,0.979,2,0.181,0.0166,1.0
T10_d15_250_a_3.jpg,T10_250,3,revisar,area de defecto dudosa (100%),True,0.974,2,0.294,0.0582,1.0
T10_d15_250_b_3.jpg,T10_250,3,revisar,area de defecto dudosa (100%),True,0.981,1,0.423,0.0469,1.0
T10_d15_252_a_3.jpg,T10_252,3,revisar,area de defecto dudosa (100%),True,0.981,2,0.153,0.08,1.0
T10_d15_252_b_3.jpg,T10_252,3,revisar,area de defecto dudosa (100%),True,0.976,3,0.212,0.1782,1.0
T10_d15_262_b_3.jpg,T10_262,3,auto,,False,0.978,1,0.771,0.0488,0.0
T10_d15_269_a_4.jpg,T10_269,4,auto,,False,0.976,1,0.681,0.0861,0.0
T10_d15_269_b_4.jpg,T10_269,4,auto,,False,0.978,1,0.663,0.0318,0.0
T10_d15_274_a_3.jpg,T10_274,3,auto,,False,0.981,0,,0.0,0.0
T10_d15_274_b_3.jpg,T10_274,3,revisar,area de defecto dudosa (100%),True,0.978,3,0.218,0.2301,1.0
T10_d15_276_a_3.jpg,T10_276,3,revisar,area de defecto dudosa (100%),True,0.978,4,0.171,0.0881,1.0
T10_d15_276_b_3.jpg,T10_276,3,revisar,area de defecto dudosa (100%),True,0.981,5,0.178,0.1268,1.0
T10_d15_282_a_4.jpg,T10_282,4,auto,,False,0.979,0,,0.0,0.0
T10_d15_282_b_4.jpg,T10_282,4,revisar,area de defecto dudosa (100%),True,0.977,2,0.32,0.1047,1.0
T10_d15_283_a_4.jpg,T10_283,4,auto,,False,0.977,1,0.552,0.3097,0.0
T10_d15_283_b_4.jpg,T10_283,4,auto,,False,0.977,0,,0.0,0.0
T10_d15_284_a_4.jpg,T10_284,4,revisar,area de defecto dudosa (100%),True,0.973,2,0.266,0.0874,1.0
T10_d15_284_b_4.jpg,T10_284,4,auto,,False,0.974,0,,0.0,0.0
T10_d15_290_a_5.jpg,T10_290,5,revisar,defecto rectangular; area de defecto dudosa (100%),True,0.98,5,0.169,0.8761,1.0
T10_d15_294_a_5.jpg,T10_294,5,auto,,False,0.983,2,0.409,0.1175,0.284
T10_d15_294_b_5.jpg,T10_294,5,revisar,area de defecto dudosa (100%),True,0.976,4,0.214,0.1651,1.0
T10_d15_295_a_3.jpg,T10_295,3,auto,,False,0.98,1,0.635,0.1485,0.0
T10_d15_295_b_3.jpg,T10_295,3,revisar,area de defecto dudosa (100%),True,0.979,3,0.153,0.0808,1.0
T10_d15_296_a_3.jpg,T10_296,3,auto,,False,0.983,1,0.534,0.2831,0.0
T10_d15_296_b_3.jpg,T10_296,3,revisar,area de defecto dudosa (100%),True,0.975,2,0.191,0.2678,1.0
T10_d15_306_a_3.jpg,T10_306,3,auto,,False,0.976,0,,0.0,0.0
T10_d15_306_b_3.jpg,T10_306,3,auto,,False,0.978,0,,0.0,0.0
T10_d15_314_a_4.jpg,T10_314,4,auto,,False,0.981,0,,0.0,0.0
T10_d15_314_b_4.jpg,T10_314,4,revisar,area de defecto dudosa (100%),True,0.98,6,0.171,0.5856,1.0
T10_d15_315_a_3.jpg,T10_315,3,auto,,False,0.974,0,,0.0,0.0
T10_d15_315_b_3.jpg,T10_315,3,revisar,area de defecto dudosa (100%),True,0.976,1,0.357,0.0272,1.0
T10_d15_326_a_3.jpg,T10_326,3,revisar,area de defecto dudosa (100%),True,0.983,3,0.158,0.0778,1.0
T10_d15_326_b_3.jpg,T10_326,3,revisar,area de defecto dudosa (100%),True,0.983,2,0.176,0.1277,1.0
T10_d15_327_a_3.jpg,T10_327,3,auto,,False,0.974,0,,0.0,0.0
T10_d15_327_b_3.jpg,T10_327,3,auto,,False,0.98,0,,0.0,0.0
T10_d15_328_a_3.jpg,T10_328,3,auto,,False,0.982,0,,0.0,0.0
T10_d15_328_b_3.jpg,T10_328,3,auto,,False,0.981,1,0.788,0.0259,0.0
T10_d15_330_a_3.jpg,T10_330,3,auto,,False,0.975,0,,0.0,0.0
T10_d15_330_b_3.jpg,T10_330,3,auto,,False,0.976,0,,0.0,0.0
T10_d15_333_a_3.jpg,T10_333,3,auto,,False,0.98,1,0.557,0.0204,0.0
T10_d15_333_b_3.jpg,T10_333,3,revisar,area de defecto dudosa (100%),True,0.982,2,0.271,0.2135,1.0
T10_d15_336_a_4.jpg,T10_336,4,revisar,area de defecto dudosa (100%),True,0.979,2,0.234,0.6717,0.998
T10_d15_336_b_4.jpg,T10_336,4,revisar,area de defecto dudosa (100%),True,0.985,3,0.153,0.764,1.0
T10_d15_337_a_3.jpg,T10_337,3,auto,,False,0.979,0,,0.0,0.0
T10_d15_337_b_3.jpg,T10_337,3,revisar,area de defecto dudosa (100%),True,0.972,2,0.317,0.1806,1.0
T10_d15_338_a_3.jpg,T10_338,3,auto,,False,0.977,0,,0.0,0.0
T10_d15_338_b_3.jpg,T10_338,3,revisar,area de defecto dudosa (64%),True,0.978,2,0.474,0.2164,0.643
T10_d15_349_a_4.jpg,T10_349,4,revisar,area de defecto dudosa (100%),True,0.979,2,0.16,0.209,1.0
T10_d15_349_b_4.jpg,T10_349,4,auto,,False,0.975,0,,0.0,0.0
T10_d15_350_a_3.jpg,T10_350,3,auto,,False,0.975,1,0.869,0.0444,0.0
T10_d15_350_b_3.jpg,T10_350,3,auto,,False,0.975,0,,0.0,0.0
T10_d15_351_a_3.jpg,T10_351,3,revisar,area de defecto dudosa (100%),True,0.975,1,0.198,0.0501,1.0
T10_d15_351_b_3.jpg,T10_351,3,revisar,area de defecto dudosa (100%),True,0.977,2,0.169,0.0448,1.0
T10_d15_355_a_3.jpg,T10_355,3,auto,,False,0.978,1,0.631,0.028,0.0
T10_d15_355_b_3.jpg,T10_355,3,revisar,area de defecto dudosa (100%),True,0.977,1,0.378,0.032,1.0
T10_d15_357_a_3.jpg,T10_357,3,revisar,area de defecto dudosa (100%),True,0.975,5,0.186,0.2,0.998
T10_d15_357_b_3.jpg,T10_357,3,revisar,area de defecto dudosa (100%),True,0.98,2,0.166,0.1542,1.0
T10_d15_366_a_3.jpg,T10_366,3,auto,,False,0.977,1,0.753,0.0619,0.0
T10_d15_366_b_3.jpg,T10_366,3,revisar,area de defecto dudosa (100%),True,0.978,1,0.491,0.0249,1.0
T10_d15_367_a_3.jpg,T10_367,3,revisar,area de defecto dudosa (100%),True,0.976,3,0.18,0.2302,1.0
T10_d15_367_b_3.jpg,T10_367,3,revisar,area de defecto dudosa (98%),True,0.977,3,0.234,0.3108,0.984
T10_d15_372_a_3.jpg,T10_372,3,revisar,area de defecto dudosa (100%),True,0.98,4,0.163,0.1234,1.0
T10_d15_372_b_3.jpg,T10_372,3,revisar,area de defecto dudosa (100%),True,0.973,3,0.325,0.1326,1.0
T10_d15_376_a_4.jpg,T10_376,4,auto,,False,0.979,1,0.676,0.108,0.0
T10_d15_376_b_4.jpg,T10_376,4,revisar,area de defecto dudosa (100%),True,0.978,2,0.152,0.0363,1.0
T10_d15_377_a_4.jpg,T10_377,4,revisar,area de defecto dudosa (100%),True,0.979,1,0.192,0.0629,1.0
T10_d15_377_b_4.jpg,T10_377,4,auto,,False,0.978,0,,0.0,0.0
T10_d15_381_a_3.jpg,T10_381,3,auto,,False,0.974,0,,0.0,0.0
T10_d15_381_b_3.jpg,T10_381,3,revisar,area de defecto dudosa (100%),True,0.974,3,0.162,0.0573,1.0
T10_d15_382_a_4.jpg,T10_382,4,auto,,False,0.979,1,0.797,0.09,0.0
T10_d15_382_b_4.jpg,T10_382,4,auto,,False,0.974,1,0.502,0.1542,0.0
T10_d15_387_a_3.jpg,T10_387,3,revisar,area de defecto dudosa (100%),True,0.981,2,0.197,0.4523,1.0
T10_d15_387_b_3.jpg,T10_387,3,revisar,area de defecto dudosa (100%),True,0.977,5,0.17,0.5413,1.0
T10_d15_400_a_3.jpg,T10_400,3,revisar,area de defecto dudosa (58%),True,0.974,3,0.206,0.1212,0.58
T10_d15_400_b_3.jpg,T10_400,3,auto,,False,0.978,1,0.734,0.0524,0.0
T10_d15_401_a_3.jpg,T10_401,3,revisar,area de defecto dudosa (100%),True,0.974,1,0.261,0.1117,1.0
T10_d15_401_b_3.jpg,T10_401,3,revisar,area de defecto dudosa (86%),True,0.975,2,0.351,0.109,0.864
T10_d15_405_a_3.jpg,T10_405,3,auto,,False,0.98,1,0.669,0.0549,0.0
T10_d15_405_b_3.jpg,T10_405,3,revisar,area de defecto dudosa (100%),True,0.98,1,0.253,0.0091,1.0
T10_d15_408_a_3.jpg,T10_408,3,auto,,True,0.977,0,,0.0,0.0
T10_d15_408_b_3.jpg,T10_408,3,auto,,False,0.975,0,,0.0,0.0
T10_d15_410_a_3.jpg,T10_410,3,revisar,area de defecto dudosa (100%),True,0.978,1,0.477,0.0168,1.0
T10_d15_410_b_3.jpg,T10_410,3,auto,,False,0.98,1,0.593,0.0269,0.0
T10_d15_413_a_3.jpg,T10_413,3,auto,,True,0.977,1,0.878,0.0767,0.0
T10_d15_413_b_3.jpg,T10_413,3,revisar,area de defecto dudosa (100%),True,0.978,2,0.181,0.2413,1.0
T10_d15_414_a_3.jpg,T10_414,3,auto,,False,0.977,1,0.774,0.2276,0.0
T10_d15_414_b_3.jpg,T10_414,3,revisar,area de defecto dudosa (100%),True,0.979,3,0.213,0.4991,1.0
T10_d15_415_a_3.jpg,T10_415,3,auto,,False,0.979,0,,0.0,0.0
T10_d15_415_b_3.jpg,T10_415,3,revisar,area de defecto dudosa (99%),True,0.97,3,0.167,0.0833,0.994
T10_d15_420_a_3.jpg,T10_420,3,revisar,area de defecto dudosa (100%),True,0.98,3,0.174,0.3592,1.0
T10_d15_420_b_3.jpg,T10_420,3,auto,,False,0.977,1,0.564,0.0224,0.0
T10_d15_422_a_4.jpg,T10_422,4,auto,,False,0.977,1,0.762,0.0305,0.0
T10_d15_422_b_4.jpg,T10_422,4,revisar,area de defecto dudosa (97%),True,0.975,2,0.42,0.0462,0.968
T10_d15_425_a_3.jpg,T10_425,3,auto,,False,0.978,0,,0.0,0.0
T10_d15_429_a_3.jpg,T10_429,3,auto,,False,0.978,0,,0.0,0.0
T10_d15_429_b_3.jpg,T10_429,3,revisar,area de defecto dudosa (58%),True,0.978,3,0.293,0.0745,0.582
T10_d15_442_a_3.jpg,T10_442,3,auto,,False,0.977,1,0.677,0.0517,0.0
T10_d15_442_b_3.jpg,T10_442,3,revisar,area de defecto dudosa (99%),True,0.98,2,0.327,0.0312,0.993
T10_d15_444_a_4.jpg,T10_444,4,auto,,False,0.98,0,,0.0,0.0
T10_d15_444_b_4.jpg,T10_444,4,auto,,False,0.98,0,,0.0,0.0
T10_d15_445_a_3.jpg,T10_445,3,revisar,area de defecto dudosa (100%),True,0.976,1,0.407,0.0136,1.0
T10_d15_445_b_3.jpg,T10_445,3,revisar,area de defecto dudosa (100%),True,0.98,1,0.438,0.0201,1.0
T10_d15_446_a_4.jpg,T10_446,4,auto,,False,0.979,0,,0.0,0.0
T10_d15_446_b_4.jpg,T10_446,4,auto,,False,0.978,1,0.673,0.0315,0.0
T10_d15_447_a_4.jpg,T10_447,4,revisar,area de defecto dudosa (100%),True,0.978,2,0.21,0.1447,1.0
T10_d15_447_b_4.jpg,T10_447,4,revisar,area de defecto dudosa (100%),True,0.973,2,0.18,0.0786,1.0
T10_d15_448_a_4.jpg,T10_448,4,auto,,False,0.977,1,0.644,0.2866,0.0
T10_d15_448_b_4.jpg,T10_448,4,auto,,False,0.979,0,,0.0,0.0
T10_d15_449_a_3.jpg,T10_449,3,auto,,False,0.978,0,,0.0,0.0
T10_d15_449_b_3.jpg,T10_449,3,revisar,area de defecto dudosa (100%),True,0.979,7,0.15,0.1495,1.0
T10_d15_454_b_4.jpg,T10_454,4,auto,,False,0.973,2,0.379,0.0634,0.368
T10_d15_458_a_3.jpg,T10_458,3,auto,,False,0.974,0,,0.0,0.0
T10_d15_458_b_3.jpg,T10_458,3,revisar,area de defecto dudosa (100%),True,0.976,3,0.263,0.1345,1.0
T10_d15_459_a_3.jpg,T10_459,3,revisar,area de defecto dudosa (100%),True,0.976,2,0.216,0.4363,1.0
T10_d15_459_b_3.jpg,T10_459,3,revisar,area de defecto dudosa (100%),True,0.976,1,0.204,0.049,1.0
T10_d15_470_b_4.jpg,T10_470,4,auto,,False,0.978,0,,0.0,0.0
T10_d15_475_a_4.jpg,T10_475,4,revisar,area de defecto dudosa (100%),True,0.975,2,0.169,0.071,0.999
T10_d15_475_b_4.jpg,T10_475,4,revisar,area de defecto dudosa (100%),True,0.975,3,0.179,0.1329,1.0
T10_d16_002_a_4.jpg,T10_002,4,auto,,False,0.977,0,,0.0,0.0
T10_d16_002_b_4.jpg,T10_002,4,auto,,False,0.978,0,,0.0,0.0
T10_d16_003_a_4.jpg,T10_003,4,revisar,area de defecto dudosa (100%),True,0.978,2,0.202,0.358,1.0
T10_d16_003_b_4.jpg,T10_003,4,auto,,False,0.98,0,,0.0,0.0
T10_d16_007_a_3.jpg,T10_007,3,auto,,False,0.979,1,0.53,0.0777,0.0
T10_d16_007_b_3.jpg,T10_007,3,auto,,False,0.979,1,0.695,0.1023,0.0
T10_d16_011_a_3.jpg,T10_011,3,auto,,False,0.98,2,0.299,0.1694,0.063
T10_d16_011_b_3.jpg,T10_011,3,auto,,False,0.979,0,,0.0,0.0
T10_d16_013_a_3.jpg,T10_013,3,auto,,False,0.979,0,,0.0,0.0
T10_d16_021_a_3.jpg,T10_021,3,auto,,False,0.978,0,,0.0,0.0
T10_d16_021_b_3.jpg,T10_021,3,auto,,False,0.977,1,0.586,0.0571,0.0
T10_d16_022_a_4.jpg,T10_022,4,auto,,False,0.983,0,,0.0,0.0
T10_d16_022_b_4.jpg,T10_022,4,revisar,area de defecto dudosa (100%),True,0.981,3,0.184,0.4157,1.0
T10_d16_027_a_4.jpg,T10_027,4,auto,,False,0.983,0,,0.0,0.0
T10_d16_027_b_4.jpg,T10_027,4,revisar,area de defecto dudosa (100%),True,0.982,6,0.159,0.1855,1.0
T10_d16_034_b_4.jpg,T10_034,4,revisar,area de defecto dudosa (100%),True,0.982,4,0.18,0.2372,1.0
T10_d16_046_a_4.jpg,T10_046,4,revisar,area de defecto dudosa (100%),True,0.979,1,0.392,0.0282,1.0
T10_d16_046_b_4.jpg,T10_046,4,revisar,area de defecto dudosa (100%),True,0.979,5,0.154,0.1436,1.0
T10_d16_047_a_3.jpg,T10_047,3,auto,,False,0.981,0,,0.0,0.0
T10_d16_047_b_3.jpg,T10_047,3,auto,,False,0.981,0,,0.0,0.0
T10_d16_048_a_3.jpg,T10_048,3,revisar,area de defecto dudosa (100%),True,0.978,2,0.182,0.069,1.0
T10_d16_048_b_3.jpg,T10_048,3,auto,,False,0.98,0,,0.0,0.0
T10_d16_055_b_3.jpg,T10_055,3,auto,,False,0.98,1,0.622,0.0396,0.0
T10_d16_061_b_4.jpg,T10_061,4,auto,,False,0.977,0,,0.0,0.0
T10_d16_067_a_3.jpg,T10_067,3,revisar,area de defecto dudosa (100%),True,0.974,2,0.151,0.0261,1.0
T10_d16_067_b_3.jpg,T10_067,3,revisar,area de defecto dudosa (100%),True,0.975,1,0.393,0.2003,1.0
T10_d16_069_a_4.jpg,T10_069,4,auto,,False,0.983,2,0.221,0.1272,0.427
T10_d16_069_b_4.jpg,T10_069,4,revisar,area de defecto dudosa (100%),True,0.977,2,0.226,0.2004,1.0
T10_d16_083_a_4.jpg,T10_083,4,revisar,area de defecto dudosa (82%),True,0.977,2,0.423,0.0939,0.823
T10_d16_083_b_4.jpg,T10_083,4,revisar,area de defecto dudosa (100%),True,0.977,1,0.282,0.0379,1.0
T10_d16_089_a_3.jpg,T10_089,3,auto,,False,0.976,3,0.404,0.1001,0.408
T10_d16_089_b_3.jpg,T10_089,3,auto,,False,0.976,3,0.176,0.1279,0.075
T10_d16_093_a_3.jpg,T10_093,3,revisar,area de defecto dudosa (100%),True,0.98,1,0.491,0.015,1.0
T10_d16_093_b_3.jpg,T10_093,3,revisar,area de defecto dudosa (100%),True,0.978,2,0.191,0.0669,1.0
T10_d16_094_a_3.jpg,T10_094,3,auto,,False,0.98,1,0.662,0.1681,0.0
T10_d16_094_b_3.jpg,T10_094,3,revisar,area de defecto dudosa (100%),True,0.984,2,0.153,0.279,1.0
T10_d16_096_a_2.jpg,T10_096,2,auto,,False,0.976,1,0.734,0.1612,0.0
T10_d16_097_a_3.jpg,T10_097,3,auto,,True,0.979,1,0.773,0.0822,0.0
T10_d16_097_b_3.jpg,T10_097,3,revisar,defecto rectangular; area de defecto dudosa (100%),True,0.983,4,0.163,0.857,1.0
T10_d16_098_a_3.jpg,T10_098,3,auto,,False,0.982,0,,0.0,0.0
T10_d16_098_b_3.jpg,T10_098,3,revisar,area de defecto dudosa (100%),True,0.978,1,0.283,0.0291,1.0
T10_d16_099_a_3.jpg,T10_099,3,auto,,False,0.979,0,,0.0,0.0
T10_d16_099_b_3.jpg,T10_099,3,revisar,area de defecto dudosa (100%),True,0.982,1,0.348,0.0231,1.0
T10_d16_108_a_3.jpg,T10_108,3,auto,,False,0.976,0,,0.0,0.0
T10_d16_108_b_3.jpg,T10_108,3,auto,,False,0.981,0,,0.0,0.0
T10_d16_110_a_3.jpg,T10_110,3,auto,,False,0.978,0,,0.0,0.0
T10_d16_110_b_3.jpg,T10_110,3,revisar,area de defecto dudosa (85%),True,0.979,3,0.215,0.1154,0.851
T10_d16_113_a_3.jpg,T10_113,3,auto,,False,0.979,1,0.848,0.0993,0.0
T10_d16_113_b_3.jpg,T10_113,3,auto,,False,0.981,0,,0.0,0.0
T10_d16_118_a_4.jpg,T10_118,4,revisar,area de defecto dudosa (100%),True,0.98,2,0.223,0.327,1.0
T10_d16_118_b_4.jpg,T10_118,4,auto,,False,0.982,0,,0.0,0.0
T10_d16_122_b_3.jpg,T10_122,3,auto,,False,0.979,1,0.578,0.0518,0.0
T10_d16_125_a_3.jpg,T10_125,3,auto,,False,0.98,0,,0.0,0.0
T10_d16_125_b_3.jpg,T10_125,3,revisar,area de defecto dudosa (100%),True,0.977,1,0.282,0.0212,1.0
T10_d16_128_a_3.jpg,T10_128,3,revisar,area de defecto dudosa (100%),True,0.982,3,0.159,0.4913,1.0
T10_d16_128_b_3.jpg,T10_128,3,revisar,area de defecto dudosa (100%),True,0.982,2,0.173,0.405,1.0
T10_d16_129_b_3.jpg,T10_129,3,auto,,False,0.976,2,0.256,0.0483,0.343
T10_d16_130_a_3.jpg,T10_130,3,revisar,area de defecto dudosa (100%),True,0.978,5,0.157,0.6589,1.0
T10_d16_130_b_3.jpg,T10_130,3,revisar,area de defecto dudosa (100%),True,0.975,1,0.456,0.3514,1.0
T10_d16_131_a_3.jpg,T10_131,3,revisar,area de defecto dudosa (100%),True,0.977,1,0.339,0.5475,1.0
T10_d16_131_b_3.jpg,T10_131,3,revisar,area de defecto dudosa (100%),True,0.977,1,0.173,0.0432,1.0
T10_d16_133_a_3.jpg,T10_133,3,revisar,area de defecto dudosa (99%),True,0.979,2,0.332,0.2139,0.992
T10_d16_133_b_3.jpg,T10_133,3,revisar,area de defecto dudosa (100%),True,0.983,2,0.199,0.3827,1.0
T10_d16_138_b_3.jpg,T10_138,3,revisar,area de defecto dudosa (60%),True,0.979,2,0.353,0.0539,0.598
T10_d16_145_a_3.jpg,T10_145,3,revisar,area de defecto dudosa (100%),True,0.975,3,0.212,0.2617,1.0
T10_d16_145_b_3.jpg,T10_145,3,revisar,defecto rectangular; defecto rectangular; defecto rectangular; area de defecto dudosa (100%),True,0.976,3,0.227,0.5691,1.0
T10_d16_149_a_3.jpg,T10_149,3,revisar,area de defecto dudosa (100%),True,0.979,2,0.283,0.3902,1.0
T10_d16_149_b_3.jpg,T10_149,3,revisar,area de defecto dudosa (100%),True,0.974,2,0.183,0.1918,1.0
T10_d16_152_a_3.jpg,T10_152,3,auto,,False,0.977,1,0.583,0.0284,0.0
T10_d16_152_b_3.jpg,T10_152,3,auto,,False,0.975,3,0.197,0.0476,0.443
T10_d16_156_a_4.jpg,T10_156,4,revisar,area de defecto dudosa (100%),True,0.98,1,0.163,0.0253,1.0
T10_d16_156_b_4.jpg,T10_156,4,revisar,area de defecto dudosa (100%),True,0.984,2,0.156,0.2333,1.0
T10_d16_165_a_3.jpg,T10_165,3,auto,,False,0.98,1,0.769,0.074,0.0
T10_d16_165_b_3.jpg,T10_165,3,auto,,False,0.978,1,0.717,0.0427,0.0
T10_d16_166_a_3.jpg,T10_166,3,auto,,False,0.977,0,,0.0,0.0
T10_d16_166_b_3.jpg,T10_166,3,revisar,area de defecto dudosa (100%),True,0.979,2,0.249,0.2089,1.0
T10_d16_167_a_3.jpg,T10_167,3,revisar,area de defecto dudosa (100%),True,0.98,2,0.216,0.0152,1.0
T10_d16_167_b_3.jpg,T10_167,3,revisar,area de defecto dudosa (100%),True,0.978,2,0.224,0.1863,1.0
T10_d16_168_a_4.jpg,T10_168,4,revisar,area de defecto dudosa (100%),True,0.979,1,0.39,0.0536,1.0
T10_d16_168_b_4.jpg,T10_168,4,revisar,area de defecto dudosa (100%),True,0.981,3,0.168,0.3522,1.0
T10_d16_172_a_4.jpg,T10_172,4,revisar,area de defecto dudosa (62%),True,0.976,3,0.197,0.0454,0.619
T10_d16_172_b_4.jpg,T10_172,4,auto,,False,0.977,1,0.788,0.052,0.0
T10_d16_181_a_3.jpg,T10_181,3,auto,,False,0.982,0,,0.0,0.0
T10_d16_181_b_3.jpg,T10_181,3,revisar,area de defecto dudosa (100%),True,0.98,1,0.293,0.0196,1.0
T10_d16_193_a_3.jpg,T10_193,3,revisar,area de defecto dudosa (100%),True,0.981,3,0.172,0.8867,1.0
T10_d16_193_b_3.jpg,T10_193,3,auto,,False,0.981,0,,0.0,0.0
T10_d16_194_a_3.jpg,T10_194,3,revisar,area de defecto dudosa (100%),True,0.977,2,0.248,0.0839,1.0
T10_d16_194_b_3.jpg,T10_194,3,revisar,area de defecto dudosa (100%),True,0.981,3,0.21,0.4382,1.0
T10_d16_196_a_3.jpg,T10_196,3,auto,,False,0.98,0,,0.0,0.0
T10_d16_196_b_3.jpg,T10_196,3,revisar,area de defecto dudosa (100%),True,0.982,2,0.218,0.0697,1.0
T10_d16_202_b_4.jpg,T10_202,4,revisar,area de defecto dudosa (100%),True,0.975,2,0.214,0.089,1.0
T10_d16_204_a_3.jpg,T10_204,3,auto,,False,0.979,0,,0.0,0.0
T10_d16_204_b_3.jpg,T10_204,3,revisar,area de defecto dudosa (100%),True,0.977,7,0.16,0.2562,1.0
T10_d16_206_a_3.jpg,T10_206,3,revisar,area de defecto dudosa (100%),True,0.98,2,0.18,0.0859,1.0
T10_d16_206_b_3.jpg,T10_206,3,revisar,area de defecto dudosa (100%),True,0.98,1,0.278,0.0067,1.0
T10_d16_211_a_3.jpg,T10_211,3,auto,,False,0.979,1,0.695,0.0383,0.0
T10_d16_211_b_3.jpg,T10_211,3,auto,,False,0.978,1,0.736,0.1795,0.0
T10_d16_213_a_3.jpg,T10_213,3,auto,,False,0.979,0,,0.0,0.0
T10_d16_213_b_3.jpg,T10_213,3,revisar,area de defecto dudosa (100%),True,0.98,3,0.175,0.4018,1.0
T10_d16_215_a_3.jpg,T10_215,3,auto,,False,0.98,0,,0.0,0.0
T10_d16_215_b_3.jpg,T10_215,3,auto,,False,0.979,0,,0.0,0.0
T10_d16_217_a_3.jpg,T10_217,3,auto,,False,0.98,1,0.75,0.1252,0.0
T10_d16_217_b_3.jpg,T10_217,3,auto,,False,0.98,0,,0.0,0.0
T10_d16_221_a_3.jpg,T10_221,3,auto,,False,0.98,0,,0.0,0.0
T10_d16_221_b_3.jpg,T10_221,3,revisar,area de defecto dudosa (100%),True,0.98,2,0.392,0.1439,1.0
T10_d16_223_a_3.jpg,T10_223,3,revisar,area de defecto dudosa (100%),True,0.979,2,0.194,0.1252,1.0
T10_d16_223_b_3.jpg,T10_223,3,revisar,area de defecto dudosa (100%),True,0.978,2,0.153,0.0653,1.0
T10_d16_227_a_5.jpg,T10_227,5,auto,,False,0.975,1,0.59,0.0667,0.0
T10_d16_227_b_5.jpg,T10_227,5,auto,,False,0.981,0,,0.0,0.0
T10_d16_229_a_3.jpg,T10_229,3,auto,,False,0.979,1,0.749,0.1123,0.0
T10_d16_229_b_3.jpg,T10_229,3,auto,,False,0.981,0,,0.0,0.0
T10_d16_233_a_3.jpg,T10_233,3,revisar,area de defecto dudosa (87%),True,0.98,2,0.176,0.2203,0.874
T10_d16_234_a_4.jpg,T10_234,4,auto,,False,0.979,1,0.507,0.0214,0.0
T10_d16_234_b_4.jpg,T10_234,4,revisar,area de defecto dudosa (91%),True,0.979,2,0.151,0.1209,0.906
T10_d16_236_a_3.jpg,T10_236,3,revisar,area de defecto dudosa (100%),True,0.982,2,0.184,0.0692,1.0
T10_d16_236_b_3.jpg,T10_236,3,auto,,False,0.967,1,0.651,0.0769,0.0
T10_d16_237_b_3.jpg,T10_237,3,auto,,False,0.983,3,0.347,0.3207,0.332
T10_d16_243_a_3.jpg,T10_243,3,auto,,False,0.979,0,,0.0,0.0
T10_d16_243_b_3.jpg,T10_243,3,revisar,area de defecto dudosa (100%),True,0.979,1,0.39,0.5445,1.0
T10_d16_245_a_4.jpg,T10_245,4,revisar,area de defecto dudosa (100%),True,0.981,3,0.285,0.0914,1.0
T10_d16_250_a_3.jpg,T10_250,3,revisar,area de defecto dudosa (100%),True,0.975,4,0.154,0.0579,1.0
T10_d16_250_b_3.jpg,T10_250,3,revisar,area de defecto dudosa (100%),True,0.977,3,0.289,0.1344,1.0
T10_d16_252_a_3.jpg,T10_252,3,revisar,area de defecto dudosa (100%),True,0.98,2,0.204,0.0547,1.0
T10_d16_252_b_3.jpg,T10_252,3,revisar,area de defecto dudosa (100%),True,0.978,2,0.281,0.1827,1.0
T10_d16_262_a_3.jpg,T10_262,3,auto,,False,0.981,0,,0.0,0.0
T10_d16_262_b_3.jpg,T10_262,3,auto,,False,0.98,1,0.508,0.0355,0.0
T10_d16_269_a_4.jpg,T10_269,4,auto,,False,0.976,1,0.683,0.0872,0.0
T10_d16_269_b_4.jpg,T10_269,4,revisar,area de defecto dudosa (100%),True,0.979,2,0.341,0.0546,1.0
T10_d16_274_a_3.jpg,T10_274,3,auto,,False,0.981,0,,0.0,0.0
T10_d16_274_b_3.jpg,T10_274,3,auto,,False,0.974,2,0.301,0.197,0.104
T10_d16_276_b_3.jpg,T10_276,3,revisar,area de defecto dudosa (100%),True,0.978,5,0.155,0.1797,1.0
T10_d16_282_a_4.jpg,T10_282,4,auto,,False,0.979,0,,0.0,0.0
T10_d16_282_b_4.jpg,T10_282,4,revisar,area de defecto dudosa (100%),True,0.979,1,0.425,0.0754,1.0
T10_d16_283_a_5.jpg,T10_283,5,revisar,area de defecto dudosa (70%),True,0.978,2,0.194,0.3162,0.702
T10_d16_283_b_5.jpg,T10_283,5,revisar,area de defecto dudosa (100%),True,0.978,2,0.189,0.201,1.0
T10_d16_284_a_4.jpg,T10_284,4,auto,,False,0.972,0,,0.0,0.0
T10_d16_284_b_4.jpg,T10_284,4,auto,,False,0.974,0,,0.0,0.0
T10_d16_290_a_5.jpg,T10_290,5,revisar,defecto rectangular; area de defecto dudosa (100%),True,0.977,4,0.167,0.8792,1.0
T10_d16_290_b_5.jpg,T10_290,5,revisar,area de defecto dudosa (100%),True,0.981,5,0.16,0.4425,1.0
T10_d16_294_a_5.jpg,T10_294,5,auto,,False,0.98,1,0.688,0.1183,0.0
T10_d16_294_b_5.jpg,T10_294,5,revisar,area de defecto dudosa (100%),True,0.976,3,0.211,0.3549,1.0
T10_d16_295_a_3.jpg,T10_295,3,auto,,False,0.98,1,0.631,0.1306,0.0
T10_d16_295_b_3.jpg,T10_295,3,auto,,False,0.978,2,0.523,0.065,0.0
T10_d16_296_a_3.jpg,T10_296,3,auto,,False,0.978,1,0.594,0.2889,0.0
T10_d16_296_b_3.jpg,T10_296,3,revisar,area de defecto dudosa (100%),True,0.975,3,0.26,0.365,1.0
T10_d16_306_a_3.jpg,T10_306,3,auto,,False,0.978,0,,0.0,0.0
T10_d16_306_b_3.jpg,T10_306,3,auto,,False,0.978,0,,0.0,0.0
T10_d16_315_a_3.jpg,T10_315,3,auto,,False,0.974,0,,0.0,0.0
T10_d16_315_b_3.jpg,T10_315,3,revisar,area de defecto dudosa (100%),True,0.976,1,0.246,0.0159,1.0
T10_d16_326_a_3.jpg,T10_326,3,auto,,False,0.978,1,0.579,0.0443,0.0
T10_d16_326_b_3.jpg,T10_326,3,revisar,area de defecto dudosa (100%),True,0.982,3,0.189,0.3073,1.0
T10_d16_327_a_3.jpg,T10_327,3,auto,,False,0.978,0,,0.0,0.0
T10_d16_327_b_3.jpg,T10_327,3,auto,,False,0.98,0,,0.0,0.0
T10_d16_328_a_3.jpg,T10_328,3,auto,,False,0.978,0,,0.0,0.0
T10_d16_328_b_3.jpg,T10_328,3,auto,,False,0.981,1,0.584,0.0277,0.0
T10_d16_330_a_3.jpg,T10_330,3,auto,,False,0.98,0,,0.0,0.0
T10_d16_330_b_3.jpg,T10_330,3,auto,,False,0.982,0,,0.0,0.0
T10_d16_333_a_3.jpg,T10_333,3,revisar,area de defecto dudosa (100%),True,0.978,2,0.251,0.0293,1.0
T10_d16_333_b_3.jpg,T10_333,3,revisar,area de defecto dudosa (100%),True,0.98,2,0.291,0.1478,1.0
T10_d16_336_a_4.jpg,T10_336,4,revisar,defecto rectangular; area de defecto dudosa (100%),True,0.981,3,0.195,0.6538,1.0
T10_d16_336_b_4.jpg,T10_336,4,revisar,defecto rectangular; area de defecto dudosa (100%),True,0.978,3,0.164,0.8323,1.0
T10_d16_337_a_3.jpg,T10_337,3,auto,,False,0.98,0,,0.0,0.0
T10_d16_337_b_3.jpg,T10_337,3,revisar,area de defecto dudosa (100%),True,0.977,5,0.164,0.3416,1.0
T10_d16_338_a_3.jpg,T10_338,3,auto,,True,0.977,0,,0.0,0.0
T10_d16_338_b_3.jpg,T10_338,3,revisar,area de defecto dudosa (100%),True,0.977,3,0.254,0.3658,1.0
T10_d16_349_a_4.jpg,T10_349,4,revisar,area de defecto dudosa (100%),True,0.979,2,0.26,0.1275,1.0
T10_d16_349_b_4.jpg,T10_349,4,auto,,False,0.973,0,,0.0,0.0
T10_d16_350_a_3.jpg,T10_350,3,auto,,False,0.975,1,0.82,0.0422,0.0
T10_d16_350_b_3.jpg,T10_350,3,auto,,False,0.977,0,,0.0,0.0
T10_d16_351_a_3.jpg,T10_351,3,auto,,False,0.978,0,,0.0,0.0
T10_d16_355_a_4.jpg,T10_355,4,revisar,area de defecto dudosa (100%),True,0.98,2,0.275,0.0449,1.0
T10_d16_355_b_4.jpg,T10_355,4,revisar,area de defecto dudosa (100%),True,0.978,1,0.159,0.2723,1.0
T10_d16_357_a_3.jpg,T10_357,3,revisar,area de defecto dudosa (100%),True,0.977,4,0.194,0.2042,1.0
T10_d16_357_b_3.jpg,T10_357,3,auto,,False,0.979,1,0.722,0.0534,0.0
T10_d16_366_a_3.jpg,T10_366,3,auto,,False,0.98,1,0.801,0.0769,0.0
T10_d16_366_b_3.jpg,T10_366,3,revisar,area de defecto dudosa (100%),True,0.978,1,0.436,0.025,1.0
T10_d16_367_a_3.jpg,T10_367,3,revisar,area de defecto dudosa (100%),True,0.978,2,0.207,0.2589,1.0
T10_d16_367_b_3.jpg,T10_367,3,revisar,area de defecto dudosa (100%),True,0.98,4,0.156,0.4111,1.0
T10_d16_372_a_3.jpg,T10_372,3,revisar,area de defecto dudosa (80%),True,0.974,4,0.216,0.1086,0.797
T10_d16_372_b_3.jpg,T10_372,3,revisar,area de defecto dudosa (100%),True,0.978,5,0.247,0.0951,1.0
T10_d16_376_a_4.jpg,T10_376,4,revisar,area de defecto dudosa (93%),True,0.977,2,0.313,0.1311,0.928
T10_d16_376_b_4.jpg,T10_376,4,revisar,area de defecto dudosa (100%),True,0.974,2,0.193,0.0249,1.0
T10_d16_377_a_4.jpg,T10_377,4,auto,,False,0.981,0,,0.0,0.0
T10_d16_377_b_4.jpg,T10_377,4,auto,,True,0.979,0,,0.0,0.0
T10_d16_381_a_3.jpg,T10_381,3,auto,,False,0.981,0,,0.0,0.0
T10_d16_381_b_3.jpg,T10_381,3,revisar,area de defecto dudosa (52%),True,0.975,2,0.188,0.0557,0.521
T10_d16_382_a_4.jpg,T10_382,4,auto,,False,0.977,1,0.803,0.114,0.0
T10_d16_382_b_4.jpg,T10_382,4,auto,,False,0.975,1,0.544,0.1367,0.0
T10_d16_387_a_3.jpg,T10_387,3,revisar,area de defecto dudosa (100%),True,0.981,8,0.16,0.8003,1.0
T10_d16_387_b_3.jpg,T10_387,3,revisar,area de defecto dudosa (100%),True,0.981,3,0.154,0.5225,1.0
T10_d16_400_a_3.jpg,T10_400,3,revisar,area de defecto dudosa (100%),True,0.975,5,0.174,0.1978,1.0
T10_d16_400_b_3.jpg,T10_400,3,revisar,area de defecto dudosa (100%),True,0.977,2,0.165,0.0667,1.0
T10_d16_401_a_3.jpg,T10_401,3,auto,,False,0.978,0,,0.0,0.0
T10_d16_401_b_3.jpg,T10_401,3,auto,,False,0.976,1,0.7,0.0625,0.0
T10_d16_405_b_3.jpg,T10_405,3,auto,,False,0.981,0,,0.0,0.0
T10_d16_408_a_3.jpg,T10_408,3,auto,,False,0.981,0,,0.0,0.0
T10_d16_408_b_3.jpg,T10_408,3,auto,,False,0.976,0,,0.0,0.0
T10_d16_410_a_3.jpg,T10_410,3,revisar,area de defecto dudosa (100%),True,0.979,1,0.225,0.3001,1.0
T10_d16_410_b_3.jpg,T10_410,3,revisar,area de defecto dudosa (100%),True,0.974,2,0.174,0.1112,0.997
T10_d16_413_a_3.jpg,T10_413,3,auto,,False,0.975,1,0.886,0.0927,0.0
T10_d16_413_b_3.jpg,T10_413,3,revisar,area de defecto dudosa (100%),True,0.976,2,0.26,0.0155,1.0
T10_d16_414_a_3.jpg,T10_414,3,auto,,False,0.978,1,0.81,0.2239,0.0
T10_d16_414_b_3.jpg,T10_414,3,revisar,area de defecto dudosa (100%),True,0.979,5,0.174,0.3921,1.0
T10_d16_415_a_3.jpg,T10_415,3,revisar,area de defecto dudosa (100%),True,0.977,1,0.202,0.0158,1.0
T10_d16_415_b_3.jpg,T10_415,3,revisar,area de defecto dudosa (100%),True,0.978,2,0.154,0.8017,1.0
T10_d16_420_a_3.jpg,T10_420,3,revisar,area de defecto dudosa (100%),True,0.982,5,0.162,0.5734,1.0
T10_d16_420_b_3.jpg,T10_420,3,auto,,False,0.98,0,,0.0,0.0
T10_d16_422_a_4.jpg,T10_422,4,auto,,False,0.979,1,0.751,0.0348,0.0
T10_d16_422_b_4.jpg,T10_422,4,revisar,area de defecto dudosa (100%),True,0.977,1,0.458,0.0702,1.0
T10_d16_425_a_3.jpg,T10_425,3,auto,,False,0.981,0,,0.0,0.0
T10_d16_425_b_3.jpg,T10_425,3,auto,,True,0.983,0,,0.0,0.0
T10_d16_429_b_3.jpg,T10_429,3,revisar,area de defecto dudosa (100%),True,0.98,3,0.321,0.0953,1.0
T10_d16_442_a_3.jpg,T10_442,3,auto,,False,0.981,0,,0.0,0.0
T10_d16_442_b_3.jpg,T10_442,3,auto,,False,0.978,1,0.532,0.0174,0.0
T10_d16_444_a_4.jpg,T10_444,4,auto,,False,0.978,0,,0.0,0.0
T10_d16_444_b_4.jpg,T10_444,4,auto,,False,0.978,0,,0.0,0.0
T10_d16_445_a_3.jpg,T10_445,3,auto,,False,0.979,1,0.69,0.052,0.0
T10_d16_445_b_3.jpg,T10_445,3,auto,,False,0.98,1,0.681,0.0253,0.0
T10_d16_446_a_4.jpg,T10_446,4,auto,,False,0.978,0,,0.0,0.0
T10_d16_446_b_4.jpg,T10_446,4,auto,,False,0.978,1,0.51,0.0156,0.0
T10_d16_447_b_4.jpg,T10_447,4,revisar,area de defecto dudosa (100%),True,0.981,3,0.254,0.1507,1.0
T10_d16_448_a_5.jpg,T10_448,5,revisar,area de defecto dudosa (100%),True,0.978,2,0.179,0.2277,1.0
T10_d16_448_b_5.jpg,T10_448,5,revisar,area de defecto dudosa (100%),True,0.98,2,0.201,0.0886,1.0
T10_d16_449_a_3.jpg,T10_449,3,revisar,area de defecto dudosa (100%),True,0.977,1,0.16,0.024,1.0
T10_d16_454_a_4.jpg,T10_454,4,auto,,False,0.977,0,,0.0,0.0
T10_d16_454_b_4.jpg,T10_454,4,revisar,area de defecto dudosa (100%),True,0.977,2,0.239,0.0672,1.0
T10_d16_458_a_4.jpg,T10_458,4,auto,,False,0.976,0,,0.0,0.0
T10_d16_458_b_4.jpg,T10_458,4,revisar,area de defecto dudosa (100%),True,0.979,3,0.24,0.1347,1.0
T10_d16_459_a_3.jpg,T10_459,3,revisar,area de defecto dudosa (100%),True,0.979,2,0.171,0.3494,1.0
T10_d16_459_b_3.jpg,T10_459,3,auto,,False,0.98,0,,0.0,0.0
T10_d16_470_a_4.jpg,T10_470,4,revisar,area de defecto dudosa (100%),True,0.979,4,0.181,0.8468,1.0
T10_d16_470_b_4.jpg,T10_470,4,auto,,False,0.977,0,,0.0,0.0
T10_d16_475_a_4.jpg,T10_475,4,auto,,False,0.977,1,0.775,0.0493,0.0
T10_d16_475_b_4.jpg,T10_475,4,revisar,area de defecto dudosa (100%),True,0.976,1,0.267,0.1836,1.0
T10_d17_002_a_4.jpg,T10_002,4,auto,,False,0.977,0,,0.0,0.0
T10_d17_002_b_4.jpg,T10_002,4,revisar,area de defecto dudosa (100%),True,0.978,2,0.154,0.0864,1.0
T10_d17_003_a_4.jpg,T10_003,4,revisar,area de defecto dudosa (100%),True,0.981,1,0.378,0.3648,1.0
T10_d17_003_b_4.jpg,T10_003,4,auto,,False,0.98,0,,0.0,0.0
T10_d17_007_a_4.jpg,T10_007,4,auto,,False,0.98,1,0.576,0.0806,0.0
T10_d17_007_b_4.jpg,T10_007,4,auto,,False,0.975,1,0.666,0.0954,0.0
T10_d17_011_a_4.jpg,T10_011,4,auto,,False,0.978,2,0.422,0.1703,0.104
T10_d17_013_a_3.jpg,T10_013,3,auto,,False,0.977,0,,0.0,0.0
T10_d17_013_b_3.jpg,T10_013,3,auto,,False,0.976,0,,0.0,0.0
T10_d17_021_a_4.jpg,T10_021,4,revisar,area de defecto dudosa (100%),True,0.978,1,0.173,0.0274,1.0
T10_d17_021_b_4.jpg,T10_021,4,revisar,area de defecto dudosa (98%),True,0.978,3,0.168,0.2309,0.98
T10_d17_022_a_4.jpg,T10_022,4,auto,,False,0.978,0,,0.0,0.0
T10_d17_022_b_4.jpg,T10_022,4,auto,,False,0.982,1,0.54,0.0679,0.0
T10_d17_026_a_4.jpg,T10_026,4,revisar,area de defecto dudosa (78%),True,0.974,2,0.17,0.1489,0.776
T10_d17_026_b_4.jpg,T10_026,4,revisar,area de defecto dudosa (100%),True,0.977,1,0.362,0.0202,1.0
T10_d17_027_a_4.jpg,T10_027,4,auto,,False,0.983,0,,0.0,0.0
T10_d17_034_a_4.jpg,T10_034,4,revisar,area de defecto dudosa (100%),True,0.98,2,0.3,0.3385,1.0
T10_d17_034_b_4.jpg,T10_034,4,revisar,area de defecto dudosa (100%),True,0.979,2,0.341,0.2122,1.0
T10_d17_046_a_4.jpg,T10_046,4,revisar,area de defecto dudosa (100%),True,0.977,2,0.268,0.0224,1.0
T10_d17_046_b_4.jpg,T10_046,4,revisar,area de defecto dudosa (100%),True,0.978,6,0.192,0.116,1.0
T10_d17_047_b_3.jpg,T10_047,3,auto,,False,0.979,0,,0.0,0.0
T10_d17_048_a_4.jpg,T10_048,4,revisar,area de defecto dudosa (100%),True,0.977,1,0.182,0.0624,1.0
T10_d17_048_b_4.jpg,T10_048,4,auto,,False,0.98,0,,0.0,0.0
T10_d17_055_a_4.jpg,T10_055,4,auto,,False,0.979,1,0.71,0.0686,0.0
T10_d17_055_b_4.jpg,T10_055,4,auto,,False,0.979,1,0.717,0.0319,0.0
T10_d17_061_a_4.jpg,T10_061,4,revisar,area de defecto dudosa (100%),True,0.975,3,0.262,0.5762,1.0
T10_d17_061_b_4.jpg,T10_061,4,auto,,False,0.979,0,,0.0,0.0
T10_d17_067_a_3.jpg,T10_067,3,revisar,area de defecto dudosa (100%),True,0.973,2,0.163,0.0172,1.0
T10_d17_069_a_4.jpg,T10_069,4,auto,,False,0.978,2,0.174,0.1215,0.408
T10_d17_069_b_4.jpg,T10_069,4,revisar,area de defecto dudosa (100%),True,0.977,4,0.156,0.2449,1.0
T10_d17_083_a_4.jpg,T10_083,4,auto,,False,0.974,2,0.426,0.0743,0.22
T10_d17_083_b_4.jpg,T10_083,4,revisar,area de defecto dudosa (100%),True,0.978,1,0.266,0.037,1.0
T10_d17_089_a_4.jpg,T10_089,4,auto,,False,0.974,3,0.47,0.1265,0.495
T10_d17_089_b_4.jpg,T10_089,4,auto,,False,0.975,3,0.233,0.1302,0.088
T10_d17_093_a_3.jpg,T10_093,3,auto,,False,0.979,1,0.599,0.0142,0.0
T10_d17_093_b_3.jpg,T10_093,3,revisar,area de defecto dudosa (100%),True,0.98,3,0.22,0.0753,1.0
T10_d17_094_b_4.jpg,T10_094,4,revisar,area de defecto dudosa (100%),True,0.98,1,0.363,0.2771,1.0
T10_d17_096_a_3.jpg,T10_096,3,auto,,False,0.976,1,0.754,0.1586,0.0
T10_d17_096_b_3.jpg,T10_096,3,revisar,area de defecto dudosa (100%),True,0.977,4,0.164,0.0868,1.0
T10_d17_097_a_3.jpg,T10_097,3,auto,,False,0.979,1,0.782,0.0665,0.0
T10_d17_097_b_3.jpg,T10_097,3,revisar,area de defecto dudosa (100%),True,0.98,3,0.243,0.6774,1.0
T10_d17_098_a_4.jpg,T10_098,4,auto,,False,0.981,0,,0.0,0.0
T10_d17_098_b_4.jpg,T10_098,4,revisar,area de defecto dudosa (100%),True,0.978,2,0.152,0.0231,1.0
T10_d17_099_a_3.jpg,T10_099,3,auto,,False,0.975,0,,0.0,0.0
T10_d17_099_b_3.jpg,T10_099,3,revisar,area de defecto dudosa (100%),True,0.976,2,0.19,0.1968,1.0
T10_d17_108_a_4.jpg,T10_108,4,auto,,False,0.976,0,,0.0,0.0
T10_d17_108_b_4.jpg,T10_108,4,auto,,False,0.978,0,,0.0,0.0
T10_d17_110_a_4.jpg,T10_110,4,auto,,False,0.98,0,,0.0,0.0
T10_d17_110_b_4.jpg,T10_110,4,revisar,area de defecto dudosa (88%),True,0.981,3,0.211,0.1074,0.879
T10_d17_113_a_3.jpg,T10_113,3,auto,,False,0.976,1,0.898,0.0969,0.0
T10_d17_113_b_3.jpg,T10_113,3,auto,,False,0.974,0,,0.0,0.0
T10_d17_118_a_4.jpg,T10_118,4,revisar,area de defecto dudosa (100%),True,0.979,2,0.165,0.3479,1.0
T10_d17_118_b_4.jpg,T10_118,4,auto,,False,0.981,0,,0.0,0.0
T10_d17_122_a_3.jpg,T10_122,3,revisar,area de defecto dudosa (100%),True,0.975,5,0.155,0.1705,1.0
T10_d17_122_b_3.jpg,T10_122,3,auto,,False,0.978,1,0.654,0.0508,0.0
T10_d17_125_a_3.jpg,T10_125,3,auto,,False,0.982,0,,0.0,0.0
T10_d17_128_b_3.jpg,T10_128,3,revisar,area de defecto dudosa (100%),True,0.981,2,0.182,0.4271,1.0
T10_d17_129_a_4.jpg,T10_129,4,revisar,area de defecto dudosa (100%),True,0.981,1,0.418,0.0172,1.0
T10_d17_129_b_4.jpg,T10_129,4,auto,,False,0.978,2,0.488,0.055,0.437
T10_d17_130_a_4.jpg,T10_130,4,revisar,area de defecto dudosa (100%),True,0.978,2,0.243,0.4906,1.0
T10_d17_130_b_4.jpg,T10_130,4,revisar,area de defecto dudosa (100%),True,0.977,1,0.325,0.3311,1.0
T10_d17_131_a_3.jpg,T10_131,3,revisar,area de defecto dudosa (100%),True,0.981,1,0.351,0.4494,1.0
T10_d17_131_b_3.jpg,T10_131,3,revisar,area de defecto dudosa (100%),True,0.979,1,0.159,0.0317,1.0
T10_d17_133_b_4.jpg,T10_133,4,revisar,area de defecto dudosa (100%),True,0.981,2,0.274,0.5213,1.0
T10_d17_138_a_3.jpg,T10_138,3,auto,,False,0.979,0,,0.0,0.0
T10_d17_138_b_3.jpg,T10_138,3,revisar,area de defecto dudosa (70%),True,0.977,3,0.223,0.0796,0.696
T10_d17_145_a_3.jpg,T10_145,3,revisar,area de defecto dudosa (100%),True,0.976,3,0.282,0.288,1.0
T10_d17_145_b_3.jpg,T10_145,3,revisar,defecto rectangular; defecto rectangular; defecto rectangular; area de defecto dudosa (100%),True,0.978,4,0.206,0.4933,1.0
T10_d17_149_a_3.jpg,T10_149,3,auto,,False,0.975,1,0.681,0.2594,0.0
T10_d17_152_a_3.jpg,T10_152,3,auto,,False,0.979,1,0.626,0.0381,0.0
T10_d17_152_b_3.jpg,T10_152,3,revisar,area de defecto dudosa (70%),True,0.977,4,0.169,0.0602,0.703
T10_d17_156_a_4.jpg,T10_156,4,revisar,area de defecto dudosa (100%),True,0.979,1,0.2,0.0344,1.0
T10_d17_156_b_4.jpg,T10_156,4,revisar,area de defecto dudosa (100%),True,0.979,1,0.236,0.1034,1.0
T10_d17_165_a_3.jpg,T10_165,3,auto,,False,0.978,1,0.751,0.0721,0.0
T10_d17_165_b_3.jpg,T10_165,3,auto,,False,0.979,1,0.735,0.0339,0.0
T10_d17_166_a_4.jpg,T10_166,4,auto,,False,0.976,0,,0.0,0.0
T10_d17_166_b_4.jpg,T10_166,4,revisar,area de defecto dudosa (100%),True,0.977,2,0.278,0.2509,1.0
T10_d17_167_a_4.jpg,T10_167,4,revisar,area de defecto dudosa (100%),True,0.98,2,0.167,0.0164,1.0
T10_d17_167_b_4.jpg,T10_167,4,revisar,area de defecto dudosa (100%),True,0.976,2,0.187,0.1658,1.0
T10_d17_168_a_4.jpg,T10_168,4,revisar,area de defecto dudosa (100%),True,0.977,2,0.308,0.0578,1.0
T10_d17_168_b_4.jpg,T10_168,4,revisar,area de defecto dudosa (100%),True,0.981,1,0.224,0.3323,1.0
T10_d17_172_a_4.jpg,T10_172,4,revisar,area de defecto dudosa (100%),True,0.976,2,0.246,0.0645,1.0
T10_d17_172_b_4.jpg,T10_172,4,revisar,area de defecto dudosa (100%),True,0.974,2,0.23,0.0579,1.0
T10_d17_181_a_4.jpg,T10_181,4,auto,,False,0.979,0,,0.0,0.0
T10_d17_181_b_4.jpg,T10_181,4,revisar,area de defecto dudosa (100%),True,0.98,1,0.215,0.0207,1.0
T10_d17_193_a_4.jpg,T10_193,4,revisar,defecto rectangular; area de defecto dudosa (100%),True,0.979,2,0.161,0.8431,1.0
T10_d17_193_b_4.jpg,T10_193,4,auto,,False,0.981,0,,0.0,0.0
T10_d17_194_b_4.jpg,T10_194,4,revisar,area de defecto dudosa (100%),True,0.98,2,0.357,0.3447,1.0
T10_d17_196_a_4.jpg,T10_196,4,auto,,False,0.982,0,,0.0,0.0
T10_d17_196_b_4.jpg,T10_196,4,revisar,area de defecto dudosa (100%),True,0.981,1,0.438,0.0752,1.0
T10_d17_202_a_4.jpg,T10_202,4,revisar,area de defecto dudosa (100%),True,0.977,2,0.186,0.0364,1.0
T10_d17_202_b_4.jpg,T10_202,4,revisar,area de defecto dudosa (100%),True,0.979,2,0.25,0.0945,1.0
T10_d17_204_b_3.jpg,T10_204,3,auto,,False,0.976,4,0.183,0.1517,0.325
T10_d17_206_a_3.jpg,T10_206,3,revisar,area de defecto dudosa (100%),True,0.978,2,0.249,0.0939,1.0
T10_d17_206_b_3.jpg,T10_206,3,revisar,area de defecto dudosa (100%),True,0.978,2,0.155,0.0092,1.0
T10_d17_211_a_3.jpg,T10_211,3,auto,,False,0.977,1,0.691,0.0426,0.0
T10_d17_211_b_3.jpg,T10_211,3,auto,,False,0.978,1,0.706,0.1876,0.0
T10_d17_213_a_3.jpg,T10_213,3,auto,,False,0.978,0,,0.0,0.0
T10_d17_213_b_3.jpg,T10_213,3,revisar,area de defecto dudosa (100%),True,0.982,4,0.153,0.5716,1.0
T10_d17_215_a_3.jpg,T10_215,3,auto,,False,0.981,0,,0.0,0.0
T10_d17_215_b_3.jpg,T10_215,3,auto,,False,0.979,0,,0.0,0.0
T10_d17_217_a_3.jpg,T10_217,3,auto,,False,0.98,1,0.762,0.1319,0.0
T10_d17_217_b_3.jpg,T10_217,3,auto,,False,0.981,0,,0.0,0.0
T10_d17_221_a_4.jpg,T10_221,4,auto,,False,0.98,0,,0.0,0.0
T10_d17_221_b_4.jpg,T10_221,4,revisar,area de defecto dudosa (100%),True,0.98,3,0.189,0.1666,1.0
T10_d17_223_a_3.jpg,T10_223,3,revisar,area de defecto dudosa (100%),True,0.98,3,0.15,0.2787,1.0
T10_d17_223_b_3.jpg,T10_223,3,auto,,False,0.981,0,,0.0,0.0
T10_d17_227_a_5.jpg,T10_227,5,revisar,area de defecto dudosa (100%),True,0.975,2,0.281,0.0725,1.0
T10_d17_227_b_5.jpg,T10_227,5,auto,,False,0.977,0,,0.0,0.0
T10_d17_229_a_4.jpg,T10_229,4,auto,,False,0.978,1,0.827,0.1095,0.0
T10_d17_229_b_4.jpg,T10_229,4,auto,,False,0.978,0,,0.0,0.0
T10_d17_233_a_4.jpg,T10_233,4,revisar,area de defecto dudosa (100%),True,0.978,1,0.157,0.3315,1.0
T10_d17_233_b_4.jpg,T10_233,4,auto,,False,0.98,1,0.571,0.0515,0.0
T10_d17_234_a_4.jpg,T10_234,4,revisar,area de defecto dudosa (93%),True,0.978,2,0.307,0.031,0.927
T10_d17_234_b_4.jpg,T10_234,4,revisar,area de defecto dudosa (100%),True,0.977,2,0.185,0.1096,1.0
T10_d17_236_a_3.jpg,T10_236,3,revisar,area de defecto dudosa (100%),True,0.978,2,0.171,0.0847,1.0
T10_d17_236_b_3.jpg,T10_236,3,auto,,False,0.969,1,0.668,0.0804,0.0
T10_d17_237_a_4.jpg,T10_237,4,auto,,False,0.977,1,0.689,0.1184,0.0
T10_d17_237_b_4.jpg,T10_237,4,revisar,area de defecto dudosa (72%),True,0.979,4,0.235,0.2443,0.716
T10_d17_243_a_4.jpg,T10_243,4,auto,,False,0.979,0,,0.0,0.0
T10_d17_245_a_5.jpg,T10_245,5,auto,,False,0.975,2,0.428,0.102,0.233
T10_d17_245_b_5.jpg,T10_245,5,auto,,False,0.98,0,,0.0,0.0
T10_d17_250_a_4.jpg,T10_250,4,revisar,area de defecto dudosa (100%),True,0.978,3,0.207,0.3567,1.0
T10_d17_252_a_3.jpg,T10_252,3,auto,,False,0.981,1,0.508,0.0412,0.0
T10_d17_252_b_3.jpg,T10_252,3,revisar,area de defecto dudosa (100%),True,0.978,2,0.217,0.1835,1.0
T10_d17_262_a_3.jpg,T10_262,3,auto,,False,0.981,0,,0.0,0.0
T10_d17_262_b_3.jpg,T10_262,3,auto,,False,0.979,1,0.619,0.0406,0.0
T10_d17_269_a_4.jpg,T10_269,4,auto,,False,0.976,1,0.706,0.0853,0.0
T10_d17_269_b_4.jpg,T10_269,4,auto,,False,0.977,1,0.849,0.0383,0.0
T10_d17_274_a_4.jpg,T10_274,4,revisar,area de defecto dudosa (100%),True,0.978,2,0.173,0.0265,1.0
T10_d17_274_b_4.jpg,T10_274,4,auto,,False,0.976,2,0.517,0.1719,0.0
T10_d17_276_a_3.jpg,T10_276,3,auto,,False,0.979,0,,0.0,0.0
T10_d17_276_b_3.jpg,T10_276,3,revisar,area de defecto dudosa (100%),True,0.979,8,0.167,0.1837,1.0
T10_d17_282_a_4.jpg,T10_282,4,auto,,False,0.979,0,,0.0,0.0
T10_d17_282_b_4.jpg,T10_282,4,auto,,False,0.972,1,0.508,0.0697,0.0
T10_d17_283_a_5.jpg,T10_283,5,auto,,False,0.977,1,0.576,0.2983,0.0
T10_d17_283_b_5.jpg,T10_283,5,auto,,False,0.978,0,,0.0,0.0
T10_d17_284_a_4.jpg,T10_284,4,auto,,False,0.971,0,,0.0,0.0
T10_d17_284_b_4.jpg,T10_284,4,auto,,False,0.973,0,,0.0,0.0
T10_d17_290_a_5.jpg,T10_290,5,revisar,defecto rectangular; area de defecto dudosa (100%),True,0.976,3,0.232,0.7178,1.0
T10_d17_290_b_5.jpg,T10_290,5,revisar,area de defecto dudosa (100%),True,0.976,5,0.182,0.3069,1.0
T10_d17_294_a_5.jpg,T10_294,5,revisar,area de defecto dudosa (100%),True,0.979,2,0.336,0.0977,1.0
T10_d17_294_b_5.jpg,T10_294,5,auto,,False,0.978,1,0.557,0.1387,0.0
T10_d17_295_b_3.jpg,T10_295,3,revisar,area de defecto dudosa (53%),True,0.98,3,0.182,0.0753,0.53
T10_d17_296_a_3.jpg,T10_296,3,auto,,False,0.979,1,0.579,0.2891,0.0
T10_d17_296_b_3.jpg,T10_296,3,revisar,area de defecto dudosa (100%),True,0.979,2,0.154,0.2444,1.0
T10_d17_306_b_3.jpg,T10_306,3,auto,,False,0.976,0,,0.0,0.0
T10_d17_315_b_3.jpg,T10_315,3,revisar,area de defecto dudosa (100%),True,0.977,2,0.217,0.0901,1.0
T10_d17_326_a_4.jpg,T10_326,4,revisar,area de defecto dudosa (100%),True,0.981,4,0.233,0.0689,0.996
T10_d17_326_b_4.jpg,T10_326,4,revisar,area de defecto dudosa (100%),True,0.983,1,0.293,0.1742,1.0
T10_d17_327_a_3.jpg,T10_327,3,auto,,False,0.977,0,,0.0,0.0
T10_d17_327_b_3.jpg,T10_327,3,auto,,False,0.98,0,,0.0,0.0
T10_d17_328_a_3.jpg,T10_328,3,revisar,area de defecto dudosa (100%),True,0.974,2,0.159,0.0216,1.0
T10_d17_328_b_3.jpg,T10_328,3,auto,,False,0.978,1,0.526,0.0269,0.0
T10_d17_330_a_3.jpg,T10_330,3,auto,,True,0.979,0,,0.0,0.0
T10_d17_330_b_3.jpg,T10_330,3,auto,,False,0.976,0,,0.0,0.0
T10_d17_333_a_3.jpg,T10_333,3,auto,,False,0.977,1,0.559,0.0226,0.0
T10_d17_333_b_3.jpg,T10_333,3,revisar,area de defecto dudosa (100%),True,0.979,3,0.169,0.1148,1.0
T10_d17_336_a_5.jpg,T10_336,5,revisar,area de defecto dudosa (100%),True,0.98,3,0.224,0.5666,1.0
T10_d17_336_b_5.jpg,T10_336,5,revisar,area de defecto dudosa (100%),True,0.982,2,0.199,0.471,1.0
T10_d17_337_a_3.jpg,T10_337,3,auto,,False,0.977,0,,0.0,0.0
T10_d17_337_b_3.jpg,T10_337,3,revisar,area de defecto dudosa (100%),True,0.974,4,0.152,0.2923,1.0
T10_d17_338_a_4.jpg,T10_338,4,auto,,True,0.98,0,,0.0,0.0
T10_d17_338_b_4.jpg,T10_338,4,revisar,area de defecto dudosa (100%),True,0.98,2,0.27,0.2755,1.0
T10_d17_349_a_4.jpg,T10_349,4,revisar,area de defecto dudosa (100%),True,0.976,1,0.313,0.0737,1.0
T10_d17_349_b_4.jpg,T10_349,4,auto,,False,0.976,0,,0.0,0.0
T10_d17_350_a_4.jpg,T10_350,4,auto,,False,0.975,1,0.856,0.0429,0.0
T10_d17_351_a_3.jpg,T10_351,3,auto,,False,0.976,0,,0.0,0.0
T10_d17_351_b_3.jpg,T10_351,3,revisar,area de defecto dudosa (100%),True,0.978,2,0.29,0.0274,1.0
T10_d17_355_a_4.jpg,T10_355,4,revisar,area de defecto dudosa (100%),True,0.979,2,0.255,0.0399,1.0
T10_d17_355_b_4.jpg,T10_355,4,revisar,area de defecto dudosa (100%),True,0.979,1,0.169,0.2122,1.0
T10_d17_357_a_4.jpg,T10_357,4,revisar,area de defecto dudosa (94%),True,0.981,3,0.346,0.2155,0.939
T10_d17_357_b_4.jpg,T10_357,4,auto,,False,0.981,1,0.607,0.068,0.0
T10_d17_366_a_4.jpg,T10_366,4,auto,,False,0.978,1,0.762,0.082,0.0
T10_d17_366_b_4.jpg,T10_366,4,auto,,False,0.98,1,0.576,0.0272,0.0
T10_d17_367_a_4.jpg,T10_367,4,revisar,area de defecto dudosa (100%),True,0.979,2,0.238,0.2356,1.0
T10_d17_367_b_4.jpg,T10_367,4,revisar,area de defecto dudosa (100%),True,0.978,4,0.167,0.2764,1.0
T10_d17_372_a_3.jpg,T10_372,3,auto,,False,0.977,3,0.246,0.1985,0.282
T10_d17_372_b_3.jpg,T10_372,3,revisar,area de defecto dudosa (100%),True,0.971,4,0.18,0.1056,1.0
T10_d17_376_b_4.jpg,T10_376,4,revisar,area de defecto dudosa (100%),True,0.978,2,0.161,0.0237,1.0
T10_d17_377_a_4.jpg,T10_377,4,auto,,False,0.978,0,,0.0,0.0
T10_d17_377_b_4.jpg,T10_377,4,auto,,False,0.98,0,,0.0,0.0
T10_d17_381_a_4.jpg,T10_381,4,auto,,False,0.977,0,,0.0,0.0
T10_d17_381_b_4.jpg,T10_381,4,revisar,area de defecto dudosa (100%),True,0.976,3,0.157,0.071,1.0
T10_d17_382_a_4.jpg,T10_382,4,revisar,area de defecto dudosa (100%),True,0.979,2,0.159,0.6851,1.0
T10_d17_382_b_4.jpg,T10_382,4,auto,,False,0.974,1,0.507,0.1658,0.0
T10_d17_387_a_4.jpg,T10_387,4,revisar,area de defecto dudosa (100%),True,0.98,6,0.155,0.7672,1.0
T10_d17_387_b_4.jpg,T10_387,4,revisar,area de defecto dudosa (100%),True,0.98,5,0.158,0.5539,1.0
T10_d17_400_b_4.jpg,T10_400,4,revisar,area de defecto dudosa (100%),True,0.976,1,0.409,0.0454,1.0
T10_d17_401_a_4.jpg,T10_401,4,auto,,False,0.977,0,,0.0,0.0
T10_d17_401_b_4.jpg,T10_401,4,revisar,area de defecto dudosa (91%),True,0.977,2,0.421,0.0955,0.907
T10_d17_405_a_3.jpg,T10_405,3,revisar,area de defecto dudosa (100%),True,0.979,2,0.184,0.087,1.0
T10_d17_405_b_3.jpg,T10_405,3,revisar,area de defecto dudosa (100%),True,0.979,2,0.194,0.0128,1.0
T10_d17_408_a_4.jpg,T10_408,4,auto,,False,0.976,0,,0.0,0.0
T10_d17_408_b_4.jpg,T10_408,4,auto,,False,0.976,0,,0.0,0.0
T10_d17_410_a_4.jpg,T10_410,4,auto,,False,0.976,1,0.785,0.0298,0.0
T10_d17_410_b_4.jpg,T10_410,4,revisar,area de defecto dudosa (100%),True,0.979,1,0.332,0.0158,1.0
T10_d17_413_a_4.jpg,T10_413,4,auto,,False,0.977,1,0.877,0.0867,0.0
T10_d17_413_b_4.jpg,T10_413,4,revisar,defecto rectangular; area de defecto dudosa (100%),True,0.975,2,0.151,0.3305,1.0
T10_d17_414_b_3.jpg,T10_414,3,revisar,area de defecto dudosa (100%),True,0.978,2,0.169,0.3079,1.0
T10_d17_415_a_4.jpg,T10_415,4,auto,,False,0.977,0,,0.0,0.0
T10_d17_415_b_4.jpg,T10_415,4,revisar,area de defecto dudosa (99%),True,0.972,2,0.334,0.0906,0.99
T10_d17_420_a_3.jpg,T10_420,3,revisar,area de defecto dudosa (100%),True,0.976,5,0.159,0.5732,1.0
T10_d17_420_b_3.jpg,T10_420,3,auto,,False,0.978,2,0.206,0.0227,0.282
T10_d17_422_a_4.jpg,T10_422,4,revisar,area de defecto dudosa (100%),True,0.98,2,0.258,0.041,1.0
T10_d17_422_b_4.jpg,T10_422,4,revisar,area de defecto dudosa (100%),True,0.977,1,0.456,0.0698,1.0
T10_d17_425_a_3.jpg,T10_425,3,auto,,False,0.975,0,,0.0,0.0
T10_d17_425_b_3.jpg,T10_425,3,auto,,False,0.98,0,,0.0,0.0
T10_d17_429_a_4.jpg,T10_429,4,auto,,False,0.979,0,,0.0,0.0
T10_d17_429_b_4.jpg,T10_429,4,revisar,area de defecto dudosa (100%),True,0.978,2,0.358,0.0832,1.0
T10_d17_442_a_3.jpg,T10_442,3,auto,,False,0.976,1,0.72,0.0466,0.0
T10_d17_442_b_3.jpg,T10_442,3,revisar,area de defecto dudosa (100%),True,0.981,2,0.178,0.034,1.0
T10_d17_444_a_4.jpg,T10_444,4,auto,,False,0.974,0,,0.0,0.0
T10_d17_445_a_3.jpg,T10_445,3,revisar,area de defecto dudosa (100%),True,0.975,1,0.332,0.014,1.0
T10_d17_445_b_3.jpg,T10_445,3,revisar,area de defecto dudosa (100%),True,0.977,1,0.356,0.0163,1.0
T10_d17_446_a_4.jpg,T10_446,4,auto,,False,0.976,0,,0.0,0.0
T10_d17_446_b_4.jpg,T10_446,4,auto,,False,0.977,1,0.617,0.0247,0.0
T10_d17_447_a_4.jpg,T10_447,4,auto,,False,0.979,1,0.729,0.0653,0.0
T10_d17_447_b_4.jpg,T10_447,4,revisar,area de defecto dudosa (100%),True,0.977,2,0.245,0.071,1.0
T10_d17_448_a_5.jpg,T10_448,5,auto,,False,0.974,1,0.616,0.3443,0.0
T10_d17_448_b_5.jpg,T10_448,5,auto,,False,0.979,0,,0.0,0.0
T10_d17_449_a_3.jpg,T10_449,3,auto,,False,0.979,0,,0.0,0.0
T10_d17_454_a_4.jpg,T10_454,4,revisar,area de defecto dudosa (100%),True,0.979,1,0.208,0.007,1.0
T10_d17_454_b_4.jpg,T10_454,4,auto,,False,0.98,1,0.745,0.0483,0.0
T10_d17_458_a_4.jpg,T10_458,4,auto,,False,0.976,0,,0.0,0.0
T10_d17_458_b_4.jpg,T10_458,4,revisar,area de defecto dudosa (84%),True,0.976,3,0.314,0.1188,0.841
T10_d17_459_a_4.jpg,T10_459,4,auto,,False,0.972,0,,0.0,0.0
T10_d17_459_b_4.jpg,T10_459,4,auto,,False,0.975,0,,0.0,0.0
T10_d17_470_a_4.jpg,T10_470,4,revisar,area de defecto dudosa (100%),True,0.978,3,0.214,0.6116,1.0
T10_d17_470_b_4.jpg,T10_470,4,auto,,False,0.977,0,,0.0,0.0
T10_d17_475_a_4.jpg,T10_475,4,revisar,area de defecto dudosa (100%),True,0.979,2,0.196,0.0531,0.998
T10_d17_475_b_4.jpg,T10_475,4,revisar,area de defecto dudosa (100%),True,0.975,4,0.187,0.2096,1.0
T10_d18_002_a_4.jpg,T10_002,4,auto,,False,0.978,0,,0.0,0.0
T10_d18_002_b_4.jpg,T10_002,4,revisar,area de defecto dudosa (100%),True,0.975,1,0.19,0.0345,1.0
T10_d18_003_a_5.jpg,T10_003,5,revisar,area de defecto dudosa (100%),True,0.98,1,0.38,0.4361,1.0
T10_d18_003_b_5.jpg,T10_003,5,auto,,False,0.979,0,,0.0,0.0
T10_d18_007_a_4.jpg,T10_007,4,revisar,area de defecto dudosa (100%),True,0.976,2,0.198,0.1416,1.0
T10_d18_007_b_4.jpg,T10_007,4,auto,,False,0.974,2,0.153,0.1125,0.082
T10_d18_011_a_4.jpg,T10_011,4,auto,,False,0.977,2,0.22,0.1602,0.07
T10_d18_011_b_4.jpg,T10_011,4,auto,,False,0.978,0,,0.0,0.0
T10_d18_013_a_3.jpg,T10_013,3,auto,,False,0.978,0,,0.0,0.0
T10_d18_013_b_3.jpg,T10_013,3,auto,,False,0.976,0,,0.0,0.0
T10_d18_021_a_4.jpg,T10_021,4,auto,,False,0.978,0,,0.0,0.0
T10_d18_021_b_4.jpg,T10_021,4,revisar,area de defecto dudosa (100%),True,0.977,2,0.172,0.0626,1.0
T10_d18_022_a_4.jpg,T10_022,4,auto,,False,0.979,0,,0.0,0.0
T10_d18_022_b_4.jpg,T10_022,4,revisar,area de defecto dudosa (100%),True,0.981,2,0.154,0.1938,1.0
T10_d18_026_a_4.jpg,T10_026,4,revisar,area de defecto dudosa (100%),True,0.975,2,0.168,0.36,1.0
T10_d18_026_b_4.jpg,T10_026,4,auto,,False,0.975,0,,0.0,0.0
T10_d18_027_a_4.jpg,T10_027,4,auto,,False,0.983,0,,0.0,0.0
T10_d18_027_b_4.jpg,T10_027,4,revisar,area de defecto dudosa (100%),True,0.979,5,0.208,0.1858,1.0
T10_d18_034_a_4.jpg,T10_034,4,revisar,area de defecto dudosa (100%),True,0.981,2,0.185,0.2975,1.0
T10_d18_034_b_4.jpg,T10_034,4,revisar,area de defecto dudosa (100%),True,0.982,5,0.186,0.2904,1.0
T10_d18_046_a_4.jpg,T10_046,4,revisar,area de defecto dudosa (100%),True,0.982,2,0.235,0.0191,1.0
T10_d18_046_b_4.jpg,T10_046,4,revisar,area de defecto dudosa (100%),True,0.98,5,0.213,0.0664,0.998
T10_d18_047_a_3.jpg,T10_047,3,auto,,False,0.981,0,,0.0,0.0
T10_d18_047_b_3.jpg,T10_047,3,auto,,False,0.981,0,,0.0,0.0
T10_d18_048_a_4.jpg,T10_048,4,revisar,area de defecto dudosa (100%),True,0.978,2,0.268,0.0717,1.0
T10_d18_048_b_4.jpg,T10_048,4,auto,,False,0.973,0,,0.0,0.0
T10_d18_055_a_4.jpg,T10_055,4,auto,,False,0.981,1,0.698,0.0613,0.0
T10_d18_055_b_4.jpg,T10_055,4,auto,,False,0.98,1,0.537,0.0383,0.0
T10_d18_061_a_4.jpg,T10_061,4,revisar,area de defecto dudosa (100%),True,0.979,3,0.16,0.4368,1.0
T10_d18_061_b_4.jpg,T10_061,4,auto,,False,0.978,0,,0.0,0.0
T10_d18_067_a_4.jpg,T10_067,4,revisar,area de defecto dudosa (100%),True,0.976,1,0.41,0.0126,1.0
T10_d18_067_b_4.jpg,T10_067,4,auto,,False,0.976,1,0.535,0.2209,0.0
T10_d18_069_a_5.jpg,T10_069,5,auto,,True,0.983,1,0.871,0.0718,0.0
T10_d18_069_b_5.jpg,T10_069,5,revisar,area de defecto dudosa (100%),True,0.978,4,0.2,0.3007,1.0
T10_d18_083_a_4.jpg,T10_083,4,auto,,False,0.977,2,0.5,0.0695,0.0
T10_d18_083_b_4.jpg,T10_083,4,revisar,area de defecto dudosa (100%),True,0.974,1,0.416,0.0457,1.0
T10_d18_089_a_4.jpg,T10_089,4,revisar,area de defecto dudosa (100%),True,0.978,4,0.163,0.151,1.0
T10_d18_089_b_4.jpg,T10_089,4,revisar,area de defecto dudosa (77%),True,0.978,3,0.171,0.1302,0.771
T10_d18_093_a_4.jpg,T10_093,4,revisar,area de defecto dudosa (100%),True,0.978,1,0.481,0.0113,1.0
T10_d18_093_b_4.jpg,T10_093,4,auto,,False,0.979,3,0.16,0.0404,0.453
T10_d18_094_a_4.jpg,T10_094,4,revisar,area de defecto dudosa (100%),True,0.982,2,0.353,0.1826,1.0
T10_d18_094_b_4.jpg,T10_094,4,revisar,area de defecto dudosa (100%),True,0.983,2,0.238,0.3893,1.0
T10_d18_096_a_3.jpg,T10_096,3,auto,,False,0.979,1,0.762,0.1536,0.0
T10_d18_096_b_3.jpg,T10_096,3,revisar,area de defecto dudosa (100%),True,0.978,2,0.251,0.0754,1.0
T10_d18_097_b_4.jpg,T10_097,4,revisar,area de defecto dudosa (100%),True,0.979,2,0.221,0.6639,1.0
T10_d18_098_a_4.jpg,T10_098,4,auto,,False,0.981,0,,0.0,0.0
T10_d18_098_b_4.jpg,T10_098,4,revisar,area de defecto dudosa (100%),True,0.977,2,0.155,0.0216,1.0
T10_d18_099_a_4.jpg,T10_099,4,auto,,False,0.978,0,,0.0,0.0
T10_d18_099_b_4.jpg,T10_099,4,revisar,area de defecto dudosa (100%),True,0.979,4,0.153,0.2517,1.0
T10_d18_108_a_4.jpg,T10_108,4,auto,,False,0.976,0,,0.0,0.0
T10_d18_108_b_4.jpg,T10_108,4,auto,,False,0.976,0,,0.0,0.0
T10_d18_110_b_4.jpg,T10_110,4,auto,,True,0.975,1,0.538,0.0991,0.0
T10_d18_113_a_3.jpg,T10_113,3,auto,,False,0.977,1,0.89,0.0937,0.0
T10_d18_113_b_3.jpg,T10_113,3,auto,,False,0.976,0,,0.0,0.0
T10_d18_118_a_4.jpg,T10_118,4,revisar,area de defecto dudosa (100%),True,0.982,3,0.159,0.4936,1.0
T10_d18_118_b_4.jpg,T10_118,4,auto,,False,0.98,0,,0.0,0.0
T10_d18_122_a_4.jpg,T10_122,4,revisar,area de defecto dudosa (100%),True,0.977,3,0.196,0.0732,1.0
T10_d18_122_b_4.jpg,T10_122,4,revisar,area de defecto dudosa (100%),True,0.98,3,0.153,0.0222,1.0
T10_d18_125_a_4.jpg,T10_125,4,auto,,False,0.979,0,,0.0,0.0
T10_d18_125_b_4.jpg,T10_125,4,auto,,False,0.975,0,,0.0,0.0
T10_d18_128_a_4.jpg,T10_128,4,revisar,area de defecto dudosa (100%),True,0.98,2,0.152,0.3679,1.0
T10_d18_128_b_4.jpg,T10_128,4,revisar,area de defecto dudosa (100%),True,0.98,2,0.169,0.3765,1.0
T10_d18_129_a_4.jpg,T10_129,4,auto,,False,0.98,1,0.528,0.0192,0.0
T10_d18_129_b_4.jpg,T10_129,4,auto,,False,0.978,3,0.179,0.0465,0.394
T10_d18_130_a_4.jpg,T10_130,4,revisar,area de defecto dudosa (100%),True,0.978,3,0.16,0.6921,1.0
T10_d18_130_b_4.jpg,T10_130,4,revisar,area de defecto dudosa (100%),True,0.976,1,0.245,0.3059,1.0
T10_d18_131_a_4.jpg,T10_131,4,revisar,area de defecto dudosa (100%),True,0.981,1,0.369,0.4975,1.0
T10_d18_131_b_4.jpg,T10_131,4,revisar,area de defecto dudosa (100%),True,0.978,1,0.298,0.0268,1.0
T10_d18_133_a_4.jpg,T10_133,4,revisar,area de defecto dudosa (100%),True,0.975,2,0.271,0.2146,1.0
T10_d18_133_b_4.jpg,T10_133,4,revisar,area de defecto dudosa (100%),True,0.983,3,0.229,0.5705,1.0
T10_d18_138_a_4.jpg,T10_138,4,auto,,False,0.977,0,,0.0,0.0
T10_d18_138_b_4.jpg,T10_138,4,auto,,True,0.976,2,0.44,0.0446,0.498
T10_d18_145_a_3.jpg,T10_145,3,revisar,area de defecto dudosa (100%),True,0.973,3,0.184,0.3361,1.0
T10_d18_145_b_3.jpg,T10_145,3,revisar,defecto rectangular; area de defecto dudosa (100%),True,0.977,2,0.242,0.4785,1.0
T10_d18_149_a_4.jpg,T10_149,4,auto,,False,0.976,1,0.644,0.3034,0.0
T10_d18_149_b_4.jpg,T10_149,4,revisar,area de defecto dudosa (100%),True,0.976,2,0.294,0.2129,1.0
T10_d18_152_b_3.jpg,T10_152,3,revisar,area de defecto dudosa (100%),True,0.976,3,0.251,0.0353,1.0
T10_d18_156_a_4.jpg,T10_156,4,revisar,area de defecto dudosa (100%),True,0.979,1,0.178,0.0211,1.0
T10_d18_156_b_4.jpg,T10_156,4,revisar,area de defecto dudosa (100%),True,0.981,3,0.157,0.1854,1.0
T10_d18_165_a_4.jpg,T10_165,4,auto,,False,0.978,1,0.713,0.0731,0.0
T10_d18_165_b_4.jpg,T10_165,4,auto,,False,0.98,1,0.788,0.0436,0.0
T10_d18_166_a_4.jpg,T10_166,4,auto,,False,0.977,0,,0.0,0.0
T10_d18_166_b_4.jpg,T10_166,4,auto,,False,0.981,1,0.586,0.0191,0.0
T10_d18_167_a_4.jpg,T10_167,4,revisar,area de defecto dudosa (100%),True,0.979,2,0.222,0.0101,1.0
T10_d18_168_a_4.jpg,T10_168,4,revisar,area de defecto dudosa (100%),True,0.979,2,0.184,0.0679,1.0
T10_d18_168_b_4.jpg,T10_168,4,revisar,defecto rectangular; area de defecto dudosa (100%),True,0.981,2,0.157,0.235,1.0
T10_d18_172_a_5.jpg,T10_172,5,revisar,area de defecto dudosa (100%),True,0.977,3,0.256,0.0555,1.0
T10_d18_172_b_5.jpg,T10_172,5,auto,,False,0.976,1,0.764,0.0522,0.0
T10_d18_181_a_4.jpg,T10_181,4,auto,,False,0.982,0,,0.0,0.0
T10_d18_181_b_4.jpg,T10_181,4,revisar,area de defecto dudosa (100%),True,0.98,1,0.207,0.0196,1.0
T10_d18_193_a_4.jpg,T10_193,4,revisar,area de defecto dudosa (100%),True,0.977,1,0.331,0.6106,1.0
T10_d18_193_b_4.jpg,T10_193,4,auto,,False,0.981,0,,0.0,0.0
T10_d18_194_a_4.jpg,T10_194,4,revisar,area de defecto dudosa (99%),True,0.977,2,0.263,0.1136,0.993
T10_d18_194_b_4.jpg,T10_194,4,revisar,area de defecto dudosa (100%),True,0.979,3,0.204,0.2132,1.0
T10_d18_196_a_4.jpg,T10_196,4,auto,,False,0.982,0,,0.0,0.0
T10_d18_196_b_4.jpg,T10_196,4,revisar,area de defecto dudosa (100%),True,0.979,1,0.413,0.0513,1.0
T10_d18_202_a_5.jpg,T10_202,5,auto,,False,0.975,1,0.508,0.018,0.0
T10_d18_202_b_5.jpg,T10_202,5,revisar,area de defecto dudosa (100%),True,0.978,2,0.178,0.1,1.0
T10_d18_204_a_4.jpg,T10_204,4,auto,,False,0.979,0,,0.0,0.0
T10_d18_204_b_4.jpg,T10_204,4,revisar,area de defecto dudosa (91%),True,0.976,4,0.22,0.0936,0.906
T10_d18_206_a_4.jpg,T10_206,4,revisar,area de defecto dudosa (100%),True,0.98,2,0.236,0.0815,1.0
T10_d18_206_b_4.jpg,T10_206,4,revisar,area de defecto dudosa (100%),True,0.981,1,0.356,0.0107,1.0
T10_d18_211_a_4.jpg,T10_211,4,auto,,False,0.981,1,0.715,0.0432,0.0
T10_d18_211_b_4.jpg,T10_211,4,auto,,False,0.98,1,0.777,0.1714,0.0
T10_d18_213_a_4.jpg,T10_213,4,auto,,False,0.977,0,,0.0,0.0
T10_d18_213_b_4.jpg,T10_213,4,revisar,area de defecto dudosa (100%),True,0.982,2,0.26,0.4636,1.0
T10_d18_217_a_4.jpg,T10_217,4,auto,,False,0.98,1,0.709,0.1191,0.0
T10_d18_217_b_4.jpg,T10_217,4,auto,,False,0.981,0,,0.0,0.0
T10_d18_221_a_4.jpg,T10_221,4,auto,,False,0.979,0,,0.0,0.0
T10_d18_221_b_4.jpg,T10_221,4,revisar,area de defecto dudosa (100%),True,0.982,2,0.405,0.1337,1.0
T10_d18_227_a_5.jpg,T10_227,5,auto,,True,0.976,1,0.511,0.0683,0.0
T10_d18_227_b_5.jpg,T10_227,5,auto,,False,0.979,0,,0.0,0.0
T10_d18_229_a_4.jpg,T10_229,4,revisar,area de defecto dudosa (99%),True,0.977,2,0.325,0.1185,0.989
T10_d18_229_b_4.jpg,T10_229,4,auto,,False,0.981,0,,0.0,0.0
T10_d18_233_a_4.jpg,T10_233,4,auto,,False,0.982,1,0.697,0.0319,0.0
T10_d18_233_b_4.jpg,T10_233,4,revisar,area de defecto dudosa (100%),True,0.981,1,0.472,0.0315,1.0
T10_d18_234_a_4.jpg,T10_234,4,auto,,False,0.977,1,0.598,0.037,0.0
T10_d18_234_b_4.jpg,T10_234,4,revisar,area de defecto dudosa (100%),True,0.979,3,0.169,0.1151,1.0
T10_d18_236_a_3.jpg,T10_236,3,revisar,area de defecto dudosa (100%),True,0.976,2,0.152,0.0445,1.0
T10_d18_236_b_3.jpg,T10_236,3,auto,,False,0.97,1,0.665,0.0773,0.0
T10_d18_237_a_4.jpg,T10_237,4,revisar,area de defecto dudosa (100%),True,0.978,4,0.238,0.2269,1.0
T10_d18_237_b_4.jpg,T10_237,4,revisar,area de defecto dudosa (100%),True,0.98,4,0.329,0.3573,1.0
T10_d18_243_a_4.jpg,T10_243,4,auto,,False,0.978,0,,0.0,0.0
T10_d18_243_b_4.jpg,T10_243,4,revisar,area de defecto dudosa (100%),True,0.978,1,0.326,0.5175,1.0
T10_d18_250_a_4.jpg,T10_250,4,revisar,area de defecto dudosa (100%),True,0.974,2,0.185,0.1173,1.0
T10_d18_250_b_4.jpg,T10_250,4,revisar,area de defecto dudosa (100%),True,0.979,5,0.155,0.2199,1.0
T10_d18_252_a_4.jpg,T10_252,4,revisar,area de defecto dudosa (100%),True,0.979,2,0.202,0.0627,1.0
T10_d18_252_b_4.jpg,T10_252,4,revisar,area de defecto dudosa (100%),True,0.976,4,0.155,0.2784,1.0
T10_d18_262_a_4.jpg,T10_262,4,auto,,False,0.98,0,,0.0,0.0
T10_d18_262_b_4.jpg,T10_262,4,auto,,False,0.98,1,0.682,0.0409,0.0
T10_d18_269_a_4.jpg,T10_269,4,auto,,False,0.977,1,0.68,0.0785,0.0
T10_d18_269_b_4.jpg,T10_269,4,auto,,False,0.979,1,0.895,0.0398,0.0
T10_d18_274_a_4.jpg,T10_274,4,revisar,area de defecto dudosa (100%),True,0.982,1,0.179,0.0116,1.0
T10_d18_274_b_4.jpg,T10_274,4,auto,,False,0.977,1,0.627,0.2429,0.0
T10_d18_276_a_4.jpg,T10_276,4,revisar,area de defecto dudosa (100%),True,0.976,2,0.213,0.0808,1.0
T10_d18_276_b_4.jpg,T10_276,4,revisar,area de defecto dudosa (100%),True,0.977,3,0.179,0.1427,1.0
T10_d18_282_a_4.jpg,T10_282,4,revisar,area de defecto dudosa (100%),True,0.979,1,0.28,0.034,1.0
T10_d18_282_b_4.jpg,T10_282,4,revisar,area de defecto dudosa (100%),True,0.974,2,0.207,0.0973,1.0
T10_d18_283_a_5.jpg,T10_283,5,revisar,area de defecto dudosa (100%),True,0.975,1,0.491,0.2174,1.0
T10_d18_283_b_5.jpg,T10_283,5,revisar,area de defecto dudosa (100%),True,0.98,3,0.181,0.2107,1.0
T10_d18_284_a_4.jpg,T10_284,4,revisar,area de defecto dudosa (100%),True,0.97,1,0.254,0.0421,1.0
T10_d18_284_b_4.jpg,T10_284,4,auto,,False,0.974,0,,0.0,0.0
T10_d18_290_a_5.jpg,T10_290,5,revisar,defecto rectangular; defecto rectangular; area de defecto dudosa (100%),True,0.978,5,0.16,0.8822,1.0
T10_d18_290_b_5.jpg,T10_290,5,revisar,area de defecto dudosa (100%),True,0.979,6,0.168,0.4615,1.0
T10_d18_294_a_5.jpg,T10_294,5,auto,,False,0.978,2,0.505,0.1293,0.0
T10_d18_295_a_4.jpg,T10_295,4,auto,,False,0.981,1,0.744,0.1106,0.0
T10_d18_295_b_4.jpg,T10_295,4,auto,,False,0.977,2,0.542,0.0629,0.0
T10_d18_296_a_4.jpg,T10_296,4,auto,,False,0.979,1,0.604,0.2718,0.0
T10_d18_296_b_4.jpg,T10_296,4,revisar,area de defecto dudosa (100%),True,0.979,2,0.204,0.2626,1.0
T10_d18_306_a_4.jpg,T10_306,4,auto,,False,0.979,0,,0.0,0.0
T10_d18_306_b_4.jpg,T10_306,4,auto,,False,0.982,0,,0.0,0.0
T10_d18_315_a_3.jpg,T10_315,3,auto,,False,0.974,0,,0.0,0.0
T10_d18_315_b_3.jpg,T10_315,3,revisar,area de defecto dudosa (100%),True,0.977,1,0.359,0.0294,1.0
T10_d18_326_a_4.jpg,T10_326,4,revisar,area de defecto dudosa (100%),True,0.981,2,0.453,0.0594,1.0
T10_d18_326_b_4.jpg,T10_326,4,revisar,area de defecto dudosa (100%),True,0.979,2,0.185,0.1754,1.0
T10_d18_327_a_4.jpg,T10_327,4,auto,,True,0.977,0,,0.0,0.0
T10_d18_327_b_4.jpg,T10_327,4,auto,,False,0.98,0,,0.0,0.0
T10_d18_328_a_3.jpg,T10_328,3,revisar,area de defecto dudosa (100%),True,0.977,1,0.187,0.0127,1.0
T10_d18_328_b_3.jpg,T10_328,3,revisar,area de defecto dudosa (100%),True,0.978,2,0.193,0.043,1.0
T10_d18_330_a_3.jpg,T10_330,3,auto,,False,0.979,0,,0.0,0.0
T10_d18_330_b_3.jpg,T10_330,3,auto,,True,0.981,0,,0.0,0.0
T10_d18_333_a_3.jpg,T10_333,3,revisar,area de defecto dudosa (100%),True,0.98,3,0.21,0.0212,1.0
T10_d18_333_b_3.jpg,T10_333,3,revisar,area de defecto dudosa (100%),True,0.98,3,0.204,0.2422,1.0
T10_d18_336_b_5.jpg,T10_336,5,revisar,defecto rectangular; area de defecto dudosa (100%),True,0.981,4,0.15,0.8799,1.0
T10_d18_337_a_4.jpg,T10_337,4,auto,,False,0.978,0,,0.0,0.0
T10_d18_337_b_4.jpg,T10_337,4,revisar,area de defecto dudosa (100%),True,0.975,3,0.175,0.2863,1.0
T10_d18_338_a_4.jpg,T10_338,4,revisar,area de defecto dudosa (100%),True,0.978,1,0.166,0.3374,1.0
T10_d18_338_b_4.jpg,T10_338,4,revisar,area de defecto dudosa (55%),True,0.977,2,0.45,0.1964,0.552
T10_d18_349_a_4.jpg,T10_349,4,revisar,area de defecto dudosa (100%),True,0.979,1,0.275,0.0678,1.0
T10_d18_349_b_4.jpg,T10_349,4,auto,,False,0.978,0,,0.0,0.0
T10_d18_350_a_4.jpg,T10_350,4,auto,,False,0.979,1,0.836,0.0445,0.0
T10_d18_351_a_4.jpg,T10_351,4,revisar,area de defecto dudosa (100%),True,0.978,2,0.154,0.2148,1.0
T10_d18_351_b_4.jpg,T10_351,4,revisar,area de defecto dudosa (100%),True,0.977,2,0.174,0.0295,1.0
T10_d18_355_a_4.jpg,T10_355,4,auto,,False,0.979,2,0.378,0.0412,0.324
T10_d18_355_b_4.jpg,T10_355,4,revisar,area de defecto dudosa (100%),True,0.978,1,0.214,0.2614,1.0
T10_d18_357_a_4.jpg,T10_357,4,revisar,area de defecto dudosa (99%),True,0.979,3,0.244,0.2135,0.986
T10_d18_357_b_4.jpg,T10_357,4,revisar,area de defecto dudosa (100%),True,0.981,2,0.15,0.0809,1.0
T10_d18_366_a_4.jpg,T10_366,4,auto,,False,0.976,1,0.825,0.0781,0.0
T10_d18_366_b_4.jpg,T10_366,4,revisar,area de defecto dudosa (100%),True,0.981,1,0.456,0.0251,1.0
T10_d18_367_a_4.jpg,T10_367,4,revisar,area de defecto dudosa (100%),True,0.979,1,0.383,0.2093,1.0
T10_d18_367_b_4.jpg,T10_367,4,revisar,area de defecto dudosa (100%),True,0.98,3,0.201,0.4213,1.0
T10_d18_372_a_3.jpg,T10_372,3,revisar,area de defecto dudosa (100%),True,0.979,3,0.316,0.2526,0.997
T10_d18_372_b_3.jpg,T10_372,3,revisar,area de defecto dudosa (100%),True,0.979,4,0.187,0.1117,1.0
T10_d18_376_a_4.jpg,T10_376,4,auto,,False,0.973,1,0.646,0.1697,0.0
T10_d18_376_b_4.jpg,T10_376,4,revisar,area de defecto dudosa (100%),True,0.98,1,0.177,0.0068,1.0
T10_d18_377_a_4.jpg,T10_377,4,auto,,False,0.98,0,,0.0,0.0
T10_d18_377_b_4.jpg,T10_377,4,revisar,area de defecto dudosa (100%),True,0.98,1,0.284,0.0229,1.0
T10_d18_381_a_4.jpg,T10_381,4,auto,,False,0.977,0,,0.0,0.0
T10_d18_381_b_4.jpg,T10_381,4,revisar,area de defecto dudosa (100%),True,0.977,2,0.173,0.0506,1.0
T10_d18_382_a_4.jpg,T10_382,4,auto,,False,0.977,2,0.162,0.1266,0.151
T10_d18_382_b_4.jpg,T10_382,4,auto,,False,0.972,1,0.64,0.0966,0.0
T10_d18_387_a_4.jpg,T10_387,4,revisar,area de defecto dudosa (100%),True,0.981,3,0.189,0.5829,1.0
T10_d18_387_b_4.jpg,T10_387,4,revisar,area de defecto dudosa (100%),True,0.981,5,0.152,0.6594,1.0
T10_d18_400_a_4.jpg,T10_400,4,revisar,area de defecto dudosa (100%),True,0.979,3,0.213,0.1222,1.0
T10_d18_400_b_4.jpg,T10_400,4,auto,,False,0.977,1,0.714,0.0517,0.0
T10_d18_401_a_4.jpg,T10_401,4,auto,,False,0.978,0,,0.0,0.0
T10_d18_401_b_4.jpg,T10_401,4,auto,,False,0.978,1,0.791,0.0579,0.0
T10_d18_405_a_4.jpg,T10_405,4,auto,,False,0.976,1,0.674,0.0518,0.0
T10_d18_405_b_4.jpg,T10_405,4,revisar,area de defecto dudosa (100%),True,0.976,2,0.217,0.0139,1.0
T10_d18_408_a_4.jpg,T10_408,4,auto,,False,0.979,0,,0.0,0.0
T10_d18_410_a_4.jpg,T10_410,4,auto,,False,0.979,1,0.506,0.0168,0.0
T10_d18_410_b_4.jpg,T10_410,4,revisar,area de defecto dudosa (100%),True,0.978,1,0.408,0.0237,1.0
T10_d18_413_a_4.jpg,T10_413,4,auto,,False,0.973,1,0.841,0.0635,0.0
T10_d18_413_b_4.jpg,T10_413,4,revisar,area de defecto dudosa (100%),True,0.976,2,0.447,0.0158,1.0
T10_d18_414_a_4.jpg,T10_414,4,auto,,False,0.975,1,0.798,0.2228,0.0
T10_d18_414_b_4.jpg,T10_414,4,revisar,area de defecto dudosa (100%),True,0.977,8,0.171,0.5424,1.0
T10_d18_415_b_4.jpg,T10_415,4,revisar,area de defecto dudosa (100%),True,0.976,1,0.484,0.1393,1.0
T10_d18_420_a_4.jpg,T10_420,4,revisar,area de defecto dudosa (100%),True,0.98,5,0.16,0.421,1.0
T10_d18_420_b_4.jpg,T10_420,4,revisar,area de defecto dudosa (100%),True,0.98,1,0.226,0.0087,1.0
T10_d18_422_a_5.jpg,T10_422,5,revisar,area de defecto dudosa (100%),True,0.984,2,0.372,0.0396,1.0
T10_d18_422_b_5.jpg,T10_422,5,revisar,area de defecto dudosa (100%),True,0.98,2,0.362,0.1373,1.0
T10_d18_425_a_4.jpg,T10_425,4,auto,,False,0.977,0,,0.0,0.0
T10_d18_425_b_4.jpg,T10_425,4,auto,,False,0.983,0,,0.0,0.0
T10_d18_429_a_4.jpg,T10_429,4,auto,,False,0.979,0,,0.0,0.0
T10_d18_429_b_4.jpg,T10_429,4,revisar,area de defecto dudosa (100%),True,0.978,1,0.45,0.0518,1.0
T10_d18_442_a_4.jpg,T10_442,4,auto,,False,0.976,1,0.675,0.0438,0.0
T10_d18_442_b_4.jpg,T10_442,4,auto,,False,0.974,1,0.677,0.0257,0.0
T10_d18_444_a_4.jpg,T10_444,4,auto,,False,0.981,0,,0.0,0.0
T10_d18_445_a_4.jpg,T10_445,4,revisar,area de defecto dudosa (100%),True,0.976,1,0.319,0.0136,1.0
T10_d18_445_b_4.jpg,T10_445,4,revisar,area de defecto dudosa (100%),True,0.977,1,0.377,0.01,1.0
T10_d18_446_a_4.jpg,T10_446,4,auto,,False,0.981,0,,0.0,0.0
T10_d18_446_b_4.jpg,T10_446,4,auto,,False,0.978,1,0.629,0.0343,0.0
T10_d18_447_a_4.jpg,T10_447,4,auto,,False,0.974,1,0.708,0.0783,0.0
T10_d18_447_b_4.jpg,T10_447,4,revisar,area de defecto dudosa (100%),True,0.982,2,0.188,0.055,1.0
T10_d18_448_a_5.jpg,T10_448,5,auto,,False,0.979,1,0.72,0.228,0.0
T10_d18_448_b_5.jpg,T10_448,5,revisar,area de defecto dudosa (100%),True,0.976,1,0.221,0.0466,1.0
T10_d18_449_a_4.jpg,T10_449,4,revisar,area de defecto dudosa (100%),True,0.979,1,0.282,0.0184,1.0
T10_d18_449_b_4.jpg,T10_449,4,auto,,False,0.978,4,0.155,0.0914,0.428
T10_d18_454_a_4.jpg,T10_454,4,auto,,False,0.979,0,,0.0,0.0
T10_d18_454_b_4.jpg,T10_454,4,auto,,False,0.978,1,0.675,0.0568,0.0
T10_d18_458_a_4.jpg,T10_458,4,auto,,False,0.978,0,,0.0,0.0
T10_d18_458_b_4.jpg,T10_458,4,revisar,area de defecto dudosa (100%),True,0.982,3,0.299,0.1279,1.0
T10_d18_459_a_4.jpg,T10_459,4,auto,,False,0.975,0,,0.0,0.0
T10_d18_459_b_4.jpg,T10_459,4,auto,,False,0.974,0,,0.0,0.0
T10_d18_470_b_4.jpg,T10_470,4,auto,,False,0.981,0,,0.0,0.0
T10_d18_475_a_4.jpg,T10_475,4,auto,,False,0.976,1,0.749,0.0409,0.0
T10_d18_475_b_4.jpg,T10_475,4,revisar,area de defecto dudosa (100%),True,0.973,2,0.171,0.0872,1.0
T10_d19_002_a_5.jpg,T10_002,5,auto,,False,0.978,0,,0.0,0.0
T10_d19_002_b_5.jpg,T10_002,5,auto,,False,0.976,0,,0.0,0.0
T10_d19_003_b_5.jpg,T10_003,5,auto,,False,0.981,0,,0.0,0.0
T10_d19_007_a_5.jpg,T10_007,5,auto,,False,0.98,1,0.696,0.0909,0.0
T10_d19_007_b_5.jpg,T10_007,5,auto,,False,0.976,1,0.656,0.1049,0.0
T10_d19_011_a_4.jpg,T10_011,4,auto,,False,0.976,2,0.272,0.1645,0.062
T10_d19_011_b_4.jpg,T10_011,4,auto,,False,0.977,0,,0.0,0.0
T10_d19_013_a_4.jpg,T10_013,4,auto,,False,0.976,0,,0.0,0.0
T10_d19_013_b_4.jpg,T10_013,4,auto,,False,0.974,0,,0.0,0.0
T10_d19_021_a_4.jpg,T10_021,4,auto,,False,0.978,0,,0.0,0.0
T10_d19_021_b_4.jpg,T10_021,4,auto,,False,0.979,1,0.598,0.0571,0.0
T10_d19_022_b_4.jpg,T10_022,4,revisar,area de defecto dudosa (100%),True,0.981,1,0.493,0.0715,1.0
T10_d19_026_a_5.jpg,T10_026,5,revisar,area de defecto dudosa (72%),True,0.976,2,0.281,0.1726,0.725
T10_d19_026_b_5.jpg,T10_026,5,revisar,area de defecto dudosa (100%),True,0.977,2,0.318,0.0552,1.0
T10_d19_027_a_4.jpg,T10_027,4,auto,,False,0.983,0,,0.0,0.0
T10_d19_027_b_4.jpg,T10_027,4,revisar,area de defecto dudosa (100%),True,0.978,6,0.194,0.1474,1.0
T10_d19_034_a_4.jpg,T10_034,4,revisar,area de defecto dudosa (100%),True,0.983,2,0.233,0.2953,1.0
T10_d19_034_b_4.jpg,T10_034,4,auto,,False,0.983,2,0.212,0.1883,0.276
T10_d19_046_a_4.jpg,T10_046,4,revisar,area de defecto dudosa (100%),True,0.977,2,0.211,0.0218,1.0
T10_d19_046_b_4.jpg,T10_046,4,revisar,area de defecto dudosa (100%),True,0.979,6,0.239,0.0825,1.0
T10_d19_047_a_3.jpg,T10_047,3,auto,,False,0.98,0,,0.0,0.0
T10_d19_048_a_4.jpg,T10_048,4,revisar,area de defecto dudosa (100%),True,0.978,2,0.157,0.0577,1.0
T10_d19_055_a_4.jpg,T10_055,4,auto,,False,0.98,1,0.73,0.0614,0.0
T10_d19_055_b_4.jpg,T10_055,4,auto,,False,0.981,1,0.579,0.0362,0.0
T10_d19_061_a_4.jpg,T10_061,4,revisar,area de defecto dudosa (100%),True,0.974,4,0.156,0.5171,1.0
T10_d19_061_b_4.jpg,T10_061,4,auto,,False,0.975,0,,0.0,0.0
T10_d19_067_a_4.jpg,T10_067,4,revisar,area de defecto dudosa (100%),True,0.972,2,0.161,0.0174,1.0
T10_d19_067_b_4.jpg,T10_067,4,revisar,area de defecto dudosa (100%),True,0.973,1,0.394,0.2156,1.0
T10_d19_069_a_5.jpg,T10_069,5,auto,,False,0.978,1,0.839,0.0719,0.0
T10_d19_069_b_5.jpg,T10_069,5,revisar,area de defecto dudosa (100%),True,0.976,2,0.321,0.217,1.0
T10_d19_083_a_4.jpg,T10_083,4,auto,,False,0.976,1,0.546,0.0698,0.0
T10_d19_083_b_4.jpg,T10_083,4,revisar,area de defecto dudosa (100%),True,0.973,1,0.449,0.0747,1.0
T10_d19_089_a_4.jpg,T10_089,4,auto,,False,0.975,3,0.48,0.1079,0.341
T10_d19_089_b_4.jpg,T10_089,4,auto,,False,0.975,2,0.539,0.1304,0.0
T10_d19_093_a_4.jpg,T10_093,4,auto,,False,0.978,1,0.514,0.0168,0.0
T10_d19_094_a_5.jpg,T10_094,5,revisar,area de defecto dudosa (100%),True,0.979,3,0.205,0.3537,1.0
T10_d19_096_a_4.jpg,T10_096,4,auto,,False,0.973,1,0.777,0.1493,0.0
T10_d19_096_b_4.jpg,T10_096,4,revisar,area de defecto dudosa (100%),True,0.978,3,0.168,0.078,1.0
T10_d19_097_a_4.jpg,T10_097,4,auto,,False,0.982,1,0.757,0.0738,0.0
T10_d19_097_b_4.jpg,T10_097,4,revisar,defecto rectangular; area de defecto dudosa (100%),True,0.982,3,0.161,0.7042,1.0
T10_d19_098_a_4.jpg,T10_098,4,auto,,False,0.983,0,,0.0,0.0
T10_d19_098_b_4.jpg,T10_098,4,revisar,area de defecto dudosa (100%),True,0.978,2,0.167,0.0215,1.0
T10_d19_099_a_4.jpg,T10_099,4,auto,,False,0.978,0,,0.0,0.0
T10_d19_099_b_4.jpg,T10_099,4,revisar,area de defecto dudosa (100%),True,0.982,2,0.154,0.1814,1.0
T10_d19_108_a_4.jpg,T10_108,4,auto,,False,0.979,0,,0.0,0.0
T10_d19_108_b_4.jpg,T10_108,4,auto,,False,0.976,0,,0.0,0.0
T10_d19_110_a_4.jpg,T10_110,4,auto,,False,0.978,0,,0.0,0.0
T10_d19_110_b_4.jpg,T10_110,4,revisar,area de defecto dudosa (100%),True,0.978,2,0.41,0.1035,1.0
T10_d19_113_b_4.jpg,T10_113,4,auto,,True,0.977,0,,0.0,0.0
T10_d19_118_a_4.jpg,T10_118,4,revisar,area de defecto dudosa (100%),True,0.979,3,0.16,0.5673,1.0
T10_d19_118_b_4.jpg,T10_118,4,auto,,False,0.978,0,,0.0,0.0
T10_d19_122_a_4.jpg,T10_122,4,revisar,area de defecto dudosa (100%),True,0.977,3,0.158,0.1511,1.0
T10_d19_122_b_4.jpg,T10_122,4,revisar,area de defecto dudosa (97%),True,0.972,3,0.192,0.1169,0.965
T10_d19_125_a_4.jpg,T10_125,4,auto,,False,0.978,0,,0.0,0.0
T10_d19_125_b_4.jpg,T10_125,4,auto,,False,0.976,0,,0.0,0.0
T10_d19_128_a_4.jpg,T10_128,4,revisar,area de defecto dudosa (100%),True,0.981,1,0.406,0.3611,1.0
T10_d19_128_b_4.jpg,T10_128,4,revisar,area de defecto dudosa (100%),True,0.979,2,0.169,0.486,1.0
T10_d19_129_a_4.jpg,T10_129,4,revisar,area de defecto dudosa (100%),True,0.977,1,0.476,0.0126,1.0
T10_d19_129_b_4.jpg,T10_129,4,revisar,area de defecto dudosa (100%),True,0.978,4,0.188,0.0719,1.0
T10_d19_130_a_4.jpg,T10_130,4,revisar,area de defecto dudosa (100%),True,0.976,4,0.156,0.6999,1.0
T10_d19_130_b_4.jpg,T10_130,4,revisar,area de defecto dudosa (100%),True,0.976,1,0.181,0.2869,1.0
T10_d19_131_a_4.jpg,T10_131,4,revisar,area de defecto dudosa (100%),True,0.978,2,0.167,0.5048,1.0
T10_d19_131_b_4.jpg,T10_131,4,revisar,area de defecto dudosa (100%),True,0.978,1,0.339,0.0286,1.0
T10_d19_133_a_4.jpg,T10_133,4,auto,,False,0.976,1,0.598,0.2115,0.0
T10_d19_133_b_4.jpg,T10_133,4,revisar,area de defecto dudosa (100%),True,0.982,1,0.159,0.2141,1.0
T10_d19_138_a_4.jpg,T10_138,4,auto,,True,0.976,0,,0.0,0.0
T10_d19_145_a_4.jpg,T10_145,4,revisar,area de defecto dudosa (100%),True,0.975,2,0.349,0.2964,1.0
T10_d19_145_b_4.jpg,T10_145,4,revisar,area de defecto dudosa (100%),True,0.975,2,0.151,0.1059,1.0
T10_d19_149_a_4.jpg,T10_149,4,auto,,False,0.976,1,0.648,0.218,0.0
T10_d19_149_b_4.jpg,T10_149,4,revisar,area de defecto dudosa (100%),True,0.981,2,0.159,0.2477,1.0
T10_d19_152_a_4.jpg,T10_152,4,revisar,area de defecto dudosa (100%),True,0.976,1,0.383,0.0217,1.0
T10_d19_152_b_4.jpg,T10_152,4,auto,,False,0.977,2,0.511,0.0493,0.0
T10_d19_156_a_4.jpg,T10_156,4,revisar,area de defecto dudosa (100%),True,0.979,3,0.157,0.0575,1.0
T10_d19_156_b_4.jpg,T10_156,4,revisar,area de defecto dudosa (100%),True,0.975,2,0.15,0.15,1.0
T10_d19_165_a_4.jpg,T10_165,4,auto,,False,0.979,1,0.691,0.0491,0.0
T10_d19_165_b_4.jpg,T10_165,4,auto,,False,0.98,1,0.658,0.0304,0.0
T10_d19_166_a_4.jpg,T10_166,4,auto,,False,0.976,0,,0.0,0.0
T10_d19_166_b_4.jpg,T10_166,4,revisar,area de defecto dudosa (100%),True,0.977,3,0.216,0.0667,1.0
T10_d19_167_a_4.jpg,T10_167,4,revisar,area de defecto dudosa (100%),True,0.979,3,0.153,0.0206,1.0
T10_d19_167_b_4.jpg,T10_167,4,revisar,area de defecto dudosa (100%),True,0.978,2,0.221,0.1777,1.0
T10_d19_168_a_4.jpg,T10_168,4,revisar,area de defecto dudosa (100%),True,0.981,3,0.263,0.0649,1.0
T10_d19_168_b_4.jpg,T10_168,4,revisar,area de defecto dudosa (100%),True,0.978,3,0.164,0.1298,1.0
T10_d19_172_b_5.jpg,T10_172,5,auto,,False,0.974,1,0.739,0.0438,0.0
T10_d19_181_a_4.jpg,T10_181,4,auto,,False,0.981,0,,0.0,0.0
T10_d19_181_b_4.jpg,T10_181,4,auto,,True,0.981,0,,0.0,0.0
T10_d19_193_a_4.jpg,T10_193,4,revisar,area de defecto dudosa (100%),True,0.979,2,0.22,0.7068,1.0
T10_d19_193_b_4.jpg,T10_193,4,auto,,False,0.981,0,,0.0,0.0
T10_d19_194_a_4.jpg,T10_194,4,revisar,area de defecto dudosa (99%),True,0.979,2,0.331,0.1162,0.991
T10_d19_196_a_4.jpg,T10_196,4,auto,,False,0.981,0,,0.0,0.0
T10_d19_196_b_4.jpg,T10_196,4,revisar,area de defecto dudosa (100%),True,0.983,2,0.19,0.0634,1.0
T10_d19_202_a_5.jpg,T10_202,5,revisar,area de defecto dudosa (100%),True,0.976,1,0.498,0.0158,1.0
T10_d19_202_b_5.jpg,T10_202,5,revisar,area de defecto dudosa (100%),True,0.976,2,0.164,0.1144,1.0
T10_d19_204_a_4.jpg,T10_204,4,auto,,False,0.978,0,,0.0,0.0
T10_d19_204_b_4.jpg,T10_204,4,revisar,area de defecto dudosa (100%),True,0.979,2,0.389,0.0827,1.0
T10_d19_206_a_4.jpg,T10_206,4,revisar,area de defecto dudosa (100%),True,0.98,2,0.188,0.0787,1.0
T10_d19_206_b_4.jpg,T10_206,4,revisar,area de defecto dudosa (100%),True,0.982,2,0.164,0.0119,1.0
T10_d19_211_a_4.jpg,T10_211,4,auto,,False,0.979,1,0.716,0.0414,0.0
T10_d19_211_b_4.jpg,T10_211,4,auto,,False,0.976,1,0.722,0.1873,0.0
T10_d19_213_a_4.jpg,T10_213,4,auto,,False,0.978,0,,0.0,0.0
T10_d19_213_b_4.jpg,T10_213,4,revisar,area de defecto dudosa (100%),True,0.98,2,0.151,0.3315,1.0
T10_d19_217_a_4.jpg,T10_217,4,auto,,True,0.982,1,0.74,0.1191,0.0
T10_d19_221_a_4.jpg,T10_221,4,auto,,False,0.979,0,,0.0,0.0
T10_d19_221_b_4.jpg,T10_221,4,auto,,False,0.981,1,0.813,0.0716,0.0
T10_d19_227_a_5.jpg,T10_227,5,revisar,area de defecto dudosa (84%),True,0.976,2,0.308,0.0686,0.842
T10_d19_227_b_5.jpg,T10_227,5,revisar,area de defecto dudosa (100%),True,0.976,1,0.235,0.013,1.0
T10_d19_229_a_4.jpg,T10_229,4,revisar,area de defecto dudosa (100%),True,0.978,2,0.289,0.2697,1.0
T10_d19_229_b_4.jpg,T10_229,4,auto,,False,0.979,0,,0.0,0.0
T10_d19_233_a_5.jpg,T10_233,5,revisar,area de defecto dudosa (100%),True,0.975,3,0.183,0.3072,1.0
T10_d19_234_a_4.jpg,T10_234,4,revisar,area de defecto dudosa (100%),True,0.977,1,0.495,0.0359,1.0
T10_d19_234_b_4.jpg,T10_234,4,revisar,area de defecto dudosa (100%),True,0.974,3,0.212,0.0836,1.0
T10_d19_236_a_4.jpg,T10_236,4,revisar,area de defecto dudosa (100%),True,0.978,1,0.383,0.0468,1.0
T10_d19_236_b_4.jpg,T10_236,4,auto,,False,0.966,1,0.645,0.0734,0.0
T10_d19_237_a_5.jpg,T10_237,5,revisar,area de defecto dudosa (100%),True,0.979,4,0.21,0.3352,1.0
T10_d19_237_b_5.jpg,T10_237,5,revisar,area de defecto dudosa (100%),True,0.982,4,0.171,0.3237,1.0
T10_d19_243_a_4.jpg,T10_243,4,auto,,False,0.982,0,,0.0,0.0
T10_d19_250_a_4.jpg,T10_250,4,revisar,area de defecto dudosa (100%),True,0.976,4,0.193,0.1358,1.0
T10_d19_250_b_4.jpg,T10_250,4,revisar,area de defecto dudosa (100%),True,0.975,2,0.165,0.0936,1.0
T10_d19_252_a_4.jpg,T10_252,4,revisar,area de defecto dudosa (100%),True,0.98,1,0.491,0.0431,1.0
T10_d19_252_b_4.jpg,T10_252,4,revisar,area de defecto dudosa (100%),True,0.979,4,0.157,0.1582,1.0
T10_d19_262_a_4.jpg,T10_262,4,auto,,False,0.981,0,,0.0,0.0
T10_d19_262_b_4.jpg,T10_262,4,auto,,False,0.98,1,0.523,0.0307,0.0
T10_d19_269_a_4.jpg,T10_269,4,auto,,False,0.976,1,0.714,0.081,0.0
T10_d19_269_b_4.jpg,T10_269,4,auto,,False,0.974,1,0.622,0.0209,0.0
T10_d19_274_a_4.jpg,T10_274,4,auto,,False,0.981,0,,0.0,0.0
T10_d19_274_b_4.jpg,T10_274,4,revisar,area de defecto dudosa (100%),True,0.976,3,0.16,0.2606,0.998
T10_d19_276_a_4.jpg,T10_276,4,revisar,area de defecto dudosa (100%),True,0.978,2,0.187,0.0698,1.0
T10_d19_276_b_4.jpg,T10_276,4,revisar,area de defecto dudosa (100%),True,0.981,3,0.258,0.2631,1.0
T10_d19_282_a_4.jpg,T10_282,4,auto,,False,0.979,0,,0.0,0.0
T10_d19_283_a_5.jpg,T10_283,5,revisar,area de defecto dudosa (100%),True,0.977,1,0.496,0.3355,1.0
T10_d19_283_b_5.jpg,T10_283,5,auto,,False,0.976,0,,0.0,0.0
T10_d19_284_a_4.jpg,T10_284,4,revisar,area de defecto dudosa (100%),True,0.973,1,0.271,0.0318,1.0
T10_d19_284_b_4.jpg,T10_284,4,auto,,False,0.973,0,,0.0,0.0
T10_d19_290_a_5.jpg,T10_290,5,revisar,defecto rectangular; area de defecto dudosa (100%),True,0.981,5,0.178,0.9126,1.0
T10_d19_290_b_5.jpg,T10_290,5,revisar,area de defecto dudosa (100%),True,0.978,5,0.16,0.3969,1.0
T10_d19_294_b_5.jpg,T10_294,5,revisar,area de defecto dudosa (100%),True,0.975,2,0.28,0.1059,1.0
T10_d19_295_b_4.jpg,T10_295,4,auto,,True,0.98,2,0.45,0.0778,0.201
T10_d19_296_a_4.jpg,T10_296,4,auto,,False,0.98,1,0.585,0.2602,0.0
T10_d19_296_b_4.jpg,T10_296,4,auto,,False,0.98,0,,0.0,0.0
T10_d19_306_a_4.jpg,T10_306,4,auto,,False,0.977,0,,0.0,0.0
T10_d19_306_b_4.jpg,T10_306,4,auto,,False,0.976,0,,0.0,0.0
T10_d19_315_b_4.jpg,T10_315,4,revisar,area de defecto dudosa (100%),True,0.976,1,0.359,0.0271,1.0
T10_d19_326_a_4.jpg,T10_326,4,revisar,area de defecto dudosa (100%),True,0.98,4,0.214,0.0706,1.0
T10_d19_326_b_4.jpg,T10_326,4,revisar,area de defecto dudosa (100%),True,0.979,4,0.159,0.3111,1.0
T10_d19_327_a_4.jpg,T10_327,4,auto,,False,0.976,0,,0.0,0.0
T10_d19_327_b_4.jpg,T10_327,4,auto,,False,0.979,0,,0.0,0.0
T10_d19_328_a_4.jpg,T10_328,4,revisar,area de defecto dudosa (100%),True,0.975,1,0.196,0.0124,1.0
T10_d19_328_b_4.jpg,T10_328,4,revisar,area de defecto dudosa (100%),True,0.977,2,0.203,0.0339,1.0
T10_d19_330_a_4.jpg,T10_330,4,auto,,False,0.977,0,,0.0,0.0
T10_d19_330_b_4.jpg,T10_330,4,auto,,False,0.98,0,,0.0,0.0
T10_d19_333_a_4.jpg,T10_333,4,auto,,False,0.978,1,0.56,0.0208,0.0
T10_d19_333_b_4.jpg,T10_333,4,revisar,area de defecto dudosa (100%),True,0.979,3,0.167,0.393,1.0
T10_d19_336_a_5.jpg,T10_336,5,revisar,area de defecto dudosa (100%),True,0.98,2,0.24,0.7146,1.0
T10_d19_336_b_5.jpg,T10_336,5,revisar,area de defecto dudosa (100%),True,0.982,4,0.189,0.918,1.0
T10_d19_337_a_4.jpg,T10_337,4,auto,,False,0.978,0,,0.0,0.0
T10_d19_337_b_4.jpg,T10_337,4,revisar,area de defecto dudosa (100%),True,0.979,3,0.212,0.2383,1.0
T10_d19_338_a_4.jpg,T10_338,4,auto,,False,0.975,0,,0.0,0.0
T10_d19_338_b_4.jpg,T10_338,4,auto,,False,0.978,3,0.175,0.144,0.41
T10_d19_349_a_4.jpg,T10_349,4,revisar,area de defecto dudosa (100%),True,0.976,1,0.188,0.0737,1.0
T10_d19_349_b_4.jpg,T10_349,4,auto,,False,0.976,0,,0.0,0.0
T10_d19_350_b_4.jpg,T10_350,4,auto,,False,0.979,0,,0.0,0.0
T10_d19_351_a_4.jpg,T10_351,4,revisar,area de defecto dudosa (100%),True,0.976,1,0.227,0.1828,1.0
T10_d19_351_b_4.jpg,T10_351,4,revisar,area de defecto dudosa (100%),True,0.973,1,0.491,0.0246,1.0
T10_d19_355_a_4.jpg,T10_355,4,revisar,area de defecto dudosa (100%),True,0.979,1,0.476,0.0257,1.0
T10_d19_357_a_4.jpg,T10_357,4,revisar,area de defecto dudosa (100%),True,0.978,4,0.167,0.2096,0.995
T10_d19_357_b_4.jpg,T10_357,4,auto,,False,0.981,1,0.634,0.0587,0.0
T10_d19_366_b_4.jpg,T10_366,4,auto,,False,0.978,1,0.504,0.0258,0.0
T10_d19_367_a_4.jpg,T10_367,4,revisar,area de defecto dudosa (100%),True,0.976,2,0.27,0.1944,1.0
T10_d19_367_b_4.jpg,T10_367,4,revisar,area de defecto dudosa (100%),True,0.977,3,0.168,0.3196,1.0
T10_d19_372_a_4.jpg,T10_372,4,auto,,False,0.977,3,0.208,0.1647,0.36
T10_d19_372_b_4.jpg,T10_372,4,revisar,area de defecto dudosa (100%),True,0.974,3,0.34,0.1057,0.999
T10_d19_376_a_4.jpg,T10_376,4,auto,,False,0.977,1,0.638,0.1593,0.0
T10_d19_376_b_4.jpg,T10_376,4,revisar,area de defecto dudosa (100%),True,0.977,2,0.156,0.0213,1.0
T10_d19_377_b_4.jpg,T10_377,4,revisar,area de defecto dudosa (100%),True,0.977,1,0.404,0.0295,1.0
T10_d19_381_a_4.jpg,T10_381,4,auto,,False,0.979,0,,0.0,0.0
T10_d19_381_b_4.jpg,T10_381,4,revisar,area de defecto dudosa (100%),True,0.977,5,0.169,0.208,1.0
T10_d19_382_a_4.jpg,T10_382,4,auto,,False,0.981,1,0.811,0.1103,0.0
T10_d19_382_b_4.jpg,T10_382,4,auto,,False,0.976,1,0.629,0.101,0.0
T10_d19_387_b_4.jpg,T10_387,4,revisar,area de defecto dudosa (100%),True,0.98,4,0.159,0.5844,1.0
T10_d19_400_a_4.jpg,T10_400,4,revisar,area de defecto dudosa (100%),True,0.975,4,0.21,0.1776,1.0
T10_d19_400_b_4.jpg,T10_400,4,revisar,area de defecto dudosa (100%),True,0.976,2,0.203,0.2616,1.0
T10_d19_401_b_4.jpg,T10_401,4,auto,,False,0.975,1,0.593,0.0968,0.0
T10_d19_405_a_4.jpg,T10_405,4,auto,,False,0.979,1,0.659,0.056,0.0
T10_d19_405_b_4.jpg,T10_405,4,revisar,area de defecto dudosa (100%),True,0.978,2,0.205,0.0175,1.0
T10_d19_408_a_4.jpg,T10_408,4,auto,,False,0.977,0,,0.0,0.0
T10_d19_408_b_4.jpg,T10_408,4,auto,,False,0.98,0,,0.0,0.0
T10_d19_410_a_4.jpg,T10_410,4,revisar,area de defecto dudosa (100%),True,0.977,1,0.445,0.0153,1.0
T10_d19_410_b_4.jpg,T10_410,4,auto,,False,0.979,1,0.582,0.0264,0.0
T10_d19_414_a_4.jpg,T10_414,4,auto,,False,0.971,1,0.763,0.2292,0.0
T10_d19_414_b_4.jpg,T10_414,4,revisar,area de defecto dudosa (100%),True,0.981,5,0.158,0.3944,1.0
T10_d19_415_a_4.jpg,T10_415,4,revisar,area de defecto dudosa (100%),True,0.978,1,0.2,0.2014,1.0
T10_d19_415_b_4.jpg,T10_415,4,revisar,area de defecto dudosa (100%),True,0.971,3,0.193,0.0873,1.0
T10_d19_422_a_5.jpg,T10_422,5,auto,,True,0.977,1,0.869,0.0377,0.0
T10_d19_422_b_5.jpg,T10_422,5,auto,,False,0.979,1,0.584,0.078,0.0
T10_d19_425_a_4.jpg,T10_425,4,auto,,False,0.974,0,,0.0,0.0
T10_d19_425_b_4.jpg,T10_425,4,auto,,False,0.979,0,,0.0,0.0
T10_d19_429_a_4.jpg,T10_429,4,auto,,False,0.977,0,,0.0,0.0
T10_d19_429_b_4.jpg,T10_429,4,revisar,area de defecto dudosa (100%),True,0.978,5,0.153,0.3201,1.0
T10_d19_442_a_4.jpg,T10_442,4,auto,,False,0.977,1,0.704,0.0503,0.0
T10_d19_442_b_4.jpg,T10_442,4,auto,,False,0.979,1,0.676,0.0252,0.0
T10_d19_444_a_4.jpg,T10_444,4,auto,,False,0.978,0,,0.0,0.0
T10_d19_444_b_4.jpg,T10_444,4,auto,,False,0.977,0,,0.0,0.0
T10_d19_445_a_4.jpg,T10_445,4,auto,,False,0.979,0,,0.0,0.0
T10_d19_445_b_4.jpg,T10_445,4,auto,,False,0.974,1,0.505,0.0176,0.0
T10_d19_446_a_4.jpg,T10_446,4,auto,,False,0.979,0,,0.0,0.0
T10_d19_446_b_4.jpg,T10_446,4,auto,,False,0.977,1,0.65,0.0279,0.0
T10_d19_447_a_4.jpg,T10_447,4,auto,,False,0.977,1,0.713,0.0634,0.0
T10_d19_447_b_4.jpg,T10_447,4,revisar,area de defecto dudosa (100%),True,0.979,2,0.216,0.0982,1.0
T10_d19_448_a_5.jpg,T10_448,5,auto,,False,0.978,1,0.731,0.2354,0.0
T10_d19_448_b_5.jpg,T10_448,5,revisar,area de defecto dudosa (100%),True,0.976,3,0.152,0.093,1.0
T10_d19_449_b_4.jpg,T10_449,4,revisar,area de defecto dudosa (100%),True,0.976,6,0.165,0.1912,0.999
T10_d19_454_a_4.jpg,T10_454,4,auto,,False,0.981,0,,0.0,0.0
T10_d19_454_b_4.jpg,T10_454,4,auto,,False,0.981,1,0.745,0.0523,0.0
T10_d19_458_a_4.jpg,T10_458,4,auto,,True,0.976,0,,0.0,0.0
T10_d19_458_b_4.jpg,T10_458,4,revisar,area de defecto dudosa (100%),True,0.981,2,0.16,0.1437,1.0
T10_d19_459_a_4.jpg,T10_459,4,auto,,False,0.974,0,,0.0,0.0
T10_d19_470_a_4.jpg,T10_470,4,revisar,area de defecto dudosa (100%),True,0.979,4,0.252,0.7608,1.0
T10_d19_470_b_4.jpg,T10_470,4,auto,,False,0.978,0,,0.0,0.0
T10_d19_475_a_4.jpg,T10_475,4,revisar,area de defecto dudosa (100%),True,0.978,2,0.363,0.0941,1.0
T10_d19_475_b_4.jpg,T10_475,4,revisar,area de defecto dudosa (100%),True,0.98,1,0.297,0.2269,1.0
T10_d20_002_a_5.jpg,T10_002,5,auto,,False,0.976,0,,0.0,0.0
T10_d20_003_a_5.jpg,T10_003,5,revisar,area de defecto dudosa (100%),True,0.981,1,0.41,0.3497,1.0
T10_d20_003_b_5.jpg,T10_003,5,revisar,area de defecto dudosa (100%),True,0.981,1,0.164,0.0636,1.0
T10_d20_007_a_5.jpg,T10_007,5,revisar,area de defecto dudosa (100%),True,0.98,2,0.19,0.1004,1.0
T10_d20_007_b_5.jpg,T10_007,5,auto,,False,0.977,1,0.582,0.0989,0.0
T10_d20_011_a_4.jpg,T10_011,4,auto,,False,0.978,2,0.305,0.1514,0.064
T10_d20_011_b_4.jpg,T10_011,4,revisar,area de defecto dudosa (100%),True,0.978,1,0.167,0.0098,1.0
T10_d20_013_a_4.jpg,T10_013,4,auto,,False,0.975,0,,0.0,0.0
T10_d20_013_b_4.jpg,T10_013,4,auto,,False,0.976,0,,0.0,0.0
T10_d20_021_a_4.jpg,T10_021,4,auto,,False,0.978,0,,0.0,0.0
T10_d20_022_a_4.jpg,T10_022,4,auto,,False,0.981,0,,0.0,0.0
T10_d20_022_b_4.jpg,T10_022,4,auto,,False,0.982,1,0.566,0.0697,0.0
T10_d20_026_b_5.jpg,T10_026,5,revisar,area de defecto dudosa (100%),True,0.977,1,0.365,0.0208,1.0
T10_d20_027_a_4.jpg,T10_027,4,auto,,False,0.981,0,,0.0,0.0
T10_d20_027_b_4.jpg,T10_027,4,revisar,area de defecto dudosa (85%),True,0.98,4,0.238,0.1408,0.852
T10_d20_034_a_4.jpg,T10_034,4,auto,,False,0.979,2,0.159,0.2986,0.435
T10_d20_034_b_4.jpg,T10_034,4,revisar,area de defecto dudosa (100%),True,0.981,3,0.23,0.2792,1.0
T10_d20_046_a_4.jpg,T10_046,4,revisar,area de defecto dudosa (100%),True,0.981,2,0.196,0.024,1.0
T10_d20_046_b_4.jpg,T10_046,4,revisar,area de defecto dudosa (99%),True,0.978,6,0.158,0.0708,0.994
T10_d20_047_a_4.jpg,T10_047,4,auto,,False,0.978,0,,0.0,0.0
T10_d20_047_b_4.jpg,T10_047,4,auto,,False,0.981,0,,0.0,0.0
T10_d20_048_a_4.jpg,T10_048,4,revisar,area de defecto dudosa (100%),True,0.978,3,0.178,0.0808,1.0
T10_d20_048_b_4.jpg,T10_048,4,auto,,False,0.977,0,,0.0,0.0
T10_d20_055_a_4.jpg,T10_055,4,auto,,False,0.978,1,0.7,0.0653,0.0
T10_d20_055_b_4.jpg,T10_055,4,auto,,False,0.983,1,0.639,0.0421,0.0
T10_d20_061_a_4.jpg,T10_061,4,revisar,area de defecto dudosa (100%),True,0.975,1,0.484,0.3738,1.0
T10_d20_061_b_4.jpg,T10_061,4,auto,,True,0.977,0,,0.0,0.0
T10_d20_067_a_4.jpg,T10_067,4,revisar,area de defecto dudosa (100%),True,0.973,2,0.151,0.0198,1.0
T10_d20_067_b_4.jpg,T10_067,4,revisar,area de defecto dudosa (100%),True,0.977,1,0.495,0.2551,1.0
T10_d20_069_a_5.jpg,T10_069,5,auto,,False,0.979,2,0.198,0.134,0.439
T10_d20_069_b_5.jpg,T10_069,5,revisar,area de defecto dudosa (100%),True,0.977,3,0.162,0.2709,1.0
T10_d20_083_b_4.jpg,T10_083,4,revisar,area de defecto dudosa (100%),True,0.975,1,0.451,0.0617,1.0
T10_d20_089_a_5.jpg,T10_089,5,auto,,False,0.974,3,0.355,0.1107,0.365
T10_d20_089_b_5.jpg,T10_089,5,auto,,True,0.977,2,0.556,0.1155,0.0
T10_d20_093_a_4.jpg,T10_093,4,auto,,False,0.975,1,0.571,0.0164,0.0
T10_d20_093_b_4.jpg,T10_093,4,revisar,area de defecto dudosa (100%),True,0.975,1,0.428,0.0317,1.0
T10_d20_094_a_5.jpg,T10_094,5,revisar,area de defecto dudosa (99%),True,0.982,2,0.426,0.2135,0.991
T10_d20_094_b_5.jpg,T10_094,5,revisar,area de defecto dudosa (100%),True,0.983,3,0.211,0.4502,1.0
T10_d20_096_a_4.jpg,T10_096,4,auto,,False,0.978,1,0.747,0.1569,0.0
T10_d20_096_b_4.jpg,T10_096,4,revisar,area de defecto dudosa (100%),True,0.979,3,0.181,0.0745,1.0
T10_d20_097_a_4.jpg,T10_097,4,auto,,False,0.976,1,0.792,0.0677,0.0
T10_d20_097_b_4.jpg,T10_097,4,revisar,defecto rectangular; area de defecto dudosa (100%),True,0.981,6,0.161,0.9131,1.0
T10_d20_098_a_5.jpg,T10_098,5,auto,,True,0.979,0,,0.0,0.0
T10_d20_098_b_5.jpg,T10_098,5,revisar,area de defecto dudosa (100%),True,0.979,1,0.314,0.0194,1.0
T10_d20_099_a_4.jpg,T10_099,4,auto,,False,0.979,0,,0.0,0.0
T10_d20_108_a_4.jpg,T10_108,4,auto,,False,0.979,0,,0.0,0.0
T10_d20_108_b_4.jpg,T10_108,4,auto,,False,0.979,0,,0.0,0.0
T10_d20_110_a_4.jpg,T10_110,4,auto,,False,0.98,0,,0.0,0.0
T10_d20_110_b_4.jpg,T10_110,4,revisar,area de defecto dudosa (72%),True,0.979,3,0.259,0.1064,0.722
T10_d20_113_a_4.jpg,T10_113,4,auto,,False,0.975,1,0.848,0.0831,0.0
T10_d20_113_b_4.jpg,T10_113,4,auto,,False,0.972,0,,0.0,0.0
T10_d20_118_a_4.jpg,T10_118,4,revisar,area de defecto dudosa (100%),True,0.98,3,0.167,0.4808,1.0
T10_d20_118_b_4.jpg,T10_118,4,auto,,False,0.98,0,,0.0,0.0
T10_d20_122_a_4.jpg,T10_122,4,revisar,area de defecto dudosa (100%),True,0.976,4,0.237,0.0762,0.995
T10_d20_122_b_4.jpg,T10_122,4,revisar,area de defecto dudosa (96%),True,0.98,2,0.347,0.0396,0.956
T10_d20_125_b_4.jpg,T10_125,4,auto,,True,0.977,0,,0.0,0.0
T10_d20_128_b_5.jpg,T10_128,5,revisar,area de defecto dudosa (100%),True,0.981,1,0.413,0.2942,1.0
T10_d20_129_a_4.jpg,T10_129,4,revisar,area de defecto dudosa (100%),True,0.979,1,0.444,0.0172,1.0
T10_d20_129_b_4.jpg,T10_129,4,revisar,area de defecto dudosa (100%),True,0.978,4,0.184,0.0649,1.0
T10_d20_130_a_4.jpg,T10_130,4,revisar,area de defecto dudosa (100%),True,0.977,5,0.167,0.6937,1.0
T10_d20_130_b_4.jpg,T10_130,4,auto,,False,0.975,0,,0.0,0.0
T10_d20_131_a_4.jpg,T10_131,4,revisar,area de defecto dudosa (100%),True,0.978,2,0.182,0.4981,1.0
T10_d20_131_b_4.jpg,T10_131,4,revisar,area de defecto dudosa (100%),True,0.976,1,0.227,0.0273,1.0
T10_d20_133_a_5.jpg,T10_133,5,auto,,False,0.979,1,0.599,0.2048,0.0
T10_d20_133_b_5.jpg,T10_133,5,revisar,area de defecto dudosa (100%),True,0.981,2,0.192,0.6133,1.0
T10_d20_138_a_4.jpg,T10_138,4,auto,,False,0.978,0,,0.0,0.0
T10_d20_138_b_4.jpg,T10_138,4,revisar,area de defecto dudosa (72%),True,0.976,3,0.169,0.0598,0.718
T10_d20_145_a_4.jpg,T10_145,4,revisar,area de defecto dudosa (100%),True,0.979,2,0.336,0.2713,1.0
T10_d20_145_b_4.jpg,T10_145,4,revisar,area de defecto dudosa (100%),True,0.975,1,0.361,0.0563,1.0
T10_d20_149_a_4.jpg,T10_149,4,auto,,False,0.977,1,0.616,0.3085,0.0
T10_d20_149_b_4.jpg,T10_149,4,revisar,area de defecto dudosa (100%),True,0.98,1,0.459,0.2214,1.0
T10_d20_152_a_4.jpg,T10_152,4,revisar,area de defecto dudosa (100%),True,0.978,3,0.198,0.013,1.0
T10_d20_152_b_4.jpg,T10_152,4,auto,,False,0.974,2,0.589,0.0462,0.0
T10_d20_156_a_4.jpg,T10_156,4,revisar,area de defecto dudosa (100%),True,0.978,2,0.162,0.0498,1.0
T10_d20_156_b_4.jpg,T10_156,4,revisar,area de defecto dudosa (100%),True,0.981,2,0.216,0.2252,1.0
T10_d20_165_a_4.jpg,T10_165,4,auto,,False,0.978,1,0.734,0.0499,0.0
T10_d20_165_b_4.jpg,T10_165,4,auto,,False,0.98,1,0.643,0.0287,0.0
T10_d20_166_a_4.jpg,T10_166,4,auto,,False,0.976,0,,0.0,0.0
T10_d20_166_b_4.jpg,T10_166,4,revisar,area de defecto dudosa (100%),True,0.982,1,0.188,0.219,1.0
T10_d20_167_a_4.jpg,T10_167,4,revisar,area de defecto dudosa (100%),True,0.98,1,0.461,0.0177,1.0
T10_d20_167_b_4.jpg,T10_167,4,revisar,area de defecto dudosa (100%),True,0.979,2,0.176,0.1252,1.0
T10_d20_168_a_4.jpg,T10_168,4,revisar,area de defecto dudosa (100%),True,0.975,2,0.154,0.0772,1.0
T10_d20_172_b_5.jpg,T10_172,5,auto,,False,0.975,1,0.732,0.0505,0.0
T10_d20_181_a_4.jpg,T10_181,4,auto,,False,0.979,0,,0.0,0.0
T10_d20_181_b_4.jpg,T10_181,4,revisar,area de defecto dudosa (100%),True,0.98,1,0.182,0.0189,1.0
T10_d20_193_a_4.jpg,T10_193,4,revisar,defecto rectangular; area de defecto dudosa (100%),True,0.978,2,0.157,0.8533,1.0
T10_d20_193_b_4.jpg,T10_193,4,auto,,False,0.98,0,,0.0,0.0
T10_d20_194_a_4.jpg,T10_194,4,auto,,False,0.976,1,0.601,0.0919,0.0
T10_d20_194_b_4.jpg,T10_194,4,revisar,area de defecto dudosa (100%),True,0.979,3,0.165,0.4587,1.0
T10_d20_196_a_4.jpg,T10_196,4,auto,,False,0.977,0,,0.0,0.0
T10_d20_196_b_4.jpg,T10_196,4,revisar,area de defecto dudosa (100%),True,0.98,1,0.432,0.0235,1.0
T10_d20_202_a_5.jpg,T10_202,5,revisar,area de defecto dudosa (93%),True,0.974,2,0.236,0.0224,0.931
T10_d20_204_a_4.jpg,T10_204,4,auto,,False,0.977,0,,0.0,0.0
T10_d20_204_b_4.jpg,T10_204,4,auto,,False,0.978,2,0.517,0.1,0.0
T10_d20_206_a_4.jpg,T10_206,4,revisar,area de defecto dudosa (100%),True,0.978,2,0.376,0.087,1.0
T10_d20_206_b_4.jpg,T10_206,4,revisar,area de defecto dudosa (100%),True,0.979,2,0.272,0.0288,1.0
T10_d20_211_b_4.jpg,T10_211,4,auto,,False,0.979,1,0.75,0.1782,0.0
T10_d20_213_a_4.jpg,T10_213,4,auto,,False,0.98,0,,0.0,0.0
T10_d20_213_b_4.jpg,T10_213,4,revisar,defecto rectangular; area de defecto dudosa (100%),True,0.982,3,0.192,0.5105,1.0
T10_d20_217_a_4.jpg,T10_217,4,auto,,False,0.978,1,0.721,0.1169,0.0
T10_d20_217_b_4.jpg,T10_217,4,auto,,False,0.98,0,,0.0,0.0
T10_d20_227_a_5.jpg,T10_227,5,auto,,False,0.976,1,0.542,0.0698,0.0
T10_d20_227_b_5.jpg,T10_227,5,auto,,False,0.977,0,,0.0,0.0
T10_d20_229_a_4.jpg,T10_229,4,revisar,area de defecto dudosa (100%),True,0.98,2,0.351,0.1221,1.0
T10_d20_229_b_4.jpg,T10_229,4,auto,,True,0.976,0,,0.0,0.0
T10_d20_233_a_5.jpg,T10_233,5,revisar,area de defecto dudosa (76%),True,0.98,2,0.347,0.1436,0.764
T10_d20_233_b_5.jpg,T10_233,5,revisar,area de defecto dudosa (74%),True,0.98,2,0.407,0.0769,0.741
T10_d20_234_a_4.jpg,T10_234,4,revisar,area de defecto dudosa (100%),True,0.976,3,0.176,0.0575,0.996
T10_d20_234_b_4.jpg,T10_234,4,revisar,area de defecto dudosa (100%),True,0.976,3,0.211,0.0913,1.0
T10_d20_236_a_4.jpg,T10_236,4,revisar,area de defecto dudosa (100%),True,0.98,2,0.198,0.0743,1.0
T10_d20_236_b_4.jpg,T10_236,4,revisar,area de defecto dudosa (100%),True,0.969,2,0.212,0.0874,0.998
T10_d20_237_a_5.jpg,T10_237,5,auto,,False,0.979,1,0.733,0.1278,0.0
T10_d20_237_b_5.jpg,T10_237,5,revisar,area de defecto dudosa (53%),True,0.978,3,0.243,0.2794,0.527
T10_d20_243_a_4.jpg,T10_243,4,auto,,False,0.977,0,,0.0,0.0
T10_d20_243_b_4.jpg,T10_243,4,revisar,area de defecto dudosa (100%),True,0.979,2,0.162,0.7788,1.0
T10_d20_250_a_4.jpg,T10_250,4,revisar,area de defecto dudosa (100%),True,0.976,4,0.2,0.358,1.0
T10_d20_252_a_4.jpg,T10_252,4,revisar,area de defecto dudosa (100%),True,0.977,1,0.451,0.0413,1.0
T10_d20_252_b_4.jpg,T10_252,4,revisar,area de defecto dudosa (100%),True,0.977,4,0.152,0.1976,1.0
T10_d20_262_a_4.jpg,T10_262,4,auto,,False,0.98,0,,0.0,0.0
T10_d20_262_b_4.jpg,T10_262,4,revisar,area de defecto dudosa (100%),True,0.98,1,0.476,0.0264,1.0
T10_d20_269_a_4.jpg,T10_269,4,auto,,False,0.974,1,0.707,0.0897,0.0
T10_d20_269_b_4.jpg,T10_269,4,auto,,False,0.977,1,0.881,0.037,0.0
T10_d20_274_a_4.jpg,T10_274,4,revisar,area de defecto dudosa (100%),True,0.98,1,0.183,0.0137,1.0
T10_d20_274_b_4.jpg,T10_274,4,revisar,area de defecto dudosa (100%),True,0.981,2,0.238,0.2451,1.0
T10_d20_276_a_4.jpg,T10_276,4,revisar,area de defecto dudosa (100%),True,0.979,3,0.192,0.0827,1.0
T10_d20_276_b_4.jpg,T10_276,4,revisar,area de defecto dudosa (100%),True,0.978,4,0.186,0.1946,1.0
T10_d20_282_a_4.jpg,T10_282,4,auto,,False,0.978,0,,0.0,0.0
T10_d20_282_b_4.jpg,T10_282,4,revisar,area de defecto dudosa (100%),True,0.974,1,0.416,0.0474,1.0
T10_d20_283_a_5.jpg,T10_283,5,revisar,area de defecto dudosa (100%),True,0.977,2,0.179,0.7733,1.0
T10_d20_283_b_5.jpg,T10_283,5,revisar,area de defecto dudosa (100%),True,0.979,1,0.151,0.1691,1.0
T10_d20_284_a_4.jpg,T10_284,4,revisar,area de defecto dudosa (100%),True,0.969,1,0.224,0.047,1.0
T10_d20_284_b_4.jpg,T10_284,4,auto,,False,0.972,0,,0.0,0.0
T10_d20_290_a_5.jpg,T10_290,5,revisar,defecto rectangular; area de defecto dudosa (100%),True,0.972,3,0.28,0.6182,1.0
T10_d20_290_b_5.jpg,T10_290,5,revisar,area de defecto dudosa (100%),True,0.977,6,0.178,0.4695,1.0
T10_d20_294_a_5.jpg,T10_294,5,auto,,False,0.977,1,0.759,0.0494,0.0
T10_d20_294_b_5.jpg,T10_294,5,revisar,area de defecto dudosa (100%),True,0.975,2,0.261,0.1036,0.999
T10_d20_295_a_4.jpg,T10_295,4,auto,,False,0.977,1,0.678,0.1272,0.0
T10_d20_295_b_4.jpg,T10_295,4,revisar,area de defecto dudosa (69%),True,0.976,3,0.172,0.0719,0.686
T10_d20_296_a_4.jpg,T10_296,4,auto,,False,0.98,1,0.629,0.2698,0.0
T10_d20_296_b_4.jpg,T10_296,4,revisar,area de defecto dudosa (100%),True,0.974,1,0.246,0.0804,1.0
T10_d20_306_a_4.jpg,T10_306,4,auto,,False,0.979,0,,0.0,0.0
T10_d20_306_b_4.jpg,T10_306,4,auto,,False,0.977,0,,0.0,0.0
T10_d20_315_a_4.jpg,T10_315,4,auto,,False,0.976,0,,0.0,0.0
T10_d20_315_b_4.jpg,T10_315,4,revisar,area de defecto dudosa (100%),True,0.975,2,0.224,0.0233,1.0
T10_d20_326_a_4.jpg,T10_326,4,revisar,area de defecto dudosa (62%),True,0.979,3,0.355,0.0566,0.62
T10_d20_326_b_4.jpg,T10_326,4,revisar,area de defecto dudosa (100%),True,0.98,1,0.266,0.0187,1.0
T10_d20_327_a_4.jpg,T10_327,4,auto,,False,0.977,0,,0.0,0.0
T10_d20_327_b_4.jpg,T10_327,4,auto,,False,0.979,0,,0.0,0.0
T10_d20_328_a_4.jpg,T10_328,4,auto,,False,0.98,0,,0.0,0.0
T10_d20_328_b_4.jpg,T10_328,4,revisar,area de defecto dudosa (100%),True,0.978,1,0.345,0.023,1.0
T10_d20_330_a_4.jpg,T10_330,4,auto,,False,0.979,0,,0.0,0.0
T10_d20_330_b_4.jpg,T10_330,4,auto,,False,0.978,0,,0.0,0.0
T10_d20_333_b_4.jpg,T10_333,4,revisar,area de defecto dudosa (100%),True,0.979,2,0.284,0.1579,1.0
T10_d20_336_a_5.jpg,T10_336,5,revisar,area de defecto dudosa (100%),True,0.977,3,0.232,0.7697,1.0
T10_d20_336_b_5.jpg,T10_336,5,revisar,area de defecto dudosa (100%),True,0.979,3,0.223,0.8647,1.0
T10_d20_337_b_4.jpg,T10_337,4,revisar,area de defecto dudosa (100%),True,0.975,2,0.241,0.1742,1.0
T10_d20_338_a_5.jpg,T10_338,5,auto,,False,0.977,0,,0.0,0.0
T10_d20_338_b_5.jpg,T10_338,5,revisar,area de defecto dudosa (100%),True,0.977,2,0.181,0.2979,0.995
T10_d20_349_a_4.jpg,T10_349,4,revisar,area de defecto dudosa (100%),True,0.977,2,0.174,0.1498,1.0
T10_d20_349_b_4.jpg,T10_349,4,auto,,False,0.978,0,,0.0,0.0
T10_d20_350_a_4.jpg,T10_350,4,auto,,False,0.976,1,0.818,0.0431,0.0
T10_d20_350_b_4.jpg,T10_350,4,auto,,False,0.978,0,,0.0,0.0
T10_d20_351_b_4.jpg,T10_351,4,revisar,area de defecto dudosa (100%),True,0.975,2,0.159,0.0241,1.0
T10_d20_355_a_4.jpg,T10_355,4,revisar,area de defecto dudosa (100%),True,0.98,2,0.381,0.0417,1.0
T10_d20_355_b_4.jpg,T10_355,4,revisar,area de defecto dudosa (100%),True,0.978,1,0.151,0.1626,1.0
T10_d20_357_a_5.jpg,T10_357,5,auto,,False,0.977,2,0.519,0.2141,0.0
T10_d20_357_b_5.jpg,T10_357,5,revisar,area de defecto dudosa (100%),True,0.98,3,0.203,0.1513,1.0
T10_d20_366_a_4.jpg,T10_366,4,auto,,False,0.976,1,0.831,0.0756,0.0
T10_d20_367_a_4.jpg,T10_367,4,revisar,area de defecto dudosa (100%),True,0.977,2,0.262,0.2686,1.0
T10_d20_372_a_4.jpg,T10_372,4,revisar,area de defecto dudosa (100%),True,0.979,3,0.355,0.2672,1.0
T10_d20_372_b_4.jpg,T10_372,4,revisar,area de defecto dudosa (56%),True,0.976,3,0.162,0.0811,0.561
T10_d20_376_a_5.jpg,T10_376,5,revisar,area de defecto dudosa (93%),True,0.979,2,0.45,0.1059,0.932
T10_d20_376_b_5.jpg,T10_376,5,revisar,area de defecto dudosa (100%),True,0.979,2,0.157,0.019,1.0
T10_d20_377_a_4.jpg,T10_377,4,auto,,False,0.977,0,,0.0,0.0
T10_d20_377_b_4.jpg,T10_377,4,auto,,False,0.978,1,0.587,0.0345,0.0
T10_d20_381_a_4.jpg,T10_381,4,revisar,area de defecto dudosa (100%),True,0.976,1,0.156,0.0055,1.0
T10_d20_381_b_4.jpg,T10_381,4,revisar,area de defecto dudosa (100%),True,0.979,3,0.156,0.031,1.0
T10_d20_382_a_4.jpg,T10_382,4,auto,,False,0.979,1,0.738,0.1219,0.0
T10_d20_382_b_4.jpg,T10_382,4,auto,,False,0.974,1,0.526,0.1242,0.0
T10_d20_387_a_4.jpg,T10_387,4,revisar,area de defecto dudosa (100%),True,0.979,3,0.163,0.4378,1.0
T10_d20_387_b_4.jpg,T10_387,4,revisar,area de defecto dudosa (100%),True,0.98,3,0.164,0.5211,1.0
T10_d20_400_a_4.jpg,T10_400,4,revisar,area de defecto dudosa (100%),True,0.979,5,0.227,0.3396,1.0
T10_d20_400_b_4.jpg,T10_400,4,revisar,area de defecto dudosa (100%),True,0.982,3,0.173,0.3002,1.0
T10_d20_401_a_4.jpg,T10_401,4,auto,,False,0.975,0,,0.0,0.0
T10_d20_405_a_4.jpg,T10_405,4,auto,,False,0.979,1,0.665,0.0587,0.0
T10_d20_405_b_4.jpg,T10_405,4,auto,,False,0.978,0,,0.0,0.0
T10_d20_408_a_4.jpg,T10_408,4,auto,,False,0.978,0,,0.0,0.0
T10_d20_408_b_4.jpg,T10_408,4,auto,,False,0.978,0,,0.0,0.0
T10_d20_410_a_4.jpg,T10_410,4,auto,,False,0.977,1,0.828,0.0322,0.0
T10_d20_410_b_4.jpg,T10_410,4,revisar,area de defecto dudosa (100%),True,0.977,1,0.314,0.0147,1.0
T10_d20_413_a_4.jpg,T10_413,4,auto,,False,0.978,1,0.884,0.0873,0.0
T10_d20_413_b_4.jpg,T10_413,4,revisar,area de defecto dudosa (100%),True,0.978,3,0.166,0.0139,1.0
T10_d20_415_a_4.jpg,T10_415,4,auto,,False,0.978,0,,0.0,0.0
T10_d20_415_b_4.jpg,T10_415,4,revisar,area de defecto dudosa (95%),True,0.973,5,0.198,0.0829,0.952
T10_d20_420_a_4.jpg,T10_420,4,revisar,area de defecto dudosa (100%),True,0.981,5,0.199,0.6107,1.0
T10_d20_420_b_4.jpg,T10_420,4,auto,,False,0.979,0,,0.0,0.0
T10_d20_422_a_5.jpg,T10_422,5,auto,,False,0.98,1,0.731,0.0537,0.0
T10_d20_422_b_5.jpg,T10_422,5,revisar,area de defecto dudosa (98%),True,0.977,2,0.195,0.1113,0.978
T10_d20_425_a_4.jpg,T10_425,4,auto,,False,0.977,0,,0.0,0.0
T10_d20_425_b_4.jpg,T10_425,4,auto,,False,0.977,0,,0.0,0.0
T10_d20_429_a_4.jpg,T10_429,4,auto,,False,0.979,0,,0.0,0.0
T10_d20_429_b_4.jpg,T10_429,4,revisar,area de defecto dudosa (100%),True,0.979,3,0.232,0.0879,1.0
T10_d20_442_a_4.jpg,T10_442,4,auto,,False,0.981,1,0.699,0.0436,0.0
T10_d20_442_b_4.jpg,T10_442,4,revisar,area de defecto dudosa (100%),True,0.977,2,0.199,0.0298,1.0
T10_d20_444_a_4.jpg,T10_444,4,auto,,False,0.979,0,,0.0,0.0
T10_d20_444_b_4.jpg,T10_444,4,auto,,False,0.98,0,,0.0,0.0
T10_d20_445_a_4.jpg,T10_445,4,revisar,area de defecto dudosa (100%),True,0.975,1,0.155,0.007,1.0
T10_d20_446_a_4.jpg,T10_446,4,auto,,False,0.977,0,,0.0,0.0
T10_d20_446_b_4.jpg,T10_446,4,auto,,False,0.978,1,0.613,0.0134,0.0
T10_d20_447_a_5.jpg,T10_447,5,auto,,False,0.977,1,0.711,0.0629,0.0
T10_d20_447_b_5.jpg,T10_447,5,revisar,area de defecto dudosa (100%),True,0.982,2,0.303,0.0598,1.0
T10_d20_448_a_5.jpg,T10_448,5,auto,,False,0.979,1,0.767,0.2242,0.0
T10_d20_448_b_5.jpg,T10_448,5,revisar,area de defecto dudosa (100%),True,0.975,4,0.167,0.1843,1.0
T10_d20_449_a_4.jpg,T10_449,4,auto,,False,0.975,0,,0.0,0.0
T10_d20_449_b_4.jpg,T10_449,4,revisar,area de defecto dudosa (54%),True,0.975,4,0.171,0.0953,0.535
T10_d20_454_a_4.jpg,T10_454,4,auto,,False,0.976,0,,0.0,0.0
T10_d20_454_b_4.jpg,T10_454,4,auto,,False,0.981,1,0.706,0.0564,0.0
T10_d20_458_a_4.jpg,T10_458,4,auto,,False,0.975,0,,0.0,0.0
T10_d20_458_b_4.jpg,T10_458,4,revisar,area de defecto dudosa (100%),True,0.967,3,0.16,0.1612,1.0
T10_d20_459_a_4.jpg,T10_459,4,auto,,False,0.975,0,,0.0,0.0
T10_d20_459_b_4.jpg,T10_459,4,auto,,False,0.975,0,,0.0,0.0
T10_d20_470_a_4.jpg,T10_470,4,revisar,area de defecto dudosa (100%),True,0.98,4,0.164,0.7163,1.0
T10_d20_470_b_4.jpg,T10_470,4,auto,,False,0.978,0,,0.0,0.0
T10_d20_475_a_4.jpg,T10_475,4,auto,,False,0.978,1,0.683,0.0465,0.0
T10_d20_475_b_4.jpg,T10_475,4,revisar,area de defecto dudosa (99%),True,0.978,4,0.15,0.218,0.992
T10_d21_002_b_5.jpg,T10_002,5,revisar,area de defecto dudosa (100%),True,0.973,2,0.224,0.1009,1.0
T10_d21_003_a_5.jpg,T10_003,5,revisar,area de defecto dudosa (100%),True,0.982,2,0.174,0.3447,1.0
T10_d21_003_b_5.jpg,T10_003,5,revisar,area de defecto dudosa (100%),True,0.982,2,0.174,0.0372,1.0
T10_d21_007_a_5.jpg,T10_007,5,auto,,False,0.98,1,0.683,0.0856,0.0
T10_d21_007_b_5.jpg,T10_007,5,auto,,False,0.979,2,0.208,0.0992,0.139
T10_d21_011_a_5.jpg,T10_011,5,auto,,False,0.979,3,0.367,0.1836,0.071
T10_d21_011_b_5.jpg,T10_011,5,revisar,area de defecto dudosa (100%),True,0.979,2,0.24,0.0215,1.0
T10_d21_013_a_4.jpg,T10_013,4,auto,,False,0.977,0,,0.0,0.0
T10_d21_013_b_4.jpg,T10_013,4,auto,,False,0.975,0,,0.0,0.0
T10_d21_021_a_4.jpg,T10_021,4,revisar,area de defecto dudosa (100%),True,0.979,1,0.157,0.0376,1.0
T10_d21_021_b_4.jpg,T10_021,4,auto,,False,0.978,1,0.695,0.067,0.0
T10_d21_022_a_5.jpg,T10_022,5,auto,,False,0.979,0,,0.0,0.0
T10_d21_022_b_5.jpg,T10_022,5,revisar,area de defecto dudosa (100%),True,0.982,1,0.448,0.0758,1.0
T10_d21_026_a_5.jpg,T10_026,5,revisar,area de defecto dudosa (100%),True,0.977,2,0.266,0.3348,1.0
T10_d21_026_b_5.jpg,T10_026,5,revisar,area de defecto dudosa (100%),True,0.977,2,0.264,0.0534,1.0
T10_d21_027_a_4.jpg,T10_027,4,auto,,False,0.981,0,,0.0,0.0
T10_d21_027_b_4.jpg,T10_027,4,revisar,area de defecto dudosa (100%),True,0.977,7,0.18,0.1718,1.0
T10_d21_034_a_4.jpg,T10_034,4,revisar,area de defecto dudosa (59%),True,0.982,2,0.233,0.3426,0.594
T10_d21_034_b_4.jpg,T10_034,4,auto,,False,0.98,1,0.631,0.2096,0.0
T10_d21_046_b_4.jpg,T10_046,4,revisar,area de defecto dudosa (100%),True,0.978,7,0.153,0.1041,1.0
T10_d21_047_a_4.jpg,T10_047,4,auto,,False,0.979,0,,0.0,0.0
T10_d21_047_b_4.jpg,T10_047,4,auto,,False,0.978,0,,0.0,0.0
T10_d21_048_a_4.jpg,T10_048,4,revisar,area de defecto dudosa (100%),True,0.976,2,0.404,0.0486,1.0
T10_d21_048_b_4.jpg,T10_048,4,auto,,False,0.975,0,,0.0,0.0
T10_d21_055_a_4.jpg,T10_055,4,auto,,False,0.978,1,0.705,0.0644,0.0
T10_d21_055_b_4.jpg,T10_055,4,revisar,area de defecto dudosa (100%),True,0.978,2,0.152,0.0477,0.997
T10_d21_061_a_4.jpg,T10_061,4,revisar,area de defecto dudosa (100%),True,0.975,2,0.238,0.4411,1.0
T10_d21_061_b_4.jpg,T10_061,4,auto,,False,0.977,0,,0.0,0.0
T10_d21_067_a_4.jpg,T10_067,4,revisar,area de defecto dudosa (100%),True,0.972,3,0.163,0.0156,1.0
T10_d21_067_b_4.jpg,T10_067,4,auto,,False,0.975,2,0.151,0.2213,0.453
T10_d21_069_a_5.jpg,T10_069,5,auto,,False,0.979,1,0.839,0.075,0.0
T10_d21_069_b_5.jpg,T10_069,5,revisar,area de defecto dudosa (100%),True,0.976,2,0.163,0.2216,1.0
T10_d21_083_a_5.jpg,T10_083,5,revisar,area de defecto dudosa (100%),True,0.976,2,0.422,0.071,1.0
T10_d21_083_b_5.jpg,T10_083,5,revisar,area de defecto dudosa (100%),True,0.974,2,0.233,0.069,1.0
T10_d21_089_a_5.jpg,T10_089,5,revisar,area de defecto dudosa (56%),True,0.976,4,0.289,0.1328,0.56
T10_d21_089_b_5.jpg,T10_089,5,auto,,False,0.978,3,0.178,0.1185,0.126
T10_d21_093_b_4.jpg,T10_093,4,revisar,area de defecto dudosa (85%),True,0.982,3,0.222,0.1661,0.85
T10_d21_094_a_5.jpg,T10_094,5,revisar,area de defecto dudosa (99%),True,0.98,2,0.299,0.2461,0.985
T10_d21_094_b_5.jpg,T10_094,5,revisar,area de defecto dudosa (100%),True,0.983,2,0.183,0.2115,1.0
T10_d21_096_b_4.jpg,T10_096,4,revisar,area de defecto dudosa (100%),True,0.975,4,0.159,0.0811,1.0
T10_d21_097_a_5.jpg,T10_097,5,auto,,False,0.98,1,0.782,0.0773,0.0
T10_d21_097_b_5.jpg,T10_097,5,revisar,defecto rectangular; area de defecto dudosa (100%),True,0.978,3,0.165,0.6872,1.0
T10_d21_098_a_5.jpg,T10_098,5,auto,,False,0.977,0,,0.0,0.0
T10_d21_098_b_5.jpg,T10_098,5,revisar,area de defecto dudosa (100%),True,0.98,1,0.243,0.0191,1.0
T10_d21_099_a_4.jpg,T10_099,4,auto,,False,0.978,0,,0.0,0.0
T10_d21_099_b_4.jpg,T10_099,4,revisar,area de defecto dudosa (100%),True,0.981,2,0.218,0.1532,1.0
T10_d21_108_a_4.jpg,T10_108,4,auto,,True,0.976,0,,0.0,0.0
T10_d21_108_b_4.jpg,T10_108,4,auto,,False,0.979,0,,0.0,0.0
T10_d21_110_a_4.jpg,T10_110,4,auto,,False,0.975,0,,0.0,0.0
T10_d21_110_b_4.jpg,T10_110,4,revisar,area de defecto dudosa (85%),True,0.979,2,0.298,0.0892,0.854
T10_d21_113_a_4.jpg,T10_113,4,auto,,False,0.979,1,0.865,0.0794,0.0
T10_d21_113_b_4.jpg,T10_113,4,revisar,area de defecto dudosa (100%),True,0.977,1,0.22,0.0182,1.0
T10_d21_118_a_4.jpg,T10_118,4,revisar,area de defecto dudosa (100%),True,0.977,2,0.163,0.4752,1.0
T10_d21_118_b_4.jpg,T10_118,4,auto,,False,0.98,0,,0.0,0.0
T10_d21_122_a_4.jpg,T10_122,4,revisar,area de defecto dudosa (100%),True,0.976,3,0.161,0.0819,1.0
T10_d21_122_b_4.jpg,T10_122,4,auto,,False,0.976,1,0.565,0.0391,0.0
T10_d21_125_a_4.jpg,T10_125,4,auto,,False,0.983,0,,0.0,0.0
T10_d21_125_b_4.jpg,T10_125,4,auto,,False,0.977,0,,0.0,0.0
T10_d21_128_a_5.jpg,T10_128,5,revisar,area de defecto dudosa (100%),True,0.982,1,0.426,0.4079,1.0
T10_d21_128_b_5.jpg,T10_128,5,revisar,area de defecto dudosa (100%),True,0.982,2,0.204,0.5938,1.0
T10_d21_129_a_4.jpg,T10_129,4,revisar,area de defecto dudosa (100%),True,0.981,2,0.163,0.0229,1.0
T10_d21_130_a_5.jpg,T10_130,5,revisar,area de defecto dudosa (95%),True,0.977,3,0.208,0.5278,0.945
T10_d21_130_b_5.jpg,T10_130,5,auto,,False,0.974,0,,0.0,0.0
T10_d21_131_a_5.jpg,T10_131,5,revisar,area de defecto dudosa (100%),True,0.979,2,0.167,0.5237,1.0
T10_d21_131_b_5.jpg,T10_131,5,revisar,area de defecto dudosa (100%),True,0.978,1,0.444,0.0322,1.0
T10_d21_133_a_5.jpg,T10_133,5,auto,,False,0.977,1,0.639,0.1984,0.0
T10_d21_133_b_5.jpg,T10_133,5,auto,,False,0.982,0,,0.0,0.0
T10_d21_138_a_4.jpg,T10_138,4,auto,,False,0.976,0,,0.0,0.0
T10_d21_138_b_4.jpg,T10_138,4,revisar,area de defecto dudosa (100%),True,0.975,4,0.172,0.0762,1.0
T10_d21_145_a_5.jpg,T10_145,5,revisar,area de defecto dudosa (100%),True,0.974,4,0.175,0.3328,1.0
T10_d21_145_b_5.jpg,T10_145,5,revisar,area de defecto dudosa (100%),True,0.976,3,0.15,0.1332,1.0
T10_d21_149_a_5.jpg,T10_149,5,auto,,False,0.976,1,0.604,0.2891,0.0
T10_d21_149_b_5.jpg,T10_149,5,auto,,False,0.977,1,0.503,0.2167,0.0
T10_d21_152_a_4.jpg,T10_152,4,auto,,False,0.98,1,0.642,0.0274,0.0
T10_d21_156_b_5.jpg,T10_156,5,revisar,area de defecto dudosa (100%),True,0.978,1,0.281,0.2708,1.0
T10_d21_165_a_5.jpg,T10_165,5,auto,,False,0.98,1,0.717,0.067,0.0
T10_d21_165_b_5.jpg,T10_165,5,auto,,False,0.979,1,0.674,0.0396,0.0
T10_d21_166_a_5.jpg,T10_166,5,auto,,False,0.977,0,,0.0,0.0
T10_d21_166_b_5.jpg,T10_166,5,revisar,area de defecto dudosa (100%),True,0.977,1,0.356,0.0129,1.0
T10_d21_167_a_4.jpg,T10_167,4,auto,,False,0.982,1,0.535,0.0157,0.0
T10_d21_167_b_4.jpg,T10_167,4,revisar,area de defecto dudosa (100%),True,0.981,2,0.249,0.1665,1.0
T10_d21_168_a_5.jpg,T10_168,5,revisar,area de defecto dudosa (100%),True,0.976,3,0.218,0.1337,1.0
T10_d21_168_b_5.jpg,T10_168,5,revisar,area de defecto dudosa (100%),True,0.979,2,0.154,0.223,1.0
T10_d21_172_b_5.jpg,T10_172,5,auto,,False,0.977,1,0.632,0.0376,0.0
T10_d21_181_a_5.jpg,T10_181,5,auto,,False,0.98,1,0.533,0.0237,0.0
T10_d21_181_b_5.jpg,T10_181,5,revisar,area de defecto dudosa (100%),True,0.977,1,0.244,0.0167,1.0
T10_d21_193_a_5.jpg,T10_193,5,revisar,area de defecto dudosa (100%),True,0.98,4,0.151,0.8903,1.0
T10_d21_193_b_5.jpg,T10_193,5,auto,,False,0.977,0,,0.0,0.0
T10_d21_194_a_4.jpg,T10_194,4,revisar,area de defecto dudosa (99%),True,0.977,2,0.286,0.1097,0.994
T10_d21_194_b_4.jpg,T10_194,4,revisar,area de defecto dudosa (100%),True,0.978,2,0.178,0.1715,1.0
T10_d21_196_a_4.jpg,T10_196,4,auto,,False,0.979,0,,0.0,0.0
T10_d21_196_b_4.jpg,T10_196,4,revisar,area de defecto dudosa (100%),True,0.979,2,0.157,0.0789,1.0
T10_d21_202_a_5.jpg,T10_202,5,revisar,area de defecto dudosa (100%),True,0.976,1,0.49,0.0186,1.0
T10_d21_202_b_5.jpg,T10_202,5,revisar,area de defecto dudosa (100%),True,0.978,2,0.262,0.0708,1.0
T10_d21_204_a_4.jpg,T10_204,4,auto,,False,0.979,0,,0.0,0.0
T10_d21_204_b_4.jpg,T10_204,4,revisar,area de defecto dudosa (100%),True,0.98,3,0.196,0.089,1.0
T10_d21_206_a_4.jpg,T10_206,4,revisar,area de defecto dudosa (100%),True,0.98,4,0.151,0.0841,1.0
T10_d21_206_b_4.jpg,T10_206,4,revisar,area de defecto dudosa (100%),True,0.975,2,0.16,0.0329,1.0
T10_d21_211_a_4.jpg,T10_211,4,auto,,False,0.977,1,0.72,0.0425,0.0
T10_d21_211_b_4.jpg,T10_211,4,auto,,False,0.979,1,0.699,0.1839,0.0
T10_d21_213_a_4.jpg,T10_213,4,auto,,False,0.976,0,,0.0,0.0
T10_d21_213_b_4.jpg,T10_213,4,revisar,area de defecto dudosa (100%),True,0.979,3,0.213,0.5271,1.0
T10_d21_217_a_4.jpg,T10_217,4,auto,,False,0.98,1,0.744,0.1228,0.0
T10_d21_217_b_4.jpg,T10_217,4,auto,,False,0.979,0,,0.0,0.0
T10_d21_227_a_5.jpg,T10_227,5,revisar,area de defecto dudosa (100%),True,0.976,2,0.455,0.0774,0.996
T10_d21_227_b_5.jpg,T10_227,5,auto,,False,0.977,0,,0.0,0.0
T10_d21_229_b_5.jpg,T10_229,5,auto,,False,0.98,0,,0.0,0.0
T10_d21_233_a_5.jpg,T10_233,5,revisar,area de defecto dudosa (100%),True,0.978,3,0.225,0.342,1.0
T10_d21_233_b_5.jpg,T10_233,5,auto,,False,0.979,1,0.689,0.0713,0.0
T10_d21_234_a_4.jpg,T10_234,4,revisar,area de defecto dudosa (100%),True,0.976,2,0.191,0.043,1.0
T10_d21_234_b_4.jpg,T10_234,4,revisar,area de defecto dudosa (100%),True,0.974,6,0.179,0.1149,1.0
T10_d21_236_a_5.jpg,T10_236,5,revisar,area de defecto dudosa (100%),True,0.98,2,0.183,0.0803,1.0
T10_d21_236_b_5.jpg,T10_236,5,auto,,False,0.969,1,0.674,0.0602,0.0
T10_d21_237_a_5.jpg,T10_237,5,auto,,False,0.977,1,0.736,0.1104,0.0
T10_d21_237_b_5.jpg,T10_237,5,revisar,area de defecto dudosa (92%),True,0.983,4,0.237,0.3539,0.922
T10_d21_243_a_5.jpg,T10_243,5,auto,,False,0.977,0,,0.0,0.0
T10_d21_250_b_5.jpg,T10_250,5,revisar,area de defecto dudosa (100%),True,0.979,3,0.159,0.0876,1.0
T10_d21_252_a_5.jpg,T10_252,5,revisar,area de defecto dudosa (100%),True,0.979,1,0.447,0.0375,1.0
T10_d21_252_b_5.jpg,T10_252,5,revisar,area de defecto dudosa (100%),True,0.978,4,0.165,0.1515,1.0
T10_d21_262_a_4.jpg,T10_262,4,auto,,False,0.981,0,,0.0,0.0
T10_d21_262_b_4.jpg,T10_262,4,revisar,area de defecto dudosa (100%),True,0.979,1,0.286,0.0264,1.0
T10_d21_269_a_4.jpg,T10_269,4,auto,,False,0.973,1,0.748,0.0836,0.0
T10_d21_269_b_4.jpg,T10_269,4,auto,,False,0.978,1,0.821,0.0312,0.0
T10_d21_274_a_4.jpg,T10_274,4,auto,,False,0.982,0,,0.0,0.0
T10_d21_274_b_4.jpg,T10_274,4,auto,,False,0.975,1,0.582,0.2612,0.0
T10_d21_276_a_5.jpg,T10_276,5,revisar,area de defecto dudosa (100%),True,0.98,4,0.151,0.075,1.0
T10_d21_276_b_5.jpg,T10_276,5,revisar,area de defecto dudosa (100%),True,0.981,4,0.185,0.1066,1.0
T10_d21_282_a_4.jpg,T10_282,4,auto,,False,0.981,0,,0.0,0.0
T10_d21_282_b_4.jpg,T10_282,4,revisar,area de defecto dudosa (100%),True,0.973,3,0.152,0.0949,1.0
T10_d21_283_a_5.jpg,T10_283,5,revisar,area de defecto dudosa (54%),True,0.979,2,0.153,0.2124,0.544
T10_d21_283_b_5.jpg,T10_283,5,revisar,area de defecto dudosa (100%),True,0.979,1,0.157,0.0148,1.0
T10_d21_284_a_5.jpg,T10_284,5,auto,,False,0.97,0,,0.0,0.0
T10_d21_284_b_5.jpg,T10_284,5,auto,,False,0.976,0,,0.0,0.0
T10_d21_290_a_5.jpg,T10_290,5,revisar,defecto rectangular; area de defecto dudosa (100%),True,0.975,5,0.169,0.8888,1.0
T10_d21_290_b_5.jpg,T10_290,5,revisar,area de defecto dudosa (100%),True,0.979,5,0.152,0.2006,1.0
T10_d21_294_a_5.jpg,T10_294,5,auto,,False,0.979,1,0.764,0.0457,0.0
T10_d21_294_b_5.jpg,T10_294,5,auto,,False,0.978,2,0.208,0.1211,0.105
T10_d21_295_a_4.jpg,T10_295,4,auto,,False,0.977,1,0.611,0.1406,0.0
T10_d21_295_b_4.jpg,T10_295,4,auto,,False,0.978,2,0.663,0.0751,0.0
T10_d21_296_a_5.jpg,T10_296,5,auto,,True,0.981,1,0.589,0.2851,0.0
T10_d21_296_b_5.jpg,T10_296,5,auto,,False,0.979,0,,0.0,0.0
T10_d21_306_a_4.jpg,T10_306,4,auto,,False,0.978,0,,0.0,0.0
T10_d21_315_a_4.jpg,T10_315,4,auto,,False,0.976,0,,0.0,0.0
T10_d21_315_b_4.jpg,T10_315,4,revisar,area de defecto dudosa (100%),True,0.976,2,0.256,0.0669,1.0
T10_d21_326_a_5.jpg,T10_326,5,revisar,area de defecto dudosa (99%),True,0.981,3,0.168,0.075,0.988
T10_d21_326_b_5.jpg,T10_326,5,revisar,area de defecto dudosa (100%),True,0.984,2,0.222,0.1243,1.0
T10_d21_327_a_5.jpg,T10_327,5,auto,,False,0.979,0,,0.0,0.0
T10_d21_327_b_5.jpg,T10_327,5,auto,,False,0.979,0,,0.0,0.0
T10_d21_328_a_5.jpg,T10_328,5,revisar,area de defecto dudosa (100%),True,0.973,2,0.179,0.017,1.0
T10_d21_328_b_5.jpg,T10_328,5,auto,,False,0.977,1,0.651,0.0193,0.0
T10_d21_330_a_4.jpg,T10_330,4,auto,,False,0.976,0,,0.0,0.0
T10_d21_330_b_4.jpg,T10_330,4,auto,,False,0.98,0,,0.0,0.0
T10_d21_333_a_4.jpg,T10_333,4,revisar,area de defecto dudosa (97%),True,0.983,2,0.154,0.0229,0.974
T10_d21_333_b_4.jpg,T10_333,4,revisar,area de defecto dudosa (100%),True,0.981,3,0.162,0.3178,1.0
T10_d21_336_a_5.jpg,T10_336,5,revisar,area de defecto dudosa (100%),True,0.98,3,0.208,0.648,1.0
T10_d21_336_b_5.jpg,T10_336,5,revisar,area de defecto dudosa (100%),True,0.98,4,0.217,0.9916,1.0
T10_d21_337_a_4.jpg,T10_337,4,auto,,False,0.978,0,,0.0,0.0
T10_d21_337_b_4.jpg,T10_337,4,revisar,area de defecto dudosa (100%),True,0.975,3,0.224,0.2922,1.0
T10_d21_338_a_5.jpg,T10_338,5,auto,,False,0.981,0,,0.0,0.0
T10_d21_338_b_5.jpg,T10_338,5,revisar,area de defecto dudosa (100%),True,0.978,3,0.16,0.4053,1.0
T10_d21_349_a_4.jpg,T10_349,4,revisar,area de defecto dudosa (100%),True,0.98,1,0.425,0.0565,1.0
T10_d21_349_b_4.jpg,T10_349,4,auto,,False,0.975,0,,0.0,0.0
T10_d21_350_a_4.jpg,T10_350,4,auto,,False,0.976,1,0.856,0.0437,0.0
T10_d21_350_b_4.jpg,T10_350,4,auto,,False,0.977,0,,0.0,0.0
T10_d21_351_a_4.jpg,T10_351,4,revisar,area de defecto dudosa (100%),True,0.977,1,0.212,0.225,1.0
T10_d21_351_b_4.jpg,T10_351,4,auto,,False,0.975,1,0.589,0.0348,0.0
T10_d21_355_a_4.jpg,T10_355,4,revisar,area de defecto dudosa (100%),True,0.981,2,0.268,0.0377,1.0
T10_d21_355_b_4.jpg,T10_355,4,revisar,area de defecto dudosa (100%),True,0.98,1,0.222,0.0834,1.0
T10_d21_357_b_5.jpg,T10_357,5,auto,,False,0.978,1,0.655,0.0433,0.0
T10_d21_366_a_4.jpg,T10_366,4,auto,,False,0.977,1,0.805,0.0793,0.0
T10_d21_366_b_4.jpg,T10_366,4,revisar,area de defecto dudosa (100%),True,0.98,1,0.449,0.0267,1.0
T10_d21_367_a_5.jpg,T10_367,5,revisar,area de defecto dudosa (100%),True,0.981,2,0.269,0.2391,1.0
T10_d21_367_b_5.jpg,T10_367,5,revisar,area de defecto dudosa (100%),True,0.979,4,0.185,0.5957,1.0
T10_d21_372_a_5.jpg,T10_372,5,auto,,False,0.981,2,0.371,0.1706,0.331
T10_d21_372_b_5.jpg,T10_372,5,auto,,False,0.975,3,0.155,0.0748,0.495
T10_d21_376_b_5.jpg,T10_376,5,revisar,area de defecto dudosa (100%),True,0.977,2,0.159,0.0177,1.0
T10_d21_377_a_4.jpg,T10_377,4,auto,,False,0.981,0,,0.0,0.0
T10_d21_377_b_4.jpg,T10_377,4,auto,,True,0.977,1,0.551,0.0341,0.0
T10_d21_381_a_5.jpg,T10_381,5,auto,,False,0.98,0,,0.0,0.0
T10_d21_381_b_5.jpg,T10_381,5,revisar,area de defecto dudosa (100%),True,0.979,2,0.236,0.035,1.0
T10_d21_382_a_4.jpg,T10_382,4,auto,,False,0.98,1,0.777,0.1113,0.0
T10_d21_382_b_4.jpg,T10_382,4,revisar,area de defecto dudosa (100%),True,0.975,1,0.467,0.1577,1.0
T10_d21_387_a_4.jpg,T10_387,4,revisar,area de defecto dudosa (100%),True,0.98,2,0.153,0.4121,1.0
T10_d21_387_b_4.jpg,T10_387,4,revisar,area de defecto dudosa (100%),True,0.979,3,0.157,0.3807,1.0
T10_d21_400_a_4.jpg,T10_400,4,revisar,area de defecto dudosa (100%),True,0.976,5,0.204,0.3872,1.0
T10_d21_400_b_4.jpg,T10_400,4,revisar,area de defecto dudosa (100%),True,0.978,2,0.234,0.3532,1.0
T10_d21_401_a_4.jpg,T10_401,4,auto,,True,0.974,0,,0.0,0.0
T10_d21_401_b_4.jpg,T10_401,4,revisar,area de defecto dudosa (84%),True,0.975,2,0.177,0.0917,0.842
T10_d21_405_a_4.jpg,T10_405,4,auto,,False,0.976,1,0.662,0.0553,0.0
T10_d21_405_b_4.jpg,T10_405,4,revisar,area de defecto dudosa (100%),True,0.975,2,0.204,0.0168,1.0
T10_d21_408_a_4.jpg,T10_408,4,auto,,False,0.977,0,,0.0,0.0
T10_d21_410_a_4.jpg,T10_410,4,revisar,area de defecto dudosa (100%),True,0.976,1,0.482,0.0187,1.0
T10_d21_410_b_4.jpg,T10_410,4,revisar,area de defecto dudosa (100%),True,0.979,2,0.183,0.038,1.0
T10_d21_413_a_4.jpg,T10_413,4,auto,,False,0.977,1,0.867,0.0642,0.0
T10_d21_413_b_4.jpg,T10_413,4,auto,,False,0.976,1,0.825,0.0474,0.0
T10_d21_414_a_4.jpg,T10_414,4,auto,,False,0.977,1,0.756,0.2358,0.0
T10_d21_414_b_4.jpg,T10_414,4,revisar,area de defecto dudosa (100%),True,0.98,5,0.164,0.3808,1.0
T10_d21_415_a_4.jpg,T10_415,4,auto,,False,0.976,0,,0.0,0.0
T10_d21_415_b_4.jpg,T10_415,4,revisar,area de defecto dudosa (91%),True,0.978,2,0.339,0.0967,0.909
T10_d21_420_a_4.jpg,T10_420,4,revisar,area de defecto dudosa (100%),True,0.976,6,0.158,0.5661,1.0
T10_d21_420_b_4.jpg,T10_420,4,auto,,False,0.982,0,,0.0,0.0
T10_d21_422_a_5.jpg,T10_422,5,auto,,False,0.979,1,0.72,0.077,0.0
T10_d21_425_a_4.jpg,T10_425,4,auto,,False,0.98,0,,0.0,0.0
T10_d21_425_b_4.jpg,T10_425,4,auto,,False,0.981,0,,0.0,0.0
T10_d21_429_a_4.jpg,T10_429,4,auto,,False,0.979,0,,0.0,0.0
T10_d21_429_b_4.jpg,T10_429,4,revisar,area de defecto dudosa (100%),True,0.98,2,0.433,0.0743,1.0
T10_d21_442_a_4.jpg,T10_442,4,auto,,False,0.979,1,0.709,0.0498,0.0
T10_d21_442_b_4.jpg,T10_442,4,auto,,False,0.98,1,0.681,0.0238,0.0
T10_d21_444_a_4.jpg,T10_444,4,auto,,False,0.977,0,,0.0,0.0
T10_d21_444_b_4.jpg,T10_444,4,auto,,False,0.977,0,,0.0,0.0
T10_d21_445_a_4.jpg,T10_445,4,auto,,False,0.977,0,,0.0,0.0
T10_d21_445_b_4.jpg,T10_445,4,revisar,area de defecto dudosa (100%),True,0.976,1,0.414,0.0135,1.0
T10_d21_446_a_4.jpg,T10_446,4,auto,,False,0.978,0,,0.0,0.0
T10_d21_446_b_4.jpg,T10_446,4,auto,,False,0.979,1,0.567,0.0136,0.0
T10_d21_447_a_5.jpg,T10_447,5,auto,,False,0.98,1,0.793,0.0365,0.0
T10_d21_447_b_5.jpg,T10_447,5,revisar,area de defecto dudosa (100%),True,0.975,3,0.299,0.1531,0.999
T10_d21_448_b_5.jpg,T10_448,5,revisar,area de defecto dudosa (100%),True,0.976,2,0.287,0.0757,1.0
T10_d21_449_a_4.jpg,T10_449,4,revisar,area de defecto dudosa (100%),True,0.976,1,0.336,0.0232,1.0
T10_d21_449_b_4.jpg,T10_449,4,auto,,False,0.977,4,0.166,0.0961,0.437
T10_d21_454_b_4.jpg,T10_454,4,auto,,False,0.978,1,0.686,0.0544,0.0
T10_d21_458_a_4.jpg,T10_458,4,auto,,True,0.97,0,,0.0,0.0
T10_d21_458_b_4.jpg,T10_458,4,revisar,area de defecto dudosa (100%),True,0.969,2,0.347,0.1594,1.0
T10_d21_459_a_5.jpg,T10_459,5,auto,,False,0.978,0,,0.0,0.0
T10_d21_459_b_5.jpg,T10_459,5,revisar,area de defecto dudosa (100%),True,0.976,3,0.173,0.1209,1.0
T10_d21_470_a_4.jpg,T10_470,4,revisar,area de defecto dudosa (100%),True,0.979,3,0.224,0.7795,1.0
T10_d21_470_b_4.jpg,T10_470,4,auto,,False,0.982,0,,0.0,0.0
T10_d21_475_a_4.jpg,T10_475,4,auto,,False,0.98,1,0.7,0.0376,0.0
T10_d21_475_b_4.jpg,T10_475,4,revisar,area de defecto dudosa (100%),True,0.974,7,0.156,0.4069,1.0
T10_d22_002_a_5.jpg,T10_002,5,auto,,False,0.976,0,,0.0,0.0
T10_d22_002_b_5.jpg,T10_002,5,revisar,area de defecto dudosa (100%),True,0.975,3,0.163,0.1068,1.0
T10_d22_003_a_5.jpg,T10_003,5,revisar,area de defecto dudosa (100%),True,0.982,1,0.478,0.2918,1.0
T10_d22_003_b_5.jpg,T10_003,5,revisar,area de defecto dudosa (100%),True,0.982,3,0.15,0.0506,1.0
T10_d22_007_a_5.jpg,T10_007,5,auto,,False,0.979,1,0.669,0.0768,0.0
T10_d22_007_b_5.jpg,T10_007,5,auto,,False,0.976,1,0.587,0.1056,0.0
T10_d22_011_a_5.jpg,T10_011,5,auto,,False,0.975,2,0.264,0.1637,0.062
T10_d22_011_b_5.jpg,T10_011,5,revisar,area de defecto dudosa (100%),True,0.979,1,0.33,0.0123,1.0
T10_d22_013_a_4.jpg,T10_013,4,auto,,False,0.976,0,,0.0,0.0
T10_d22_013_b_4.jpg,T10_013,4,auto,,False,0.976,0,,0.0,0.0
T10_d22_021_a_4.jpg,T10_021,4,auto,,False,0.977,0,,0.0,0.0
T10_d22_021_b_4.jpg,T10_021,4,revisar,area de defecto dudosa (90%),True,0.981,2,0.191,0.3892,0.903
T10_d22_022_a_5.jpg,T10_022,5,auto,,False,0.983,0,,0.0,0.0
T10_d22_022_b_5.jpg,T10_022,5,auto,,False,0.979,0,,0.0,0.0
T10_d22_026_a_5.jpg,T10_026,5,revisar,area de defecto dudosa (100%),True,0.976,2,0.227,0.2945,1.0
T10_d22_026_b_5.jpg,T10_026,5,auto,,False,0.975,0,,0.0,0.0
T10_d22_027_a_4.jpg,T10_027,4,auto,,False,0.983,0,,0.0,0.0
T10_d22_027_b_4.jpg,T10_027,4,revisar,area de defecto dudosa (100%),True,0.978,6,0.268,0.1349,1.0
T10_d22_034_a_4.jpg,T10_034,4,revisar,area de defecto dudosa (100%),True,0.983,3,0.152,0.3353,1.0
T10_d22_034_b_4.jpg,T10_034,4,revisar,area de defecto dudosa (100%),True,0.98,4,0.158,0.36,1.0
T10_d22_046_a_4.jpg,T10_046,4,revisar,area de defecto dudosa (100%),True,0.974,1,0.483,0.023,1.0
T10_d22_046_b_4.jpg,T10_046,4,revisar,area de defecto dudosa (100%),True,0.98,7,0.157,0.1133,1.0
T10_d22_047_a_4.jpg,T10_047,4,auto,,False,0.979,0,,0.0,0.0
T10_d22_047_b_4.jpg,T10_047,4,auto,,False,0.983,0,,0.0,0.0
T10_d22_048_a_4.jpg,T10_048,4,revisar,area de defecto dudosa (100%),True,0.978,2,0.247,0.063,1.0
T10_d22_048_b_4.jpg,T10_048,4,auto,,False,0.979,0,,0.0,0.0
T10_d22_055_a_4.jpg,T10_055,4,auto,,False,0.98,1,0.743,0.0592,0.0
T10_d22_055_b_4.jpg,T10_055,4,auto,,False,0.98,1,0.613,0.0362,0.0
T10_d22_061_a_4.jpg,T10_061,4,revisar,area de defecto dudosa (100%),True,0.974,3,0.159,0.4913,1.0
T10_d22_061_b_4.jpg,T10_061,4,auto,,False,0.978,0,,0.0,0.0
T10_d22_067_a_4.jpg,T10_067,4,revisar,area de defecto dudosa (100%),True,0.972,1,0.256,0.0125,1.0
T10_d22_067_b_4.jpg,T10_067,4,revisar,area de defecto dudosa (100%),True,0.976,2,0.242,0.2729,0.997
T10_d22_069_a_5.jpg,T10_069,5,auto,,False,0.979,1,0.851,0.071,0.0
T10_d22_069_b_5.jpg,T10_069,5,revisar,area de defecto dudosa (100%),True,0.976,1,0.378,0.037,1.0
T10_d22_083_a_5.jpg,T10_083,5,revisar,area de defecto dudosa (100%),True,0.976,2,0.235,0.1024,1.0
T10_d22_083_b_5.jpg,T10_083,5,revisar,area de defecto dudosa (100%),True,0.977,1,0.473,0.0702,1.0
T10_d22_089_a_5.jpg,T10_089,5,auto,,False,0.975,4,0.309,0.1116,0.467
T10_d22_089_b_5.jpg,T10_089,5,auto,,False,0.976,2,0.643,0.1269,0.0
T10_d22_093_a_4.jpg,T10_093,4,auto,,False,0.975,1,0.533,0.0189,0.0
T10_d22_093_b_4.jpg,T10_093,4,revisar,area de defecto dudosa (64%),True,0.976,3,0.31,0.1061,0.644
T10_d22_094_a_5.jpg,T10_094,5,revisar,area de defecto dudosa (100%),True,0.98,2,0.304,0.219,1.0
T10_d22_094_b_5.jpg,T10_094,5,revisar,area de defecto dudosa (100%),True,0.983,2,0.155,0.3979,1.0
T10_d22_096_a_4.jpg,T10_096,4,auto,,False,0.979,1,0.776,0.1496,0.0
T10_d22_096_b_4.jpg,T10_096,4,revisar,area de defecto dudosa (72%),True,0.971,2,0.193,0.075,0.719
T10_d22_097_a_5.jpg,T10_097,5,auto,,False,0.977,1,0.764,0.0622,0.0
T10_d22_097_b_5.jpg,T10_097,5,revisar,defecto rectangular; area de defecto dudosa (100%),True,0.98,4,0.159,0.7056,1.0
T10_d22_098_a_5.jpg,T10_098,5,auto,,False,0.98,0,,0.0,0.0
T10_d22_098_b_5.jpg,T10_098,5,revisar,area de defecto dudosa (100%),True,0.977,1,0.343,0.0199,1.0
T10_d22_099_a_4.jpg,T10_099,4,auto,,False,0.979,0,,0.0,0.0
T10_d22_099_b_4.jpg,T10_099,4,revisar,area de defecto dudosa (100%),True,0.98,2,0.21,0.0174,1.0
T10_d22_108_a_4.jpg,T10_108,4,auto,,True,0.978,0,,0.0,0.0
T10_d22_108_b_4.jpg,T10_108,4,auto,,False,0.974,0,,0.0,0.0
T10_d22_110_a_5.jpg,T10_110,5,auto,,False,0.979,0,,0.0,0.0
T10_d22_110_b_5.jpg,T10_110,5,revisar,area de defecto dudosa (100%),True,0.979,4,0.165,0.1129,1.0
T10_d22_113_a_4.jpg,T10_113,4,auto,,False,0.976,1,0.841,0.062,0.0
T10_d22_113_b_4.jpg,T10_113,4,auto,,False,0.978,0,,0.0,0.0
T10_d22_118_a_4.jpg,T10_118,4,revisar,area de defecto dudosa (100%),True,0.981,1,0.308,0.3192,1.0
T10_d22_118_b_4.jpg,T10_118,4,auto,,False,0.98,0,,0.0,0.0
T10_d22_122_a_4.jpg,T10_122,4,revisar,area de defecto dudosa (100%),True,0.98,4,0.164,0.0912,1.0
T10_d22_122_b_4.jpg,T10_122,4,revisar,area de defecto dudosa (95%),True,0.978,2,0.301,0.031,0.948
T10_d22_125_a_4.jpg,T10_125,4,auto,,False,0.979,0,,0.0,0.0
T10_d22_125_b_4.jpg,T10_125,4,auto,,False,0.974,0,,0.0,0.0
T10_d22_128_a_5.jpg,T10_128,5,revisar,area de defecto dudosa (100%),True,0.983,2,0.163,0.5904,1.0
T10_d22_128_b_5.jpg,T10_128,5,revisar,area de defecto dudosa (100%),True,0.983,2,0.229,0.6618,1.0
T10_d22_129_a_5.jpg,T10_129,5,revisar,area de defecto dudosa (100%),True,0.98,1,0.479,0.0147,1.0
T10_d22_129_b_5.jpg,T10_129,5,revisar,area de defecto dudosa (72%),True,0.977,3,0.202,0.0705,0.724
T10_d22_130_a_5.jpg,T10_130,5,revisar,area de defecto dudosa (100%),True,0.978,2,0.276,0.4874,1.0
T10_d22_130_b_5.jpg,T10_130,5,auto,,False,0.975,0,,0.0,0.0
T10_d22_131_a_5.jpg,T10_131,5,revisar,area de defecto dudosa (100%),True,0.979,2,0.219,0.5487,1.0
T10_d22_131_b_5.jpg,T10_131,5,revisar,area de defecto dudosa (100%),True,0.978,1,0.277,0.0323,1.0
T10_d22_133_a_5.jpg,T10_133,5,revisar,area de defecto dudosa (100%),True,0.977,2,0.179,0.2239,1.0
T10_d22_133_b_5.jpg,T10_133,5,auto,,False,0.984,0,,0.0,0.0
T10_d22_138_a_4.jpg,T10_138,4,auto,,False,0.977,0,,0.0,0.0
T10_d22_138_b_4.jpg,T10_138,4,revisar,area de defecto dudosa (74%),True,0.976,3,0.178,0.0691,0.741
T10_d22_145_a_5.jpg,T10_145,5,revisar,area de defecto dudosa (100%),True,0.974,2,0.256,0.3278,1.0
T10_d22_145_b_5.jpg,T10_145,5,auto,,False,0.976,0,,0.0,0.0
T10_d22_149_a_5.jpg,T10_149,5,revisar,area de defecto dudosa (100%),True,0.976,2,0.22,0.6201,0.999
T10_d22_149_b_5.jpg,T10_149,5,revisar,area de defecto dudosa (100%),True,0.978,1,0.414,0.159,1.0
T10_d22_152_a_4.jpg,T10_152,4,revisar,area de defecto dudosa (100%),True,0.979,1,0.44,0.0228,1.0
T10_d22_156_a_5.jpg,T10_156,5,revisar,area de defecto dudosa (100%),True,0.981,3,0.155,0.0488,1.0
T10_d22_156_b_5.jpg,T10_156,5,revisar,area de defecto dudosa (100%),True,0.981,1,0.172,0.3504,1.0
T10_d22_165_a_5.jpg,T10_165,5,auto,,False,0.98,1,0.589,0.0472,0.0
T10_d22_165_b_5.jpg,T10_165,5,auto,,False,0.982,1,0.637,0.0264,0.0
T10_d22_166_a_5.jpg,T10_166,5,auto,,False,0.977,0,,0.0,0.0
T10_d22_166_b_5.jpg,T10_166,5,revisar,area de defecto dudosa (100%),True,0.979,2,0.202,0.035,1.0
T10_d22_167_a_4.jpg,T10_167,4,revisar,area de defecto dudosa (100%),True,0.982,1,0.272,0.0073,1.0
T10_d22_167_b_4.jpg,T10_167,4,revisar,area de defecto dudosa (100%),True,0.978,2,0.162,0.1098,1.0
T10_d22_168_a_5.jpg,T10_168,5,revisar,area de defecto dudosa (100%),True,0.977,3,0.172,0.0878,1.0
T10_d22_168_b_5.jpg,T10_168,5,revisar,area de defecto dudosa (100%),True,0.976,5,0.152,0.5506,1.0
T10_d22_172_a_5.jpg,T10_172,5,revisar,area de defecto dudosa (100%),True,0.976,4,0.163,0.0697,1.0
T10_d22_172_b_5.jpg,T10_172,5,auto,,False,0.972,1,0.761,0.0519,0.0
T10_d22_181_a_5.jpg,T10_181,5,auto,,False,0.979,1,0.62,0.0247,0.0
T10_d22_181_b_5.jpg,T10_181,5,revisar,area de defecto dudosa (100%),True,0.98,1,0.206,0.0172,1.0
T10_d22_193_a_5.jpg,T10_193,5,revisar,area de defecto dudosa (100%),True,0.98,2,0.26,0.683,1.0
T10_d22_194_a_4.jpg,T10_194,4,revisar,area de defecto dudosa (97%),True,0.975,2,0.212,0.0926,0.975
T10_d22_194_b_4.jpg,T10_194,4,revisar,area de defecto dudosa (100%),True,0.977,4,0.19,0.4521,1.0
T10_d22_196_a_4.jpg,T10_196,4,auto,,False,0.982,0,,0.0,0.0
T10_d22_196_b_4.jpg,T10_196,4,revisar,area de defecto dudosa (100%),True,0.981,2,0.281,0.0924,1.0
T10_d22_202_a_5.jpg,T10_202,5,auto,,False,0.98,1,0.528,0.0206,0.0
T10_d22_202_b_5.jpg,T10_202,5,revisar,area de defecto dudosa (100%),True,0.975,1,0.39,0.0478,1.0
T10_d22_204_a_5.jpg,T10_204,5,auto,,False,0.977,0,,0.0,0.0
T10_d22_204_b_5.jpg,T10_204,5,revisar,area de defecto dudosa (88%),True,0.98,4,0.26,0.0902,0.883
T10_d22_206_a_4.jpg,T10_206,4,revisar,area de defecto dudosa (100%),True,0.98,3,0.154,0.1386,1.0
T10_d22_206_b_4.jpg,T10_206,4,revisar,area de defecto dudosa (99%),True,0.979,2,0.42,0.0337,0.989
T10_d22_211_a_4.jpg,T10_211,4,auto,,False,0.975,1,0.726,0.0413,0.0
T10_d22_211_b_4.jpg,T10_211,4,auto,,False,0.978,1,0.716,0.1692,0.0
T10_d22_213_a_4.jpg,T10_213,4,auto,,False,0.977,0,,0.0,0.0
T10_d22_213_b_4.jpg,T10_213,4,revisar,area de defecto dudosa (100%),True,0.979,2,0.386,0.4263,1.0
T10_d22_217_a_4.jpg,T10_217,4,auto,,False,0.979,1,0.731,0.1153,0.0
T10_d22_217_b_4.jpg,T10_217,4,auto,,False,0.981,0,,0.0,0.0
T10_d22_227_a_5.jpg,T10_227,5,revisar,area de defecto dudosa (100%),True,0.978,1,0.466,0.0891,1.0
T10_d22_227_b_5.jpg,T10_227,5,auto,,False,0.98,0,,0.0,0.0
T10_d22_229_a_5.jpg,T10_229,5,revisar,area de defecto dudosa (100%),True,0.977,2,0.181,0.2047,1.0
T10_d22_233_a_5.jpg,T10_233,5,revisar,area de defecto dudosa (100%),True,0.978,2,0.229,0.0394,1.0
T10_d22_233_b_5.jpg,T10_233,5,revisar,area de defecto dudosa (100%),True,0.98,1,0.438,0.0288,1.0
T10_d22_234_a_4.jpg,T10_234,4,auto,,False,0.976,1,0.525,0.032,0.0
T10_d22_234_b_4.jpg,T10_234,4,revisar,area de defecto dudosa (82%),True,0.976,2,0.475,0.0941,0.822
T10_d22_236_a_5.jpg,T10_236,5,revisar,area de defecto dudosa (100%),True,0.98,2,0.193,0.0608,1.0
T10_d22_236_b_5.jpg,T10_236,5,auto,,False,0.973,1,0.577,0.0621,0.0
T10_d22_237_a_5.jpg,T10_237,5,revisar,area de defecto dudosa (100%),True,0.977,3,0.255,0.3108,1.0
T10_d22_237_b_5.jpg,T10_237,5,revisar,area de defecto dudosa (100%),True,0.983,3,0.311,0.3512,1.0
T10_d22_243_a_5.jpg,T10_243,5,auto,,False,0.978,0,,0.0,0.0
T10_d22_243_b_5.jpg,T10_243,5,revisar,area de defecto dudosa (100%),True,0.981,2,0.186,0.7278,1.0
T10_d22_250_a_5.jpg,T10_250,5,revisar,area de defecto dudosa (100%),True,0.976,4,0.206,0.2924,1.0
T10_d22_250_b_5.jpg,T10_250,5,revisar,area de defecto dudosa (100%),True,0.977,5,0.153,0.1124,1.0
T10_d22_252_b_5.jpg,T10_252,5,revisar,area de defecto dudosa (100%),True,0.977,2,0.153,0.2903,1.0
T10_d22_262_b_4.jpg,T10_262,4,revisar,area de defecto dudosa (100%),True,0.98,1,0.389,0.0315,1.0
T10_d22_269_a_4.jpg,T10_269,4,auto,,False,0.974,1,0.71,0.0758,0.0
T10_d22_269_b_4.jpg,T10_269,4,revisar,area de defecto dudosa (100%),True,0.974,1,0.47,0.0153,1.0
T10_d22_274_a_5.jpg,T10_274,5,revisar,area de defecto dudosa (100%),True,0.981,1,0.168,0.012,1.0
T10_d22_274_b_5.jpg,T10_274,5,auto,,False,0.979,1,0.557,0.2591,0.0
T10_d22_276_b_5.jpg,T10_276,5,revisar,area de defecto dudosa (100%),True,0.981,4,0.181,0.1501,1.0
T10_d22_282_a_4.jpg,T10_282,4,auto,,False,0.981,0,,0.0,0.0
T10_d22_282_b_4.jpg,T10_282,4,revisar,area de defecto dudosa (100%),True,0.977,1,0.482,0.0739,1.0
T10_d22_283_a_5.jpg,T10_283,5,revisar,area de defecto dudosa (100%),True,0.977,2,0.165,0.6872,1.0
T10_d22_283_b_5.jpg,T10_283,5,revisar,area de defecto dudosa (100%),True,0.978,3,0.211,0.3794,1.0
T10_d22_284_a_5.jpg,T10_284,5,revisar,area de defecto dudosa (100%),True,0.975,1,0.254,0.0381,1.0
T10_d22_284_b_5.jpg,T10_284,5,auto,,False,0.973,0,,0.0,0.0
T10_d22_290_a_5.jpg,T10_290,5,revisar,defecto rectangular; area de defecto dudosa (100%),True,0.978,7,0.154,0.9205,1.0
T10_d22_290_b_5.jpg,T10_290,5,revisar,area de defecto dudosa (100%),True,0.976,5,0.169,0.4667,1.0
T10_d22_295_a_4.jpg,T10_295,4,auto,,False,0.978,1,0.66,0.1069,0.0
T10_d22_295_b_4.jpg,T10_295,4,revisar,area de defecto dudosa (64%),True,0.982,3,0.239,0.0796,0.644
T10_d22_296_a_5.jpg,T10_296,5,auto,,True,0.98,1,0.585,0.276,0.0
T10_d22_296_b_5.jpg,T10_296,5,revisar,area de defecto dudosa (100%),True,0.98,1,0.246,0.1054,1.0
T10_d22_306_a_4.jpg,T10_306,4,auto,,False,0.977,0,,0.0,0.0
T10_d22_306_b_4.jpg,T10_306,4,auto,,False,0.978,0,,0.0,0.0
T10_d22_315_a_4.jpg,T10_315,4,auto,,False,0.977,0,,0.0,0.0
T10_d22_315_b_4.jpg,T10_315,4,revisar,area de defecto dudosa (100%),True,0.976,2,0.164,0.064,1.0
T10_d22_326_a_5.jpg,T10_326,5,revisar,area de defecto dudosa (100%),True,0.98,2,0.221,0.0516,1.0
T10_d22_326_b_5.jpg,T10_326,5,revisar,area de defecto dudosa (100%),True,0.983,3,0.17,0.1821,1.0
T10_d22_327_a_5.jpg,T10_327,5,auto,,False,0.977,0,,0.0,0.0
T10_d22_327_b_5.jpg,T10_327,5,auto,,False,0.977,0,,0.0,0.0
T10_d22_328_a_5.jpg,T10_328,5,auto,,False,0.979,0,,0.0,0.0
T10_d22_328_b_5.jpg,T10_328,5,revisar,area de defecto dudosa (100%),True,0.981,2,0.16,0.0288,1.0
T10_d22_330_a_4.jpg,T10_330,4,auto,,False,0.976,0,,0.0,0.0
T10_d22_330_b_4.jpg,T10_330,4,auto,,False,0.977,0,,0.0,0.0
T10_d22_333_a_4.jpg,T10_333,4,revisar,area de defecto dudosa (100%),True,0.978,2,0.236,0.0225,1.0
T10_d22_333_b_4.jpg,T10_333,4,revisar,area de defecto dudosa (100%),True,0.977,2,0.18,0.1583,1.0
T10_d22_336_a_5.jpg,T10_336,5,revisar,area de defecto dudosa (100%),True,0.978,2,0.212,0.7765,1.0
T10_d22_336_b_5.jpg,T10_336,5,revisar,area de defecto dudosa (100%),True,0.984,5,0.276,0.7471,1.0
T10_d22_337_a_4.jpg,T10_337,4,auto,,False,0.981,0,,0.0,0.0
T10_d22_337_b_4.jpg,T10_337,4,revisar,area de defecto dudosa (100%),True,0.979,3,0.183,0.2658,1.0
T10_d22_338_a_5.jpg,T10_338,5,auto,,True,0.975,0,,0.0,0.0
T10_d22_338_b_5.jpg,T10_338,5,revisar,area de defecto dudosa (100%),True,0.976,3,0.291,0.3858,1.0
T10_d22_349_a_4.jpg,T10_349,4,revisar,area de defecto dudosa (100%),True,0.977,1,0.432,0.0555,1.0
T10_d22_349_b_4.jpg,T10_349,4,auto,,False,0.976,0,,0.0,0.0
T10_d22_350_a_4.jpg,T10_350,4,auto,,False,0.977,1,0.86,0.0434,0.0
T10_d22_350_b_4.jpg,T10_350,4,auto,,False,0.98,0,,0.0,0.0
T10_d22_355_a_4.jpg,T10_355,4,revisar,area de defecto dudosa (100%),True,0.98,2,0.26,0.0361,1.0
T10_d22_357_a_5.jpg,T10_357,5,revisar,area de defecto dudosa (100%),True,0.977,5,0.159,0.2397,1.0
T10_d22_357_b_5.jpg,T10_357,5,revisar,area de defecto dudosa (100%),True,0.98,3,0.189,0.147,1.0
T10_d22_366_a_5.jpg,T10_366,5,auto,,False,0.975,1,0.831,0.0758,0.0
T10_d22_366_b_5.jpg,T10_366,5,revisar,area de defecto dudosa (100%),True,0.977,1,0.469,0.0245,1.0
T10_d22_367_a_5.jpg,T10_367,5,revisar,area de defecto dudosa (100%),True,0.979,2,0.226,0.229,1.0
T10_d22_367_b_5.jpg,T10_367,5,auto,,False,0.978,2,0.17,0.0991,0.411
T10_d22_372_a_5.jpg,T10_372,5,revisar,area de defecto dudosa (100%),True,0.978,4,0.164,0.3833,0.998
T10_d22_372_b_5.jpg,T10_372,5,revisar,area de defecto dudosa (100%),True,0.976,6,0.173,0.1057,0.999
T10_d22_376_a_5.jpg,T10_376,5,auto,,False,0.977,1,0.605,0.1548,0.0
T10_d22_376_b_5.jpg,T10_376,5,revisar,area de defecto dudosa (100%),True,0.975,1,0.344,0.0152,1.0
T10_d22_377_a_5.jpg,T10_377,5,auto,,False,0.977,0,,0.0,0.0
T10_d22_377_b_5.jpg,T10_377,5,revisar,area de defecto dudosa (100%),True,0.982,1,0.448,0.0276,1.0
T10_d22_381_a_5.jpg,T10_381,5,auto,,False,0.98,0,,0.0,0.0
T10_d22_382_a_4.jpg,T10_382,4,auto,,False,0.982,2,0.163,0.1227,0.168
T10_d22_382_b_4.jpg,T10_382,4,auto,,False,0.974,1,0.517,0.1107,0.0
T10_d22_387_a_4.jpg,T10_387,4,revisar,area de defecto dudosa (100%),True,0.979,2,0.187,0.4109,1.0
T10_d22_387_b_4.jpg,T10_387,4,revisar,area de defecto dudosa (100%),True,0.979,4,0.159,0.325,1.0
T10_d22_400_a_4.jpg,T10_400,4,revisar,area de defecto dudosa (100%),True,0.978,3,0.284,0.1712,1.0
T10_d22_400_b_4.jpg,T10_400,4,revisar,area de defecto dudosa (100%),True,0.977,4,0.213,0.3696,1.0
T10_d22_401_a_4.jpg,T10_401,4,auto,,False,0.973,0,,0.0,0.0
T10_d22_401_b_4.jpg,T10_401,4,auto,,False,0.976,1,0.639,0.0922,0.0
T10_d22_405_a_4.jpg,T10_405,4,auto,,False,0.979,1,0.697,0.056,0.0
T10_d22_405_b_4.jpg,T10_405,4,revisar,area de defecto dudosa (100%),True,0.978,1,0.164,0.0161,1.0
T10_d22_408_a_4.jpg,T10_408,4,auto,,False,0.978,0,,0.0,0.0
T10_d22_408_b_4.jpg,T10_408,4,auto,,False,0.98,0,,0.0,0.0
T10_d22_410_a_4.jpg,T10_410,4,revisar,area de defecto dudosa (100%),True,0.977,1,0.373,0.007,1.0
T10_d22_410_b_4.jpg,T10_410,4,auto,,False,0.979,1,0.567,0.0445,0.0
T10_d22_413_a_4.jpg,T10_413,4,auto,,False,0.975,1,0.873,0.0612,0.0
T10_d22_413_b_4.jpg,T10_413,4,auto,,False,0.978,1,0.804,0.03,0.0
T10_d22_414_a_4.jpg,T10_414,4,auto,,False,0.977,1,0.76,0.2239,0.0
T10_d22_414_b_4.jpg,T10_414,4,revisar,area de defecto dudosa (100%),True,0.979,5,0.158,0.3782,1.0
T10_d22_415_a_4.jpg,T10_415,4,auto,,False,0.975,0,,0.0,0.0
T10_d22_415_b_4.jpg,T10_415,4,revisar,area de defecto dudosa (100%),True,0.969,3,0.15,0.1057,0.996
T10_d22_420_a_4.jpg,T10_420,4,revisar,area de defecto dudosa (100%),True,0.98,4,0.199,0.4932,1.0
T10_d22_420_b_4.jpg,T10_420,4,revisar,area de defecto dudosa (100%),True,0.98,2,0.239,0.017,1.0
T10_d22_422_a_5.jpg,T10_422,5,auto,,False,0.978,1,0.73,0.0533,0.0
T10_d22_422_b_5.jpg,T10_422,5,revisar,area de defecto dudosa (100%),True,0.979,2,0.299,0.1373,0.997
T10_d22_425_a_4.jpg,T10_425,4,auto,,False,0.98,0,,0.0,0.0
T10_d22_425_b_4.jpg,T10_425,4,auto,,False,0.979,0,,0.0,0.0
T10_d22_429_a_4.jpg,T10_429,4,auto,,False,0.976,0,,0.0,0.0
T10_d22_429_b_4.jpg,T10_429,4,revisar,area de defecto dudosa (100%),True,0.973,5,0.193,0.4058,1.0
T10_d22_442_a_4.jpg,T10_442,4,auto,,False,0.977,1,0.72,0.056,0.0
T10_d22_444_a_4.jpg,T10_444,4,auto,,False,0.977,0,,0.0,0.0
T10_d22_444_b_4.jpg,T10_444,4,auto,,False,0.977,0,,0.0,0.0
T10_d22_445_a_4.jpg,T10_445,4,auto,,False,0.98,0,,0.0,0.0
T10_d22_445_b_4.jpg,T10_445,4,auto,,False,0.98,1,0.696,0.023,0.0
T10_d22_446_a_4.jpg,T10_446,4,auto,,False,0.976,0,,0.0,0.0
T10_d22_446_b_4.jpg,T10_446,4,auto,,False,0.977,1,0.669,0.0179,0.0
T10_d22_447_a_5.jpg,T10_447,5,auto,,False,0.974,1,0.734,0.0691,0.0
T10_d22_447_b_5.jpg,T10_447,5,revisar,area de defecto dudosa (100%),True,0.979,2,0.24,0.0669,1.0
T10_d22_448_a_5.jpg,T10_448,5,auto,,False,0.975,1,0.762,0.233,0.0
T10_d22_448_b_5.jpg,T10_448,5,revisar,area de defecto dudosa (100%),True,0.978,3,0.19,0.05,1.0
T10_d22_449_a_5.jpg,T10_449,5,auto,,False,0.981,0,,0.0,0.0
T10_d22_449_b_5.jpg,T10_449,5,revisar,area de defecto dudosa (69%),True,0.973,4,0.181,0.1417,0.689
T10_d22_454_a_4.jpg,T10_454,4,auto,,False,0.976,0,,0.0,0.0
T10_d22_458_a_4.jpg,T10_458,4,auto,,False,0.962,0,,0.0,0.0
T10_d22_458_b_4.jpg,T10_458,4,revisar,area de defecto dudosa (100%),True,0.963,2,0.343,0.149,1.0
T10_d22_459_a_5.jpg,T10_459,5,auto,,False,0.978,0,,0.0,0.0
T10_d22_459_b_5.jpg,T10_459,5,revisar,area de defecto dudosa (100%),True,0.979,1,0.32,0.0171,1.0
T10_d22_470_a_5.jpg,T10_470,5,revisar,area de defecto dudosa (100%),True,0.982,5,0.162,0.9598,1.0
T10_d22_470_b_5.jpg,T10_470,5,auto,,False,0.979,0,,0.0,0.0
T10_d22_475_a_5.jpg,T10_475,5,revisar,area de defecto dudosa (100%),True,0.976,3,0.202,0.162,0.999
T10_d22_475_b_5.jpg,T10_475,5,revisar,area de defecto dudosa (100%),True,0.977,4,0.157,0.3596,1.0
T10_d23_002_b_5.jpg,T10_002,5,revisar,area de defecto dudosa (100%),True,0.974,1,0.181,0.0079,1.0
T10_d23_003_a_5.jpg,T10_003,5,revisar,area de defecto dudosa (100%),True,0.979,1,0.493,0.3529,1.0
T10_d23_003_b_5.jpg,T10_003,5,revisar,area de defecto dudosa (100%),True,0.981,3,0.167,0.1127,1.0
T10_d23_007_a_5.jpg,T10_007,5,revisar,area de defecto dudosa (100%),True,0.979,2,0.277,0.1269,1.0
T10_d23_007_b_5.jpg,T10_007,5,auto,,False,0.973,2,0.212,0.1051,0.089
T10_d23_011_a_5.jpg,T10_011,5,auto,,False,0.978,2,0.34,0.1591,0.056
T10_d23_011_b_5.jpg,T10_011,5,auto,,False,0.978,0,,0.0,0.0
T10_d23_013_a_4.jpg,T10_013,4,auto,,False,0.978,0,,0.0,0.0
T10_d23_013_b_4.jpg,T10_013,4,auto,,False,0.974,0,,0.0,0.0
T10_d23_021_a_4.jpg,T10_021,4,auto,,False,0.979,0,,0.0,0.0
T10_d23_021_b_4.jpg,T10_021,4,auto,,False,0.978,1,0.612,0.0558,0.0
T10_d23_022_a_5.jpg,T10_022,5,auto,,False,0.982,0,,0.0,0.0
T10_d23_022_b_5.jpg,T10_022,5,revisar,area de defecto dudosa (100%),True,0.979,2,0.17,0.1472,1.0
T10_d23_026_a_5.jpg,T10_026,5,auto,,False,0.977,1,0.715,0.1087,0.0
T10_d23_026_b_5.jpg,T10_026,5,revisar,area de defecto dudosa (100%),True,0.975,1,0.419,0.0203,1.0
T10_d23_027_a_5.jpg,T10_027,5,auto,,False,0.98,0,,0.0,0.0
T10_d23_027_b_5.jpg,T10_027,5,revisar,area de defecto dudosa (100%),True,0.978,5,0.162,0.1457,1.0
T10_d23_034_a_5.jpg,T10_034,5,auto,,False,0.982,2,0.243,0.349,0.491
T10_d23_046_a_5.jpg,T10_046,5,revisar,area de defecto dudosa (100%),True,0.978,1,0.489,0.0206,1.0
T10_d23_046_b_5.jpg,T10_046,5,revisar,area de defecto dudosa (100%),True,0.976,7,0.153,0.1041,1.0
T10_d23_047_a_5.jpg,T10_047,5,auto,,False,0.981,0,,0.0,0.0
T10_d23_048_a_4.jpg,T10_048,4,auto,,False,0.978,0,,0.0,0.0
T10_d23_055_a_4.jpg,T10_055,4,auto,,False,0.98,1,0.686,0.0632,0.0
T10_d23_061_a_5.jpg,T10_061,5,revisar,area de defecto dudosa (100%),True,0.975,4,0.16,0.524,1.0
T10_d23_061_b_5.jpg,T10_061,5,auto,,False,0.976,0,,0.0,0.0
T10_d23_067_a_5.jpg,T10_067,5,revisar,area de defecto dudosa (100%),True,0.974,1,0.3,0.0115,1.0
T10_d23_067_b_5.jpg,T10_067,5,auto,,False,0.976,1,0.669,0.2143,0.0
T10_d23_069_a_5.jpg,T10_069,5,auto,,False,0.978,2,0.151,0.1309,0.456
T10_d23_069_b_5.jpg,T10_069,5,revisar,area de defecto dudosa (100%),True,0.974,2,0.151,0.1942,1.0
T10_d23_083_a_5.jpg,T10_083,5,revisar,area de defecto dudosa (100%),True,0.977,1,0.256,0.0716,1.0
T10_d23_083_b_5.jpg,T10_083,5,revisar,area de defecto dudosa (100%),True,0.976,1,0.431,0.0482,1.0
T10_d23_089_a_5.jpg,T10_089,5,revisar,area de defecto dudosa (100%),True,0.978,4,0.349,0.1471,1.0
T10_d23_089_b_5.jpg,T10_089,5,auto,,False,0.98,2,0.701,0.1259,0.0
T10_d23_093_a_4.jpg,T10_093,4,auto,,False,0.979,1,0.534,0.0132,0.0
T10_d23_093_b_4.jpg,T10_093,4,revisar,area de defecto dudosa (79%),True,0.975,4,0.214,0.1029,0.792
T10_d23_094_a_5.jpg,T10_094,5,revisar,area de defecto dudosa (99%),True,0.98,2,0.34,0.3994,0.99
T10_d23_094_b_5.jpg,T10_094,5,revisar,area de defecto dudosa (100%),True,0.982,1,0.228,0.0539,1.0
T10_d23_096_a_4.jpg,T10_096,4,auto,,False,0.978,1,0.722,0.1495,0.0
T10_d23_096_b_4.jpg,T10_096,4,revisar,area de defecto dudosa (100%),True,0.975,4,0.155,0.0772,1.0
T10_d23_097_a_5.jpg,T10_097,5,revisar,area de defecto dudosa (100%),True,0.979,2,0.329,0.0842,1.0
T10_d23_097_b_5.jpg,T10_097,5,revisar,defecto rectangular; area de defecto dudosa (100%),True,0.98,4,0.196,0.6686,1.0
T10_d23_098_a_5.jpg,T10_098,5,auto,,False,0.976,0,,0.0,0.0
T10_d23_098_b_5.jpg,T10_098,5,revisar,area de defecto dudosa (100%),True,0.978,2,0.156,0.0184,1.0
T10_d23_099_a_4.jpg,T10_099,4,auto,,False,0.98,0,,0.0,0.0
T10_d23_099_b_4.jpg,T10_099,4,revisar,area de defecto dudosa (100%),True,0.979,2,0.178,0.0299,1.0
T10_d23_108_a_4.jpg,T10_108,4,auto,,False,0.982,0,,0.0,0.0
T10_d23_108_b_4.jpg,T10_108,4,auto,,False,0.976,0,,0.0,0.0
T10_d23_110_a_5.jpg,T10_110,5,auto,,False,0.977,0,,0.0,0.0
T10_d23_110_b_5.jpg,T10_110,5,revisar,area de defecto dudosa (100%),True,0.974,2,0.225,0.0762,1.0
T10_d23_113_a_5.jpg,T10_113,5,auto,,False,0.975,1,0.896,0.0712,0.0
T10_d23_113_b_5.jpg,T10_113,5,revisar,area de defecto dudosa (100%),True,0.976,1,0.405,0.0138,1.0
T10_d23_118_a_5.jpg,T10_118,5,revisar,area de defecto dudosa (100%),True,0.977,2,0.288,0.3961,1.0
T10_d23_118_b_5.jpg,T10_118,5,auto,,False,0.979,0,,0.0,0.0
T10_d23_122_a_5.jpg,T10_122,5,revisar,area de defecto dudosa (77%),True,0.977,4,0.26,0.07,0.775
T10_d23_122_b_5.jpg,T10_122,5,auto,,False,0.975,2,0.152,0.026,0.235
T10_d23_125_a_4.jpg,T10_125,4,auto,,False,0.98,0,,0.0,0.0
T10_d23_125_b_4.jpg,T10_125,4,auto,,False,0.979,0,,0.0,0.0
T10_d23_128_b_5.jpg,T10_128,5,revisar,area de defecto dudosa (100%),True,0.98,3,0.158,0.7232,1.0
T10_d23_129_a_5.jpg,T10_129,5,revisar,area de defecto dudosa (100%),True,0.98,2,0.19,0.0882,1.0
T10_d23_129_b_5.jpg,T10_129,5,auto,,False,0.977,3,0.195,0.0436,0.468
T10_d23_130_a_5.jpg,T10_130,5,revisar,area de defecto dudosa (95%),True,0.978,4,0.166,0.5437,0.945
T10_d23_130_b_5.jpg,T10_130,5,revisar,area de defecto dudosa (100%),True,0.975,1,0.2,0.3114,1.0
T10_d23_131_a_5.jpg,T10_131,5,revisar,area de defecto dudosa (100%),True,0.98,2,0.164,0.5184,1.0
T10_d23_131_b_5.jpg,T10_131,5,revisar,area de defecto dudosa (100%),True,0.98,1,0.183,0.0282,1.0
T10_d23_133_a_5.jpg,T10_133,5,revisar,area de defecto dudosa (96%),True,0.977,2,0.491,0.2372,0.959
T10_d23_133_b_5.jpg,T10_133,5,auto,,False,0.98,0,,0.0,0.0
T10_d23_138_a_5.jpg,T10_138,5,auto,,False,0.976,0,,0.0,0.0
T10_d23_138_b_5.jpg,T10_138,5,revisar,area de defecto dudosa (63%),True,0.975,2,0.453,0.0594,0.634
T10_d23_145_a_5.jpg,T10_145,5,revisar,area de defecto dudosa (100%),True,0.974,4,0.173,0.3586,1.0
T10_d23_145_b_5.jpg,T10_145,5,auto,,False,0.98,0,,0.0,0.0
T10_d23_149_a_5.jpg,T10_149,5,revisar,area de defecto dudosa (100%),True,0.978,2,0.175,0.5874,1.0
T10_d23_149_b_5.jpg,T10_149,5,revisar,area de defecto dudosa (100%),True,0.98,1,0.439,0.1203,1.0
T10_d23_152_a_5.jpg,T10_152,5,revisar,area de defecto dudosa (100%),True,0.979,1,0.345,0.0199,1.0
T10_d23_152_b_5.jpg,T10_152,5,revisar,area de defecto dudosa (100%),True,0.98,4,0.253,0.0359,1.0
T10_d23_156_a_5.jpg,T10_156,5,revisar,area de defecto dudosa (100%),True,0.981,2,0.17,0.0433,1.0
T10_d23_156_b_5.jpg,T10_156,5,revisar,area de defecto dudosa (100%),True,0.978,1,0.17,0.2996,1.0
T10_d23_165_a_5.jpg,T10_165,5,auto,,False,0.977,1,0.687,0.0585,0.0
T10_d23_165_b_5.jpg,T10_165,5,auto,,False,0.979,1,0.715,0.0439,0.0
T10_d23_166_a_5.jpg,T10_166,5,auto,,False,0.98,0,,0.0,0.0
T10_d23_166_b_5.jpg,T10_166,5,revisar,area de defecto dudosa (100%),True,0.98,2,0.326,0.0255,1.0
T10_d23_167_a_5.jpg,T10_167,5,auto,,False,0.98,0,,0.0,0.0
T10_d23_167_b_5.jpg,T10_167,5,revisar,area de defecto dudosa (100%),True,0.976,1,0.192,0.083,1.0
T10_d23_168_a_5.jpg,T10_168,5,revisar,area de defecto dudosa (100%),True,0.977,3,0.17,0.1002,1.0
T10_d23_168_b_5.jpg,T10_168,5,revisar,area de defecto dudosa (100%),True,0.977,4,0.171,0.4146,1.0
T10_d23_172_b_5.jpg,T10_172,5,auto,,False,0.971,1,0.765,0.0479,0.0
T10_d23_181_a_5.jpg,T10_181,5,revisar,area de defecto dudosa (100%),True,0.98,2,0.223,0.0339,1.0
T10_d23_181_b_5.jpg,T10_181,5,auto,,False,0.981,0,,0.0,0.0
T10_d23_193_b_5.jpg,T10_193,5,auto,,False,0.977,0,,0.0,0.0
T10_d23_194_a_4.jpg,T10_194,4,revisar,area de defecto dudosa (100%),True,0.978,1,0.467,0.0755,1.0
T10_d23_194_b_4.jpg,T10_194,4,revisar,area de defecto dudosa (100%),True,0.981,1,0.44,0.0518,1.0
T10_d23_196_a_4.jpg,T10_196,4,auto,,False,0.98,0,,0.0,0.0
T10_d23_196_b_4.jpg,T10_196,4,revisar,area de defecto dudosa (100%),True,0.982,2,0.317,0.0837,1.0
T10_d23_202_a_5.jpg,T10_202,5,revisar,area de defecto dudosa (100%),True,0.98,2,0.281,0.023,1.0
T10_d23_202_b_5.jpg,T10_202,5,auto,,False,0.978,1,0.564,0.0566,0.0
T10_d23_204_a_5.jpg,T10_204,5,auto,,False,0.982,0,,0.0,0.0
T10_d23_204_b_5.jpg,T10_204,5,revisar,area de defecto dudosa (100%),True,0.976,4,0.184,0.0751,0.995
T10_d23_206_a_4.jpg,T10_206,4,revisar,area de defecto dudosa (100%),True,0.979,3,0.156,0.0839,1.0
T10_d23_206_b_4.jpg,T10_206,4,revisar,area de defecto dudosa (100%),True,0.978,1,0.231,0.0251,1.0
T10_d23_211_a_5.jpg,T10_211,5,auto,,False,0.977,1,0.712,0.0418,0.0
T10_d23_211_b_5.jpg,T10_211,5,auto,,False,0.979,1,0.735,0.1589,0.0
T10_d23_213_a_4.jpg,T10_213,4,auto,,False,0.975,0,,0.0,0.0
T10_d23_213_b_4.jpg,T10_213,4,revisar,area de defecto dudosa (100%),True,0.979,1,0.233,0.3943,1.0
T10_d23_217_a_4.jpg,T10_217,4,auto,,False,0.978,1,0.751,0.1185,0.0
T10_d23_217_b_4.jpg,T10_217,4,auto,,False,0.98,0,,0.0,0.0
T10_d23_227_a_5.jpg,T10_227,5,auto,,False,0.979,1,0.514,0.0595,0.0
T10_d23_227_b_5.jpg,T10_227,5,auto,,False,0.98,0,,0.0,0.0
T10_d23_229_a_5.jpg,T10_229,5,auto,,False,0.981,1,0.794,0.0814,0.0
T10_d23_229_b_5.jpg,T10_229,5,auto,,False,0.979,0,,0.0,0.0
T10_d23_233_a_5.jpg,T10_233,5,auto,,False,0.974,1,0.662,0.0363,0.0
T10_d23_233_b_5.jpg,T10_233,5,auto,,False,0.975,0,,0.0,0.0
T10_d23_234_a_5.jpg,T10_234,5,revisar,area de defecto dudosa (100%),True,0.975,3,0.202,0.0359,1.0
T10_d23_234_b_5.jpg,T10_234,5,revisar,area de defecto dudosa (100%),True,0.979,3,0.245,0.0685,1.0
T10_d23_236_a_5.jpg,T10_236,5,revisar,area de defecto dudosa (100%),True,0.977,2,0.157,0.0473,1.0
T10_d23_236_b_5.jpg,T10_236,5,auto,,False,0.972,1,0.653,0.0616,0.0
T10_d23_237_a_5.jpg,T10_237,5,auto,,False,0.981,1,0.723,0.1178,0.0
T10_d23_243_a_5.jpg,T10_243,5,auto,,False,0.981,0,,0.0,0.0
T10_d23_243_b_5.jpg,T10_243,5,revisar,area de defecto dudosa (100%),True,0.979,1,0.364,0.4961,1.0
T10_d23_250_a_5.jpg,T10_250,5,revisar,area de defecto dudosa (100%),True,0.977,4,0.154,0.3875,1.0
T10_d23_250_b_5.jpg,T10_250,5,revisar,area de defecto dudosa (100%),True,0.976,4,0.163,0.1724,1.0
T10_d23_252_a_5.jpg,T10_252,5,revisar,area de defecto dudosa (100%),True,0.975,2,0.155,0.0836,1.0
T10_d23_252_b_5.jpg,T10_252,5,revisar,area de defecto dudosa (100%),True,0.977,2,0.174,0.129,1.0
T10_d23_262_a_5.jpg,T10_262,5,auto,,False,0.981,0,,0.0,0.0
T10_d23_262_b_5.jpg,T10_262,5,revisar,area de defecto dudosa (100%),True,0.979,1,0.263,0.032,1.0
T10_d23_269_a_4.jpg,T10_269,4,auto,,False,0.974,1,0.714,0.0841,0.0
T10_d23_269_b_4.jpg,T10_269,4,auto,,False,0.974,1,0.916,0.0339,0.0
T10_d23_274_a_5.jpg,T10_274,5,auto,,False,0.979,0,,0.0,0.0
T10_d23_274_b_5.jpg,T10_274,5,auto,,False,0.974,1,0.601,0.2184,0.0
T10_d23_282_b_5.jpg,T10_282,5,auto,,False,0.978,1,0.572,0.0424,0.0
T10_d23_283_b_5.jpg,T10_283,5,auto,,False,0.978,0,,0.0,0.0
T10_d23_284_a_5.jpg,T10_284,5,revisar,area de defecto dudosa (100%),True,0.974,1,0.303,0.0304,1.0
T10_d23_284_b_5.jpg,T10_284,5,auto,,False,0.974,0,,0.0,0.0
T10_d23_290_a_5.jpg,T10_290,5,revisar,defecto rectangular; area de defecto dudosa (100%),True,0.982,6,0.16,0.9151,1.0
T10_d23_290_b_5.jpg,T10_290,5,revisar,area de defecto dudosa (100%),True,0.978,5,0.168,0.1786,1.0
T10_d23_294_a_5.jpg,T10_294,5,auto,,False,0.981,2,0.164,0.0513,0.217
T10_d23_295_a_5.jpg,T10_295,5,auto,,False,0.975,1,0.688,0.11,0.0
T10_d23_295_b_5.jpg,T10_295,5,revisar,area de defecto dudosa (67%),True,0.978,3,0.219,0.0629,0.672
T10_d23_296_a_5.jpg,T10_296,5,auto,,True,0.981,1,0.567,0.2519,0.0
T10_d23_306_a_4.jpg,T10_306,4,auto,,False,0.977,0,,0.0,0.0
T10_d23_306_b_4.jpg,T10_306,4,auto,,False,0.977,0,,0.0,0.0
T10_d23_315_a_4.jpg,T10_315,4,auto,,False,0.975,0,,0.0,0.0
T10_d23_315_b_4.jpg,T10_315,4,revisar,area de defecto dudosa (100%),True,0.976,2,0.173,0.1082,1.0
T10_d23_326_a_5.jpg,T10_326,5,revisar,area de defecto dudosa (100%),True,0.979,4,0.223,0.0569,1.0
T10_d23_326_b_5.jpg,T10_326,5,revisar,area de defecto dudosa (100%),True,0.98,2,0.206,0.1046,1.0
T10_d23_327_a_5.jpg,T10_327,5,auto,,False,0.976,0,,0.0,0.0
T10_d23_327_b_5.jpg,T10_327,5,auto,,False,0.979,0,,0.0,0.0
T10_d23_328_a_5.jpg,T10_328,5,auto,,False,0.978,0,,0.0,0.0
T10_d23_328_b_5.jpg,T10_328,5,revisar,area de defecto dudosa (100%),True,0.979,1,0.329,0.012,1.0
T10_d23_330_a_4.jpg,T10_330,4,auto,,False,0.978,0,,0.0,0.0
T10_d23_330_b_4.jpg,T10_330,4,auto,,False,0.98,0,,0.0,0.0
T10_d23_333_b_4.jpg,T10_333,4,revisar,area de defecto dudosa (99%),True,0.979,2,0.221,0.0818,0.992
T10_d23_336_a_5.jpg,T10_336,5,revisar,area de defecto dudosa (100%),True,0.979,2,0.254,0.6978,1.0
T10_d23_336_b_5.jpg,T10_336,5,revisar,area de defecto dudosa (100%),True,0.983,4,0.256,0.8166,1.0
T10_d23_337_a_4.jpg,T10_337,4,auto,,False,0.981,0,,0.0,0.0
T10_d23_337_b_4.jpg,T10_337,4,revisar,area de defecto dudosa (100%),True,0.977,6,0.153,0.4627,1.0
T10_d23_338_a_5.jpg,T10_338,5,auto,,False,0.983,0,,0.0,0.0
T10_d23_338_b_5.jpg,T10_338,5,revisar,area de defecto dudosa (100%),True,0.981,3,0.249,0.2677,1.0
T10_d23_349_a_5.jpg,T10_349,5,revisar,area de defecto dudosa (100%),True,0.978,2,0.185,0.1033,1.0
T10_d23_349_b_5.jpg,T10_349,5,auto,,False,0.977,0,,0.0,0.0
T10_d23_350_a_4.jpg,T10_350,4,auto,,False,0.981,1,0.87,0.0438,0.0
T10_d23_350_b_4.jpg,T10_350,4,auto,,False,0.979,0,,0.0,0.0
T10_d23_355_a_4.jpg,T10_355,4,revisar,area de defecto dudosa (100%),True,0.978,1,0.181,0.0102,1.0
T10_d23_355_b_4.jpg,T10_355,4,revisar,area de defecto dudosa (100%),True,0.981,1,0.31,0.0744,1.0
T10_d23_357_a_5.jpg,T10_357,5,revisar,area de defecto dudosa (100%),True,0.976,4,0.174,0.2121,0.999
T10_d23_357_b_5.jpg,T10_357,5,revisar,area de defecto dudosa (100%),True,0.981,2,0.173,0.0669,1.0
T10_d23_366_a_5.jpg,T10_366,5,auto,,False,0.978,1,0.796,0.0537,0.0
T10_d23_366_b_5.jpg,T10_366,5,auto,,False,0.977,0,,0.0,0.0
T10_d23_367_a_5.jpg,T10_367,5,revisar,area de defecto dudosa (100%),True,0.978,2,0.182,0.2446,1.0
T10_d23_367_b_5.jpg,T10_367,5,revisar,area de defecto dudosa (97%),True,0.978,4,0.157,0.2113,0.966
T10_d23_372_a_5.jpg,T10_372,5,revisar,area de defecto dudosa (87%),True,0.981,2,0.153,0.0555,0.875
T10_d23_372_b_5.jpg,T10_372,5,revisar,area de defecto dudosa (56%),True,0.977,2,0.491,0.0696,0.555
T10_d23_376_a_5.jpg,T10_376,5,auto,,False,0.978,1,0.649,0.1478,0.0
T10_d23_376_b_5.jpg,T10_376,5,revisar,area de defecto dudosa (100%),True,0.977,2,0.19,0.0152,1.0
T10_d23_377_a_5.jpg,T10_377,5,auto,,False,0.978,0,,0.0,0.0
T10_d23_377_b_5.jpg,T10_377,5,auto,,False,0.979,1,0.574,0.0353,0.0
T10_d23_381_a_5.jpg,T10_381,5,auto,,False,0.98,0,,0.0,0.0
T10_d23_381_b_5.jpg,T10_381,5,auto,,False,0.979,2,0.223,0.0454,0.472
T10_d23_382_a_4.jpg,T10_382,4,revisar,area de defecto dudosa (100%),True,0.981,2,0.194,0.7465,1.0
T10_d23_382_b_4.jpg,T10_382,4,revisar,area de defecto dudosa (100%),True,0.979,2,0.165,0.1339,0.997
T10_d23_387_a_5.jpg,T10_387,5,revisar,area de defecto dudosa (100%),True,0.98,3,0.159,0.636,1.0
T10_d23_387_b_5.jpg,T10_387,5,revisar,area de defecto dudosa (100%),True,0.98,3,0.172,0.5002,1.0
T10_d23_400_a_5.jpg,T10_400,5,revisar,area de defecto dudosa (100%),True,0.973,6,0.311,0.2326,1.0
T10_d23_400_b_5.jpg,T10_400,5,revisar,area de defecto dudosa (100%),True,0.977,2,0.16,0.0559,1.0
T10_d23_401_a_5.jpg,T10_401,5,auto,,False,0.976,0,,0.0,0.0
T10_d23_401_b_5.jpg,T10_401,5,revisar,area de defecto dudosa (90%),True,0.976,2,0.331,0.0917,0.898
T10_d23_405_a_5.jpg,T10_405,5,auto,,False,0.978,1,0.667,0.054,0.0
T10_d23_405_b_5.jpg,T10_405,5,auto,,False,0.98,0,,0.0,0.0
T10_d23_408_b_5.jpg,T10_408,5,auto,,False,0.975,0,,0.0,0.0
T10_d23_410_a_4.jpg,T10_410,4,revisar,area de defecto dudosa (100%),True,0.978,2,0.154,0.0165,1.0
T10_d23_410_b_4.jpg,T10_410,4,auto,,False,0.98,1,0.631,0.0406,0.0
T10_d23_413_a_4.jpg,T10_413,4,auto,,False,0.976,1,0.869,0.0914,0.0
T10_d23_413_b_4.jpg,T10_413,4,auto,,False,0.98,0,,0.0,0.0
T10_d23_414_a_4.jpg,T10_414,4,auto,,False,0.978,1,0.8,0.2273,0.0
T10_d23_414_b_4.jpg,T10_414,4,revisar,area de defecto dudosa (100%),True,0.978,7,0.167,0.3138,1.0
T10_d23_415_a_5.jpg,T10_415,5,auto,,False,0.976,0,,0.0,0.0
T10_d23_415_b_5.jpg,T10_415,5,revisar,area de defecto dudosa (85%),True,0.972,3,0.156,0.0786,0.85
T10_d23_420_a_4.jpg,T10_420,4,revisar,area de defecto dudosa (100%),True,0.981,5,0.177,0.6017,1.0
T10_d23_420_b_4.jpg,T10_420,4,auto,,False,0.983,2,0.26,0.0214,0.239
T10_d23_422_a_5.jpg,T10_422,5,auto,,False,0.98,1,0.784,0.0518,0.0
T10_d23_422_b_5.jpg,T10_422,5,auto,,False,0.98,1,0.746,0.1142,0.0
T10_d23_425_a_5.jpg,T10_425,5,auto,,True,0.98,0,,0.0,0.0
T10_d23_425_b_5.jpg,T10_425,5,auto,,False,0.98,0,,0.0,0.0
T10_d23_429_a_5.jpg,T10_429,5,auto,,False,0.977,0,,0.0,0.0
T10_d23_442_a_4.jpg,T10_442,4,auto,,False,0.98,1,0.725,0.052,0.0
T10_d23_442_b_4.jpg,T10_442,4,auto,,False,0.98,1,0.724,0.0277,0.0
T10_d23_444_a_5.jpg,T10_444,5,auto,,True,0.977,0,,0.0,0.0
T10_d23_444_b_5.jpg,T10_444,5,auto,,False,0.977,0,,0.0,0.0
T10_d23_445_a_5.jpg,T10_445,5,auto,,False,0.975,0,,0.0,0.0
T10_d23_446_a_4.jpg,T10_446,4,auto,,False,0.979,0,,0.0,0.0
T10_d23_447_a_5.jpg,T10_447,5,auto,,False,0.977,1,0.708,0.0525,0.0
T10_d23_447_b_5.jpg,T10_447,5,revisar,area de defecto dudosa (100%),True,0.981,2,0.186,0.0508,1.0
T10_d23_448_b_5.jpg,T10_448,5,revisar,area de defecto dudosa (97%),True,0.976,2,0.378,0.0196,0.971
T10_d23_449_a_5.jpg,T10_449,5,auto,,False,0.978,0,,0.0,0.0
T10_d23_449_b_5.jpg,T10_449,5,auto,,False,0.979,1,0.717,0.0698,0.0
T10_d23_454_a_4.jpg,T10_454,4,revisar,area de defecto dudosa (100%),True,0.98,1,0.205,0.0063,1.0
T10_d23_454_b_4.jpg,T10_454,4,auto,,False,0.979,1,0.631,0.0442,0.0
T10_d23_458_a_4.jpg,T10_458,4,auto,,False,0.967,0,,0.0,0.0
T10_d23_458_b_4.jpg,T10_458,4,revisar,area de defecto dudosa (100%),True,0.971,2,0.299,0.1512,1.0
T10_d23_459_a_5.jpg,T10_459,5,auto,,False,0.979,0,,0.0,0.0
T10_d23_459_b_5.jpg,T10_459,5,revisar,area de defecto dudosa (100%),True,0.977,1,0.388,0.0258,1.0
T10_d23_470_a_5.jpg,T10_470,5,revisar,area de defecto dudosa (100%),True,0.977,3,0.261,0.72,1.0
T10_d23_470_b_5.jpg,T10_470,5,auto,,False,0.978,0,,0.0,0.0
T10_d23_475_a_5.jpg,T10_475,5,revisar,area de defecto dudosa (100%),True,0.978,2,0.206,0.1776,0.998
T10_d23_475_b_5.jpg,T10_475,5,revisar,area de defecto dudosa (100%),True,0.975,2,0.172,0.2872,1.0
T10_d24_002_a_5.jpg,T10_002,5,auto,,False,0.977,0,,0.0,0.0
T10_d24_002_b_5.jpg,T10_002,5,auto,,False,0.974,0,,0.0,0.0
T10_d24_003_a_5.jpg,T10_003,5,revisar,area de defecto dudosa (100%),True,0.98,2,0.152,0.5228,1.0
T10_d24_003_b_5.jpg,T10_003,5,revisar,area de defecto dudosa (100%),True,0.981,2,0.241,0.0377,1.0
T10_d24_007_a_5.jpg,T10_007,5,auto,,False,0.976,1,0.658,0.0734,0.0
T10_d24_007_b_5.jpg,T10_007,5,auto,,False,0.973,2,0.319,0.102,0.111
T10_d24_011_a_5.jpg,T10_011,5,revisar,area de defecto dudosa (100%),True,0.976,2,0.443,0.1527,1.0
T10_d24_011_b_5.jpg,T10_011,5,revisar,area de defecto dudosa (100%),True,0.979,1,0.188,0.0089,1.0
T10_d24_013_a_4.jpg,T10_013,4,auto,,False,0.975,0,,0.0,0.0
T10_d24_013_b_4.jpg,T10_013,4,auto,,False,0.975,0,,0.0,0.0
T10_d24_021_a_5.jpg,T10_021,5,auto,,False,0.978,0,,0.0,0.0
T10_d24_021_b_5.jpg,T10_021,5,revisar,area de defecto dudosa (86%),True,0.977,2,0.198,0.019,0.859
T10_d24_022_a_5.jpg,T10_022,5,auto,,True,0.979,0,,0.0,0.0
T10_d24_022_b_5.jpg,T10_022,5,revisar,area de defecto dudosa (100%),True,0.982,1,0.162,0.0292,1.0
T10_d24_026_a_5.jpg,T10_026,5,auto,,False,0.978,1,0.716,0.1255,0.0
T10_d24_026_b_5.jpg,T10_026,5,auto,,False,0.976,0,,0.0,0.0
T10_d24_034_a_5.jpg,T10_034,5,revisar,area de defecto dudosa (100%),True,0.979,2,0.244,0.1919,1.0
T10_d24_034_b_5.jpg,T10_034,5,revisar,area de defecto dudosa (100%),True,0.981,2,0.332,0.2002,1.0
T10_d24_046_a_5.jpg,T10_046,5,revisar,area de defecto dudosa (100%),True,0.978,1,0.474,0.018,1.0
T10_d24_046_b_5.jpg,T10_046,5,revisar,area de defecto dudosa (100%),True,0.978,7,0.218,0.1255,0.997
T10_d24_047_b_5.jpg,T10_047,5,auto,,True,0.978,0,,0.0,0.0
T10_d24_048_a_5.jpg,T10_048,5,revisar,area de defecto dudosa (100%),True,0.977,1,0.188,0.0295,1.0
T10_d24_048_b_5.jpg,T10_048,5,auto,,False,0.977,0,,0.0,0.0
T10_d24_055_a_4.jpg,T10_055,4,auto,,False,0.98,1,0.698,0.0672,0.0
T10_d24_055_b_4.jpg,T10_055,4,auto,,False,0.979,1,0.741,0.0358,0.0
T10_d24_061_a_5.jpg,T10_061,5,revisar,area de defecto dudosa (100%),True,0.975,2,0.223,0.5967,1.0
T10_d24_061_b_5.jpg,T10_061,5,auto,,False,0.978,0,,0.0,0.0
T10_d24_067_a_5.jpg,T10_067,5,revisar,area de defecto dudosa (100%),True,0.973,1,0.201,0.0194,1.0
T10_d24_067_b_5.jpg,T10_067,5,revisar,area de defecto dudosa (100%),True,0.974,2,0.382,0.2361,0.999
T10_d24_069_a_5.jpg,T10_069,5,auto,,False,0.976,1,0.868,0.0754,0.0
T10_d24_069_b_5.jpg,T10_069,5,auto,,False,0.976,1,0.509,0.0328,0.0
T10_d24_083_a_5.jpg,T10_083,5,revisar,area de defecto dudosa (100%),True,0.979,1,0.394,0.0738,1.0
T10_d24_083_b_5.jpg,T10_083,5,revisar,area de defecto dudosa (100%),True,0.982,2,0.287,0.0556,1.0
T10_d24_089_a_5.jpg,T10_089,5,revisar,area de defecto dudosa (100%),True,0.974,3,0.371,0.0927,1.0
T10_d24_089_b_5.jpg,T10_089,5,auto,,False,0.975,2,0.43,0.1097,0.172
T10_d24_093_a_5.jpg,T10_093,5,revisar,area de defecto dudosa (100%),True,0.978,1,0.487,0.0119,1.0
T10_d24_093_b_5.jpg,T10_093,5,auto,,False,0.977,1,0.619,0.0405,0.0
T10_d24_094_a_5.jpg,T10_094,5,revisar,area de defecto dudosa (100%),True,0.978,2,0.237,0.6694,0.998
T10_d24_094_b_5.jpg,T10_094,5,revisar,area de defecto dudosa (100%),True,0.98,1,0.175,0.1019,1.0
T10_d24_096_b_4.jpg,T10_096,4,revisar,area de defecto dudosa (100%),True,0.978,3,0.207,0.0817,1.0
T10_d24_097_a_5.jpg,T10_097,5,auto,,False,0.977,1,0.828,0.0593,0.0
T10_d24_097_b_5.jpg,T10_097,5,revisar,area de defecto dudosa (100%),True,0.982,3,0.151,0.6288,1.0
T10_d24_098_a_5.jpg,T10_098,5,auto,,False,0.98,0,,0.0,0.0
T10_d24_098_b_5.jpg,T10_098,5,revisar,area de defecto dudosa (100%),True,0.979,2,0.206,0.0203,1.0
T10_d24_099_a_5.jpg,T10_099,5,auto,,True,0.976,0,,0.0,0.0
T10_d24_099_b_5.jpg,T10_099,5,revisar,area de defecto dudosa (100%),True,0.979,1,0.464,0.024,1.0
T10_d24_110_a_5.jpg,T10_110,5,auto,,False,0.977,0,,0.0,0.0
T10_d24_110_b_5.jpg,T10_110,5,revisar,area de defecto dudosa (100%),True,0.979,2,0.306,0.0725,1.0
T10_d24_113_a_5.jpg,T10_113,5,auto,,False,0.978,1,0.863,0.0705,0.0
T10_d24_113_b_5.jpg,T10_113,5,auto,,False,0.976,0,,0.0,0.0
T10_d24_118_a_5.jpg,T10_118,5,revisar,area de defecto dudosa (100%),True,0.981,2,0.168,0.3145,1.0
T10_d24_122_a_5.jpg,T10_122,5,revisar,area de defecto dudosa (100%),True,0.978,2,0.254,0.0834,1.0
T10_d24_122_b_5.jpg,T10_122,5,revisar,area de defecto dudosa (99%),True,0.979,5,0.196,0.0465,0.994
T10_d24_125_a_5.jpg,T10_125,5,auto,,False,0.979,0,,0.0,0.0
T10_d24_125_b_5.jpg,T10_125,5,auto,,False,0.974,0,,0.0,0.0
T10_d24_128_a_5.jpg,T10_128,5,revisar,area de defecto dudosa (100%),True,0.979,3,0.154,0.6503,1.0
T10_d24_128_b_5.jpg,T10_128,5,revisar,area de defecto dudosa (100%),True,0.979,2,0.252,0.6761,1.0
T10_d24_129_a_5.jpg,T10_129,5,revisar,area de defecto dudosa (100%),True,0.98,2,0.206,0.0502,1.0
T10_d24_129_b_5.jpg,T10_129,5,auto,,False,0.978,2,0.55,0.0466,0.0
T10_d24_130_a_5.jpg,T10_130,5,revisar,area de defecto dudosa (95%),True,0.977,3,0.208,0.5278,0.949
T10_d24_130_b_5.jpg,T10_130,5,auto,,False,0.975,0,,0.0,0.0
T10_d24_131_a_5.jpg,T10_131,5,revisar,area de defecto dudosa (100%),True,0.981,3,0.151,0.555,1.0
T10_d24_131_b_5.jpg,T10_131,5,revisar,area de defecto dudosa (100%),True,0.979,1,0.273,0.0404,1.0
T10_d24_133_a_5.jpg,T10_133,5,auto,,False,0.977,1,0.624,0.2073,0.0
T10_d24_133_b_5.jpg,T10_133,5,auto,,False,0.981,0,,0.0,0.0
T10_d24_138_a_5.jpg,T10_138,5,auto,,True,0.978,0,,0.0,0.0
T10_d24_138_b_5.jpg,T10_138,5,revisar,area de defecto dudosa (100%),True,0.98,5,0.167,0.0689,1.0
T10_d24_145_a_5.jpg,T10_145,5,revisar,area de defecto dudosa (100%),True,0.975,2,0.309,0.3489,1.0
T10_d24_145_b_5.jpg,T10_145,5,revisar,area de defecto dudosa (100%),True,0.977,1,0.334,0.0316,1.0
T10_d24_149_a_5.jpg,T10_149,5,revisar,area de defecto dudosa (100%),True,0.979,2,0.151,0.4721,1.0
T10_d24_149_b_5.jpg,T10_149,5,revisar,area de defecto dudosa (100%),True,0.975,2,0.243,0.2855,1.0
T10_d24_152_a_5.jpg,T10_152,5,auto,,False,0.979,1,0.65,0.0258,0.0
T10_d24_152_b_5.jpg,T10_152,5,revisar,area de defecto dudosa (100%),True,0.979,2,0.153,0.0372,0.999
T10_d24_156_a_5.jpg,T10_156,5,revisar,area de defecto dudosa (100%),True,0.978,2,0.18,0.0395,1.0
T10_d24_156_b_5.jpg,T10_156,5,revisar,area de defecto dudosa (100%),True,0.977,1,0.336,0.3267,1.0
T10_d24_165_a_5.jpg,T10_165,5,auto,,False,0.978,1,0.728,0.0728,0.0
T10_d24_166_a_5.jpg,T10_166,5,auto,,False,0.979,0,,0.0,0.0
T10_d24_166_b_5.jpg,T10_166,5,revisar,area de defecto dudosa (100%),True,0.983,3,0.222,0.2647,1.0
T10_d24_167_a_5.jpg,T10_167,5,revisar,area de defecto dudosa (100%),True,0.982,1,0.293,0.0065,1.0
T10_d24_168_a_5.jpg,T10_168,5,revisar,area de defecto dudosa (100%),True,0.977,2,0.215,0.108,1.0
T10_d24_168_b_5.jpg,T10_168,5,revisar,area de defecto dudosa (100%),True,0.978,2,0.211,0.1198,1.0
T10_d24_172_a_5.jpg,T10_172,5,revisar,area de defecto dudosa (100%),True,0.977,2,0.174,0.0488,1.0
T10_d24_172_b_5.jpg,T10_172,5,auto,,True,0.973,1,0.764,0.0497,0.0
T10_d24_181_a_5.jpg,T10_181,5,auto,,False,0.978,1,0.71,0.0293,0.0
T10_d24_181_b_5.jpg,T10_181,5,auto,,False,0.978,0,,0.0,0.0
T10_d24_193_a_5.jpg,T10_193,5,revisar,defecto rectangular; defecto rectangular; area de defecto dudosa (100%),True,0.981,4,0.159,0.9602,1.0
T10_d24_193_b_5.jpg,T10_193,5,revisar,area de defecto dudosa (100%),True,0.979,1,0.394,0.0481,1.0
T10_d24_194_a_4.jpg,T10_194,4,revisar,area de defecto dudosa (100%),True,0.977,2,0.243,0.109,1.0
T10_d24_194_b_4.jpg,T10_194,4,revisar,area de defecto dudosa (100%),True,0.979,1,0.187,0.1893,1.0
T10_d24_196_a_5.jpg,T10_196,5,auto,,False,0.978,0,,0.0,0.0
T10_d24_196_b_5.jpg,T10_196,5,auto,,False,0.978,1,0.501,0.0368,0.0
T10_d24_202_b_5.jpg,T10_202,5,revisar,area de defecto dudosa (100%),True,0.977,1,0.484,0.0393,1.0
T10_d24_204_a_5.jpg,T10_204,5,auto,,False,0.979,0,,0.0,0.0
T10_d24_204_b_5.jpg,T10_204,5,revisar,area de defecto dudosa (93%),True,0.974,4,0.155,0.0756,0.934
T10_d24_206_a_4.jpg,T10_206,4,revisar,area de defecto dudosa (100%),True,0.977,1,0.374,0.0663,1.0
T10_d24_211_a_5.jpg,T10_211,5,auto,,False,0.978,1,0.715,0.0409,0.0
T10_d24_211_b_5.jpg,T10_211,5,auto,,False,0.975,1,0.759,0.158,0.0
T10_d24_213_a_5.jpg,T10_213,5,auto,,False,0.977,0,,0.0,0.0
T10_d24_213_b_5.jpg,T10_213,5,revisar,defecto rectangular; area de defecto dudosa (100%),True,0.98,2,0.193,0.4794,1.0
T10_d24_217_a_5.jpg,T10_217,5,auto,,False,0.979,1,0.701,0.1204,0.0
T10_d24_217_b_5.jpg,T10_217,5,auto,,False,0.982,0,,0.0,0.0
T10_d24_227_a_5.jpg,T10_227,5,auto,,False,0.975,1,0.532,0.0716,0.0
T10_d24_227_b_5.jpg,T10_227,5,revisar,area de defecto dudosa (100%),True,0.976,1,0.173,0.0092,1.0
T10_d24_229_a_5.jpg,T10_229,5,auto,,False,0.978,1,0.799,0.0943,0.0
T10_d24_229_b_5.jpg,T10_229,5,auto,,False,0.978,0,,0.0,0.0
T10_d24_233_a_5.jpg,T10_233,5,revisar,area de defecto dudosa (100%),True,0.978,2,0.164,0.0591,1.0
T10_d24_233_b_5.jpg,T10_233,5,revisar,area de defecto dudosa (100%),True,0.979,1,0.458,0.0407,1.0
T10_d24_234_a_5.jpg,T10_234,5,auto,,False,0.978,1,0.67,0.0291,0.0
T10_d24_236_a_5.jpg,T10_236,5,revisar,area de defecto dudosa (100%),True,0.979,2,0.218,0.0853,1.0
T10_d24_236_b_5.jpg,T10_236,5,auto,,False,0.964,1,0.634,0.0657,0.0
T10_d24_237_a_5.jpg,T10_237,5,auto,,False,0.977,1,0.692,0.1148,0.0
T10_d24_237_b_5.jpg,T10_237,5,revisar,area de defecto dudosa (100%),True,0.976,5,0.153,0.1401,1.0
T10_d24_243_a_5.jpg,T10_243,5,auto,,False,0.98,0,,0.0,0.0
T10_d24_243_b_5.jpg,T10_243,5,revisar,area de defecto dudosa (100%),True,0.975,2,0.204,0.743,1.0
T10_d24_250_a_5.jpg,T10_250,5,revisar,area de defecto dudosa (100%),True,0.976,4,0.175,0.094,1.0
T10_d24_250_b_5.jpg,T10_250,5,revisar,area de defecto dudosa (100%),True,0.976,1,0.244,0.0977,1.0
T10_d24_262_a_5.jpg,T10_262,5,revisar,area de defecto dudosa (100%),True,0.98,1,0.18,0.0143,1.0
T10_d24_262_b_5.jpg,T10_262,5,revisar,area de defecto dudosa (100%),True,0.981,1,0.285,0.0266,1.0
T10_d24_269_a_4.jpg,T10_269,4,auto,,False,0.974,1,0.718,0.0822,0.0
T10_d24_269_b_4.jpg,T10_269,4,revisar,area de defecto dudosa (100%),True,0.972,2,0.152,0.0189,1.0
T10_d24_274_a_5.jpg,T10_274,5,auto,,False,0.98,0,,0.0,0.0
T10_d24_274_b_5.jpg,T10_274,5,revisar,area de defecto dudosa (100%),True,0.978,3,0.219,0.2068,1.0
T10_d24_276_a_5.jpg,T10_276,5,revisar,area de defecto dudosa (100%),True,0.978,1,0.181,0.0437,1.0
T10_d24_276_b_5.jpg,T10_276,5,revisar,area de defecto dudosa (100%),True,0.98,7,0.167,0.1045,1.0
T10_d24_282_b_5.jpg,T10_282,5,revisar,area de defecto dudosa (100%),True,0.974,1,0.246,0.0137,1.0
T10_d24_283_a_5.jpg,T10_283,5,revisar,area de defecto dudosa (100%),True,0.977,1,0.421,0.1161,1.0
T10_d24_283_b_5.jpg,T10_283,5,auto,,True,0.979,0,,0.0,0.0
T10_d24_284_a_5.jpg,T10_284,5,revisar,area de defecto dudosa (100%),True,0.97,1,0.315,0.0294,1.0
T10_d24_284_b_5.jpg,T10_284,5,auto,,False,0.974,0,,0.0,0.0
T10_d24_290_a_5.jpg,T10_290,5,revisar,defecto rectangular; area de defecto dudosa (100%),True,0.978,7,0.158,0.781,1.0
T10_d24_290_b_5.jpg,T10_290,5,revisar,area de defecto dudosa (100%),True,0.977,4,0.319,0.1951,1.0
T10_d24_295_a_5.jpg,T10_295,5,auto,,False,0.98,1,0.649,0.1049,0.0
T10_d24_296_a_5.jpg,T10_296,5,auto,,False,0.98,1,0.54,0.2683,0.0
T10_d24_296_b_5.jpg,T10_296,5,revisar,area de defecto dudosa (100%),True,0.973,1,0.227,0.0542,1.0
T10_d24_306_a_5.jpg,T10_306,5,auto,,False,0.977,0,,0.0,0.0
T10_d24_306_b_5.jpg,T10_306,5,auto,,False,0.978,0,,0.0,0.0
T10_d24_315_a_4.jpg,T10_315,4,auto,,False,0.977,0,,0.0,0.0
T10_d24_326_a_5.jpg,T10_326,5,revisar,area de defecto dudosa (100%),True,0.979,4,0.212,0.0803,1.0
T10_d24_326_b_5.jpg,T10_326,5,revisar,area de defecto dudosa (100%),True,0.983,1,0.247,0.0196,1.0
T10_d24_327_a_5.jpg,T10_327,5,auto,,False,0.976,0,,0.0,0.0
T10_d24_327_b_5.jpg,T10_327,5,auto,,False,0.978,0,,0.0,0.0
T10_d24_328_a_5.jpg,T10_328,5,auto,,False,0.976,0,,0.0,0.0
T10_d24_328_b_5.jpg,T10_328,5,revisar,area de defecto dudosa (100%),True,0.978,1,0.38,0.0137,1.0
T10_d24_330_a_4.jpg,T10_330,4,auto,,False,0.979,0,,0.0,0.0
T10_d24_330_b_4.jpg,T10_330,4,auto,,False,0.973,0,,0.0,0.0
T10_d24_333_a_5.jpg,T10_333,5,auto,,False,0.977,1,0.542,0.0168,0.0
T10_d24_333_b_5.jpg,T10_333,5,auto,,False,0.978,1,0.631,0.0551,0.0
T10_d24_336_b_5.jpg,T10_336,5,revisar,area de defecto dudosa (95%),True,0.978,2,0.286,0.6222,0.95
T10_d24_337_a_4.jpg,T10_337,4,auto,,False,0.979,0,,0.0,0.0
T10_d24_337_b_4.jpg,T10_337,4,revisar,area de defecto dudosa (100%),True,0.973,4,0.19,0.3098,1.0
T10_d24_338_a_5.jpg,T10_338,5,auto,,False,0.978,0,,0.0,0.0
T10_d24_338_b_5.jpg,T10_338,5,revisar,area de defecto dudosa (100%),True,0.975,3,0.485,0.1501,1.0
T10_d24_349_b_5.jpg,T10_349,5,auto,,False,0.977,0,,0.0,0.0
T10_d24_350_a_5.jpg,T10_350,5,auto,,False,0.975,1,0.883,0.0427,0.0
T10_d24_355_a_5.jpg,T10_355,5,revisar,area de defecto dudosa (100%),True,0.978,2,0.31,0.0395,1.0
T10_d24_355_b_5.jpg,T10_355,5,auto,,False,0.979,0,,0.0,0.0
T10_d24_357_b_5.jpg,T10_357,5,revisar,area de defecto dudosa (100%),True,0.98,2,0.298,0.0574,1.0
T10_d24_366_a_5.jpg,T10_366,5,auto,,False,0.977,1,0.813,0.0673,0.0
T10_d24_366_b_5.jpg,T10_366,5,revisar,area de defecto dudosa (100%),True,0.98,1,0.154,0.0386,1.0
T10_d24_367_a_5.jpg,T10_367,5,revisar,area de defecto dudosa (100%),True,0.978,2,0.188,0.2585,1.0
T10_d24_367_b_5.jpg,T10_367,5,revisar,area de defecto dudosa (100%),True,0.98,3,0.181,0.3704,1.0
T10_d24_372_a_5.jpg,T10_372,5,revisar,area de defecto dudosa (100%),True,0.979,3,0.235,0.351,1.0
T10_d24_372_b_5.jpg,T10_372,5,revisar,area de defecto dudosa (100%),True,0.971,5,0.199,0.1111,1.0
T10_d24_376_a_5.jpg,T10_376,5,auto,,False,0.979,1,0.616,0.1634,0.0
T10_d24_376_b_5.jpg,T10_376,5,revisar,area de defecto dudosa (100%),True,0.976,2,0.155,0.0179,1.0
T10_d24_377_a_5.jpg,T10_377,5,auto,,False,0.978,0,,0.0,0.0
T10_d24_377_b_5.jpg,T10_377,5,revisar,area de defecto dudosa (100%),True,0.98,1,0.219,0.0204,1.0
T10_d24_381_a_5.jpg,T10_381,5,auto,,False,0.978,0,,0.0,0.0
T10_d24_382_a_4.jpg,T10_382,4,auto,,False,0.982,1,0.817,0.1081,0.0
T10_d24_382_b_4.jpg,T10_382,4,auto,,False,0.976,1,0.662,0.0868,0.0
T10_d24_387_a_5.jpg,T10_387,5,revisar,area de defecto dudosa (100%),True,0.978,1,0.387,0.3964,1.0
T10_d24_387_b_5.jpg,T10_387,5,revisar,area de defecto dudosa (100%),True,0.977,5,0.152,0.4083,1.0
T10_d24_400_a_5.jpg,T10_400,5,revisar,area de defecto dudosa (100%),True,0.98,6,0.294,0.2818,1.0
T10_d24_400_b_5.jpg,T10_400,5,revisar,area de defecto dudosa (100%),True,0.976,3,0.2,0.2785,1.0
T10_d24_401_a_5.jpg,T10_401,5,auto,,False,0.978,0,,0.0,0.0
T10_d24_405_a_5.jpg,T10_405,5,auto,,False,0.974,1,0.694,0.0526,0.0
T10_d24_405_b_5.jpg,T10_405,5,auto,,False,0.979,0,,0.0,0.0
T10_d24_408_a_5.jpg,T10_408,5,auto,,False,0.978,0,,0.0,0.0
T10_d24_408_b_5.jpg,T10_408,5,auto,,False,0.977,0,,0.0,0.0
T10_d24_410_a_5.jpg,T10_410,5,revisar,area de defecto dudosa (100%),True,0.975,1,0.412,0.0147,1.0
T10_d24_410_b_5.jpg,T10_410,5,auto,,False,0.974,1,0.685,0.0616,0.0
T10_d24_413_a_5.jpg,T10_413,5,auto,,False,0.975,1,0.869,0.0712,0.0
T10_d24_413_b_5.jpg,T10_413,5,revisar,area de defecto dudosa (86%),True,0.979,2,0.199,0.0199,0.862
T10_d24_414_a_4.jpg,T10_414,4,auto,,False,0.978,1,0.763,0.2386,0.0
T10_d24_414_b_4.jpg,T10_414,4,revisar,area de defecto dudosa (100%),True,0.979,6,0.153,0.4983,1.0
T10_d24_415_a_5.jpg,T10_415,5,revisar,area de defecto dudosa (100%),True,0.978,1,0.203,0.0946,1.0
T10_d24_420_a_4.jpg,T10_420,4,revisar,area de defecto dudosa (100%),True,0.978,5,0.155,0.6403,1.0
T10_d24_420_b_4.jpg,T10_420,4,revisar,area de defecto dudosa (100%),True,0.982,1,0.167,0.0065,1.0
T10_d24_422_a_5.jpg,T10_422,5,auto,,False,0.98,1,0.716,0.0541,0.0
T10_d24_422_b_5.jpg,T10_422,5,auto,,False,0.981,1,0.704,0.1228,0.0
T10_d24_425_a_5.jpg,T10_425,5,auto,,False,0.98,0,,0.0,0.0
T10_d24_425_b_5.jpg,T10_425,5,auto,,False,0.98,0,,0.0,0.0
T10_d24_429_a_5.jpg,T10_429,5,revisar,area de defecto dudosa (100%),True,0.979,1,0.181,0.0149,1.0
T10_d24_429_b_5.jpg,T10_429,5,revisar,area de defecto dudosa (77%),True,0.978,6,0.151,0.3241,0.77
T10_d24_442_b_4.jpg,T10_442,4,auto,,False,0.975,1,0.715,0.0262,0.0
T10_d24_444_a_5.jpg,T10_444,5,auto,,False,0.978,0,,0.0,0.0
T10_d24_444_b_5.jpg,T10_444,5,auto,,False,0.978,0,,0.0,0.0
T10_d24_445_a_5.jpg,T10_445,5,revisar,area de defecto dudosa (100%),True,0.973,1,0.321,0.0114,1.0
T10_d24_445_b_5.jpg,T10_445,5,auto,,False,0.976,1,0.537,0.0216,0.0
T10_d24_446_b_5.jpg,T10_446,5,auto,,False,0.977,1,0.524,0.0111,0.0
T10_d24_447_a_5.jpg,T10_447,5,revisar,area de defecto dudosa (100%),True,0.979,2,0.151,0.1435,1.0
T10_d24_447_b_5.jpg,T10_447,5,revisar,area de defecto dudosa (100%),True,0.979,2,0.361,0.0565,1.0
T10_d24_448_a_5.jpg,T10_448,5,auto,,False,0.973,1,0.71,0.2564,0.0
T10_d24_448_b_5.jpg,T10_448,5,revisar,area de defecto dudosa (100%),True,0.976,4,0.188,0.1774,1.0
T10_d24_449_a_5.jpg,T10_449,5,auto,,False,0.976,0,,0.0,0.0
T10_d24_449_b_5.jpg,T10_449,5,revisar,area de defecto dudosa (71%),True,0.975,3,0.162,0.105,0.706
T10_d24_454_a_4.jpg,T10_454,4,auto,,False,0.981,0,,0.0,0.0
T10_d24_454_b_4.jpg,T10_454,4,revisar,area de defecto dudosa (100%),True,0.98,2,0.252,0.0869,1.0
T10_d24_458_a_4.jpg,T10_458,4,auto,,False,0.976,0,,0.0,0.0
T10_d24_458_b_4.jpg,T10_458,4,revisar,area de defecto dudosa (100%),True,0.981,2,0.162,0.1071,1.0
T10_d24_459_a_5.jpg,T10_459,5,revisar,area de defecto dudosa (100%),True,0.977,1,0.157,0.3374,1.0
T10_d24_459_b_5.jpg,T10_459,5,revisar,area de defecto dudosa (100%),True,0.978,2,0.226,0.0841,1.0
T10_d24_470_a_5.jpg,T10_470,5,revisar,area de defecto dudosa (100%),True,0.982,5,0.159,0.951,1.0
T10_d24_475_b_5.jpg,T10_475,5,revisar,area de defecto dudosa (100%),True,0.974,2,0.217,0.2795,1.0
T10_d25_002_a_5.jpg,T10_002,5,auto,,False,0.975,0,,0.0,0.0
T10_d25_002_b_5.jpg,T10_002,5,auto,,False,0.975,0,,0.0,0.0
T10_d25_003_b_5.jpg,T10_003,5,revisar,area de defecto dudosa (100%),True,0.979,3,0.179,0.0558,1.0
T10_d25_007_a_5.jpg,T10_007,5,auto,,False,0.98,1,0.752,0.0736,0.0
T10_d25_007_b_5.jpg,T10_007,5,auto,,False,0.976,2,0.186,0.1091,0.065
T10_d25_011_a_5.jpg,T10_011,5,revisar,area de defecto dudosa (100%),True,0.98,1,0.498,0.1327,1.0
T10_d25_011_b_5.jpg,T10_011,5,auto,,False,0.977,0,,0.0,0.0
T10_d25_013_a_5.jpg,T10_013,5,auto,,False,0.973,0,,0.0,0.0
T10_d25_013_b_5.jpg,T10_013,5,auto,,False,0.974,0,,0.0,0.0
T10_d25_021_a_5.jpg,T10_021,5,auto,,False,0.978,0,,0.0,0.0
T10_d25_021_b_5.jpg,T10_021,5,auto,,False,0.978,1,0.621,0.0687,0.0
T10_d25_022_a_5.jpg,T10_022,5,auto,,False,0.98,0,,0.0,0.0
T10_d25_022_b_5.jpg,T10_022,5,revisar,area de defecto dudosa (100%),True,0.98,1,0.249,0.1855,1.0
T10_d25_026_a_5.jpg,T10_026,5,revisar,area de defecto dudosa (77%),True,0.969,2,0.481,0.1426,0.768
T10_d25_034_a_5.jpg,T10_034,5,revisar,area de defecto dudosa (100%),True,0.979,3,0.306,0.1901,1.0
T10_d25_034_b_5.jpg,T10_034,5,auto,,False,0.98,3,0.155,0.1758,0.347
T10_d25_046_a_5.jpg,T10_046,5,auto,,False,0.976,1,0.504,0.0172,0.0
T10_d25_046_b_5.jpg,T10_046,5,revisar,area de defecto dudosa (100%),True,0.979,5,0.16,0.1396,0.997
T10_d25_047_a_5.jpg,T10_047,5,auto,,False,0.981,0,,0.0,0.0
T10_d25_048_a_5.jpg,T10_048,5,revisar,area de defecto dudosa (100%),True,0.977,1,0.383,0.0635,1.0
T10_d25_048_b_5.jpg,T10_048,5,auto,,False,0.98,0,,0.0,0.0
T10_d25_055_a_4.jpg,T10_055,4,auto,,False,0.98,1,0.755,0.0563,0.0
T10_d25_055_b_4.jpg,T10_055,4,auto,,False,0.982,1,0.608,0.0312,0.0
T10_d25_061_a_5.jpg,T10_061,5,revisar,area de defecto dudosa (100%),True,0.977,2,0.181,0.4585,1.0
T10_d25_061_b_5.jpg,T10_061,5,auto,,False,0.974,0,,0.0,0.0
T10_d25_067_a_5.jpg,T10_067,5,revisar,area de defecto dudosa (100%),True,0.974,3,0.157,0.0156,1.0
T10_d25_067_b_5.jpg,T10_067,5,revisar,area de defecto dudosa (100%),True,0.977,3,0.203,0.1671,1.0
T10_d25_069_a_5.jpg,T10_069,5,auto,,False,0.979,1,0.882,0.0674,0.0
T10_d25_069_b_5.jpg,T10_069,5,revisar,area de defecto dudosa (100%),True,0.977,2,0.298,0.0227,1.0
T10_d25_083_a_5.jpg,T10_083,5,revisar,area de defecto dudosa (100%),True,0.977,1,0.197,0.0137,1.0
T10_d25_083_b_5.jpg,T10_083,5,revisar,area de defecto dudosa (100%),True,0.978,1,0.41,0.0547,1.0
T10_d25_089_a_5.jpg,T10_089,5,revisar,area de defecto dudosa (50%),True,0.976,4,0.252,0.1065,0.502
T10_d25_089_b_5.jpg,T10_089,5,auto,,False,0.974,2,0.57,0.1328,0.0
T10_d25_093_a_5.jpg,T10_093,5,auto,,False,0.976,1,0.518,0.017,0.0
T10_d25_093_b_5.jpg,T10_093,5,auto,,False,0.977,2,0.429,0.0371,0.33
T10_d25_094_b_5.jpg,T10_094,5,revisar,area de defecto dudosa (100%),True,0.983,2,0.182,0.1201,1.0
T10_d25_096_a_4.jpg,T10_096,4,auto,,False,0.977,1,0.724,0.1349,0.0
T10_d25_096_b_4.jpg,T10_096,4,revisar,area de defecto dudosa (95%),True,0.976,4,0.192,0.0652,0.948
T10_d25_097_a_5.jpg,T10_097,5,auto,,False,0.978,1,0.725,0.0535,0.0
T10_d25_097_b_5.jpg,T10_097,5,revisar,defecto rectangular; area de defecto dudosa (100%),True,0.98,3,0.201,0.8145,1.0
T10_d25_098_a_5.jpg,T10_098,5,auto,,False,0.983,0,,0.0,0.0
T10_d25_098_b_5.jpg,T10_098,5,auto,,False,0.976,1,0.531,0.0282,0.0
T10_d25_099_a_5.jpg,T10_099,5,auto,,False,0.976,0,,0.0,0.0
T10_d25_099_b_5.jpg,T10_099,5,revisar,area de defecto dudosa (100%),True,0.979,2,0.177,0.0159,1.0
T10_d25_110_a_5.jpg,T10_110,5,auto,,False,0.979,0,,0.0,0.0
T10_d25_110_b_5.jpg,T10_110,5,revisar,area de defecto dudosa (100%),True,0.981,2,0.346,0.0895,1.0
T10_d25_113_a_5.jpg,T10_113,5,auto,,False,0.974,1,0.872,0.0825,0.0
T10_d25_113_b_5.jpg,T10_113,5,auto,,False,0.974,0,,0.0,0.0
T10_d25_118_a_5.jpg,T10_118,5,revisar,area de defecto dudosa (100%),True,0.98,2,0.229,0.3174,1.0
T10_d25_118_b_5.jpg,T10_118,5,auto,,False,0.982,0,,0.0,0.0
T10_d25_122_b_5.jpg,T10_122,5,revisar,area de defecto dudosa (100%),True,0.975,1,0.474,0.0146,1.0
T10_d25_125_b_5.jpg,T10_125,5,auto,,False,0.974,0,,0.0,0.0
T10_d25_128_a_5.jpg,T10_128,5,revisar,area de defecto dudosa (100%),True,0.982,2,0.208,0.7261,1.0
T10_d25_128_b_5.jpg,T10_128,5,revisar,area de defecto dudosa (100%),True,0.981,2,0.172,0.6347,1.0
T10_d25_129_a_5.jpg,T10_129,5,revisar,area de defecto dudosa (100%),True,0.977,1,0.352,0.0118,1.0
T10_d25_129_b_5.jpg,T10_129,5,revisar,area de defecto dudosa (50%),True,0.978,3,0.152,0.0417,0.503
T10_d25_130_a_5.jpg,T10_130,5,revisar,area de defecto dudosa (100%),True,0.975,3,0.257,0.4951,1.0
T10_d25_130_b_5.jpg,T10_130,5,revisar,area de defecto dudosa (100%),True,0.976,1,0.164,0.3814,1.0
T10_d25_131_a_5.jpg,T10_131,5,revisar,area de defecto dudosa (100%),True,0.978,2,0.186,0.5794,1.0
T10_d25_131_b_5.jpg,T10_131,5,auto,,False,0.979,0,,0.0,0.0
T10_d25_133_a_5.jpg,T10_133,5,auto,,False,0.978,1,0.585,0.2031,0.0
T10_d25_133_b_5.jpg,T10_133,5,auto,,False,0.982,0,,0.0,0.0
T10_d25_138_a_5.jpg,T10_138,5,auto,,False,0.978,0,,0.0,0.0
T10_d25_138_b_5.jpg,T10_138,5,revisar,area de defecto dudosa (50%),True,0.976,2,0.378,0.0539,0.504
T10_d25_145_b_5.jpg,T10_145,5,auto,,False,0.977,0,,0.0,0.0
T10_d25_149_a_5.jpg,T10_149,5,revisar,area de defecto dudosa (100%),True,0.976,2,0.263,0.5638,1.0
T10_d25_149_b_5.jpg,T10_149,5,revisar,area de defecto dudosa (100%),True,0.979,2,0.182,0.1192,1.0
T10_d25_152_a_5.jpg,T10_152,5,revisar,area de defecto dudosa (100%),True,0.982,1,0.417,0.0202,1.0
T10_d25_152_b_5.jpg,T10_152,5,auto,,False,0.975,2,0.626,0.0466,0.0
T10_d25_156_a_5.jpg,T10_156,5,revisar,area de defecto dudosa (100%),True,0.982,3,0.161,0.0464,1.0
T10_d25_156_b_5.jpg,T10_156,5,revisar,area de defecto dudosa (100%),True,0.978,1,0.253,0.2209,1.0
T10_d25_165_a_5.jpg,T10_165,5,auto,,False,0.974,1,0.597,0.0409,0.0
T10_d25_165_b_5.jpg,T10_165,5,auto,,False,0.975,1,0.631,0.0411,0.0
T10_d25_166_a_5.jpg,T10_166,5,auto,,False,0.979,0,,0.0,0.0
T10_d25_166_b_5.jpg,T10_166,5,revisar,area de defecto dudosa (100%),True,0.981,2,0.386,0.0301,1.0
T10_d25_167_a_5.jpg,T10_167,5,revisar,area de defecto dudosa (100%),True,0.983,1,0.262,0.0052,1.0
T10_d25_167_b_5.jpg,T10_167,5,revisar,area de defecto dudosa (100%),True,0.976,2,0.155,0.0707,1.0
T10_d25_168_a_5.jpg,T10_168,5,revisar,area de defecto dudosa (100%),True,0.978,3,0.281,0.0748,1.0
T10_d25_168_b_5.jpg,T10_168,5,revisar,defecto rectangular; area de defecto dudosa (100%),True,0.977,3,0.169,0.171,1.0
T10_d25_172_a_5.jpg,T10_172,5,auto,,False,0.971,2,0.208,0.0577,0.402
T10_d25_172_b_5.jpg,T10_172,5,auto,,False,0.973,1,0.802,0.0485,0.0
T10_d25_181_a_5.jpg,T10_181,5,auto,,False,0.978,1,0.752,0.0297,0.0
T10_d25_181_b_5.jpg,T10_181,5,auto,,False,0.978,0,,0.0,0.0
T10_d25_193_a_5.jpg,T10_193,5,revisar,area de defecto dudosa (100%),True,0.979,2,0.204,0.8199,1.0
T10_d25_193_b_5.jpg,T10_193,5,auto,,False,0.981,0,,0.0,0.0
T10_d25_194_a_5.jpg,T10_194,5,revisar,area de defecto dudosa (100%),True,0.978,2,0.331,0.0787,0.995
T10_d25_194_b_5.jpg,T10_194,5,revisar,area de defecto dudosa (100%),True,0.98,3,0.151,0.2947,1.0
T10_d25_196_a_5.jpg,T10_196,5,auto,,False,0.981,0,,0.0,0.0
T10_d25_196_b_5.jpg,T10_196,5,revisar,area de defecto dudosa (100%),True,0.982,3,0.211,0.1289,1.0
T10_d25_202_a_5.jpg,T10_202,5,auto,,False,0.976,1,0.657,0.0236,0.0
T10_d25_202_b_5.jpg,T10_202,5,revisar,area de defecto dudosa (100%),True,0.974,3,0.15,0.0431,1.0
T10_d25_204_a_5.jpg,T10_204,5,auto,,True,0.981,0,,0.0,0.0
T10_d25_204_b_5.jpg,T10_204,5,revisar,area de defecto dudosa (100%),True,0.977,8,0.179,0.0889,1.0
T10_d25_206_a_5.jpg,T10_206,5,revisar,area de defecto dudosa (100%),True,0.977,3,0.229,0.0488,1.0
T10_d25_211_a_5.jpg,T10_211,5,auto,,False,0.98,1,0.712,0.0342,0.0
T10_d25_213_a_5.jpg,T10_213,5,auto,,False,0.977,0,,0.0,0.0
T10_d25_213_b_5.jpg,T10_213,5,revisar,area de defecto dudosa (100%),True,0.976,3,0.313,0.4664,1.0
T10_d25_217_a_5.jpg,T10_217,5,auto,,False,0.982,1,0.735,0.1103,0.0
T10_d25_217_b_5.jpg,T10_217,5,auto,,False,0.978,0,,0.0,0.0
T10_d25_227_a_5.jpg,T10_227,5,revisar,area de defecto dudosa (100%),True,0.979,1,0.49,0.0783,1.0
T10_d25_227_b_5.jpg,T10_227,5,auto,,False,0.978,0,,0.0,0.0
T10_d25_229_a_5.jpg,T10_229,5,auto,,False,0.982,1,0.798,0.1128,0.0
T10_d25_229_b_5.jpg,T10_229,5,auto,,False,0.978,0,,0.0,0.0
T10_d25_233_a_5.jpg,T10_233,5,revisar,area de defecto dudosa (100%),True,0.978,3,0.323,0.1558,1.0
T10_d25_233_b_5.jpg,T10_233,5,revisar,area de defecto dudosa (100%),True,0.977,2,0.196,0.0399,1.0
T10_d25_234_a_5.jpg,T10_234,5,auto,,False,0.977,1,0.647,0.0249,0.0
T10_d25_236_a_5.jpg,T10_236,5,revisar,area de defecto dudosa (100%),True,0.98,2,0.157,0.0685,1.0
T10_d25_236_b_5.jpg,T10_236,5,auto,,False,0.97,1,0.591,0.0782,0.0
T10_d25_237_a_5.jpg,T10_237,5,revisar,area de defecto dudosa (100%),True,0.975,4,0.203,0.4797,1.0
T10_d25_237_b_5.jpg,T10_237,5,revisar,area de defecto dudosa (100%),True,0.98,5,0.267,0.3609,1.0
T10_d25_243_b_5.jpg,T10_243,5,revisar,area de defecto dudosa (100%),True,0.979,1,0.427,0.432,1.0
T10_d25_250_a_5.jpg,T10_250,5,revisar,area de defecto dudosa (100%),True,0.981,4,0.156,0.0787,1.0
T10_d25_250_b_5.jpg,T10_250,5,revisar,area de defecto dudosa (100%),True,0.98,2,0.26,0.0947,1.0
T10_d25_262_a_5.jpg,T10_262,5,auto,,False,0.979,0,,0.0,0.0
T10_d25_262_b_5.jpg,T10_262,5,auto,,False,0.978,1,0.742,0.0415,0.0
T10_d25_269_a_5.jpg,T10_269,5,auto,,False,0.972,1,0.737,0.0841,0.0
T10_d25_269_b_5.jpg,T10_269,5,auto,,False,0.975,1,0.915,0.045,0.0
T10_d25_274_a_5.jpg,T10_274,5,auto,,False,0.98,0,,0.0,0.0
T10_d25_274_b_5.jpg,T10_274,5,auto,,False,0.977,1,0.519,0.2756,0.0
T10_d25_276_a_5.jpg,T10_276,5,revisar,area de defecto dudosa (100%),True,0.975,2,0.233,0.0656,1.0
T10_d25_276_b_5.jpg,T10_276,5,revisar,area de defecto dudosa (100%),True,0.98,7,0.165,0.1091,1.0
T10_d25_282_a_5.jpg,T10_282,5,revisar,area de defecto dudosa (100%),True,0.98,1,0.192,0.037,1.0
T10_d25_282_b_5.jpg,T10_282,5,auto,,False,0.974,1,0.5,0.0627,0.0
T10_d25_283_a_5.jpg,T10_283,5,revisar,area de defecto dudosa (100%),True,0.97,2,0.172,0.1336,1.0
T10_d25_283_b_5.jpg,T10_283,5,revisar,area de defecto dudosa (100%),True,0.98,3,0.176,0.144,1.0
T10_d25_284_b_5.jpg,T10_284,5,auto,,False,0.971,0,,0.0,0.0
T10_d25_290_a_5.jpg,T10_290,5,revisar,defecto rectangular; area de defecto dudosa (100%),True,0.977,3,0.236,0.6207,1.0
T10_d25_290_b_5.jpg,T10_290,5,revisar,area de defecto dudosa (100%),True,0.978,6,0.159,0.4165,1.0
T10_d25_294_a_5.jpg,T10_294,5,auto,,False,0.978,2,0.329,0.0567,0.239
T10_d25_294_b_5.jpg,T10_294,5,auto,,False,0.978,1,0.633,0.0751,0.0
T10_d25_295_a_5.jpg,T10_295,5,auto,,False,0.978,1,0.654,0.1096,0.0
T10_d25_295_b_5.jpg,T10_295,5,auto,,True,0.979,3,0.172,0.0461,0.478
T10_d25_296_a_5.jpg,T10_296,5,auto,,False,0.977,1,0.61,0.2588,0.0
T10_d25_296_b_5.jpg,T10_296,5,revisar,area de defecto dudosa (100%),True,0.979,1,0.266,0.3365,1.0
T10_d25_306_a_5.jpg,T10_306,5,auto,,False,0.98,0,,0.0,0.0
T10_d25_306_b_5.jpg,T10_306,5,auto,,False,0.977,0,,0.0,0.0
T10_d25_315_a_4.jpg,T10_315,4,auto,,False,0.977,0,,0.0,0.0
T10_d25_315_b_4.jpg,T10_315,4,revisar,area de defecto dudosa (100%),True,0.976,2,0.159,0.0467,1.0
T10_d25_326_a_5.jpg,T10_326,5,revisar,area de defecto dudosa (100%),True,0.981,3,0.214,0.0513,1.0
T10_d25_326_b_5.jpg,T10_326,5,revisar,area de defecto dudosa (100%),True,0.978,2,0.215,0.0457,1.0
T10_d25_327_a_5.jpg,T10_327,5,auto,,False,0.978,0,,0.0,0.0
T10_d25_327_b_5.jpg,T10_327,5,auto,,False,0.978,0,,0.0,0.0
T10_d25_328_a_5.jpg,T10_328,5,auto,,False,0.977,0,,0.0,0.0
T10_d25_328_b_5.jpg,T10_328,5,auto,,False,0.978,1,0.535,0.0202,0.0
T10_d25_330_a_4.jpg,T10_330,4,auto,,False,0.977,0,,0.0,0.0
T10_d25_330_b_4.jpg,T10_330,4,auto,,False,0.978,0,,0.0,0.0
T10_d25_333_a_5.jpg,T10_333,5,revisar,area de defecto dudosa (100%),True,0.98,2,0.38,0.0204,1.0
T10_d25_333_b_5.jpg,T10_333,5,revisar,area de defecto dudosa (100%),True,0.98,2,0.175,0.1024,0.996
T10_d25_336_a_5.jpg,T10_336,5,revisar,area de defecto dudosa (100%),True,0.979,2,0.222,0.588,1.0
T10_d25_336_b_5.jpg,T10_336,5,revisar,area de defecto dudosa (100%),True,0.982,5,0.21,0.7924,1.0
T10_d25_337_a_5.jpg,T10_337,5,auto,,False,0.976,0,,0.0,0.0
T10_d25_337_b_5.jpg,T10_337,5,revisar,area de defecto dudosa (100%),True,0.971,5,0.187,0.2684,1.0
T10_d25_338_a_5.jpg,T10_338,5,auto,,True,0.98,0,,0.0,0.0
T10_d25_338_b_5.jpg,T10_338,5,auto,,False,0.981,1,0.648,0.2405,0.0
T10_d25_349_a_5.jpg,T10_349,5,revisar,area de defecto dudosa (100%),True,0.981,1,0.232,0.0505,1.0
T10_d25_350_a_5.jpg,T10_350,5,auto,,False,0.978,1,0.88,0.0463,0.0
T10_d25_350_b_5.jpg,T10_350,5,auto,,False,0.978,0,,0.0,0.0
T10_d25_355_a_5.jpg,T10_355,5,revisar,area de defecto dudosa (100%),True,0.979,2,0.306,0.0389,1.0
T10_d25_355_b_5.jpg,T10_355,5,revisar,area de defecto dudosa (100%),True,0.981,1,0.221,0.1129,1.0
T10_d25_357_a_5.jpg,T10_357,5,revisar,area de defecto dudosa (99%),True,0.976,4,0.179,0.215,0.988
T10_d25_357_b_5.jpg,T10_357,5,revisar,area de defecto dudosa (100%),True,0.981,2,0.228,0.061,1.0
T10_d25_366_a_5.jpg,T10_366,5,auto,,False,0.978,1,0.851,0.0677,0.0
T10_d25_366_b_5.jpg,T10_366,5,revisar,area de defecto dudosa (100%),True,0.98,1,0.372,0.0231,1.0
T10_d25_367_a_5.jpg,T10_367,5,revisar,area de defecto dudosa (100%),True,0.979,2,0.187,0.1402,1.0
T10_d25_367_b_5.jpg,T10_367,5,revisar,area de defecto dudosa (100%),True,0.979,3,0.198,0.335,1.0
T10_d25_372_a_5.jpg,T10_372,5,revisar,area de defecto dudosa (100%),True,0.976,3,0.162,0.1433,1.0
T10_d25_372_b_5.jpg,T10_372,5,revisar,area de defecto dudosa (51%),True,0.975,3,0.328,0.0792,0.507
T10_d25_376_a_5.jpg,T10_376,5,revisar,area de defecto dudosa (89%),True,0.98,2,0.345,0.1257,0.886
T10_d25_376_b_5.jpg,T10_376,5,revisar,area de defecto dudosa (100%),True,0.976,3,0.181,0.013,1.0
T10_d25_377_a_5.jpg,T10_377,5,auto,,False,0.977,0,,0.0,0.0
T10_d25_377_b_5.jpg,T10_377,5,auto,,False,0.981,1,0.514,0.0377,0.0
T10_d25_381_a_5.jpg,T10_381,5,auto,,False,0.977,1,0.507,0.0101,0.0
T10_d25_381_b_5.jpg,T10_381,5,revisar,area de defecto dudosa (100%),True,0.978,2,0.331,0.0405,1.0
T10_d25_382_a_5.jpg,T10_382,5,auto,,False,0.981,2,0.305,0.1096,0.176
T10_d25_382_b_5.jpg,T10_382,5,revisar,area de defecto dudosa (88%),True,0.981,2,0.172,0.2054,0.879
T10_d25_387_a_5.jpg,T10_387,5,revisar,area de defecto dudosa (100%),True,0.981,2,0.157,0.4282,1.0
T10_d25_387_b_5.jpg,T10_387,5,revisar,area de defecto dudosa (100%),True,0.98,3,0.198,0.0936,1.0
T10_d25_400_a_5.jpg,T10_400,5,revisar,area de defecto dudosa (91%),True,0.976,5,0.175,0.1624,0.905
T10_d25_400_b_5.jpg,T10_400,5,revisar,area de defecto dudosa (100%),True,0.978,1,0.416,0.0466,1.0
T10_d25_401_a_5.jpg,T10_401,5,revisar,area de defecto dudosa (100%),True,0.977,1,0.243,0.1,1.0
T10_d25_401_b_5.jpg,T10_401,5,revisar,area de defecto dudosa (95%),True,0.975,2,0.154,0.1402,0.951
T10_d25_405_a_5.jpg,T10_405,5,auto,,False,0.976,1,0.676,0.0497,0.0
T10_d25_405_b_5.jpg,T10_405,5,revisar,area de defecto dudosa (100%),True,0.98,1,0.298,0.0095,1.0
T10_d25_408_a_5.jpg,T10_408,5,auto,,False,0.983,0,,0.0,0.0
T10_d25_408_b_5.jpg,T10_408,5,auto,,False,0.978,0,,0.0,0.0
T10_d25_410_a_5.jpg,T10_410,5,auto,,False,0.979,0,,0.0,0.0
T10_d25_410_b_5.jpg,T10_410,5,auto,,False,0.98,1,0.67,0.0633,0.0
T10_d25_413_a_5.jpg,T10_413,5,auto,,False,0.976,1,0.844,0.0596,0.0
T10_d25_413_b_5.jpg,T10_413,5,revisar,area de defecto dudosa (100%),True,0.976,1,0.174,0.1975,1.0
T10_d25_414_a_4.jpg,T10_414,4,auto,,False,0.975,1,0.808,0.2178,0.0
T10_d25_414_b_4.jpg,T10_414,4,revisar,area de defecto dudosa (100%),True,0.98,6,0.159,0.4889,1.0
T10_d25_415_b_5.jpg,T10_415,5,revisar,area de defecto dudosa (78%),True,0.981,4,0.21,0.1052,0.781
T10_d25_420_a_4.jpg,T10_420,4,revisar,area de defecto dudosa (100%),True,0.981,4,0.175,0.2141,1.0
T10_d25_420_b_4.jpg,T10_420,4,revisar,area de defecto dudosa (100%),True,0.98,1,0.15,0.0058,1.0
T10_d25_422_a_5.jpg,T10_422,5,auto,,False,0.978,1,0.826,0.0346,0.0
T10_d25_422_b_5.jpg,T10_422,5,auto,,False,0.978,1,0.612,0.0908,0.0
T10_d25_425_a_5.jpg,T10_425,5,auto,,False,0.981,0,,0.0,0.0
T10_d25_425_b_5.jpg,T10_425,5,auto,,True,0.981,0,,0.0,0.0
T10_d25_429_a_5.jpg,T10_429,5,auto,,False,0.976,0,,0.0,0.0
T10_d25_429_b_5.jpg,T10_429,5,revisar,area de defecto dudosa (100%),True,0.979,1,0.456,0.0476,1.0
T10_d25_442_a_4.jpg,T10_442,4,auto,,False,0.977,1,0.735,0.045,0.0
T10_d25_442_b_4.jpg,T10_442,4,auto,,False,0.977,1,0.684,0.0322,0.0
T10_d25_444_a_5.jpg,T10_444,5,auto,,False,0.976,0,,0.0,0.0
T10_d25_444_b_5.jpg,T10_444,5,auto,,False,0.976,0,,0.0,0.0
T10_d25_446_a_5.jpg,T10_446,5,auto,,False,0.98,0,,0.0,0.0
T10_d25_446_b_5.jpg,T10_446,5,auto,,False,0.979,1,0.733,0.0175,0.0
T10_d25_447_a_5.jpg,T10_447,5,auto,,False,0.981,1,0.713,0.0626,0.0
T10_d25_447_b_5.jpg,T10_447,5,revisar,area de defecto dudosa (100%),True,0.979,2,0.153,0.1043,1.0
T10_d25_448_a_5.jpg,T10_448,5,auto,,False,0.982,1,0.811,0.2037,0.0
T10_d25_448_b_5.jpg,T10_448,5,auto,,False,0.977,1,0.587,0.0242,0.0
T10_d25_449_a_5.jpg,T10_449,5,auto,,False,0.976,0,,0.0,0.0
T10_d25_449_b_5.jpg,T10_449,5,revisar,area de defecto dudosa (66%),True,0.974,5,0.203,0.1335,0.658
T10_d25_454_a_4.jpg,T10_454,4,auto,,False,0.979,0,,0.0,0.0
T10_d25_454_b_4.jpg,T10_454,4,auto,,False,0.978,2,0.632,0.0624,0.0
T10_d25_458_a_5.jpg,T10_458,5,auto,,False,0.979,0,,0.0,0.0
T10_d25_458_b_5.jpg,T10_458,5,revisar,area de defecto dudosa (100%),True,0.983,3,0.302,0.1155,1.0
T10_d25_459_a_5.jpg,T10_459,5,revisar,area de defecto dudosa (100%),True,0.979,1,0.259,0.3811,1.0
T10_d25_459_b_5.jpg,T10_459,5,auto,,False,0.98,0,,0.0,0.0
T10_d25_470_a_5.jpg,T10_470,5,revisar,area de defecto dudosa (100%),True,0.981,4,0.156,0.8795,1.0
T10_d25_470_b_5.jpg,T10_470,5,auto,,False,0.98,0,,0.0,0.0
T10_d25_475_a_5.jpg,T10_475,5,auto,,False,0.976,1,0.719,0.0517,0.0
T10_d25_475_b_5.jpg,T10_475,5,revisar,area de defecto dudosa (100%),True,0.974,6,0.16,0.2632,1.0
T10_d26_002_a_5.jpg,T10_002,5,auto,,False,0.975,0,,0.0,0.0
T10_d26_002_b_5.jpg,T10_002,5,revisar,area de defecto dudosa (100%),True,0.972,2,0.162,0.0643,1.0
T10_d26_003_a_5.jpg,T10_003,5,revisar,area de defecto dudosa (100%),True,0.979,1,0.44,0.2771,1.0
T10_d26_003_b_5.jpg,T10_003,5,revisar,area de defecto dudosa (100%),True,0.979,1,0.417,0.0349,1.0
T10_d26_007_a_5.jpg,T10_007,5,auto,,False,0.977,1,0.64,0.0728,0.0
T10_d26_007_b_5.jpg,T10_007,5,auto,,False,0.975,2,0.203,0.1115,0.08
T10_d26_011_a_5.jpg,T10_011,5,revisar,area de defecto dudosa (100%),True,0.975,2,0.171,0.1977,1.0
T10_d26_011_b_5.jpg,T10_011,5,revisar,area de defecto dudosa (100%),True,0.981,1,0.156,0.0117,1.0
T10_d26_013_a_5.jpg,T10_013,5,auto,,False,0.975,0,,0.0,0.0
T10_d26_013_b_5.jpg,T10_013,5,auto,,False,0.974,0,,0.0,0.0
T10_d26_021_a_5.jpg,T10_021,5,auto,,False,0.977,0,,0.0,0.0
T10_d26_021_b_5.jpg,T10_021,5,auto,,False,0.978,1,0.581,0.044,0.0
T10_d26_022_a_5.jpg,T10_022,5,auto,,False,0.98,0,,0.0,0.0
T10_d26_022_b_5.jpg,T10_022,5,revisar,area de defecto dudosa (100%),True,0.981,1,0.493,0.0601,1.0
T10_d26_026_a_5.jpg,T10_026,5,revisar,area de defecto dudosa (100%),True,0.973,2,0.2,0.3121,1.0
T10_d26_026_b_5.jpg,T10_026,5,revisar,area de defecto dudosa (100%),True,0.973,1,0.176,0.0121,1.0
T10_d26_034_a_5.jpg,T10_034,5,revisar,area de defecto dudosa (56%),True,0.982,3,0.155,0.2441,0.561
T10_d26_034_b_5.jpg,T10_034,5,auto,,False,0.982,2,0.163,0.3196,0.118
T10_d26_046_a_5.jpg,T10_046,5,revisar,area de defecto dudosa (100%),True,0.98,1,0.466,0.0224,1.0
T10_d26_046_b_5.jpg,T10_046,5,revisar,area de defecto dudosa (100%),True,0.979,5,0.152,0.132,0.999
T10_d26_047_b_5.jpg,T10_047,5,auto,,False,0.978,0,,0.0,0.0
T10_d26_048_a_5.jpg,T10_048,5,revisar,area de defecto dudosa (100%),True,0.977,1,0.307,0.0528,1.0
T10_d26_048_b_5.jpg,T10_048,5,auto,,False,0.977,0,,0.0,0.0
T10_d26_055_a_5.jpg,T10_055,5,auto,,False,0.98,1,0.71,0.0628,0.0
T10_d26_055_b_5.jpg,T10_055,5,auto,,False,0.98,1,0.648,0.0282,0.0
T10_d26_061_a_5.jpg,T10_061,5,revisar,area de defecto dudosa (100%),True,0.976,3,0.192,0.533,1.0
T10_d26_061_b_5.jpg,T10_061,5,auto,,False,0.973,0,,0.0,0.0
T10_d26_067_a_5.jpg,T10_067,5,revisar,area de defecto dudosa (100%),True,0.977,2,0.151,0.0148,1.0
T10_d26_067_b_5.jpg,T10_067,5,revisar,area de defecto dudosa (100%),True,0.976,2,0.249,0.2796,0.999
T10_d26_069_b_5.jpg,T10_069,5,revisar,area de defecto dudosa (100%),True,0.975,3,0.19,0.1266,1.0
T10_d26_083_a_5.jpg,T10_083,5,auto,,False,0.977,1,0.558,0.0678,0.0
T10_d26_083_b_5.jpg,T10_083,5,revisar,area de defecto dudosa (100%),True,0.98,1,0.369,0.0583,1.0
T10_d26_089_b_5.jpg,T10_089,5,revisar,area de defecto dudosa (78%),True,0.974,3,0.257,0.1173,0.777
T10_d26_093_b_5.jpg,T10_093,5,revisar,area de defecto dudosa (96%),True,0.979,2,0.297,0.077,0.955
T10_d26_094_a_5.jpg,T10_094,5,revisar,area de defecto dudosa (100%),True,0.979,2,0.388,0.2184,1.0
T10_d26_094_b_5.jpg,T10_094,5,revisar,area de defecto dudosa (100%),True,0.982,2,0.173,0.4242,1.0
T10_d26_096_a_4.jpg,T10_096,4,auto,,False,0.975,1,0.744,0.1541,0.0
T10_d26_096_b_4.jpg,T10_096,4,revisar,area de defecto dudosa (99%),True,0.978,3,0.23,0.0763,0.992
T10_d26_097_a_5.jpg,T10_097,5,auto,,False,0.98,1,0.718,0.0738,0.0
T10_d26_097_b_5.jpg,T10_097,5,revisar,defecto rectangular; area de defecto dudosa (100%),True,0.981,3,0.256,0.725,1.0
T10_d26_098_a_5.jpg,T10_098,5,auto,,False,0.981,0,,0.0,0.0
T10_d26_098_b_5.jpg,T10_098,5,revisar,area de defecto dudosa (100%),True,0.977,2,0.168,0.0256,1.0
T10_d26_099_a_5.jpg,T10_099,5,auto,,False,0.978,0,,0.0,0.0
T10_d26_099_b_5.jpg,T10_099,5,revisar,area de defecto dudosa (100%),True,0.98,1,0.266,0.0159,1.0
T10_d26_110_a_5.jpg,T10_110,5,auto,,False,0.98,0,,0.0,0.0
T10_d26_110_b_5.jpg,T10_110,5,revisar,area de defecto dudosa (100%),True,0.978,3,0.247,0.1007,1.0
T10_d26_113_a_5.jpg,T10_113,5,auto,,False,0.975,1,0.878,0.092,0.0
T10_d26_113_b_5.jpg,T10_113,5,revisar,area de defecto dudosa (100%),True,0.976,2,0.156,0.0239,1.0
T10_d26_118_a_5.jpg,T10_118,5,revisar,area de defecto dudosa (100%),True,0.977,2,0.18,0.3423,1.0
T10_d26_118_b_5.jpg,T10_118,5,auto,,False,0.976,0,,0.0,0.0
T10_d26_122_a_5.jpg,T10_122,5,revisar,area de defecto dudosa (100%),True,0.977,6,0.2,0.0682,1.0
T10_d26_122_b_5.jpg,T10_122,5,revisar,area de defecto dudosa (100%),True,0.976,1,0.5,0.0163,1.0
T10_d26_125_a_5.jpg,T10_125,5,auto,,False,0.981,0,,0.0,0.0
T10_d26_125_b_5.jpg,T10_125,5,auto,,False,0.979,0,,0.0,0.0
T10_d26_128_a_5.jpg,T10_128,5,revisar,area de defecto dudosa (100%),True,0.983,2,0.222,0.5997,1.0
T10_d26_128_b_5.jpg,T10_128,5,auto,,False,0.982,1,0.602,0.2912,0.0
T10_d26_129_a_5.jpg,T10_129,5,revisar,area de defecto dudosa (100%),True,0.98,1,0.376,0.0119,1.0
T10_d26_129_b_5.jpg,T10_129,5,auto,,False,0.98,2,0.413,0.0447,0.48
T10_d26_130_b_5.jpg,T10_130,5,revisar,area de defecto dudosa (100%),True,0.976,1,0.177,0.4763,1.0
T10_d26_131_b_5.jpg,T10_131,5,revisar,area de defecto dudosa (100%),True,0.978,1,0.304,0.0321,1.0
T10_d26_133_a_5.jpg,T10_133,5,revisar,area de defecto dudosa (100%),True,0.978,2,0.293,0.2385,0.998
T10_d26_133_b_5.jpg,T10_133,5,auto,,False,0.98,0,,0.0,0.0
T10_d26_138_a_5.jpg,T10_138,5,auto,,False,0.975,0,,0.0,0.0
T10_d26_138_b_5.jpg,T10_138,5,auto,,False,0.977,2,0.487,0.0666,0.479
T10_d26_145_a_5.jpg,T10_145,5,revisar,area de defecto dudosa (100%),True,0.979,3,0.34,0.3022,1.0
T10_d26_145_b_5.jpg,T10_145,5,revisar,area de defecto dudosa (100%),True,0.981,2,0.217,0.2007,1.0
T10_d26_149_a_5.jpg,T10_149,5,revisar,area de defecto dudosa (100%),True,0.975,2,0.264,0.6501,0.999
T10_d26_149_b_5.jpg,T10_149,5,revisar,area de defecto dudosa (100%),True,0.976,2,0.185,0.2727,1.0
T10_d26_152_a_5.jpg,T10_152,5,auto,,False,0.981,1,0.563,0.0221,0.0
T10_d26_152_b_5.jpg,T10_152,5,revisar,area de defecto dudosa (100%),True,0.978,3,0.182,0.0365,1.0
T10_d26_156_a_5.jpg,T10_156,5,revisar,area de defecto dudosa (100%),True,0.979,2,0.35,0.0423,1.0
T10_d26_165_a_5.jpg,T10_165,5,auto,,False,0.979,1,0.632,0.047,0.0
T10_d26_165_b_5.jpg,T10_165,5,auto,,False,0.979,1,0.65,0.0401,0.0
T10_d26_166_a_5.jpg,T10_166,5,auto,,False,0.977,0,,0.0,0.0
T10_d26_166_b_5.jpg,T10_166,5,revisar,area de defecto dudosa (100%),True,0.979,3,0.19,0.151,1.0
T10_d26_167_a_5.jpg,T10_167,5,revisar,area de defecto dudosa (100%),True,0.982,2,0.215,0.01,1.0
T10_d26_168_a_5.jpg,T10_168,5,revisar,area de defecto dudosa (100%),True,0.977,3,0.182,0.1231,1.0
T10_d26_168_b_5.jpg,T10_168,5,revisar,area de defecto dudosa (100%),True,0.978,1,0.292,0.0663,1.0
T10_d26_172_a_5.jpg,T10_172,5,revisar,area de defecto dudosa (100%),True,0.976,2,0.205,0.062,1.0
T10_d26_172_b_5.jpg,T10_172,5,revisar,area de defecto dudosa (100%),True,0.975,2,0.187,0.0493,1.0
T10_d26_181_a_5.jpg,T10_181,5,auto,,False,0.977,1,0.751,0.03,0.0
T10_d26_181_b_5.jpg,T10_181,5,revisar,area de defecto dudosa (100%),True,0.977,1,0.227,0.017,1.0
T10_d26_193_a_5.jpg,T10_193,5,revisar,defecto rectangular; area de defecto dudosa (100%),True,0.982,4,0.195,0.8616,1.0
T10_d26_193_b_5.jpg,T10_193,5,auto,,False,0.979,0,,0.0,0.0
T10_d26_194_a_5.jpg,T10_194,5,revisar,area de defecto dudosa (99%),True,0.982,2,0.258,0.1168,0.987
T10_d26_194_b_5.jpg,T10_194,5,revisar,area de defecto dudosa (100%),True,0.975,5,0.179,0.5009,1.0
T10_d26_196_a_5.jpg,T10_196,5,auto,,False,0.974,0,,0.0,0.0
T10_d26_196_b_5.jpg,T10_196,5,revisar,area de defecto dudosa (100%),True,0.98,2,0.229,0.1094,1.0
T10_d26_202_a_5.jpg,T10_202,5,revisar,area de defecto dudosa (100%),True,0.976,2,0.249,0.0257,1.0
T10_d26_202_b_5.jpg,T10_202,5,revisar,area de defecto dudosa (100%),True,0.977,2,0.176,0.0754,1.0
T10_d26_206_a_5.jpg,T10_206,5,revisar,area de defecto dudosa (100%),True,0.977,1,0.399,0.0643,1.0
T10_d26_206_b_5.jpg,T10_206,5,revisar,area de defecto dudosa (100%),True,0.979,1,0.391,0.0087,1.0
T10_d26_211_a_5.jpg,T10_211,5,auto,,False,0.977,1,0.756,0.0433,0.0
T10_d26_211_b_5.jpg,T10_211,5,auto,,False,0.978,1,0.767,0.1583,0.0
T10_d26_213_a_5.jpg,T10_213,5,auto,,False,0.98,0,,0.0,0.0
T10_d26_213_b_5.jpg,T10_213,5,revisar,area de defecto dudosa (100%),True,0.978,3,0.193,0.4511,1.0
T10_d26_227_a_5.jpg,T10_227,5,revisar,area de defecto dudosa (100%),True,0.975,1,0.486,0.0714,1.0
T10_d26_227_b_5.jpg,T10_227,5,auto,,False,0.978,0,,0.0,0.0
T10_d26_229_a_5.jpg,T10_229,5,auto,,False,0.981,1,0.723,0.133,0.0
T10_d26_229_b_5.jpg,T10_229,5,auto,,False,0.976,0,,0.0,0.0
T10_d26_233_b_5.jpg,T10_233,5,revisar,area de defecto dudosa (100%),True,0.981,2,0.174,0.0322,1.0
T10_d26_234_a_5.jpg,T10_234,5,revisar,area de defecto dudosa (100%),True,0.975,2,0.156,0.0352,1.0
T10_d26_234_b_5.jpg,T10_234,5,revisar,area de defecto dudosa (81%),True,0.974,2,0.232,0.099,0.813
T10_d26_236_a_5.jpg,T10_236,5,revisar,area de defecto dudosa (100%),True,0.977,2,0.164,0.0382,1.0
T10_d26_236_b_5.jpg,T10_236,5,auto,,False,0.966,1,0.592,0.08,0.0
T10_d26_237_a_5.jpg,T10_237,5,revisar,area de defecto dudosa (100%),True,0.98,2,0.158,0.1553,0.999
T10_d26_243_a_5.jpg,T10_243,5,auto,,False,0.98,0,,0.0,0.0
T10_d26_243_b_5.jpg,T10_243,5,revisar,area de defecto dudosa (100%),True,0.98,1,0.427,0.3556,1.0
T10_d26_250_a_5.jpg,T10_250,5,revisar,area de defecto dudosa (100%),True,0.98,3,0.172,0.0543,1.0
T10_d26_250_b_5.jpg,T10_250,5,revisar,area de defecto dudosa (100%),True,0.98,2,0.256,0.1134,1.0
T10_d26_262_a_5.jpg,T10_262,5,auto,,False,0.978,0,,0.0,0.0
T10_d26_262_b_5.jpg,T10_262,5,revisar,area de defecto dudosa (100%),True,0.98,1,0.403,0.0303,1.0
T10_d26_269_a_5.jpg,T10_269,5,auto,,False,0.973,1,0.713,0.0843,0.0
T10_d26_274_a_5.jpg,T10_274,5,auto,,True,0.98,0,,0.0,0.0
T10_d26_274_b_5.jpg,T10_274,5,auto,,True,0.979,1,0.577,0.2609,0.0
T10_d26_276_a_5.jpg,T10_276,5,revisar,area de defecto dudosa (100%),True,0.977,3,0.152,0.0712,1.0
T10_d26_276_b_5.jpg,T10_276,5,revisar,area de defecto dudosa (100%),True,0.98,6,0.165,0.1,1.0
T10_d26_282_a_5.jpg,T10_282,5,revisar,area de defecto dudosa (100%),True,0.98,1,0.192,0.0459,1.0
T10_d26_282_b_5.jpg,T10_282,5,revisar,area de defecto dudosa (100%),True,0.98,1,0.434,0.074,1.0
T10_d26_283_a_5.jpg,T10_283,5,revisar,area de defecto dudosa (100%),True,0.978,3,0.187,0.1242,1.0
T10_d26_283_b_5.jpg,T10_283,5,revisar,area de defecto dudosa (100%),True,0.978,3,0.17,0.2673,1.0
T10_d26_284_a_5.jpg,T10_284,5,auto,,False,0.969,0,,0.0,0.0
T10_d26_284_b_5.jpg,T10_284,5,auto,,False,0.975,0,,0.0,0.0
T10_d26_290_a_5.jpg,T10_290,5,revisar,defecto rectangular; area de defecto dudosa (100%),True,0.976,5,0.179,0.818,1.0
T10_d26_290_b_5.jpg,T10_290,5,revisar,area de defecto dudosa (100%),True,0.982,6,0.184,0.2,1.0
T10_d26_294_a_5.jpg,T10_294,5,auto,,False,0.977,2,0.231,0.0528,0.271
T10_d26_294_b_5.jpg,T10_294,5,auto,,False,0.977,3,0.169,0.1268,0.128
T10_d26_295_a_5.jpg,T10_295,5,auto,,False,0.981,1,0.715,0.0912,0.0
T10_d26_295_b_5.jpg,T10_295,5,revisar,area de defecto dudosa (56%),True,0.982,3,0.189,0.0667,0.564
T10_d26_296_a_5.jpg,T10_296,5,auto,,False,0.978,1,0.593,0.2289,0.0
T10_d26_296_b_5.jpg,T10_296,5,auto,,False,0.979,0,,0.0,0.0
T10_d26_306_a_5.jpg,T10_306,5,auto,,False,0.975,0,,0.0,0.0
T10_d26_306_b_5.jpg,T10_306,5,revisar,area de defecto dudosa (100%),True,0.979,1,0.18,0.0109,1.0
T10_d26_326_a_5.jpg,T10_326,5,revisar,area de defecto dudosa (100%),True,0.977,3,0.224,0.0518,1.0
T10_d26_326_b_5.jpg,T10_326,5,revisar,area de defecto dudosa (100%),True,0.982,4,0.173,0.2291,1.0
T10_d26_327_a_5.jpg,T10_327,5,auto,,False,0.976,0,,0.0,0.0
T10_d26_327_b_5.jpg,T10_327,5,auto,,False,0.978,0,,0.0,0.0
T10_d26_328_a_5.jpg,T10_328,5,auto,,False,0.98,0,,0.0,0.0
T10_d26_328_b_5.jpg,T10_328,5,auto,,False,0.98,1,0.62,0.0205,0.0
T10_d26_330_b_5.jpg,T10_330,5,auto,,False,0.977,0,,0.0,0.0
T10_d26_333_a_5.jpg,T10_333,5,revisar,area de defecto dudosa (96%),True,0.979,2,0.233,0.0201,0.959
T10_d26_333_b_5.jpg,T10_333,5,revisar,area de defecto dudosa (100%),True,0.98,2,0.186,0.1484,1.0
T10_d26_336_a_5.jpg,T10_336,5,revisar,area de defecto dudosa (100%),True,0.977,2,0.241,0.6583,1.0
T10_d26_336_b_5.jpg,T10_336,5,revisar,area de defecto dudosa (100%),True,0.981,4,0.185,0.7056,1.0
T10_d26_337_a_5.jpg,T10_337,5,auto,,False,0.976,0,,0.0,0.0
T10_d26_337_b_5.jpg,T10_337,5,revisar,area de defecto dudosa (100%),True,0.974,4,0.178,0.2949,1.0
T10_d26_349_a_5.jpg,T10_349,5,revisar,area de defecto dudosa (100%),True,0.979,1,0.366,0.0566,1.0
T10_d26_349_b_5.jpg,T10_349,5,auto,,False,0.977,0,,0.0,0.0
T10_d26_350_a_5.jpg,T10_350,5,auto,,False,0.977,1,0.876,0.0454,0.0
T10_d26_350_b_5.jpg,T10_350,5,auto,,False,0.975,0,,0.0,0.0
T10_d26_355_a_5.jpg,T10_355,5,revisar,area de defecto dudosa (100%),True,0.983,2,0.216,0.0375,1.0
T10_d26_355_b_5.jpg,T10_355,5,auto,,False,0.98,0,,0.0,0.0
T10_d26_357_a_5.jpg,T10_357,5,revisar,area de defecto dudosa (100%),True,0.979,3,0.241,0.2184,0.997
T10_d26_357_b_5.jpg,T10_357,5,auto,,False,0.978,1,0.682,0.0527,0.0
T10_d26_366_a_5.jpg,T10_366,5,auto,,False,0.978,1,0.842,0.0735,0.0
T10_d26_366_b_5.jpg,T10_366,5,revisar,area de defecto dudosa (100%),True,0.981,1,0.449,0.0242,1.0
T10_d26_367_a_5.jpg,T10_367,5,revisar,area de defecto dudosa (100%),True,0.979,2,0.226,0.2372,1.0
T10_d26_367_b_5.jpg,T10_367,5,revisar,area de defecto dudosa (100%),True,0.978,3,0.163,0.1113,1.0
T10_d26_372_a_5.jpg,T10_372,5,revisar,area de defecto dudosa (100%),True,0.979,4,0.158,0.1492,1.0
T10_d26_372_b_5.jpg,T10_372,5,auto,,False,0.979,2,0.557,0.0688,0.0
T10_d26_376_a_5.jpg,T10_376,5,auto,,False,0.975,1,0.611,0.1778,0.0
T10_d26_376_b_5.jpg,T10_376,5,revisar,area de defecto dudosa (100%),True,0.977,2,0.208,0.0144,1.0
T10_d26_377_a_5.jpg,T10_377,5,auto,,False,0.979,0,,0.0,0.0
T10_d26_377_b_5.jpg,T10_377,5,auto,,False,0.973,1,0.61,0.0402,0.0
T10_d26_381_a_5.jpg,T10_381,5,auto,,False,0.973,0,,0.0,0.0
T10_d26_381_b_5.jpg,T10_381,5,revisar,area de defecto dudosa (51%),True,0.977,2,0.308,0.051,0.51
T10_d26_382_a_5.jpg,T10_382,5,auto,,False,0.975,2,0.217,0.1233,0.139
T10_d26_382_b_5.jpg,T10_382,5,auto,,False,0.975,1,0.566,0.1131,0.0
T10_d26_387_a_5.jpg,T10_387,5,revisar,area de defecto dudosa (100%),True,0.976,2,0.158,0.4028,1.0
T10_d26_387_b_5.jpg,T10_387,5,revisar,area de defecto dudosa (100%),True,0.979,3,0.201,0.141,1.0
T10_d26_400_a_5.jpg,T10_400,5,revisar,area de defecto dudosa (90%),True,0.978,4,0.212,0.1451,0.896
T10_d26_400_b_5.jpg,T10_400,5,revisar,area de defecto dudosa (100%),True,0.978,2,0.263,0.1033,1.0
T10_d26_401_a_5.jpg,T10_401,5,auto,,False,0.979,0,,0.0,0.0
T10_d26_401_b_5.jpg,T10_401,5,revisar,area de defecto dudosa (100%),True,0.975,3,0.204,0.1425,1.0
T10_d26_405_a_5.jpg,T10_405,5,revisar,area de defecto dudosa (100%),True,0.978,2,0.303,0.0584,1.0
T10_d26_405_b_5.jpg,T10_405,5,auto,,False,0.979,0,,0.0,0.0
T10_d26_408_a_5.jpg,T10_408,5,auto,,False,0.979,0,,0.0,0.0
T10_d26_408_b_5.jpg,T10_408,5,auto,,False,0.975,0,,0.0,0.0
T10_d26_410_a_5.jpg,T10_410,5,auto,,False,0.977,1,0.527,0.0196,0.0
T10_d26_410_b_5.jpg,T10_410,5,auto,,False,0.979,1,0.579,0.0619,0.0
T10_d26_413_a_5.jpg,T10_413,5,auto,,False,0.976,1,0.836,0.0591,0.0
T10_d26_413_b_5.jpg,T10_413,5,auto,,False,0.976,1,0.82,0.0319,0.0
T10_d26_415_a_5.jpg,T10_415,5,auto,,False,0.976,0,,0.0,0.0
T10_d26_415_b_5.jpg,T10_415,5,revisar,area de defecto dudosa (92%),True,0.974,5,0.191,0.0767,0.922
T10_d26_420_a_5.jpg,T10_420,5,revisar,area de defecto dudosa (100%),True,0.981,6,0.159,0.5263,1.0
T10_d26_420_b_5.jpg,T10_420,5,revisar,area de defecto dudosa (100%),True,0.981,2,0.222,0.0165,1.0
T10_d26_422_a_5.jpg,T10_422,5,auto,,False,0.979,1,0.703,0.054,0.0
T10_d26_422_b_5.jpg,T10_422,5,revisar,area de defecto dudosa (97%),True,0.978,2,0.206,0.1146,0.968
T10_d26_425_a_5.jpg,T10_425,5,auto,,False,0.977,0,,0.0,0.0
T10_d26_425_b_5.jpg,T10_425,5,auto,,False,0.98,0,,0.0,0.0
T10_d26_429_b_5.jpg,T10_429,5,revisar,area de defecto dudosa (87%),True,0.977,4,0.236,0.3598,0.865
T10_d26_442_a_4.jpg,T10_442,4,auto,,False,0.976,1,0.717,0.0436,0.0
T10_d26_442_b_4.jpg,T10_442,4,auto,,False,0.979,1,0.671,0.0254,0.0
T10_d26_444_a_5.jpg,T10_444,5,auto,,False,0.978,0,,0.0,0.0
T10_d26_445_a_5.jpg,T10_445,5,revisar,area de defecto dudosa (100%),True,0.981,1,0.219,0.0077,1.0
T10_d26_445_b_5.jpg,T10_445,5,revisar,area de defecto dudosa (100%),True,0.977,1,0.414,0.0155,1.0
T10_d26_446_b_5.jpg,T10_446,5,auto,,False,0.975,2,0.159,0.0649,0.424
T10_d26_447_a_5.jpg,T10_447,5,auto,,False,0.978,1,0.724,0.0525,0.0
T10_d26_447_b_5.jpg,T10_447,5,revisar,area de defecto dudosa (100%),True,0.978,1,0.479,0.0655,1.0
T10_d26_448_a_5.jpg,T10_448,5,auto,,False,0.98,1,0.644,0.2703,0.0
T10_d26_448_b_5.jpg,T10_448,5,revisar,area de defecto dudosa (100%),True,0.976,1,0.251,0.028,1.0
T10_d26_449_a_5.jpg,T10_449,5,auto,,False,0.981,0,,0.0,0.0
T10_d26_449_b_5.jpg,T10_449,5,revisar,area de defecto dudosa (59%),True,0.977,4,0.17,0.1298,0.594
T10_d26_454_a_5.jpg,T10_454,5,revisar,area de defecto dudosa (100%),True,0.975,1,0.19,0.0073,1.0
T10_d26_454_b_5.jpg,T10_454,5,revisar,area de defecto dudosa (100%),True,0.98,2,0.174,0.0617,1.0
T10_d26_458_a_5.jpg,T10_458,5,auto,,False,0.978,0,,0.0,0.0
T10_d26_458_b_5.jpg,T10_458,5,revisar,area de defecto dudosa (100%),True,0.982,2,0.319,0.1279,1.0
T10_d26_459_a_5.jpg,T10_459,5,revisar,area de defecto dudosa (100%),True,0.976,1,0.173,0.4329,1.0
T10_d26_459_b_5.jpg,T10_459,5,revisar,area de defecto dudosa (100%),True,0.974,1,0.189,0.0269,1.0
T10_d26_470_b_5.jpg,T10_470,5,auto,,False,0.98,0,,0.0,0.0
T10_d26_475_a_5.jpg,T10_475,5,revisar,area de defecto dudosa (100%),True,0.977,2,0.152,0.0956,0.997
T10_d26_475_b_5.jpg,T10_475,5,revisar,area de defecto dudosa (100%),True,0.973,4,0.159,0.2117,1.0
T20_d01_001_a_1.jpg,T20_001,1,revisar,area de defecto dudosa (100%),True,0.98,2,0.151,0.1037,1.0
T20_d01_001_b_1.jpg,T20_001,1,revisar,area de defecto dudosa (100%),True,0.979,2,0.21,0.2563,1.0
T20_d01_004_a_1.jpg,T20_004,1,revisar,area de defecto dudosa (100%),True,0.98,1,0.169,0.0178,1.0
T20_d01_004_b_1.jpg,T20_004,1,revisar,area de defecto dudosa (100%),True,0.982,2,0.444,0.1437,1.0
T20_d01_005_a_1.jpg,T20_005,1,revisar,area de defecto dudosa (100%),True,0.975,1,0.416,0.1302,1.0
T20_d01_005_b_1.jpg,T20_005,1,auto,,False,0.978,1,0.671,0.0119,0.0
T20_d01_008_a_1.jpg,T20_008,1,auto,,False,0.978,0,,0.0,0.0
T20_d01_008_b_1.jpg,T20_008,1,revisar,area de defecto dudosa (100%),True,0.98,1,0.328,0.0765,1.0
T20_d01_023_a_1.jpg,T20_023,1,auto,,False,0.977,0,,0.0,0.0
T20_d01_023_b_1.jpg,T20_023,1,auto,,False,0.977,3,0.169,0.0357,0.361
T20_d01_025_b_1.jpg,T20_025,1,revisar,defecto rectangular; area de defecto dudosa (100%),True,0.979,3,0.221,0.3581,1.0
T20_d01_029_a_1.jpg,T20_029,1,auto,,False,0.979,0,,0.0,0.0
T20_d01_029_b_1.jpg,T20_029,1,revisar,area de defecto dudosa (100%),True,0.978,3,0.206,0.1299,1.0
T20_d01_031_a_1.jpg,T20_031,1,revisar,area de defecto dudosa (100%),True,0.981,3,0.165,0.537,1.0
T20_d01_031_b_1.jpg,T20_031,1,revisar,area de defecto dudosa (100%),True,0.979,3,0.213,0.0884,1.0
T20_d01_032_a_1.jpg,T20_032,1,revisar,area de defecto dudosa (100%),True,0.981,1,0.267,0.0452,1.0
T20_d01_032_b_1.jpg,T20_032,1,revisar,area de defecto dudosa (89%),True,0.979,4,0.153,0.1319,0.886
T20_d01_036_a_1.jpg,T20_036,1,auto,,False,0.979,1,0.552,0.1011,0.0
T20_d01_036_b_1.jpg,T20_036,1,revisar,area de defecto dudosa (100%),True,0.978,2,0.284,0.0326,1.0
T20_d01_040_b_1.jpg,T20_040,1,revisar,area de defecto dudosa (100%),True,0.979,2,0.22,0.1441,1.0
T20_d01_042_a_1.jpg,T20_042,1,revisar,area de defecto dudosa (100%),True,0.975,2,0.201,0.0699,1.0
T20_d01_042_b_1.jpg,T20_042,1,revisar,area de defecto dudosa (100%),True,0.975,6,0.176,0.0673,1.0
T20_d01_049_a_1.jpg,T20_049,1,revisar,area de defecto dudosa (100%),True,0.978,2,0.182,0.297,1.0
T20_d01_049_b_1.jpg,T20_049,1,auto,,True,0.979,0,,0.0,0.0
T20_d01_050_a_1.jpg,T20_050,1,revisar,area de defecto dudosa (100%),True,0.979,2,0.25,0.1263,1.0
T20_d01_050_b_1.jpg,T20_050,1,auto,,False,0.977,0,,0.0,0.0
T20_d01_060_a_1.jpg,T20_060,1,auto,,False,0.979,3,0.16,0.0654,0.4
T20_d01_060_b_1.jpg,T20_060,1,auto,,True,0.98,0,,0.0,0.0
T20_d01_071_a_1.jpg,T20_071,1,revisar,area de defecto dudosa (100%),True,0.978,2,0.19,0.2242,1.0
T20_d01_071_b_1.jpg,T20_071,1,revisar,area de defecto dudosa (100%),True,0.974,2,0.356,0.1511,1.0
T20_d01_076_a_1.jpg,T20_076,1,auto,,False,0.977,1,0.822,0.1402,0.0
T20_d01_076_b_1.jpg,T20_076,1,revisar,area de defecto dudosa (100%),True,0.979,1,0.276,0.0294,1.0
T20_d01_081_a_1.jpg,T20_081,1,revisar,area de defecto dudosa (100%),True,0.977,1,0.158,0.154,1.0
T20_d01_081_b_1.jpg,T20_081,1,revisar,area de defecto dudosa (100%),True,0.977,4,0.174,0.2308,1.0
T20_d01_082_a_1.jpg,T20_082,1,revisar,area de defecto dudosa (100%),True,0.982,1,0.309,0.0787,1.0
T20_d01_082_b_1.jpg,T20_082,1,revisar,area de defecto dudosa (100%),True,0.983,1,0.279,0.0142,1.0
T20_d01_084_a_1.jpg,T20_084,1,auto,,False,0.981,0,,0.0,0.0
T20_d01_084_b_1.jpg,T20_084,1,revisar,area de defecto dudosa (100%),True,0.979,7,0.171,0.7886,1.0
T20_d01_090_a_1.jpg,T20_090,1,revisar,area de defecto dudosa (100%),True,0.982,2,0.242,0.1582,1.0
T20_d01_091_b_1.jpg,T20_091,1,revisar,area de defecto dudosa (100%),True,0.979,3,0.152,0.1537,1.0
T20_d01_095_a_1.jpg,T20_095,1,revisar,area de defecto dudosa (71%),True,0.978,3,0.194,0.4952,0.713
T20_d01_095_b_1.jpg,T20_095,1,revisar,area de defecto dudosa (100%),True,0.978,2,0.196,0.2816,1.0
T20_d01_101_a_1.jpg,T20_101,1,auto,,False,0.975,0,,0.0,0.0
T20_d01_101_b_1.jpg,T20_101,1,auto,,False,0.978,0,,0.0,0.0
T20_d01_103_a_1.jpg,T20_103,1,revisar,area de defecto dudosa (100%),True,0.979,2,0.268,0.2813,1.0
T20_d01_103_b_1.jpg,T20_103,1,revisar,area de defecto dudosa (100%),True,0.979,3,0.161,0.2573,1.0
T20_d01_106_a_1.jpg,T20_106,1,auto,,False,0.974,1,0.672,0.1173,0.0
T20_d01_106_b_1.jpg,T20_106,1,revisar,area de defecto dudosa (100%),True,0.976,1,0.222,0.0268,1.0
T20_d01_107_a_1.jpg,T20_107,1,auto,,False,0.978,1,0.926,0.1487,0.0
T20_d01_107_b_1.jpg,T20_107,1,auto,,True,0.982,0,,0.0,0.0
T20_d01_112_a_1.jpg,T20_112,1,revisar,area de defecto dudosa (100%),True,0.978,1,0.343,0.0256,1.0
T20_d01_112_b_1.jpg,T20_112,1,auto,,False,0.981,1,0.715,0.06,0.0
T20_d01_114_a_1.jpg,T20_114,1,auto,,False,0.981,0,,0.0,0.0
T20_d01_115_a_1.jpg,T20_115,1,auto,,False,0.978,1,0.779,0.1665,0.0
T20_d01_115_b_1.jpg,T20_115,1,auto,,False,0.978,1,0.548,0.0506,0.0
T20_d01_116_a_1.jpg,T20_116,1,revisar,area de defecto dudosa (100%),True,0.979,1,0.175,0.426,1.0
T20_d01_116_b_1.jpg,T20_116,1,revisar,area de defecto dudosa (100%),True,0.979,1,0.234,0.0272,1.0
T20_d01_123_a_1.jpg,T20_123,1,revisar,area de defecto dudosa (100%),True,0.976,1,0.314,0.0156,1.0
T20_d01_123_b_1.jpg,T20_123,1,revisar,area de defecto dudosa (100%),True,0.977,4,0.163,0.5098,1.0
T20_d01_127_a_1.jpg,T20_127,1,revisar,area de defecto dudosa (100%),True,0.973,2,0.348,0.1709,1.0
T20_d01_127_b_1.jpg,T20_127,1,revisar,area de defecto dudosa (100%),True,0.974,1,0.244,0.1438,1.0
T20_d01_132_a_1.jpg,T20_132,1,revisar,area de defecto dudosa (100%),True,0.978,2,0.251,0.1335,0.998
T20_d01_132_b_1.jpg,T20_132,1,revisar,area de defecto dudosa (100%),True,0.977,3,0.232,0.0579,1.0
T20_d01_137_a_1.jpg,T20_137,1,revisar,area de defecto dudosa (100%),True,0.981,1,0.204,0.0313,1.0
T20_d01_137_b_1.jpg,T20_137,1,auto,,False,0.978,1,0.737,0.0555,0.0
T20_d01_143_a_1.jpg,T20_143,1,revisar,area de defecto dudosa (100%),True,0.976,2,0.187,0.0783,1.0
T20_d01_143_b_1.jpg,T20_143,1,revisar,area de defecto dudosa (98%),True,0.973,4,0.151,0.2209,0.975
T20_d01_146_a_1.jpg,T20_146,1,auto,,False,0.979,1,0.625,0.0184,0.0
T20_d01_146_b_1.jpg,T20_146,1,auto,,True,0.976,1,0.7,0.1395,0.0
T20_d01_150_a_1.jpg,T20_150,1,revisar,area de defecto dudosa (100%),True,0.978,3,0.168,0.0471,1.0
T20_d01_150_b_1.jpg,T20_150,1,auto,,False,0.981,0,,0.0,0.0
T20_d01_155_a_1.jpg,T20_155,1,revisar,area de defecto dudosa (100%),True,0.983,1,0.26,0.1674,1.0
T20_d01_155_b_1.jpg,T20_155,1,revisar,area de defecto dudosa (100%),True,0.977,1,0.416,0.1541,1.0
T20_d01_170_a_1.jpg,T20_170,1,auto,,False,0.98,1,0.915,0.0659,0.0
T20_d01_170_b_1.jpg,T20_170,1,revisar,area de defecto dudosa (100%),True,0.982,1,0.259,0.0206,1.0
T20_d01_174_a_1.jpg,T20_174,1,auto,,False,0.978,1,0.633,0.0368,0.0
T20_d01_174_b_1.jpg,T20_174,1,revisar,area de defecto dudosa (100%),True,0.977,2,0.285,0.0678,1.0
T20_d01_177_a_1.jpg,T20_177,1,auto,,False,0.971,1,0.55,0.2962,0.0
T20_d01_177_b_1.jpg,T20_177,1,auto,,False,0.981,0,,0.0,0.0
T20_d01_178_a_1.jpg,T20_178,1,auto,,False,0.981,0,,0.0,0.0
T20_d01_178_b_1.jpg,T20_178,1,revisar,area de defecto dudosa (99%),True,0.98,2,0.231,0.1006,0.988
T20_d01_183_a_1.jpg,T20_183,1,auto,,False,0.975,0,,0.0,0.0
T20_d01_183_b_1.jpg,T20_183,1,revisar,area de defecto dudosa (100%),True,0.975,1,0.156,0.1046,1.0
T20_d01_185_a_1.jpg,T20_185,1,auto,,False,0.978,0,,0.0,0.0
T20_d01_187_a_1.jpg,T20_187,1,auto,,False,0.977,0,,0.0,0.0
T20_d01_187_b_1.jpg,T20_187,1,auto,,False,0.975,1,0.669,0.0971,0.0
T20_d01_188_a_1.jpg,T20_188,1,auto,,False,0.97,1,0.609,0.0417,0.0
T20_d01_188_b_1.jpg,T20_188,1,revisar,area de defecto dudosa (100%),True,0.975,2,0.163,0.1538,1.0
T20_d01_192_a_1.jpg,T20_192,1,auto,,False,0.973,0,,0.0,0.0
T20_d01_192_b_1.jpg,T20_192,1,auto,,False,0.976,1,0.804,0.0687,0.0
T20_d01_212_a_1.jpg,T20_212,1,revisar,area de defecto dudosa (100%),True,0.98,1,0.188,0.0253,1.0
T20_d01_212_b_1.jpg,T20_212,1,revisar,area de defecto dudosa (100%),True,0.976,3,0.212,0.1701,1.0
T20_d01_214_b_1.jpg,T20_214,1,revisar,area de defecto dudosa (100%),True,0.978,2,0.186,0.0965,1.0
T20_d01_222_a_1.jpg,T20_222,1,revisar,area de defecto dudosa (99%),True,0.975,2,0.353,0.0523,0.988
T20_d01_225_a_1.jpg,T20_225,1,auto,,False,0.978,1,0.663,0.0984,0.0
T20_d01_225_b_1.jpg,T20_225,1,auto,,False,0.976,1,0.741,0.0747,0.0
T20_d01_226_a_1.jpg,T20_226,1,auto,,False,0.981,0,,0.0,0.0
T20_d01_226_b_1.jpg,T20_226,1,auto,,False,0.977,0,,0.0,0.0
T20_d01_232_a_1.jpg,T20_232,1,revisar,area de defecto dudosa (100%),True,0.98,1,0.274,0.0319,1.0
T20_d01_232_b_1.jpg,T20_232,1,auto,,False,0.976,0,,0.0,0.0
T20_d01_244_a_1.jpg,T20_244,1,revisar,area de defecto dudosa (100%),True,0.976,1,0.296,0.041,1.0
T20_d01_255_a_1.jpg,T20_255,1,revisar,area de defecto dudosa (72%),True,0.978,4,0.314,0.1695,0.719
T20_d01_256_a_1.jpg,T20_256,1,auto,,False,0.979,1,0.79,0.1344,0.0
T20_d01_256_b_1.jpg,T20_256,1,auto,,False,0.98,0,,0.0,0.0
T20_d01_258_a_1.jpg,T20_258,1,auto,,False,0.979,2,0.174,0.0538,0.401
T20_d01_258_b_1.jpg,T20_258,1,auto,,False,0.98,0,,0.0,0.0
T20_d01_259_a_1.jpg,T20_259,1,revisar,area de defecto dudosa (100%),True,0.973,3,0.273,0.2043,1.0
T20_d01_259_b_1.jpg,T20_259,1,revisar,area de defecto dudosa (100%),True,0.978,3,0.155,0.4183,1.0
T20_d01_260_a_1.jpg,T20_260,1,revisar,area de defecto dudosa (100%),True,0.982,2,0.253,0.0581,1.0
T20_d01_260_b_1.jpg,T20_260,1,auto,,False,0.981,0,,0.0,0.0
T20_d01_263_a_1.jpg,T20_263,1,auto,,False,0.982,0,,0.0,0.0
T20_d01_263_b_1.jpg,T20_263,1,revisar,area de defecto dudosa (100%),True,0.98,2,0.159,0.1566,1.0
T20_d01_265_a_1.jpg,T20_265,1,revisar,area de defecto dudosa (100%),True,0.973,1,0.169,0.0207,1.0
T20_d01_267_b_1.jpg,T20_267,1,auto,,False,0.98,1,0.672,0.1408,0.0
T20_d01_268_a_1.jpg,T20_268,1,revisar,area de defecto dudosa (100%),True,0.981,6,0.151,0.7529,1.0
T20_d01_268_b_1.jpg,T20_268,1,auto,,False,0.978,1,0.719,0.1071,0.0
T20_d01_272_a_1.jpg,T20_272,1,auto,,False,0.978,0,,0.0,0.0
T20_d01_272_b_1.jpg,T20_272,1,revisar,area de defecto dudosa (100%),True,0.976,1,0.157,0.1417,1.0
T20_d01_277_a_1.jpg,T20_277,1,revisar,area de defecto dudosa (100%),True,0.981,5,0.224,0.3663,1.0
T20_d01_277_b_1.jpg,T20_277,1,revisar,area de defecto dudosa (100%),True,0.979,3,0.358,0.1865,1.0
T20_d01_287_a_1.jpg,T20_287,1,auto,,False,0.976,1,0.57,0.0578,0.0
T20_d01_287_b_1.jpg,T20_287,1,auto,,False,0.98,0,,0.0,0.0
T20_d01_288_a_1.jpg,T20_288,1,auto,,False,0.979,0,,0.0,0.0
T20_d01_288_b_1.jpg,T20_288,1,revisar,area de defecto dudosa (100%),True,0.978,2,0.297,0.1017,1.0
T20_d01_293_a_1.jpg,T20_293,1,revisar,area de defecto dudosa (100%),True,0.983,1,0.257,0.0458,1.0
T20_d01_293_b_1.jpg,T20_293,1,revisar,area de defecto dudosa (100%),True,0.981,2,0.218,0.1847,1.0
T20_d01_300_a_1.jpg,T20_300,1,revisar,area de defecto dudosa (100%),True,0.981,3,0.169,0.3078,1.0
T20_d01_305_a_1.jpg,T20_305,1,auto,,False,0.983,0,,0.0,0.0
T20_d01_305_b_1.jpg,T20_305,1,auto,,True,0.982,0,,0.0,0.0
T20_d01_311_a_1.jpg,T20_311,1,revisar,area de defecto dudosa (100%),True,0.975,2,0.153,0.2507,1.0
T20_d01_311_b_1.jpg,T20_311,1,revisar,area de defecto dudosa (100%),True,0.974,2,0.17,0.1001,1.0
T20_d01_316_a_1.jpg,T20_316,1,revisar,area de defecto dudosa (100%),True,0.979,2,0.269,0.0693,1.0
T20_d01_316_b_1.jpg,T20_316,1,auto,,False,0.975,1,0.659,0.0802,0.0
T20_d01_322_a_1.jpg,T20_322,1,auto,,False,0.978,0,,0.0,0.0
T20_d01_324_a_1.jpg,T20_324,1,revisar,area de defecto dudosa (100%),True,0.975,1,0.164,0.4888,1.0
T20_d01_324_b_1.jpg,T20_324,1,auto,,True,0.979,0,,0.0,0.0
T20_d01_332_a_1.jpg,T20_332,1,revisar,area de defecto dudosa (100%),True,0.98,1,0.5,0.2056,1.0
T20_d01_332_b_1.jpg,T20_332,1,revisar,area de defecto dudosa (98%),True,0.982,2,0.231,0.303,0.98
T20_d01_346_a_1.jpg,T20_346,1,revisar,area de defecto dudosa (100%),True,0.98,2,0.152,0.2712,1.0
T20_d01_346_b_1.jpg,T20_346,1,revisar,area de defecto dudosa (100%),True,0.978,2,0.254,0.1067,1.0
T20_d01_347_a_1.jpg,T20_347,1,auto,,False,0.982,1,0.684,0.122,0.0
T20_d01_347_b_1.jpg,T20_347,1,revisar,area de defecto dudosa (100%),True,0.981,2,0.221,0.051,1.0
T20_d01_352_a_1.jpg,T20_352,1,revisar,area de defecto dudosa (100%),True,0.982,6,0.171,0.5755,1.0
T20_d01_352_b_1.jpg,T20_352,1,auto,,False,0.979,0,,0.0,0.0
T20_d01_354_a_1.jpg,T20_354,1,revisar,area de defecto dudosa (100%),True,0.977,3,0.152,0.197,1.0
T20_d01_354_b_1.jpg,T20_354,1,revisar,area de defecto dudosa (100%),True,0.977,1,0.375,0.3168,1.0
T20_d01_361_a_1.jpg,T20_361,1,revisar,area de defecto dudosa (100%),True,0.981,3,0.178,0.4454,1.0
T20_d01_361_b_1.jpg,T20_361,1,revisar,area de defecto dudosa (100%),True,0.978,3,0.305,0.0648,0.999
T20_d01_369_a_1.jpg,T20_369,1,auto,,False,0.979,1,0.807,0.2196,0.0
T20_d01_369_b_1.jpg,T20_369,1,auto,,False,0.976,1,0.562,0.1421,0.0
T20_d01_378_a_1.jpg,T20_378,1,auto,,False,0.982,1,0.825,0.0706,0.0
T20_d01_384_a_1.jpg,T20_384,1,auto,,False,0.979,1,0.802,0.1304,0.0
T20_d01_384_b_1.jpg,T20_384,1,revisar,area de defecto dudosa (100%),True,0.98,1,0.331,0.0621,1.0
T20_d01_386_a_1.jpg,T20_386,1,revisar,area de defecto dudosa (100%),True,0.98,3,0.175,0.2882,1.0
T20_d01_386_b_1.jpg,T20_386,1,auto,,False,0.98,0,,0.0,0.0
T20_d01_388_a_1.jpg,T20_388,1,auto,,False,0.978,2,0.215,0.045,0.259
T20_d01_388_b_1.jpg,T20_388,1,revisar,area de defecto dudosa (100%),True,0.975,4,0.18,0.6435,1.0
T20_d01_389_a_1.jpg,T20_389,1,revisar,area de defecto dudosa (100%),True,0.977,3,0.267,0.1791,1.0
T20_d01_389_b_1.jpg,T20_389,1,auto,,False,0.979,1,0.867,0.1323,0.0
T20_d01_390_a_1.jpg,T20_390,1,auto,,False,0.974,1,0.663,0.166,0.0
T20_d01_390_b_1.jpg,T20_390,1,revisar,area de defecto dudosa (81%),True,0.978,3,0.262,0.2735,0.814
T20_d01_391_a_1.jpg,T20_391,1,auto,,False,0.98,1,0.513,0.0219,0.0
T20_d01_394_a_1.jpg,T20_394,1,auto,,False,0.978,1,0.809,0.0195,0.0
T20_d01_394_b_1.jpg,T20_394,1,revisar,area de defecto dudosa (99%),True,0.976,2,0.349,0.0534,0.994
T20_d01_409_a_1.jpg,T20_409,1,auto,,False,0.981,0,,0.0,0.0
T20_d01_409_b_1.jpg,T20_409,1,auto,,False,0.98,1,0.791,0.1281,0.0
T20_d01_412_a_1.jpg,T20_412,1,revisar,area de defecto dudosa (100%),True,0.98,1,0.206,0.0249,1.0
T20_d01_412_b_1.jpg,T20_412,1,auto,,False,0.975,1,0.773,0.1372,0.0
T20_d01_421_a_1.jpg,T20_421,1,auto,,False,0.975,1,0.771,0.0465,0.0
T20_d01_421_b_1.jpg,T20_421,1,revisar,area de defecto dudosa (100%),True,0.978,3,0.283,0.0602,1.0
T20_d01_423_a_1.jpg,T20_423,1,revisar,area de defecto dudosa (100%),True,0.978,4,0.212,0.0817,1.0
T20_d01_423_b_1.jpg,T20_423,1,revisar,area de defecto dudosa (100%),True,0.98,1,0.332,0.0156,1.0
T20_d01_426_a_1.jpg,T20_426,1,revisar,area de defecto dudosa (100%),True,0.977,3,0.204,0.0981,1.0
T20_d01_426_b_1.jpg,T20_426,1,revisar,area de defecto dudosa (100%),True,0.982,2,0.232,0.092,1.0
T20_d01_431_a_1.jpg,T20_431,1,auto,,False,0.977,2,0.66,0.074,0.0
T20_d01_435_a_1.jpg,T20_435,1,auto,,True,0.976,2,0.174,0.0624,0.418
T20_d01_435_b_1.jpg,T20_435,1,revisar,area de defecto dudosa (100%),True,0.979,1,0.183,0.0515,1.0
T20_d01_438_a_1.jpg,T20_438,1,revisar,area de defecto dudosa (100%),True,0.979,1,0.305,0.0147,1.0
T20_d01_438_b_1.jpg,T20_438,1,auto,,False,0.98,0,,0.0,0.0
T20_d01_439_a_1.jpg,T20_439,1,auto,,False,0.981,0,,0.0,0.0
T20_d01_439_b_1.jpg,T20_439,1,auto,,False,0.975,1,0.789,0.1964,0.0
T20_d01_440_a_1.jpg,T20_440,1,revisar,area de defecto dudosa (100%),True,0.977,4,0.161,0.1727,1.0
T20_d01_440_b_1.jpg,T20_440,1,auto,,False,0.979,1,0.748,0.0548,0.0
T20_d01_443_a_1.jpg,T20_443,1,auto,,False,0.979,0,,0.0,0.0
T20_d01_443_b_1.jpg,T20_443,1,revisar,area de defecto dudosa (100%),True,0.973,3,0.233,0.0891,1.0
T20_d01_455_a_1.jpg,T20_455,1,revisar,area de defecto dudosa (100%),True,0.98,2,0.169,0.0378,1.0
T20_d01_455_b_1.jpg,T20_455,1,revisar,area de defecto dudosa (99%),True,0.98,2,0.382,0.1366,0.993
T20_d01_461_a_1.jpg,T20_461,1,revisar,area de defecto dudosa (100%),True,0.981,6,0.173,0.4601,1.0
T20_d01_461_b_1.jpg,T20_461,1,auto,,False,0.977,1,0.704,0.088,0.0
T20_d01_463_a_1.jpg,T20_463,1,auto,,False,0.979,0,,0.0,0.0
T20_d01_464_a_1.jpg,T20_464,1,auto,,False,0.978,0,,0.0,0.0
T20_d01_464_b_1.jpg,T20_464,1,auto,,False,0.981,0,,0.0,0.0
T20_d01_469_a_1.jpg,T20_469,1,revisar,area de defecto dudosa (100%),True,0.979,1,0.313,0.0373,1.0
T20_d01_469_b_1.jpg,T20_469,1,revisar,area de defecto dudosa (59%),True,0.977,2,0.177,0.1058,0.586
T20_d01_477_a_1.jpg,T20_477,1,revisar,area de defecto dudosa (100%),True,0.981,2,0.356,0.15,1.0
T20_d01_477_b_1.jpg,T20_477,1,auto,,False,0.98,1,0.654,0.0911,0.0
T20_d02_001_a_1.jpg,T20_001,1,auto,,False,0.978,0,,0.0,0.0
T20_d02_001_b_1.jpg,T20_001,1,revisar,area de defecto dudosa (100%),True,0.978,2,0.18,0.3434,1.0
T20_d02_004_a_2.jpg,T20_004,2,auto,,False,0.98,0,,0.0,0.0
T20_d02_004_b_2.jpg,T20_004,2,revisar,area de defecto dudosa (95%),True,0.978,3,0.292,0.1508,0.946
T20_d02_005_a_1.jpg,T20_005,1,revisar,area de defecto dudosa (100%),True,0.975,1,0.353,0.0267,1.0
T20_d02_005_b_1.jpg,T20_005,1,revisar,area de defecto dudosa (100%),True,0.975,2,0.228,0.0352,1.0
T20_d02_008_a_1.jpg,T20_008,1,auto,,False,0.977,1,0.549,0.0264,0.0
T20_d02_008_b_1.jpg,T20_008,1,revisar,area de defecto dudosa (87%),True,0.981,3,0.19,0.1572,0.873
T20_d02_023_a_1.jpg,T20_023,1,auto,,False,0.976,0,,0.0,0.0
T20_d02_023_b_1.jpg,T20_023,1,revisar,area de defecto dudosa (100%),True,0.975,2,0.243,0.0405,1.0
T20_d02_025_a_1.jpg,T20_025,1,revisar,area de defecto dudosa (100%),True,0.977,1,0.211,0.0179,1.0
T20_d02_025_b_1.jpg,T20_025,1,revisar,area de defecto dudosa (100%),True,0.979,3,0.169,0.4153,1.0
T20_d02_029_a_1.jpg,T20_029,1,auto,,False,0.978,0,,0.0,0.0
T20_d02_031_a_1.jpg,T20_031,1,revisar,area de defecto dudosa (100%),True,0.98,1,0.394,0.1644,1.0
T20_d02_031_b_1.jpg,T20_031,1,revisar,area de defecto dudosa (100%),True,0.982,2,0.208,0.3844,1.0
T20_d02_032_a_2.jpg,T20_032,2,revisar,area de defecto dudosa (100%),True,0.98,1,0.284,0.0445,1.0
T20_d02_032_b_2.jpg,T20_032,2,auto,,False,0.979,2,0.186,0.119,0.089
T20_d02_036_a_1.jpg,T20_036,1,revisar,area de defecto dudosa (82%),True,0.979,3,0.156,0.2574,0.821
T20_d02_036_b_1.jpg,T20_036,1,auto,,False,0.978,4,0.19,0.0673,0.448
T20_d02_040_a_1.jpg,T20_040,1,revisar,area de defecto dudosa (100%),True,0.978,1,0.242,0.0076,1.0
T20_d02_040_b_1.jpg,T20_040,1,auto,,True,0.979,1,0.767,0.0783,0.0
T20_d02_042_a_2.jpg,T20_042,2,revisar,area de defecto dudosa (100%),True,0.973,2,0.198,0.0689,1.0
T20_d02_049_a_1.jpg,T20_049,1,revisar,area de defecto dudosa (100%),True,0.978,2,0.17,0.1394,1.0
T20_d02_050_a_2.jpg,T20_050,2,revisar,area de defecto dudosa (100%),True,0.978,1,0.484,0.0333,1.0
T20_d02_050_b_2.jpg,T20_050,2,revisar,area de defecto dudosa (100%),True,0.972,3,0.179,0.1192,1.0
T20_d02_060_a_2.jpg,T20_060,2,revisar,area de defecto dudosa (64%),True,0.978,3,0.267,0.0483,0.64
T20_d02_060_b_2.jpg,T20_060,2,revisar,area de defecto dudosa (90%),True,0.974,2,0.155,0.0161,0.898
T20_d02_071_a_1.jpg,T20_071,1,revisar,area de defecto dudosa (100%),True,0.978,3,0.169,0.2407,1.0
T20_d02_071_b_1.jpg,T20_071,1,revisar,area de defecto dudosa (98%),True,0.972,2,0.32,0.1538,0.984
T20_d02_076_a_1.jpg,T20_076,1,auto,,False,0.98,1,0.821,0.1437,0.0
T20_d02_076_b_1.jpg,T20_076,1,revisar,area de defecto dudosa (100%),True,0.98,1,0.408,0.0306,1.0
T20_d02_084_b_2.jpg,T20_084,2,revisar,area de defecto dudosa (100%),True,0.981,4,0.171,0.355,1.0
T20_d02_090_a_1.jpg,T20_090,1,revisar,area de defecto dudosa (100%),True,0.982,2,0.228,0.0839,1.0
T20_d02_090_b_1.jpg,T20_090,1,revisar,area de defecto dudosa (100%),True,0.981,2,0.228,0.1129,1.0
T20_d02_095_b_2.jpg,T20_095,2,revisar,area de defecto dudosa (100%),True,0.977,2,0.203,0.1122,1.0
T20_d02_101_a_1.jpg,T20_101,1,auto,,False,0.979,0,,0.0,0.0
T20_d02_101_b_1.jpg,T20_101,1,revisar,area de defecto dudosa (100%),True,0.978,2,0.184,0.0513,1.0
T20_d02_103_b_1.jpg,T20_103,1,revisar,area de defecto dudosa (97%),True,0.978,2,0.354,0.0547,0.967
T20_d02_106_b_1.jpg,T20_106,1,revisar,area de defecto dudosa (100%),True,0.981,3,0.221,0.2763,1.0
T20_d02_107_a_2.jpg,T20_107,2,auto,,False,0.975,1,0.903,0.1443,0.0
T20_d02_107_b_2.jpg,T20_107,2,revisar,area de defecto dudosa (100%),True,0.983,1,0.201,0.0619,1.0
T20_d02_112_a_1.jpg,T20_112,1,auto,,False,0.978,0,,0.0,0.0
T20_d02_112_b_1.jpg,T20_112,1,revisar,area de defecto dudosa (100%),True,0.98,2,0.152,0.121,1.0
T20_d02_114_a_1.jpg,T20_114,1,auto,,False,0.982,0,,0.0,0.0
T20_d02_114_b_1.jpg,T20_114,1,revisar,area de defecto dudosa (100%),True,0.982,2,0.234,0.0272,1.0
T20_d02_115_b_1.jpg,T20_115,1,revisar,area de defecto dudosa (100%),True,0.977,1,0.199,0.0298,1.0
T20_d02_116_a_1.jpg,T20_116,1,auto,,False,0.977,1,0.741,0.129,0.0
T20_d02_116_b_1.jpg,T20_116,1,auto,,False,0.977,1,0.517,0.0524,0.0
T20_d02_123_a_2.jpg,T20_123,2,revisar,area de defecto dudosa (100%),True,0.977,2,0.282,0.0347,1.0
T20_d02_123_b_2.jpg,T20_123,2,revisar,area de defecto dudosa (100%),True,0.979,2,0.217,0.2141,1.0
T20_d02_137_a_1.jpg,T20_137,1,revisar,area de defecto dudosa (100%),True,0.979,2,0.173,0.0661,1.0
T20_d02_143_a_2.jpg,T20_143,2,revisar,area de defecto dudosa (100%),True,0.974,5,0.153,0.1792,1.0
T20_d02_143_b_2.jpg,T20_143,2,revisar,area de defecto dudosa (95%),True,0.975,3,0.192,0.2013,0.949
T20_d02_146_a_2.jpg,T20_146,2,revisar,area de defecto dudosa (100%),True,0.98,2,0.184,0.1456,1.0
T20_d02_146_b_2.jpg,T20_146,2,revisar,area de defecto dudosa (100%),True,0.981,1,0.409,0.063,1.0
T20_d02_150_a_2.jpg,T20_150,2,revisar,area de defecto dudosa (100%),True,0.977,3,0.18,0.4184,1.0
T20_d02_150_b_2.jpg,T20_150,2,revisar,area de defecto dudosa (100%),True,0.974,2,0.192,0.0169,1.0
T20_d02_155_a_1.jpg,T20_155,1,revisar,area de defecto dudosa (100%),True,0.979,2,0.175,0.2132,1.0
T20_d02_155_b_1.jpg,T20_155,1,revisar,area de defecto dudosa (100%),True,0.98,4,0.192,0.088,1.0
T20_d02_170_a_2.jpg,T20_170,2,auto,,False,0.98,1,0.904,0.0812,0.0
T20_d02_170_b_2.jpg,T20_170,2,revisar,area de defecto dudosa (100%),True,0.982,2,0.255,0.0467,1.0
T20_d02_174_b_2.jpg,T20_174,2,auto,,False,0.976,0,,0.0,0.0
T20_d02_177_a_1.jpg,T20_177,1,revisar,area de defecto dudosa (100%),True,0.98,2,0.178,0.0587,1.0
T20_d02_177_b_1.jpg,T20_177,1,revisar,area de defecto dudosa (100%),True,0.976,1,0.218,0.0466,1.0
T20_d02_178_a_1.jpg,T20_178,1,auto,,False,0.979,1,0.521,0.2968,0.0
T20_d02_178_b_1.jpg,T20_178,1,auto,,False,0.983,0,,0.0,0.0
T20_d02_183_a_2.jpg,T20_183,2,revisar,area de defecto dudosa (100%),True,0.978,2,0.162,0.1273,1.0
T20_d02_183_b_2.jpg,T20_183,2,revisar,area de defecto dudosa (100%),True,0.976,1,0.175,0.0223,1.0
T20_d02_185_a_1.jpg,T20_185,1,auto,,False,0.978,0,,0.0,0.0
T20_d02_185_b_1.jpg,T20_185,1,revisar,area de defecto dudosa (98%),True,0.978,2,0.428,0.0978,0.984
T20_d02_187_b_1.jpg,T20_187,1,auto,,False,0.975,2,0.535,0.1048,0.0
T20_d02_188_a_2.jpg,T20_188,2,auto,,False,0.971,1,0.558,0.0878,0.0
T20_d02_188_b_2.jpg,T20_188,2,auto,,False,0.973,0,,0.0,0.0
T20_d02_192_a_1.jpg,T20_192,1,auto,,False,0.978,0,,0.0,0.0
T20_d02_192_b_1.jpg,T20_192,1,auto,,False,0.977,1,0.869,0.0642,0.0
T20_d02_212_a_1.jpg,T20_212,1,revisar,area de defecto dudosa (100%),True,0.982,1,0.312,0.0228,1.0
T20_d02_212_b_1.jpg,T20_212,1,auto,,False,0.974,1,0.741,0.1637,0.0
T20_d02_214_a_1.jpg,T20_214,1,revisar,area de defecto dudosa (100%),True,0.978,1,0.197,0.102,1.0
T20_d02_214_b_1.jpg,T20_214,1,revisar,area de defecto dudosa (100%),True,0.981,4,0.153,0.1404,1.0
T20_d02_222_a_1.jpg,T20_222,1,auto,,False,0.979,0,,0.0,0.0
T20_d02_222_b_1.jpg,T20_222,1,revisar,area de defecto dudosa (83%),True,0.978,3,0.247,0.2267,0.833
T20_d02_225_a_1.jpg,T20_225,1,revisar,area de defecto dudosa (100%),True,0.971,3,0.269,0.0635,1.0
T20_d02_225_b_1.jpg,T20_225,1,auto,,False,0.974,0,,0.0,0.0
T20_d02_226_a_2.jpg,T20_226,2,auto,,False,0.981,0,,0.0,0.0
T20_d02_232_a_1.jpg,T20_232,1,revisar,area de defecto dudosa (100%),True,0.98,1,0.386,0.0318,1.0
T20_d02_232_b_1.jpg,T20_232,1,auto,,False,0.98,0,,0.0,0.0
T20_d02_244_a_1.jpg,T20_244,1,revisar,area de defecto dudosa (100%),True,0.974,3,0.172,0.077,1.0
T20_d02_244_b_1.jpg,T20_244,1,revisar,area de defecto dudosa (100%),True,0.978,5,0.153,0.2639,1.0
T20_d02_255_a_1.jpg,T20_255,1,revisar,area de defecto dudosa (100%),True,0.982,1,0.267,0.0267,1.0
T20_d02_255_b_1.jpg,T20_255,1,auto,,False,0.981,0,,0.0,0.0
T20_d02_256_a_1.jpg,T20_256,1,auto,,False,0.976,1,0.758,0.1904,0.0
T20_d02_256_b_1.jpg,T20_256,1,revisar,area de defecto dudosa (100%),True,0.975,1,0.167,0.0432,1.0
T20_d02_258_a_2.jpg,T20_258,2,revisar,area de defecto dudosa (73%),True,0.977,4,0.289,0.1817,0.732
T20_d02_258_b_2.jpg,T20_258,2,auto,,False,0.973,0,,0.0,0.0
T20_d02_259_a_2.jpg,T20_259,2,revisar,area de defecto dudosa (100%),True,0.98,3,0.34,0.2404,1.0
T20_d02_259_b_2.jpg,T20_259,2,revisar,area de defecto dudosa (100%),True,0.974,3,0.212,0.4892,1.0
T20_d02_260_a_1.jpg,T20_260,1,revisar,area de defecto dudosa (100%),True,0.976,2,0.28,0.0697,0.999
T20_d02_260_b_1.jpg,T20_260,1,auto,,False,0.977,0,,0.0,0.0
T20_d02_263_b_1.jpg,T20_263,1,auto,,False,0.979,0,,0.0,0.0
T20_d02_265_a_1.jpg,T20_265,1,auto,,False,0.974,0,,0.0,0.0
T20_d02_265_b_1.jpg,T20_265,1,revisar,area de defecto dudosa (100%),True,0.976,2,0.283,0.2925,1.0
T20_d02_267_a_2.jpg,T20_267,2,auto,,False,0.982,0,,0.0,0.0
T20_d02_267_b_2.jpg,T20_267,2,auto,,False,0.977,1,0.602,0.1376,0.0
T20_d02_268_a_1.jpg,T20_268,1,auto,,False,0.981,1,0.69,0.0241,0.0
T20_d02_268_b_1.jpg,T20_268,1,revisar,area de defecto dudosa (100%),True,0.979,4,0.22,0.2186,1.0
T20_d02_272_a_1.jpg,T20_272,1,revisar,area de defecto dudosa (100%),True,0.978,2,0.153,0.2717,1.0
T20_d02_272_b_1.jpg,T20_272,1,revisar,area de defecto dudosa (100%),True,0.977,3,0.24,0.3526,1.0
T20_d02_277_a_1.jpg,T20_277,1,revisar,area de defecto dudosa (100%),True,0.981,5,0.18,0.2638,1.0
T20_d02_277_b_1.jpg,T20_277,1,revisar,area de defecto dudosa (100%),True,0.982,3,0.164,0.1072,1.0
T20_d02_287_a_2.jpg,T20_287,2,revisar,defecto rectangular; area de defecto dudosa (100%),True,0.98,6,0.173,0.6247,1.0
T20_d02_287_b_2.jpg,T20_287,2,auto,,False,0.979,1,0.675,0.105,0.0
T20_d02_288_a_1.jpg,T20_288,1,auto,,False,0.98,0,,0.0,0.0
T20_d02_288_b_1.jpg,T20_288,1,revisar,area de defecto dudosa (84%),True,0.978,5,0.219,0.356,0.843
T20_d02_293_a_2.jpg,T20_293,2,auto,,False,0.978,0,,0.0,0.0
T20_d02_293_b_2.jpg,T20_293,2,auto,,False,0.976,1,0.715,0.1625,0.0
T20_d02_300_a_1.jpg,T20_300,1,revisar,area de defecto dudosa (100%),True,0.979,2,0.176,0.0406,1.0
T20_d02_300_b_1.jpg,T20_300,1,revisar,defecto rectangular; area de defecto dudosa (100%),True,0.98,5,0.166,0.407,1.0
T20_d02_305_a_1.jpg,T20_305,1,auto,,False,0.98,0,,0.0,0.0
T20_d02_305_b_1.jpg,T20_305,1,auto,,False,0.98,0,,0.0,0.0
T20_d02_311_a_1.jpg,T20_311,1,revisar,area de defecto dudosa (100%),True,0.976,3,0.307,0.1308,1.0
T20_d02_316_a_2.jpg,T20_316,2,auto,,False,0.981,1,0.571,0.1086,0.0
T20_d02_316_b_2.jpg,T20_316,2,auto,,False,0.982,1,0.8,0.0297,0.0
T20_d02_322_a_1.jpg,T20_322,1,revisar,area de defecto dudosa (88%),True,0.978,4,0.154,0.1736,0.876
T20_d02_322_b_1.jpg,T20_322,1,revisar,area de defecto dudosa (100%),True,0.98,3,0.168,0.3901,1.0
T20_d02_324_a_1.jpg,T20_324,1,revisar,area de defecto dudosa (100%),True,0.977,1,0.41,0.0267,1.0
T20_d02_324_b_1.jpg,T20_324,1,revisar,area de defecto dudosa (100%),True,0.977,2,0.212,0.1127,0.999
T20_d02_332_a_1.jpg,T20_332,1,auto,,False,0.979,1,0.617,0.1775,0.0
T20_d02_332_b_1.jpg,T20_332,1,revisar,area de defecto dudosa (98%),True,0.978,2,0.334,0.367,0.983
T20_d02_346_a_2.jpg,T20_346,2,revisar,area de defecto dudosa (100%),True,0.98,2,0.252,0.307,1.0
T20_d02_346_b_2.jpg,T20_346,2,revisar,area de defecto dudosa (100%),True,0.977,1,0.385,0.108,1.0
T20_d02_347_a_1.jpg,T20_347,1,revisar,area de defecto dudosa (100%),True,0.977,2,0.201,0.0814,1.0
T20_d02_347_b_1.jpg,T20_347,1,revisar,area de defecto dudosa (100%),True,0.978,5,0.19,0.3881,1.0
T20_d02_352_a_1.jpg,T20_352,1,revisar,area de defecto dudosa (100%),True,0.979,4,0.156,0.7931,1.0
T20_d02_352_b_1.jpg,T20_352,1,auto,,False,0.981,0,,0.0,0.0
T20_d02_354_a_2.jpg,T20_354,2,revisar,area de defecto dudosa (100%),True,0.982,1,0.159,0.026,1.0
T20_d02_354_b_2.jpg,T20_354,2,revisar,area de defecto dudosa (100%),True,0.981,2,0.165,0.3033,1.0
T20_d02_361_a_2.jpg,T20_361,2,revisar,area de defecto dudosa (100%),True,0.98,1,0.336,0.4333,1.0
T20_d02_361_b_2.jpg,T20_361,2,revisar,area de defecto dudosa (100%),True,0.981,2,0.198,0.0636,0.999
T20_d02_369_a_1.jpg,T20_369,1,revisar,area de defecto dudosa (100%),True,0.981,2,0.487,0.1186,1.0
T20_d02_369_b_1.jpg,T20_369,1,revisar,area de defecto dudosa (100%),True,0.977,3,0.176,0.09,1.0
T20_d02_378_a_1.jpg,T20_378,1,auto,,False,0.981,1,0.816,0.2409,0.0
T20_d02_378_b_1.jpg,T20_378,1,revisar,area de defecto dudosa (100%),True,0.979,1,0.437,0.1149,1.0
T20_d02_384_a_1.jpg,T20_384,1,auto,,False,0.977,1,0.712,0.1373,0.0
T20_d02_384_b_1.jpg,T20_384,1,revisar,area de defecto dudosa (100%),True,0.982,2,0.219,0.1038,1.0
T20_d02_386_a_2.jpg,T20_386,2,auto,,False,0.98,1,0.744,0.0733,0.0
T20_d02_388_a_1.jpg,T20_388,1,revisar,area de defecto dudosa (100%),True,0.98,3,0.193,0.3252,1.0
T20_d02_388_b_1.jpg,T20_388,1,revisar,area de defecto dudosa (100%),True,0.98,1,0.494,0.0137,1.0
T20_d02_389_a_1.jpg,T20_389,1,revisar,area de defecto dudosa (100%),True,0.982,2,0.204,0.1685,1.0
T20_d02_389_b_1.jpg,T20_389,1,auto,,False,0.978,2,0.637,0.1462,0.0
T20_d02_390_a_1.jpg,T20_390,1,auto,,False,0.973,1,0.807,0.0476,0.0
T20_d02_390_b_1.jpg,T20_390,1,revisar,area de defecto dudosa (100%),True,0.976,3,0.326,0.1022,1.0
T20_d02_391_b_1.jpg,T20_391,1,revisar,area de defecto dudosa (100%),True,0.979,3,0.19,0.7669,1.0
T20_d02_394_a_2.jpg,T20_394,2,revisar,area de defecto dudosa (100%),True,0.979,3,0.193,0.0254,0.999
T20_d02_394_b_2.jpg,T20_394,2,auto,,False,0.978,0,,0.0,0.0
T20_d02_409_a_1.jpg,T20_409,1,auto,,False,0.981,0,,0.0,0.0
T20_d02_409_b_1.jpg,T20_409,1,auto,,False,0.979,1,0.605,0.07,0.0
T20_d02_412_a_2.jpg,T20_412,2,revisar,area de defecto dudosa (100%),True,0.977,1,0.208,0.0165,1.0
T20_d02_412_b_2.jpg,T20_412,2,auto,,False,0.972,1,0.807,0.1454,0.0
T20_d02_421_a_2.jpg,T20_421,2,auto,,False,0.981,1,0.86,0.0393,0.0
T20_d02_421_b_2.jpg,T20_421,2,auto,,False,0.977,2,0.622,0.0714,0.0
T20_d02_423_a_1.jpg,T20_423,1,revisar,area de defecto dudosa (100%),True,0.977,4,0.268,0.0599,0.996
T20_d02_423_b_1.jpg,T20_423,1,revisar,area de defecto dudosa (100%),True,0.98,1,0.258,0.2617,1.0
T20_d02_431_a_2.jpg,T20_431,2,auto,,False,0.979,1,0.816,0.0447,0.0
T20_d02_431_b_2.jpg,T20_431,2,revisar,area de defecto dudosa (92%),True,0.981,2,0.181,0.1866,0.923
T20_d02_435_a_2.jpg,T20_435,2,auto,,False,0.977,1,0.585,0.0358,0.0
T20_d02_435_b_2.jpg,T20_435,2,revisar,area de defecto dudosa (100%),True,0.974,1,0.179,0.2072,1.0
T20_d02_438_a_1.jpg,T20_438,1,auto,,False,0.977,1,0.54,0.0482,0.0
T20_d02_438_b_1.jpg,T20_438,1,auto,,False,0.977,0,,0.0,0.0
T20_d02_439_a_1.jpg,T20_439,1,revisar,area de defecto dudosa (100%),True,0.978,1,0.166,0.2988,1.0
T20_d02_439_b_1.jpg,T20_439,1,auto,,False,0.978,1,0.778,0.1757,0.0
T20_d02_440_a_1.jpg,T20_440,1,revisar,area de defecto dudosa (100%),True,0.979,4,0.164,0.2627,1.0
T20_d02_440_b_1.jpg,T20_440,1,auto,,False,0.98,0,,0.0,0.0
T20_d02_443_a_1.jpg,T20_443,1,auto,,False,0.975,0,,0.0,0.0
T20_d02_443_b_1.jpg,T20_443,1,auto,,False,0.975,1,0.642,0.032,0.0
T20_d02_455_a_2.jpg,T20_455,2,revisar,area de defecto dudosa (100%),True,0.978,2,0.38,0.048,1.0
T20_d02_455_b_2.jpg,T20_455,2,auto,,False,0.978,1,0.683,0.132,0.0
T20_d02_461_a_1.jpg,T20_461,1,revisar,area de defecto dudosa (86%),True,0.978,3,0.21,0.3535,0.863
T20_d02_461_b_1.jpg,T20_461,1,revisar,area de defecto dudosa (96%),True,0.983,3,0.177,0.4742,0.964
T20_d02_463_a_1.jpg,T20_463,1,revisar,area de defecto dudosa (100%),True,0.978,4,0.184,0.1573,1.0
T20_d02_463_b_1.jpg,T20_463,1,revisar,area de defecto dudosa (100%),True,0.978,2,0.289,0.3403,1.0
T20_d02_464_a_2.jpg,T20_464,2,auto,,False,0.984,0,,0.0,0.0
T20_d02_464_b_2.jpg,T20_464,2,auto,,False,0.981,0,,0.0,0.0
T20_d02_469_a_1.jpg,T20_469,1,revisar,area de defecto dudosa (100%),True,0.979,1,0.202,0.1584,1.0
T20_d02_469_b_1.jpg,T20_469,1,revisar,area de defecto dudosa (100%),True,0.981,4,0.193,0.2502,1.0
T20_d02_477_a_1.jpg,T20_477,1,revisar,area de defecto dudosa (100%),True,0.98,2,0.16,0.1281,1.0
T20_d02_477_b_1.jpg,T20_477,1,auto,,False,0.971,1,0.579,0.088,0.0
T20_d03_001_a_2.jpg,T20_001,2,revisar,area de defecto dudosa (99%),True,0.98,2,0.153,0.031,0.995
T20_d03_001_b_2.jpg,T20_001,2,revisar,area de defecto dudosa (100%),True,0.98,1,0.168,0.0603,1.0
T20_d03_004_a_2.jpg,T20_004,2,revisar,area de defecto dudosa (100%),True,0.98,3,0.19,0.0671,1.0
T20_d03_004_b_2.jpg,T20_004,2,revisar,area de defecto dudosa (56%),True,0.981,2,0.303,0.034,0.564
T20_d03_005_a_2.jpg,T20_005,2,revisar,area de defecto dudosa (100%),True,0.973,2,0.292,0.1503,1.0
T20_d03_005_b_2.jpg,T20_005,2,revisar,area de defecto dudosa (100%),True,0.974,1,0.457,0.0133,1.0
T20_d03_008_a_2.jpg,T20_008,2,auto,,False,0.98,0,,0.0,0.0
T20_d03_008_b_2.jpg,T20_008,2,auto,,False,0.978,0,,0.0,0.0
T20_d03_023_a_2.jpg,T20_023,2,auto,,False,0.977,1,0.669,0.042,0.0
T20_d03_023_b_2.jpg,T20_023,2,auto,,False,0.977,1,0.822,0.0728,0.0
T20_d03_025_a_2.jpg,T20_025,2,revisar,area de defecto dudosa (100%),True,0.976,3,0.183,0.3968,1.0
T20_d03_025_b_2.jpg,T20_025,2,revisar,area de defecto dudosa (100%),True,0.979,3,0.16,0.0675,1.0
T20_d03_029_a_2.jpg,T20_029,2,revisar,area de defecto dudosa (100%),True,0.979,1,0.224,0.0588,1.0
T20_d03_029_b_2.jpg,T20_029,2,auto,,False,0.978,1,0.508,0.0585,0.0
T20_d03_031_a_2.jpg,T20_031,2,revisar,area de defecto dudosa (100%),True,0.979,3,0.152,0.392,1.0
T20_d03_031_b_2.jpg,T20_031,2,revisar,area de defecto dudosa (100%),True,0.981,1,0.317,0.1245,1.0
T20_d03_032_a_2.jpg,T20_032,2,auto,,False,0.982,1,0.565,0.0862,0.0
T20_d03_032_b_2.jpg,T20_032,2,auto,,False,0.982,0,,0.0,0.0
T20_d03_036_a_2.jpg,T20_036,2,revisar,area de defecto dudosa (100%),True,0.981,5,0.159,0.2177,1.0
T20_d03_036_b_2.jpg,T20_036,2,revisar,area de defecto dudosa (61%),True,0.98,2,0.42,0.0348,0.606
T20_d03_040_a_2.jpg,T20_040,2,auto,,False,0.982,1,0.703,0.1425,0.0
T20_d03_040_b_2.jpg,T20_040,2,revisar,area de defecto dudosa (100%),True,0.978,1,0.25,0.0097,1.0
T20_d03_042_a_2.jpg,T20_042,2,revisar,area de defecto dudosa (99%),True,0.976,2,0.408,0.0186,0.992
T20_d03_042_b_2.jpg,T20_042,2,auto,,False,0.97,0,,0.0,0.0
T20_d03_049_a_2.jpg,T20_049,2,revisar,area de defecto dudosa (100%),True,0.978,7,0.157,0.244,1.0
T20_d03_049_b_2.jpg,T20_049,2,auto,,False,0.977,0,,0.0,0.0
T20_d03_050_a_2.jpg,T20_050,2,revisar,area de defecto dudosa (100%),True,0.978,2,0.23,0.1368,1.0
T20_d03_050_b_2.jpg,T20_050,2,auto,,False,0.979,0,,0.0,0.0
T20_d03_060_a_2.jpg,T20_060,2,revisar,area de defecto dudosa (69%),True,0.978,3,0.263,0.0647,0.693
T20_d03_060_b_2.jpg,T20_060,2,auto,,False,0.977,0,,0.0,0.0
T20_d03_071_a_2.jpg,T20_071,2,revisar,area de defecto dudosa (95%),True,0.979,3,0.265,0.4317,0.95
T20_d03_076_a_2.jpg,T20_076,2,auto,,False,0.978,1,0.721,0.0386,0.0
T20_d03_076_b_2.jpg,T20_076,2,auto,,False,0.981,1,0.64,0.0515,0.0
T20_d03_084_a_2.jpg,T20_084,2,revisar,area de defecto dudosa (100%),True,0.98,3,0.213,0.5192,1.0
T20_d03_084_b_2.jpg,T20_084,2,auto,,False,0.978,0,,0.0,0.0
T20_d03_090_b_2.jpg,T20_090,2,revisar,area de defecto dudosa (56%),True,0.982,2,0.202,0.0674,0.556
T20_d03_095_a_2.jpg,T20_095,2,revisar,area de defecto dudosa (100%),True,0.98,3,0.2,0.106,1.0
T20_d03_095_b_2.jpg,T20_095,2,revisar,area de defecto dudosa (100%),True,0.981,4,0.165,0.1861,1.0
T20_d03_101_a_2.jpg,T20_101,2,auto,,True,0.981,0,,0.0,0.0
T20_d03_101_b_2.jpg,T20_101,2,auto,,False,0.98,1,0.771,0.0558,0.0
T20_d03_103_a_2.jpg,T20_103,2,revisar,area de defecto dudosa (100%),True,0.979,2,0.272,0.0385,1.0
T20_d03_103_b_2.jpg,T20_103,2,auto,,False,0.978,4,0.157,0.4112,0.29
T20_d03_106_a_2.jpg,T20_106,2,revisar,area de defecto dudosa (100%),True,0.984,1,0.429,0.0414,1.0
T20_d03_106_b_2.jpg,T20_106,2,revisar,area de defecto dudosa (100%),True,0.981,3,0.162,0.0628,1.0
T20_d03_107_a_2.jpg,T20_107,2,auto,,False,0.98,0,,0.0,0.0
T20_d03_107_b_2.jpg,T20_107,2,auto,,False,0.981,0,,0.0,0.0
T20_d03_112_a_2.jpg,T20_112,2,auto,,False,0.98,1,0.543,0.079,0.0
T20_d03_112_b_2.jpg,T20_112,2,auto,,False,0.982,0,,0.0,0.0
T20_d03_114_a_1.jpg,T20_114,1,auto,,False,0.983,1,0.795,0.0544,0.0
T20_d03_114_b_1.jpg,T20_114,1,auto,,False,0.98,1,0.523,0.0341,0.0
T20_d03_115_a_1.jpg,T20_115,1,revisar,area de defecto dudosa (100%),True,0.978,2,0.255,0.097,1.0
T20_d03_115_b_1.jpg,T20_115,1,revisar,area de defecto dudosa (100%),True,0.978,1,0.291,0.0223,1.0
T20_d03_116_a_2.jpg,T20_116,2,auto,,False,0.98,1,0.843,0.2308,0.0
T20_d03_116_b_2.jpg,T20_116,2,revisar,area de defecto dudosa (100%),True,0.981,1,0.498,0.0469,1.0
T20_d03_123_a_2.jpg,T20_123,2,auto,,False,0.979,1,0.616,0.028,0.0
T20_d03_123_b_2.jpg,T20_123,2,auto,,False,0.975,0,,0.0,0.0
T20_d03_132_a_2.jpg,T20_132,2,revisar,area de defecto dudosa (100%),True,0.979,3,0.246,0.0737,1.0
T20_d03_132_b_2.jpg,T20_132,2,revisar,area de defecto dudosa (89%),True,0.978,3,0.178,0.1051,0.889
T20_d03_143_a_2.jpg,T20_143,2,revisar,area de defecto dudosa (100%),True,0.978,2,0.174,0.1351,1.0
T20_d03_143_b_2.jpg,T20_143,2,revisar,area de defecto dudosa (100%),True,0.978,1,0.484,0.2676,1.0
T20_d03_146_a_2.jpg,T20_146,2,revisar,area de defecto dudosa (100%),True,0.981,1,0.291,0.0525,1.0
T20_d03_146_b_2.jpg,T20_146,2,revisar,area de defecto dudosa (100%),True,0.98,4,0.178,0.4001,1.0
T20_d03_150_a_2.jpg,T20_150,2,auto,,False,0.979,0,,0.0,0.0
T20_d03_150_b_2.jpg,T20_150,2,revisar,area de defecto dudosa (100%),True,0.977,3,0.191,0.0617,1.0
T20_d03_155_a_2.jpg,T20_155,2,revisar,area de defecto dudosa (100%),True,0.981,2,0.282,0.1564,1.0
T20_d03_155_b_2.jpg,T20_155,2,revisar,area de defecto dudosa (100%),True,0.984,1,0.316,0.2069,1.0
T20_d03_170_a_2.jpg,T20_170,2,auto,,False,0.981,0,,0.0,0.0
T20_d03_170_b_2.jpg,T20_170,2,revisar,area de defecto dudosa (100%),True,0.982,3,0.28,0.2364,1.0
T20_d03_174_a_2.jpg,T20_174,2,revisar,area de defecto dudosa (100%),True,0.979,2,0.155,0.2243,1.0
T20_d03_174_b_2.jpg,T20_174,2,auto,,False,0.978,0,,0.0,0.0
T20_d03_177_a_2.jpg,T20_177,2,revisar,area de defecto dudosa (100%),True,0.979,2,0.186,0.0554,1.0
T20_d03_177_b_2.jpg,T20_177,2,auto,,False,0.98,1,0.611,0.0437,0.0
T20_d03_178_a_2.jpg,T20_178,2,revisar,area de defecto dudosa (100%),True,0.971,1,0.499,0.2798,1.0
T20_d03_178_b_2.jpg,T20_178,2,auto,,False,0.98,0,,0.0,0.0
T20_d03_183_a_2.jpg,T20_183,2,auto,,False,0.979,0,,0.0,0.0
T20_d03_183_b_2.jpg,T20_183,2,auto,,False,0.979,0,,0.0,0.0
T20_d03_185_a_2.jpg,T20_185,2,revisar,area de defecto dudosa (100%),True,0.976,3,0.264,0.2141,1.0
T20_d03_185_b_2.jpg,T20_185,2,revisar,area de defecto dudosa (100%),True,0.977,1,0.377,0.4993,1.0
T20_d03_187_a_2.jpg,T20_187,2,auto,,False,0.98,0,,0.0,0.0
T20_d03_187_b_2.jpg,T20_187,2,auto,,False,0.976,1,0.65,0.0982,0.0
T20_d03_188_a_2.jpg,T20_188,2,auto,,False,0.972,1,0.611,0.1278,0.0
T20_d03_188_b_2.jpg,T20_188,2,auto,,False,0.969,0,,0.0,0.0
T20_d03_214_a_2.jpg,T20_214,2,revisar,area de defecto dudosa (100%),True,0.981,2,0.252,0.0744,1.0
T20_d03_214_b_2.jpg,T20_214,2,revisar,area de defecto dudosa (100%),True,0.979,2,0.273,0.2298,1.0
T20_d03_222_a_1.jpg,T20_222,1,revisar,area de defecto dudosa (76%),True,0.981,3,0.235,0.1604,0.765
T20_d03_222_b_1.jpg,T20_222,1,auto,,False,0.979,0,,0.0,0.0
T20_d03_225_a_2.jpg,T20_225,2,auto,,False,0.975,1,0.544,0.049,0.0
T20_d03_225_b_2.jpg,T20_225,2,auto,,False,0.979,0,,0.0,0.0
T20_d03_226_a_2.jpg,T20_226,2,auto,,False,0.981,0,,0.0,0.0
T20_d03_226_b_2.jpg,T20_226,2,auto,,False,0.978,0,,0.0,0.0
T20_d03_232_a_2.jpg,T20_232,2,revisar,area de defecto dudosa (100%),True,0.98,4,0.162,0.2279,1.0
T20_d03_232_b_2.jpg,T20_232,2,auto,,False,0.976,0,,0.0,0.0
T20_d03_244_a_2.jpg,T20_244,2,revisar,area de defecto dudosa (100%),True,0.973,2,0.252,0.0263,1.0
T20_d03_244_b_2.jpg,T20_244,2,revisar,area de defecto dudosa (100%),True,0.972,2,0.273,0.0383,1.0
T20_d03_255_b_2.jpg,T20_255,2,auto,,False,0.982,1,0.566,0.0364,0.0
T20_d03_256_a_2.jpg,T20_256,2,auto,,False,0.98,1,0.763,0.1934,0.0
T20_d03_258_a_2.jpg,T20_258,2,auto,,False,0.976,0,,0.0,0.0
T20_d03_258_b_2.jpg,T20_258,2,revisar,area de defecto dudosa (79%),True,0.973,5,0.152,0.2448,0.79
T20_d03_259_a_2.jpg,T20_259,2,revisar,area de defecto dudosa (100%),True,0.972,1,0.289,0.4806,1.0
T20_d03_259_b_2.jpg,T20_259,2,revisar,area de defecto dudosa (100%),True,0.981,7,0.153,0.1678,1.0
T20_d03_260_a_2.jpg,T20_260,2,revisar,area de defecto dudosa (100%),True,0.98,3,0.152,0.4412,1.0
T20_d03_260_b_2.jpg,T20_260,2,revisar,area de defecto dudosa (100%),True,0.98,2,0.224,0.0726,1.0
T20_d03_263_a_2.jpg,T20_263,2,auto,,False,0.981,0,,0.0,0.0
T20_d03_263_b_2.jpg,T20_263,2,revisar,area de defecto dudosa (100%),True,0.981,1,0.419,0.0209,1.0
T20_d03_265_b_2.jpg,T20_265,2,auto,,True,0.977,0,,0.0,0.0
T20_d03_267_a_2.jpg,T20_267,2,revisar,area de defecto dudosa (100%),True,0.981,2,0.192,0.0485,1.0
T20_d03_267_b_2.jpg,T20_267,2,revisar,area de defecto dudosa (100%),True,0.982,1,0.243,0.0079,1.0
T20_d03_268_a_1.jpg,T20_268,1,revisar,area de defecto dudosa (100%),True,0.978,2,0.254,0.0412,1.0
T20_d03_268_b_1.jpg,T20_268,1,auto,,False,0.977,1,0.668,0.0563,0.0
T20_d03_272_b_2.jpg,T20_272,2,auto,,False,0.978,0,,0.0,0.0
T20_d03_277_a_2.jpg,T20_277,2,revisar,area de defecto dudosa (100%),True,0.981,3,0.229,0.1791,1.0
T20_d03_277_b_2.jpg,T20_277,2,revisar,area de defecto dudosa (100%),True,0.982,4,0.156,0.3189,1.0
T20_d03_287_a_2.jpg,T20_287,2,revisar,area de defecto dudosa (100%),True,0.981,1,0.254,0.0686,1.0
T20_d03_287_b_2.jpg,T20_287,2,auto,,False,0.98,1,0.632,0.0513,0.0
T20_d03_288_a_2.jpg,T20_288,2,revisar,area de defecto dudosa (100%),True,0.979,2,0.243,0.0889,1.0
T20_d03_288_b_2.jpg,T20_288,2,auto,,False,0.978,1,0.737,0.0365,0.0
T20_d03_293_a_2.jpg,T20_293,2,auto,,False,0.977,1,0.626,0.025,0.0
T20_d03_293_b_2.jpg,T20_293,2,revisar,area de defecto dudosa (100%),True,0.978,2,0.151,0.0215,1.0
T20_d03_300_a_2.jpg,T20_300,2,revisar,area de defecto dudosa (100%),True,0.982,5,0.162,0.4279,1.0
T20_d03_300_b_2.jpg,T20_300,2,auto,,False,0.982,1,0.612,0.0262,0.0
T20_d03_305_a_2.jpg,T20_305,2,auto,,False,0.981,0,,0.0,0.0
T20_d03_305_b_2.jpg,T20_305,2,revisar,area de defecto dudosa (100%),True,0.978,1,0.173,0.1338,1.0
T20_d03_311_a_2.jpg,T20_311,2,revisar,area de defecto dudosa (100%),True,0.978,2,0.159,0.2375,1.0
T20_d03_311_b_2.jpg,T20_311,2,revisar,area de defecto dudosa (100%),True,0.977,1,0.169,0.2209,1.0
T20_d03_316_b_2.jpg,T20_316,2,auto,,False,0.982,1,0.779,0.0453,0.0
T20_d03_322_a_2.jpg,T20_322,2,auto,,False,0.979,1,0.657,0.1288,0.0
T20_d03_322_b_2.jpg,T20_322,2,revisar,area de defecto dudosa (90%),True,0.977,2,0.224,0.1326,0.895
T20_d03_324_a_2.jpg,T20_324,2,revisar,area de defecto dudosa (99%),True,0.98,2,0.315,0.091,0.991
T20_d03_324_b_2.jpg,T20_324,2,auto,,False,0.979,0,,0.0,0.0
T20_d03_332_a_2.jpg,T20_332,2,revisar,area de defecto dudosa (100%),True,0.982,3,0.161,0.2377,0.999
T20_d03_346_a_2.jpg,T20_346,2,revisar,area de defecto dudosa (100%),True,0.976,2,0.233,0.0884,1.0
T20_d03_346_b_2.jpg,T20_346,2,revisar,area de defecto dudosa (100%),True,0.98,3,0.154,0.0926,1.0
T20_d03_347_a_1.jpg,T20_347,1,revisar,area de defecto dudosa (100%),True,0.981,2,0.465,0.2766,1.0
T20_d03_347_b_1.jpg,T20_347,1,revisar,area de defecto dudosa (100%),True,0.98,2,0.321,0.0992,1.0
T20_d03_352_a_2.jpg,T20_352,2,revisar,defecto rectangular; area de defecto dudosa (100%),True,0.98,1,0.21,0.5191,1.0
T20_d03_352_b_2.jpg,T20_352,2,revisar,area de defecto dudosa (100%),True,0.979,3,0.319,0.1241,1.0
T20_d03_354_a_2.jpg,T20_354,2,auto,,False,0.979,0,,0.0,0.0
T20_d03_354_b_2.jpg,T20_354,2,revisar,area de defecto dudosa (100%),True,0.978,1,0.273,0.0446,1.0
T20_d03_361_a_2.jpg,T20_361,2,revisar,area de defecto dudosa (100%),True,0.978,2,0.262,0.0824,1.0
T20_d03_361_b_2.jpg,T20_361,2,revisar,area de defecto dudosa (100%),True,0.979,1,0.215,0.0615,1.0
T20_d03_369_a_2.jpg,T20_369,2,revisar,area de defecto dudosa (100%),True,0.979,3,0.212,0.1761,1.0
T20_d03_369_b_2.jpg,T20_369,2,auto,,False,0.98,0,,0.0,0.0
T20_d03_378_a_1.jpg,T20_378,1,auto,,False,0.976,1,0.631,0.029,0.0
T20_d03_384_a_1.jpg,T20_384,1,revisar,area de defecto dudosa (100%),True,0.979,1,0.174,0.031,1.0
T20_d03_386_a_2.jpg,T20_386,2,auto,,False,0.982,1,0.73,0.0708,0.0
T20_d03_386_b_2.jpg,T20_386,2,revisar,area de defecto dudosa (100%),True,0.971,2,0.203,0.0471,1.0
T20_d03_388_a_2.jpg,T20_388,2,revisar,area de defecto dudosa (100%),True,0.981,1,0.151,0.0078,1.0
T20_d03_388_b_2.jpg,T20_388,2,revisar,area de defecto dudosa (100%),True,0.98,4,0.205,0.4373,1.0
T20_d03_389_a_2.jpg,T20_389,2,revisar,area de defecto dudosa (100%),True,0.978,2,0.159,0.131,0.999
T20_d03_389_b_2.jpg,T20_389,2,auto,,False,0.982,1,0.539,0.0602,0.0
T20_d03_390_a_1.jpg,T20_390,1,revisar,area de defecto dudosa (91%),True,0.982,3,0.358,0.3333,0.915
T20_d03_390_b_1.jpg,T20_390,1,revisar,area de defecto dudosa (100%),True,0.974,2,0.447,0.1544,1.0
T20_d03_391_a_2.jpg,T20_391,2,auto,,False,0.979,1,0.647,0.0918,0.0
T20_d03_391_b_2.jpg,T20_391,2,revisar,defecto rectangular; area de defecto dudosa (100%),True,0.981,6,0.151,0.8402,1.0
T20_d03_394_a_2.jpg,T20_394,2,auto,,False,0.977,1,0.672,0.051,0.0
T20_d03_394_b_2.jpg,T20_394,2,auto,,False,0.978,0,,0.0,0.0
T20_d03_409_a_2.jpg,T20_409,2,revisar,area de defecto dudosa (100%),True,0.978,2,0.233,0.1217,0.998
T20_d03_409_b_2.jpg,T20_409,2,auto,,False,0.98,0,,0.0,0.0
T20_d03_412_a_2.jpg,T20_412,2,auto,,False,0.976,1,0.758,0.1559,0.0
T20_d03_412_b_2.jpg,T20_412,2,revisar,area de defecto dudosa (100%),True,0.979,1,0.251,0.0168,1.0
T20_d03_421_a_2.jpg,T20_421,2,auto,,False,0.981,1,0.64,0.0274,0.0
T20_d03_421_b_2.jpg,T20_421,2,revisar,area de defecto dudosa (68%),True,0.977,3,0.153,0.0929,0.677
T20_d03_423_a_1.jpg,T20_423,1,revisar,defecto rectangular; area de defecto dudosa (100%),True,0.981,1,0.155,0.3591,1.0
T20_d03_423_b_1.jpg,T20_423,1,revisar,area de defecto dudosa (98%),True,0.976,5,0.161,0.0862,0.981
T20_d03_426_a_2.jpg,T20_426,2,revisar,area de defecto dudosa (100%),True,0.981,2,0.299,0.0536,1.0
T20_d03_426_b_2.jpg,T20_426,2,revisar,area de defecto dudosa (100%),True,0.979,1,0.426,0.0224,1.0
T20_d03_431_a_2.jpg,T20_431,2,auto,,False,0.977,1,0.779,0.1418,0.0
T20_d03_431_b_2.jpg,T20_431,2,revisar,area de defecto dudosa (100%),True,0.978,2,0.257,0.3792,1.0
T20_d03_435_a_2.jpg,T20_435,2,revisar,area de defecto dudosa (100%),True,0.977,1,0.254,0.0822,1.0
T20_d03_435_b_2.jpg,T20_435,2,revisar,area de defecto dudosa (63%),True,0.975,2,0.227,0.1682,0.634
T20_d03_438_a_2.jpg,T20_438,2,auto,,False,0.98,0,,0.0,0.0
T20_d03_438_b_2.jpg,T20_438,2,auto,,False,0.978,0,,0.0,0.0
T20_d03_439_a_1.jpg,T20_439,1,auto,,False,0.977,1,0.734,0.2056,0.0
T20_d03_439_b_1.jpg,T20_439,1,revisar,area de defecto dudosa (100%),True,0.977,1,0.318,0.2681,1.0
T20_d03_440_a_2.jpg,T20_440,2,auto,,False,0.976,1,0.76,0.0397,0.0
T20_d03_440_b_2.jpg,T20_440,2,revisar,area de defecto dudosa (100%),True,0.98,3,0.173,0.1861,1.0
T20_d03_443_a_2.jpg,T20_443,2,auto,,False,0.977,0,,0.0,0.0
T20_d03_443_b_2.jpg,T20_443,2,revisar,area de defecto dudosa (100%),True,0.975,4,0.166,0.0645,1.0
T20_d03_455_a_2.jpg,T20_455,2,auto,,False,0.979,1,0.789,0.0921,0.0
T20_d03_455_b_2.jpg,T20_455,2,auto,,False,0.979,1,0.56,0.0356,0.0
T20_d03_461_a_2.jpg,T20_461,2,revisar,area de defecto dudosa (100%),True,0.98,2,0.262,0.1116,1.0
T20_d03_461_b_2.jpg,T20_461,2,revisar,area de defecto dudosa (80%),True,0.983,5,0.166,0.3063,0.803
T20_d03_463_a_1.jpg,T20_463,1,revisar,area de defecto dudosa (100%),True,0.981,3,0.254,0.5796,1.0
T20_d03_463_b_1.jpg,T20_463,1,revisar,area de defecto dudosa (100%),True,0.982,4,0.198,0.1647,1.0
T20_d03_464_a_2.jpg,T20_464,2,auto,,False,0.982,0,,0.0,0.0
T20_d03_464_b_2.jpg,T20_464,2,auto,,False,0.98,0,,0.0,0.0
T20_d03_469_a_2.jpg,T20_469,2,revisar,area de defecto dudosa (100%),True,0.977,1,0.154,0.1776,1.0
T20_d03_469_b_2.jpg,T20_469,2,revisar,area de defecto dudosa (100%),True,0.979,2,0.243,0.1076,1.0
T20_d03_477_a_2.jpg,T20_477,2,revisar,area de defecto dudosa (100%),True,0.98,1,0.258,0.0627,1.0
T20_d04_001_a_2.jpg,T20_001,2,revisar,area de defecto dudosa (100%),True,0.98,3,0.165,0.0479,1.0
T20_d04_001_b_2.jpg,T20_001,2,auto,,False,0.98,0,,0.0,0.0
T20_d04_004_a_2.jpg,T20_004,2,revisar,area de defecto dudosa (100%),True,0.98,5,0.152,0.0415,1.0
T20_d04_004_b_2.jpg,T20_004,2,revisar,area de defecto dudosa (100%),True,0.982,1,0.401,0.0197,1.0
T20_d04_005_a_2.jpg,T20_005,2,auto,,False,0.976,1,0.6,0.1024,0.0
T20_d04_005_b_2.jpg,T20_005,2,revisar,area de defecto dudosa (100%),True,0.976,1,0.401,0.0214,1.0
T20_d04_008_a_2.jpg,T20_008,2,revisar,area de defecto dudosa (100%),True,0.978,1,0.167,0.0144,1.0
T20_d04_008_b_2.jpg,T20_008,2,revisar,area de defecto dudosa (100%),True,0.979,2,0.162,0.0703,1.0
T20_d04_023_a_2.jpg,T20_023,2,auto,,False,0.981,1,0.504,0.0527,0.0
T20_d04_023_b_2.jpg,T20_023,2,auto,,False,0.98,1,0.818,0.061,0.0
T20_d04_025_a_2.jpg,T20_025,2,revisar,area de defecto dudosa (100%),True,0.978,2,0.181,0.3612,1.0
T20_d04_025_b_2.jpg,T20_025,2,auto,,False,0.978,0,,0.0,0.0
T20_d04_029_a_2.jpg,T20_029,2,auto,,False,0.979,0,,0.0,0.0
T20_d04_029_b_2.jpg,T20_029,2,revisar,area de defecto dudosa (100%),True,0.979,1,0.426,0.0556,1.0
T20_d04_031_a_2.jpg,T20_031,2,revisar,area de defecto dudosa (100%),True,0.982,3,0.218,0.3086,1.0
T20_d04_031_b_2.jpg,T20_031,2,revisar,area de defecto dudosa (100%),True,0.981,2,0.229,0.2973,1.0
T20_d04_032_a_2.jpg,T20_032,2,revisar,area de defecto dudosa (100%),True,0.98,1,0.478,0.0502,1.0
T20_d04_036_a_2.jpg,T20_036,2,revisar,area de defecto dudosa (100%),True,0.978,7,0.158,0.3642,1.0
T20_d04_036_b_2.jpg,T20_036,2,revisar,area de defecto dudosa (70%),True,0.978,2,0.396,0.0415,0.705
T20_d04_040_a_2.jpg,T20_040,2,auto,,False,0.982,1,0.766,0.149,0.0
T20_d04_040_b_2.jpg,T20_040,2,revisar,area de defecto dudosa (100%),True,0.98,2,0.246,0.0161,1.0
T20_d04_042_a_3.jpg,T20_042,3,revisar,area de defecto dudosa (100%),True,0.977,2,0.308,0.0235,0.998
T20_d04_042_b_3.jpg,T20_042,3,auto,,False,0.975,0,,0.0,0.0
T20_d04_049_a_2.jpg,T20_049,2,revisar,area de defecto dudosa (100%),True,0.979,4,0.16,0.305,1.0
T20_d04_049_b_2.jpg,T20_049,2,revisar,area de defecto dudosa (100%),True,0.979,1,0.172,0.0078,1.0
T20_d04_050_a_3.jpg,T20_050,3,revisar,area de defecto dudosa (100%),True,0.978,3,0.15,0.0824,1.0
T20_d04_050_b_3.jpg,T20_050,3,auto,,False,0.978,0,,0.0,0.0
T20_d04_060_a_3.jpg,T20_060,3,revisar,area de defecto dudosa (73%),True,0.98,2,0.436,0.0718,0.726
T20_d04_060_b_3.jpg,T20_060,3,auto,,False,0.978,0,,0.0,0.0
T20_d04_071_a_2.jpg,T20_071,2,revisar,area de defecto dudosa (100%),True,0.98,1,0.221,0.0106,1.0
T20_d04_071_b_2.jpg,T20_071,2,revisar,area de defecto dudosa (100%),True,0.98,3,0.195,0.0529,1.0
T20_d04_076_a_2.jpg,T20_076,2,auto,,False,0.978,1,0.69,0.0323,0.0
T20_d04_076_b_2.jpg,T20_076,2,revisar,area de defecto dudosa (100%),True,0.982,2,0.204,0.0646,1.0
T20_d04_084_a_3.jpg,T20_084,3,revisar,area de defecto dudosa (100%),True,0.978,2,0.27,0.6656,1.0
T20_d04_084_b_3.jpg,T20_084,3,auto,,False,0.979,0,,0.0,0.0
T20_d04_090_a_2.jpg,T20_090,2,auto,,False,0.982,0,,0.0,0.0
T20_d04_090_b_2.jpg,T20_090,2,revisar,area de defecto dudosa (100%),True,0.979,2,0.197,0.0428,1.0
T20_d04_095_a_2.jpg,T20_095,2,auto,,False,0.981,1,0.578,0.0544,0.0
T20_d04_095_b_2.jpg,T20_095,2,revisar,area de defecto dudosa (100%),True,0.978,4,0.155,0.2405,1.0
T20_d04_101_a_2.jpg,T20_101,2,auto,,False,0.979,0,,0.0,0.0
T20_d04_101_b_2.jpg,T20_101,2,auto,,False,0.979,1,0.784,0.0532,0.0
T20_d04_103_a_2.jpg,T20_103,2,auto,,False,0.982,1,0.536,0.054,0.0
T20_d04_103_b_2.jpg,T20_103,2,auto,,False,0.978,1,0.612,0.4,0.0
T20_d04_106_a_2.jpg,T20_106,2,revisar,area de defecto dudosa (100%),True,0.984,2,0.333,0.0625,1.0
T20_d04_106_b_2.jpg,T20_106,2,revisar,area de defecto dudosa (100%),True,0.983,2,0.278,0.0524,1.0
T20_d04_107_a_3.jpg,T20_107,3,auto,,False,0.979,0,,0.0,0.0
T20_d04_112_a_2.jpg,T20_112,2,auto,,False,0.98,1,0.561,0.0797,0.0
T20_d04_112_b_2.jpg,T20_112,2,auto,,False,0.981,0,,0.0,0.0
T20_d04_114_a_1.jpg,T20_114,1,revisar,area de defecto dudosa (100%),True,0.98,2,0.169,0.0646,1.0
T20_d04_114_b_1.jpg,T20_114,1,revisar,area de defecto dudosa (100%),True,0.981,1,0.434,0.034,1.0
T20_d04_115_a_1.jpg,T20_115,1,revisar,area de defecto dudosa (100%),True,0.978,2,0.218,0.104,1.0
T20_d04_115_b_1.jpg,T20_115,1,revisar,area de defecto dudosa (100%),True,0.978,1,0.253,0.0255,1.0
T20_d04_116_a_2.jpg,T20_116,2,auto,,False,0.983,1,0.822,0.2275,0.0
T20_d04_116_b_2.jpg,T20_116,2,revisar,area de defecto dudosa (100%),True,0.982,1,0.474,0.0383,1.0
T20_d04_123_a_3.jpg,T20_123,3,auto,,False,0.98,1,0.648,0.0257,0.0
T20_d04_123_b_3.jpg,T20_123,3,auto,,False,0.98,0,,0.0,0.0
T20_d04_132_a_3.jpg,T20_132,3,revisar,area de defecto dudosa (100%),True,0.98,2,0.312,0.1401,1.0
T20_d04_137_a_2.jpg,T20_137,2,revisar,area de defecto dudosa (100%),True,0.978,2,0.206,0.0687,1.0
T20_d04_137_b_2.jpg,T20_137,2,revisar,area de defecto dudosa (100%),True,0.978,2,0.206,0.1954,1.0
T20_d04_143_a_3.jpg,T20_143,3,revisar,area de defecto dudosa (100%),True,0.979,1,0.155,0.1317,1.0
T20_d04_143_b_3.jpg,T20_143,3,revisar,area de defecto dudosa (76%),True,0.977,2,0.287,0.2443,0.757
T20_d04_146_a_3.jpg,T20_146,3,auto,,False,0.981,0,,0.0,0.0
T20_d04_146_b_3.jpg,T20_146,3,revisar,area de defecto dudosa (100%),True,0.979,2,0.253,0.0847,1.0
T20_d04_150_b_2.jpg,T20_150,2,revisar,area de defecto dudosa (100%),True,0.977,2,0.189,0.117,1.0
T20_d04_155_a_2.jpg,T20_155,2,revisar,area de defecto dudosa (100%),True,0.98,2,0.396,0.173,1.0
T20_d04_170_b_3.jpg,T20_170,3,revisar,area de defecto dudosa (100%),True,0.981,3,0.172,0.3835,1.0
T20_d04_174_a_2.jpg,T20_174,2,revisar,area de defecto dudosa (100%),True,0.98,1,0.154,0.265,1.0
T20_d04_178_a_2.jpg,T20_178,2,revisar,area de defecto dudosa (100%),True,0.977,3,0.263,0.2024,1.0
T20_d04_178_b_2.jpg,T20_178,2,auto,,False,0.976,1,0.611,0.0253,0.0
T20_d04_183_a_2.jpg,T20_183,2,auto,,False,0.979,0,,0.0,0.0
T20_d04_183_b_2.jpg,T20_183,2,auto,,False,0.978,0,,0.0,0.0
T20_d04_185_a_2.jpg,T20_185,2,revisar,area de defecto dudosa (100%),True,0.98,3,0.245,0.1723,1.0
T20_d04_185_b_2.jpg,T20_185,2,revisar,defecto rectangular; defecto rectangular; area de defecto dudosa (100%),True,0.979,2,0.152,0.5919,1.0
T20_d04_187_a_2.jpg,T20_187,2,auto,,False,0.981,0,,0.0,0.0
T20_d04_187_b_2.jpg,T20_187,2,auto,,False,0.974,1,0.556,0.1185,0.0
T20_d04_188_a_2.jpg,T20_188,2,auto,,False,0.974,1,0.611,0.1281,0.0
T20_d04_188_b_2.jpg,T20_188,2,auto,,False,0.974,0,,0.0,0.0
T20_d04_192_a_2.jpg,T20_192,2,auto,,False,0.977,0,,0.0,0.0
T20_d04_192_b_2.jpg,T20_192,2,auto,,False,0.974,1,0.694,0.0935,0.0
T20_d04_212_a_2.jpg,T20_212,2,revisar,area de defecto dudosa (100%),True,0.983,1,0.298,0.0101,1.0
T20_d04_212_b_2.jpg,T20_212,2,revisar,area de defecto dudosa (97%),True,0.975,2,0.212,0.1764,0.973
T20_d04_214_a_2.jpg,T20_214,2,revisar,area de defecto dudosa (100%),True,0.981,1,0.48,0.0432,1.0
T20_d04_214_b_2.jpg,T20_214,2,revisar,area de defecto dudosa (100%),True,0.98,3,0.185,0.2042,1.0
T20_d04_222_a_1.jpg,T20_222,1,revisar,area de defecto dudosa (100%),True,0.98,5,0.21,0.1846,1.0
T20_d04_222_b_1.jpg,T20_222,1,revisar,area de defecto dudosa (100%),True,0.978,2,0.224,0.0419,1.0
T20_d04_225_a_2.jpg,T20_225,2,revisar,area de defecto dudosa (100%),True,0.976,2,0.194,0.0652,1.0
T20_d04_225_b_2.jpg,T20_225,2,auto,,False,0.976,0,,0.0,0.0
T20_d04_226_a_3.jpg,T20_226,3,auto,,False,0.98,0,,0.0,0.0
T20_d04_226_b_3.jpg,T20_226,3,auto,,False,0.979,0,,0.0,0.0
T20_d04_232_a_3.jpg,T20_232,3,revisar,area de defecto dudosa (100%),True,0.98,2,0.158,0.0929,1.0
T20_d04_232_b_3.jpg,T20_232,3,auto,,False,0.977,0,,0.0,0.0
T20_d04_244_b_2.jpg,T20_244,2,auto,,False,0.975,0,,0.0,0.0
T20_d04_255_a_2.jpg,T20_255,2,auto,,False,0.977,1,0.871,0.0417,0.0
T20_d04_255_b_2.jpg,T20_255,2,auto,,False,0.979,1,0.615,0.0537,0.0
T20_d04_256_b_2.jpg,T20_256,2,auto,,False,0.976,0,,0.0,0.0
T20_d04_258_a_3.jpg,T20_258,3,revisar,area de defecto dudosa (100%),True,0.976,1,0.298,0.0383,1.0
T20_d04_259_a_3.jpg,T20_259,3,revisar,area de defecto dudosa (100%),True,0.977,2,0.3,0.5428,1.0
T20_d04_259_b_3.jpg,T20_259,3,revisar,area de defecto dudosa (100%),True,0.981,7,0.192,0.3781,1.0
T20_d04_260_a_2.jpg,T20_260,2,revisar,area de defecto dudosa (100%),True,0.979,1,0.382,0.0344,1.0
T20_d04_260_b_2.jpg,T20_260,2,auto,,False,0.979,0,,0.0,0.0
T20_d04_263_a_2.jpg,T20_263,2,revisar,area de defecto dudosa (100%),True,0.982,1,0.207,0.0516,1.0
T20_d04_263_b_2.jpg,T20_263,2,auto,,False,0.98,0,,0.0,0.0
T20_d04_265_a_2.jpg,T20_265,2,revisar,area de defecto dudosa (100%),True,0.976,1,0.302,0.3655,1.0
T20_d04_265_b_2.jpg,T20_265,2,auto,,False,0.975,0,,0.0,0.0
T20_d04_267_a_3.jpg,T20_267,3,revisar,area de defecto dudosa (100%),True,0.979,2,0.195,0.1077,1.0
T20_d04_267_b_3.jpg,T20_267,3,auto,,False,0.982,0,,0.0,0.0
T20_d04_268_a_1.jpg,T20_268,1,revisar,area de defecto dudosa (100%),True,0.978,2,0.276,0.0217,1.0
T20_d04_268_b_1.jpg,T20_268,1,auto,,False,0.977,1,0.746,0.0637,0.0
T20_d04_272_a_2.jpg,T20_272,2,revisar,area de defecto dudosa (100%),True,0.979,2,0.218,0.1971,1.0
T20_d04_272_b_2.jpg,T20_272,2,auto,,False,0.977,0,,0.0,0.0
T20_d04_277_a_3.jpg,T20_277,3,revisar,area de defecto dudosa (100%),True,0.98,2,0.287,0.1414,1.0
T20_d04_277_b_3.jpg,T20_277,3,revisar,area de defecto dudosa (100%),True,0.981,5,0.15,0.4523,1.0
T20_d04_287_a_4.jpg,T20_287,4,revisar,area de defecto dudosa (100%),True,0.979,3,0.165,0.8118,1.0
T20_d04_287_b_4.jpg,T20_287,4,auto,,True,0.977,1,0.684,0.0916,0.0
T20_d04_288_a_2.jpg,T20_288,2,revisar,area de defecto dudosa (100%),True,0.978,1,0.168,0.0505,1.0
T20_d04_288_b_2.jpg,T20_288,2,auto,,False,0.978,1,0.604,0.0325,0.0
T20_d04_293_a_3.jpg,T20_293,3,revisar,area de defecto dudosa (100%),True,0.976,2,0.318,0.0425,1.0
T20_d04_293_b_3.jpg,T20_293,3,revisar,area de defecto dudosa (100%),True,0.977,2,0.202,0.0402,1.0
T20_d04_300_a_2.jpg,T20_300,2,revisar,area de defecto dudosa (100%),True,0.978,5,0.18,0.5928,1.0
T20_d04_300_b_2.jpg,T20_300,2,auto,,False,0.98,1,0.547,0.0308,0.0
T20_d04_305_a_2.jpg,T20_305,2,auto,,False,0.979,0,,0.0,0.0
T20_d04_305_b_2.jpg,T20_305,2,auto,,False,0.982,0,,0.0,0.0
T20_d04_311_a_2.jpg,T20_311,2,revisar,area de defecto dudosa (100%),True,0.977,1,0.414,0.2069,1.0
T20_d04_311_b_2.jpg,T20_311,2,auto,,False,0.977,0,,0.0,0.0
T20_d04_316_a_3.jpg,T20_316,3,auto,,False,0.98,1,0.734,0.0523,0.0
T20_d04_316_b_3.jpg,T20_316,3,auto,,False,0.981,1,0.669,0.0947,0.0
T20_d04_322_a_2.jpg,T20_322,2,auto,,False,0.978,1,0.647,0.1485,0.0
T20_d04_324_a_2.jpg,T20_324,2,revisar,area de defecto dudosa (100%),True,0.98,2,0.402,0.1393,1.0
T20_d04_324_b_2.jpg,T20_324,2,auto,,False,0.98,0,,0.0,0.0
T20_d04_332_a_2.jpg,T20_332,2,revisar,area de defecto dudosa (98%),True,0.978,2,0.314,0.3877,0.978
T20_d04_332_b_2.jpg,T20_332,2,auto,,False,0.979,1,0.732,0.2278,0.0
T20_d04_347_a_2.jpg,T20_347,2,revisar,area de defecto dudosa (100%),True,0.979,2,0.468,0.2934,1.0
T20_d04_347_b_2.jpg,T20_347,2,revisar,area de defecto dudosa (100%),True,0.976,2,0.292,0.0983,1.0
T20_d04_352_a_2.jpg,T20_352,2,revisar,defecto rectangular; area de defecto dudosa (100%),True,0.98,1,0.276,0.5445,1.0
T20_d04_352_b_2.jpg,T20_352,2,auto,,False,0.981,0,,0.0,0.0
T20_d04_354_a_2.jpg,T20_354,2,auto,,False,0.982,0,,0.0,0.0
T20_d04_354_b_2.jpg,T20_354,2,revisar,area de defecto dudosa (100%),True,0.98,1,0.206,0.0269,1.0
T20_d04_361_a_3.jpg,T20_361,3,revisar,area de defecto dudosa (100%),True,0.978,2,0.226,0.1077,1.0
T20_d04_361_b_3.jpg,T20_361,3,revisar,area de defecto dudosa (100%),True,0.979,4,0.17,0.0751,0.999
T20_d04_369_a_2.jpg,T20_369,2,revisar,area de defecto dudosa (100%),True,0.98,4,0.173,0.0742,1.0
T20_d04_369_b_2.jpg,T20_369,2,revisar,area de defecto dudosa (100%),True,0.979,3,0.166,0.0212,1.0
T20_d04_378_a_2.jpg,T20_378,2,revisar,area de defecto dudosa (100%),True,0.976,4,0.162,0.0361,1.0
T20_d04_378_b_2.jpg,T20_378,2,revisar,area de defecto dudosa (100%),True,0.979,3,0.17,0.0624,1.0
T20_d04_384_a_1.jpg,T20_384,1,auto,,False,0.98,0,,0.0,0.0
T20_d04_384_b_1.jpg,T20_384,1,revisar,area de defecto dudosa (100%),True,0.98,2,0.179,0.0436,1.0
T20_d04_386_a_3.jpg,T20_386,3,auto,,False,0.981,1,0.638,0.0796,0.0
T20_d04_386_b_3.jpg,T20_386,3,revisar,area de defecto dudosa (100%),True,0.978,1,0.276,0.0467,1.0
T20_d04_388_a_2.jpg,T20_388,2,revisar,area de defecto dudosa (100%),True,0.981,1,0.231,0.0103,1.0
T20_d04_388_b_2.jpg,T20_388,2,auto,,False,0.981,2,0.309,0.3566,0.385
T20_d04_389_a_2.jpg,T20_389,2,auto,,False,0.98,1,0.771,0.1515,0.0
T20_d04_389_b_2.jpg,T20_389,2,auto,,False,0.976,1,0.66,0.0582,0.0
T20_d04_390_a_2.jpg,T20_390,2,revisar,area de defecto dudosa (83%),True,0.98,2,0.256,0.2408,0.833
T20_d04_390_b_2.jpg,T20_390,2,auto,,False,0.978,1,0.639,0.1552,0.0
T20_d04_391_a_2.jpg,T20_391,2,auto,,False,0.981,1,0.714,0.1181,0.0
T20_d04_391_b_2.jpg,T20_391,2,revisar,area de defecto dudosa (100%),True,0.981,5,0.194,0.6415,1.0
T20_d04_394_a_3.jpg,T20_394,3,auto,,False,0.98,1,0.695,0.0566,0.0
T20_d04_394_b_3.jpg,T20_394,3,revisar,area de defecto dudosa (100%),True,0.98,1,0.343,0.0679,1.0
T20_d04_409_a_2.jpg,T20_409,2,revisar,area de defecto dudosa (100%),True,0.979,2,0.225,0.1272,1.0
T20_d04_409_b_2.jpg,T20_409,2,auto,,False,0.98,0,,0.0,0.0
T20_d04_412_a_3.jpg,T20_412,3,revisar,area de defecto dudosa (100%),True,0.975,2,0.22,0.1759,1.0
T20_d04_412_b_3.jpg,T20_412,3,revisar,area de defecto dudosa (100%),True,0.979,1,0.425,0.0269,1.0
T20_d04_421_a_3.jpg,T20_421,3,auto,,False,0.98,1,0.604,0.0375,0.0
T20_d04_421_b_3.jpg,T20_421,3,revisar,area de defecto dudosa (100%),True,0.977,3,0.19,0.0907,1.0
T20_d04_423_a_2.jpg,T20_423,2,auto,,False,0.982,0,,0.0,0.0
T20_d04_423_b_2.jpg,T20_423,2,revisar,area de defecto dudosa (100%),True,0.98,5,0.151,0.0897,1.0
T20_d04_426_a_3.jpg,T20_426,3,revisar,area de defecto dudosa (100%),True,0.981,2,0.32,0.0928,1.0
T20_d04_426_b_3.jpg,T20_426,3,auto,,False,0.981,1,0.611,0.0285,0.0
T20_d04_431_a_3.jpg,T20_431,3,auto,,False,0.973,1,0.783,0.1256,0.0
T20_d04_435_a_3.jpg,T20_435,3,auto,,False,0.977,0,,0.0,0.0
T20_d04_438_b_2.jpg,T20_438,2,auto,,False,0.979,0,,0.0,0.0
T20_d04_439_b_2.jpg,T20_439,2,revisar,area de defecto dudosa (100%),True,0.981,2,0.207,0.3017,1.0
T20_d04_440_a_2.jpg,T20_440,2,auto,,True,0.98,1,0.733,0.0324,0.0
T20_d04_440_b_2.jpg,T20_440,2,revisar,area de defecto dudosa (100%),True,0.981,7,0.161,0.5371,1.0
T20_d04_443_a_2.jpg,T20_443,2,auto,,False,0.98,0,,0.0,0.0
T20_d04_443_b_2.jpg,T20_443,2,revisar,area de defecto dudosa (100%),True,0.974,2,0.232,0.0753,1.0
T20_d04_455_a_3.jpg,T20_455,3,auto,,False,0.981,1,0.643,0.1157,0.0
T20_d04_455_b_3.jpg,T20_455,3,auto,,False,0.979,1,0.653,0.0447,0.0
T20_d04_461_a_2.jpg,T20_461,2,revisar,area de defecto dudosa (100%),True,0.978,3,0.225,0.5068,1.0
T20_d04_461_b_2.jpg,T20_461,2,revisar,area de defecto dudosa (90%),True,0.98,4,0.174,0.5326,0.9
T20_d04_463_a_1.jpg,T20_463,1,revisar,area de defecto dudosa (100%),True,0.977,2,0.235,0.5849,1.0
T20_d04_463_b_1.jpg,T20_463,1,revisar,area de defecto dudosa (100%),True,0.98,4,0.193,0.2625,1.0
T20_d04_464_a_3.jpg,T20_464,3,auto,,False,0.979,0,,0.0,0.0
T20_d04_464_b_3.jpg,T20_464,3,auto,,False,0.98,0,,0.0,0.0
T20_d04_469_a_2.jpg,T20_469,2,revisar,area de defecto dudosa (100%),True,0.98,3,0.184,0.2044,1.0
T20_d04_469_b_2.jpg,T20_469,2,revisar,area de defecto dudosa (100%),True,0.979,2,0.159,0.0714,1.0
T20_d04_477_a_2.jpg,T20_477,2,auto,,False,0.978,0,,0.0,0.0
T20_d04_477_b_2.jpg,T20_477,2,auto,,False,0.972,2,0.232,0.1001,0.235
T20_d05_001_a_3.jpg,T20_001,3,auto,,False,0.979,1,0.636,0.0349,0.0
T20_d05_001_b_3.jpg,T20_001,3,auto,,False,0.976,0,,0.0,0.0
T20_d05_004_a_4.jpg,T20_004,4,revisar,area de defecto dudosa (100%),True,0.982,3,0.157,0.0603,1.0
T20_d05_004_b_4.jpg,T20_004,4,revisar,area de defecto dudosa (100%),True,0.981,3,0.217,0.3396,1.0
T20_d05_005_a_3.jpg,T20_005,3,revisar,area de defecto dudosa (100%),True,0.977,1,0.407,0.1564,1.0
T20_d05_005_b_3.jpg,T20_005,3,revisar,area de defecto dudosa (100%),True,0.977,2,0.178,0.0588,1.0
T20_d05_008_b_3.jpg,T20_008,3,auto,,False,0.976,1,0.511,0.1072,0.0
T20_d05_023_a_3.jpg,T20_023,3,revisar,area de defecto dudosa (100%),True,0.98,2,0.17,0.0735,1.0
T20_d05_023_b_3.jpg,T20_023,3,auto,,False,0.978,1,0.72,0.114,0.0
T20_d05_025_a_3.jpg,T20_025,3,revisar,area de defecto dudosa (100%),True,0.979,3,0.249,0.1285,1.0
T20_d05_025_b_3.jpg,T20_025,3,revisar,area de defecto dudosa (100%),True,0.979,3,0.154,0.0526,1.0
T20_d05_029_a_3.jpg,T20_029,3,auto,,False,0.978,0,,0.0,0.0
T20_d05_029_b_3.jpg,T20_029,3,revisar,area de defecto dudosa (91%),True,0.979,2,0.218,0.0573,0.907
T20_d05_031_a_3.jpg,T20_031,3,revisar,area de defecto dudosa (100%),True,0.981,1,0.377,0.3033,1.0
T20_d05_031_b_3.jpg,T20_031,3,revisar,area de defecto dudosa (100%),True,0.979,2,0.2,0.2596,1.0
T20_d05_032_b_3.jpg,T20_032,3,revisar,area de defecto dudosa (100%),True,0.982,2,0.155,0.3649,1.0
T20_d05_036_a_3.jpg,T20_036,3,revisar,area de defecto dudosa (100%),True,0.979,4,0.217,0.336,1.0
T20_d05_036_b_3.jpg,T20_036,3,revisar,area de defecto dudosa (100%),True,0.978,1,0.342,0.0453,1.0
T20_d05_040_a_3.jpg,T20_040,3,auto,,True,0.981,1,0.72,0.1547,0.0
T20_d05_040_b_3.jpg,T20_040,3,revisar,area de defecto dudosa (100%),True,0.979,1,0.332,0.0122,1.0
T20_d05_042_a_3.jpg,T20_042,3,auto,,False,0.974,1,0.67,0.0214,0.0
T20_d05_042_b_3.jpg,T20_042,3,auto,,False,0.975,0,,0.0,0.0
T20_d05_049_a_3.jpg,T20_049,3,revisar,area de defecto dudosa (100%),True,0.979,3,0.285,0.3802,1.0
T20_d05_049_b_3.jpg,T20_049,3,auto,,False,0.98,0,,0.0,0.0
T20_d05_050_a_4.jpg,T20_050,4,revisar,area de defecto dudosa (100%),True,0.978,1,0.378,0.0455,1.0
T20_d05_050_b_4.jpg,T20_050,4,auto,,False,0.977,0,,0.0,0.0
T20_d05_060_a_4.jpg,T20_060,4,revisar,area de defecto dudosa (74%),True,0.98,3,0.256,0.075,0.736
T20_d05_060_b_4.jpg,T20_060,4,auto,,False,0.98,0,,0.0,0.0
T20_d05_071_a_3.jpg,T20_071,3,revisar,area de defecto dudosa (100%),True,0.978,1,0.44,0.0145,1.0
T20_d05_071_b_3.jpg,T20_071,3,revisar,area de defecto dudosa (100%),True,0.979,1,0.168,0.0204,1.0
T20_d05_076_a_3.jpg,T20_076,3,auto,,False,0.98,1,0.678,0.0282,0.0
T20_d05_076_b_3.jpg,T20_076,3,revisar,area de defecto dudosa (100%),True,0.982,3,0.201,0.1887,1.0
T20_d05_084_a_4.jpg,T20_084,4,revisar,area de defecto dudosa (100%),True,0.978,2,0.252,0.7895,1.0
T20_d05_084_b_4.jpg,T20_084,4,auto,,False,0.98,0,,0.0,0.0
T20_d05_090_a_3.jpg,T20_090,3,auto,,False,0.978,0,,0.0,0.0
T20_d05_090_b_3.jpg,T20_090,3,revisar,area de defecto dudosa (100%),True,0.977,3,0.191,0.0337,1.0
T20_d05_095_a_3.jpg,T20_095,3,auto,,False,0.98,1,0.575,0.0543,0.0
T20_d05_095_b_3.jpg,T20_095,3,revisar,area de defecto dudosa (100%),True,0.979,2,0.271,0.1114,1.0
T20_d05_101_a_3.jpg,T20_101,3,auto,,False,0.979,0,,0.0,0.0
T20_d05_101_b_3.jpg,T20_101,3,auto,,False,0.98,1,0.771,0.0482,0.0
T20_d05_103_a_3.jpg,T20_103,3,revisar,area de defecto dudosa (97%),True,0.982,2,0.289,0.0401,0.97
T20_d05_103_b_3.jpg,T20_103,3,revisar,area de defecto dudosa (100%),True,0.978,1,0.305,0.4207,1.0
T20_d05_106_a_3.jpg,T20_106,3,revisar,area de defecto dudosa (100%),True,0.98,2,0.255,0.0597,1.0
T20_d05_106_b_3.jpg,T20_106,3,revisar,area de defecto dudosa (100%),True,0.982,3,0.22,0.0795,1.0
T20_d05_107_a_3.jpg,T20_107,3,revisar,area de defecto dudosa (100%),True,0.979,2,0.153,0.1566,1.0
T20_d05_107_b_3.jpg,T20_107,3,auto,,False,0.979,0,,0.0,0.0
T20_d05_112_a_3.jpg,T20_112,3,auto,,False,0.981,1,0.624,0.0776,0.0
T20_d05_112_b_3.jpg,T20_112,3,auto,,False,0.983,0,,0.0,0.0
T20_d05_114_a_2.jpg,T20_114,2,auto,,True,0.98,1,0.821,0.0555,0.0
T20_d05_114_b_2.jpg,T20_114,2,auto,,False,0.98,0,,0.0,0.0
T20_d05_115_a_2.jpg,T20_115,2,revisar,area de defecto dudosa (100%),True,0.979,2,0.164,0.0996,1.0
T20_d05_115_b_2.jpg,T20_115,2,revisar,area de defecto dudosa (100%),True,0.977,1,0.223,0.0236,1.0
T20_d05_116_a_3.jpg,T20_116,3,auto,,False,0.978,1,0.861,0.2399,0.0
T20_d05_116_b_3.jpg,T20_116,3,revisar,area de defecto dudosa (100%),True,0.976,2,0.207,0.0815,0.998
T20_d05_123_a_3.jpg,T20_123,3,revisar,area de defecto dudosa (100%),True,0.978,1,0.299,0.0298,1.0
T20_d05_123_b_3.jpg,T20_123,3,auto,,False,0.977,0,,0.0,0.0
T20_d05_132_a_4.jpg,T20_132,4,revisar,area de defecto dudosa (100%),True,0.982,4,0.154,0.1211,1.0
T20_d05_132_b_4.jpg,T20_132,4,auto,,False,0.981,1,0.59,0.0134,0.0
T20_d05_137_a_3.jpg,T20_137,3,auto,,False,0.978,1,0.704,0.0763,0.0
T20_d05_137_b_3.jpg,T20_137,3,revisar,area de defecto dudosa (100%),True,0.978,3,0.18,0.252,1.0
T20_d05_143_a_4.jpg,T20_143,4,revisar,area de defecto dudosa (100%),True,0.976,1,0.24,0.0379,1.0
T20_d05_143_b_4.jpg,T20_143,4,auto,,False,0.978,1,0.543,0.2905,0.0
T20_d05_146_a_4.jpg,T20_146,4,revisar,area de defecto dudosa (100%),True,0.98,2,0.218,0.3323,1.0
T20_d05_146_b_4.jpg,T20_146,4,revisar,area de defecto dudosa (100%),True,0.982,3,0.16,0.2456,1.0
T20_d05_150_a_2.jpg,T20_150,2,revisar,area de defecto dudosa (100%),True,0.976,1,0.167,0.2087,1.0
T20_d05_150_b_2.jpg,T20_150,2,revisar,area de defecto dudosa (100%),True,0.976,2,0.217,0.2319,1.0
T20_d05_155_a_3.jpg,T20_155,3,revisar,area de defecto dudosa (100%),True,0.98,2,0.259,0.1844,1.0
T20_d05_155_b_3.jpg,T20_155,3,revisar,area de defecto dudosa (100%),True,0.979,2,0.171,0.0698,1.0
T20_d05_170_a_3.jpg,T20_170,3,auto,,False,0.979,0,,0.0,0.0
T20_d05_170_b_3.jpg,T20_170,3,revisar,area de defecto dudosa (100%),True,0.979,5,0.165,0.4194,1.0
T20_d05_174_a_3.jpg,T20_174,3,revisar,area de defecto dudosa (100%),True,0.976,1,0.219,0.1939,1.0
T20_d05_174_b_3.jpg,T20_174,3,auto,,False,0.977,0,,0.0,0.0
T20_d05_178_a_3.jpg,T20_178,3,revisar,area de defecto dudosa (100%),True,0.977,2,0.384,0.2335,0.996
T20_d05_178_b_3.jpg,T20_178,3,revisar,area de defecto dudosa (100%),True,0.978,2,0.169,0.0306,0.996
T20_d05_183_a_3.jpg,T20_183,3,auto,,False,0.978,0,,0.0,0.0
T20_d05_185_a_3.jpg,T20_185,3,revisar,area de defecto dudosa (100%),True,0.977,3,0.257,0.0898,1.0
T20_d05_185_b_3.jpg,T20_185,3,revisar,area de defecto dudosa (100%),True,0.973,2,0.25,0.0418,1.0
T20_d05_187_a_3.jpg,T20_187,3,auto,,False,0.983,0,,0.0,0.0
T20_d05_187_b_3.jpg,T20_187,3,revisar,area de defecto dudosa (98%),True,0.974,2,0.342,0.123,0.981
T20_d05_188_b_3.jpg,T20_188,3,revisar,area de defecto dudosa (100%),True,0.971,1,0.183,0.0768,1.0
T20_d05_192_a_3.jpg,T20_192,3,auto,,True,0.975,0,,0.0,0.0
T20_d05_192_b_3.jpg,T20_192,3,auto,,False,0.976,0,,0.0,0.0
T20_d05_212_b_4.jpg,T20_212,4,revisar,area de defecto dudosa (100%),True,0.979,2,0.157,0.1769,1.0
T20_d05_214_a_3.jpg,T20_214,3,revisar,area de defecto dudosa (100%),True,0.978,2,0.251,0.1448,1.0
T20_d05_214_b_3.jpg,T20_214,3,auto,,False,0.976,0,,0.0,0.0
T20_d05_222_a_2.jpg,T20_222,2,revisar,area de defecto dudosa (100%),True,0.981,6,0.153,0.5263,1.0
T20_d05_222_b_2.jpg,T20_222,2,revisar,area de defecto dudosa (100%),True,0.976,4,0.179,0.2886,1.0
T20_d05_225_a_3.jpg,T20_225,3,revisar,area de defecto dudosa (100%),True,0.976,2,0.361,0.0642,1.0
T20_d05_225_b_3.jpg,T20_225,3,auto,,False,0.975,0,,0.0,0.0
T20_d05_226_a_3.jpg,T20_226,3,auto,,False,0.979,0,,0.0,0.0
T20_d05_226_b_3.jpg,T20_226,3,auto,,False,0.98,0,,0.0,0.0
T20_d05_232_a_4.jpg,T20_232,4,revisar,area de defecto dudosa (100%),True,0.982,2,0.23,0.424,1.0
T20_d05_232_b_4.jpg,T20_232,4,auto,,False,0.981,0,,0.0,0.0
T20_d05_244_a_3.jpg,T20_244,3,auto,,False,0.97,1,0.517,0.0176,0.0
T20_d05_244_b_3.jpg,T20_244,3,revisar,area de defecto dudosa (100%),True,0.974,2,0.187,0.2298,1.0
T20_d05_255_a_3.jpg,T20_255,3,auto,,False,0.976,1,0.812,0.041,0.0
T20_d05_256_a_3.jpg,T20_256,3,revisar,area de defecto dudosa (100%),True,0.977,1,0.25,0.2314,1.0
T20_d05_256_b_3.jpg,T20_256,3,auto,,False,0.975,0,,0.0,0.0
T20_d05_258_a_4.jpg,T20_258,4,auto,,False,0.975,0,,0.0,0.0
T20_d05_259_a_3.jpg,T20_259,3,revisar,area de defecto dudosa (100%),True,0.976,3,0.214,0.523,1.0
T20_d05_259_b_3.jpg,T20_259,3,revisar,area de defecto dudosa (100%),True,0.978,8,0.171,0.2784,1.0
T20_d05_260_a_2.jpg,T20_260,2,auto,,False,0.978,0,,0.0,0.0
T20_d05_260_b_2.jpg,T20_260,2,auto,,False,0.981,0,,0.0,0.0
T20_d05_263_a_3.jpg,T20_263,3,auto,,False,0.979,0,,0.0,0.0
T20_d05_263_b_3.jpg,T20_263,3,auto,,False,0.984,1,0.704,0.0497,0.0
T20_d05_265_a_3.jpg,T20_265,3,revisar,area de defecto dudosa (100%),True,0.98,1,0.179,0.4666,1.0
T20_d05_265_b_3.jpg,T20_265,3,auto,,False,0.975,0,,0.0,0.0
T20_d05_267_a_3.jpg,T20_267,3,revisar,area de defecto dudosa (100%),True,0.978,2,0.297,0.1392,1.0
T20_d05_267_b_3.jpg,T20_267,3,auto,,False,0.98,0,,0.0,0.0
T20_d05_268_a_2.jpg,T20_268,2,revisar,area de defecto dudosa (100%),True,0.979,2,0.194,0.0177,1.0
T20_d05_268_b_2.jpg,T20_268,2,auto,,False,0.981,1,0.733,0.0795,0.0
T20_d05_272_a_2.jpg,T20_272,2,revisar,area de defecto dudosa (100%),True,0.978,1,0.269,0.084,1.0
T20_d05_272_b_2.jpg,T20_272,2,auto,,False,0.976,0,,0.0,0.0
T20_d05_277_a_3.jpg,T20_277,3,revisar,area de defecto dudosa (100%),True,0.98,2,0.237,0.1785,1.0
T20_d05_277_b_3.jpg,T20_277,3,revisar,area de defecto dudosa (100%),True,0.98,2,0.439,0.2482,1.0
T20_d05_287_a_4.jpg,T20_287,4,revisar,area de defecto dudosa (100%),True,0.982,2,0.196,0.0483,1.0
T20_d05_287_b_4.jpg,T20_287,4,auto,,False,0.976,1,0.661,0.1056,0.0
T20_d05_288_a_3.jpg,T20_288,3,auto,,False,0.979,0,,0.0,0.0
T20_d05_288_b_3.jpg,T20_288,3,auto,,False,0.977,0,,0.0,0.0
T20_d05_293_a_3.jpg,T20_293,3,revisar,area de defecto dudosa (100%),True,0.977,2,0.3,0.047,1.0
T20_d05_293_b_3.jpg,T20_293,3,auto,,False,0.977,1,0.543,0.0692,0.0
T20_d05_300_a_3.jpg,T20_300,3,revisar,defecto rectangular; area de defecto dudosa (100%),True,0.977,4,0.2,0.5073,1.0
T20_d05_305_a_3.jpg,T20_305,3,auto,,False,0.979,0,,0.0,0.0
T20_d05_305_b_3.jpg,T20_305,3,auto,,False,0.981,0,,0.0,0.0
T20_d05_311_a_3.jpg,T20_311,3,revisar,area de defecto dudosa (100%),True,0.978,1,0.277,0.198,1.0
T20_d05_311_b_3.jpg,T20_311,3,auto,,False,0.978,0,,0.0,0.0
T20_d05_316_a_4.jpg,T20_316,4,auto,,False,0.978,1,0.704,0.0546,0.0
T20_d05_316_b_4.jpg,T20_316,4,auto,,False,0.981,1,0.645,0.0752,0.0
T20_d05_322_a_3.jpg,T20_322,3,auto,,False,0.98,1,0.746,0.1517,0.0
T20_d05_322_b_3.jpg,T20_322,3,revisar,area de defecto dudosa (100%),True,0.978,5,0.163,0.3194,1.0
T20_d05_324_b_3.jpg,T20_324,3,auto,,False,0.979,0,,0.0,0.0
T20_d05_332_a_3.jpg,T20_332,3,revisar,area de defecto dudosa (100%),True,0.978,1,0.473,0.0288,1.0
T20_d05_332_b_3.jpg,T20_332,3,auto,,False,0.982,1,0.758,0.2592,0.0
T20_d05_346_a_3.jpg,T20_346,3,revisar,area de defecto dudosa (100%),True,0.979,3,0.151,0.3027,1.0
T20_d05_346_b_3.jpg,T20_346,3,revisar,area de defecto dudosa (100%),True,0.981,2,0.159,0.1391,1.0
T20_d05_347_a_2.jpg,T20_347,2,revisar,area de defecto dudosa (100%),True,0.977,2,0.4,0.2871,1.0
T20_d05_347_b_2.jpg,T20_347,2,revisar,area de defecto dudosa (100%),True,0.976,4,0.277,0.1574,1.0
T20_d05_352_a_3.jpg,T20_352,3,revisar,defecto rectangular; area de defecto dudosa (100%),True,0.975,1,0.303,0.5462,1.0
T20_d05_352_b_3.jpg,T20_352,3,auto,,False,0.978,0,,0.0,0.0
T20_d05_354_a_4.jpg,T20_354,4,auto,,False,0.981,0,,0.0,0.0
T20_d05_354_b_4.jpg,T20_354,4,revisar,area de defecto dudosa (100%),True,0.975,2,0.151,0.0365,1.0
T20_d05_361_a_3.jpg,T20_361,3,auto,,False,0.979,1,0.71,0.069,0.0
T20_d05_361_b_3.jpg,T20_361,3,auto,,False,0.98,0,,0.0,0.0
T20_d05_369_a_3.jpg,T20_369,3,revisar,area de defecto dudosa (100%),True,0.979,2,0.181,0.1448,1.0
T20_d05_369_b_3.jpg,T20_369,3,revisar,area de defecto dudosa (100%),True,0.981,1,0.201,0.1877,1.0
T20_d05_378_a_2.jpg,T20_378,2,revisar,area de defecto dudosa (100%),True,0.977,2,0.263,0.0419,1.0
T20_d05_378_b_2.jpg,T20_378,2,revisar,area de defecto dudosa (100%),True,0.978,1,0.48,0.1146,1.0
T20_d05_384_b_2.jpg,T20_384,2,revisar,area de defecto dudosa (100%),True,0.978,2,0.274,0.0526,1.0
T20_d05_386_b_4.jpg,T20_386,4,revisar,area de defecto dudosa (100%),True,0.975,3,0.189,0.0475,1.0
T20_d05_388_a_3.jpg,T20_388,3,revisar,area de defecto dudosa (100%),True,0.98,1,0.281,0.0143,1.0
T20_d05_388_b_3.jpg,T20_388,3,revisar,area de defecto dudosa (100%),True,0.978,3,0.222,0.4531,1.0
T20_d05_389_a_3.jpg,T20_389,3,auto,,False,0.98,1,0.822,0.1718,0.0
T20_d05_389_b_3.jpg,T20_389,3,auto,,False,0.981,0,,0.0,0.0
T20_d05_390_a_3.jpg,T20_390,3,revisar,area de defecto dudosa (100%),True,0.981,3,0.159,0.0648,0.999
T20_d05_390_b_3.jpg,T20_390,3,auto,,True,0.976,1,0.674,0.1654,0.0
T20_d05_391_b_2.jpg,T20_391,2,revisar,defecto rectangular; area de defecto dudosa (100%),True,0.982,6,0.179,0.7953,1.0
T20_d05_394_a_4.jpg,T20_394,4,auto,,False,0.98,1,0.67,0.0525,0.0
T20_d05_394_b_4.jpg,T20_394,4,revisar,area de defecto dudosa (100%),True,0.978,1,0.278,0.4063,1.0
T20_d05_409_a_2.jpg,T20_409,2,revisar,area de defecto dudosa (100%),True,0.974,2,0.327,0.1292,1.0
T20_d05_409_b_2.jpg,T20_409,2,auto,,False,0.98,0,,0.0,0.0
T20_d05_412_a_3.jpg,T20_412,3,auto,,False,0.976,1,0.723,0.1664,0.0
T20_d05_412_b_3.jpg,T20_412,3,auto,,False,0.978,1,0.62,0.0249,0.0
T20_d05_421_a_3.jpg,T20_421,3,auto,,False,0.981,1,0.706,0.0306,0.0
T20_d05_421_b_3.jpg,T20_421,3,revisar,area de defecto dudosa (58%),True,0.977,2,0.181,0.0697,0.579
T20_d05_423_a_2.jpg,T20_423,2,auto,,False,0.979,0,,0.0,0.0
T20_d05_423_b_2.jpg,T20_423,2,revisar,area de defecto dudosa (100%),True,0.979,5,0.152,0.0882,1.0
T20_d05_426_a_3.jpg,T20_426,3,revisar,area de defecto dudosa (100%),True,0.98,2,0.192,0.072,1.0
T20_d05_426_b_3.jpg,T20_426,3,revisar,area de defecto dudosa (100%),True,0.982,2,0.187,0.0626,1.0
T20_d05_431_a_4.jpg,T20_431,4,auto,,False,0.974,1,0.803,0.1354,0.0
T20_d05_431_b_4.jpg,T20_431,4,revisar,area de defecto dudosa (100%),True,0.977,2,0.156,0.4323,1.0
T20_d05_435_a_3.jpg,T20_435,3,auto,,False,0.979,0,,0.0,0.0
T20_d05_435_b_3.jpg,T20_435,3,auto,,False,0.98,1,0.615,0.0235,0.0
T20_d05_438_a_3.jpg,T20_438,3,auto,,False,0.98,0,,0.0,0.0
T20_d05_438_b_3.jpg,T20_438,3,auto,,False,0.98,0,,0.0,0.0
T20_d05_439_a_3.jpg,T20_439,3,auto,,False,0.978,1,0.725,0.2208,0.0
T20_d05_439_b_3.jpg,T20_439,3,revisar,area de defecto dudosa (100%),True,0.98,2,0.178,0.4729,1.0
T20_d05_440_a_3.jpg,T20_440,3,auto,,False,0.979,1,0.71,0.0411,0.0
T20_d05_440_b_3.jpg,T20_440,3,revisar,area de defecto dudosa (100%),True,0.978,1,0.469,0.0657,1.0
T20_d05_443_a_3.jpg,T20_443,3,auto,,False,0.978,0,,0.0,0.0
T20_d05_443_b_3.jpg,T20_443,3,revisar,area de defecto dudosa (100%),True,0.965,3,0.154,0.0758,1.0
T20_d05_455_a_3.jpg,T20_455,3,revisar,area de defecto dudosa (100%),True,0.98,2,0.498,0.1215,0.998
T20_d05_455_b_3.jpg,T20_455,3,auto,,False,0.976,1,0.535,0.0405,0.0
T20_d05_461_a_3.jpg,T20_461,3,revisar,defecto rectangular; area de defecto dudosa (100%),True,0.975,3,0.175,0.5163,1.0
T20_d05_461_b_3.jpg,T20_461,3,revisar,area de defecto dudosa (100%),True,0.981,5,0.164,0.6004,1.0
T20_d05_463_a_2.jpg,T20_463,2,revisar,area de defecto dudosa (100%),True,0.978,3,0.194,0.4773,1.0
T20_d05_463_b_2.jpg,T20_463,2,revisar,area de defecto dudosa (100%),True,0.98,5,0.153,0.2498,1.0
T20_d05_464_a_4.jpg,T20_464,4,auto,,False,0.976,0,,0.0,0.0
T20_d05_464_b_4.jpg,T20_464,4,auto,,False,0.98,0,,0.0,0.0
T20_d05_469_a_3.jpg,T20_469,3,revisar,area de defecto dudosa (100%),True,0.983,2,0.209,0.067,1.0
T20_d05_469_b_3.jpg,T20_469,3,revisar,area de defecto dudosa (100%),True,0.977,1,0.376,0.0255,1.0
T20_d05_477_a_3.jpg,T20_477,3,revisar,area de defecto dudosa (100%),True,0.981,2,0.166,0.0692,1.0
T20_d05_477_b_3.jpg,T20_477,3,auto,,False,0.974,1,0.552,0.0772,0.0
T20_d06_001_a_4.jpg,T20_001,4,revisar,area de defecto dudosa (100%),True,0.979,2,0.251,0.0606,1.0
T20_d06_001_b_4.jpg,T20_001,4,revisar,area de defecto dudosa (100%),True,0.978,2,0.21,0.1239,1.0
T20_d06_004_a_4.jpg,T20_004,4,revisar,area de defecto dudosa (100%),True,0.982,5,0.173,0.0456,1.0
T20_d06_004_b_4.jpg,T20_004,4,revisar,area de defecto dudosa (100%),True,0.981,3,0.338,0.0951,1.0
T20_d06_005_a_4.jpg,T20_005,4,revisar,area de defecto dudosa (100%),True,0.974,2,0.214,0.1904,1.0
T20_d06_005_b_4.jpg,T20_005,4,revisar,area de defecto dudosa (59%),True,0.978,2,0.178,0.0559,0.586
T20_d06_008_a_3.jpg,T20_008,3,auto,,False,0.978,0,,0.0,0.0
T20_d06_008_b_3.jpg,T20_008,3,revisar,area de defecto dudosa (100%),True,0.98,1,0.249,0.1383,1.0
T20_d06_023_a_4.jpg,T20_023,4,revisar,area de defecto dudosa (100%),True,0.981,1,0.336,0.0569,1.0
T20_d06_023_b_4.jpg,T20_023,4,auto,,False,0.977,1,0.787,0.0803,0.0
T20_d06_025_a_3.jpg,T20_025,3,revisar,area de defecto dudosa (100%),True,0.978,2,0.233,0.2038,1.0
T20_d06_025_b_3.jpg,T20_025,3,auto,,False,0.98,0,,0.0,0.0
T20_d06_029_a_3.jpg,T20_029,3,auto,,False,0.981,0,,0.0,0.0
T20_d06_029_b_3.jpg,T20_029,3,auto,,False,0.979,1,0.544,0.0567,0.0
T20_d06_031_a_4.jpg,T20_031,4,revisar,area de defecto dudosa (98%),True,0.978,2,0.16,0.332,0.977
T20_d06_031_b_4.jpg,T20_031,4,revisar,area de defecto dudosa (100%),True,0.978,4,0.151,0.4453,1.0
T20_d06_032_a_3.jpg,T20_032,3,revisar,area de defecto dudosa (100%),True,0.982,1,0.157,0.0243,1.0
T20_d06_032_b_3.jpg,T20_032,3,auto,,False,0.982,1,0.648,0.0177,0.0
T20_d06_036_a_3.jpg,T20_036,3,revisar,area de defecto dudosa (100%),True,0.979,4,0.169,0.2889,1.0
T20_d06_036_b_3.jpg,T20_036,3,auto,,False,0.98,0,,0.0,0.0
T20_d06_042_a_3.jpg,T20_042,3,auto,,False,0.974,1,0.656,0.0214,0.0
T20_d06_042_b_3.jpg,T20_042,3,auto,,True,0.977,0,,0.0,0.0
T20_d06_049_a_3.jpg,T20_049,3,revisar,area de defecto dudosa (100%),True,0.978,4,0.166,0.398,1.0
T20_d06_049_b_3.jpg,T20_049,3,revisar,area de defecto dudosa (100%),True,0.98,1,0.169,0.0118,1.0
T20_d06_050_a_4.jpg,T20_050,4,revisar,area de defecto dudosa (100%),True,0.977,2,0.152,0.0758,1.0
T20_d06_050_b_4.jpg,T20_050,4,auto,,False,0.975,0,,0.0,0.0
T20_d06_060_a_4.jpg,T20_060,4,revisar,area de defecto dudosa (72%),True,0.978,2,0.452,0.0742,0.719
T20_d06_060_b_4.jpg,T20_060,4,auto,,False,0.98,0,,0.0,0.0
T20_d06_071_a_3.jpg,T20_071,3,revisar,area de defecto dudosa (100%),True,0.978,2,0.151,0.0368,1.0
T20_d06_071_b_3.jpg,T20_071,3,revisar,area de defecto dudosa (100%),True,0.977,1,0.264,0.0291,1.0
T20_d06_076_b_3.jpg,T20_076,3,revisar,area de defecto dudosa (100%),True,0.982,3,0.154,0.0905,1.0
T20_d06_084_a_4.jpg,T20_084,4,revisar,area de defecto dudosa (100%),True,0.977,2,0.339,0.5523,1.0
T20_d06_084_b_4.jpg,T20_084,4,auto,,False,0.979,0,,0.0,0.0
T20_d06_090_a_3.jpg,T20_090,3,revisar,area de defecto dudosa (100%),True,0.981,1,0.276,0.0171,1.0
T20_d06_090_b_3.jpg,T20_090,3,revisar,area de defecto dudosa (100%),True,0.974,3,0.207,0.052,1.0
T20_d06_095_a_4.jpg,T20_095,4,auto,,False,0.974,1,0.568,0.0465,0.0
T20_d06_095_b_4.jpg,T20_095,4,revisar,area de defecto dudosa (100%),True,0.975,4,0.283,0.1894,1.0
T20_d06_101_a_3.jpg,T20_101,3,auto,,False,0.98,0,,0.0,0.0
T20_d06_101_b_3.jpg,T20_101,3,auto,,False,0.98,1,0.67,0.0486,0.0
T20_d06_103_a_3.jpg,T20_103,3,revisar,area de defecto dudosa (100%),True,0.98,2,0.266,0.0464,1.0
T20_d06_103_b_3.jpg,T20_103,3,revisar,area de defecto dudosa (86%),True,0.979,2,0.402,0.3955,0.863
T20_d06_106_a_3.jpg,T20_106,3,revisar,area de defecto dudosa (100%),True,0.98,3,0.153,0.0589,1.0
T20_d06_106_b_3.jpg,T20_106,3,auto,,False,0.98,0,,0.0,0.0
T20_d06_107_a_3.jpg,T20_107,3,auto,,False,0.984,0,,0.0,0.0
T20_d06_107_b_3.jpg,T20_107,3,auto,,False,0.98,1,0.503,0.0137,0.0
T20_d06_112_a_3.jpg,T20_112,3,revisar,area de defecto dudosa (100%),True,0.98,2,0.185,0.1079,1.0
T20_d06_112_b_3.jpg,T20_112,3,auto,,False,0.982,0,,0.0,0.0
T20_d06_114_a_2.jpg,T20_114,2,revisar,area de defecto dudosa (100%),True,0.977,2,0.192,0.0756,1.0
T20_d06_114_b_2.jpg,T20_114,2,auto,,False,0.98,0,,0.0,0.0
T20_d06_115_a_2.jpg,T20_115,2,auto,,False,0.975,1,0.556,0.0795,0.0
T20_d06_115_b_2.jpg,T20_115,2,auto,,False,0.976,0,,0.0,0.0
T20_d06_116_a_3.jpg,T20_116,3,auto,,False,0.981,1,0.819,0.271,0.0
T20_d06_116_b_3.jpg,T20_116,3,revisar,area de defecto dudosa (100%),True,0.98,1,0.342,0.0928,1.0
T20_d06_132_a_4.jpg,T20_132,4,revisar,area de defecto dudosa (100%),True,0.98,1,0.298,0.0528,1.0
T20_d06_132_b_4.jpg,T20_132,4,revisar,area de defecto dudosa (61%),True,0.981,2,0.191,0.0408,0.608
T20_d06_137_a_3.jpg,T20_137,3,revisar,area de defecto dudosa (100%),True,0.979,3,0.233,0.2454,1.0
T20_d06_137_b_3.jpg,T20_137,3,revisar,area de defecto dudosa (100%),True,0.98,2,0.214,0.1857,1.0
T20_d06_143_a_4.jpg,T20_143,4,revisar,area de defecto dudosa (100%),True,0.976,2,0.177,0.2188,1.0
T20_d06_146_a_4.jpg,T20_146,4,revisar,area de defecto dudosa (100%),True,0.98,1,0.44,0.2445,1.0
T20_d06_146_b_4.jpg,T20_146,4,revisar,area de defecto dudosa (100%),True,0.979,3,0.178,0.0669,1.0
T20_d06_150_a_2.jpg,T20_150,2,auto,,False,0.975,0,,0.0,0.0
T20_d06_150_b_2.jpg,T20_150,2,revisar,area de defecto dudosa (100%),True,0.975,2,0.198,0.3036,1.0
T20_d06_155_a_3.jpg,T20_155,3,revisar,area de defecto dudosa (100%),True,0.981,2,0.182,0.1901,1.0
T20_d06_170_a_3.jpg,T20_170,3,auto,,False,0.981,0,,0.0,0.0
T20_d06_170_b_3.jpg,T20_170,3,revisar,area de defecto dudosa (100%),True,0.981,4,0.234,0.4563,1.0
T20_d06_174_a_4.jpg,T20_174,4,revisar,area de defecto dudosa (100%),True,0.978,3,0.201,0.1985,1.0
T20_d06_174_b_4.jpg,T20_174,4,auto,,False,0.978,0,,0.0,0.0
T20_d06_178_a_3.jpg,T20_178,3,revisar,area de defecto dudosa (100%),True,0.976,2,0.383,0.2764,1.0
T20_d06_178_b_3.jpg,T20_178,3,auto,,True,0.979,0,,0.0,0.0
T20_d06_183_a_4.jpg,T20_183,4,auto,,False,0.977,0,,0.0,0.0
T20_d06_183_b_4.jpg,T20_183,4,auto,,False,0.976,0,,0.0,0.0
T20_d06_185_a_3.jpg,T20_185,3,revisar,area de defecto dudosa (100%),True,0.98,2,0.332,0.0931,0.999
T20_d06_185_b_3.jpg,T20_185,3,revisar,defecto rectangular; area de defecto dudosa (100%),True,0.977,1,0.152,0.4078,1.0
T20_d06_187_a_3.jpg,T20_187,3,auto,,False,0.981,0,,0.0,0.0
T20_d06_187_b_3.jpg,T20_187,3,revisar,area de defecto dudosa (99%),True,0.977,2,0.157,0.1067,0.991
T20_d06_188_a_4.jpg,T20_188,4,auto,,False,0.972,1,0.601,0.1146,0.0
T20_d06_188_b_4.jpg,T20_188,4,revisar,area de defecto dudosa (100%),True,0.974,1,0.221,0.076,1.0
T20_d06_192_a_3.jpg,T20_192,3,auto,,False,0.977,0,,0.0,0.0
T20_d06_192_b_3.jpg,T20_192,3,auto,,False,0.977,0,,0.0,0.0
T20_d06_212_a_4.jpg,T20_212,4,auto,,False,0.983,0,,0.0,0.0
T20_d06_212_b_4.jpg,T20_212,4,auto,,True,0.976,1,0.724,0.1756,0.0
T20_d06_214_a_4.jpg,T20_214,4,auto,,False,0.979,0,,0.0,0.0
T20_d06_214_b_4.jpg,T20_214,4,revisar,area de defecto dudosa (100%),True,0.98,1,0.172,0.0358,1.0
T20_d06_222_a_3.jpg,T20_222,3,auto,,False,0.979,2,0.397,0.1283,0.413
T20_d06_222_b_3.jpg,T20_222,3,revisar,area de defecto dudosa (100%),True,0.978,4,0.17,0.1466,1.0
T20_d06_225_a_4.jpg,T20_225,4,revisar,area de defecto dudosa (100%),True,0.973,3,0.177,0.0685,1.0
T20_d06_225_b_4.jpg,T20_225,4,auto,,False,0.973,0,,0.0,0.0
T20_d06_226_a_3.jpg,T20_226,3,auto,,False,0.978,0,,0.0,0.0
T20_d06_226_b_3.jpg,T20_226,3,auto,,False,0.98,0,,0.0,0.0
T20_d06_232_a_4.jpg,T20_232,4,revisar,area de defecto dudosa (100%),True,0.98,2,0.191,0.5066,1.0
T20_d06_232_b_4.jpg,T20_232,4,auto,,False,0.981,0,,0.0,0.0
T20_d06_244_a_4.jpg,T20_244,4,revisar,area de defecto dudosa (100%),True,0.971,1,0.345,0.0189,1.0
T20_d06_244_b_4.jpg,T20_244,4,auto,,False,0.974,1,0.51,0.0431,0.0
T20_d06_255_a_3.jpg,T20_255,3,revisar,area de defecto dudosa (100%),True,0.977,1,0.383,0.0477,1.0
T20_d06_255_b_3.jpg,T20_255,3,auto,,False,0.976,0,,0.0,0.0
T20_d06_256_a_3.jpg,T20_256,3,revisar,area de defecto dudosa (100%),True,0.974,1,0.264,0.1598,1.0
T20_d06_256_b_3.jpg,T20_256,3,auto,,False,0.979,0,,0.0,0.0
T20_d06_258_a_4.jpg,T20_258,4,auto,,False,0.978,0,,0.0,0.0
T20_d06_258_b_4.jpg,T20_258,4,auto,,False,0.976,3,0.374,0.1325,0.159
T20_d06_259_a_3.jpg,T20_259,3,revisar,area de defecto dudosa (100%),True,0.973,3,0.166,0.5401,1.0
T20_d06_259_b_3.jpg,T20_259,3,revisar,area de defecto dudosa (100%),True,0.976,6,0.15,0.2356,1.0
T20_d06_260_a_2.jpg,T20_260,2,auto,,False,0.982,0,,0.0,0.0
T20_d06_260_b_2.jpg,T20_260,2,auto,,True,0.979,0,,0.0,0.0
T20_d06_263_a_3.jpg,T20_263,3,auto,,False,0.981,0,,0.0,0.0
T20_d06_263_b_3.jpg,T20_263,3,auto,,False,0.98,0,,0.0,0.0
T20_d06_265_a_3.jpg,T20_265,3,revisar,area de defecto dudosa (100%),True,0.978,2,0.158,0.4492,1.0
T20_d06_265_b_3.jpg,T20_265,3,auto,,False,0.977,0,,0.0,0.0
T20_d06_267_a_4.jpg,T20_267,4,revisar,area de defecto dudosa (100%),True,0.978,2,0.268,0.0864,1.0
T20_d06_267_b_4.jpg,T20_267,4,auto,,False,0.981,0,,0.0,0.0
T20_d06_268_b_2.jpg,T20_268,2,auto,,False,0.978,1,0.678,0.0808,0.0
T20_d06_272_b_2.jpg,T20_272,2,auto,,False,0.978,0,,0.0,0.0
T20_d06_277_a_4.jpg,T20_277,4,revisar,area de defecto dudosa (100%),True,0.981,2,0.167,0.1356,1.0
T20_d06_277_b_4.jpg,T20_277,4,revisar,area de defecto dudosa (100%),True,0.983,4,0.154,0.4184,1.0
T20_d06_288_a_4.jpg,T20_288,4,auto,,False,0.977,0,,0.0,0.0
T20_d06_288_b_4.jpg,T20_288,4,auto,,False,0.978,0,,0.0,0.0
T20_d06_293_a_4.jpg,T20_293,4,revisar,area de defecto dudosa (77%),True,0.977,2,0.161,0.0464,0.771
T20_d06_293_b_4.jpg,T20_293,4,revisar,area de defecto dudosa (100%),True,0.974,1,0.315,0.0217,1.0
T20_d06_305_a_3.jpg,T20_305,3,auto,,False,0.979,0,,0.0,0.0
T20_d06_305_b_3.jpg,T20_305,3,auto,,False,0.982,0,,0.0,0.0
T20_d06_311_a_3.jpg,T20_311,3,revisar,area de defecto dudosa (100%),True,0.978,1,0.401,0.1282,1.0
T20_d06_311_b_3.jpg,T20_311,3,auto,,False,0.975,0,,0.0,0.0
T20_d06_316_a_4.jpg,T20_316,4,auto,,True,0.979,1,0.705,0.0549,0.0
T20_d06_316_b_4.jpg,T20_316,4,auto,,False,0.98,1,0.655,0.0926,0.0
T20_d06_322_a_3.jpg,T20_322,3,auto,,False,0.978,1,0.71,0.1409,0.0
T20_d06_322_b_3.jpg,T20_322,3,revisar,area de defecto dudosa (100%),True,0.977,5,0.203,0.4078,1.0
T20_d06_324_a_3.jpg,T20_324,3,revisar,area de defecto dudosa (81%),True,0.982,2,0.494,0.114,0.809
T20_d06_324_b_3.jpg,T20_324,3,auto,,False,0.979,0,,0.0,0.0
T20_d06_332_a_3.jpg,T20_332,3,revisar,area de defecto dudosa (100%),True,0.981,2,0.155,0.0464,1.0
T20_d06_332_b_3.jpg,T20_332,3,auto,,False,0.98,1,0.686,0.2831,0.0
T20_d06_346_b_3.jpg,T20_346,3,revisar,area de defecto dudosa (100%),True,0.978,2,0.159,0.1108,1.0
T20_d06_347_b_3.jpg,T20_347,3,auto,,False,0.978,1,0.519,0.1023,0.0
T20_d06_352_a_4.jpg,T20_352,4,revisar,defecto rectangular; area de defecto dudosa (100%),True,0.977,1,0.195,0.6228,1.0
T20_d06_352_b_4.jpg,T20_352,4,auto,,False,0.981,0,,0.0,0.0
T20_d06_354_a_4.jpg,T20_354,4,auto,,False,0.972,0,,0.0,0.0
T20_d06_354_b_4.jpg,T20_354,4,revisar,area de defecto dudosa (100%),True,0.973,2,0.182,0.0266,1.0
T20_d06_361_a_3.jpg,T20_361,3,revisar,area de defecto dudosa (100%),True,0.979,2,0.176,0.138,0.998
T20_d06_361_b_3.jpg,T20_361,3,auto,,False,0.978,0,,0.0,0.0
T20_d06_369_a_3.jpg,T20_369,3,revisar,area de defecto dudosa (100%),True,0.98,2,0.16,0.053,1.0
T20_d06_369_b_3.jpg,T20_369,3,revisar,area de defecto dudosa (100%),True,0.978,1,0.423,0.0135,1.0
T20_d06_378_a_2.jpg,T20_378,2,revisar,area de defecto dudosa (100%),True,0.979,3,0.268,0.0362,1.0
T20_d06_378_b_2.jpg,T20_378,2,revisar,area de defecto dudosa (100%),True,0.979,2,0.269,0.0894,1.0
T20_d06_384_a_2.jpg,T20_384,2,revisar,area de defecto dudosa (100%),True,0.98,1,0.165,0.0303,1.0
T20_d06_384_b_2.jpg,T20_384,2,revisar,area de defecto dudosa (100%),True,0.977,2,0.205,0.0745,1.0
T20_d06_386_a_4.jpg,T20_386,4,auto,,False,0.976,1,0.587,0.0789,0.0
T20_d06_386_b_4.jpg,T20_386,4,revisar,area de defecto dudosa (100%),True,0.977,2,0.169,0.049,1.0
T20_d06_388_a_3.jpg,T20_388,3,revisar,area de defecto dudosa (100%),True,0.978,1,0.302,0.0133,1.0
T20_d06_388_b_3.jpg,T20_388,3,revisar,area de defecto dudosa (57%),True,0.974,4,0.217,0.4635,0.573
T20_d06_389_b_3.jpg,T20_389,3,auto,,False,0.981,0,,0.0,0.0
T20_d06_390_a_3.jpg,T20_390,3,auto,,False,0.979,2,0.445,0.0504,0.43
T20_d06_390_b_3.jpg,T20_390,3,auto,,False,0.98,1,0.671,0.1937,0.0
T20_d06_391_a_2.jpg,T20_391,2,auto,,False,0.98,1,0.659,0.1207,0.0
T20_d06_391_b_2.jpg,T20_391,2,revisar,defecto rectangular; area de defecto dudosa (100%),True,0.983,2,0.206,0.8736,1.0
T20_d06_394_a_4.jpg,T20_394,4,auto,,False,0.981,1,0.689,0.0516,0.0
T20_d06_394_b_4.jpg,T20_394,4,revisar,area de defecto dudosa (100%),True,0.979,1,0.227,0.0124,1.0
T20_d06_409_a_3.jpg,T20_409,3,revisar,area de defecto dudosa (100%),True,0.977,2,0.292,0.1162,1.0
T20_d06_409_b_3.jpg,T20_409,3,auto,,False,0.979,0,,0.0,0.0
T20_d06_412_a_3.jpg,T20_412,3,auto,,False,0.975,1,0.77,0.1635,0.0
T20_d06_412_b_3.jpg,T20_412,3,revisar,area de defecto dudosa (100%),True,0.979,1,0.452,0.0168,1.0
T20_d06_421_a_4.jpg,T20_421,4,revisar,area de defecto dudosa (100%),True,0.978,2,0.182,0.1122,1.0
T20_d06_421_b_4.jpg,T20_421,4,revisar,area de defecto dudosa (100%),True,0.979,3,0.196,0.095,1.0
T20_d06_423_a_2.jpg,T20_423,2,auto,,False,0.981,0,,0.0,0.0
T20_d06_426_a_3.jpg,T20_426,3,revisar,area de defecto dudosa (100%),True,0.98,2,0.292,0.0784,1.0
T20_d06_426_b_3.jpg,T20_426,3,auto,,True,0.981,1,0.591,0.0306,0.0
T20_d06_431_a_4.jpg,T20_431,4,auto,,False,0.976,1,0.778,0.1503,0.0
T20_d06_431_b_4.jpg,T20_431,4,revisar,area de defecto dudosa (100%),True,0.981,4,0.153,0.7618,1.0
T20_d06_435_a_3.jpg,T20_435,3,auto,,True,0.979,0,,0.0,0.0
T20_d06_435_b_3.jpg,T20_435,3,auto,,False,0.978,1,0.743,0.0415,0.0
T20_d06_438_a_3.jpg,T20_438,3,auto,,False,0.978,0,,0.0,0.0
T20_d06_438_b_3.jpg,T20_438,3,auto,,False,0.977,0,,0.0,0.0
T20_d06_439_a_3.jpg,T20_439,3,auto,,False,0.979,1,0.746,0.2186,0.0
T20_d06_439_b_3.jpg,T20_439,3,revisar,defecto rectangular; area de defecto dudosa (100%),True,0.98,3,0.152,0.4903,1.0
T20_d06_440_a_4.jpg,T20_440,4,auto,,False,0.978,1,0.717,0.0545,0.0
T20_d06_440_b_4.jpg,T20_440,4,revisar,defecto rectangular; area de defecto dudosa (100%),True,0.982,3,0.159,0.5138,1.0
T20_d06_443_a_3.jpg,T20_443,3,auto,,False,0.976,0,,0.0,0.0
T20_d06_443_b_3.jpg,T20_443,3,revisar,area de defecto dudosa (100%),True,0.977,4,0.151,0.0813,1.0
T20_d06_455_a_3.jpg,T20_455,3,auto,,False,0.98,2,0.528,0.1259,0.0
T20_d06_455_b_3.jpg,T20_455,3,auto,,False,0.98,1,0.641,0.0539,0.0
T20_d06_461_a_4.jpg,T20_461,4,auto,,False,0.978,1,0.591,0.0788,0.0
T20_d06_461_b_4.jpg,T20_461,4,revisar,area de defecto dudosa (81%),True,0.977,4,0.158,0.3642,0.808
T20_d06_464_a_4.jpg,T20_464,4,auto,,False,0.976,0,,0.0,0.0
T20_d06_464_b_4.jpg,T20_464,4,auto,,False,0.978,0,,0.0,0.0
T20_d06_469_a_3.jpg,T20_469,3,revisar,area de defecto dudosa (100%),True,0.979,3,0.16,0.1251,1.0
T20_d06_469_b_3.jpg,T20_469,3,revisar,area de defecto dudosa (100%),True,0.976,3,0.151,0.2548,1.0
T20_d06_477_a_4.jpg,T20_477,4,revisar,area de defecto dudosa (100%),True,0.979,1,0.246,0.047,1.0
T20_d07_001_a_4.jpg,T20_001,4,revisar,area de defecto dudosa (100%),True,0.977,1,0.433,0.0307,1.0
T20_d07_001_b_4.jpg,T20_001,4,auto,,False,0.973,0,,0.0,0.0
T20_d07_004_a_4.jpg,T20_004,4,revisar,area de defecto dudosa (100%),True,0.977,2,0.208,0.0755,1.0
T20_d07_004_b_4.jpg,T20_004,4,revisar,area de defecto dudosa (100%),True,0.985,3,0.193,0.0694,1.0
T20_d07_005_b_4.jpg,T20_005,4,revisar,area de defecto dudosa (100%),True,0.978,3,0.182,0.1389,1.0
T20_d07_008_a_3.jpg,T20_008,3,revisar,area de defecto dudosa (100%),True,0.983,1,0.211,0.0118,1.0
T20_d07_008_b_3.jpg,T20_008,3,revisar,area de defecto dudosa (100%),True,0.979,1,0.206,0.2117,1.0
T20_d07_023_a_4.jpg,T20_023,4,revisar,area de defecto dudosa (100%),True,0.98,1,0.331,0.0561,1.0
T20_d07_023_b_4.jpg,T20_023,4,auto,,False,0.977,1,0.815,0.0867,0.0
T20_d07_025_a_4.jpg,T20_025,4,revisar,area de defecto dudosa (100%),True,0.978,2,0.164,0.2603,1.0
T20_d07_025_b_4.jpg,T20_025,4,auto,,False,0.979,0,,0.0,0.0
T20_d07_029_a_4.jpg,T20_029,4,auto,,False,0.98,0,,0.0,0.0
T20_d07_029_b_4.jpg,T20_029,4,revisar,area de defecto dudosa (94%),True,0.976,2,0.232,0.059,0.939
T20_d07_031_a_4.jpg,T20_031,4,revisar,defecto rectangular; area de defecto dudosa (100%),True,0.983,2,0.209,0.5299,1.0
T20_d07_031_b_4.jpg,T20_031,4,revisar,area de defecto dudosa (100%),True,0.983,3,0.164,0.3515,1.0
T20_d07_032_a_4.jpg,T20_032,4,revisar,area de defecto dudosa (100%),True,0.983,1,0.341,0.0349,1.0
T20_d07_032_b_4.jpg,T20_032,4,auto,,False,0.979,0,,0.0,0.0
T20_d07_036_a_3.jpg,T20_036,3,revisar,area de defecto dudosa (100%),True,0.978,4,0.188,0.4662,1.0
T20_d07_036_b_3.jpg,T20_036,3,revisar,area de defecto dudosa (100%),True,0.98,1,0.339,0.0441,1.0
T20_d07_042_a_4.jpg,T20_042,4,auto,,False,0.975,1,0.738,0.0241,0.0
T20_d07_042_b_4.jpg,T20_042,4,auto,,False,0.976,0,,0.0,0.0
T20_d07_049_a_4.jpg,T20_049,4,revisar,area de defecto dudosa (100%),True,0.976,5,0.155,0.4369,1.0
T20_d07_049_b_4.jpg,T20_049,4,revisar,area de defecto dudosa (100%),True,0.98,1,0.203,0.0136,1.0
T20_d07_050_a_4.jpg,T20_050,4,revisar,area de defecto dudosa (100%),True,0.976,3,0.171,0.0822,1.0
T20_d07_050_b_4.jpg,T20_050,4,auto,,True,0.976,0,,0.0,0.0
T20_d07_060_a_4.jpg,T20_060,4,revisar,area de defecto dudosa (75%),True,0.98,2,0.488,0.0704,0.753
T20_d07_060_b_4.jpg,T20_060,4,auto,,False,0.981,0,,0.0,0.0
T20_d07_071_a_4.jpg,T20_071,4,revisar,area de defecto dudosa (100%),True,0.975,1,0.483,0.015,1.0
T20_d07_071_b_4.jpg,T20_071,4,revisar,area de defecto dudosa (100%),True,0.981,3,0.161,0.0311,1.0
T20_d07_076_a_4.jpg,T20_076,4,auto,,False,0.98,1,0.72,0.0267,0.0
T20_d07_076_b_4.jpg,T20_076,4,revisar,area de defecto dudosa (100%),True,0.98,2,0.285,0.1237,1.0
T20_d07_084_a_4.jpg,T20_084,4,revisar,area de defecto dudosa (96%),True,0.977,3,0.17,0.4911,0.961
T20_d07_084_b_4.jpg,T20_084,4,auto,,False,0.981,0,,0.0,0.0
T20_d07_090_a_4.jpg,T20_090,4,auto,,False,0.978,0,,0.0,0.0
T20_d07_090_b_4.jpg,T20_090,4,revisar,area de defecto dudosa (100%),True,0.979,3,0.257,0.051,1.0
T20_d07_095_a_4.jpg,T20_095,4,auto,,True,0.978,1,0.642,0.0532,0.0
T20_d07_095_b_4.jpg,T20_095,4,revisar,area de defecto dudosa (100%),True,0.978,2,0.266,0.2704,1.0
T20_d07_101_a_3.jpg,T20_101,3,auto,,False,0.979,0,,0.0,0.0
T20_d07_101_b_3.jpg,T20_101,3,revisar,area de defecto dudosa (100%),True,0.978,1,0.384,0.0435,1.0
T20_d07_103_a_4.jpg,T20_103,4,revisar,area de defecto dudosa (100%),True,0.979,2,0.213,0.0579,1.0
T20_d07_103_b_4.jpg,T20_103,4,revisar,area de defecto dudosa (90%),True,0.978,3,0.159,0.4172,0.904
T20_d07_106_a_4.jpg,T20_106,4,revisar,area de defecto dudosa (100%),True,0.983,3,0.182,0.0678,1.0
T20_d07_106_b_4.jpg,T20_106,4,revisar,area de defecto dudosa (100%),True,0.981,2,0.203,0.0725,1.0
T20_d07_107_a_4.jpg,T20_107,4,auto,,False,0.98,0,,0.0,0.0
T20_d07_107_b_4.jpg,T20_107,4,revisar,area de defecto dudosa (100%),True,0.978,1,0.155,0.0098,1.0
T20_d07_112_a_3.jpg,T20_112,3,revisar,area de defecto dudosa (99%),True,0.976,2,0.231,0.1381,0.988
T20_d07_112_b_3.jpg,T20_112,3,auto,,False,0.977,0,,0.0,0.0
T20_d07_114_a_4.jpg,T20_114,4,auto,,False,0.978,1,0.83,0.0557,0.0
T20_d07_114_b_4.jpg,T20_114,4,auto,,False,0.981,0,,0.0,0.0
T20_d07_115_a_3.jpg,T20_115,3,revisar,area de defecto dudosa (100%),True,0.978,2,0.16,0.0983,1.0
T20_d07_115_b_3.jpg,T20_115,3,auto,,False,0.982,0,,0.0,0.0
T20_d07_116_a_3.jpg,T20_116,3,auto,,False,0.981,1,0.77,0.3004,0.0
T20_d07_116_b_3.jpg,T20_116,3,revisar,area de defecto dudosa (100%),True,0.981,2,0.165,0.1462,1.0
T20_d07_132_a_4.jpg,T20_132,4,revisar,area de defecto dudosa (100%),True,0.98,3,0.158,0.261,1.0
T20_d07_132_b_4.jpg,T20_132,4,revisar,area de defecto dudosa (64%),True,0.981,2,0.161,0.0469,0.641
T20_d07_137_a_3.jpg,T20_137,3,revisar,area de defecto dudosa (100%),True,0.979,2,0.252,0.1082,1.0
T20_d07_137_b_3.jpg,T20_137,3,revisar,area de defecto dudosa (100%),True,0.976,2,0.169,0.1286,1.0
T20_d07_143_a_4.jpg,T20_143,4,revisar,area de defecto dudosa (100%),True,0.973,1,0.28,0.0368,1.0
T20_d07_143_b_4.jpg,T20_143,4,auto,,False,0.978,1,0.664,0.2136,0.0
T20_d07_146_a_4.jpg,T20_146,4,revisar,area de defecto dudosa (91%),True,0.98,2,0.252,0.1708,0.914
T20_d07_150_a_3.jpg,T20_150,3,auto,,False,0.98,0,,0.0,0.0
T20_d07_150_b_3.jpg,T20_150,3,revisar,area de defecto dudosa (100%),True,0.975,3,0.179,0.4536,1.0
T20_d07_155_a_4.jpg,T20_155,4,revisar,area de defecto dudosa (100%),True,0.975,2,0.25,0.1813,1.0
T20_d07_155_b_4.jpg,T20_155,4,revisar,area de defecto dudosa (100%),True,0.978,1,0.288,0.1033,1.0
T20_d07_170_a_4.jpg,T20_170,4,auto,,False,0.981,0,,0.0,0.0
T20_d07_170_b_4.jpg,T20_170,4,revisar,area de defecto dudosa (100%),True,0.978,3,0.166,0.1554,1.0
T20_d07_174_b_4.jpg,T20_174,4,auto,,False,0.977,0,,0.0,0.0
T20_d07_178_a_4.jpg,T20_178,4,revisar,area de defecto dudosa (100%),True,0.977,1,0.474,0.2862,1.0
T20_d07_178_b_4.jpg,T20_178,4,auto,,False,0.974,0,,0.0,0.0
T20_d07_183_a_4.jpg,T20_183,4,auto,,False,0.978,0,,0.0,0.0
T20_d07_183_b_4.jpg,T20_183,4,auto,,False,0.978,0,,0.0,0.0
T20_d07_185_a_4.jpg,T20_185,4,revisar,area de defecto dudosa (99%),True,0.981,2,0.299,0.0738,0.986
T20_d07_185_b_4.jpg,T20_185,4,revisar,area de defecto dudosa (100%),True,0.976,2,0.204,0.4167,1.0
T20_d07_187_a_3.jpg,T20_187,3,auto,,False,0.983,0,,0.0,0.0
T20_d07_187_b_3.jpg,T20_187,3,revisar,area de defecto dudosa (100%),True,0.973,2,0.494,0.1256,1.0
T20_d07_188_b_4.jpg,T20_188,4,revisar,area de defecto dudosa (100%),True,0.972,1,0.346,0.045,1.0
T20_d07_192_a_4.jpg,T20_192,4,auto,,False,0.972,0,,0.0,0.0
T20_d07_192_b_4.jpg,T20_192,4,auto,,True,0.975,0,,0.0,0.0
T20_d07_212_a_4.jpg,T20_212,4,revisar,area de defecto dudosa (100%),True,0.982,1,0.278,0.0121,1.0
T20_d07_212_b_4.jpg,T20_212,4,revisar,area de defecto dudosa (96%),True,0.977,2,0.293,0.1796,0.963
T20_d07_214_b_4.jpg,T20_214,4,revisar,area de defecto dudosa (100%),True,0.98,1,0.239,0.1327,1.0
T20_d07_222_b_3.jpg,T20_222,3,revisar,area de defecto dudosa (100%),True,0.983,2,0.185,0.1678,1.0
T20_d07_225_a_4.jpg,T20_225,4,revisar,area de defecto dudosa (100%),True,0.973,2,0.264,0.078,1.0
T20_d07_225_b_4.jpg,T20_225,4,auto,,False,0.976,0,,0.0,0.0
T20_d07_226_a_3.jpg,T20_226,3,auto,,False,0.977,0,,0.0,0.0
T20_d07_226_b_3.jpg,T20_226,3,auto,,False,0.979,0,,0.0,0.0
T20_d07_232_a_4.jpg,T20_232,4,revisar,area de defecto dudosa (100%),True,0.98,2,0.167,0.507,1.0
T20_d07_232_b_4.jpg,T20_232,4,auto,,False,0.98,0,,0.0,0.0
T20_d07_244_a_4.jpg,T20_244,4,revisar,area de defecto dudosa (100%),True,0.975,1,0.49,0.0211,1.0
T20_d07_244_b_4.jpg,T20_244,4,revisar,area de defecto dudosa (100%),True,0.978,1,0.443,0.047,1.0
T20_d07_255_a_4.jpg,T20_255,4,auto,,False,0.981,0,,0.0,0.0
T20_d07_255_b_4.jpg,T20_255,4,auto,,False,0.981,0,,0.0,0.0
T20_d07_256_a_3.jpg,T20_256,3,auto,,False,0.978,0,,0.0,0.0
T20_d07_256_b_3.jpg,T20_256,3,auto,,False,0.978,0,,0.0,0.0
T20_d07_258_a_4.jpg,T20_258,4,auto,,False,0.975,0,,0.0,0.0
T20_d07_258_b_4.jpg,T20_258,4,revisar,area de defecto dudosa (67%),True,0.979,4,0.281,0.1669,0.673
T20_d07_259_a_3.jpg,T20_259,3,revisar,area de defecto dudosa (100%),True,0.972,3,0.151,0.5149,1.0
T20_d07_260_a_3.jpg,T20_260,3,auto,,False,0.982,0,,0.0,0.0
T20_d07_260_b_3.jpg,T20_260,3,auto,,False,0.976,0,,0.0,0.0
T20_d07_263_a_4.jpg,T20_263,4,revisar,area de defecto dudosa (100%),True,0.982,1,0.208,0.0561,1.0
T20_d07_263_b_4.jpg,T20_263,4,auto,,False,0.983,0,,0.0,0.0
T20_d07_265_a_3.jpg,T20_265,3,revisar,area de defecto dudosa (100%),True,0.976,1,0.249,0.4641,1.0
T20_d07_265_b_3.jpg,T20_265,3,auto,,False,0.976,0,,0.0,0.0
T20_d07_267_a_4.jpg,T20_267,4,revisar,area de defecto dudosa (100%),True,0.977,3,0.178,0.0722,1.0
T20_d07_267_b_4.jpg,T20_267,4,auto,,False,0.979,0,,0.0,0.0
T20_d07_268_a_3.jpg,T20_268,3,auto,,False,0.981,1,0.505,0.0181,0.0
T20_d07_268_b_3.jpg,T20_268,3,revisar,area de defecto dudosa (100%),True,0.982,3,0.164,0.1085,1.0
T20_d07_272_a_3.jpg,T20_272,3,auto,,False,0.977,0,,0.0,0.0
T20_d07_272_b_3.jpg,T20_272,3,auto,,False,0.978,0,,0.0,0.0
T20_d07_277_a_4.jpg,T20_277,4,revisar,area de defecto dudosa (100%),True,0.979,1,0.271,0.1828,1.0
T20_d07_277_b_4.jpg,T20_277,4,revisar,area de defecto dudosa (100%),True,0.981,4,0.191,0.6696,1.0
T20_d07_287_a_4.jpg,T20_287,4,revisar,area de defecto dudosa (100%),True,0.98,2,0.174,0.0563,1.0
T20_d07_287_b_4.jpg,T20_287,4,auto,,False,0.979,1,0.708,0.0931,0.0
T20_d07_288_a_4.jpg,T20_288,4,auto,,False,0.98,0,,0.0,0.0
T20_d07_288_b_4.jpg,T20_288,4,auto,,False,0.979,0,,0.0,0.0
T20_d07_293_a_4.jpg,T20_293,4,revisar,area de defecto dudosa (100%),True,0.977,1,0.373,0.0257,1.0
T20_d07_293_b_4.jpg,T20_293,4,revisar,area de defecto dudosa (100%),True,0.978,1,0.455,0.0244,1.0
T20_d07_305_a_3.jpg,T20_305,3,auto,,False,0.979,0,,0.0,0.0
T20_d07_305_b_3.jpg,T20_305,3,auto,,False,0.978,0,,0.0,0.0
T20_d07_311_a_4.jpg,T20_311,4,revisar,area de defecto dudosa (100%),True,0.977,1,0.184,0.1375,1.0
T20_d07_311_b_4.jpg,T20_311,4,auto,,False,0.977,0,,0.0,0.0
T20_d07_316_a_4.jpg,T20_316,4,auto,,False,0.982,1,0.739,0.0565,0.0
T20_d07_316_b_4.jpg,T20_316,4,auto,,False,0.978,1,0.663,0.1173,0.0
T20_d07_322_a_3.jpg,T20_322,3,auto,,False,0.978,1,0.677,0.1735,0.0
T20_d07_322_b_3.jpg,T20_322,3,revisar,area de defecto dudosa (100%),True,0.98,5,0.167,0.4249,1.0
T20_d07_324_a_4.jpg,T20_324,4,revisar,area de defecto dudosa (69%),True,0.981,2,0.396,0.1482,0.693
T20_d07_332_a_3.jpg,T20_332,3,revisar,area de defecto dudosa (100%),True,0.979,1,0.392,0.0241,1.0
T20_d07_332_b_3.jpg,T20_332,3,auto,,False,0.98,1,0.745,0.1587,0.0
T20_d07_346_a_4.jpg,T20_346,4,revisar,area de defecto dudosa (100%),True,0.977,3,0.152,0.3228,1.0
T20_d07_346_b_4.jpg,T20_346,4,revisar,area de defecto dudosa (100%),True,0.978,1,0.438,0.1272,1.0
T20_d07_347_a_4.jpg,T20_347,4,revisar,area de defecto dudosa (100%),True,0.981,2,0.425,0.2823,1.0
T20_d07_347_b_4.jpg,T20_347,4,auto,,False,0.981,1,0.547,0.1013,0.0
T20_d07_352_a_4.jpg,T20_352,4,revisar,area de defecto dudosa (100%),True,0.981,1,0.167,0.7176,1.0
T20_d07_352_b_4.jpg,T20_352,4,auto,,False,0.978,0,,0.0,0.0
T20_d07_354_a_4.jpg,T20_354,4,auto,,False,0.978,0,,0.0,0.0
T20_d07_361_a_3.jpg,T20_361,3,revisar,area de defecto dudosa (100%),True,0.98,2,0.2,0.1677,1.0
T20_d07_361_b_3.jpg,T20_361,3,auto,,False,0.978,0,,0.0,0.0
T20_d07_369_a_4.jpg,T20_369,4,revisar,area de defecto dudosa (100%),True,0.981,3,0.189,0.0657,1.0
T20_d07_369_b_4.jpg,T20_369,4,revisar,area de defecto dudosa (100%),True,0.977,1,0.194,0.0134,1.0
T20_d07_378_a_3.jpg,T20_378,3,auto,,False,0.979,2,0.212,0.0334,0.403
T20_d07_378_b_3.jpg,T20_378,3,revisar,area de defecto dudosa (100%),True,0.978,1,0.313,0.0391,1.0
T20_d07_384_a_3.jpg,T20_384,3,auto,,False,0.981,0,,0.0,0.0
T20_d07_384_b_3.jpg,T20_384,3,auto,,False,0.981,1,0.523,0.0819,0.0
T20_d07_386_b_4.jpg,T20_386,4,revisar,area de defecto dudosa (100%),True,0.977,2,0.194,0.0473,1.0
T20_d07_388_a_3.jpg,T20_388,3,auto,,False,0.979,1,0.513,0.0217,0.0
T20_d07_388_b_3.jpg,T20_388,3,revisar,area de defecto dudosa (100%),True,0.98,3,0.157,0.4132,1.0
T20_d07_389_a_4.jpg,T20_389,4,auto,,False,0.983,1,0.73,0.1733,0.0
T20_d07_389_b_4.jpg,T20_389,4,auto,,False,0.978,0,,0.0,0.0
T20_d07_390_a_3.jpg,T20_390,3,auto,,False,0.978,2,0.406,0.0551,0.4
T20_d07_390_b_3.jpg,T20_390,3,auto,,False,0.975,1,0.685,0.1805,0.0
T20_d07_391_a_3.jpg,T20_391,3,auto,,False,0.98,1,0.746,0.1211,0.0
T20_d07_391_b_3.jpg,T20_391,3,revisar,area de defecto dudosa (100%),True,0.981,3,0.201,0.8912,1.0
T20_d07_394_a_4.jpg,T20_394,4,auto,,False,0.978,1,0.644,0.0542,0.0
T20_d07_394_b_4.jpg,T20_394,4,auto,,False,0.979,0,,0.0,0.0
T20_d07_409_a_4.jpg,T20_409,4,revisar,area de defecto dudosa (100%),True,0.979,2,0.156,0.0995,1.0
T20_d07_409_b_4.jpg,T20_409,4,auto,,False,0.978,0,,0.0,0.0
T20_d07_412_a_4.jpg,T20_412,4,auto,,False,0.977,1,0.791,0.1556,0.0
T20_d07_412_b_4.jpg,T20_412,4,auto,,True,0.975,1,0.617,0.0254,0.0
T20_d07_421_a_4.jpg,T20_421,4,revisar,area de defecto dudosa (100%),True,0.98,3,0.164,0.1971,1.0
T20_d07_421_b_4.jpg,T20_421,4,revisar,area de defecto dudosa (97%),True,0.977,3,0.207,0.0889,0.97
T20_d07_423_a_3.jpg,T20_423,3,auto,,False,0.982,0,,0.0,0.0
T20_d07_423_b_3.jpg,T20_423,3,revisar,area de defecto dudosa (100%),True,0.976,3,0.186,0.078,1.0
T20_d07_426_a_3.jpg,T20_426,3,revisar,area de defecto dudosa (100%),True,0.975,2,0.247,0.0822,1.0
T20_d07_426_b_3.jpg,T20_426,3,auto,,False,0.978,1,0.632,0.0267,0.0
T20_d07_431_a_4.jpg,T20_431,4,auto,,False,0.979,1,0.788,0.1437,0.0
T20_d07_431_b_4.jpg,T20_431,4,revisar,area de defecto dudosa (100%),True,0.98,5,0.165,0.7487,1.0
T20_d07_438_b_3.jpg,T20_438,3,auto,,False,0.975,0,,0.0,0.0
T20_d07_439_a_3.jpg,T20_439,3,auto,,False,0.978,1,0.715,0.232,0.0
T20_d07_439_b_3.jpg,T20_439,3,revisar,defecto rectangular; area de defecto dudosa (100%),True,0.98,1,0.222,0.3798,1.0
T20_d07_440_a_4.jpg,T20_440,4,auto,,False,0.978,1,0.663,0.0408,0.0
T20_d07_440_b_4.jpg,T20_440,4,revisar,defecto rectangular; area de defecto dudosa (100%),True,0.978,3,0.157,0.4122,1.0
T20_d07_443_a_3.jpg,T20_443,3,auto,,False,0.976,0,,0.0,0.0
T20_d07_443_b_3.jpg,T20_443,3,revisar,area de defecto dudosa (100%),True,0.973,2,0.267,0.0764,1.0
T20_d07_455_a_3.jpg,T20_455,3,revisar,area de defecto dudosa (100%),True,0.976,2,0.45,0.1271,0.998
T20_d07_455_b_3.jpg,T20_455,3,revisar,area de defecto dudosa (98%),True,0.979,2,0.204,0.0403,0.983
T20_d07_461_b_4.jpg,T20_461,4,revisar,area de defecto dudosa (86%),True,0.978,4,0.166,0.3823,0.856
T20_d07_463_a_3.jpg,T20_463,3,auto,,False,0.977,0,,0.0,0.0
T20_d07_463_b_3.jpg,T20_463,3,revisar,area de defecto dudosa (100%),True,0.979,2,0.199,0.1659,1.0
T20_d07_464_a_4.jpg,T20_464,4,auto,,False,0.981,0,,0.0,0.0
T20_d07_464_b_4.jpg,T20_464,4,auto,,False,0.978,0,,0.0,0.0
T20_d07_469_a_3.jpg,T20_469,3,revisar,area de defecto dudosa (100%),True,0.982,2,0.235,0.1824,1.0
T20_d07_469_b_3.jpg,T20_469,3,revisar,area de defecto dudosa (100%),True,0.981,4,0.181,0.0698,1.0
T20_d07_477_a_4.jpg,T20_477,4,revisar,area de defecto dudosa (100%),True,0.978,1,0.426,0.0433,1.0
T20_d07_477_b_4.jpg,T20_477,4,auto,,False,0.978,2,0.379,0.1036,0.244
T20_d08_001_a_4.jpg,T20_001,4,revisar,area de defecto dudosa (100%),True,0.978,2,0.246,0.0458,1.0
T20_d08_004_a_4.jpg,T20_004,4,auto,,False,0.981,0,,0.0,0.0
T20_d08_004_b_4.jpg,T20_004,4,revisar,area de defecto dudosa (100%),True,0.976,6,0.179,0.2218,1.0
T20_d08_005_a_4.jpg,T20_005,4,auto,,False,0.977,1,0.573,0.1247,0.0
T20_d08_005_b_4.jpg,T20_005,4,revisar,area de defecto dudosa (100%),True,0.974,2,0.178,0.0178,1.0
T20_d08_008_a_4.jpg,T20_008,4,revisar,area de defecto dudosa (100%),True,0.981,1,0.455,0.0115,1.0
T20_d08_008_b_4.jpg,T20_008,4,revisar,area de defecto dudosa (100%),True,0.979,2,0.165,0.3929,1.0
T20_d08_023_a_4.jpg,T20_023,4,revisar,area de defecto dudosa (100%),True,0.983,1,0.168,0.0468,1.0
T20_d08_023_b_4.jpg,T20_023,4,auto,,True,0.979,1,0.773,0.0784,0.0
T20_d08_025_b_4.jpg,T20_025,4,revisar,area de defecto dudosa (100%),True,0.977,3,0.156,0.0788,1.0
T20_d08_031_a_4.jpg,T20_031,4,auto,,True,0.982,1,0.572,0.1078,0.0
T20_d08_031_b_4.jpg,T20_031,4,revisar,area de defecto dudosa (100%),True,0.983,3,0.218,0.3546,1.0
T20_d08_032_a_4.jpg,T20_032,4,revisar,area de defecto dudosa (100%),True,0.98,1,0.378,0.0325,1.0
T20_d08_032_b_4.jpg,T20_032,4,revisar,area de defecto dudosa (100%),True,0.982,2,0.153,0.0208,1.0
T20_d08_036_a_4.jpg,T20_036,4,revisar,area de defecto dudosa (100%),True,0.98,5,0.161,0.4663,1.0
T20_d08_036_b_4.jpg,T20_036,4,revisar,area de defecto dudosa (100%),True,0.978,1,0.173,0.2164,1.0
T20_d08_042_b_4.jpg,T20_042,4,auto,,False,0.978,0,,0.0,0.0
T20_d08_049_a_4.jpg,T20_049,4,revisar,area de defecto dudosa (100%),True,0.977,6,0.178,0.4494,1.0
T20_d08_049_b_4.jpg,T20_049,4,revisar,area de defecto dudosa (100%),True,0.978,2,0.154,0.0168,1.0
T20_d08_050_b_4.jpg,T20_050,4,auto,,False,0.976,0,,0.0,0.0
T20_d08_060_a_4.jpg,T20_060,4,auto,,False,0.98,2,0.525,0.0611,0.0
T20_d08_060_b_4.jpg,T20_060,4,revisar,area de defecto dudosa (100%),True,0.979,1,0.18,0.0081,1.0
T20_d08_071_a_4.jpg,T20_071,4,revisar,area de defecto dudosa (100%),True,0.978,2,0.218,0.0355,1.0
T20_d08_071_b_4.jpg,T20_071,4,revisar,area de defecto dudosa (100%),True,0.979,3,0.156,0.125,1.0
T20_d08_076_a_4.jpg,T20_076,4,auto,,False,0.981,1,0.704,0.0396,0.0
T20_d08_076_b_4.jpg,T20_076,4,revisar,area de defecto dudosa (100%),True,0.979,4,0.187,0.0986,1.0
T20_d08_084_a_5.jpg,T20_084,5,revisar,area de defecto dudosa (100%),True,0.982,2,0.229,0.4586,1.0
T20_d08_084_b_5.jpg,T20_084,5,auto,,True,0.982,0,,0.0,0.0
T20_d08_090_a_4.jpg,T20_090,4,revisar,area de defecto dudosa (100%),True,0.978,1,0.307,0.0239,1.0
T20_d08_090_b_4.jpg,T20_090,4,revisar,area de defecto dudosa (100%),True,0.976,3,0.19,0.0718,1.0
T20_d08_095_a_4.jpg,T20_095,4,revisar,area de defecto dudosa (100%),True,0.978,2,0.196,0.1185,1.0
T20_d08_095_b_4.jpg,T20_095,4,revisar,area de defecto dudosa (100%),True,0.978,2,0.201,0.0667,1.0
T20_d08_101_a_4.jpg,T20_101,4,auto,,False,0.977,0,,0.0,0.0
T20_d08_101_b_4.jpg,T20_101,4,auto,,False,0.979,0,,0.0,0.0
T20_d08_103_a_4.jpg,T20_103,4,revisar,area de defecto dudosa (100%),True,0.978,3,0.191,0.0529,1.0
T20_d08_103_b_4.jpg,T20_103,4,revisar,area de defecto dudosa (100%),True,0.976,3,0.183,0.6066,1.0
T20_d08_106_a_4.jpg,T20_106,4,revisar,area de defecto dudosa (100%),True,0.982,3,0.239,0.4106,1.0
T20_d08_107_a_4.jpg,T20_107,4,auto,,False,0.98,0,,0.0,0.0
T20_d08_107_b_4.jpg,T20_107,4,auto,,True,0.979,1,0.621,0.0385,0.0
T20_d08_112_a_4.jpg,T20_112,4,revisar,area de defecto dudosa (100%),True,0.976,2,0.187,0.2193,1.0
T20_d08_112_b_4.jpg,T20_112,4,revisar,area de defecto dudosa (100%),True,0.977,2,0.223,0.1177,1.0
T20_d08_114_a_4.jpg,T20_114,4,auto,,False,0.977,1,0.774,0.0587,0.0
T20_d08_114_b_4.jpg,T20_114,4,auto,,False,0.982,0,,0.0,0.0
T20_d08_115_a_4.jpg,T20_115,4,auto,,False,0.979,1,0.598,0.0956,0.0
T20_d08_115_b_4.jpg,T20_115,4,auto,,False,0.978,0,,0.0,0.0
T20_d08_116_a_4.jpg,T20_116,4,auto,,False,0.979,1,0.796,0.2999,0.0
T20_d08_116_b_4.jpg,T20_116,4,revisar,area de defecto dudosa (100%),True,0.976,1,0.335,0.0895,1.0
T20_d08_132_a_4.jpg,T20_132,4,revisar,area de defecto dudosa (100%),True,0.98,3,0.175,0.2941,1.0
T20_d08_132_b_4.jpg,T20_132,4,revisar,area de defecto dudosa (52%),True,0.982,2,0.177,0.0395,0.522
T20_d08_137_a_4.jpg,T20_137,4,revisar,area de defecto dudosa (100%),True,0.977,2,0.223,0.15,1.0
T20_d08_137_b_4.jpg,T20_137,4,revisar,area de defecto dudosa (100%),True,0.978,3,0.238,0.2416,1.0
T20_d08_143_a_4.jpg,T20_143,4,revisar,area de defecto dudosa (100%),True,0.972,1,0.432,0.037,1.0
T20_d08_143_b_4.jpg,T20_143,4,auto,,False,0.977,2,0.595,0.2708,0.0
T20_d08_146_a_4.jpg,T20_146,4,revisar,area de defecto dudosa (100%),True,0.976,3,0.286,0.2592,1.0
T20_d08_146_b_4.jpg,T20_146,4,revisar,area de defecto dudosa (100%),True,0.978,2,0.313,0.0715,1.0
T20_d08_150_b_4.jpg,T20_150,4,revisar,area de defecto dudosa (100%),True,0.979,3,0.159,0.3343,1.0
T20_d08_155_a_4.jpg,T20_155,4,revisar,area de defecto dudosa (100%),True,0.977,1,0.469,0.1886,1.0
T20_d08_155_b_4.jpg,T20_155,4,revisar,area de defecto dudosa (100%),True,0.979,2,0.157,0.5603,1.0
T20_d08_170_a_4.jpg,T20_170,4,auto,,False,0.979,0,,0.0,0.0
T20_d08_170_b_4.jpg,T20_170,4,revisar,area de defecto dudosa (100%),True,0.98,6,0.166,0.4359,1.0
T20_d08_174_a_5.jpg,T20_174,5,revisar,area de defecto dudosa (100%),True,0.982,2,0.281,0.0791,1.0
T20_d08_174_b_5.jpg,T20_174,5,revisar,area de defecto dudosa (100%),True,0.979,2,0.19,0.1335,1.0
T20_d08_178_a_4.jpg,T20_178,4,revisar,area de defecto dudosa (100%),True,0.972,2,0.337,0.3078,1.0
T20_d08_178_b_4.jpg,T20_178,4,auto,,False,0.981,0,,0.0,0.0
T20_d08_183_a_4.jpg,T20_183,4,auto,,False,0.98,0,,0.0,0.0
T20_d08_183_b_4.jpg,T20_183,4,auto,,False,0.979,0,,0.0,0.0
T20_d08_185_a_4.jpg,T20_185,4,revisar,area de defecto dudosa (100%),True,0.979,3,0.228,0.0459,1.0
T20_d08_185_b_4.jpg,T20_185,4,revisar,area de defecto dudosa (100%),True,0.976,3,0.215,0.0363,0.999
T20_d08_187_b_4.jpg,T20_187,4,revisar,area de defecto dudosa (100%),True,0.974,1,0.485,0.087,1.0
T20_d08_188_a_4.jpg,T20_188,4,auto,,False,0.969,1,0.554,0.1282,0.0
T20_d08_188_b_4.jpg,T20_188,4,auto,,False,0.973,0,,0.0,0.0
T20_d08_192_a_4.jpg,T20_192,4,auto,,False,0.976,0,,0.0,0.0
T20_d08_192_b_4.jpg,T20_192,4,auto,,False,0.977,0,,0.0,0.0
T20_d08_212_a_4.jpg,T20_212,4,auto,,False,0.982,0,,0.0,0.0
T20_d08_212_b_4.jpg,T20_212,4,revisar,area de defecto dudosa (97%),True,0.975,2,0.413,0.1846,0.969
T20_d08_214_b_4.jpg,T20_214,4,revisar,area de defecto dudosa (100%),True,0.981,1,0.216,0.1325,1.0
T20_d08_222_a_4.jpg,T20_222,4,revisar,area de defecto dudosa (100%),True,0.977,4,0.16,0.3518,0.999
T20_d08_222_b_4.jpg,T20_222,4,revisar,area de defecto dudosa (100%),True,0.977,4,0.196,0.2861,1.0
T20_d08_225_a_4.jpg,T20_225,4,revisar,area de defecto dudosa (100%),True,0.971,1,0.397,0.0667,1.0
T20_d08_225_b_4.jpg,T20_225,4,auto,,False,0.976,0,,0.0,0.0
T20_d08_226_a_4.jpg,T20_226,4,auto,,False,0.98,0,,0.0,0.0
T20_d08_226_b_4.jpg,T20_226,4,auto,,False,0.979,0,,0.0,0.0
T20_d08_232_a_4.jpg,T20_232,4,revisar,area de defecto dudosa (100%),True,0.979,1,0.241,0.0337,1.0
T20_d08_232_b_4.jpg,T20_232,4,revisar,area de defecto dudosa (100%),True,0.978,1,0.174,0.1248,1.0
T20_d08_244_a_4.jpg,T20_244,4,revisar,area de defecto dudosa (100%),True,0.976,1,0.407,0.0181,1.0
T20_d08_244_b_4.jpg,T20_244,4,auto,,False,0.98,1,0.536,0.0286,0.0
T20_d08_255_a_4.jpg,T20_255,4,auto,,False,0.981,0,,0.0,0.0
T20_d08_255_b_4.jpg,T20_255,4,auto,,False,0.981,0,,0.0,0.0
T20_d08_256_a_4.jpg,T20_256,4,auto,,False,0.977,0,,0.0,0.0
T20_d08_256_b_4.jpg,T20_256,4,auto,,False,0.98,0,,0.0,0.0
T20_d08_258_a_4.jpg,T20_258,4,auto,,False,0.975,0,,0.0,0.0
T20_d08_258_b_4.jpg,T20_258,4,auto,,False,0.977,3,0.165,0.1343,0.145
T20_d08_259_a_4.jpg,T20_259,4,revisar,area de defecto dudosa (100%),True,0.974,3,0.196,0.564,1.0
T20_d08_259_b_4.jpg,T20_259,4,revisar,area de defecto dudosa (100%),True,0.979,4,0.167,0.3741,1.0
T20_d08_260_b_4.jpg,T20_260,4,auto,,False,0.98,0,,0.0,0.0
T20_d08_263_a_4.jpg,T20_263,4,revisar,area de defecto dudosa (100%),True,0.981,1,0.381,0.0481,1.0
T20_d08_263_b_4.jpg,T20_263,4,revisar,area de defecto dudosa (100%),True,0.98,1,0.194,0.0297,1.0
T20_d08_265_a_4.jpg,T20_265,4,revisar,area de defecto dudosa (100%),True,0.976,1,0.244,0.4117,1.0
T20_d08_265_b_4.jpg,T20_265,4,auto,,False,0.975,0,,0.0,0.0
T20_d08_267_a_4.jpg,T20_267,4,revisar,area de defecto dudosa (100%),True,0.977,3,0.152,0.1253,1.0
T20_d08_267_b_4.jpg,T20_267,4,revisar,area de defecto dudosa (100%),True,0.98,2,0.164,0.1758,1.0
T20_d08_268_a_4.jpg,T20_268,4,auto,,False,0.981,0,,0.0,0.0
T20_d08_272_a_4.jpg,T20_272,4,auto,,True,0.979,0,,0.0,0.0
T20_d08_272_b_4.jpg,T20_272,4,auto,,False,0.979,0,,0.0,0.0
T20_d08_277_a_4.jpg,T20_277,4,revisar,area de defecto dudosa (100%),True,0.981,1,0.38,0.2349,1.0
T20_d08_287_a_4.jpg,T20_287,4,revisar,area de defecto dudosa (100%),True,0.978,4,0.205,0.1668,1.0
T20_d08_287_b_4.jpg,T20_287,4,auto,,False,0.977,1,0.703,0.0989,0.0
T20_d08_288_a_4.jpg,T20_288,4,auto,,False,0.98,0,,0.0,0.0
T20_d08_288_b_4.jpg,T20_288,4,auto,,False,0.98,0,,0.0,0.0
T20_d08_293_a_4.jpg,T20_293,4,revisar,area de defecto dudosa (100%),True,0.979,2,0.251,0.0511,1.0
T20_d08_293_b_4.jpg,T20_293,4,auto,,False,0.979,0,,0.0,0.0
T20_d08_311_a_4.jpg,T20_311,4,revisar,area de defecto dudosa (100%),True,0.976,1,0.2,0.0955,1.0
T20_d08_311_b_4.jpg,T20_311,4,auto,,False,0.979,0,,0.0,0.0
T20_d08_316_a_4.jpg,T20_316,4,auto,,False,0.982,1,0.713,0.0609,0.0
T20_d08_316_b_4.jpg,T20_316,4,auto,,False,0.977,1,0.636,0.0922,0.0
T20_d08_322_a_3.jpg,T20_322,3,auto,,False,0.98,1,0.638,0.0983,0.0
T20_d08_322_b_3.jpg,T20_322,3,revisar,area de defecto dudosa (100%),True,0.98,3,0.179,0.3831,1.0
T20_d08_324_a_4.jpg,T20_324,4,auto,,False,0.978,1,0.534,0.1613,0.0
T20_d08_324_b_4.jpg,T20_324,4,auto,,True,0.981,0,,0.0,0.0
T20_d08_332_a_4.jpg,T20_332,4,revisar,area de defecto dudosa (100%),True,0.981,2,0.282,0.0253,1.0
T20_d08_332_b_4.jpg,T20_332,4,auto,,False,0.983,1,0.713,0.1268,0.0
T20_d08_346_b_4.jpg,T20_346,4,revisar,area de defecto dudosa (100%),True,0.978,2,0.195,0.1049,1.0
T20_d08_347_a_4.jpg,T20_347,4,revisar,area de defecto dudosa (100%),True,0.979,2,0.347,0.273,1.0
T20_d08_347_b_4.jpg,T20_347,4,auto,,False,0.978,1,0.594,0.0931,0.0
T20_d08_352_a_4.jpg,T20_352,4,auto,,False,0.98,0,,0.0,0.0
T20_d08_352_b_4.jpg,T20_352,4,revisar,area de defecto dudosa (100%),True,0.978,1,0.215,0.0189,1.0
T20_d08_354_a_5.jpg,T20_354,5,auto,,False,0.982,0,,0.0,0.0
T20_d08_361_a_4.jpg,T20_361,4,revisar,area de defecto dudosa (100%),True,0.982,2,0.197,0.118,1.0
T20_d08_361_b_4.jpg,T20_361,4,revisar,area de defecto dudosa (100%),True,0.98,1,0.165,0.1682,1.0
T20_d08_369_a_4.jpg,T20_369,4,revisar,area de defecto dudosa (100%),True,0.98,3,0.17,0.0803,1.0
T20_d08_378_a_4.jpg,T20_378,4,revisar,area de defecto dudosa (100%),True,0.977,1,0.455,0.0436,1.0
T20_d08_378_b_4.jpg,T20_378,4,revisar,area de defecto dudosa (100%),True,0.978,3,0.199,0.116,1.0
T20_d08_384_a_4.jpg,T20_384,4,auto,,False,0.978,0,,0.0,0.0
T20_d08_384_b_4.jpg,T20_384,4,revisar,area de defecto dudosa (100%),True,0.98,2,0.187,0.0689,1.0
T20_d08_386_a_4.jpg,T20_386,4,auto,,False,0.983,1,0.595,0.0814,0.0
T20_d08_388_a_4.jpg,T20_388,4,revisar,area de defecto dudosa (100%),True,0.982,2,0.242,0.0345,1.0
T20_d08_388_b_4.jpg,T20_388,4,revisar,area de defecto dudosa (100%),True,0.979,3,0.195,0.5533,1.0
T20_d08_389_a_4.jpg,T20_389,4,auto,,False,0.978,1,0.781,0.1598,0.0
T20_d08_389_b_4.jpg,T20_389,4,auto,,False,0.979,0,,0.0,0.0
T20_d08_390_a_4.jpg,T20_390,4,auto,,False,0.98,2,0.253,0.0576,0.322
T20_d08_391_a_4.jpg,T20_391,4,auto,,False,0.977,1,0.814,0.1184,0.0
T20_d08_391_b_4.jpg,T20_391,4,revisar,defecto rectangular; area de defecto dudosa (100%),True,0.979,5,0.189,0.8875,1.0
T20_d08_394_a_4.jpg,T20_394,4,auto,,False,0.981,1,0.701,0.0588,0.0
T20_d08_394_b_4.jpg,T20_394,4,auto,,False,0.981,0,,0.0,0.0
T20_d08_409_a_4.jpg,T20_409,4,auto,,False,0.978,1,0.551,0.1125,0.0
T20_d08_409_b_4.jpg,T20_409,4,auto,,False,0.977,0,,0.0,0.0
T20_d08_412_a_4.jpg,T20_412,4,auto,,False,0.972,1,0.768,0.1579,0.0
T20_d08_412_b_4.jpg,T20_412,4,revisar,area de defecto dudosa (100%),True,0.979,1,0.334,0.0196,1.0
T20_d08_421_a_4.jpg,T20_421,4,revisar,area de defecto dudosa (100%),True,0.977,3,0.163,0.138,1.0
T20_d08_421_b_4.jpg,T20_421,4,revisar,area de defecto dudosa (96%),True,0.977,3,0.216,0.082,0.958
T20_d08_423_a_4.jpg,T20_423,4,auto,,False,0.983,0,,0.0,0.0
T20_d08_423_b_4.jpg,T20_423,4,revisar,area de defecto dudosa (92%),True,0.976,4,0.235,0.0795,0.922
T20_d08_426_a_4.jpg,T20_426,4,revisar,area de defecto dudosa (100%),True,0.979,2,0.162,0.0687,1.0
T20_d08_426_b_4.jpg,T20_426,4,revisar,area de defecto dudosa (100%),True,0.977,2,0.303,0.0408,1.0
T20_d08_431_a_5.jpg,T20_431,5,auto,,False,0.98,1,0.767,0.1367,0.0
T20_d08_431_b_5.jpg,T20_431,5,revisar,area de defecto dudosa (100%),True,0.979,3,0.177,0.5372,1.0
T20_d08_435_a_4.jpg,T20_435,4,auto,,False,0.98,0,,0.0,0.0
T20_d08_435_b_4.jpg,T20_435,4,auto,,False,0.977,2,0.27,0.1314,0.379
T20_d08_438_b_4.jpg,T20_438,4,auto,,False,0.978,0,,0.0,0.0
T20_d08_439_a_4.jpg,T20_439,4,auto,,False,0.977,1,0.71,0.2311,0.0
T20_d08_439_b_4.jpg,T20_439,4,revisar,area de defecto dudosa (100%),True,0.979,2,0.24,0.2914,1.0
T20_d08_440_a_4.jpg,T20_440,4,auto,,False,0.978,1,0.704,0.0539,0.0
T20_d08_440_b_4.jpg,T20_440,4,revisar,area de defecto dudosa (100%),True,0.98,2,0.16,0.3845,1.0
T20_d08_443_a_4.jpg,T20_443,4,auto,,False,0.976,0,,0.0,0.0
T20_d08_443_b_4.jpg,T20_443,4,revisar,area de defecto dudosa (100%),True,0.974,3,0.163,0.0849,1.0
T20_d08_455_a_4.jpg,T20_455,4,revisar,area de defecto dudosa (99%),True,0.977,2,0.415,0.1251,0.992
T20_d08_455_b_4.jpg,T20_455,4,auto,,False,0.981,1,0.749,0.0521,0.0
T20_d08_461_a_4.jpg,T20_461,4,revisar,area de defecto dudosa (87%),True,0.981,2,0.182,0.254,0.866
T20_d08_461_b_4.jpg,T20_461,4,revisar,area de defecto dudosa (100%),True,0.979,6,0.161,0.3928,1.0
T20_d08_463_a_4.jpg,T20_463,4,auto,,False,0.976,0,,0.0,0.0
T20_d08_463_b_4.jpg,T20_463,4,revisar,area de defecto dudosa (100%),True,0.983,3,0.247,0.2764,1.0
T20_d08_464_a_4.jpg,T20_464,4,auto,,False,0.977,0,,0.0,0.0
T20_d08_469_a_4.jpg,T20_469,4,revisar,area de defecto dudosa (100%),True,0.976,2,0.237,0.2087,1.0
T20_d08_469_b_4.jpg,T20_469,4,revisar,area de defecto dudosa (100%),True,0.983,3,0.153,0.0746,1.0
T20_d08_477_a_4.jpg,T20_477,4,revisar,area de defecto dudosa (100%),True,0.979,1,0.394,0.044,1.0
T20_d08_477_b_4.jpg,T20_477,4,auto,,False,0.982,2,0.218,0.1121,0.169
T20_d09_001_a_5.jpg,T20_001,5,revisar,area de defecto dudosa (100%),True,0.973,1,0.375,0.0259,1.0
T20_d09_001_b_5.jpg,T20_001,5,revisar,area de defecto dudosa (100%),True,0.979,1,0.181,0.0336,1.0
T20_d09_004_a_5.jpg,T20_004,5,revisar,area de defecto dudosa (100%),True,0.981,1,0.286,0.0511,1.0
T20_d09_005_a_5.jpg,T20_005,5,auto,,False,0.975,1,0.569,0.1167,0.0
T20_d09_005_b_5.jpg,T20_005,5,auto,,True,0.977,1,0.528,0.0174,0.0
T20_d09_008_a_4.jpg,T20_008,4,revisar,area de defecto dudosa (100%),True,0.98,1,0.349,0.0109,1.0
T20_d09_008_b_4.jpg,T20_008,4,revisar,area de defecto dudosa (100%),True,0.978,1,0.162,0.3098,1.0
T20_d09_023_a_4.jpg,T20_023,4,auto,,False,0.981,0,,0.0,0.0
T20_d09_023_b_4.jpg,T20_023,4,auto,,False,0.976,1,0.802,0.0584,0.0
T20_d09_025_a_4.jpg,T20_025,4,revisar,area de defecto dudosa (100%),True,0.977,2,0.171,0.26,1.0
T20_d09_025_b_4.jpg,T20_025,4,auto,,False,0.978,0,,0.0,0.0
T20_d09_031_a_4.jpg,T20_031,4,revisar,area de defecto dudosa (100%),True,0.981,2,0.33,0.2511,1.0
T20_d09_031_b_4.jpg,T20_031,4,revisar,area de defecto dudosa (100%),True,0.983,6,0.157,0.4534,1.0
T20_d09_032_a_4.jpg,T20_032,4,revisar,area de defecto dudosa (100%),True,0.982,1,0.355,0.031,1.0
T20_d09_032_b_4.jpg,T20_032,4,revisar,area de defecto dudosa (100%),True,0.98,2,0.28,0.0643,1.0
T20_d09_036_a_4.jpg,T20_036,4,revisar,area de defecto dudosa (100%),True,0.974,5,0.224,0.4952,1.0
T20_d09_036_b_4.jpg,T20_036,4,auto,,False,0.98,0,,0.0,0.0
T20_d09_042_a_4.jpg,T20_042,4,revisar,area de defecto dudosa (99%),True,0.978,2,0.166,0.034,0.986
T20_d09_050_a_5.jpg,T20_050,5,revisar,area de defecto dudosa (100%),True,0.98,2,0.202,0.0494,1.0
T20_d09_050_b_5.jpg,T20_050,5,auto,,False,0.976,0,,0.0,0.0
T20_d09_060_a_4.jpg,T20_060,4,auto,,False,0.978,2,0.508,0.0515,0.0
T20_d09_060_b_4.jpg,T20_060,4,auto,,False,0.982,0,,0.0,0.0
T20_d09_071_a_4.jpg,T20_071,4,revisar,area de defecto dudosa (100%),True,0.978,2,0.159,0.0327,1.0
T20_d09_071_b_4.jpg,T20_071,4,revisar,area de defecto dudosa (100%),True,0.977,2,0.301,0.0285,1.0
T20_d09_076_a_5.jpg,T20_076,5,auto,,False,0.978,1,0.756,0.0524,0.0
T20_d09_076_b_5.jpg,T20_076,5,revisar,area de defecto dudosa (100%),True,0.983,4,0.191,0.1129,1.0
T20_d09_084_a_5.jpg,T20_084,5,revisar,area de defecto dudosa (90%),True,0.98,2,0.263,0.5051,0.903
T20_d09_090_b_5.jpg,T20_090,5,revisar,area de defecto dudosa (100%),True,0.976,3,0.2,0.0737,1.0
T20_d09_095_a_4.jpg,T20_095,4,revisar,area de defecto dudosa (100%),True,0.977,3,0.213,0.1848,1.0
T20_d09_095_b_4.jpg,T20_095,4,revisar,area de defecto dudosa (100%),True,0.981,2,0.313,0.0972,1.0
T20_d09_101_a_4.jpg,T20_101,4,auto,,False,0.978,0,,0.0,0.0
T20_d09_101_b_4.jpg,T20_101,4,auto,,False,0.978,0,,0.0,0.0
T20_d09_103_a_4.jpg,T20_103,4,auto,,False,0.977,1,0.502,0.0411,0.0
T20_d09_103_b_4.jpg,T20_103,4,revisar,area de defecto dudosa (100%),True,0.979,4,0.176,0.7396,1.0
T20_d09_106_a_5.jpg,T20_106,5,revisar,area de defecto dudosa (100%),True,0.982,5,0.172,0.4169,1.0
T20_d09_106_b_5.jpg,T20_106,5,auto,,False,0.981,0,,0.0,0.0
T20_d09_107_a_4.jpg,T20_107,4,auto,,False,0.982,0,,0.0,0.0
T20_d09_112_a_4.jpg,T20_112,4,revisar,area de defecto dudosa (100%),True,0.978,2,0.263,0.3187,1.0
T20_d09_112_b_4.jpg,T20_112,4,auto,,False,0.978,0,,0.0,0.0
T20_d09_114_a_4.jpg,T20_114,4,auto,,False,0.98,1,0.778,0.067,0.0
T20_d09_114_b_4.jpg,T20_114,4,auto,,False,0.982,0,,0.0,0.0
T20_d09_115_a_4.jpg,T20_115,4,auto,,False,0.978,1,0.566,0.0897,0.0
T20_d09_115_b_4.jpg,T20_115,4,auto,,False,0.978,0,,0.0,0.0
T20_d09_116_a_4.jpg,T20_116,4,auto,,False,0.974,1,0.747,0.3413,0.0
T20_d09_116_b_4.jpg,T20_116,4,revisar,area de defecto dudosa (100%),True,0.978,1,0.304,0.0777,1.0
T20_d09_132_a_4.jpg,T20_132,4,revisar,area de defecto dudosa (100%),True,0.981,3,0.193,0.6058,1.0
T20_d09_132_b_4.jpg,T20_132,4,revisar,area de defecto dudosa (57%),True,0.977,2,0.212,0.0429,0.572
T20_d09_137_a_4.jpg,T20_137,4,revisar,area de defecto dudosa (100%),True,0.98,3,0.159,0.2433,1.0
T20_d09_137_b_4.jpg,T20_137,4,revisar,area de defecto dudosa (100%),True,0.98,2,0.195,0.1831,1.0
T20_d09_143_a_4.jpg,T20_143,4,revisar,area de defecto dudosa (100%),True,0.977,1,0.33,0.0386,1.0
T20_d09_143_b_4.jpg,T20_143,4,revisar,area de defecto dudosa (60%),True,0.977,2,0.167,0.2819,0.601
T20_d09_146_a_5.jpg,T20_146,5,revisar,area de defecto dudosa (100%),True,0.98,2,0.373,0.1134,1.0
T20_d09_150_a_5.jpg,T20_150,5,auto,,False,0.978,0,,0.0,0.0
T20_d09_150_b_5.jpg,T20_150,5,revisar,area de defecto dudosa (100%),True,0.978,2,0.207,0.1625,1.0
T20_d09_155_a_4.jpg,T20_155,4,revisar,area de defecto dudosa (100%),True,0.978,2,0.436,0.2062,1.0
T20_d09_170_a_4.jpg,T20_170,4,auto,,False,0.982,0,,0.0,0.0
T20_d09_170_b_4.jpg,T20_170,4,revisar,area de defecto dudosa (100%),True,0.981,3,0.18,0.3325,1.0
T20_d09_174_a_5.jpg,T20_174,5,revisar,area de defecto dudosa (100%),True,0.981,2,0.218,0.1413,1.0
T20_d09_174_b_5.jpg,T20_174,5,revisar,area de defecto dudosa (100%),True,0.978,1,0.204,0.1294,1.0
T20_d09_178_a_4.jpg,T20_178,4,revisar,area de defecto dudosa (100%),True,0.975,2,0.2,0.3098,1.0
T20_d09_178_b_4.jpg,T20_178,4,auto,,False,0.978,0,,0.0,0.0
T20_d09_183_a_4.jpg,T20_183,4,auto,,False,0.981,0,,0.0,0.0
T20_d09_183_b_4.jpg,T20_183,4,auto,,False,0.981,0,,0.0,0.0
T20_d09_185_a_4.jpg,T20_185,4,revisar,area de defecto dudosa (100%),True,0.978,4,0.158,0.4733,1.0
T20_d09_185_b_4.jpg,T20_185,4,revisar,defecto rectangular; area de defecto dudosa (100%),True,0.974,1,0.241,0.5193,1.0
T20_d09_187_a_4.jpg,T20_187,4,auto,,False,0.98,0,,0.0,0.0
T20_d09_187_b_4.jpg,T20_187,4,revisar,area de defecto dudosa (100%),True,0.972,2,0.215,0.0851,1.0
T20_d09_188_a_4.jpg,T20_188,4,auto,,False,0.972,1,0.567,0.117,0.0
T20_d09_188_b_4.jpg,T20_188,4,auto,,False,0.974,0,,0.0,0.0
T20_d09_192_a_4.jpg,T20_192,4,auto,,False,0.977,0,,0.0,0.0
T20_d09_192_b_4.jpg,T20_192,4,auto,,False,0.978,0,,0.0,0.0
T20_d09_212_a_4.jpg,T20_212,4,auto,,False,0.982,0,,0.0,0.0
T20_d09_212_b_4.jpg,T20_212,4,auto,,False,0.976,2,0.553,0.1887,0.0
T20_d09_214_a_4.jpg,T20_214,4,auto,,False,0.979,0,,0.0,0.0
T20_d09_214_b_4.jpg,T20_214,4,revisar,area de defecto dudosa (100%),True,0.982,1,0.223,0.1266,1.0
T20_d09_222_a_4.jpg,T20_222,4,revisar,area de defecto dudosa (87%),True,0.977,4,0.197,0.2598,0.872
T20_d09_222_b_4.jpg,T20_222,4,revisar,area de defecto dudosa (100%),True,0.98,2,0.258,0.2002,1.0
T20_d09_225_a_4.jpg,T20_225,4,revisar,area de defecto dudosa (100%),True,0.973,2,0.254,0.0731,1.0
T20_d09_225_b_4.jpg,T20_225,4,auto,,False,0.974,0,,0.0,0.0
T20_d09_226_a_4.jpg,T20_226,4,auto,,False,0.981,0,,0.0,0.0
T20_d09_226_b_4.jpg,T20_226,4,auto,,False,0.981,0,,0.0,0.0
T20_d09_232_a_4.jpg,T20_232,4,revisar,area de defecto dudosa (100%),True,0.981,3,0.155,0.4039,1.0
T20_d09_232_b_4.jpg,T20_232,4,revisar,area de defecto dudosa (100%),True,0.978,1,0.289,0.0985,1.0
T20_d09_244_a_4.jpg,T20_244,4,revisar,area de defecto dudosa (100%),True,0.975,2,0.316,0.0418,1.0
T20_d09_244_b_4.jpg,T20_244,4,auto,,False,0.977,1,0.515,0.0341,0.0
T20_d09_255_a_4.jpg,T20_255,4,auto,,False,0.982,0,,0.0,0.0
T20_d09_255_b_4.jpg,T20_255,4,auto,,False,0.983,0,,0.0,0.0
T20_d09_256_b_4.jpg,T20_256,4,auto,,False,0.976,0,,0.0,0.0
T20_d09_258_a_4.jpg,T20_258,4,auto,,False,0.974,0,,0.0,0.0
T20_d09_258_b_4.jpg,T20_258,4,revisar,area de defecto dudosa (74%),True,0.977,4,0.151,0.1816,0.739
T20_d09_259_a_4.jpg,T20_259,4,revisar,area de defecto dudosa (100%),True,0.972,3,0.162,0.5244,1.0
T20_d09_259_b_4.jpg,T20_259,4,revisar,area de defecto dudosa (100%),True,0.975,5,0.159,0.3479,1.0
T20_d09_260_a_4.jpg,T20_260,4,auto,,False,0.981,0,,0.0,0.0
T20_d09_260_b_4.jpg,T20_260,4,auto,,False,0.98,0,,0.0,0.0
T20_d09_263_a_4.jpg,T20_263,4,revisar,area de defecto dudosa (100%),True,0.98,1,0.347,0.0311,1.0
T20_d09_263_b_4.jpg,T20_263,4,auto,,False,0.978,0,,0.0,0.0
T20_d09_265_a_4.jpg,T20_265,4,revisar,area de defecto dudosa (100%),True,0.978,2,0.151,0.5623,1.0
T20_d09_265_b_4.jpg,T20_265,4,auto,,False,0.979,0,,0.0,0.0
T20_d09_267_a_4.jpg,T20_267,4,revisar,area de defecto dudosa (100%),True,0.975,3,0.162,0.1337,1.0
T20_d09_267_b_4.jpg,T20_267,4,revisar,area de defecto dudosa (100%),True,0.981,2,0.17,0.0471,1.0
T20_d09_268_a_4.jpg,T20_268,4,auto,,False,0.98,0,,0.0,0.0
T20_d09_268_b_4.jpg,T20_268,4,auto,,False,0.978,1,0.709,0.0826,0.0
T20_d09_272_b_4.jpg,T20_272,4,auto,,False,0.978,0,,0.0,0.0
T20_d09_277_a_4.jpg,T20_277,4,revisar,area de defecto dudosa (87%),True,0.978,2,0.486,0.2836,0.869
T20_d09_277_b_4.jpg,T20_277,4,revisar,defecto rectangular; area de defecto dudosa (100%),True,0.981,5,0.185,0.5559,1.0
T20_d09_287_a_4.jpg,T20_287,4,revisar,area de defecto dudosa (100%),True,0.978,3,0.155,0.0918,1.0
T20_d09_287_b_4.jpg,T20_287,4,auto,,False,0.98,1,0.71,0.0829,0.0
T20_d09_288_b_4.jpg,T20_288,4,auto,,False,0.98,0,,0.0,0.0
T20_d09_293_a_4.jpg,T20_293,4,auto,,False,0.978,1,0.568,0.0593,0.0
T20_d09_293_b_4.jpg,T20_293,4,auto,,False,0.979,0,,0.0,0.0
T20_d09_311_a_4.jpg,T20_311,4,revisar,area de defecto dudosa (100%),True,0.98,2,0.156,0.1583,1.0
T20_d09_311_b_4.jpg,T20_311,4,revisar,area de defecto dudosa (100%),True,0.974,1,0.168,0.0706,1.0
T20_d09_316_a_4.jpg,T20_316,4,auto,,False,0.979,1,0.67,0.0621,0.0
T20_d09_316_b_4.jpg,T20_316,4,auto,,False,0.982,1,0.634,0.0923,0.0
T20_d09_322_a_4.jpg,T20_322,4,auto,,False,0.976,1,0.533,0.1885,0.0
T20_d09_322_b_4.jpg,T20_322,4,revisar,area de defecto dudosa (80%),True,0.977,2,0.198,0.111,0.8
T20_d09_324_a_4.jpg,T20_324,4,revisar,area de defecto dudosa (100%),True,0.979,2,0.4,0.1708,1.0
T20_d09_324_b_4.jpg,T20_324,4,revisar,area de defecto dudosa (100%),True,0.979,1,0.151,0.0264,1.0
T20_d09_332_a_4.jpg,T20_332,4,revisar,area de defecto dudosa (100%),True,0.98,1,0.404,0.0223,1.0
T20_d09_346_a_5.jpg,T20_346,5,revisar,area de defecto dudosa (100%),True,0.978,4,0.192,0.396,1.0
T20_d09_346_b_5.jpg,T20_346,5,revisar,area de defecto dudosa (100%),True,0.979,2,0.241,0.0969,1.0
T20_d09_347_a_5.jpg,T20_347,5,revisar,area de defecto dudosa (100%),True,0.98,2,0.253,0.2165,1.0
T20_d09_347_b_5.jpg,T20_347,5,revisar,area de defecto dudosa (100%),True,0.978,2,0.209,0.0991,1.0
T20_d09_352_a_5.jpg,T20_352,5,revisar,area de defecto dudosa (100%),True,0.981,1,0.154,0.7282,1.0
T20_d09_352_b_5.jpg,T20_352,5,revisar,area de defecto dudosa (100%),True,0.979,1,0.16,0.0157,1.0
T20_d09_354_a_5.jpg,T20_354,5,auto,,False,0.982,0,,0.0,0.0
T20_d09_354_b_5.jpg,T20_354,5,revisar,area de defecto dudosa (100%),True,0.98,1,0.217,0.0287,1.0
T20_d09_361_a_4.jpg,T20_361,4,revisar,area de defecto dudosa (100%),True,0.981,2,0.293,0.0962,1.0
T20_d09_361_b_4.jpg,T20_361,4,revisar,area de defecto dudosa (100%),True,0.979,1,0.153,0.0062,1.0
T20_d09_369_a_4.jpg,T20_369,4,revisar,area de defecto dudosa (100%),True,0.977,2,0.23,0.0712,1.0
T20_d09_369_b_4.jpg,T20_369,4,revisar,area de defecto dudosa (100%),True,0.981,2,0.191,0.028,1.0
T20_d09_378_a_4.jpg,T20_378,4,revisar,area de defecto dudosa (100%),True,0.978,3,0.242,0.0447,1.0
T20_d09_378_b_4.jpg,T20_378,4,revisar,area de defecto dudosa (100%),True,0.977,4,0.179,0.0806,1.0
T20_d09_384_a_4.jpg,T20_384,4,revisar,area de defecto dudosa (100%),True,0.977,3,0.186,0.0165,1.0
T20_d09_384_b_4.jpg,T20_384,4,revisar,area de defecto dudosa (100%),True,0.977,2,0.196,0.0294,1.0
T20_d09_386_a_4.jpg,T20_386,4,auto,,False,0.979,1,0.591,0.0824,0.0
T20_d09_386_b_4.jpg,T20_386,4,revisar,area de defecto dudosa (100%),True,0.978,3,0.197,0.0445,1.0
T20_d09_388_a_4.jpg,T20_388,4,auto,,False,0.98,1,0.582,0.0242,0.0
T20_d09_389_a_4.jpg,T20_389,4,auto,,False,0.979,1,0.67,0.1955,0.0
T20_d09_389_b_4.jpg,T20_389,4,auto,,False,0.979,0,,0.0,0.0
T20_d09_390_a_4.jpg,T20_390,4,auto,,False,0.98,2,0.31,0.0535,0.284
T20_d09_390_b_4.jpg,T20_390,4,auto,,False,0.978,1,0.706,0.2787,0.0
T20_d09_391_a_4.jpg,T20_391,4,auto,,False,0.982,1,0.797,0.1317,0.0
T20_d09_394_a_4.jpg,T20_394,4,auto,,False,0.98,1,0.731,0.0424,0.0
T20_d09_394_b_4.jpg,T20_394,4,auto,,False,0.979,0,,0.0,0.0
T20_d09_409_a_4.jpg,T20_409,4,revisar,area de defecto dudosa (100%),True,0.978,1,0.447,0.0872,1.0
T20_d09_412_a_5.jpg,T20_412,5,auto,,False,0.974,1,0.798,0.1493,0.0
T20_d09_412_b_5.jpg,T20_412,5,auto,,False,0.978,0,,0.0,0.0
T20_d09_421_b_4.jpg,T20_421,4,revisar,area de defecto dudosa (100%),True,0.975,3,0.225,0.0808,1.0
T20_d09_423_a_4.jpg,T20_423,4,auto,,False,0.98,0,,0.0,0.0
T20_d09_423_b_4.jpg,T20_423,4,revisar,area de defecto dudosa (62%),True,0.977,4,0.282,0.1035,0.617
T20_d09_426_a_4.jpg,T20_426,4,revisar,area de defecto dudosa (100%),True,0.979,1,0.443,0.0675,1.0
T20_d09_426_b_4.jpg,T20_426,4,revisar,area de defecto dudosa (100%),True,0.979,2,0.18,0.0659,1.0
T20_d09_431_a_5.jpg,T20_431,5,auto,,False,0.978,1,0.707,0.1618,0.0
T20_d09_435_a_4.jpg,T20_435,4,auto,,False,0.977,0,,0.0,0.0
T20_d09_435_b_4.jpg,T20_435,4,revisar,area de defecto dudosa (69%),True,0.978,2,0.302,0.101,0.689
T20_d09_438_a_4.jpg,T20_438,4,auto,,False,0.98,0,,0.0,0.0
T20_d09_438_b_4.jpg,T20_438,4,auto,,False,0.98,0,,0.0,0.0
T20_d09_439_a_4.jpg,T20_439,4,auto,,False,0.979,1,0.715,0.2292,0.0
T20_d09_439_b_4.jpg,T20_439,4,revisar,defecto rectangular; area de defecto dudosa (100%),True,0.978,2,0.202,0.4088,1.0
T20_d09_440_a_4.jpg,T20_440,4,auto,,False,0.98,1,0.707,0.0527,0.0
T20_d09_440_b_4.jpg,T20_440,4,revisar,area de defecto dudosa (100%),True,0.98,2,0.225,0.287,1.0
T20_d09_443_a_4.jpg,T20_443,4,auto,,True,0.976,0,,0.0,0.0
T20_d09_443_b_4.jpg,T20_443,4,revisar,area de defecto dudosa (100%),True,0.979,3,0.152,0.0779,1.0
T20_d09_455_a_4.jpg,T20_455,4,revisar,area de defecto dudosa (99%),True,0.978,2,0.42,0.1378,0.989
T20_d09_455_b_4.jpg,T20_455,4,auto,,False,0.976,1,0.629,0.0532,0.0
T20_d09_461_a_4.jpg,T20_461,4,auto,,False,0.983,1,0.587,0.0922,0.0
T20_d09_461_b_4.jpg,T20_461,4,revisar,area de defecto dudosa (80%),True,0.979,4,0.249,0.4004,0.795
T20_d09_463_a_4.jpg,T20_463,4,auto,,False,0.979,0,,0.0,0.0
T20_d09_463_b_4.jpg,T20_463,4,revisar,area de defecto dudosa (100%),True,0.98,4,0.167,0.162,1.0
T20_d09_464_a_5.jpg,T20_464,5,auto,,False,0.98,0,,0.0,0.0
T20_d09_464_b_5.jpg,T20_464,5,auto,,False,0.982,0,,0.0,0.0
T20_d09_469_a_4.jpg,T20_469,4,revisar,area de defecto dudosa (100%),True,0.976,3,0.23,0.1991,1.0
T20_d09_469_b_4.jpg,T20_469,4,revisar,area de defecto dudosa (100%),True,0.98,1,0.154,0.0047,1.0
T20_d09_477_a_4.jpg,T20_477,4,revisar,area de defecto dudosa (100%),True,0.975,1,0.359,0.0488,1.0
T20_d09_477_b_4.jpg,T20_477,4,revisar,area de defecto dudosa (100%),True,0.978,4,0.21,0.1036,0.998
T20_d10_001_b_5.jpg,T20_001,5,revisar,area de defecto dudosa (100%),True,0.978,2,0.157,0.234,1.0
T20_d10_004_b_5.jpg,T20_004,5,revisar,area de defecto dudosa (100%),True,0.979,5,0.175,0.1732,1.0
T20_d10_005_a_5.jpg,T20_005,5,auto,,False,0.974,1,0.559,0.1219,0.0
T20_d10_005_b_5.jpg,T20_005,5,revisar,area de defecto dudosa (100%),True,0.975,1,0.495,0.0152,1.0
T20_d10_008_a_4.jpg,T20_008,4,revisar,area de defecto dudosa (100%),True,0.982,1,0.258,0.0115,1.0
T20_d10_008_b_4.jpg,T20_008,4,auto,,False,0.979,0,,0.0,0.0
T20_d10_023_a_5.jpg,T20_023,5,auto,,False,0.978,0,,0.0,0.0
T20_d10_023_b_5.jpg,T20_023,5,revisar,area de defecto dudosa (100%),True,0.977,2,0.186,0.0708,1.0
T20_d10_025_a_5.jpg,T20_025,5,revisar,area de defecto dudosa (100%),True,0.977,2,0.185,0.2672,1.0
T20_d10_025_b_5.jpg,T20_025,5,auto,,False,0.978,0,,0.0,0.0
T20_d10_031_a_5.jpg,T20_031,5,auto,,False,0.981,1,0.556,0.1357,0.0
T20_d10_031_b_5.jpg,T20_031,5,revisar,area de defecto dudosa (100%),True,0.981,5,0.18,0.6356,1.0
T20_d10_032_a_5.jpg,T20_032,5,revisar,area de defecto dudosa (100%),True,0.979,1,0.223,0.0258,1.0
T20_d10_036_a_5.jpg,T20_036,5,revisar,area de defecto dudosa (100%),True,0.979,3,0.173,0.3617,1.0
T20_d10_036_b_5.jpg,T20_036,5,auto,,False,0.98,0,,0.0,0.0
T20_d10_042_a_5.jpg,T20_042,5,revisar,area de defecto dudosa (100%),True,0.975,4,0.202,0.0434,0.999
T20_d10_042_b_5.jpg,T20_042,5,auto,,False,0.975,0,,0.0,0.0
T20_d10_049_a_5.jpg,T20_049,5,revisar,area de defecto dudosa (100%),True,0.976,5,0.202,0.4683,1.0
T20_d10_049_b_5.jpg,T20_049,5,revisar,area de defecto dudosa (100%),True,0.975,1,0.2,0.0134,1.0
T20_d10_050_b_5.jpg,T20_050,5,auto,,False,0.977,0,,0.0,0.0
T20_d10_060_b_5.jpg,T20_060,5,auto,,False,0.98,0,,0.0,0.0
T20_d10_071_b_5.jpg,T20_071,5,auto,,False,0.978,1,0.65,0.0836,0.0
T20_d10_076_a_5.jpg,T20_076,5,auto,,False,0.979,1,0.761,0.0488,0.0
T20_d10_076_b_5.jpg,T20_076,5,revisar,area de defecto dudosa (92%),True,0.98,2,0.37,0.0583,0.924
T20_d10_084_a_5.jpg,T20_084,5,revisar,area de defecto dudosa (100%),True,0.981,2,0.333,0.5656,1.0
T20_d10_084_b_5.jpg,T20_084,5,auto,,False,0.979,0,,0.0,0.0
T20_d10_090_a_5.jpg,T20_090,5,revisar,area de defecto dudosa (100%),True,0.979,2,0.157,0.0273,1.0
T20_d10_090_b_5.jpg,T20_090,5,auto,,False,0.976,2,0.274,0.0595,0.42
T20_d10_095_a_5.jpg,T20_095,5,revisar,area de defecto dudosa (100%),True,0.978,2,0.329,0.1442,1.0
T20_d10_095_b_5.jpg,T20_095,5,revisar,area de defecto dudosa (100%),True,0.977,2,0.179,0.0606,1.0
T20_d10_101_a_5.jpg,T20_101,5,auto,,False,0.975,0,,0.0,0.0
T20_d10_101_b_5.jpg,T20_101,5,auto,,False,0.978,0,,0.0,0.0
T20_d10_103_a_5.jpg,T20_103,5,revisar,area de defecto dudosa (97%),True,0.978,3,0.172,0.0671,0.969
T20_d10_103_b_5.jpg,T20_103,5,revisar,area de defecto dudosa (100%),True,0.976,2,0.177,0.4479,1.0
T20_d10_106_a_5.jpg,T20_106,5,revisar,area de defecto dudosa (100%),True,0.977,4,0.194,0.377,1.0
T20_d10_106_b_5.jpg,T20_106,5,auto,,False,0.981,0,,0.0,0.0
T20_d10_107_a_5.jpg,T20_107,5,auto,,False,0.979,0,,0.0,0.0
T20_d10_107_b_5.jpg,T20_107,5,revisar,area de defecto dudosa (100%),True,0.98,2,0.158,0.1974,1.0
T20_d10_112_a_5.jpg,T20_112,5,revisar,area de defecto dudosa (100%),True,0.979,2,0.28,0.1705,1.0
T20_d10_112_b_5.jpg,T20_112,5,revisar,area de defecto dudosa (100%),True,0.976,1,0.295,0.1293,1.0
T20_d10_114_a_5.jpg,T20_114,5,auto,,False,0.981,1,0.8,0.065,0.0
T20_d10_114_b_5.jpg,T20_114,5,auto,,False,0.98,0,,0.0,0.0
T20_d10_115_a_5.jpg,T20_115,5,auto,,False,0.977,1,0.546,0.0645,0.0
T20_d10_115_b_5.jpg,T20_115,5,auto,,False,0.978,0,,0.0,0.0
T20_d10_116_a_5.jpg,T20_116,5,revisar,area de defecto dudosa (83%),True,0.983,2,0.219,0.269,0.834
T20_d10_116_b_5.jpg,T20_116,5,revisar,area de defecto dudosa (100%),True,0.978,1,0.327,0.081,1.0
T20_d10_132_a_5.jpg,T20_132,5,revisar,area de defecto dudosa (100%),True,0.977,3,0.259,0.1136,1.0
T20_d10_132_b_5.jpg,T20_132,5,revisar,area de defecto dudosa (91%),True,0.981,3,0.15,0.1868,0.908
T20_d10_137_a_5.jpg,T20_137,5,revisar,area de defecto dudosa (100%),True,0.976,2,0.217,0.1618,1.0
T20_d10_137_b_5.jpg,T20_137,5,revisar,area de defecto dudosa (100%),True,0.979,3,0.215,0.2618,1.0
T20_d10_143_a_5.jpg,T20_143,5,revisar,area de defecto dudosa (100%),True,0.974,1,0.214,0.0478,1.0
T20_d10_143_b_5.jpg,T20_143,5,auto,,False,0.974,1,0.565,0.2721,0.0
T20_d10_146_a_5.jpg,T20_146,5,revisar,area de defecto dudosa (100%),True,0.978,2,0.192,0.103,1.0
T20_d10_146_b_5.jpg,T20_146,5,auto,,False,0.979,0,,0.0,0.0
T20_d10_150_a_5.jpg,T20_150,5,auto,,False,0.98,0,,0.0,0.0
T20_d10_150_b_5.jpg,T20_150,5,revisar,area de defecto dudosa (100%),True,0.976,4,0.158,0.1364,1.0
T20_d10_155_a_5.jpg,T20_155,5,revisar,area de defecto dudosa (100%),True,0.98,4,0.214,0.2059,1.0
T20_d10_170_a_5.jpg,T20_170,5,auto,,False,0.977,0,,0.0,0.0
T20_d10_170_b_5.jpg,T20_170,5,revisar,area de defecto dudosa (100%),True,0.981,8,0.188,0.2478,1.0
T20_d10_174_a_5.jpg,T20_174,5,revisar,area de defecto dudosa (100%),True,0.98,3,0.176,0.096,1.0
T20_d10_174_b_5.jpg,T20_174,5,revisar,area de defecto dudosa (100%),True,0.977,1,0.303,0.1504,1.0
T20_d10_178_a_5.jpg,T20_178,5,auto,,False,0.974,1,0.52,0.3056,0.0
T20_d10_178_b_5.jpg,T20_178,5,auto,,False,0.981,0,,0.0,0.0
T20_d10_183_a_5.jpg,T20_183,5,auto,,False,0.974,0,,0.0,0.0
T20_d10_183_b_5.jpg,T20_183,5,auto,,False,0.974,0,,0.0,0.0
T20_d10_185_a_5.jpg,T20_185,5,revisar,area de defecto dudosa (100%),True,0.98,3,0.153,0.2027,1.0
T20_d10_187_a_5.jpg,T20_187,5,auto,,False,0.98,0,,0.0,0.0
T20_d10_187_b_5.jpg,T20_187,5,auto,,True,0.975,1,0.567,0.0621,0.0
T20_d10_188_a_5.jpg,T20_188,5,auto,,False,0.972,1,0.625,0.1036,0.0
T20_d10_188_b_5.jpg,T20_188,5,auto,,False,0.972,0,,0.0,0.0
T20_d10_192_a_5.jpg,T20_192,5,auto,,False,0.973,0,,0.0,0.0
T20_d10_192_b_5.jpg,T20_192,5,auto,,False,0.974,0,,0.0,0.0
T20_d10_212_b_5.jpg,T20_212,5,auto,,False,0.978,1,0.629,0.1895,0.0
T20_d10_214_a_5.jpg,T20_214,5,auto,,False,0.978,0,,0.0,0.0
T20_d10_214_b_5.jpg,T20_214,5,revisar,area de defecto dudosa (100%),True,0.98,1,0.257,0.0442,1.0
T20_d10_222_a_5.jpg,T20_222,5,revisar,area de defecto dudosa (100%),True,0.978,3,0.348,0.2709,1.0
T20_d10_222_b_5.jpg,T20_222,5,revisar,area de defecto dudosa (100%),True,0.982,2,0.178,0.2534,1.0
T20_d10_225_a_5.jpg,T20_225,5,revisar,area de defecto dudosa (100%),True,0.973,2,0.355,0.0719,1.0
T20_d10_226_a_5.jpg,T20_226,5,auto,,False,0.98,0,,0.0,0.0
T20_d10_226_b_5.jpg,T20_226,5,auto,,False,0.98,0,,0.0,0.0
T20_d10_232_a_5.jpg,T20_232,5,revisar,area de defecto dudosa (100%),True,0.979,3,0.196,0.3543,1.0
T20_d10_232_b_5.jpg,T20_232,5,revisar,area de defecto dudosa (100%),True,0.98,1,0.187,0.088,1.0
T20_d10_244_a_5.jpg,T20_244,5,revisar,area de defecto dudosa (100%),True,0.979,1,0.463,0.0206,1.0
T20_d10_244_b_5.jpg,T20_244,5,auto,,False,0.981,1,0.584,0.0142,0.0
T20_d10_255_a_5.jpg,T20_255,5,auto,,False,0.979,0,,0.0,0.0
T20_d10_255_b_5.jpg,T20_255,5,auto,,False,0.979,0,,0.0,0.0
T20_d10_256_a_5.jpg,T20_256,5,auto,,False,0.98,0,,0.0,0.0
T20_d10_256_b_5.jpg,T20_256,5,auto,,False,0.977,0,,0.0,0.0
T20_d10_258_a_5.jpg,T20_258,5,auto,,False,0.976,0,,0.0,0.0
T20_d10_259_a_5.jpg,T20_259,5,revisar,area de defecto dudosa (100%),True,0.969,3,0.178,0.4863,1.0
T20_d10_259_b_5.jpg,T20_259,5,revisar,area de defecto dudosa (100%),True,0.976,6,0.164,0.2822,1.0
T20_d10_260_a_5.jpg,T20_260,5,auto,,False,0.98,0,,0.0,0.0
T20_d10_260_b_5.jpg,T20_260,5,auto,,False,0.981,0,,0.0,0.0
T20_d10_263_a_5.jpg,T20_263,5,revisar,area de defecto dudosa (100%),True,0.978,1,0.171,0.0196,1.0
T20_d10_265_a_5.jpg,T20_265,5,revisar,area de defecto dudosa (100%),True,0.975,1,0.253,0.332,1.0
T20_d10_265_b_5.jpg,T20_265,5,auto,,False,0.975,0,,0.0,0.0
T20_d10_267_a_5.jpg,T20_267,5,revisar,area de defecto dudosa (100%),True,0.975,3,0.215,0.0924,1.0
T20_d10_267_b_5.jpg,T20_267,5,revisar,area de defecto dudosa (100%),True,0.98,1,0.21,0.0252,1.0
T20_d10_272_a_5.jpg,T20_272,5,auto,,False,0.977,0,,0.0,0.0
T20_d10_277_a_5.jpg,T20_277,5,revisar,area de defecto dudosa (81%),True,0.979,2,0.196,0.1709,0.81
T20_d10_277_b_5.jpg,T20_277,5,revisar,defecto rectangular; area de defecto dudosa (100%),True,0.981,5,0.152,0.6611,1.0
T20_d10_287_a_5.jpg,T20_287,5,revisar,area de defecto dudosa (100%),True,0.977,2,0.191,0.0443,1.0
T20_d10_287_b_5.jpg,T20_287,5,auto,,False,0.976,1,0.755,0.0683,0.0
T20_d10_288_a_5.jpg,T20_288,5,auto,,False,0.979,0,,0.0,0.0
T20_d10_288_b_5.jpg,T20_288,5,auto,,False,0.981,0,,0.0,0.0
T20_d10_293_a_5.jpg,T20_293,5,auto,,False,0.979,1,0.764,0.0891,0.0
T20_d10_293_b_5.jpg,T20_293,5,auto,,False,0.976,0,,0.0,0.0
T20_d10_311_b_4.jpg,T20_311,4,revisar,area de defecto dudosa (100%),True,0.976,1,0.238,0.0443,1.0
T20_d10_316_a_5.jpg,T20_316,5,auto,,False,0.98,1,0.812,0.0543,0.0
T20_d10_316_b_5.jpg,T20_316,5,auto,,False,0.978,1,0.718,0.1393,0.0
T20_d10_322_a_5.jpg,T20_322,5,revisar,area de defecto dudosa (100%),True,0.978,2,0.201,0.2509,1.0
T20_d10_322_b_5.jpg,T20_322,5,auto,,False,0.978,1,0.541,0.0812,0.0
T20_d10_324_a_5.jpg,T20_324,5,revisar,area de defecto dudosa (100%),True,0.976,2,0.221,0.1754,1.0
T20_d10_324_b_5.jpg,T20_324,5,revisar,area de defecto dudosa (100%),True,0.98,1,0.193,0.0377,1.0
T20_d10_332_a_5.jpg,T20_332,5,revisar,area de defecto dudosa (100%),True,0.977,1,0.456,0.0241,1.0
T20_d10_332_b_5.jpg,T20_332,5,revisar,area de defecto dudosa (57%),True,0.98,2,0.279,0.3542,0.565
T20_d10_346_a_5.jpg,T20_346,5,revisar,area de defecto dudosa (100%),True,0.98,2,0.214,0.2354,1.0
T20_d10_346_b_5.jpg,T20_346,5,revisar,area de defecto dudosa (100%),True,0.978,1,0.441,0.0131,1.0
T20_d10_347_a_5.jpg,T20_347,5,revisar,area de defecto dudosa (100%),True,0.983,2,0.355,0.2537,1.0
T20_d10_347_b_5.jpg,T20_347,5,revisar,area de defecto dudosa (96%),True,0.983,2,0.196,0.0791,0.958
T20_d10_352_a_5.jpg,T20_352,5,revisar,defecto rectangular; area de defecto dudosa (100%),True,0.98,1,0.223,0.6137,1.0
T20_d10_352_b_5.jpg,T20_352,5,revisar,area de defecto dudosa (100%),True,0.979,1,0.244,0.0214,1.0
T20_d10_354_a_5.jpg,T20_354,5,auto,,False,0.979,0,,0.0,0.0
T20_d10_354_b_5.jpg,T20_354,5,revisar,area de defecto dudosa (100%),True,0.981,1,0.166,0.0204,1.0
T20_d10_361_a_5.jpg,T20_361,5,revisar,area de defecto dudosa (100%),True,0.98,2,0.151,0.1993,1.0
T20_d10_361_b_5.jpg,T20_361,5,revisar,area de defecto dudosa (99%),True,0.975,2,0.423,0.0598,0.989
T20_d10_369_a_5.jpg,T20_369,5,revisar,area de defecto dudosa (100%),True,0.98,2,0.378,0.0694,1.0
T20_d10_369_b_5.jpg,T20_369,5,revisar,area de defecto dudosa (100%),True,0.976,2,0.261,0.0339,1.0
T20_d10_378_a_5.jpg,T20_378,5,auto,,False,0.98,2,0.303,0.041,0.294
T20_d10_378_b_5.jpg,T20_378,5,revisar,area de defecto dudosa (100%),True,0.983,6,0.207,0.0592,1.0
T20_d10_384_a_5.jpg,T20_384,5,revisar,area de defecto dudosa (100%),True,0.977,2,0.349,0.0153,1.0
T20_d10_384_b_5.jpg,T20_384,5,auto,,False,0.979,0,,0.0,0.0
T20_d10_386_a_5.jpg,T20_386,5,auto,,False,0.978,1,0.638,0.0764,0.0
T20_d10_386_b_5.jpg,T20_386,5,revisar,area de defecto dudosa (100%),True,0.979,1,0.411,0.0437,1.0
T20_d10_388_a_5.jpg,T20_388,5,revisar,area de defecto dudosa (100%),True,0.983,1,0.487,0.0221,1.0
T20_d10_388_b_5.jpg,T20_388,5,revisar,area de defecto dudosa (100%),True,0.98,3,0.327,0.437,1.0
T20_d10_389_a_5.jpg,T20_389,5,auto,,False,0.981,1,0.788,0.1725,0.0
T20_d10_389_b_5.jpg,T20_389,5,auto,,False,0.979,0,,0.0,0.0
T20_d10_390_a_5.jpg,T20_390,5,auto,,False,0.98,2,0.369,0.048,0.402
T20_d10_391_a_5.jpg,T20_391,5,auto,,False,0.978,1,0.803,0.0625,0.0
T20_d10_391_b_5.jpg,T20_391,5,revisar,defecto rectangular; area de defecto dudosa (100%),True,0.979,5,0.185,0.8981,1.0
T20_d10_394_a_5.jpg,T20_394,5,auto,,False,0.981,1,0.756,0.0409,0.0
T20_d10_394_b_5.jpg,T20_394,5,auto,,False,0.98,0,,0.0,0.0
T20_d10_409_a_5.jpg,T20_409,5,revisar,area de defecto dudosa (100%),True,0.98,2,0.317,0.0944,1.0
T20_d10_409_b_5.jpg,T20_409,5,auto,,False,0.978,0,,0.0,0.0
T20_d10_412_a_5.jpg,T20_412,5,auto,,False,0.98,1,0.77,0.1608,0.0
T20_d10_412_b_5.jpg,T20_412,5,auto,,False,0.977,0,,0.0,0.0
T20_d10_421_a_5.jpg,T20_421,5,revisar,area de defecto dudosa (100%),True,0.978,3,0.169,0.0232,1.0
T20_d10_421_b_5.jpg,T20_421,5,revisar,area de defecto dudosa (99%),True,0.981,3,0.155,0.1444,0.994
T20_d10_423_a_5.jpg,T20_423,5,auto,,False,0.982,0,,0.0,0.0
T20_d10_423_b_5.jpg,T20_423,5,revisar,area de defecto dudosa (93%),True,0.978,5,0.156,0.0888,0.932
T20_d10_426_a_5.jpg,T20_426,5,auto,,False,0.977,1,0.525,0.0614,0.0
T20_d10_426_b_5.jpg,T20_426,5,auto,,False,0.979,1,0.679,0.0275,0.0
T20_d10_431_a_5.jpg,T20_431,5,auto,,False,0.979,1,0.772,0.1607,0.0
T20_d10_435_a_5.jpg,T20_435,5,auto,,False,0.98,0,,0.0,0.0
T20_d10_435_b_5.jpg,T20_435,5,auto,,False,0.978,2,0.207,0.1315,0.443
T20_d10_438_a_4.jpg,T20_438,4,auto,,False,0.977,0,,0.0,0.0
T20_d10_438_b_4.jpg,T20_438,4,revisar,area de defecto dudosa (100%),True,0.977,1,0.154,0.0174,1.0
T20_d10_439_a_5.jpg,T20_439,5,auto,,False,0.979,1,0.774,0.2218,0.0
T20_d10_439_b_5.jpg,T20_439,5,revisar,area de defecto dudosa (100%),True,0.979,2,0.168,0.247,1.0
T20_d10_440_a_5.jpg,T20_440,5,auto,,False,0.978,1,0.742,0.1057,0.0
T20_d10_440_b_5.jpg,T20_440,5,revisar,area de defecto dudosa (100%),True,0.978,1,0.211,0.2044,1.0
T20_d10_443_a_5.jpg,T20_443,5,auto,,True,0.973,0,,0.0,0.0
T20_d10_455_a_5.jpg,T20_455,5,auto,,False,0.978,1,0.739,0.131,0.0
T20_d10_455_b_5.jpg,T20_455,5,auto,,False,0.979,1,0.694,0.0532,0.0
T20_d10_461_a_5.jpg,T20_461,5,revisar,area de defecto dudosa (100%),True,0.978,2,0.254,0.1566,1.0
T20_d10_461_b_5.jpg,T20_461,5,revisar,area de defecto dudosa (100%),True,0.978,8,0.159,0.6882,1.0
T20_d10_463_a_5.jpg,T20_463,5,revisar,area de defecto dudosa (100%),True,0.977,1,0.265,0.0241,1.0
T20_d10_463_b_5.jpg,T20_463,5,revisar,area de defecto dudosa (100%),True,0.98,5,0.173,0.1413,1.0
T20_d10_464_a_5.jpg,T20_464,5,auto,,False,0.978,0,,0.0,0.0
T20_d10_464_b_5.jpg,T20_464,5,auto,,False,0.978,0,,0.0,0.0
T20_d10_469_a_5.jpg,T20_469,5,revisar,area de defecto dudosa (100%),True,0.973,3,0.192,0.2645,1.0
T20_d10_469_b_5.jpg,T20_469,5,auto,,False,0.977,0,,0.0,0.0
T20_d10_477_a_5.jpg,T20_477,5,revisar,area de defecto dudosa (100%),True,0.978,2,0.312,0.11,1.0
T20_d10_477_b_5.jpg,T20_477,5,auto,,False,0.977,1,0.585,0.0992,0.0
T20_d11_001_a_5.jpg,T20_001,5,revisar,area de defecto dudosa (100%),True,0.976,2,0.187,0.0455,1.0
T20_d11_001_b_5.jpg,T20_001,5,revisar,area de defecto dudosa (100%),True,0.979,2,0.163,0.1767,1.0
T20_d11_004_a_5.jpg,T20_004,5,revisar,area de defecto dudosa (100%),True,0.978,2,0.153,0.0695,1.0
T20_d11_004_b_5.jpg,T20_004,5,revisar,area de defecto dudosa (64%),True,0.978,3,0.207,0.1199,0.642
T20_d11_005_a_5.jpg,T20_005,5,auto,,False,0.977,1,0.535,0.1068,0.0
T20_d11_005_b_5.jpg,T20_005,5,auto,,True,0.976,1,0.589,0.0161,0.0
T20_d11_008_a_5.jpg,T20_008,5,auto,,False,0.977,1,0.523,0.0119,0.0
T20_d11_008_b_5.jpg,T20_008,5,revisar,area de defecto dudosa (100%),True,0.979,2,0.243,0.0533,1.0
T20_d11_023_a_5.jpg,T20_023,5,auto,,False,0.979,0,,0.0,0.0
T20_d11_023_b_5.jpg,T20_023,5,auto,,False,0.978,1,0.768,0.073,0.0
T20_d11_025_a_5.jpg,T20_025,5,revisar,area de defecto dudosa (100%),True,0.977,1,0.249,0.2288,1.0
T20_d11_025_b_5.jpg,T20_025,5,auto,,False,0.978,0,,0.0,0.0
T20_d11_031_a_5.jpg,T20_031,5,revisar,area de defecto dudosa (100%),True,0.982,2,0.167,0.3531,1.0
T20_d11_031_b_5.jpg,T20_031,5,revisar,area de defecto dudosa (100%),True,0.981,4,0.165,0.3094,1.0
T20_d11_032_a_5.jpg,T20_032,5,revisar,area de defecto dudosa (100%),True,0.982,6,0.17,0.1764,1.0
T20_d11_032_b_5.jpg,T20_032,5,revisar,area de defecto dudosa (75%),True,0.983,2,0.156,0.3737,0.752
T20_d11_036_a_5.jpg,T20_036,5,revisar,area de defecto dudosa (100%),True,0.977,5,0.16,0.5714,1.0
T20_d11_036_b_5.jpg,T20_036,5,revisar,area de defecto dudosa (100%),True,0.979,3,0.164,0.3971,1.0
T20_d11_042_a_5.jpg,T20_042,5,auto,,False,0.976,1,0.667,0.0228,0.0
T20_d11_049_a_5.jpg,T20_049,5,revisar,area de defecto dudosa (100%),True,0.976,6,0.167,0.5374,1.0
T20_d11_049_b_5.jpg,T20_049,5,revisar,area de defecto dudosa (100%),True,0.974,1,0.2,0.0118,1.0
T20_d11_050_a_5.jpg,T20_050,5,revisar,area de defecto dudosa (100%),True,0.977,1,0.464,0.0583,1.0
T20_d11_050_b_5.jpg,T20_050,5,auto,,False,0.975,0,,0.0,0.0
T20_d11_060_a_5.jpg,T20_060,5,revisar,area de defecto dudosa (72%),True,0.981,2,0.492,0.051,0.717
T20_d11_060_b_5.jpg,T20_060,5,auto,,False,0.978,0,,0.0,0.0
T20_d11_071_a_5.jpg,T20_071,5,revisar,area de defecto dudosa (100%),True,0.978,2,0.164,0.0378,1.0
T20_d11_071_b_5.jpg,T20_071,5,revisar,area de defecto dudosa (100%),True,0.978,3,0.256,0.0313,1.0
T20_d11_076_a_5.jpg,T20_076,5,auto,,False,0.979,1,0.742,0.0415,0.0
T20_d11_076_b_5.jpg,T20_076,5,revisar,area de defecto dudosa (100%),True,0.98,3,0.151,0.1043,1.0
T20_d11_084_a_5.jpg,T20_084,5,revisar,area de defecto dudosa (100%),True,0.981,1,0.428,0.5766,1.0
T20_d11_084_b_5.jpg,T20_084,5,auto,,False,0.979,0,,0.0,0.0
T20_d11_090_a_5.jpg,T20_090,5,revisar,area de defecto dudosa (100%),True,0.977,1,0.286,0.0247,1.0
T20_d11_090_b_5.jpg,T20_090,5,revisar,area de defecto dudosa (70%),True,0.976,3,0.152,0.0937,0.702
T20_d11_095_a_5.jpg,T20_095,5,revisar,area de defecto dudosa (100%),True,0.983,3,0.15,0.1283,1.0
T20_d11_095_b_5.jpg,T20_095,5,revisar,area de defecto dudosa (100%),True,0.981,2,0.304,0.3124,1.0
T20_d11_101_a_5.jpg,T20_101,5,auto,,False,0.974,0,,0.0,0.0
T20_d11_101_b_5.jpg,T20_101,5,auto,,False,0.975,0,,0.0,0.0
T20_d11_103_a_5.jpg,T20_103,5,revisar,area de defecto dudosa (94%),True,0.976,3,0.176,0.0365,0.942
T20_d11_103_b_5.jpg,T20_103,5,revisar,area de defecto dudosa (100%),True,0.971,3,0.197,0.5287,1.0
T20_d11_106_a_5.jpg,T20_106,5,revisar,area de defecto dudosa (100%),True,0.982,2,0.169,0.074,1.0
T20_d11_106_b_5.jpg,T20_106,5,revisar,area de defecto dudosa (100%),True,0.977,2,0.178,0.0568,1.0
T20_d11_107_a_5.jpg,T20_107,5,revisar,area de defecto dudosa (100%),True,0.978,1,0.221,0.0712,1.0
T20_d11_107_b_5.jpg,T20_107,5,auto,,False,0.979,1,0.503,0.0182,0.0
T20_d11_112_a_5.jpg,T20_112,5,revisar,area de defecto dudosa (100%),True,0.976,3,0.198,0.1053,1.0
T20_d11_114_a_5.jpg,T20_114,5,auto,,False,0.975,1,0.809,0.0682,0.0
T20_d11_114_b_5.jpg,T20_114,5,auto,,False,0.981,0,,0.0,0.0
T20_d11_115_a_5.jpg,T20_115,5,auto,,False,0.977,1,0.571,0.1017,0.0
T20_d11_115_b_5.jpg,T20_115,5,auto,,False,0.977,0,,0.0,0.0
T20_d11_116_a_5.jpg,T20_116,5,auto,,False,0.982,1,0.801,0.3045,0.0
T20_d11_116_b_5.jpg,T20_116,5,revisar,area de defecto dudosa (100%),True,0.976,1,0.444,0.0639,1.0
T20_d11_132_a_5.jpg,T20_132,5,revisar,area de defecto dudosa (100%),True,0.979,3,0.173,0.1663,1.0
T20_d11_137_a_5.jpg,T20_137,5,revisar,area de defecto dudosa (100%),True,0.976,2,0.466,0.1547,1.0
T20_d11_137_b_5.jpg,T20_137,5,revisar,area de defecto dudosa (100%),True,0.978,2,0.19,0.2979,1.0
T20_d11_143_a_5.jpg,T20_143,5,revisar,area de defecto dudosa (100%),True,0.972,2,0.271,0.0728,1.0
T20_d11_143_b_5.jpg,T20_143,5,revisar,defecto rectangular; area de defecto dudosa (100%),True,0.977,3,0.157,0.3281,1.0
T20_d11_146_a_5.jpg,T20_146,5,revisar,area de defecto dudosa (66%),True,0.979,2,0.429,0.1579,0.664
T20_d11_146_b_5.jpg,T20_146,5,revisar,area de defecto dudosa (100%),True,0.976,2,0.387,0.082,1.0
T20_d11_150_a_5.jpg,T20_150,5,auto,,False,0.976,0,,0.0,0.0
T20_d11_150_b_5.jpg,T20_150,5,revisar,area de defecto dudosa (100%),True,0.976,2,0.267,0.1481,1.0
T20_d11_155_a_5.jpg,T20_155,5,revisar,area de defecto dudosa (100%),True,0.977,3,0.16,0.2053,1.0
T20_d11_155_b_5.jpg,T20_155,5,revisar,area de defecto dudosa (100%),True,0.977,2,0.186,0.563,1.0
T20_d11_170_a_5.jpg,T20_170,5,auto,,False,0.981,0,,0.0,0.0
T20_d11_170_b_5.jpg,T20_170,5,revisar,area de defecto dudosa (100%),True,0.981,3,0.16,0.3415,1.0
T20_d11_174_a_5.jpg,T20_174,5,revisar,area de defecto dudosa (100%),True,0.979,1,0.328,0.0832,1.0
T20_d11_174_b_5.jpg,T20_174,5,revisar,area de defecto dudosa (100%),True,0.976,1,0.171,0.1211,1.0
T20_d11_178_a_5.jpg,T20_178,5,revisar,area de defecto dudosa (100%),True,0.977,2,0.334,0.291,1.0
T20_d11_178_b_5.jpg,T20_178,5,auto,,False,0.977,0,,0.0,0.0
T20_d11_183_a_5.jpg,T20_183,5,auto,,False,0.977,0,,0.0,0.0
T20_d11_183_b_5.jpg,T20_183,5,auto,,False,0.977,0,,0.0,0.0
T20_d11_185_a_5.jpg,T20_185,5,revisar,area de defecto dudosa (100%),True,0.979,2,0.283,0.1002,0.999
T20_d11_185_b_5.jpg,T20_185,5,revisar,area de defecto dudosa (100%),True,0.978,1,0.306,0.7159,1.0
T20_d11_187_a_5.jpg,T20_187,5,revisar,area de defecto dudosa (100%),True,0.977,1,0.252,0.0287,1.0
T20_d11_187_b_5.jpg,T20_187,5,revisar,area de defecto dudosa (100%),True,0.976,1,0.485,0.1096,1.0
T20_d11_188_a_5.jpg,T20_188,5,auto,,False,0.973,1,0.616,0.0918,0.0
T20_d11_188_b_5.jpg,T20_188,5,auto,,False,0.973,0,,0.0,0.0
T20_d11_192_a_5.jpg,T20_192,5,auto,,False,0.975,0,,0.0,0.0
T20_d11_192_b_5.jpg,T20_192,5,auto,,False,0.974,0,,0.0,0.0
T20_d11_212_a_5.jpg,T20_212,5,auto,,False,0.978,0,,0.0,0.0
T20_d11_212_b_5.jpg,T20_212,5,revisar,area de defecto dudosa (96%),True,0.978,2,0.462,0.1824,0.96
T20_d11_214_a_5.jpg,T20_214,5,auto,,False,0.98,0,,0.0,0.0
T20_d11_214_b_5.jpg,T20_214,5,revisar,area de defecto dudosa (100%),True,0.982,1,0.318,0.1026,1.0
T20_d11_222_a_5.jpg,T20_222,5,revisar,area de defecto dudosa (100%),True,0.978,5,0.237,0.2794,1.0
T20_d11_222_b_5.jpg,T20_222,5,revisar,area de defecto dudosa (100%),True,0.982,3,0.177,0.2384,1.0
T20_d11_225_a_5.jpg,T20_225,5,revisar,area de defecto dudosa (100%),True,0.975,2,0.249,0.0702,1.0
T20_d11_225_b_5.jpg,T20_225,5,auto,,False,0.973,0,,0.0,0.0
T20_d11_226_a_5.jpg,T20_226,5,auto,,False,0.979,0,,0.0,0.0
T20_d11_226_b_5.jpg,T20_226,5,auto,,False,0.979,0,,0.0,0.0
T20_d11_232_a_5.jpg,T20_232,5,revisar,area de defecto dudosa (100%),True,0.981,2,0.164,0.4723,1.0
T20_d11_232_b_5.jpg,T20_232,5,auto,,False,0.978,0,,0.0,0.0
T20_d11_244_a_5.jpg,T20_244,5,revisar,area de defecto dudosa (100%),True,0.977,1,0.474,0.0344,1.0
T20_d11_255_a_5.jpg,T20_255,5,auto,,False,0.976,0,,0.0,0.0
T20_d11_255_b_5.jpg,T20_255,5,auto,,False,0.976,0,,0.0,0.0
T20_d11_256_a_5.jpg,T20_256,5,auto,,False,0.978,0,,0.0,0.0
T20_d11_256_b_5.jpg,T20_256,5,auto,,False,0.975,0,,0.0,0.0
T20_d11_258_a_5.jpg,T20_258,5,auto,,False,0.973,0,,0.0,0.0
T20_d11_258_b_5.jpg,T20_258,5,revisar,area de defecto dudosa (62%),True,0.978,4,0.178,0.1325,0.618
T20_d11_259_a_5.jpg,T20_259,5,revisar,area de defecto dudosa (100%),True,0.975,3,0.181,0.5174,1.0
T20_d11_259_b_5.jpg,T20_259,5,revisar,area de defecto dudosa (100%),True,0.977,6,0.151,0.3675,1.0
T20_d11_260_a_5.jpg,T20_260,5,auto,,False,0.976,0,,0.0,0.0
T20_d11_260_b_5.jpg,T20_260,5,auto,,False,0.98,0,,0.0,0.0
T20_d11_263_a_5.jpg,T20_263,5,revisar,area de defecto dudosa (100%),True,0.98,1,0.392,0.0393,1.0
T20_d11_263_b_5.jpg,T20_263,5,auto,,False,0.976,0,,0.0,0.0
T20_d11_265_a_5.jpg,T20_265,5,revisar,area de defecto dudosa (100%),True,0.975,2,0.152,0.4702,1.0
T20_d11_265_b_5.jpg,T20_265,5,revisar,area de defecto dudosa (100%),True,0.973,3,0.19,0.1175,1.0
T20_d11_267_a_5.jpg,T20_267,5,revisar,area de defecto dudosa (100%),True,0.975,2,0.256,0.0793,1.0
T20_d11_267_b_5.jpg,T20_267,5,auto,,False,0.981,0,,0.0,0.0
T20_d11_272_a_5.jpg,T20_272,5,revisar,area de defecto dudosa (100%),True,0.979,1,0.168,0.0263,1.0
T20_d11_272_b_5.jpg,T20_272,5,auto,,False,0.979,0,,0.0,0.0
T20_d11_277_a_5.jpg,T20_277,5,revisar,area de defecto dudosa (83%),True,0.977,3,0.246,0.2835,0.827
T20_d11_277_b_5.jpg,T20_277,5,revisar,defecto rectangular; area de defecto dudosa (100%),True,0.98,3,0.353,0.5557,1.0
T20_d11_287_a_5.jpg,T20_287,5,auto,,False,0.98,1,0.503,0.0361,0.0
T20_d11_287_b_5.jpg,T20_287,5,auto,,False,0.976,1,0.708,0.0818,0.0
T20_d11_288_a_5.jpg,T20_288,5,auto,,False,0.976,0,,0.0,0.0
T20_d11_288_b_5.jpg,T20_288,5,revisar,area de defecto dudosa (100%),True,0.98,1,0.167,0.0185,1.0
T20_d11_293_b_5.jpg,T20_293,5,auto,,False,0.975,0,,0.0,0.0
T20_d11_311_a_5.jpg,T20_311,5,revisar,area de defecto dudosa (100%),True,0.977,2,0.213,0.126,1.0
T20_d11_316_a_5.jpg,T20_316,5,auto,,False,0.98,1,0.749,0.0585,0.0
T20_d11_316_b_5.jpg,T20_316,5,auto,,False,0.976,1,0.648,0.1001,0.0
T20_d11_322_a_5.jpg,T20_322,5,auto,,False,0.983,1,0.608,0.2099,0.0
T20_d11_322_b_5.jpg,T20_322,5,revisar,area de defecto dudosa (100%),True,0.979,2,0.407,0.1272,1.0
T20_d11_324_a_5.jpg,T20_324,5,revisar,area de defecto dudosa (100%),True,0.979,2,0.439,0.1767,1.0
T20_d11_332_a_5.jpg,T20_332,5,revisar,area de defecto dudosa (100%),True,0.978,2,0.177,0.0302,1.0
T20_d11_332_b_5.jpg,T20_332,5,auto,,False,0.982,1,0.678,0.2122,0.0
T20_d11_346_a_5.jpg,T20_346,5,revisar,area de defecto dudosa (100%),True,0.978,1,0.168,0.4985,1.0
T20_d11_346_b_5.jpg,T20_346,5,revisar,area de defecto dudosa (100%),True,0.977,2,0.285,0.0561,1.0
T20_d11_347_a_5.jpg,T20_347,5,revisar,area de defecto dudosa (100%),True,0.981,2,0.366,0.2728,1.0
T20_d11_352_a_5.jpg,T20_352,5,revisar,area de defecto dudosa (100%),True,0.981,1,0.202,0.6437,1.0
T20_d11_352_b_5.jpg,T20_352,5,revisar,area de defecto dudosa (100%),True,0.977,1,0.172,0.0086,1.0
T20_d11_354_b_5.jpg,T20_354,5,revisar,area de defecto dudosa (100%),True,0.977,2,0.223,0.0496,1.0
T20_d11_361_a_5.jpg,T20_361,5,revisar,area de defecto dudosa (100%),True,0.979,1,0.47,0.0357,1.0
T20_d11_361_b_5.jpg,T20_361,5,revisar,area de defecto dudosa (100%),True,0.975,3,0.161,0.061,1.0
T20_d11_369_b_5.jpg,T20_369,5,revisar,area de defecto dudosa (100%),True,0.978,1,0.328,0.0227,1.0
T20_d11_378_a_5.jpg,T20_378,5,revisar,area de defecto dudosa (100%),True,0.979,2,0.436,0.0363,1.0
T20_d11_378_b_5.jpg,T20_378,5,revisar,area de defecto dudosa (100%),True,0.978,6,0.153,0.0753,1.0
T20_d11_384_a_5.jpg,T20_384,5,revisar,area de defecto dudosa (100%),True,0.978,2,0.201,0.0155,1.0
T20_d11_384_b_5.jpg,T20_384,5,auto,,False,0.976,0,,0.0,0.0
T20_d11_386_a_5.jpg,T20_386,5,auto,,False,0.98,1,0.64,0.0831,0.0
T20_d11_386_b_5.jpg,T20_386,5,revisar,area de defecto dudosa (100%),True,0.981,2,0.221,0.0475,1.0
T20_d11_388_a_5.jpg,T20_388,5,revisar,area de defecto dudosa (100%),True,0.979,1,0.454,0.0198,1.0
T20_d11_388_b_5.jpg,T20_388,5,revisar,area de defecto dudosa (62%),True,0.979,2,0.367,0.5083,0.622
T20_d11_389_a_5.jpg,T20_389,5,auto,,False,0.978,1,0.763,0.1849,0.0
T20_d11_389_b_5.jpg,T20_389,5,auto,,False,0.979,0,,0.0,0.0
T20_d11_390_a_5.jpg,T20_390,5,auto,,False,0.98,2,0.457,0.0538,0.375
T20_d11_390_b_5.jpg,T20_390,5,revisar,area de defecto dudosa (98%),True,0.977,2,0.359,0.2822,0.981
T20_d11_391_a_5.jpg,T20_391,5,auto,,False,0.978,1,0.803,0.1069,0.0
T20_d11_391_b_5.jpg,T20_391,5,revisar,area de defecto dudosa (100%),True,0.981,5,0.19,0.9245,1.0
T20_d11_394_a_5.jpg,T20_394,5,auto,,False,0.982,1,0.755,0.0454,0.0
T20_d11_394_b_5.jpg,T20_394,5,auto,,False,0.98,0,,0.0,0.0
T20_d11_409_a_5.jpg,T20_409,5,revisar,area de defecto dudosa (100%),True,0.977,1,0.492,0.0798,1.0
T20_d11_409_b_5.jpg,T20_409,5,auto,,False,0.978,0,,0.0,0.0
T20_d11_412_a_5.jpg,T20_412,5,auto,,False,0.975,1,0.753,0.1564,0.0
T20_d11_412_b_5.jpg,T20_412,5,auto,,False,0.974,1,0.56,0.0189,0.0
T20_d11_421_a_5.jpg,T20_421,5,revisar,area de defecto dudosa (100%),True,0.979,2,0.261,0.043,1.0
T20_d11_421_b_5.jpg,T20_421,5,revisar,area de defecto dudosa (100%),True,0.976,3,0.212,0.1806,1.0
T20_d11_423_a_5.jpg,T20_423,5,auto,,False,0.977,0,,0.0,0.0
T20_d11_423_b_5.jpg,T20_423,5,revisar,area de defecto dudosa (55%),True,0.979,3,0.237,0.0954,0.551
T20_d11_426_a_5.jpg,T20_426,5,revisar,area de defecto dudosa (100%),True,0.979,2,0.161,0.0658,1.0
T20_d11_426_b_5.jpg,T20_426,5,auto,,False,0.98,1,0.553,0.0339,0.0
T20_d11_431_a_5.jpg,T20_431,5,auto,,False,0.981,1,0.764,0.1721,0.0
T20_d11_431_b_5.jpg,T20_431,5,revisar,area de defecto dudosa (100%),True,0.977,3,0.151,0.1447,1.0
T20_d11_435_a_5.jpg,T20_435,5,auto,,False,0.98,0,,0.0,0.0
T20_d11_438_a_5.jpg,T20_438,5,auto,,False,0.977,0,,0.0,0.0
T20_d11_438_b_5.jpg,T20_438,5,revisar,area de defecto dudosa (100%),True,0.977,2,0.274,0.042,1.0
T20_d11_439_a_5.jpg,T20_439,5,auto,,False,0.977,1,0.735,0.2291,0.0
T20_d11_439_b_5.jpg,T20_439,5,revisar,defecto rectangular; area de defecto dudosa (100%),True,0.98,1,0.19,0.4824,1.0
T20_d11_440_a_5.jpg,T20_440,5,auto,,False,0.978,1,0.764,0.0697,0.0
T20_d11_440_b_5.jpg,T20_440,5,revisar,area de defecto dudosa (100%),True,0.975,1,0.225,0.1055,1.0
T20_d11_443_a_5.jpg,T20_443,5,revisar,area de defecto dudosa (100%),True,0.978,1,0.229,0.0315,1.0
T20_d11_443_b_5.jpg,T20_443,5,revisar,area de defecto dudosa (100%),True,0.978,3,0.205,0.0821,1.0
T20_d11_455_a_5.jpg,T20_455,5,auto,,False,0.976,2,0.501,0.1314,0.0
T20_d11_455_b_5.jpg,T20_455,5,auto,,False,0.979,1,0.739,0.0479,0.0
T20_d11_461_a_5.jpg,T20_461,5,auto,,False,0.979,1,0.547,0.069,0.0
T20_d11_461_b_5.jpg,T20_461,5,revisar,area de defecto dudosa (88%),True,0.979,3,0.237,0.4084,0.876
T20_d11_463_a_5.jpg,T20_463,5,revisar,area de defecto dudosa (100%),True,0.979,3,0.166,0.2674,1.0
T20_d11_463_b_5.jpg,T20_463,5,revisar,area de defecto dudosa (81%),True,0.977,3,0.163,0.1453,0.809
T20_d11_464_a_5.jpg,T20_464,5,auto,,False,0.977,1,0.575,0.0231,0.0
T20_d11_464_b_5.jpg,T20_464,5,revisar,defecto rectangular; area de defecto dudosa (100%),True,0.983,2,0.158,0.4996,1.0
T20_d11_469_a_5.jpg,T20_469,5,revisar,area de defecto dudosa (100%),True,0.979,2,0.333,0.1879,1.0
T20_d11_477_a_5.jpg,T20_477,5,auto,,False,0.977,1,0.504,0.0455,0.0
T20_d11_477_b_5.jpg,T20_477,5,auto,,False,0.977,1,0.635,0.1027,0.0
Tam_d01_009_a_1.jpg,Tam_009,1,auto,,False,0.974,0,,0.0,0.0
Tam_d01_009_b_1.jpg,Tam_009,1,revisar,area de defecto dudosa (100%),True,0.978,1,0.377,0.3916,1.0
Tam_d01_017_a_1.jpg,Tam_017,1,revisar,area de defecto dudosa (100%),True,0.978,2,0.201,0.0918,1.0
Tam_d01_017_b_1.jpg,Tam_017,1,revisar,area de defecto dudosa (100%),True,0.98,3,0.19,0.1513,1.0
Tam_d01_028_a_1.jpg,Tam_028,1,auto,,False,0.979,0,,0.0,0.0
Tam_d01_030_a_1.jpg,Tam_030,1,revisar,area de defecto dudosa (100%),True,0.981,2,0.173,0.3114,1.0
Tam_d01_030_b_1.jpg,Tam_030,1,revisar,area de defecto dudosa (100%),True,0.982,1,0.447,0.084,1.0
Tam_d01_039_a_1.jpg,Tam_039,1,revisar,area de defecto dudosa (100%),True,0.977,1,0.458,0.0264,1.0
Tam_d01_039_b_1.jpg,Tam_039,1,revisar,area de defecto dudosa (100%),True,0.98,1,0.198,0.0292,1.0
Tam_d01_051_a_1.jpg,Tam_051,1,auto,,False,0.978,1,0.67,0.0356,0.0
Tam_d01_051_b_1.jpg,Tam_051,1,auto,,False,0.978,0,,0.0,0.0
Tam_d01_053_a_1.jpg,Tam_053,1,revisar,area de defecto dudosa (100%),True,0.984,1,0.21,0.1678,1.0
Tam_d01_053_b_1.jpg,Tam_053,1,revisar,area de defecto dudosa (100%),True,0.98,3,0.292,0.0618,1.0
Tam_d01_057_a_1.jpg,Tam_057,1,revisar,area de defecto dudosa (100%),True,0.973,6,0.153,0.4404,1.0
Tam_d01_057_b_1.jpg,Tam_057,1,revisar,area de defecto dudosa (100%),True,0.968,2,0.163,0.0189,1.0
Tam_d01_059_a_1.jpg,Tam_059,1,auto,,False,0.976,0,,0.0,0.0
Tam_d01_059_b_1.jpg,Tam_059,1,auto,,False,0.979,0,,0.0,0.0
Tam_d01_064_a_1.jpg,Tam_064,1,auto,,False,0.982,0,,0.0,0.0
Tam_d01_064_b_1.jpg,Tam_064,1,revisar,area de defecto dudosa (100%),True,0.98,4,0.162,0.1389,1.0
Tam_d01_066_a_1.jpg,Tam_066,1,auto,,False,0.977,1,0.719,0.0932,0.0
Tam_d01_066_b_1.jpg,Tam_066,1,revisar,area de defecto dudosa (100%),True,0.98,2,0.35,0.098,1.0
Tam_d01_074_a_1.jpg,Tam_074,1,revisar,area de defecto dudosa (100%),True,0.975,1,0.199,0.0086,1.0
Tam_d01_074_b_1.jpg,Tam_074,1,auto,,False,0.974,0,,0.0,0.0
Tam_d01_102_a_1.jpg,Tam_102,1,revisar,area de defecto dudosa (100%),True,0.976,1,0.154,0.1449,1.0
Tam_d01_102_b_1.jpg,Tam_102,1,revisar,area de defecto dudosa (100%),True,0.978,2,0.181,0.0964,1.0
Tam_d01_105_a_1.jpg,Tam_105,1,revisar,area de defecto dudosa (100%),True,0.979,1,0.253,0.1292,1.0
Tam_d01_105_b_1.jpg,Tam_105,1,auto,,False,0.979,1,0.798,0.0856,0.0
Tam_d01_117_a_1.jpg,Tam_117,1,revisar,area de defecto dudosa (100%),True,0.979,1,0.225,0.0299,1.0
Tam_d01_119_a_1.jpg,Tam_119,1,revisar,area de defecto dudosa (100%),True,0.978,3,0.17,0.1725,1.0
Tam_d01_119_b_1.jpg,Tam_119,1,revisar,area de defecto dudosa (100%),True,0.975,2,0.304,0.0558,1.0
Tam_d01_121_a_1.jpg,Tam_121,1,revisar,area de defecto dudosa (100%),True,0.977,2,0.392,0.1708,1.0
Tam_d01_124_a_1.jpg,Tam_124,1,revisar,area de defecto dudosa (100%),True,0.979,2,0.294,0.0495,1.0
Tam_d01_134_a_1.jpg,Tam_134,1,revisar,area de defecto dudosa (100%),True,0.978,1,0.223,0.3116,1.0
Tam_d01_134_b_1.jpg,Tam_134,1,revisar,area de defecto dudosa (100%),True,0.981,5,0.163,0.8324,1.0
Tam_d01_142_a_1.jpg,Tam_142,1,revisar,area de defecto dudosa (100%),True,0.978,1,0.221,0.0188,1.0
Tam_d01_142_b_1.jpg,Tam_142,1,revisar,area de defecto dudosa (100%),True,0.979,2,0.186,0.121,1.0
Tam_d01_144_b_1.jpg,Tam_144,1,revisar,area de defecto dudosa (100%),True,0.978,3,0.155,0.357,1.0
Tam_d01_147_a_1.jpg,Tam_147,1,auto,,False,0.975,0,,0.0,0.0
Tam_d01_147_b_1.jpg,Tam_147,1,revisar,area de defecto dudosa (57%),True,0.978,3,0.352,0.0855,0.571
Tam_d01_154_a_1.jpg,Tam_154,1,auto,,False,0.979,0,,0.0,0.0
Tam_d01_154_b_1.jpg,Tam_154,1,auto,,False,0.981,0,,0.0,0.0
Tam_d01_157_a_1.jpg,Tam_157,1,revisar,area de defecto dudosa (100%),True,0.979,1,0.225,0.067,1.0
Tam_d01_157_b_1.jpg,Tam_157,1,auto,,False,0.978,1,0.57,0.0918,0.0
Tam_d01_158_b_1.jpg,Tam_158,1,auto,,False,0.982,0,,0.0,0.0
Tam_d01_159_a_1.jpg,Tam_159,1,revisar,area de defecto dudosa (100%),True,0.98,1,0.189,0.0126,1.0
Tam_d01_159_b_1.jpg,Tam_159,1,revisar,area de defecto dudosa (50%),True,0.98,2,0.21,0.047,0.502
Tam_d01_160_a_1.jpg,Tam_160,1,revisar,area de defecto dudosa (100%),True,0.98,1,0.359,0.4272,1.0
Tam_d01_160_b_1.jpg,Tam_160,1,revisar,area de defecto dudosa (100%),True,0.98,2,0.196,0.0636,1.0
Tam_d01_169_a_1.jpg,Tam_169,1,auto,,False,0.979,0,,0.0,0.0
Tam_d01_169_b_1.jpg,Tam_169,1,auto,,False,0.977,0,,0.0,0.0
Tam_d01_171_a_1.jpg,Tam_171,1,revisar,area de defecto dudosa (100%),True,0.981,1,0.416,0.3755,1.0
Tam_d01_171_b_1.jpg,Tam_171,1,auto,,False,0.98,0,,0.0,0.0
Tam_d01_179_a_1.jpg,Tam_179,1,revisar,area de defecto dudosa (94%),True,0.98,2,0.16,0.0952,0.944
Tam_d01_179_b_1.jpg,Tam_179,1,auto,,False,0.978,0,,0.0,0.0
Tam_d01_182_b_1.jpg,Tam_182,1,revisar,area de defecto dudosa (100%),True,0.974,1,0.369,0.0327,1.0
Tam_d01_189_a_1.jpg,Tam_189,1,revisar,area de defecto dudosa (100%),True,0.982,2,0.347,0.0842,1.0
Tam_d01_189_b_1.jpg,Tam_189,1,revisar,area de defecto dudosa (100%),True,0.979,2,0.154,0.0768,1.0
Tam_d01_191_a_1.jpg,Tam_191,1,auto,,True,0.98,0,,0.0,0.0
Tam_d01_191_b_1.jpg,Tam_191,1,revisar,area de defecto dudosa (100%),True,0.978,3,0.156,0.0504,1.0
Tam_d01_195_a_1.jpg,Tam_195,1,auto,,False,0.977,1,0.529,0.2524,0.0
Tam_d01_195_b_1.jpg,Tam_195,1,auto,,False,0.978,0,,0.0,0.0
Tam_d01_198_a_1.jpg,Tam_198,1,auto,,False,0.976,1,0.533,0.059,0.0
Tam_d01_198_b_1.jpg,Tam_198,1,revisar,area de defecto dudosa (100%),True,0.984,4,0.178,0.0974,1.0
Tam_d01_200_a_1.jpg,Tam_200,1,auto,,False,0.981,1,0.763,0.0288,0.0
Tam_d01_200_b_1.jpg,Tam_200,1,auto,,False,0.982,1,0.59,0.0476,0.0
Tam_d01_205_a_1.jpg,Tam_205,1,revisar,area de defecto dudosa (100%),True,0.977,4,0.168,0.2498,1.0
Tam_d01_205_b_1.jpg,Tam_205,1,revisar,area de defecto dudosa (100%),True,0.974,2,0.164,0.1328,1.0
Tam_d01_207_a_1.jpg,Tam_207,1,revisar,area de defecto dudosa (94%),True,0.979,2,0.168,0.4205,0.939
Tam_d01_207_b_1.jpg,Tam_207,1,revisar,area de defecto dudosa (100%),True,0.972,4,0.158,0.395,1.0
Tam_d01_208_a_1.jpg,Tam_208,1,revisar,area de defecto dudosa (73%),True,0.982,4,0.164,0.2536,0.725
Tam_d01_208_b_1.jpg,Tam_208,1,auto,,False,0.984,0,,0.0,0.0
Tam_d01_210_a_1.jpg,Tam_210,1,revisar,area de defecto dudosa (100%),True,0.971,4,0.154,0.0803,1.0
Tam_d01_210_b_1.jpg,Tam_210,1,revisar,area de defecto dudosa (100%),True,0.977,1,0.183,0.1634,1.0
Tam_d01_216_a_1.jpg,Tam_216,1,revisar,area de defecto dudosa (100%),True,0.979,1,0.18,0.4619,1.0
Tam_d01_216_b_1.jpg,Tam_216,1,auto,,False,0.98,1,0.534,0.0414,0.0
Tam_d01_218_b_1.jpg,Tam_218,1,revisar,area de defecto dudosa (90%),True,0.979,2,0.463,0.0562,0.897
Tam_d01_235_a_1.jpg,Tam_235,1,auto,,True,0.978,0,,0.0,0.0
Tam_d01_235_b_1.jpg,Tam_235,1,revisar,area de defecto dudosa (75%),True,0.981,3,0.25,0.1309,0.747
Tam_d01_241_a_1.jpg,Tam_241,1,auto,,False,0.98,0,,0.0,0.0
Tam_d01_241_b_1.jpg,Tam_241,1,auto,,False,0.976,1,0.789,0.1802,0.0
Tam_d01_242_a_1.jpg,Tam_242,1,auto,,False,0.981,0,,0.0,0.0
Tam_d01_242_b_1.jpg,Tam_242,1,auto,,True,0.98,0,,0.0,0.0
Tam_d01_246_a_1.jpg,Tam_246,1,revisar,area de defecto dudosa (62%),True,0.977,2,0.278,0.0576,0.615
Tam_d01_246_b_1.jpg,Tam_246,1,revisar,area de defecto dudosa (100%),True,0.975,1,0.222,0.3573,1.0
Tam_d01_247_a_1.jpg,Tam_247,1,revisar,area de defecto dudosa (76%),True,0.977,2,0.198,0.0716,0.761
Tam_d01_247_b_1.jpg,Tam_247,1,auto,,False,0.975,1,0.579,0.0682,0.0
Tam_d01_248_a_1.jpg,Tam_248,1,auto,,False,0.978,0,,0.0,0.0
Tam_d01_249_a_1.jpg,Tam_249,1,auto,,False,0.969,1,0.708,0.0809,0.0
Tam_d01_249_b_1.jpg,Tam_249,1,auto,,False,0.969,0,,0.0,0.0
Tam_d01_251_a_1.jpg,Tam_251,1,auto,,False,0.98,1,0.521,0.0828,0.0
Tam_d01_251_b_1.jpg,Tam_251,1,auto,,False,0.982,1,0.78,0.1253,0.0
Tam_d01_257_a_1.jpg,Tam_257,1,auto,,False,0.977,1,0.628,0.0533,0.0
Tam_d01_257_b_1.jpg,Tam_257,1,auto,,False,0.981,1,0.799,0.0941,0.0
Tam_d01_261_a_1.jpg,Tam_261,1,revisar,area de defecto dudosa (100%),True,0.98,1,0.269,0.2708,1.0
Tam_d01_261_b_1.jpg,Tam_261,1,auto,,False,0.979,0,,0.0,0.0
Tam_d01_270_a_1.jpg,Tam_270,1,revisar,area de defecto dudosa (100%),True,0.98,3,0.153,0.7192,1.0
Tam_d01_270_b_1.jpg,Tam_270,1,revisar,area de defecto dudosa (100%),True,0.981,3,0.21,0.6093,1.0
Tam_d01_271_a_1.jpg,Tam_271,1,auto,,False,0.98,0,,0.0,0.0
Tam_d01_271_b_1.jpg,Tam_271,1,auto,,False,0.979,1,0.587,0.0293,0.0
Tam_d01_273_a_1.jpg,Tam_273,1,revisar,area de defecto dudosa (100%),True,0.973,1,0.287,0.0247,1.0
Tam_d01_273_b_1.jpg,Tam_273,1,revisar,area de defecto dudosa (100%),True,0.978,3,0.164,0.0756,1.0
Tam_d01_278_a_1.jpg,Tam_278,1,auto,,False,0.978,0,,0.0,0.0
Tam_d01_278_b_1.jpg,Tam_278,1,auto,,False,0.979,0,,0.0,0.0
Tam_d01_280_a_1.jpg,Tam_280,1,revisar,area de defecto dudosa (100%),True,0.979,2,0.15,0.1406,1.0
Tam_d01_285_a_1.jpg,Tam_285,1,revisar,area de defecto dudosa (100%),True,0.979,2,0.192,0.0736,1.0
Tam_d01_285_b_1.jpg,Tam_285,1,revisar,area de defecto dudosa (100%),True,0.976,1,0.272,0.0356,1.0
Tam_d01_297_a_1.jpg,Tam_297,1,revisar,area de defecto dudosa (100%),True,0.976,1,0.275,0.0233,1.0
Tam_d01_297_b_1.jpg,Tam_297,1,auto,,False,0.966,1,0.59,0.0743,0.0
Tam_d01_299_a_1.jpg,Tam_299,1,auto,,False,0.978,0,,0.0,0.0
Tam_d01_299_b_1.jpg,Tam_299,1,auto,,False,0.983,1,0.751,0.0468,0.0
Tam_d01_302_a_1.jpg,Tam_302,1,revisar,area de defecto dudosa (100%),True,0.977,1,0.421,0.0615,1.0
Tam_d01_302_b_1.jpg,Tam_302,1,revisar,area de defecto dudosa (100%),True,0.972,2,0.157,0.2633,0.999
Tam_d01_303_a_1.jpg,Tam_303,1,revisar,area de defecto dudosa (100%),True,0.978,3,0.175,0.0295,1.0
Tam_d01_303_b_1.jpg,Tam_303,1,revisar,area de defecto dudosa (100%),True,0.978,2,0.206,0.0231,1.0
Tam_d01_304_a_1.jpg,Tam_304,1,auto,,False,0.977,0,,0.0,0.0
Tam_d01_304_b_1.jpg,Tam_304,1,revisar,area de defecto dudosa (100%),True,0.98,2,0.169,0.5623,1.0
Tam_d01_307_b_1.jpg,Tam_307,1,revisar,area de defecto dudosa (100%),True,0.978,2,0.293,0.0291,1.0
Tam_d01_308_a_1.jpg,Tam_308,1,revisar,area de defecto dudosa (71%),True,0.981,4,0.271,0.2814,0.712
Tam_d01_308_b_1.jpg,Tam_308,1,revisar,area de defecto dudosa (100%),True,0.98,1,0.434,0.0383,1.0
Tam_d01_312_a_1.jpg,Tam_312,1,auto,,False,0.979,0,,0.0,0.0
Tam_d01_312_b_1.jpg,Tam_312,1,auto,,True,0.979,0,,0.0,0.0
Tam_d01_318_a_1.jpg,Tam_318,1,auto,,False,0.981,0,,0.0,0.0
Tam_d01_318_b_1.jpg,Tam_318,1,revisar,area de defecto dudosa (100%),True,0.98,5,0.219,0.1435,1.0
Tam_d01_319_a_1.jpg,Tam_319,1,auto,,False,0.981,0,,0.0,0.0
Tam_d01_319_b_1.jpg,Tam_319,1,revisar,area de defecto dudosa (51%),True,0.981,2,0.464,0.0919,0.513
Tam_d01_320_a_1.jpg,Tam_320,1,auto,,False,0.975,0,,0.0,0.0
Tam_d01_320_b_1.jpg,Tam_320,1,revisar,area de defecto dudosa (100%),True,0.975,3,0.19,0.1726,1.0
Tam_d01_323_b_1.jpg,Tam_323,1,revisar,area de defecto dudosa (100%),True,0.982,6,0.175,0.7274,1.0
Tam_d01_329_a_1.jpg,Tam_329,1,revisar,area de defecto dudosa (100%),True,0.978,2,0.172,0.1096,1.0
Tam_d01_329_b_1.jpg,Tam_329,1,revisar,area de defecto dudosa (100%),True,0.973,2,0.222,0.1314,1.0
Tam_d01_335_a_1.jpg,Tam_335,1,auto,,False,0.983,1,0.754,0.0887,0.0
Tam_d01_335_b_1.jpg,Tam_335,1,revisar,area de defecto dudosa (100%),True,0.978,1,0.315,0.0229,1.0
Tam_d01_342_a_1.jpg,Tam_342,1,auto,,False,0.98,1,0.845,0.0491,0.0
Tam_d01_342_b_1.jpg,Tam_342,1,auto,,False,0.977,0,,0.0,0.0
Tam_d01_343_a_1.jpg,Tam_343,1,auto,,False,0.98,0,,0.0,0.0
Tam_d01_343_b_1.jpg,Tam_343,1,revisar,area de defecto dudosa (100%),True,0.982,4,0.174,0.0672,1.0
Tam_d01_348_a_1.jpg,Tam_348,1,auto,,False,0.98,1,0.662,0.0265,0.0
Tam_d01_348_b_1.jpg,Tam_348,1,auto,,False,0.982,0,,0.0,0.0
Tam_d01_356_a_1.jpg,Tam_356,1,auto,,False,0.979,1,0.642,0.0274,0.0
Tam_d01_356_b_1.jpg,Tam_356,1,auto,,False,0.978,1,0.844,0.0538,0.0
Tam_d01_370_a_1.jpg,Tam_370,1,auto,,False,0.981,1,0.536,0.1502,0.0
Tam_d01_370_b_1.jpg,Tam_370,1,auto,,False,0.983,0,,0.0,0.0
Tam_d01_379_b_1.jpg,Tam_379,1,revisar,area de defecto dudosa (100%),True,0.978,1,0.179,0.0094,1.0
Tam_d01_380_a_1.jpg,Tam_380,1,revisar,area de defecto dudosa (100%),True,0.979,2,0.169,0.0874,1.0
Tam_d01_380_b_1.jpg,Tam_380,1,auto,,True,0.979,0,,0.0,0.0
Tam_d01_404_a_1.jpg,Tam_404,1,auto,,False,0.979,1,0.839,0.193,0.0
Tam_d01_404_b_1.jpg,Tam_404,1,auto,,False,0.978,0,,0.0,0.0
Tam_d01_417_a_1.jpg,Tam_417,1,revisar,area de defecto dudosa (100%),True,0.98,5,0.192,0.1293,1.0
Tam_d01_417_b_1.jpg,Tam_417,1,revisar,area de defecto dudosa (100%),True,0.978,2,0.182,0.3584,1.0
Tam_d01_419_a_1.jpg,Tam_419,1,revisar,area de defecto dudosa (100%),True,0.977,3,0.198,0.0531,1.0
Tam_d01_419_b_1.jpg,Tam_419,1,auto,,False,0.981,1,0.687,0.0413,0.0
Tam_d01_427_a_1.jpg,Tam_427,1,auto,,False,0.981,1,0.673,0.1499,0.0
Tam_d01_427_b_1.jpg,Tam_427,1,revisar,area de defecto dudosa (100%),True,0.978,2,0.202,0.1801,1.0
Tam_d01_434_a_1.jpg,Tam_434,1,auto,,False,0.979,0,,0.0,0.0
Tam_d01_434_b_1.jpg,Tam_434,1,auto,,False,0.979,1,0.799,0.0441,0.0
Tam_d01_436_a_1.jpg,Tam_436,1,revisar,area de defecto dudosa (100%),True,0.976,3,0.199,0.1263,1.0
Tam_d01_436_b_1.jpg,Tam_436,1,auto,,False,0.973,1,0.61,0.0899,0.0
Tam_d01_441_a_1.jpg,Tam_441,1,auto,,False,0.979,0,,0.0,0.0
Tam_d01_441_b_1.jpg,Tam_441,1,auto,,False,0.979,1,0.786,0.1642,0.0
Tam_d01_456_a_1.jpg,Tam_456,1,revisar,area de defecto dudosa (100%),True,0.982,1,0.169,0.0266,1.0
Tam_d01_456_b_1.jpg,Tam_456,1,auto,,False,0.977,1,0.665,0.094,0.0
Tam_d01_457_a_1.jpg,Tam_457,1,auto,,False,0.979,1,0.561,0.0583,0.0
Tam_d01_457_b_1.jpg,Tam_457,1,revisar,area de defecto dudosa (100%),True,0.979,2,0.168,0.3734,1.0
Tam_d01_466_a_1.jpg,Tam_466,1,auto,,False,0.977,1,0.804,0.1692,0.0
Tam_d01_466_b_1.jpg,Tam_466,1,revisar,area de defecto dudosa (100%),True,0.976,2,0.325,0.0779,1.0
Tam_d01_467_a_1.jpg,Tam_467,1,revisar,area de defecto dudosa (100%),True,0.976,1,0.173,0.4715,1.0
Tam_d01_467_b_1.jpg,Tam_467,1,revisar,area de defecto dudosa (100%),True,0.971,2,0.163,0.1389,1.0
Tam_d02_009_a_2.jpg,Tam_009,2,auto,,False,0.977,0,,0.0,0.0
Tam_d02_009_b_2.jpg,Tam_009,2,revisar,area de defecto dudosa (100%),True,0.979,1,0.46,0.3198,1.0
Tam_d02_017_a_2.jpg,Tam_017,2,revisar,area de defecto dudosa (75%),True,0.977,2,0.318,0.0701,0.751
Tam_d02_017_b_2.jpg,Tam_017,2,auto,,False,0.978,3,0.16,0.2467,0.289
Tam_d02_028_a_2.jpg,Tam_028,2,auto,,False,0.981,0,,0.0,0.0
Tam_d02_030_a_2.jpg,Tam_030,2,revisar,defecto rectangular; area de defecto dudosa (100%),True,0.978,5,0.173,0.5768,1.0
Tam_d02_030_b_2.jpg,Tam_030,2,revisar,area de defecto dudosa (100%),True,0.974,2,0.167,0.1523,1.0
Tam_d02_039_a_2.jpg,Tam_039,2,auto,,False,0.978,1,0.517,0.0417,0.0
Tam_d02_039_b_2.jpg,Tam_039,2,revisar,area de defecto dudosa (100%),True,0.973,1,0.289,0.0272,1.0
Tam_d02_051_a_1.jpg,Tam_051,1,revisar,area de defecto dudosa (99%),True,0.978,3,0.36,0.0475,0.993
Tam_d02_051_b_1.jpg,Tam_051,1,auto,,False,0.978,0,,0.0,0.0
Tam_d02_053_a_2.jpg,Tam_053,2,revisar,area de defecto dudosa (100%),True,0.982,2,0.169,0.245,1.0
Tam_d02_057_a_2.jpg,Tam_057,2,revisar,area de defecto dudosa (100%),True,0.973,1,0.164,0.1899,1.0
Tam_d02_057_b_2.jpg,Tam_057,2,revisar,area de defecto dudosa (100%),True,0.976,3,0.152,0.0251,1.0
Tam_d02_059_a_1.jpg,Tam_059,1,auto,,False,0.977,0,,0.0,0.0
Tam_d02_059_b_1.jpg,Tam_059,1,auto,,False,0.981,0,,0.0,0.0
Tam_d02_064_a_2.jpg,Tam_064,2,revisar,area de defecto dudosa (100%),True,0.981,1,0.291,0.0118,1.0
Tam_d02_064_b_2.jpg,Tam_064,2,revisar,area de defecto dudosa (100%),True,0.977,4,0.255,0.1177,0.999
Tam_d02_066_a_2.jpg,Tam_066,2,revisar,area de defecto dudosa (100%),True,0.979,1,0.27,0.0753,1.0
Tam_d02_066_b_2.jpg,Tam_066,2,revisar,defecto rectangular; area de defecto dudosa (100%),True,0.976,5,0.191,0.5474,1.0
Tam_d02_074_a_1.jpg,Tam_074,1,revisar,area de defecto dudosa (100%),True,0.979,1,0.286,0.302,1.0
Tam_d02_074_b_1.jpg,Tam_074,1,revisar,area de defecto dudosa (100%),True,0.973,1,0.19,0.0095,1.0
Tam_d02_102_a_1.jpg,Tam_102,1,revisar,area de defecto dudosa (100%),True,0.979,4,0.163,0.1092,1.0
Tam_d02_102_b_1.jpg,Tam_102,1,revisar,area de defecto dudosa (100%),True,0.975,3,0.156,0.4047,1.0
Tam_d02_105_a_1.jpg,Tam_105,1,revisar,area de defecto dudosa (100%),True,0.976,3,0.182,0.1288,1.0
Tam_d02_105_b_1.jpg,Tam_105,1,auto,,False,0.978,1,0.78,0.0762,0.0
Tam_d02_119_a_1.jpg,Tam_119,1,auto,,False,0.977,0,,0.0,0.0
Tam_d02_119_b_1.jpg,Tam_119,1,revisar,area de defecto dudosa (100%),True,0.977,2,0.211,0.2598,1.0
Tam_d02_121_a_1.jpg,Tam_121,1,revisar,area de defecto dudosa (100%),True,0.976,2,0.398,0.1272,1.0
Tam_d02_121_b_1.jpg,Tam_121,1,auto,,False,0.978,0,,0.0,0.0
Tam_d02_124_a_1.jpg,Tam_124,1,revisar,area de defecto dudosa (100%),True,0.979,1,0.452,0.0187,1.0
Tam_d02_124_b_1.jpg,Tam_124,1,auto,,False,0.979,2,0.156,0.1048,0.5
Tam_d02_134_a_2.jpg,Tam_134,2,revisar,area de defecto dudosa (100%),True,0.978,3,0.163,0.457,1.0
Tam_d02_134_b_2.jpg,Tam_134,2,revisar,area de defecto dudosa (100%),True,0.979,1,0.217,0.4307,1.0
Tam_d02_142_b_2.jpg,Tam_142,2,revisar,area de defecto dudosa (100%),True,0.978,4,0.151,0.2382,1.0
Tam_d02_144_a_2.jpg,Tam_144,2,revisar,area de defecto dudosa (96%),True,0.978,2,0.216,0.0261,0.96
Tam_d02_144_b_2.jpg,Tam_144,2,revisar,area de defecto dudosa (100%),True,0.981,3,0.167,0.5582,1.0
Tam_d02_147_a_1.jpg,Tam_147,1,revisar,area de defecto dudosa (100%),True,0.976,1,0.232,0.3709,1.0
Tam_d02_147_b_1.jpg,Tam_147,1,auto,,True,0.975,2,0.223,0.0491,0.207
Tam_d02_154_a_1.jpg,Tam_154,1,auto,,False,0.978,0,,0.0,0.0
Tam_d02_154_b_1.jpg,Tam_154,1,auto,,False,0.982,0,,0.0,0.0
Tam_d02_157_a_2.jpg,Tam_157,2,auto,,False,0.979,0,,0.0,0.0
Tam_d02_157_b_2.jpg,Tam_157,2,revisar,area de defecto dudosa (98%),True,0.98,2,0.379,0.0718,0.98
Tam_d02_158_a_1.jpg,Tam_158,1,revisar,area de defecto dudosa (59%),True,0.979,2,0.205,0.445,0.59
Tam_d02_158_b_1.jpg,Tam_158,1,auto,,False,0.975,0,,0.0,0.0
Tam_d02_159_a_1.jpg,Tam_159,1,auto,,False,0.979,1,0.595,0.0183,0.0
Tam_d02_159_b_1.jpg,Tam_159,1,revisar,area de defecto dudosa (100%),True,0.978,3,0.152,0.1715,1.0
Tam_d02_160_a_2.jpg,Tam_160,2,revisar,area de defecto dudosa (100%),True,0.984,1,0.242,0.3928,1.0
Tam_d02_160_b_2.jpg,Tam_160,2,revisar,area de defecto dudosa (100%),True,0.979,3,0.17,0.1893,1.0
Tam_d02_169_a_1.jpg,Tam_169,1,auto,,False,0.979,0,,0.0,0.0
Tam_d02_171_a_1.jpg,Tam_171,1,revisar,area de defecto dudosa (100%),True,0.981,1,0.275,0.0917,1.0
Tam_d02_171_b_1.jpg,Tam_171,1,auto,,False,0.983,0,,0.0,0.0
Tam_d02_179_a_2.jpg,Tam_179,2,revisar,area de defecto dudosa (95%),True,0.98,2,0.168,0.0979,0.947
Tam_d02_179_b_2.jpg,Tam_179,2,auto,,False,0.981,0,,0.0,0.0
Tam_d02_182_a_1.jpg,Tam_182,1,revisar,area de defecto dudosa (100%),True,0.975,1,0.432,0.1316,1.0
Tam_d02_182_b_1.jpg,Tam_182,1,revisar,area de defecto dudosa (100%),True,0.977,3,0.163,0.0813,1.0
Tam_d02_189_a_2.jpg,Tam_189,2,revisar,area de defecto dudosa (100%),True,0.978,2,0.245,0.0372,1.0
Tam_d02_189_b_2.jpg,Tam_189,2,auto,,False,0.978,0,,0.0,0.0
Tam_d02_191_a_2.jpg,Tam_191,2,auto,,False,0.977,0,,0.0,0.0
Tam_d02_191_b_2.jpg,Tam_191,2,auto,,False,0.977,0,,0.0,0.0
Tam_d02_195_a_1.jpg,Tam_195,1,revisar,area de defecto dudosa (58%),True,0.976,2,0.169,0.6854,0.581
Tam_d02_195_b_1.jpg,Tam_195,1,revisar,area de defecto dudosa (100%),True,0.977,6,0.152,0.3867,1.0
Tam_d02_198_a_2.jpg,Tam_198,2,revisar,area de defecto dudosa (100%),True,0.982,2,0.16,0.0114,1.0
Tam_d02_198_b_2.jpg,Tam_198,2,revisar,area de defecto dudosa (95%),True,0.977,2,0.288,0.0942,0.948
Tam_d02_200_a_1.jpg,Tam_200,1,auto,,False,0.979,1,0.782,0.0337,0.0
Tam_d02_205_a_1.jpg,Tam_205,1,revisar,area de defecto dudosa (100%),True,0.975,1,0.154,0.0072,1.0
Tam_d02_205_b_1.jpg,Tam_205,1,revisar,area de defecto dudosa (100%),True,0.979,3,0.248,0.1248,1.0
Tam_d02_208_a_2.jpg,Tam_208,2,revisar,area de defecto dudosa (100%),True,0.982,8,0.152,0.4921,1.0
Tam_d02_208_b_2.jpg,Tam_208,2,revisar,area de defecto dudosa (100%),True,0.983,2,0.204,0.1207,0.999
Tam_d02_210_a_1.jpg,Tam_210,1,auto,,False,0.978,0,,0.0,0.0
Tam_d02_210_b_1.jpg,Tam_210,1,revisar,area de defecto dudosa (100%),True,0.98,2,0.152,0.0394,1.0
Tam_d02_216_a_2.jpg,Tam_216,2,revisar,area de defecto dudosa (100%),True,0.98,2,0.153,0.4128,1.0
Tam_d02_216_b_2.jpg,Tam_216,2,auto,,False,0.979,0,,0.0,0.0
Tam_d02_218_a_2.jpg,Tam_218,2,auto,,True,0.98,0,,0.0,0.0
Tam_d02_218_b_2.jpg,Tam_218,2,revisar,area de defecto dudosa (100%),True,0.979,1,0.316,0.0265,1.0
Tam_d02_241_a_1.jpg,Tam_241,1,auto,,False,0.98,0,,0.0,0.0
Tam_d02_241_b_1.jpg,Tam_241,1,revisar,area de defecto dudosa (96%),True,0.978,2,0.163,0.178,0.955
Tam_d02_242_a_2.jpg,Tam_242,2,auto,,True,0.979,0,,0.0,0.0
Tam_d02_242_b_2.jpg,Tam_242,2,auto,,False,0.979,0,,0.0,0.0
Tam_d02_246_a_2.jpg,Tam_246,2,revisar,area de defecto dudosa (100%),True,0.979,2,0.272,0.5822,1.0
Tam_d02_246_b_2.jpg,Tam_246,2,revisar,area de defecto dudosa (100%),True,0.979,5,0.223,0.3678,1.0
Tam_d02_247_a_1.jpg,Tam_247,1,revisar,area de defecto dudosa (100%),True,0.982,2,0.318,0.0336,1.0
Tam_d02_247_b_1.jpg,Tam_247,1,revisar,area de defecto dudosa (100%),True,0.972,4,0.174,0.0865,1.0
Tam_d02_248_a_2.jpg,Tam_248,2,auto,,False,0.981,0,,0.0,0.0
Tam_d02_248_b_2.jpg,Tam_248,2,auto,,False,0.979,0,,0.0,0.0
Tam_d02_249_a_2.jpg,Tam_249,2,revisar,area de defecto dudosa (100%),True,0.971,2,0.199,0.0556,1.0
Tam_d02_249_b_2.jpg,Tam_249,2,auto,,False,0.967,1,0.546,0.0081,0.0
Tam_d02_251_a_2.jpg,Tam_251,2,revisar,area de defecto dudosa (100%),True,0.982,1,0.479,0.0949,1.0
Tam_d02_257_a_2.jpg,Tam_257,2,revisar,area de defecto dudosa (100%),True,0.976,2,0.159,0.0841,1.0
Tam_d02_257_b_2.jpg,Tam_257,2,auto,,False,0.981,1,0.531,0.0193,0.0
Tam_d02_261_a_2.jpg,Tam_261,2,auto,,False,0.981,0,,0.0,0.0
Tam_d02_261_b_2.jpg,Tam_261,2,revisar,area de defecto dudosa (100%),True,0.98,2,0.271,0.481,1.0
Tam_d02_270_a_1.jpg,Tam_270,1,revisar,area de defecto dudosa (100%),True,0.981,3,0.162,0.7798,1.0
Tam_d02_270_b_1.jpg,Tam_270,1,revisar,area de defecto dudosa (100%),True,0.98,3,0.155,0.6254,1.0
Tam_d02_273_a_1.jpg,Tam_273,1,revisar,area de defecto dudosa (100%),True,0.974,1,0.164,0.0246,1.0
Tam_d02_273_b_1.jpg,Tam_273,1,auto,,True,0.977,1,0.58,0.05,0.0
Tam_d02_278_a_2.jpg,Tam_278,2,auto,,False,0.982,0,,0.0,0.0
Tam_d02_280_a_1.jpg,Tam_280,1,revisar,area de defecto dudosa (100%),True,0.982,2,0.17,0.1381,1.0
Tam_d02_280_b_1.jpg,Tam_280,1,auto,,False,0.977,0,,0.0,0.0
Tam_d02_285_a_2.jpg,Tam_285,2,auto,,False,0.977,1,0.825,0.0507,0.0
Tam_d02_285_b_2.jpg,Tam_285,2,auto,,False,0.977,0,,0.0,0.0
Tam_d02_297_a_2.jpg,Tam_297,2,revisar,area de defecto dudosa (100%),True,0.98,1,0.194,0.0589,1.0
Tam_d02_297_b_2.jpg,Tam_297,2,auto,,False,0.978,2,0.187,0.0578,0.347
Tam_d02_299_a_1.jpg,Tam_299,1,auto,,False,0.98,0,,0.0,0.0
Tam_d02_299_b_1.jpg,Tam_299,1,auto,,False,0.977,1,0.744,0.032,0.0
Tam_d02_302_a_2.jpg,Tam_302,2,revisar,area de defecto dudosa (100%),True,0.981,2,0.364,0.1047,1.0
Tam_d02_302_b_2.jpg,Tam_302,2,revisar,area de defecto dudosa (100%),True,0.974,2,0.463,0.2484,0.999
Tam_d02_303_b_2.jpg,Tam_303,2,revisar,area de defecto dudosa (85%),True,0.981,2,0.307,0.1113,0.854
Tam_d02_304_a_1.jpg,Tam_304,1,auto,,False,0.976,0,,0.0,0.0
Tam_d02_304_b_1.jpg,Tam_304,1,revisar,area de defecto dudosa (100%),True,0.977,2,0.246,0.5066,1.0
Tam_d02_307_a_1.jpg,Tam_307,1,auto,,False,0.98,1,0.74,0.0745,0.0
Tam_d02_307_b_1.jpg,Tam_307,1,revisar,area de defecto dudosa (100%),True,0.983,2,0.178,0.0374,1.0
Tam_d02_308_a_2.jpg,Tam_308,2,auto,,False,0.977,1,0.817,0.1347,0.0
Tam_d02_308_b_2.jpg,Tam_308,2,auto,,False,0.98,1,0.569,0.0505,0.0
Tam_d02_312_a_1.jpg,Tam_312,1,auto,,False,0.979,0,,0.0,0.0
Tam_d02_312_b_1.jpg,Tam_312,1,auto,,False,0.979,0,,0.0,0.0
Tam_d02_318_a_1.jpg,Tam_318,1,auto,,False,0.981,0,,0.0,0.0
Tam_d02_318_b_1.jpg,Tam_318,1,revisar,area de defecto dudosa (100%),True,0.982,6,0.166,0.3824,1.0
Tam_d02_319_a_1.jpg,Tam_319,1,auto,,False,0.979,0,,0.0,0.0
Tam_d02_319_b_1.jpg,Tam_319,1,revisar,area de defecto dudosa (71%),True,0.981,3,0.207,0.1546,0.713
Tam_d02_320_a_1.jpg,Tam_320,1,auto,,False,0.976,1,0.631,0.2602,0.0
Tam_d02_320_b_1.jpg,Tam_320,1,revisar,area de defecto dudosa (100%),True,0.976,4,0.162,0.3195,1.0
Tam_d02_323_b_2.jpg,Tam_323,2,revisar,area de defecto dudosa (100%),True,0.981,8,0.175,0.6485,1.0
Tam_d02_329_a_2.jpg,Tam_329,2,revisar,area de defecto dudosa (100%),True,0.977,4,0.202,0.1486,1.0
Tam_d02_335_a_1.jpg,Tam_335,1,auto,,False,0.982,1,0.787,0.0745,0.0
Tam_d02_335_b_1.jpg,Tam_335,1,revisar,area de defecto dudosa (100%),True,0.984,2,0.153,0.1571,1.0
Tam_d02_342_a_1.jpg,Tam_342,1,auto,,False,0.978,1,0.79,0.0484,0.0
Tam_d02_342_b_1.jpg,Tam_342,1,revisar,area de defecto dudosa (100%),True,0.972,1,0.25,0.0269,1.0
Tam_d02_343_a_2.jpg,Tam_343,2,auto,,False,0.98,0,,0.0,0.0
Tam_d02_348_a_2.jpg,Tam_348,2,auto,,False,0.982,0,,0.0,0.0
Tam_d02_348_b_2.jpg,Tam_348,2,auto,,False,0.983,0,,0.0,0.0
Tam_d02_356_a_2.jpg,Tam_356,2,auto,,False,0.978,1,0.831,0.0827,0.0
Tam_d02_370_a_2.jpg,Tam_370,2,revisar,area de defecto dudosa (100%),True,0.98,3,0.155,0.1123,1.0
Tam_d02_370_b_2.jpg,Tam_370,2,auto,,False,0.981,1,0.78,0.0582,0.0
Tam_d02_379_a_1.jpg,Tam_379,1,auto,,False,0.977,1,0.535,0.1115,0.0
Tam_d02_379_b_1.jpg,Tam_379,1,revisar,area de defecto dudosa (100%),True,0.981,1,0.299,0.0083,1.0
Tam_d02_380_b_2.jpg,Tam_380,2,auto,,False,0.976,0,,0.0,0.0
Tam_d02_404_a_1.jpg,Tam_404,1,revisar,area de defecto dudosa (100%),True,0.98,2,0.462,0.349,1.0
Tam_d02_404_b_1.jpg,Tam_404,1,auto,,False,0.98,0,,0.0,0.0
Tam_d02_417_a_1.jpg,Tam_417,1,revisar,area de defecto dudosa (100%),True,0.98,3,0.159,0.432,1.0
Tam_d02_417_b_1.jpg,Tam_417,1,revisar,area de defecto dudosa (100%),True,0.982,2,0.175,0.2594,1.0
Tam_d02_419_a_1.jpg,Tam_419,1,auto,,False,0.976,1,0.782,0.0425,0.0
Tam_d02_419_b_1.jpg,Tam_419,1,revisar,area de defecto dudosa (100%),True,0.981,1,0.475,0.0094,1.0
Tam_d02_427_a_2.jpg,Tam_427,2,auto,,False,0.979,1,0.857,0.1773,0.0
Tam_d02_427_b_2.jpg,Tam_427,2,revisar,area de defecto dudosa (100%),True,0.977,2,0.2,0.2034,1.0
Tam_d02_434_a_1.jpg,Tam_434,1,auto,,False,0.978,0,,0.0,0.0
Tam_d02_434_b_1.jpg,Tam_434,1,auto,,False,0.978,1,0.825,0.0589,0.0
Tam_d02_436_a_2.jpg,Tam_436,2,auto,,False,0.971,0,,0.0,0.0
Tam_d02_436_b_2.jpg,Tam_436,2,auto,,False,0.975,2,0.204,0.0965,0.399
Tam_d02_441_b_2.jpg,Tam_441,2,auto,,False,0.976,1,0.671,0.1111,0.0
Tam_d02_456_a_2.jpg,Tam_456,2,revisar,area de defecto dudosa (100%),True,0.983,2,0.233,0.0404,1.0
Tam_d02_456_b_2.jpg,Tam_456,2,auto,,False,0.984,1,0.716,0.1036,0.0
Tam_d02_457_a_2.jpg,Tam_457,2,auto,,False,0.978,1,0.552,0.0265,0.0
Tam_d02_466_a_2.jpg,Tam_466,2,auto,,False,0.981,1,0.78,0.1667,0.0
Tam_d02_466_b_2.jpg,Tam_466,2,revisar,area de defecto dudosa (100%),True,0.979,3,0.188,0.1994,1.0
Tam_d02_467_a_2.jpg,Tam_467,2,revisar,area de defecto dudosa (100%),True,0.977,2,0.347,0.1183,1.0
Tam_d02_467_b_2.jpg,Tam_467,2,revisar,area de defecto dudosa (100%),True,0.977,3,0.167,0.6043,1.0
Tam_d03_009_a_2.jpg,Tam_009,2,revisar,area de defecto dudosa (100%),True,0.978,3,0.218,0.3233,1.0
Tam_d03_009_b_2.jpg,Tam_009,2,auto,,False,0.979,0,,0.0,0.0
Tam_d03_017_a_2.jpg,Tam_017,2,revisar,area de defecto dudosa (100%),True,0.978,1,0.283,0.0517,1.0
Tam_d03_017_b_2.jpg,Tam_017,2,revisar,area de defecto dudosa (100%),True,0.978,3,0.155,0.1649,1.0
Tam_d03_028_a_2.jpg,Tam_028,2,revisar,defecto rectangular; area de defecto dudosa (100%),True,0.982,1,0.206,0.508,1.0
Tam_d03_028_b_2.jpg,Tam_028,2,revisar,area de defecto dudosa (100%),True,0.978,2,0.226,0.0495,1.0
Tam_d03_030_a_2.jpg,Tam_030,2,revisar,area de defecto dudosa (100%),True,0.982,3,0.222,0.4683,1.0
Tam_d03_030_b_2.jpg,Tam_030,2,revisar,area de defecto dudosa (100%),True,0.981,2,0.156,0.1236,1.0
Tam_d03_039_a_2.jpg,Tam_039,2,auto,,False,0.979,0,,0.0,0.0
Tam_d03_039_b_2.jpg,Tam_039,2,auto,,False,0.979,0,,0.0,0.0
Tam_d03_051_b_2.jpg,Tam_051,2,revisar,area de defecto dudosa (100%),True,0.975,1,0.364,0.0102,1.0
Tam_d03_053_a_2.jpg,Tam_053,2,auto,,False,0.981,0,,0.0,0.0
Tam_d03_053_b_2.jpg,Tam_053,2,auto,,False,0.981,1,0.501,0.0274,0.0
Tam_d03_057_a_2.jpg,Tam_057,2,auto,,False,0.976,0,,0.0,0.0
Tam_d03_057_b_2.jpg,Tam_057,2,revisar,area de defecto dudosa (100%),True,0.976,3,0.219,0.0218,1.0
Tam_d03_059_a_1.jpg,Tam_059,1,auto,,False,0.977,0,,0.0,0.0
Tam_d03_059_b_1.jpg,Tam_059,1,auto,,False,0.976,0,,0.0,0.0
Tam_d03_064_a_2.jpg,Tam_064,2,revisar,area de defecto dudosa (98%),True,0.978,2,0.157,0.0259,0.977
Tam_d03_064_b_2.jpg,Tam_064,2,revisar,area de defecto dudosa (100%),True,0.978,5,0.162,0.2893,1.0
Tam_d03_066_a_2.jpg,Tam_066,2,revisar,area de defecto dudosa (100%),True,0.982,1,0.208,0.2246,1.0
Tam_d03_066_b_2.jpg,Tam_066,2,revisar,area de defecto dudosa (100%),True,0.979,2,0.396,0.2222,1.0
Tam_d03_074_a_1.jpg,Tam_074,1,revisar,area de defecto dudosa (100%),True,0.977,2,0.155,0.3346,1.0
Tam_d03_074_b_1.jpg,Tam_074,1,revisar,area de defecto dudosa (100%),True,0.974,1,0.436,0.0138,1.0
Tam_d03_102_a_1.jpg,Tam_102,1,revisar,area de defecto dudosa (100%),True,0.979,2,0.229,0.3796,1.0
Tam_d03_105_a_2.jpg,Tam_105,2,revisar,defecto rectangular; defecto rectangular; area de defecto dudosa (100%),True,0.98,2,0.152,0.6835,1.0
Tam_d03_105_b_2.jpg,Tam_105,2,auto,,False,0.979,1,0.525,0.0283,0.0
Tam_d03_119_a_2.jpg,Tam_119,2,auto,,False,0.979,1,0.63,0.1343,0.0
Tam_d03_121_a_1.jpg,Tam_121,1,revisar,area de defecto dudosa (100%),True,0.979,3,0.223,0.2141,1.0
Tam_d03_121_b_1.jpg,Tam_121,1,auto,,False,0.98,0,,0.0,0.0
Tam_d03_124_b_2.jpg,Tam_124,2,revisar,area de defecto dudosa (100%),True,0.979,1,0.36,0.02,1.0
Tam_d03_134_a_2.jpg,Tam_134,2,revisar,area de defecto dudosa (100%),True,0.98,1,0.214,0.2242,1.0
Tam_d03_134_b_2.jpg,Tam_134,2,revisar,area de defecto dudosa (100%),True,0.982,2,0.169,0.5212,1.0
Tam_d03_142_a_2.jpg,Tam_142,2,revisar,area de defecto dudosa (100%),True,0.98,1,0.246,0.0243,1.0
Tam_d03_142_b_2.jpg,Tam_142,2,revisar,area de defecto dudosa (100%),True,0.977,2,0.215,0.1462,1.0
Tam_d03_144_a_2.jpg,Tam_144,2,revisar,area de defecto dudosa (98%),True,0.979,2,0.32,0.4573,0.975
Tam_d03_144_b_2.jpg,Tam_144,2,revisar,area de defecto dudosa (98%),True,0.981,2,0.189,0.0247,0.979
Tam_d03_147_a_2.jpg,Tam_147,2,auto,,True,0.976,0,,0.0,0.0
Tam_d03_147_b_2.jpg,Tam_147,2,auto,,False,0.974,1,0.68,0.0444,0.0
Tam_d03_154_a_2.jpg,Tam_154,2,auto,,False,0.982,0,,0.0,0.0
Tam_d03_154_b_2.jpg,Tam_154,2,auto,,False,0.981,0,,0.0,0.0
Tam_d03_157_a_2.jpg,Tam_157,2,revisar,area de defecto dudosa (97%),True,0.977,2,0.18,0.1239,0.967
Tam_d03_157_b_2.jpg,Tam_157,2,auto,,False,0.979,0,,0.0,0.0
Tam_d03_158_a_1.jpg,Tam_158,1,revisar,area de defecto dudosa (100%),True,0.978,2,0.416,0.3453,1.0
Tam_d03_158_b_1.jpg,Tam_158,1,revisar,area de defecto dudosa (100%),True,0.98,2,0.154,0.1488,1.0
Tam_d03_159_a_2.jpg,Tam_159,2,auto,,False,0.978,1,0.751,0.074,0.0
Tam_d03_159_b_2.jpg,Tam_159,2,auto,,False,0.979,0,,0.0,0.0
Tam_d03_160_a_2.jpg,Tam_160,2,revisar,area de defecto dudosa (100%),True,0.98,3,0.214,0.2007,1.0
Tam_d03_160_b_2.jpg,Tam_160,2,revisar,area de defecto dudosa (100%),True,0.979,1,0.266,0.44,1.0
Tam_d03_169_a_1.jpg,Tam_169,1,auto,,False,0.981,0,,0.0,0.0
Tam_d03_169_b_1.jpg,Tam_169,1,auto,,False,0.981,0,,0.0,0.0
Tam_d03_171_a_1.jpg,Tam_171,1,auto,,False,0.98,0,,0.0,0.0
Tam_d03_171_b_1.jpg,Tam_171,1,revisar,area de defecto dudosa (100%),True,0.979,1,0.376,0.5027,1.0
Tam_d03_179_a_2.jpg,Tam_179,2,revisar,area de defecto dudosa (100%),True,0.978,3,0.176,0.3155,1.0
Tam_d03_179_b_2.jpg,Tam_179,2,revisar,area de defecto dudosa (100%),True,0.976,1,0.333,0.0409,1.0
Tam_d03_182_a_2.jpg,Tam_182,2,revisar,area de defecto dudosa (100%),True,0.977,1,0.483,0.1323,1.0
Tam_d03_182_b_2.jpg,Tam_182,2,revisar,area de defecto dudosa (100%),True,0.978,2,0.182,0.0915,1.0
Tam_d03_189_a_2.jpg,Tam_189,2,revisar,area de defecto dudosa (100%),True,0.98,2,0.238,0.0579,1.0
Tam_d03_189_b_2.jpg,Tam_189,2,auto,,False,0.978,0,,0.0,0.0
Tam_d03_191_a_2.jpg,Tam_191,2,revisar,area de defecto dudosa (100%),True,0.984,5,0.171,0.1439,1.0
Tam_d03_191_b_2.jpg,Tam_191,2,auto,,False,0.98,0,,0.0,0.0
Tam_d03_195_a_2.jpg,Tam_195,2,revisar,area de defecto dudosa (100%),True,0.981,3,0.156,0.3456,1.0
Tam_d03_195_b_2.jpg,Tam_195,2,revisar,area de defecto dudosa (100%),True,0.982,4,0.272,0.3482,1.0
Tam_d03_198_a_2.jpg,Tam_198,2,revisar,area de defecto dudosa (100%),True,0.979,1,0.163,0.1464,1.0
Tam_d03_198_b_2.jpg,Tam_198,2,revisar,area de defecto dudosa (100%),True,0.98,3,0.154,0.1693,1.0
Tam_d03_200_a_1.jpg,Tam_200,1,revisar,area de defecto dudosa (100%),True,0.981,4,0.152,0.1692,1.0
Tam_d03_200_b_1.jpg,Tam_200,1,auto,,False,0.98,1,0.85,0.0378,0.0
Tam_d03_205_a_1.jpg,Tam_205,1,revisar,area de defecto dudosa (89%),True,0.979,4,0.192,0.3381,0.89
Tam_d03_205_b_1.jpg,Tam_205,1,revisar,area de defecto dudosa (100%),True,0.972,4,0.181,0.2087,1.0
Tam_d03_208_a_2.jpg,Tam_208,2,revisar,area de defecto dudosa (91%),True,0.981,6,0.18,0.4462,0.909
Tam_d03_208_b_2.jpg,Tam_208,2,revisar,area de defecto dudosa (100%),True,0.979,2,0.176,0.1703,1.0
Tam_d03_210_a_2.jpg,Tam_210,2,revisar,area de defecto dudosa (100%),True,0.978,2,0.198,0.0752,1.0
Tam_d03_210_b_2.jpg,Tam_210,2,revisar,area de defecto dudosa (100%),True,0.975,1,0.319,0.032,1.0
Tam_d03_216_a_3.jpg,Tam_216,3,auto,,False,0.98,0,,0.0,0.0
Tam_d03_218_a_2.jpg,Tam_218,2,auto,,False,0.981,0,,0.0,0.0
Tam_d03_218_b_2.jpg,Tam_218,2,auto,,False,0.98,0,,0.0,0.0
Tam_d03_241_a_2.jpg,Tam_241,2,auto,,False,0.981,0,,0.0,0.0
Tam_d03_242_a_2.jpg,Tam_242,2,auto,,False,0.979,0,,0.0,0.0
Tam_d03_242_b_2.jpg,Tam_242,2,auto,,False,0.979,0,,0.0,0.0
Tam_d03_246_a_2.jpg,Tam_246,2,revisar,area de defecto dudosa (87%),True,0.977,3,0.161,0.1885,0.872
Tam_d03_246_b_2.jpg,Tam_246,2,revisar,area de defecto dudosa (100%),True,0.978,2,0.162,0.4976,1.0
Tam_d03_247_a_2.jpg,Tam_247,2,revisar,area de defecto dudosa (100%),True,0.976,6,0.171,0.0897,1.0
Tam_d03_248_a_3.jpg,Tam_248,3,auto,,False,0.977,0,,0.0,0.0
Tam_d03_248_b_3.jpg,Tam_248,3,auto,,False,0.978,0,,0.0,0.0
Tam_d03_249_a_2.jpg,Tam_249,2,auto,,False,0.959,1,0.692,0.0861,0.0
Tam_d03_249_b_2.jpg,Tam_249,2,auto,,False,0.973,0,,0.0,0.0
Tam_d03_251_a_2.jpg,Tam_251,2,auto,,False,0.979,1,0.548,0.0944,0.0
Tam_d03_251_b_2.jpg,Tam_251,2,revisar,area de defecto dudosa (100%),True,0.973,1,0.265,0.0704,1.0
Tam_d03_257_a_3.jpg,Tam_257,3,auto,,False,0.978,1,0.798,0.1099,0.0
Tam_d03_257_b_3.jpg,Tam_257,3,revisar,area de defecto dudosa (100%),True,0.978,3,0.18,0.2729,1.0
Tam_d03_261_a_2.jpg,Tam_261,2,auto,,False,0.982,0,,0.0,0.0
Tam_d03_261_b_2.jpg,Tam_261,2,revisar,area de defecto dudosa (100%),True,0.982,2,0.196,0.4862,1.0
Tam_d03_270_a_2.jpg,Tam_270,2,revisar,defecto rectangular; area de defecto dudosa (100%),True,0.979,2,0.163,0.5686,1.0
Tam_d03_270_b_2.jpg,Tam_270,2,revisar,area de defecto dudosa (100%),True,0.98,2,0.214,0.5819,1.0
Tam_d03_273_a_2.jpg,Tam_273,2,revisar,area de defecto dudosa (100%),True,0.977,2,0.382,0.124,1.0
Tam_d03_273_b_2.jpg,Tam_273,2,auto,,False,0.975,1,0.736,0.073,0.0
Tam_d03_278_a_2.jpg,Tam_278,2,auto,,False,0.98,0,,0.0,0.0
Tam_d03_280_a_2.jpg,Tam_280,2,revisar,area de defecto dudosa (100%),True,0.98,1,0.265,0.1672,1.0
Tam_d03_280_b_2.jpg,Tam_280,2,auto,,False,0.974,0,,0.0,0.0
Tam_d03_285_a_2.jpg,Tam_285,2,auto,,False,0.979,1,0.821,0.0434,0.0
Tam_d03_285_b_2.jpg,Tam_285,2,auto,,False,0.982,0,,0.0,0.0
Tam_d03_297_a_2.jpg,Tam_297,2,revisar,area de defecto dudosa (100%),True,0.98,1,0.262,0.0238,1.0
Tam_d03_297_b_2.jpg,Tam_297,2,revisar,area de defecto dudosa (100%),True,0.965,2,0.206,0.0939,1.0
Tam_d03_299_a_2.jpg,Tam_299,2,auto,,False,0.979,1,0.743,0.0383,0.0
Tam_d03_299_b_2.jpg,Tam_299,2,revisar,area de defecto dudosa (100%),True,0.977,1,0.18,0.0064,1.0
Tam_d03_302_a_2.jpg,Tam_302,2,revisar,area de defecto dudosa (100%),True,0.978,2,0.204,0.1342,1.0
Tam_d03_302_b_2.jpg,Tam_302,2,revisar,area de defecto dudosa (100%),True,0.979,2,0.248,0.0394,1.0
Tam_d03_303_a_2.jpg,Tam_303,2,revisar,area de defecto dudosa (100%),True,0.976,1,0.261,0.0073,1.0
Tam_d03_303_b_2.jpg,Tam_303,2,auto,,False,0.971,2,0.556,0.0195,0.0
Tam_d03_304_a_2.jpg,Tam_304,2,revisar,area de defecto dudosa (100%),True,0.979,4,0.163,0.63,1.0
Tam_d03_304_b_2.jpg,Tam_304,2,auto,,False,0.98,0,,0.0,0.0
Tam_d03_307_a_2.jpg,Tam_307,2,revisar,area de defecto dudosa (63%),True,0.975,2,0.168,0.0811,0.634
Tam_d03_307_b_2.jpg,Tam_307,2,revisar,area de defecto dudosa (100%),True,0.978,1,0.402,0.0371,1.0
Tam_d03_308_a_2.jpg,Tam_308,2,revisar,area de defecto dudosa (100%),True,0.98,3,0.213,0.1977,1.0
Tam_d03_312_a_2.jpg,Tam_312,2,auto,,False,0.979,0,,0.0,0.0
Tam_d03_318_a_2.jpg,Tam_318,2,revisar,area de defecto dudosa (100%),True,0.982,1,0.405,0.1029,1.0
Tam_d03_318_b_2.jpg,Tam_318,2,revisar,area de defecto dudosa (100%),True,0.98,2,0.192,0.1022,1.0
Tam_d03_319_a_2.jpg,Tam_319,2,revisar,area de defecto dudosa (100%),True,0.981,1,0.177,0.0069,1.0
Tam_d03_319_b_2.jpg,Tam_319,2,revisar,area de defecto dudosa (100%),True,0.981,4,0.155,0.2803,1.0
Tam_d03_320_a_2.jpg,Tam_320,2,auto,,False,0.976,0,,0.0,0.0
Tam_d03_320_b_2.jpg,Tam_320,2,auto,,False,0.977,1,0.507,0.2593,0.0
Tam_d03_323_a_2.jpg,Tam_323,2,auto,,False,0.98,0,,0.0,0.0
Tam_d03_323_b_2.jpg,Tam_323,2,revisar,area de defecto dudosa (100%),True,0.981,9,0.151,0.6734,0.999
Tam_d03_329_a_2.jpg,Tam_329,2,revisar,area de defecto dudosa (100%),True,0.971,2,0.221,0.1909,1.0
Tam_d03_329_b_2.jpg,Tam_329,2,auto,,False,0.981,0,,0.0,0.0
Tam_d03_335_a_1.jpg,Tam_335,1,auto,,False,0.983,1,0.74,0.1012,0.0
Tam_d03_335_b_1.jpg,Tam_335,1,revisar,area de defecto dudosa (100%),True,0.982,2,0.177,0.0242,1.0
Tam_d03_342_a_1.jpg,Tam_342,1,revisar,area de defecto dudosa (100%),True,0.978,2,0.227,0.0558,1.0
Tam_d03_342_b_1.jpg,Tam_342,1,auto,,False,0.974,0,,0.0,0.0
Tam_d03_343_a_2.jpg,Tam_343,2,revisar,area de defecto dudosa (100%),True,0.983,1,0.27,0.2762,1.0
Tam_d03_343_b_2.jpg,Tam_343,2,revisar,area de defecto dudosa (100%),True,0.982,2,0.265,0.3011,1.0
Tam_d03_348_a_2.jpg,Tam_348,2,auto,,False,0.982,0,,0.0,0.0
Tam_d03_348_b_2.jpg,Tam_348,2,auto,,False,0.981,0,,0.0,0.0
Tam_d03_356_b_2.jpg,Tam_356,2,auto,,False,0.982,0,,0.0,0.0
Tam_d03_370_a_2.jpg,Tam_370,2,auto,,False,0.979,1,0.704,0.0486,0.0
Tam_d03_370_b_2.jpg,Tam_370,2,revisar,area de defecto dudosa (100%),True,0.98,3,0.231,0.1438,1.0
Tam_d03_379_a_1.jpg,Tam_379,1,revisar,area de defecto dudosa (100%),True,0.981,6,0.163,0.5888,1.0
Tam_d03_379_b_1.jpg,Tam_379,1,revisar,area de defecto dudosa (100%),True,0.981,1,0.24,0.0077,1.0
Tam_d03_380_a_2.jpg,Tam_380,2,auto,,False,0.979,0,,0.0,0.0
Tam_d03_404_a_2.jpg,Tam_404,2,auto,,False,0.984,1,0.773,0.1414,0.0
Tam_d03_404_b_2.jpg,Tam_404,2,auto,,False,0.985,0,,0.0,0.0
Tam_d03_417_a_2.jpg,Tam_417,2,revisar,area de defecto dudosa (100%),True,0.976,2,0.21,0.0737,1.0
Tam_d03_417_b_2.jpg,Tam_417,2,revisar,area de defecto dudosa (100%),True,0.983,2,0.169,0.5914,1.0
Tam_d03_419_a_1.jpg,Tam_419,1,revisar,area de defecto dudosa (79%),True,0.982,2,0.317,0.0284,0.791
Tam_d03_419_b_1.jpg,Tam_419,1,auto,,False,0.98,5,0.166,0.0873,0.444
Tam_d03_427_a_2.jpg,Tam_427,2,revisar,area de defecto dudosa (82%),True,0.978,4,0.167,0.2378,0.82
Tam_d03_427_b_2.jpg,Tam_427,2,revisar,area de defecto dudosa (100%),True,0.983,2,0.163,0.0532,1.0
Tam_d03_434_a_2.jpg,Tam_434,2,auto,,False,0.98,1,0.623,0.0741,0.0
Tam_d03_434_b_2.jpg,Tam_434,2,revisar,area de defecto dudosa (100%),True,0.977,1,0.421,0.017,1.0
Tam_d03_436_a_2.jpg,Tam_436,2,auto,,False,0.974,1,0.512,0.0254,0.0
Tam_d03_436_b_2.jpg,Tam_436,2,revisar,area de defecto dudosa (100%),True,0.976,1,0.158,0.0331,1.0
Tam_d03_441_a_2.jpg,Tam_441,2,revisar,area de defecto dudosa (100%),True,0.981,2,0.499,0.1544,1.0
Tam_d03_441_b_2.jpg,Tam_441,2,auto,,False,0.982,0,,0.0,0.0
Tam_d03_456_a_2.jpg,Tam_456,2,revisar,area de defecto dudosa (100%),True,0.978,2,0.162,0.164,1.0
Tam_d03_456_b_2.jpg,Tam_456,2,revisar,area de defecto dudosa (100%),True,0.978,3,0.254,0.071,1.0
Tam_d03_457_a_3.jpg,Tam_457,3,auto,,False,0.978,1,0.515,0.0413,0.0
Tam_d03_457_b_3.jpg,Tam_457,3,auto,,False,0.983,1,0.661,0.0426,0.0
Tam_d03_466_a_3.jpg,Tam_466,3,auto,,False,0.98,1,0.88,0.1656,0.0
Tam_d03_466_b_3.jpg,Tam_466,3,revisar,area de defecto dudosa (100%),True,0.979,4,0.158,0.3242,1.0
Tam_d03_467_a_2.jpg,Tam_467,2,revisar,area de defecto dudosa (100%),True,0.978,2,0.159,0.1585,1.0
Tam_d03_467_b_2.jpg,Tam_467,2,auto,,False,0.977,0,,0.0,0.0
Tam_d04_009_a_3.jpg,Tam_009,3,revisar,area de defecto dudosa (100%),True,0.98,3,0.182,0.2893,1.0
Tam_d04_009_b_3.jpg,Tam_009,3,auto,,False,0.981,0,,0.0,0.0
Tam_d04_017_a_3.jpg,Tam_017,3,auto,,False,0.978,0,,0.0,0.0
Tam_d04_017_b_3.jpg,Tam_017,3,revisar,area de defecto dudosa (100%),True,0.978,2,0.334,0.2464,1.0
Tam_d04_028_a_3.jpg,Tam_028,3,auto,,False,0.985,0,,0.0,0.0
Tam_d04_028_b_3.jpg,Tam_028,3,revisar,area de defecto dudosa (100%),True,0.982,2,0.272,0.0574,1.0
Tam_d04_030_a_3.jpg,Tam_030,3,revisar,area de defecto dudosa (100%),True,0.977,2,0.155,0.38,1.0
Tam_d04_030_b_3.jpg,Tam_030,3,revisar,area de defecto dudosa (100%),True,0.977,3,0.215,0.172,1.0
Tam_d04_039_b_3.jpg,Tam_039,3,auto,,False,0.978,0,,0.0,0.0
Tam_d04_051_a_2.jpg,Tam_051,2,revisar,area de defecto dudosa (81%),True,0.975,3,0.226,0.1039,0.81
Tam_d04_051_b_2.jpg,Tam_051,2,auto,,False,0.977,0,,0.0,0.0
Tam_d04_053_a_3.jpg,Tam_053,3,revisar,area de defecto dudosa (100%),True,0.982,1,0.206,0.0565,1.0
Tam_d04_053_b_3.jpg,Tam_053,3,revisar,area de defecto dudosa (100%),True,0.981,2,0.223,0.0411,1.0
Tam_d04_057_a_3.jpg,Tam_057,3,revisar,area de defecto dudosa (100%),True,0.975,1,0.167,0.2102,1.0
Tam_d04_057_b_3.jpg,Tam_057,3,revisar,area de defecto dudosa (100%),True,0.976,2,0.21,0.0278,1.0
Tam_d04_059_a_1.jpg,Tam_059,1,auto,,False,0.981,0,,0.0,0.0
Tam_d04_059_b_1.jpg,Tam_059,1,auto,,True,0.977,0,,0.0,0.0
Tam_d04_064_a_3.jpg,Tam_064,3,auto,,False,0.982,0,,0.0,0.0
Tam_d04_064_b_3.jpg,Tam_064,3,revisar,area de defecto dudosa (100%),True,0.979,5,0.163,0.4856,1.0
Tam_d04_066_a_3.jpg,Tam_066,3,revisar,defecto rectangular; area de defecto dudosa (100%),True,0.981,2,0.16,0.343,1.0
Tam_d04_066_b_3.jpg,Tam_066,3,revisar,area de defecto dudosa (100%),True,0.98,2,0.327,0.3838,1.0
Tam_d04_074_a_2.jpg,Tam_074,2,auto,,False,0.978,0,,0.0,0.0
Tam_d04_074_b_2.jpg,Tam_074,2,auto,,False,0.971,0,,0.0,0.0
Tam_d04_102_a_2.jpg,Tam_102,2,revisar,area de defecto dudosa (100%),True,0.978,3,0.164,0.2947,1.0
Tam_d04_102_b_2.jpg,Tam_102,2,auto,,False,0.981,1,0.7,0.1097,0.0
Tam_d04_105_b_2.jpg,Tam_105,2,revisar,area de defecto dudosa (100%),True,0.977,2,0.153,0.0577,1.0
Tam_d04_119_a_2.jpg,Tam_119,2,auto,,False,0.977,1,0.614,0.1208,0.0
Tam_d04_119_b_2.jpg,Tam_119,2,revisar,area de defecto dudosa (100%),True,0.979,3,0.231,0.1408,1.0
Tam_d04_121_a_2.jpg,Tam_121,2,revisar,area de defecto dudosa (100%),True,0.979,3,0.18,0.2112,1.0
Tam_d04_121_b_2.jpg,Tam_121,2,auto,,False,0.979,0,,0.0,0.0
Tam_d04_124_b_2.jpg,Tam_124,2,auto,,False,0.978,0,,0.0,0.0
Tam_d04_134_a_3.jpg,Tam_134,3,auto,,False,0.982,0,,0.0,0.0
Tam_d04_134_b_3.jpg,Tam_134,3,revisar,defecto rectangular; area de defecto dudosa (100%),True,0.978,2,0.223,0.5265,1.0
Tam_d04_142_a_3.jpg,Tam_142,3,revisar,area de defecto dudosa (100%),True,0.979,1,0.21,0.0248,1.0
Tam_d04_142_b_3.jpg,Tam_142,3,revisar,area de defecto dudosa (100%),True,0.978,2,0.151,0.3291,1.0
Tam_d04_144_a_3.jpg,Tam_144,3,revisar,area de defecto dudosa (100%),True,0.98,2,0.196,0.3973,1.0
Tam_d04_144_b_3.jpg,Tam_144,3,auto,,False,0.98,1,0.649,0.0259,0.0
Tam_d04_147_a_2.jpg,Tam_147,2,revisar,area de defecto dudosa (100%),True,0.977,1,0.173,0.3669,1.0
Tam_d04_154_b_2.jpg,Tam_154,2,auto,,False,0.979,0,,0.0,0.0
Tam_d04_157_a_3.jpg,Tam_157,3,auto,,False,0.979,1,0.603,0.1264,0.0
Tam_d04_157_b_3.jpg,Tam_157,3,auto,,False,0.979,0,,0.0,0.0
Tam_d04_158_a_1.jpg,Tam_158,1,revisar,area de defecto dudosa (100%),True,0.977,2,0.489,0.419,1.0
Tam_d04_158_b_1.jpg,Tam_158,1,auto,,False,0.98,0,,0.0,0.0
Tam_d04_159_a_2.jpg,Tam_159,2,auto,,False,0.977,1,0.748,0.066,0.0
Tam_d04_159_b_2.jpg,Tam_159,2,auto,,False,0.978,0,,0.0,0.0
Tam_d04_160_a_3.jpg,Tam_160,3,revisar,area de defecto dudosa (79%),True,0.982,3,0.204,0.1093,0.786
Tam_d04_169_a_2.jpg,Tam_169,2,auto,,False,0.981,0,,0.0,0.0
Tam_d04_169_b_2.jpg,Tam_169,2,auto,,False,0.981,0,,0.0,0.0
Tam_d04_171_a_2.jpg,Tam_171,2,auto,,False,0.982,0,,0.0,0.0
Tam_d04_171_b_2.jpg,Tam_171,2,revisar,area de defecto dudosa (100%),True,0.983,2,0.244,0.4658,1.0
Tam_d04_179_a_3.jpg,Tam_179,3,revisar,defecto rectangular; area de defecto dudosa (100%),True,0.98,1,0.163,0.2863,1.0
Tam_d04_179_b_3.jpg,Tam_179,3,revisar,area de defecto dudosa (100%),True,0.976,1,0.318,0.0191,1.0
Tam_d04_182_a_2.jpg,Tam_182,2,revisar,area de defecto dudosa (100%),True,0.977,1,0.421,0.1495,1.0
Tam_d04_182_b_2.jpg,Tam_182,2,auto,,False,0.976,0,,0.0,0.0
Tam_d04_189_a_3.jpg,Tam_189,3,revisar,area de defecto dudosa (100%),True,0.979,2,0.487,0.0794,1.0
Tam_d04_191_a_3.jpg,Tam_191,3,auto,,False,0.98,1,0.573,0.0299,0.0
Tam_d04_191_b_3.jpg,Tam_191,3,auto,,False,0.981,0,,0.0,0.0
Tam_d04_195_a_2.jpg,Tam_195,2,revisar,area de defecto dudosa (100%),True,0.978,4,0.157,0.3845,1.0
Tam_d04_198_b_3.jpg,Tam_198,3,revisar,area de defecto dudosa (100%),True,0.98,4,0.169,0.1704,1.0
Tam_d04_200_a_1.jpg,Tam_200,1,revisar,area de defecto dudosa (100%),True,0.981,3,0.19,0.1273,1.0
Tam_d04_200_b_1.jpg,Tam_200,1,auto,,False,0.981,1,0.813,0.0428,0.0
Tam_d04_205_a_2.jpg,Tam_205,2,revisar,area de defecto dudosa (78%),True,0.98,3,0.313,0.18,0.781
Tam_d04_205_b_2.jpg,Tam_205,2,revisar,area de defecto dudosa (100%),True,0.979,3,0.278,0.3127,1.0
Tam_d04_208_a_2.jpg,Tam_208,2,revisar,area de defecto dudosa (89%),True,0.982,6,0.159,0.4357,0.886
Tam_d04_208_b_2.jpg,Tam_208,2,revisar,area de defecto dudosa (100%),True,0.981,1,0.37,0.0253,1.0
Tam_d04_210_a_2.jpg,Tam_210,2,revisar,area de defecto dudosa (100%),True,0.979,3,0.17,0.0551,1.0
Tam_d04_210_b_2.jpg,Tam_210,2,revisar,area de defecto dudosa (100%),True,0.978,1,0.2,0.0375,1.0
Tam_d04_218_a_3.jpg,Tam_218,3,auto,,False,0.982,0,,0.0,0.0
Tam_d04_218_b_3.jpg,Tam_218,3,auto,,False,0.979,0,,0.0,0.0
Tam_d04_241_a_2.jpg,Tam_241,2,auto,,False,0.983,0,,0.0,0.0
Tam_d04_241_b_2.jpg,Tam_241,2,revisar,area de defecto dudosa (100%),True,0.978,3,0.182,0.1683,1.0
Tam_d04_242_a_3.jpg,Tam_242,3,auto,,False,0.982,0,,0.0,0.0
Tam_d04_242_b_3.jpg,Tam_242,3,auto,,False,0.981,0,,0.0,0.0
Tam_d04_246_a_3.jpg,Tam_246,3,revisar,area de defecto dudosa (100%),True,0.978,2,0.2,0.0298,0.999
Tam_d04_246_b_3.jpg,Tam_246,3,revisar,area de defecto dudosa (100%),True,0.977,1,0.235,0.3901,1.0
Tam_d04_247_b_2.jpg,Tam_247,2,revisar,area de defecto dudosa (100%),True,0.981,1,0.383,0.0203,1.0
Tam_d04_248_a_4.jpg,Tam_248,4,revisar,area de defecto dudosa (100%),True,0.977,1,0.186,0.2991,1.0
Tam_d04_249_a_3.jpg,Tam_249,3,auto,,False,0.964,1,0.677,0.091,0.0
Tam_d04_249_b_3.jpg,Tam_249,3,auto,,False,0.975,0,,0.0,0.0
Tam_d04_251_a_3.jpg,Tam_251,3,revisar,area de defecto dudosa (100%),True,0.979,1,0.463,0.0748,1.0
Tam_d04_251_b_3.jpg,Tam_251,3,revisar,area de defecto dudosa (100%),True,0.978,3,0.199,0.1199,1.0
Tam_d04_257_a_4.jpg,Tam_257,4,auto,,False,0.981,1,0.697,0.1269,0.0
Tam_d04_257_b_4.jpg,Tam_257,4,revisar,area de defecto dudosa (100%),True,0.977,2,0.331,0.3048,1.0
Tam_d04_261_a_3.jpg,Tam_261,3,auto,,False,0.982,0,,0.0,0.0
Tam_d04_261_b_3.jpg,Tam_261,3,revisar,area de defecto dudosa (100%),True,0.982,1,0.321,0.4062,1.0
Tam_d04_270_a_2.jpg,Tam_270,2,revisar,area de defecto dudosa (100%),True,0.982,1,0.206,0.0375,1.0
Tam_d04_270_b_2.jpg,Tam_270,2,revisar,defecto rectangular; defecto rectangular; area de defecto dudosa (100%),True,0.978,3,0.18,0.6896,1.0
Tam_d04_273_a_2.jpg,Tam_273,2,auto,,False,0.974,1,0.611,0.0888,0.0
Tam_d04_273_b_2.jpg,Tam_273,2,auto,,False,0.975,1,0.764,0.0705,0.0
Tam_d04_278_a_3.jpg,Tam_278,3,revisar,area de defecto dudosa (100%),True,0.98,1,0.155,0.409,1.0
Tam_d04_278_b_3.jpg,Tam_278,3,auto,,False,0.98,0,,0.0,0.0
Tam_d04_280_b_2.jpg,Tam_280,2,auto,,False,0.976,0,,0.0,0.0
Tam_d04_285_a_3.jpg,Tam_285,3,auto,,False,0.977,1,0.797,0.04,0.0
Tam_d04_285_b_3.jpg,Tam_285,3,auto,,False,0.977,0,,0.0,0.0
Tam_d04_297_a_3.jpg,Tam_297,3,revisar,area de defecto dudosa (100%),True,0.976,1,0.304,0.0217,1.0
Tam_d04_297_b_3.jpg,Tam_297,3,auto,,False,0.971,1,0.618,0.0789,0.0
Tam_d04_299_b_2.jpg,Tam_299,2,revisar,area de defecto dudosa (100%),True,0.98,1,0.196,0.0073,1.0
Tam_d04_302_a_3.jpg,Tam_302,3,auto,,False,0.973,1,0.737,0.1236,0.0
Tam_d04_302_b_3.jpg,Tam_302,3,auto,,False,0.981,0,,0.0,0.0
Tam_d04_303_a_3.jpg,Tam_303,3,revisar,area de defecto dudosa (100%),True,0.98,1,0.225,0.0085,1.0
Tam_d04_304_a_2.jpg,Tam_304,2,revisar,area de defecto dudosa (100%),True,0.979,2,0.32,0.4499,1.0
Tam_d04_304_b_2.jpg,Tam_304,2,auto,,False,0.98,0,,0.0,0.0
Tam_d04_307_a_2.jpg,Tam_307,2,auto,,False,0.978,1,0.604,0.0322,0.0
Tam_d04_307_b_2.jpg,Tam_307,2,revisar,area de defecto dudosa (100%),True,0.978,1,0.188,0.0339,1.0
Tam_d04_308_a_3.jpg,Tam_308,3,revisar,area de defecto dudosa (100%),True,0.98,3,0.269,0.167,1.0
Tam_d04_308_b_3.jpg,Tam_308,3,auto,,False,0.979,1,0.737,0.0757,0.0
Tam_d04_312_a_2.jpg,Tam_312,2,auto,,False,0.983,0,,0.0,0.0
Tam_d04_318_a_2.jpg,Tam_318,2,revisar,area de defecto dudosa (100%),True,0.981,1,0.223,0.077,1.0
Tam_d04_318_b_2.jpg,Tam_318,2,auto,,False,0.982,1,0.543,0.1388,0.0
Tam_d04_319_a_2.jpg,Tam_319,2,auto,,False,0.981,0,,0.0,0.0
Tam_d04_319_b_2.jpg,Tam_319,2,revisar,area de defecto dudosa (100%),True,0.982,2,0.156,0.0634,1.0
Tam_d04_323_a_3.jpg,Tam_323,3,auto,,False,0.979,0,,0.0,0.0
Tam_d04_329_a_3.jpg,Tam_329,3,revisar,area de defecto dudosa (100%),True,0.974,1,0.483,0.1879,1.0
Tam_d04_329_b_3.jpg,Tam_329,3,auto,,False,0.981,0,,0.0,0.0
Tam_d04_335_a_2.jpg,Tam_335,2,auto,,False,0.978,1,0.723,0.1053,0.0
Tam_d04_335_b_2.jpg,Tam_335,2,revisar,area de defecto dudosa (100%),True,0.983,2,0.154,0.0262,1.0
Tam_d04_342_b_1.jpg,Tam_342,1,auto,,False,0.972,0,,0.0,0.0
Tam_d04_343_b_3.jpg,Tam_343,3,auto,,False,0.98,1,0.605,0.2083,0.0
Tam_d04_348_a_3.jpg,Tam_348,3,auto,,False,0.98,0,,0.0,0.0
Tam_d04_348_b_3.jpg,Tam_348,3,auto,,False,0.981,0,,0.0,0.0
Tam_d04_356_a_3.jpg,Tam_356,3,auto,,False,0.978,1,0.734,0.1661,0.0
Tam_d04_370_a_3.jpg,Tam_370,3,auto,,False,0.979,1,0.725,0.0477,0.0
Tam_d04_370_b_3.jpg,Tam_370,3,auto,,False,0.983,1,0.521,0.0538,0.0
Tam_d04_379_a_2.jpg,Tam_379,2,revisar,area de defecto dudosa (100%),True,0.979,5,0.169,0.4509,1.0
Tam_d04_379_b_2.jpg,Tam_379,2,auto,,False,0.978,0,,0.0,0.0
Tam_d04_380_a_3.jpg,Tam_380,3,auto,,False,0.98,0,,0.0,0.0
Tam_d04_380_b_3.jpg,Tam_380,3,revisar,area de defecto dudosa (100%),True,0.981,4,0.163,0.0862,1.0
Tam_d04_417_a_2.jpg,Tam_417,2,revisar,area de defecto dudosa (100%),True,0.976,1,0.403,0.0644,1.0
Tam_d04_417_b_2.jpg,Tam_417,2,revisar,area de defecto dudosa (100%),True,0.984,2,0.238,0.5343,1.0
Tam_d04_419_a_2.jpg,Tam_419,2,auto,,False,0.982,1,0.611,0.0281,0.0
Tam_d04_427_b_3.jpg,Tam_427,3,auto,,False,0.98,0,,0.0,0.0
Tam_d04_434_a_2.jpg,Tam_434,2,auto,,False,0.981,1,0.728,0.0718,0.0
Tam_d04_434_b_2.jpg,Tam_434,2,revisar,area de defecto dudosa (100%),True,0.977,1,0.28,0.0129,1.0
Tam_d04_436_a_3.jpg,Tam_436,3,auto,,False,0.975,1,0.516,0.0343,0.0
Tam_d04_441_b_3.jpg,Tam_441,3,auto,,False,0.98,0,,0.0,0.0
Tam_d04_456_a_3.jpg,Tam_456,3,revisar,area de defecto dudosa (100%),True,0.977,1,0.202,0.3114,1.0
Tam_d04_456_b_3.jpg,Tam_456,3,auto,,False,0.982,1,0.618,0.0734,0.0
Tam_d04_457_a_3.jpg,Tam_457,3,revisar,area de defecto dudosa (100%),True,0.979,2,0.254,0.0545,1.0
Tam_d04_457_b_3.jpg,Tam_457,3,auto,,False,0.979,0,,0.0,0.0
Tam_d04_466_a_4.jpg,Tam_466,4,auto,,False,0.98,1,0.821,0.1519,0.0
Tam_d04_466_b_4.jpg,Tam_466,4,revisar,area de defecto dudosa (100%),True,0.979,4,0.187,0.5756,1.0
Tam_d04_467_a_3.jpg,Tam_467,3,revisar,area de defecto dudosa (100%),True,0.977,2,0.209,0.1404,1.0
Tam_d04_467_b_3.jpg,Tam_467,3,auto,,False,0.979,0,,0.0,0.0
Tam_d05_009_a_4.jpg,Tam_009,4,revisar,area de defecto dudosa (100%),True,0.974,4,0.16,0.4165,1.0
Tam_d05_009_b_4.jpg,Tam_009,4,auto,,False,0.976,0,,0.0,0.0
Tam_d05_017_a_3.jpg,Tam_017,3,auto,,False,0.983,0,,0.0,0.0
Tam_d05_017_b_3.jpg,Tam_017,3,revisar,area de defecto dudosa (100%),True,0.984,3,0.281,0.3057,1.0
Tam_d05_028_b_3.jpg,Tam_028,3,revisar,area de defecto dudosa (100%),True,0.979,2,0.306,0.0839,1.0
Tam_d05_030_a_3.jpg,Tam_030,3,auto,,False,0.981,0,,0.0,0.0
Tam_d05_030_b_3.jpg,Tam_030,3,revisar,area de defecto dudosa (100%),True,0.983,1,0.443,0.1542,1.0
Tam_d05_039_a_4.jpg,Tam_039,4,revisar,area de defecto dudosa (100%),True,0.975,1,0.277,0.0335,1.0
Tam_d05_039_b_4.jpg,Tam_039,4,revisar,area de defecto dudosa (100%),True,0.978,1,0.473,0.0209,1.0
Tam_d05_051_a_3.jpg,Tam_051,3,revisar,area de defecto dudosa (100%),True,0.978,1,0.339,0.0699,1.0
Tam_d05_051_b_3.jpg,Tam_051,3,auto,,False,0.974,0,,0.0,0.0
Tam_d05_053_a_3.jpg,Tam_053,3,auto,,False,0.981,0,,0.0,0.0
Tam_d05_053_b_3.jpg,Tam_053,3,revisar,area de defecto dudosa (100%),True,0.981,2,0.208,0.0948,1.0
Tam_d05_057_a_3.jpg,Tam_057,3,auto,,False,0.975,0,,0.0,0.0
Tam_d05_057_b_3.jpg,Tam_057,3,revisar,area de defecto dudosa (89%),True,0.978,2,0.204,0.0226,0.891
Tam_d05_059_a_1.jpg,Tam_059,1,auto,,False,0.982,0,,0.0,0.0
Tam_d05_059_b_1.jpg,Tam_059,1,auto,,False,0.978,0,,0.0,0.0
Tam_d05_064_a_3.jpg,Tam_064,3,auto,,False,0.982,0,,0.0,0.0
Tam_d05_064_b_3.jpg,Tam_064,3,revisar,area de defecto dudosa (100%),True,0.981,3,0.154,0.4915,1.0
Tam_d05_066_a_3.jpg,Tam_066,3,auto,,False,0.98,0,,0.0,0.0
Tam_d05_066_b_3.jpg,Tam_066,3,revisar,defecto rectangular; area de defecto dudosa (100%),True,0.979,3,0.153,0.6586,1.0
Tam_d05_074_a_2.jpg,Tam_074,2,revisar,area de defecto dudosa (100%),True,0.975,1,0.266,0.0523,1.0
Tam_d05_074_b_2.jpg,Tam_074,2,revisar,area de defecto dudosa (100%),True,0.979,2,0.224,0.0164,1.0
Tam_d05_102_a_2.jpg,Tam_102,2,auto,,False,0.98,0,,0.0,0.0
Tam_d05_102_b_2.jpg,Tam_102,2,revisar,area de defecto dudosa (100%),True,0.982,2,0.431,0.1262,1.0
Tam_d05_105_a_3.jpg,Tam_105,3,revisar,area de defecto dudosa (100%),True,0.979,2,0.187,0.0675,1.0
Tam_d05_105_b_3.jpg,Tam_105,3,revisar,area de defecto dudosa (100%),True,0.976,3,0.158,0.1241,1.0
Tam_d05_119_a_3.jpg,Tam_119,3,auto,,True,0.976,2,0.524,0.1485,0.0
Tam_d05_119_b_3.jpg,Tam_119,3,revisar,area de defecto dudosa (100%),True,0.977,1,0.343,0.0901,1.0
Tam_d05_121_a_2.jpg,Tam_121,2,revisar,area de defecto dudosa (100%),True,0.982,2,0.348,0.162,1.0
Tam_d05_121_b_2.jpg,Tam_121,2,auto,,False,0.98,0,,0.0,0.0
Tam_d05_124_a_2.jpg,Tam_124,2,auto,,False,0.982,2,0.519,0.4345,0.0
Tam_d05_134_a_4.jpg,Tam_134,4,revisar,area de defecto dudosa (100%),True,0.981,1,0.206,0.2615,1.0
Tam_d05_134_b_4.jpg,Tam_134,4,revisar,defecto rectangular; defecto rectangular; area de defecto dudosa (100%),True,0.982,2,0.164,0.5818,1.0
Tam_d05_142_b_3.jpg,Tam_142,3,revisar,area de defecto dudosa (100%),True,0.979,1,0.194,0.2128,1.0
Tam_d05_144_a_3.jpg,Tam_144,3,revisar,defecto rectangular; area de defecto dudosa (100%),True,0.981,3,0.16,0.4853,1.0
Tam_d05_144_b_3.jpg,Tam_144,3,revisar,area de defecto dudosa (100%),True,0.98,2,0.233,0.0906,1.0
Tam_d05_147_a_3.jpg,Tam_147,3,auto,,False,0.98,0,,0.0,0.0
Tam_d05_147_b_3.jpg,Tam_147,3,auto,,False,0.977,0,,0.0,0.0
Tam_d05_154_a_3.jpg,Tam_154,3,auto,,False,0.981,0,,0.0,0.0
Tam_d05_157_a_3.jpg,Tam_157,3,auto,,False,0.976,1,0.689,0.1633,0.0
Tam_d05_157_b_3.jpg,Tam_157,3,auto,,False,0.978,0,,0.0,0.0
Tam_d05_158_a_2.jpg,Tam_158,2,revisar,area de defecto dudosa (100%),True,0.98,2,0.292,0.4393,1.0
Tam_d05_158_b_2.jpg,Tam_158,2,revisar,area de defecto dudosa (100%),True,0.981,2,0.283,0.2019,1.0
Tam_d05_159_a_2.jpg,Tam_159,2,auto,,False,0.982,1,0.816,0.0838,0.0
Tam_d05_159_b_2.jpg,Tam_159,2,auto,,False,0.981,0,,0.0,0.0
Tam_d05_160_a_3.jpg,Tam_160,3,revisar,area de defecto dudosa (100%),True,0.98,4,0.235,0.1333,1.0
Tam_d05_160_b_3.jpg,Tam_160,3,auto,,False,0.974,0,,0.0,0.0
Tam_d05_169_a_2.jpg,Tam_169,2,auto,,False,0.98,0,,0.0,0.0
Tam_d05_169_b_2.jpg,Tam_169,2,auto,,False,0.979,0,,0.0,0.0
Tam_d05_171_a_2.jpg,Tam_171,2,auto,,False,0.976,0,,0.0,0.0
Tam_d05_179_a_4.jpg,Tam_179,4,revisar,defecto rectangular; defecto rectangular; area de defecto dudosa (100%),True,0.978,2,0.227,0.3196,1.0
Tam_d05_179_b_4.jpg,Tam_179,4,revisar,area de defecto dudosa (100%),True,0.976,2,0.18,0.0417,1.0
Tam_d05_182_a_2.jpg,Tam_182,2,auto,,False,0.974,1,0.55,0.1794,0.0
Tam_d05_182_b_2.jpg,Tam_182,2,revisar,area de defecto dudosa (100%),True,0.978,1,0.257,0.0178,1.0
Tam_d05_189_a_3.jpg,Tam_189,3,revisar,area de defecto dudosa (98%),True,0.978,2,0.3,0.0501,0.982
Tam_d05_189_b_3.jpg,Tam_189,3,auto,,False,0.979,0,,0.0,0.0
Tam_d05_191_b_4.jpg,Tam_191,4,auto,,False,0.976,0,,0.0,0.0
Tam_d05_195_a_3.jpg,Tam_195,3,revisar,area de defecto dudosa (100%),True,0.98,2,0.203,0.2145,1.0
Tam_d05_198_a_3.jpg,Tam_198,3,revisar,area de defecto dudosa (100%),True,0.979,2,0.157,0.028,1.0
Tam_d05_198_b_3.jpg,Tam_198,3,revisar,area de defecto dudosa (100%),True,0.979,3,0.239,0.3997,1.0
Tam_d05_200_a_2.jpg,Tam_200,2,auto,,False,0.982,1,0.773,0.0472,0.0
Tam_d05_200_b_2.jpg,Tam_200,2,auto,,False,0.977,1,0.856,0.0501,0.0
Tam_d05_205_a_2.jpg,Tam_205,2,auto,,False,0.979,1,0.558,0.049,0.0
Tam_d05_205_b_2.jpg,Tam_205,2,revisar,area de defecto dudosa (100%),True,0.98,3,0.169,0.1916,1.0
Tam_d05_208_a_2.jpg,Tam_208,2,revisar,area de defecto dudosa (71%),True,0.98,3,0.269,0.1523,0.711
Tam_d05_208_b_2.jpg,Tam_208,2,revisar,area de defecto dudosa (100%),True,0.978,2,0.154,0.1007,0.999
Tam_d05_210_a_3.jpg,Tam_210,3,revisar,area de defecto dudosa (100%),True,0.979,1,0.219,0.0208,1.0
Tam_d05_210_b_3.jpg,Tam_210,3,auto,,False,0.982,0,,0.0,0.0
Tam_d05_218_a_3.jpg,Tam_218,3,auto,,False,0.981,0,,0.0,0.0
Tam_d05_218_b_3.jpg,Tam_218,3,auto,,False,0.979,0,,0.0,0.0
Tam_d05_241_a_3.jpg,Tam_241,3,auto,,False,0.98,0,,0.0,0.0
Tam_d05_241_b_3.jpg,Tam_241,3,auto,,False,0.978,1,0.759,0.1546,0.0
Tam_d05_242_a_3.jpg,Tam_242,3,auto,,False,0.977,0,,0.0,0.0
Tam_d05_242_b_3.jpg,Tam_242,3,auto,,False,0.975,0,,0.0,0.0
Tam_d05_246_a_4.jpg,Tam_246,4,revisar,area de defecto dudosa (100%),True,0.975,3,0.166,0.0567,0.996
Tam_d05_246_b_4.jpg,Tam_246,4,revisar,defecto rectangular; defecto rectangular; area de defecto dudosa (100%),True,0.982,3,0.215,0.3644,1.0
Tam_d05_247_a_3.jpg,Tam_247,3,revisar,area de defecto dudosa (100%),True,0.975,7,0.158,0.102,1.0
Tam_d05_247_b_3.jpg,Tam_247,3,auto,,False,0.974,1,0.571,0.0332,0.0
Tam_d05_248_a_4.jpg,Tam_248,4,revisar,area de defecto dudosa (100%),True,0.978,1,0.164,0.4069,1.0
Tam_d05_248_b_4.jpg,Tam_248,4,auto,,False,0.976,0,,0.0,0.0
Tam_d05_249_a_3.jpg,Tam_249,3,auto,,False,0.976,1,0.699,0.0942,0.0
Tam_d05_249_b_3.jpg,Tam_249,3,auto,,False,0.975,0,,0.0,0.0
Tam_d05_251_a_3.jpg,Tam_251,3,auto,,False,0.977,1,0.58,0.0925,0.0
Tam_d05_251_b_3.jpg,Tam_251,3,revisar,area de defecto dudosa (100%),True,0.979,3,0.271,0.1863,1.0
Tam_d05_257_a_4.jpg,Tam_257,4,auto,,False,0.979,1,0.714,0.1221,0.0
Tam_d05_257_b_4.jpg,Tam_257,4,revisar,area de defecto dudosa (100%),True,0.976,2,0.274,0.3557,1.0
Tam_d05_261_a_3.jpg,Tam_261,3,auto,,False,0.977,0,,0.0,0.0
Tam_d05_261_b_3.jpg,Tam_261,3,revisar,area de defecto dudosa (100%),True,0.983,3,0.232,0.7395,1.0
Tam_d05_270_a_3.jpg,Tam_270,3,auto,,False,0.98,0,,0.0,0.0
Tam_d05_270_b_3.jpg,Tam_270,3,auto,,False,0.983,0,,0.0,0.0
Tam_d05_273_a_2.jpg,Tam_273,2,auto,,False,0.981,1,0.634,0.1357,0.0
Tam_d05_273_b_2.jpg,Tam_273,2,auto,,False,0.981,1,0.772,0.0763,0.0
Tam_d05_278_a_3.jpg,Tam_278,3,auto,,False,0.98,0,,0.0,0.0
Tam_d05_278_b_3.jpg,Tam_278,3,auto,,False,0.98,0,,0.0,0.0
Tam_d05_280_a_3.jpg,Tam_280,3,auto,,False,0.979,0,,0.0,0.0
Tam_d05_280_b_3.jpg,Tam_280,3,auto,,False,0.984,0,,0.0,0.0
Tam_d05_285_a_3.jpg,Tam_285,3,auto,,False,0.976,1,0.657,0.0224,0.0
Tam_d05_285_b_3.jpg,Tam_285,3,auto,,False,0.977,0,,0.0,0.0
Tam_d05_297_a_3.jpg,Tam_297,3,auto,,False,0.974,0,,0.0,0.0
Tam_d05_297_b_3.jpg,Tam_297,3,auto,,False,0.976,1,0.614,0.0898,0.0
Tam_d05_299_a_2.jpg,Tam_299,2,auto,,False,0.978,1,0.799,0.0446,0.0
Tam_d05_299_b_2.jpg,Tam_299,2,auto,,False,0.98,0,,0.0,0.0
Tam_d05_302_a_3.jpg,Tam_302,3,revisar,area de defecto dudosa (100%),True,0.976,3,0.273,0.3322,1.0
Tam_d05_302_b_3.jpg,Tam_302,3,auto,,False,0.976,0,,0.0,0.0
Tam_d05_303_a_3.jpg,Tam_303,3,auto,,False,0.98,0,,0.0,0.0
Tam_d05_303_b_3.jpg,Tam_303,3,auto,,False,0.98,1,0.609,0.0277,0.0
Tam_d05_304_a_2.jpg,Tam_304,2,revisar,area de defecto dudosa (100%),True,0.979,3,0.291,0.5594,1.0
Tam_d05_304_b_2.jpg,Tam_304,2,auto,,False,0.978,0,,0.0,0.0
Tam_d05_307_a_3.jpg,Tam_307,3,auto,,False,0.976,0,,0.0,0.0
Tam_d05_307_b_3.jpg,Tam_307,3,revisar,area de defecto dudosa (100%),True,0.979,1,0.356,0.0339,1.0
Tam_d05_308_a_4.jpg,Tam_308,4,revisar,area de defecto dudosa (100%),True,0.981,3,0.152,0.209,1.0
Tam_d05_308_b_4.jpg,Tam_308,4,revisar,area de defecto dudosa (100%),True,0.979,2,0.177,0.0406,0.999
Tam_d05_312_a_2.jpg,Tam_312,2,auto,,False,0.977,0,,0.0,0.0
Tam_d05_312_b_2.jpg,Tam_312,2,auto,,False,0.977,0,,0.0,0.0
Tam_d05_318_b_2.jpg,Tam_318,2,auto,,False,0.98,1,0.539,0.0997,0.0
Tam_d05_319_b_3.jpg,Tam_319,3,revisar,area de defecto dudosa (100%),True,0.978,2,0.153,0.2695,1.0
Tam_d05_323_a_3.jpg,Tam_323,3,auto,,False,0.977,0,,0.0,0.0
Tam_d05_323_b_3.jpg,Tam_323,3,revisar,area de defecto dudosa (100%),True,0.982,3,0.156,0.6437,1.0
Tam_d05_329_a_3.jpg,Tam_329,3,auto,,False,0.974,1,0.573,0.1962,0.0
Tam_d05_329_b_3.jpg,Tam_329,3,auto,,False,0.975,0,,0.0,0.0
Tam_d05_335_a_2.jpg,Tam_335,2,auto,,False,0.981,1,0.709,0.1086,0.0
Tam_d05_335_b_2.jpg,Tam_335,2,auto,,False,0.979,1,0.558,0.0326,0.0
Tam_d05_342_a_1.jpg,Tam_342,1,auto,,True,0.983,1,0.912,0.0739,0.0
Tam_d05_342_b_1.jpg,Tam_342,1,auto,,False,0.98,0,,0.0,0.0
Tam_d05_343_b_3.jpg,Tam_343,3,revisar,area de defecto dudosa (100%),True,0.983,4,0.203,0.5931,1.0
Tam_d05_348_a_3.jpg,Tam_348,3,auto,,False,0.977,0,,0.0,0.0
Tam_d05_348_b_3.jpg,Tam_348,3,auto,,False,0.976,0,,0.0,0.0
Tam_d05_356_a_3.jpg,Tam_356,3,auto,,False,0.98,1,0.704,0.1884,0.0
Tam_d05_356_b_3.jpg,Tam_356,3,revisar,area de defecto dudosa (100%),True,0.974,1,0.269,0.0208,1.0
Tam_d05_370_b_4.jpg,Tam_370,4,auto,,False,0.981,1,0.558,0.0644,0.0
Tam_d05_379_a_2.jpg,Tam_379,2,revisar,area de defecto dudosa (100%),True,0.981,2,0.158,0.0556,1.0
Tam_d05_379_b_2.jpg,Tam_379,2,auto,,False,0.981,0,,0.0,0.0
Tam_d05_380_a_3.jpg,Tam_380,3,revisar,area de defecto dudosa (100%),True,0.979,1,0.182,0.0313,1.0
Tam_d05_380_b_3.jpg,Tam_380,3,revisar,area de defecto dudosa (100%),True,0.978,2,0.162,0.0204,1.0
Tam_d05_404_a_2.jpg,Tam_404,2,auto,,True,0.982,1,0.758,0.1511,0.0
Tam_d05_404_b_2.jpg,Tam_404,2,revisar,area de defecto dudosa (100%),True,0.978,3,0.159,0.495,1.0
Tam_d05_417_a_3.jpg,Tam_417,3,auto,,False,0.978,1,0.637,0.0733,0.0
Tam_d05_417_b_3.jpg,Tam_417,3,revisar,area de defecto dudosa (100%),True,0.981,4,0.197,0.5934,1.0
Tam_d05_419_b_2.jpg,Tam_419,2,auto,,False,0.98,4,0.155,0.0887,0.42
Tam_d05_427_a_3.jpg,Tam_427,3,auto,,False,0.98,1,0.791,0.0479,0.0
Tam_d05_427_b_3.jpg,Tam_427,3,revisar,area de defecto dudosa (100%),True,0.975,2,0.216,0.1832,1.0
Tam_d05_434_a_2.jpg,Tam_434,2,auto,,True,0.982,1,0.72,0.0799,0.0
Tam_d05_436_a_3.jpg,Tam_436,3,revisar,area de defecto dudosa (100%),True,0.977,2,0.3,0.0589,1.0
Tam_d05_436_b_3.jpg,Tam_436,3,revisar,area de defecto dudosa (100%),True,0.981,1,0.164,0.0153,1.0
Tam_d05_441_a_4.jpg,Tam_441,4,revisar,area de defecto dudosa (100%),True,0.978,1,0.364,0.2653,1.0
Tam_d05_441_b_4.jpg,Tam_441,4,auto,,False,0.975,0,,0.0,0.0
Tam_d05_456_a_4.jpg,Tam_456,4,auto,,False,0.976,0,,0.0,0.0
Tam_d05_456_b_4.jpg,Tam_456,4,auto,,False,0.977,1,0.654,0.1043,0.0
Tam_d05_457_b_4.jpg,Tam_457,4,auto,,False,0.978,0,,0.0,0.0
Tam_d05_466_a_4.jpg,Tam_466,4,auto,,False,0.978,1,0.828,0.1547,0.0
Tam_d05_466_b_4.jpg,Tam_466,4,revisar,area de defecto dudosa (100%),True,0.981,5,0.153,0.7115,1.0
Tam_d05_467_a_3.jpg,Tam_467,3,revisar,area de defecto dudosa (100%),True,0.982,2,0.317,0.171,1.0
Tam_d05_467_b_3.jpg,Tam_467,3,auto,,False,0.98,0,,0.0,0.0
Tam_d06_009_a_4.jpg,Tam_009,4,revisar,area de defecto dudosa (100%),True,0.978,4,0.212,0.4681,1.0
Tam_d06_009_b_4.jpg,Tam_009,4,auto,,False,0.979,0,,0.0,0.0
Tam_d06_017_a_4.jpg,Tam_017,4,auto,,False,0.978,0,,0.0,0.0
Tam_d06_017_b_4.jpg,Tam_017,4,revisar,area de defecto dudosa (100%),True,0.976,3,0.243,0.2796,1.0
Tam_d06_028_b_4.jpg,Tam_028,4,revisar,area de defecto dudosa (100%),True,0.982,2,0.284,0.0994,1.0
Tam_d06_030_a_4.jpg,Tam_030,4,auto,,True,0.976,0,,0.0,0.0
Tam_d06_030_b_4.jpg,Tam_030,4,revisar,area de defecto dudosa (100%),True,0.978,1,0.456,0.1452,1.0
Tam_d06_039_a_4.jpg,Tam_039,4,revisar,area de defecto dudosa (100%),True,0.98,1,0.275,0.1003,1.0
Tam_d06_039_b_4.jpg,Tam_039,4,auto,,False,0.98,0,,0.0,0.0
Tam_d06_051_a_4.jpg,Tam_051,4,revisar,area de defecto dudosa (100%),True,0.977,2,0.163,0.0614,1.0
Tam_d06_051_b_4.jpg,Tam_051,4,revisar,area de defecto dudosa (100%),True,0.98,1,0.166,0.0241,1.0
Tam_d06_053_a_4.jpg,Tam_053,4,auto,,False,0.98,0,,0.0,0.0
Tam_d06_053_b_4.jpg,Tam_053,4,revisar,area de defecto dudosa (100%),True,0.982,1,0.443,0.0394,1.0
Tam_d06_057_a_3.jpg,Tam_057,3,auto,,False,0.977,0,,0.0,0.0
Tam_d06_057_b_3.jpg,Tam_057,3,auto,,False,0.978,1,0.597,0.018,0.0
Tam_d06_059_a_2.jpg,Tam_059,2,auto,,False,0.982,0,,0.0,0.0
Tam_d06_059_b_2.jpg,Tam_059,2,auto,,False,0.978,0,,0.0,0.0
Tam_d06_066_a_4.jpg,Tam_066,4,auto,,False,0.981,0,,0.0,0.0
Tam_d06_066_b_4.jpg,Tam_066,4,revisar,area de defecto dudosa (100%),True,0.98,2,0.194,0.7597,1.0
Tam_d06_074_a_3.jpg,Tam_074,3,revisar,area de defecto dudosa (100%),True,0.974,1,0.37,0.0585,1.0
Tam_d06_074_b_3.jpg,Tam_074,3,revisar,area de defecto dudosa (100%),True,0.978,3,0.157,0.0135,1.0
Tam_d06_102_a_3.jpg,Tam_102,3,auto,,False,0.979,0,,0.0,0.0
Tam_d06_102_b_3.jpg,Tam_102,3,revisar,area de defecto dudosa (100%),True,0.979,3,0.182,0.1688,1.0
Tam_d06_105_a_3.jpg,Tam_105,3,revisar,area de defecto dudosa (100%),True,0.978,2,0.178,0.059,1.0
Tam_d06_105_b_3.jpg,Tam_105,3,revisar,area de defecto dudosa (100%),True,0.978,2,0.171,0.0463,1.0
Tam_d06_119_a_3.jpg,Tam_119,3,auto,,False,0.976,2,0.518,0.154,0.0
Tam_d06_119_b_3.jpg,Tam_119,3,revisar,area de defecto dudosa (100%),True,0.975,2,0.313,0.0774,1.0
Tam_d06_121_a_2.jpg,Tam_121,2,revisar,area de defecto dudosa (100%),True,0.98,3,0.169,0.3525,1.0
Tam_d06_121_b_2.jpg,Tam_121,2,auto,,False,0.982,0,,0.0,0.0
Tam_d06_124_a_3.jpg,Tam_124,3,revisar,area de defecto dudosa (100%),True,0.977,2,0.476,0.4929,1.0
Tam_d06_124_b_3.jpg,Tam_124,3,auto,,True,0.976,0,,0.0,0.0
Tam_d06_134_a_4.jpg,Tam_134,4,auto,,False,0.976,0,,0.0,0.0
Tam_d06_134_b_4.jpg,Tam_134,4,revisar,area de defecto dudosa (100%),True,0.977,2,0.218,0.4683,1.0
Tam_d06_142_a_3.jpg,Tam_142,3,auto,,False,0.979,0,,0.0,0.0
Tam_d06_142_b_3.jpg,Tam_142,3,revisar,area de defecto dudosa (100%),True,0.981,1,0.24,0.1986,1.0
Tam_d06_144_a_4.jpg,Tam_144,4,revisar,area de defecto dudosa (100%),True,0.984,3,0.158,0.4078,1.0
Tam_d06_144_b_4.jpg,Tam_144,4,revisar,area de defecto dudosa (100%),True,0.979,2,0.219,0.2238,1.0
Tam_d06_147_a_3.jpg,Tam_147,3,auto,,False,0.977,0,,0.0,0.0
Tam_d06_147_b_3.jpg,Tam_147,3,revisar,area de defecto dudosa (100%),True,0.975,1,0.161,0.025,1.0
Tam_d06_154_a_3.jpg,Tam_154,3,auto,,False,0.98,0,,0.0,0.0
Tam_d06_154_b_3.jpg,Tam_154,3,auto,,False,0.977,0,,0.0,0.0
Tam_d06_157_a_4.jpg,Tam_157,4,auto,,False,0.98,1,0.575,0.1721,0.0
Tam_d06_157_b_4.jpg,Tam_157,4,auto,,False,0.979,0,,0.0,0.0
Tam_d06_158_a_2.jpg,Tam_158,2,revisar,area de defecto dudosa (77%),True,0.978,2,0.322,0.4871,0.768
Tam_d06_158_b_2.jpg,Tam_158,2,auto,,False,0.98,0,,0.0,0.0
Tam_d06_159_a_3.jpg,Tam_159,3,auto,,False,0.976,1,0.797,0.0839,0.0
Tam_d06_159_b_3.jpg,Tam_159,3,auto,,False,0.98,0,,0.0,0.0
Tam_d06_160_a_3.jpg,Tam_160,3,revisar,area de defecto dudosa (100%),True,0.977,4,0.178,0.1591,1.0
Tam_d06_160_b_3.jpg,Tam_160,3,auto,,False,0.978,0,,0.0,0.0
Tam_d06_169_a_3.jpg,Tam_169,3,auto,,False,0.981,0,,0.0,0.0
Tam_d06_171_a_2.jpg,Tam_171,2,auto,,False,0.984,0,,0.0,0.0
Tam_d06_171_b_2.jpg,Tam_171,2,auto,,False,0.985,1,0.504,0.4849,0.0
Tam_d06_179_a_5.jpg,Tam_179,5,revisar,area de defecto dudosa (100%),True,0.981,1,0.279,0.5384,1.0
Tam_d06_179_b_5.jpg,Tam_179,5,auto,,False,0.976,0,,0.0,0.0
Tam_d06_182_a_3.jpg,Tam_182,3,revisar,area de defecto dudosa (100%),True,0.976,2,0.387,0.3234,1.0
Tam_d06_182_b_3.jpg,Tam_182,3,revisar,area de defecto dudosa (100%),True,0.977,1,0.185,0.2191,1.0
Tam_d06_189_a_3.jpg,Tam_189,3,revisar,area de defecto dudosa (100%),True,0.98,3,0.28,0.0943,1.0
Tam_d06_189_b_3.jpg,Tam_189,3,auto,,False,0.982,0,,0.0,0.0
Tam_d06_191_a_4.jpg,Tam_191,4,auto,,False,0.98,1,0.712,0.0274,0.0
Tam_d06_191_b_4.jpg,Tam_191,4,revisar,area de defecto dudosa (100%),True,0.98,1,0.197,0.1835,1.0
Tam_d06_195_a_3.jpg,Tam_195,3,revisar,area de defecto dudosa (100%),True,0.98,1,0.418,0.1318,1.0
Tam_d06_195_b_3.jpg,Tam_195,3,revisar,area de defecto dudosa (100%),True,0.976,3,0.173,0.4957,1.0
Tam_d06_198_a_3.jpg,Tam_198,3,revisar,area de defecto dudosa (100%),True,0.98,4,0.15,0.0457,1.0
Tam_d06_198_b_3.jpg,Tam_198,3,revisar,area de defecto dudosa (100%),True,0.982,3,0.301,0.4212,1.0
Tam_d06_200_a_3.jpg,Tam_200,3,revisar,area de defecto dudosa (100%),True,0.977,3,0.211,0.0704,1.0
Tam_d06_200_b_3.jpg,Tam_200,3,auto,,False,0.979,1,0.769,0.0421,0.0
Tam_d06_205_a_3.jpg,Tam_205,3,revisar,area de defecto dudosa (100%),True,0.979,2,0.364,0.0619,1.0
Tam_d06_205_b_3.jpg,Tam_205,3,revisar,area de defecto dudosa (100%),True,0.98,2,0.196,0.0663,1.0
Tam_d06_208_a_3.jpg,Tam_208,3,revisar,area de defecto dudosa (94%),True,0.982,3,0.191,0.0979,0.943
Tam_d06_208_b_3.jpg,Tam_208,3,revisar,area de defecto dudosa (100%),True,0.982,2,0.246,0.0612,1.0
Tam_d06_210_a_3.jpg,Tam_210,3,revisar,area de defecto dudosa (100%),True,0.983,1,0.199,0.0178,1.0
Tam_d06_210_b_3.jpg,Tam_210,3,auto,,False,0.979,0,,0.0,0.0
Tam_d06_218_a_4.jpg,Tam_218,4,auto,,False,0.982,0,,0.0,0.0
Tam_d06_218_b_4.jpg,Tam_218,4,auto,,False,0.982,0,,0.0,0.0
Tam_d06_241_a_3.jpg,Tam_241,3,auto,,False,0.981,0,,0.0,0.0
Tam_d06_241_b_3.jpg,Tam_241,3,auto,,False,0.979,1,0.633,0.1861,0.0
Tam_d06_242_a_3.jpg,Tam_242,3,auto,,False,0.98,0,,0.0,0.0
Tam_d06_242_b_3.jpg,Tam_242,3,auto,,False,0.98,0,,0.0,0.0
Tam_d06_246_a_4.jpg,Tam_246,4,auto,,False,0.978,1,0.646,0.0321,0.0
Tam_d06_246_b_4.jpg,Tam_246,4,revisar,defecto rectangular; area de defecto dudosa (100%),True,0.978,2,0.239,0.3873,1.0
Tam_d06_247_a_4.jpg,Tam_247,4,revisar,area de defecto dudosa (100%),True,0.976,5,0.184,0.1012,1.0
Tam_d06_248_a_4.jpg,Tam_248,4,auto,,False,0.978,0,,0.0,0.0
Tam_d06_248_b_4.jpg,Tam_248,4,auto,,False,0.982,0,,0.0,0.0
Tam_d06_249_a_4.jpg,Tam_249,4,revisar,area de defecto dudosa (100%),True,0.973,2,0.257,0.1011,1.0
Tam_d06_249_b_4.jpg,Tam_249,4,auto,,False,0.974,0,,0.0,0.0
Tam_d06_251_a_4.jpg,Tam_251,4,revisar,area de defecto dudosa (100%),True,0.979,2,0.175,0.0887,1.0
Tam_d06_251_b_4.jpg,Tam_251,4,revisar,area de defecto dudosa (100%),True,0.976,2,0.264,0.1865,1.0
Tam_d06_257_a_4.jpg,Tam_257,4,auto,,False,0.984,1,0.641,0.1208,0.0
Tam_d06_261_a_4.jpg,Tam_261,4,auto,,False,0.983,0,,0.0,0.0
Tam_d06_261_b_4.jpg,Tam_261,4,revisar,area de defecto dudosa (100%),True,0.98,2,0.193,0.4967,1.0
Tam_d06_270_b_3.jpg,Tam_270,3,revisar,area de defecto dudosa (100%),True,0.978,1,0.183,0.6046,1.0
Tam_d06_273_b_3.jpg,Tam_273,3,auto,,False,0.979,1,0.766,0.0691,0.0
Tam_d06_278_a_3.jpg,Tam_278,3,auto,,False,0.979,0,,0.0,0.0
Tam_d06_278_b_3.jpg,Tam_278,3,auto,,False,0.977,0,,0.0,0.0
Tam_d06_280_a_3.jpg,Tam_280,3,auto,,False,0.98,0,,0.0,0.0
Tam_d06_280_b_3.jpg,Tam_280,3,auto,,False,0.979,0,,0.0,0.0
Tam_d06_285_b_3.jpg,Tam_285,3,revisar,area de defecto dudosa (100%),True,0.973,1,0.165,0.0648,1.0
Tam_d06_297_a_3.jpg,Tam_297,3,revisar,area de defecto dudosa (100%),True,0.979,1,0.498,0.0318,1.0
Tam_d06_297_b_3.jpg,Tam_297,3,revisar,area de defecto dudosa (61%),True,0.97,2,0.186,0.0929,0.608
Tam_d06_299_a_3.jpg,Tam_299,3,auto,,False,0.978,1,0.766,0.0484,0.0
Tam_d06_299_b_3.jpg,Tam_299,3,auto,,False,0.983,0,,0.0,0.0
Tam_d06_302_a_3.jpg,Tam_302,3,revisar,area de defecto dudosa (100%),True,0.979,3,0.326,0.2549,1.0
Tam_d06_302_b_3.jpg,Tam_302,3,revisar,area de defecto dudosa (100%),True,0.978,2,0.275,0.0486,1.0
Tam_d06_303_a_4.jpg,Tam_303,4,auto,,False,0.98,0,,0.0,0.0
Tam_d06_303_b_4.jpg,Tam_303,4,revisar,area de defecto dudosa (100%),True,0.978,2,0.181,0.0335,1.0
Tam_d06_304_a_3.jpg,Tam_304,3,revisar,area de defecto dudosa (100%),True,0.978,2,0.181,0.5687,1.0
Tam_d06_304_b_3.jpg,Tam_304,3,auto,,False,0.982,0,,0.0,0.0
Tam_d06_307_a_3.jpg,Tam_307,3,auto,,False,0.979,0,,0.0,0.0
Tam_d06_307_b_3.jpg,Tam_307,3,auto,,False,0.98,1,0.548,0.0993,0.0
Tam_d06_308_a_4.jpg,Tam_308,4,revisar,area de defecto dudosa (100%),True,0.982,4,0.151,0.2378,1.0
Tam_d06_312_b_2.jpg,Tam_312,2,auto,,False,0.981,0,,0.0,0.0
Tam_d06_318_a_3.jpg,Tam_318,3,auto,,False,0.98,0,,0.0,0.0
Tam_d06_318_b_3.jpg,Tam_318,3,revisar,area de defecto dudosa (99%),True,0.982,2,0.216,0.2755,0.992
Tam_d06_319_a_3.jpg,Tam_319,3,revisar,area de defecto dudosa (100%),True,0.981,1,0.499,0.0213,1.0
Tam_d06_319_b_3.jpg,Tam_319,3,revisar,area de defecto dudosa (100%),True,0.981,3,0.154,0.426,1.0
Tam_d06_323_a_3.jpg,Tam_323,3,auto,,False,0.98,0,,0.0,0.0
Tam_d06_323_b_3.jpg,Tam_323,3,revisar,area de defecto dudosa (100%),True,0.979,3,0.188,0.5464,1.0
Tam_d06_329_a_4.jpg,Tam_329,4,revisar,area de defecto dudosa (100%),True,0.969,2,0.305,0.1947,1.0
Tam_d06_329_b_4.jpg,Tam_329,4,auto,,False,0.979,0,,0.0,0.0
Tam_d06_335_a_2.jpg,Tam_335,2,auto,,False,0.98,1,0.594,0.1122,0.0
Tam_d06_335_b_2.jpg,Tam_335,2,auto,,False,0.981,1,0.552,0.0334,0.0
Tam_d06_343_a_4.jpg,Tam_343,4,auto,,False,0.977,0,,0.0,0.0
Tam_d06_343_b_4.jpg,Tam_343,4,revisar,area de defecto dudosa (100%),True,0.979,2,0.464,0.3136,0.998
Tam_d06_348_a_3.jpg,Tam_348,3,auto,,False,0.981,0,,0.0,0.0
Tam_d06_356_a_4.jpg,Tam_356,4,auto,,False,0.979,1,0.711,0.1845,0.0
Tam_d06_356_b_4.jpg,Tam_356,4,auto,,False,0.976,0,,0.0,0.0
Tam_d06_370_a_4.jpg,Tam_370,4,auto,,False,0.977,1,0.746,0.0464,0.0
Tam_d06_370_b_4.jpg,Tam_370,4,revisar,area de defecto dudosa (100%),True,0.979,2,0.245,0.0701,0.999
Tam_d06_379_a_2.jpg,Tam_379,2,revisar,area de defecto dudosa (100%),True,0.982,3,0.226,0.1681,1.0
Tam_d06_379_b_2.jpg,Tam_379,2,auto,,False,0.982,0,,0.0,0.0
Tam_d06_380_a_3.jpg,Tam_380,3,auto,,True,0.981,0,,0.0,0.0
Tam_d06_380_b_3.jpg,Tam_380,3,revisar,area de defecto dudosa (100%),True,0.979,2,0.237,0.0412,1.0
Tam_d06_404_b_3.jpg,Tam_404,3,revisar,area de defecto dudosa (100%),True,0.983,1,0.262,0.2817,1.0
Tam_d06_417_a_3.jpg,Tam_417,3,auto,,False,0.977,1,0.595,0.0627,0.0
Tam_d06_417_b_3.jpg,Tam_417,3,revisar,area de defecto dudosa (100%),True,0.984,4,0.159,0.5794,1.0
Tam_d06_419_a_2.jpg,Tam_419,2,revisar,area de defecto dudosa (67%),True,0.981,2,0.212,0.031,0.672
Tam_d06_419_b_2.jpg,Tam_419,2,auto,,False,0.975,1,0.729,0.0583,0.0
Tam_d06_427_a_4.jpg,Tam_427,4,auto,,False,0.978,1,0.776,0.0345,0.0
Tam_d06_427_b_4.jpg,Tam_427,4,revisar,area de defecto dudosa (100%),True,0.98,2,0.151,0.0228,1.0
Tam_d06_434_a_3.jpg,Tam_434,3,revisar,area de defecto dudosa (100%),True,0.982,1,0.471,0.0991,1.0
Tam_d06_434_b_3.jpg,Tam_434,3,auto,,False,0.978,0,,0.0,0.0
Tam_d06_436_a_3.jpg,Tam_436,3,revisar,area de defecto dudosa (100%),True,0.974,1,0.495,0.0546,1.0
Tam_d06_436_b_3.jpg,Tam_436,3,auto,,False,0.978,1,0.685,0.0238,0.0
Tam_d06_441_a_4.jpg,Tam_441,4,revisar,area de defecto dudosa (100%),True,0.979,2,0.17,0.251,1.0
Tam_d06_441_b_4.jpg,Tam_441,4,auto,,False,0.981,0,,0.0,0.0
Tam_d06_456_a_4.jpg,Tam_456,4,auto,,False,0.977,0,,0.0,0.0
Tam_d06_456_b_4.jpg,Tam_456,4,revisar,area de defecto dudosa (100%),True,0.979,3,0.223,0.1356,0.999
Tam_d06_457_a_4.jpg,Tam_457,4,auto,,False,0.977,1,0.666,0.0436,0.0
Tam_d06_466_a_4.jpg,Tam_466,4,auto,,False,0.981,1,0.824,0.1618,0.0
Tam_d06_466_b_4.jpg,Tam_466,4,revisar,area de defecto dudosa (100%),True,0.978,5,0.22,0.5522,1.0
Tam_d06_467_a_3.jpg,Tam_467,3,revisar,area de defecto dudosa (100%),True,0.978,2,0.183,0.2486,1.0
Tam_d06_467_b_3.jpg,Tam_467,3,auto,,True,0.979,0,,0.0,0.0
Tam_d07_009_a_4.jpg,Tam_009,4,revisar,area de defecto dudosa (100%),True,0.978,4,0.177,0.405,1.0
Tam_d07_017_a_4.jpg,Tam_017,4,auto,,False,0.981,0,,0.0,0.0
Tam_d07_017_b_4.jpg,Tam_017,4,revisar,area de defecto dudosa (100%),True,0.981,4,0.19,0.3277,1.0
Tam_d07_028_a_4.jpg,Tam_028,4,revisar,area de defecto dudosa (100%),True,0.98,2,0.157,0.0336,1.0
Tam_d07_028_b_4.jpg,Tam_028,4,revisar,area de defecto dudosa (100%),True,0.981,2,0.242,0.0953,1.0
Tam_d07_030_a_4.jpg,Tam_030,4,revisar,area de defecto dudosa (100%),True,0.978,1,0.349,0.0456,1.0
Tam_d07_030_b_4.jpg,Tam_030,4,revisar,area de defecto dudosa (100%),True,0.979,1,0.346,0.1368,1.0
Tam_d07_039_a_4.jpg,Tam_039,4,revisar,area de defecto dudosa (100%),True,0.978,1,0.211,0.0488,1.0
Tam_d07_039_b_4.jpg,Tam_039,4,auto,,False,0.98,0,,0.0,0.0
Tam_d07_051_b_4.jpg,Tam_051,4,auto,,False,0.978,0,,0.0,0.0
Tam_d07_053_a_4.jpg,Tam_053,4,revisar,area de defecto dudosa (100%),True,0.982,1,0.159,0.0165,1.0
Tam_d07_053_b_4.jpg,Tam_053,4,revisar,area de defecto dudosa (100%),True,0.979,1,0.378,0.0413,1.0
Tam_d07_057_a_4.jpg,Tam_057,4,auto,,False,0.975,0,,0.0,0.0
Tam_d07_057_b_4.jpg,Tam_057,4,auto,,False,0.977,1,0.501,0.0245,0.0
Tam_d07_059_a_2.jpg,Tam_059,2,auto,,False,0.983,0,,0.0,0.0
Tam_d07_059_b_2.jpg,Tam_059,2,auto,,False,0.979,0,,0.0,0.0
Tam_d07_066_a_4.jpg,Tam_066,4,auto,,False,0.978,0,,0.0,0.0
Tam_d07_066_b_4.jpg,Tam_066,4,revisar,defecto rectangular; area de defecto dudosa (100%),True,0.979,3,0.177,0.8701,1.0
Tam_d07_074_a_3.jpg,Tam_074,3,revisar,area de defecto dudosa (100%),True,0.974,2,0.182,0.0459,1.0
Tam_d07_102_a_3.jpg,Tam_102,3,auto,,False,0.977,0,,0.0,0.0
Tam_d07_102_b_3.jpg,Tam_102,3,auto,,False,0.978,1,0.577,0.1373,0.0
Tam_d07_105_a_4.jpg,Tam_105,4,revisar,area de defecto dudosa (100%),True,0.979,1,0.17,0.0611,1.0
Tam_d07_105_b_4.jpg,Tam_105,4,revisar,area de defecto dudosa (100%),True,0.977,4,0.154,0.0672,1.0
Tam_d07_119_b_4.jpg,Tam_119,4,revisar,area de defecto dudosa (100%),True,0.977,2,0.237,0.1124,1.0
Tam_d07_121_a_3.jpg,Tam_121,3,revisar,area de defecto dudosa (100%),True,0.978,3,0.2,0.4431,1.0
Tam_d07_121_b_3.jpg,Tam_121,3,auto,,False,0.979,0,,0.0,0.0
Tam_d07_124_a_4.jpg,Tam_124,4,revisar,area de defecto dudosa (100%),True,0.982,3,0.267,0.6722,1.0
Tam_d07_124_b_4.jpg,Tam_124,4,auto,,False,0.977,0,,0.0,0.0
Tam_d07_134_a_4.jpg,Tam_134,4,auto,,False,0.98,0,,0.0,0.0
Tam_d07_134_b_4.jpg,Tam_134,4,revisar,area de defecto dudosa (100%),True,0.981,2,0.248,0.5218,1.0
Tam_d07_142_a_4.jpg,Tam_142,4,auto,,False,0.976,0,,0.0,0.0
Tam_d07_142_b_4.jpg,Tam_142,4,revisar,area de defecto dudosa (100%),True,0.979,1,0.249,0.2315,1.0
Tam_d07_144_a_4.jpg,Tam_144,4,revisar,area de defecto dudosa (100%),True,0.982,3,0.192,0.3125,1.0
Tam_d07_144_b_4.jpg,Tam_144,4,revisar,area de defecto dudosa (100%),True,0.981,2,0.186,0.283,1.0
Tam_d07_147_a_4.jpg,Tam_147,4,auto,,False,0.977,0,,0.0,0.0
Tam_d07_147_b_4.jpg,Tam_147,4,revisar,area de defecto dudosa (100%),True,0.975,2,0.286,0.0269,1.0
Tam_d07_154_a_4.jpg,Tam_154,4,auto,,True,0.979,0,,0.0,0.0
Tam_d07_154_b_4.jpg,Tam_154,4,auto,,False,0.978,0,,0.0,0.0
Tam_d07_157_a_4.jpg,Tam_157,4,revisar,area de defecto dudosa (85%),True,0.981,2,0.19,0.171,0.851
Tam_d07_157_b_4.jpg,Tam_157,4,auto,,False,0.98,0,,0.0,0.0
Tam_d07_158_a_3.jpg,Tam_158,3,revisar,area de defecto dudosa (100%),True,0.979,2,0.158,0.4961,1.0
Tam_d07_159_a_4.jpg,Tam_159,4,auto,,False,0.983,1,0.837,0.0934,0.0
Tam_d07_160_a_4.jpg,Tam_160,4,revisar,area de defecto dudosa (100%),True,0.98,4,0.177,0.1697,1.0
Tam_d07_160_b_4.jpg,Tam_160,4,auto,,False,0.978,0,,0.0,0.0
Tam_d07_169_a_4.jpg,Tam_169,4,auto,,False,0.981,0,,0.0,0.0
Tam_d07_169_b_4.jpg,Tam_169,4,auto,,False,0.981,0,,0.0,0.0
Tam_d07_171_a_4.jpg,Tam_171,4,auto,,False,0.983,0,,0.0,0.0
Tam_d07_171_b_4.jpg,Tam_171,4,auto,,False,0.983,1,0.558,0.4841,0.0
Tam_d07_179_a_5.jpg,Tam_179,5,revisar,defecto rectangular; defecto rectangular; area de defecto dudosa (100%),True,0.98,3,0.171,0.511,1.0
Tam_d07_179_b_5.jpg,Tam_179,5,revisar,area de defecto dudosa (100%),True,0.976,1,0.257,0.0241,1.0
Tam_d07_182_a_4.jpg,Tam_182,4,revisar,area de defecto dudosa (100%),True,0.974,1,0.467,0.2022,1.0
Tam_d07_182_b_4.jpg,Tam_182,4,auto,,True,0.976,0,,0.0,0.0
Tam_d07_189_a_4.jpg,Tam_189,4,revisar,area de defecto dudosa (100%),True,0.98,3,0.154,0.0697,1.0
Tam_d07_189_b_4.jpg,Tam_189,4,auto,,False,0.981,0,,0.0,0.0
Tam_d07_191_a_4.jpg,Tam_191,4,revisar,area de defecto dudosa (100%),True,0.979,2,0.169,0.0315,1.0
Tam_d07_191_b_4.jpg,Tam_191,4,auto,,False,0.976,0,,0.0,0.0
Tam_d07_195_a_3.jpg,Tam_195,3,revisar,area de defecto dudosa (100%),True,0.977,2,0.183,0.2082,1.0
Tam_d07_198_a_3.jpg,Tam_198,3,revisar,area de defecto dudosa (100%),True,0.978,3,0.204,0.0594,1.0
Tam_d07_198_b_3.jpg,Tam_198,3,revisar,area de defecto dudosa (100%),True,0.979,3,0.225,0.3672,1.0
Tam_d07_200_b_4.jpg,Tam_200,4,auto,,False,0.978,1,0.866,0.0457,0.0
Tam_d07_205_a_4.jpg,Tam_205,4,auto,,False,0.982,2,0.162,0.072,0.208
Tam_d07_205_b_4.jpg,Tam_205,4,revisar,area de defecto dudosa (100%),True,0.981,3,0.181,0.4069,1.0
Tam_d07_208_a_4.jpg,Tam_208,4,auto,,False,0.983,1,0.648,0.0317,0.0
Tam_d07_210_a_4.jpg,Tam_210,4,auto,,False,0.981,0,,0.0,0.0
Tam_d07_210_b_4.jpg,Tam_210,4,auto,,False,0.979,0,,0.0,0.0
Tam_d07_218_a_4.jpg,Tam_218,4,auto,,False,0.98,0,,0.0,0.0
Tam_d07_218_b_4.jpg,Tam_218,4,auto,,False,0.982,0,,0.0,0.0
Tam_d07_241_a_4.jpg,Tam_241,4,auto,,False,0.981,0,,0.0,0.0
Tam_d07_241_b_4.jpg,Tam_241,4,auto,,False,0.976,1,0.725,0.1724,0.0
Tam_d07_242_a_4.jpg,Tam_242,4,auto,,False,0.981,0,,0.0,0.0
Tam_d07_246_a_4.jpg,Tam_246,4,auto,,False,0.978,2,0.754,0.0728,0.0
Tam_d07_246_b_4.jpg,Tam_246,4,revisar,defecto rectangular; defecto rectangular; area de defecto dudosa (100%),True,0.979,5,0.16,0.7555,1.0
Tam_d07_247_a_4.jpg,Tam_247,4,revisar,area de defecto dudosa (100%),True,0.981,4,0.193,0.1365,1.0
Tam_d07_247_b_4.jpg,Tam_247,4,auto,,False,0.979,1,0.772,0.075,0.0
Tam_d07_248_a_4.jpg,Tam_248,4,revisar,defecto rectangular; area de defecto dudosa (100%),True,0.978,1,0.199,0.4392,1.0
Tam_d07_248_b_4.jpg,Tam_248,4,auto,,False,0.98,0,,0.0,0.0
Tam_d07_249_a_4.jpg,Tam_249,4,auto,,False,0.971,1,0.662,0.0877,0.0
Tam_d07_249_b_4.jpg,Tam_249,4,auto,,False,0.974,0,,0.0,0.0
Tam_d07_251_a_4.jpg,Tam_251,4,auto,,False,0.977,1,0.58,0.0987,0.0
Tam_d07_251_b_4.jpg,Tam_251,4,revisar,area de defecto dudosa (100%),True,0.977,3,0.218,0.2147,1.0
Tam_d07_257_a_4.jpg,Tam_257,4,auto,,False,0.978,1,0.625,0.124,0.0
Tam_d07_257_b_4.jpg,Tam_257,4,revisar,area de defecto dudosa (100%),True,0.978,3,0.157,0.2355,1.0
Tam_d07_261_a_4.jpg,Tam_261,4,auto,,False,0.981,0,,0.0,0.0
Tam_d07_261_b_4.jpg,Tam_261,4,revisar,area de defecto dudosa (100%),True,0.979,1,0.355,0.4899,1.0
Tam_d07_270_a_4.jpg,Tam_270,4,auto,,False,0.981,0,,0.0,0.0
Tam_d07_270_b_4.jpg,Tam_270,4,revisar,area de defecto dudosa (100%),True,0.979,1,0.197,0.637,1.0
Tam_d07_273_a_4.jpg,Tam_273,4,auto,,False,0.978,1,0.724,0.1143,0.0
Tam_d07_273_b_4.jpg,Tam_273,4,revisar,area de defecto dudosa (98%),True,0.978,2,0.378,0.0737,0.98
Tam_d07_278_a_4.jpg,Tam_278,4,auto,,False,0.978,0,,0.0,0.0
Tam_d07_278_b_4.jpg,Tam_278,4,auto,,True,0.981,0,,0.0,0.0
Tam_d07_280_a_4.jpg,Tam_280,4,auto,,False,0.982,0,,0.0,0.0
Tam_d07_280_b_4.jpg,Tam_280,4,auto,,False,0.978,0,,0.0,0.0
Tam_d07_285_a_3.jpg,Tam_285,3,auto,,False,0.982,1,0.794,0.0245,0.0
Tam_d07_285_b_3.jpg,Tam_285,3,revisar,area de defecto dudosa (100%),True,0.975,2,0.163,0.1838,1.0
Tam_d07_297_a_3.jpg,Tam_297,3,revisar,area de defecto dudosa (100%),True,0.979,1,0.393,0.0351,1.0
Tam_d07_297_b_3.jpg,Tam_297,3,revisar,area de defecto dudosa (67%),True,0.975,2,0.259,0.0882,0.669
Tam_d07_299_a_4.jpg,Tam_299,4,auto,,False,0.981,1,0.795,0.0691,0.0
Tam_d07_302_b_4.jpg,Tam_302,4,revisar,area de defecto dudosa (100%),True,0.977,1,0.33,0.0245,1.0
Tam_d07_303_a_4.jpg,Tam_303,4,revisar,area de defecto dudosa (100%),True,0.98,1,0.212,0.0107,1.0
Tam_d07_303_b_4.jpg,Tam_303,4,auto,,False,0.98,1,0.562,0.0274,0.0
Tam_d07_304_a_4.jpg,Tam_304,4,revisar,defecto rectangular; area de defecto dudosa (100%),True,0.982,4,0.203,0.7251,1.0
Tam_d07_304_b_4.jpg,Tam_304,4,auto,,False,0.979,0,,0.0,0.0
Tam_d07_307_a_4.jpg,Tam_307,4,auto,,False,0.981,0,,0.0,0.0
Tam_d07_307_b_4.jpg,Tam_307,4,auto,,False,0.978,1,0.598,0.0875,0.0
Tam_d07_308_a_4.jpg,Tam_308,4,revisar,area de defecto dudosa (100%),True,0.982,4,0.21,0.171,1.0
Tam_d07_308_b_4.jpg,Tam_308,4,auto,,False,0.982,1,0.674,0.0275,0.0
Tam_d07_312_a_4.jpg,Tam_312,4,revisar,area de defecto dudosa (100%),True,0.981,1,0.263,0.0136,1.0
Tam_d07_312_b_4.jpg,Tam_312,4,auto,,False,0.979,0,,0.0,0.0
Tam_d07_318_a_4.jpg,Tam_318,4,auto,,False,0.982,0,,0.0,0.0
Tam_d07_318_b_4.jpg,Tam_318,4,revisar,area de defecto dudosa (74%),True,0.981,3,0.158,0.1711,0.738
Tam_d07_319_b_3.jpg,Tam_319,3,revisar,area de defecto dudosa (100%),True,0.978,4,0.172,0.1681,1.0
Tam_d07_323_a_4.jpg,Tam_323,4,auto,,False,0.98,0,,0.0,0.0
Tam_d07_323_b_4.jpg,Tam_323,4,revisar,area de defecto dudosa (100%),True,0.981,2,0.153,0.5672,1.0
Tam_d07_329_a_4.jpg,Tam_329,4,auto,,False,0.972,1,0.551,0.2023,0.0
Tam_d07_329_b_4.jpg,Tam_329,4,auto,,False,0.978,0,,0.0,0.0
Tam_d07_335_a_3.jpg,Tam_335,3,revisar,area de defecto dudosa (96%),True,0.979,2,0.292,0.1154,0.965
Tam_d07_335_b_3.jpg,Tam_335,3,auto,,False,0.979,1,0.599,0.0303,0.0
Tam_d07_342_a_3.jpg,Tam_342,3,revisar,area de defecto dudosa (100%),True,0.983,4,0.154,0.5075,1.0
Tam_d07_342_b_3.jpg,Tam_342,3,auto,,False,0.98,0,,0.0,0.0
Tam_d07_343_a_4.jpg,Tam_343,4,auto,,False,0.982,0,,0.0,0.0
Tam_d07_343_b_4.jpg,Tam_343,4,revisar,area de defecto dudosa (100%),True,0.979,3,0.192,0.5352,1.0
Tam_d07_348_a_3.jpg,Tam_348,3,auto,,False,0.979,0,,0.0,0.0
Tam_d07_348_b_3.jpg,Tam_348,3,auto,,False,0.98,0,,0.0,0.0
Tam_d07_356_a_4.jpg,Tam_356,4,auto,,False,0.977,1,0.678,0.1841,0.0
Tam_d07_370_a_4.jpg,Tam_370,4,auto,,False,0.976,1,0.742,0.0406,0.0
Tam_d07_370_b_4.jpg,Tam_370,4,revisar,area de defecto dudosa (100%),True,0.98,3,0.19,0.164,1.0
Tam_d07_379_a_4.jpg,Tam_379,4,revisar,area de defecto dudosa (100%),True,0.982,1,0.365,0.0467,1.0
Tam_d07_379_b_4.jpg,Tam_379,4,auto,,False,0.979,0,,0.0,0.0
Tam_d07_380_a_4.jpg,Tam_380,4,auto,,False,0.981,0,,0.0,0.0
Tam_d07_380_b_4.jpg,Tam_380,4,revisar,area de defecto dudosa (100%),True,0.98,2,0.158,0.0172,1.0
Tam_d07_404_b_4.jpg,Tam_404,4,revisar,area de defecto dudosa (100%),True,0.981,4,0.17,0.653,1.0
Tam_d07_417_a_4.jpg,Tam_417,4,auto,,True,0.98,1,0.561,0.0798,0.0
Tam_d07_417_b_4.jpg,Tam_417,4,revisar,area de defecto dudosa (100%),True,0.983,1,0.369,0.5283,1.0
Tam_d07_419_a_3.jpg,Tam_419,3,revisar,area de defecto dudosa (78%),True,0.98,2,0.391,0.0319,0.782
Tam_d07_419_b_3.jpg,Tam_419,3,auto,,False,0.979,1,0.708,0.0504,0.0
Tam_d07_427_a_4.jpg,Tam_427,4,auto,,False,0.978,1,0.778,0.0466,0.0
Tam_d07_427_b_4.jpg,Tam_427,4,revisar,area de defecto dudosa (100%),True,0.979,1,0.265,0.0088,1.0
Tam_d07_434_a_3.jpg,Tam_434,3,auto,,False,0.976,1,0.645,0.0913,0.0
Tam_d07_434_b_3.jpg,Tam_434,3,auto,,False,0.979,0,,0.0,0.0
Tam_d07_436_a_4.jpg,Tam_436,4,auto,,False,0.974,1,0.541,0.0452,0.0
Tam_d07_436_b_4.jpg,Tam_436,4,revisar,area de defecto dudosa (100%),True,0.976,1,0.241,0.0167,1.0
Tam_d07_441_a_4.jpg,Tam_441,4,auto,,False,0.981,0,,0.0,0.0
Tam_d07_441_b_4.jpg,Tam_441,4,auto,,False,0.979,0,,0.0,0.0
Tam_d07_456_a_4.jpg,Tam_456,4,auto,,False,0.976,0,,0.0,0.0
Tam_d07_456_b_4.jpg,Tam_456,4,auto,,False,0.982,2,0.463,0.1051,0.222
Tam_d07_457_a_4.jpg,Tam_457,4,revisar,area de defecto dudosa (100%),True,0.98,2,0.451,0.0526,1.0
Tam_d07_457_b_4.jpg,Tam_457,4,auto,,True,0.978,0,,0.0,0.0
Tam_d07_466_a_4.jpg,Tam_466,4,auto,,False,0.979,1,0.865,0.1584,0.0
Tam_d07_466_b_4.jpg,Tam_466,4,revisar,area de defecto dudosa (100%),True,0.982,4,0.215,0.366,1.0
Tam_d07_467_a_4.jpg,Tam_467,4,revisar,area de defecto dudosa (100%),True,0.976,3,0.152,0.1841,1.0
Tam_d07_467_b_4.jpg,Tam_467,4,auto,,False,0.98,0,,0.0,0.0
Tam_d08_009_a_5.jpg,Tam_009,5,revisar,area de defecto dudosa (100%),True,0.976,4,0.165,0.4988,1.0
Tam_d08_009_b_5.jpg,Tam_009,5,auto,,False,0.978,0,,0.0,0.0
Tam_d08_017_a_4.jpg,Tam_017,4,auto,,False,0.982,0,,0.0,0.0
Tam_d08_017_b_4.jpg,Tam_017,4,revisar,area de defecto dudosa (100%),True,0.98,3,0.28,0.1439,1.0
Tam_d08_028_a_4.jpg,Tam_028,4,revisar,area de defecto dudosa (100%),True,0.981,3,0.188,0.2315,1.0
Tam_d08_028_b_4.jpg,Tam_028,4,revisar,area de defecto dudosa (100%),True,0.979,2,0.235,0.0277,0.997
Tam_d08_030_a_5.jpg,Tam_030,5,revisar,area de defecto dudosa (100%),True,0.978,1,0.159,0.0462,1.0
Tam_d08_030_b_5.jpg,Tam_030,5,revisar,area de defecto dudosa (100%),True,0.978,2,0.216,0.137,1.0
Tam_d08_039_a_4.jpg,Tam_039,4,revisar,area de defecto dudosa (100%),True,0.979,1,0.258,0.0404,1.0
Tam_d08_039_b_4.jpg,Tam_039,4,auto,,False,0.976,0,,0.0,0.0
Tam_d08_051_a_4.jpg,Tam_051,4,revisar,area de defecto dudosa (100%),True,0.977,1,0.248,0.0175,1.0
Tam_d08_051_b_4.jpg,Tam_051,4,revisar,defecto rectangular; area de defecto dudosa (100%),True,0.979,1,0.158,0.2857,1.0
Tam_d08_053_a_4.jpg,Tam_053,4,auto,,False,0.98,0,,0.0,0.0
Tam_d08_053_b_4.jpg,Tam_053,4,revisar,area de defecto dudosa (100%),True,0.98,2,0.171,0.0397,1.0
Tam_d08_059_a_3.jpg,Tam_059,3,auto,,False,0.982,0,,0.0,0.0
Tam_d08_059_b_3.jpg,Tam_059,3,auto,,False,0.977,0,,0.0,0.0
Tam_d08_066_a_4.jpg,Tam_066,4,auto,,False,0.98,0,,0.0,0.0
Tam_d08_066_b_4.jpg,Tam_066,4,revisar,area de defecto dudosa (100%),True,0.982,2,0.203,0.3445,0.997
Tam_d08_074_a_4.jpg,Tam_074,4,auto,,False,0.975,1,0.56,0.0489,0.0
Tam_d08_074_b_4.jpg,Tam_074,4,revisar,area de defecto dudosa (100%),True,0.975,2,0.203,0.0153,1.0
Tam_d08_102_a_4.jpg,Tam_102,4,auto,,False,0.978,0,,0.0,0.0
Tam_d08_102_b_4.jpg,Tam_102,4,auto,,False,0.979,1,0.636,0.1387,0.0
Tam_d08_105_a_4.jpg,Tam_105,4,auto,,False,0.976,0,,0.0,0.0
Tam_d08_105_b_4.jpg,Tam_105,4,revisar,area de defecto dudosa (100%),True,0.979,2,0.185,0.0285,1.0
Tam_d08_119_a_4.jpg,Tam_119,4,revisar,area de defecto dudosa (100%),True,0.977,3,0.201,0.2643,1.0
Tam_d08_119_b_4.jpg,Tam_119,4,revisar,area de defecto dudosa (100%),True,0.977,2,0.261,0.0719,1.0
Tam_d08_121_a_4.jpg,Tam_121,4,revisar,area de defecto dudosa (100%),True,0.978,3,0.206,0.4444,1.0
Tam_d08_121_b_4.jpg,Tam_121,4,auto,,False,0.98,0,,0.0,0.0
Tam_d08_124_a_5.jpg,Tam_124,5,revisar,area de defecto dudosa (100%),True,0.981,3,0.356,0.6287,1.0
Tam_d08_124_b_5.jpg,Tam_124,5,auto,,False,0.976,1,0.56,0.0968,0.0
Tam_d08_134_a_5.jpg,Tam_134,5,auto,,False,0.978,0,,0.0,0.0
Tam_d08_134_b_5.jpg,Tam_134,5,revisar,area de defecto dudosa (100%),True,0.98,3,0.167,0.8196,1.0
Tam_d08_142_a_4.jpg,Tam_142,4,auto,,False,0.98,0,,0.0,0.0
Tam_d08_142_b_4.jpg,Tam_142,4,revisar,area de defecto dudosa (100%),True,0.978,2,0.228,0.2822,1.0
Tam_d08_144_a_5.jpg,Tam_144,5,revisar,area de defecto dudosa (100%),True,0.982,3,0.169,0.3775,1.0
Tam_d08_144_b_5.jpg,Tam_144,5,revisar,area de defecto dudosa (100%),True,0.979,2,0.239,0.0651,1.0
Tam_d08_147_a_4.jpg,Tam_147,4,auto,,False,0.978,0,,0.0,0.0
Tam_d08_147_b_4.jpg,Tam_147,4,revisar,area de defecto dudosa (100%),True,0.978,2,0.183,0.0229,1.0
Tam_d08_154_a_4.jpg,Tam_154,4,auto,,False,0.976,0,,0.0,0.0
Tam_d08_154_b_4.jpg,Tam_154,4,auto,,False,0.979,0,,0.0,0.0
Tam_d08_159_a_4.jpg,Tam_159,4,auto,,False,0.978,1,0.837,0.0761,0.0
Tam_d08_159_b_4.jpg,Tam_159,4,auto,,True,0.978,0,,0.0,0.0
Tam_d08_160_a_4.jpg,Tam_160,4,revisar,area de defecto dudosa (100%),True,0.978,3,0.271,0.1633,1.0
Tam_d08_169_a_4.jpg,Tam_169,4,auto,,True,0.981,0,,0.0,0.0
Tam_d08_169_b_4.jpg,Tam_169,4,auto,,False,0.979,0,,0.0,0.0
Tam_d08_171_a_4.jpg,Tam_171,4,auto,,False,0.982,0,,0.0,0.0
Tam_d08_171_b_4.jpg,Tam_171,4,revisar,area de defecto dudosa (100%),True,0.981,1,0.482,0.4977,1.0
Tam_d08_179_a_5.jpg,Tam_179,5,revisar,defecto rectangular; area de defecto dudosa (100%),True,0.981,2,0.162,0.666,1.0
Tam_d08_179_b_5.jpg,Tam_179,5,revisar,area de defecto dudosa (100%),True,0.979,1,0.172,0.0166,1.0
Tam_d08_182_a_4.jpg,Tam_182,4,revisar,area de defecto dudosa (100%),True,0.974,1,0.466,0.2012,1.0
Tam_d08_182_b_4.jpg,Tam_182,4,auto,,False,0.976,0,,0.0,0.0
Tam_d08_189_a_5.jpg,Tam_189,5,revisar,area de defecto dudosa (100%),True,0.981,3,0.198,0.1019,1.0
Tam_d08_189_b_5.jpg,Tam_189,5,auto,,False,0.978,0,,0.0,0.0
Tam_d08_191_a_4.jpg,Tam_191,4,revisar,area de defecto dudosa (100%),True,0.977,2,0.196,0.0573,1.0
Tam_d08_191_b_4.jpg,Tam_191,4,auto,,False,0.979,0,,0.0,0.0
Tam_d08_195_a_4.jpg,Tam_195,4,revisar,area de defecto dudosa (100%),True,0.981,3,0.246,0.3762,1.0
Tam_d08_195_b_4.jpg,Tam_195,4,auto,,False,0.979,0,,0.0,0.0
Tam_d08_198_a_4.jpg,Tam_198,4,revisar,area de defecto dudosa (100%),True,0.979,3,0.186,0.049,1.0
Tam_d08_198_b_4.jpg,Tam_198,4,revisar,area de defecto dudosa (100%),True,0.981,3,0.261,0.6011,1.0
Tam_d08_200_a_4.jpg,Tam_200,4,auto,,False,0.977,1,0.8,0.0481,0.0
Tam_d08_200_b_4.jpg,Tam_200,4,auto,,False,0.979,1,0.877,0.0585,0.0
Tam_d08_205_a_4.jpg,Tam_205,4,revisar,area de defecto dudosa (100%),True,0.982,2,0.255,0.0728,1.0
Tam_d08_205_b_4.jpg,Tam_205,4,revisar,defecto rectangular; area de defecto dudosa (100%),True,0.98,3,0.158,0.5505,0.999
Tam_d08_208_a_4.jpg,Tam_208,4,auto,,False,0.983,1,0.686,0.0372,0.0
Tam_d08_208_b_4.jpg,Tam_208,4,revisar,area de defecto dudosa (100%),True,0.982,2,0.201,0.0855,1.0
Tam_d08_210_a_4.jpg,Tam_210,4,auto,,False,0.981,0,,0.0,0.0
Tam_d08_218_a_4.jpg,Tam_218,4,auto,,False,0.981,0,,0.0,0.0
Tam_d08_218_b_4.jpg,Tam_218,4,auto,,False,0.982,0,,0.0,0.0
Tam_d08_241_a_4.jpg,Tam_241,4,auto,,False,0.982,0,,0.0,0.0
Tam_d08_241_b_4.jpg,Tam_241,4,auto,,False,0.978,1,0.67,0.1846,0.0
Tam_d08_242_a_4.jpg,Tam_242,4,auto,,False,0.981,0,,0.0,0.0
Tam_d08_242_b_4.jpg,Tam_242,4,auto,,False,0.98,0,,0.0,0.0
Tam_d08_246_a_4.jpg,Tam_246,4,auto,,False,0.978,2,0.772,0.0689,0.0
Tam_d08_246_b_4.jpg,Tam_246,4,revisar,defecto rectangular; area de defecto dudosa (100%),True,0.979,3,0.23,0.2846,1.0
Tam_d08_247_a_4.jpg,Tam_247,4,revisar,area de defecto dudosa (100%),True,0.975,4,0.203,0.1452,1.0
Tam_d08_247_b_4.jpg,Tam_247,4,revisar,area de defecto dudosa (100%),True,0.976,2,0.21,0.1113,1.0
Tam_d08_248_a_5.jpg,Tam_248,5,revisar,defecto rectangular; area de defecto dudosa (100%),True,0.982,2,0.155,0.3095,1.0
Tam_d08_248_b_5.jpg,Tam_248,5,auto,,False,0.981,0,,0.0,0.0
Tam_d08_249_a_4.jpg,Tam_249,4,auto,,False,0.964,1,0.639,0.0974,0.0
Tam_d08_249_b_4.jpg,Tam_249,4,auto,,False,0.972,0,,0.0,0.0
Tam_d08_251_a_5.jpg,Tam_251,5,auto,,False,0.977,1,0.681,0.1338,0.0
Tam_d08_251_b_5.jpg,Tam_251,5,revisar,area de defecto dudosa (100%),True,0.979,2,0.364,0.221,1.0
Tam_d08_257_a_5.jpg,Tam_257,5,auto,,False,0.98,1,0.657,0.1201,0.0
Tam_d08_257_b_5.jpg,Tam_257,5,revisar,area de defecto dudosa (100%),True,0.981,4,0.155,0.102,1.0
Tam_d08_261_a_4.jpg,Tam_261,4,auto,,False,0.981,0,,0.0,0.0
Tam_d08_261_b_4.jpg,Tam_261,4,revisar,defecto rectangular; area de defecto dudosa (100%),True,0.981,1,0.419,0.3732,1.0
Tam_d08_270_a_4.jpg,Tam_270,4,auto,,False,0.982,0,,0.0,0.0
Tam_d08_270_b_4.jpg,Tam_270,4,revisar,area de defecto dudosa (100%),True,0.981,3,0.202,0.7711,1.0
Tam_d08_273_a_4.jpg,Tam_273,4,auto,,False,0.975,1,0.668,0.131,0.0
Tam_d08_273_b_4.jpg,Tam_273,4,auto,,False,0.977,1,0.847,0.0488,0.0
Tam_d08_278_a_4.jpg,Tam_278,4,auto,,False,0.98,0,,0.0,0.0
Tam_d08_278_b_4.jpg,Tam_278,4,auto,,False,0.977,0,,0.0,0.0
Tam_d08_280_a_4.jpg,Tam_280,4,auto,,False,0.979,0,,0.0,0.0
Tam_d08_280_b_4.jpg,Tam_280,4,auto,,False,0.98,0,,0.0,0.0
Tam_d08_285_a_4.jpg,Tam_285,4,revisar,area de defecto dudosa (100%),True,0.976,2,0.158,0.0082,1.0
Tam_d08_285_b_4.jpg,Tam_285,4,auto,,False,0.977,0,,0.0,0.0
Tam_d08_297_a_4.jpg,Tam_297,4,revisar,area de defecto dudosa (100%),True,0.976,2,0.172,0.0486,1.0
Tam_d08_297_b_4.jpg,Tam_297,4,revisar,area de defecto dudosa (100%),True,0.976,2,0.248,0.1049,0.999
Tam_d08_299_b_4.jpg,Tam_299,4,revisar,area de defecto dudosa (100%),True,0.979,1,0.172,0.0309,1.0
Tam_d08_302_a_5.jpg,Tam_302,5,revisar,area de defecto dudosa (100%),True,0.976,2,0.151,0.5133,1.0
Tam_d08_302_b_5.jpg,Tam_302,5,revisar,area de defecto dudosa (100%),True,0.982,1,0.362,0.0191,1.0
Tam_d08_303_b_4.jpg,Tam_303,4,revisar,area de defecto dudosa (100%),True,0.978,2,0.315,0.0253,1.0
Tam_d08_304_a_4.jpg,Tam_304,4,revisar,defecto rectangular; area de defecto dudosa (100%),True,0.982,4,0.157,0.771,1.0
Tam_d08_304_b_4.jpg,Tam_304,4,auto,,False,0.978,0,,0.0,0.0
Tam_d08_307_a_4.jpg,Tam_307,4,auto,,False,0.98,0,,0.0,0.0
Tam_d08_307_b_4.jpg,Tam_307,4,revisar,area de defecto dudosa (100%),True,0.977,2,0.258,0.0401,1.0
Tam_d08_308_a_5.jpg,Tam_308,5,revisar,area de defecto dudosa (100%),True,0.98,3,0.187,0.1358,1.0
Tam_d08_308_b_5.jpg,Tam_308,5,auto,,False,0.982,1,0.715,0.071,0.0
Tam_d08_312_a_4.jpg,Tam_312,4,revisar,area de defecto dudosa (100%),True,0.977,1,0.291,0.0185,1.0
Tam_d08_312_b_4.jpg,Tam_312,4,revisar,area de defecto dudosa (100%),True,0.979,1,0.246,0.0177,1.0
Tam_d08_318_a_4.jpg,Tam_318,4,auto,,False,0.979,1,0.655,0.0163,0.0
Tam_d08_318_b_4.jpg,Tam_318,4,revisar,area de defecto dudosa (100%),True,0.982,2,0.152,0.2368,1.0
Tam_d08_319_a_4.jpg,Tam_319,4,auto,,False,0.982,1,0.715,0.0304,0.0
Tam_d08_319_b_4.jpg,Tam_319,4,revisar,area de defecto dudosa (100%),True,0.981,3,0.263,0.6175,1.0
Tam_d08_323_a_4.jpg,Tam_323,4,auto,,False,0.979,0,,0.0,0.0
Tam_d08_323_b_4.jpg,Tam_323,4,revisar,area de defecto dudosa (100%),True,0.98,2,0.336,0.3109,1.0
Tam_d08_329_a_4.jpg,Tam_329,4,revisar,area de defecto dudosa (100%),True,0.971,3,0.203,0.202,1.0
Tam_d08_329_b_4.jpg,Tam_329,4,auto,,False,0.976,0,,0.0,0.0
Tam_d08_335_a_4.jpg,Tam_335,4,auto,,False,0.98,1,0.609,0.1214,0.0
Tam_d08_335_b_4.jpg,Tam_335,4,revisar,area de defecto dudosa (94%),True,0.977,3,0.215,0.0354,0.94
Tam_d08_342_a_4.jpg,Tam_342,4,revisar,area de defecto dudosa (100%),True,0.977,2,0.169,0.5797,1.0
Tam_d08_342_b_4.jpg,Tam_342,4,auto,,False,0.975,0,,0.0,0.0
Tam_d08_343_a_5.jpg,Tam_343,5,auto,,False,0.98,0,,0.0,0.0
Tam_d08_343_b_5.jpg,Tam_343,5,revisar,area de defecto dudosa (100%),True,0.985,2,0.282,0.4995,0.999
Tam_d08_348_b_4.jpg,Tam_348,4,revisar,area de defecto dudosa (100%),True,0.976,1,0.245,0.0074,1.0
Tam_d08_356_a_4.jpg,Tam_356,4,auto,,True,0.974,1,0.573,0.2447,0.0
Tam_d08_356_b_4.jpg,Tam_356,4,auto,,False,0.978,0,,0.0,0.0
Tam_d08_370_a_4.jpg,Tam_370,4,auto,,False,0.977,1,0.75,0.0538,0.0
Tam_d08_370_b_4.jpg,Tam_370,4,auto,,False,0.979,2,0.214,0.1328,0.2
Tam_d08_379_a_4.jpg,Tam_379,4,revisar,area de defecto dudosa (100%),True,0.98,2,0.152,0.433,1.0
Tam_d08_379_b_4.jpg,Tam_379,4,auto,,False,0.977,0,,0.0,0.0
Tam_d08_380_a_4.jpg,Tam_380,4,auto,,False,0.978,0,,0.0,0.0
Tam_d08_380_b_4.jpg,Tam_380,4,revisar,area de defecto dudosa (100%),True,0.98,2,0.179,0.0843,1.0
Tam_d08_404_b_4.jpg,Tam_404,4,revisar,area de defecto dudosa (100%),True,0.982,4,0.152,0.6174,1.0
Tam_d08_417_a_4.jpg,Tam_417,4,revisar,area de defecto dudosa (100%),True,0.981,2,0.177,0.34,1.0
Tam_d08_417_b_4.jpg,Tam_417,4,revisar,area de defecto dudosa (100%),True,0.981,2,0.153,0.3763,1.0
Tam_d08_419_a_4.jpg,Tam_419,4,auto,,False,0.979,1,0.659,0.0412,0.0
Tam_d08_419_b_4.jpg,Tam_419,4,revisar,area de defecto dudosa (100%),True,0.978,3,0.238,0.1565,1.0
Tam_d08_427_b_4.jpg,Tam_427,4,revisar,area de defecto dudosa (100%),True,0.98,3,0.249,0.0626,1.0
Tam_d08_434_a_4.jpg,Tam_434,4,auto,,False,0.981,1,0.535,0.0944,0.0
Tam_d08_434_b_4.jpg,Tam_434,4,auto,,False,0.98,0,,0.0,0.0
Tam_d08_436_a_4.jpg,Tam_436,4,auto,,False,0.977,1,0.613,0.0533,0.0
Tam_d08_436_b_4.jpg,Tam_436,4,auto,,False,0.98,0,,0.0,0.0
Tam_d08_441_a_5.jpg,Tam_441,5,auto,,False,0.981,0,,0.0,0.0
Tam_d08_441_b_5.jpg,Tam_441,5,auto,,False,0.98,0,,0.0,0.0
Tam_d08_456_a_5.jpg,Tam_456,5,revisar,area de defecto dudosa (100%),True,0.978,1,0.182,0.3945,1.0
Tam_d08_456_b_5.jpg,Tam_456,5,revisar,area de defecto dudosa (100%),True,0.977,5,0.182,0.1066,1.0
Tam_d08_457_a_4.jpg,Tam_457,4,revisar,area de defecto dudosa (100%),True,0.979,2,0.334,0.0614,1.0
Tam_d08_457_b_4.jpg,Tam_457,4,auto,,False,0.978,0,,0.0,0.0
Tam_d08_466_a_5.jpg,Tam_466,5,auto,,False,0.977,1,0.838,0.1631,0.0
Tam_d08_466_b_5.jpg,Tam_466,5,revisar,area de defecto dudosa (100%),True,0.983,5,0.158,0.6603,1.0
Tam_d08_467_b_5.jpg,Tam_467,5,auto,,False,0.978,0,,0.0,0.0
Tam_d09_009_a_5.jpg,Tam_009,5,revisar,area de defecto dudosa (100%),True,0.977,4,0.152,0.4277,1.0
Tam_d09_009_b_5.jpg,Tam_009,5,auto,,False,0.98,0,,0.0,0.0
Tam_d09_017_a_5.jpg,Tam_017,5,auto,,False,0.978,0,,0.0,0.0
Tam_d09_017_b_5.jpg,Tam_017,5,revisar,area de defecto dudosa (100%),True,0.974,2,0.274,0.1369,1.0
Tam_d09_028_a_5.jpg,Tam_028,5,revisar,area de defecto dudosa (100%),True,0.983,1,0.483,0.0136,1.0
Tam_d09_028_b_5.jpg,Tam_028,5,revisar,area de defecto dudosa (100%),True,0.979,3,0.201,0.1679,1.0
Tam_d09_030_a_5.jpg,Tam_030,5,revisar,area de defecto dudosa (100%),True,0.977,1,0.197,0.0125,1.0
Tam_d09_030_b_5.jpg,Tam_030,5,revisar,area de defecto dudosa (100%),True,0.978,2,0.338,0.171,1.0
Tam_d09_039_a_4.jpg,Tam_039,4,revisar,area de defecto dudosa (100%),True,0.975,1,0.211,0.1392,1.0
Tam_d09_039_b_4.jpg,Tam_039,4,auto,,False,0.98,0,,0.0,0.0
Tam_d09_051_a_4.jpg,Tam_051,4,revisar,area de defecto dudosa (100%),True,0.973,1,0.3,0.0206,1.0
Tam_d09_051_b_4.jpg,Tam_051,4,auto,,False,0.978,0,,0.0,0.0
Tam_d09_053_a_5.jpg,Tam_053,5,auto,,False,0.978,0,,0.0,0.0
Tam_d09_053_b_5.jpg,Tam_053,5,revisar,area de defecto dudosa (100%),True,0.981,1,0.446,0.0345,1.0
Tam_d09_059_a_4.jpg,Tam_059,4,auto,,False,0.979,0,,0.0,0.0
Tam_d09_059_b_4.jpg,Tam_059,4,auto,,False,0.978,0,,0.0,0.0
Tam_d09_066_a_5.jpg,Tam_066,5,revisar,area de defecto dudosa (100%),True,0.983,1,0.17,0.0494,1.0
Tam_d09_066_b_5.jpg,Tam_066,5,revisar,area de defecto dudosa (100%),True,0.978,2,0.333,0.2445,1.0
Tam_d09_074_a_4.jpg,Tam_074,4,revisar,area de defecto dudosa (100%),True,0.974,1,0.437,0.0459,1.0
Tam_d09_074_b_4.jpg,Tam_074,4,revisar,area de defecto dudosa (100%),True,0.977,1,0.4,0.011,1.0
Tam_d09_102_a_4.jpg,Tam_102,4,auto,,True,0.978,0,,0.0,0.0
Tam_d09_102_b_4.jpg,Tam_102,4,auto,,False,0.98,1,0.602,0.1238,0.0
Tam_d09_105_a_4.jpg,Tam_105,4,revisar,area de defecto dudosa (63%),True,0.979,2,0.195,0.0386,0.628
Tam_d09_105_b_4.jpg,Tam_105,4,revisar,area de defecto dudosa (100%),True,0.974,2,0.155,0.0336,1.0
Tam_d09_119_a_4.jpg,Tam_119,4,revisar,area de defecto dudosa (100%),True,0.978,2,0.315,0.2424,1.0
Tam_d09_119_b_4.jpg,Tam_119,4,revisar,area de defecto dudosa (100%),True,0.978,2,0.224,0.0887,1.0
Tam_d09_121_a_4.jpg,Tam_121,4,revisar,area de defecto dudosa (100%),True,0.979,4,0.181,0.5325,1.0
Tam_d09_121_b_4.jpg,Tam_121,4,auto,,False,0.979,0,,0.0,0.0
Tam_d09_124_a_5.jpg,Tam_124,5,revisar,area de defecto dudosa (100%),True,0.977,3,0.428,0.5999,1.0
Tam_d09_124_b_5.jpg,Tam_124,5,revisar,area de defecto dudosa (100%),True,0.977,2,0.196,0.0765,1.0
Tam_d09_134_a_5.jpg,Tam_134,5,auto,,False,0.977,0,,0.0,0.0
Tam_d09_134_b_5.jpg,Tam_134,5,revisar,area de defecto dudosa (100%),True,0.98,4,0.222,0.5463,1.0
Tam_d09_142_b_5.jpg,Tam_142,5,revisar,area de defecto dudosa (100%),True,0.978,2,0.278,0.2584,1.0
Tam_d09_144_a_5.jpg,Tam_144,5,revisar,area de defecto dudosa (100%),True,0.977,3,0.254,0.3698,1.0
Tam_d09_144_b_5.jpg,Tam_144,5,revisar,area de defecto dudosa (100%),True,0.98,3,0.269,0.1211,1.0
Tam_d09_147_a_4.jpg,Tam_147,4,auto,,False,0.98,0,,0.0,0.0
Tam_d09_147_b_4.jpg,Tam_147,4,revisar,area de defecto dudosa (100%),True,0.976,3,0.157,0.0314,1.0
Tam_d09_154_a_5.jpg,Tam_154,5,auto,,False,0.979,0,,0.0,0.0
Tam_d09_154_b_5.jpg,Tam_154,5,auto,,False,0.978,0,,0.0,0.0
Tam_d09_157_a_5.jpg,Tam_157,5,revisar,area de defecto dudosa (97%),True,0.975,2,0.349,0.1837,0.974
Tam_d09_157_b_5.jpg,Tam_157,5,auto,,False,0.979,0,,0.0,0.0
Tam_d09_159_a_5.jpg,Tam_159,5,auto,,False,0.977,1,0.838,0.0791,0.0
Tam_d09_159_b_5.jpg,Tam_159,5,auto,,False,0.979,0,,0.0,0.0
Tam_d09_160_a_5.jpg,Tam_160,5,auto,,False,0.979,3,0.238,0.122,0.176
Tam_d09_160_b_5.jpg,Tam_160,5,auto,,False,0.976,0,,0.0,0.0
Tam_d09_169_a_4.jpg,Tam_169,4,auto,,False,0.981,0,,0.0,0.0
Tam_d09_169_b_4.jpg,Tam_169,4,auto,,False,0.981,0,,0.0,0.0
Tam_d09_171_a_5.jpg,Tam_171,5,auto,,False,0.981,0,,0.0,0.0
Tam_d09_171_b_5.jpg,Tam_171,5,revisar,area de defecto dudosa (100%),True,0.979,1,0.403,0.5394,1.0
Tam_d09_179_a_5.jpg,Tam_179,5,revisar,defecto rectangular; area de defecto dudosa (100%),True,0.979,2,0.177,0.583,1.0
Tam_d09_179_b_5.jpg,Tam_179,5,revisar,area de defecto dudosa (100%),True,0.976,1,0.454,0.0147,1.0
Tam_d09_182_a_5.jpg,Tam_182,5,revisar,area de defecto dudosa (100%),True,0.975,1,0.459,0.2203,1.0
Tam_d09_182_b_5.jpg,Tam_182,5,auto,,True,0.976,0,,0.0,0.0
Tam_d09_189_a_5.jpg,Tam_189,5,auto,,True,0.98,1,0.694,0.0504,0.0
Tam_d09_191_a_4.jpg,Tam_191,4,auto,,False,0.982,1,0.712,0.0312,0.0
Tam_d09_191_b_4.jpg,Tam_191,4,auto,,False,0.981,0,,0.0,0.0
Tam_d09_195_a_5.jpg,Tam_195,5,revisar,area de defecto dudosa (100%),True,0.98,4,0.189,0.432,1.0
Tam_d09_195_b_5.jpg,Tam_195,5,revisar,area de defecto dudosa (100%),True,0.979,4,0.176,0.2552,1.0
Tam_d09_198_a_4.jpg,Tam_198,4,auto,,False,0.979,0,,0.0,0.0
Tam_d09_198_b_4.jpg,Tam_198,4,revisar,area de defecto dudosa (100%),True,0.978,4,0.213,0.502,1.0
Tam_d09_200_a_4.jpg,Tam_200,4,auto,,False,0.978,1,0.779,0.0384,0.0
Tam_d09_200_b_4.jpg,Tam_200,4,auto,,False,0.976,1,0.83,0.0563,0.0
Tam_d09_205_b_5.jpg,Tam_205,5,revisar,defecto rectangular; area de defecto dudosa (100%),True,0.976,3,0.237,0.5177,1.0
Tam_d09_208_a_5.jpg,Tam_208,5,auto,,False,0.977,1,0.766,0.0612,0.0
Tam_d09_208_b_5.jpg,Tam_208,5,auto,,False,0.981,1,0.528,0.0275,0.0
Tam_d09_210_a_5.jpg,Tam_210,5,revisar,area de defecto dudosa (100%),True,0.979,1,0.168,0.011,1.0
Tam_d09_218_a_4.jpg,Tam_218,4,auto,,False,0.979,0,,0.0,0.0
Tam_d09_218_b_4.jpg,Tam_218,4,auto,,False,0.98,0,,0.0,0.0
Tam_d09_241_a_4.jpg,Tam_241,4,auto,,False,0.98,0,,0.0,0.0
Tam_d09_241_b_4.jpg,Tam_241,4,auto,,True,0.977,1,0.615,0.187,0.0
Tam_d09_242_a_4.jpg,Tam_242,4,auto,,False,0.979,0,,0.0,0.0
Tam_d09_242_b_4.jpg,Tam_242,4,auto,,False,0.983,0,,0.0,0.0
Tam_d09_246_a_5.jpg,Tam_246,5,auto,,False,0.979,2,0.629,0.0649,0.0
Tam_d09_246_b_5.jpg,Tam_246,5,revisar,defecto rectangular; area de defecto dudosa (100%),True,0.976,3,0.154,0.8173,1.0
Tam_d09_247_a_5.jpg,Tam_247,5,revisar,area de defecto dudosa (100%),True,0.976,4,0.176,0.1456,1.0
Tam_d09_247_b_5.jpg,Tam_247,5,revisar,area de defecto dudosa (100%),True,0.983,2,0.395,0.0966,1.0
Tam_d09_248_a_5.jpg,Tam_248,5,revisar,area de defecto dudosa (100%),True,0.982,1,0.236,0.434,1.0
Tam_d09_248_b_5.jpg,Tam_248,5,auto,,False,0.982,0,,0.0,0.0
Tam_d09_249_a_4.jpg,Tam_249,4,auto,,False,0.969,1,0.656,0.0919,0.0
Tam_d09_251_a_5.jpg,Tam_251,5,auto,,False,0.974,1,0.627,0.1224,0.0
Tam_d09_251_b_5.jpg,Tam_251,5,revisar,area de defecto dudosa (100%),True,0.981,3,0.163,0.2243,1.0
Tam_d09_257_a_5.jpg,Tam_257,5,auto,,False,0.979,1,0.657,0.1248,0.0
Tam_d09_257_b_5.jpg,Tam_257,5,revisar,area de defecto dudosa (100%),True,0.981,2,0.179,0.1103,1.0
Tam_d09_261_a_5.jpg,Tam_261,5,auto,,False,0.982,0,,0.0,0.0
Tam_d09_261_b_5.jpg,Tam_261,5,revisar,area de defecto dudosa (100%),True,0.981,2,0.154,0.6388,1.0
Tam_d09_270_b_5.jpg,Tam_270,5,revisar,defecto rectangular; area de defecto dudosa (100%),True,0.98,1,0.216,0.4122,1.0
Tam_d09_273_a_4.jpg,Tam_273,4,auto,,False,0.978,1,0.675,0.1191,0.0
Tam_d09_273_b_4.jpg,Tam_273,4,revisar,area de defecto dudosa (97%),True,0.975,2,0.449,0.0718,0.973
Tam_d09_278_a_5.jpg,Tam_278,5,auto,,False,0.98,0,,0.0,0.0
Tam_d09_278_b_5.jpg,Tam_278,5,auto,,False,0.979,0,,0.0,0.0
Tam_d09_280_a_4.jpg,Tam_280,4,auto,,False,0.979,0,,0.0,0.0
Tam_d09_280_b_4.jpg,Tam_280,4,auto,,False,0.98,0,,0.0,0.0
Tam_d09_285_b_4.jpg,Tam_285,4,revisar,area de defecto dudosa (100%),True,0.978,2,0.293,0.2058,1.0
Tam_d09_297_a_4.jpg,Tam_297,4,revisar,area de defecto dudosa (100%),True,0.976,2,0.222,0.0536,1.0
Tam_d09_297_b_4.jpg,Tam_297,4,revisar,area de defecto dudosa (100%),True,0.968,3,0.155,0.0872,1.0
Tam_d09_299_a_4.jpg,Tam_299,4,auto,,False,0.98,1,0.8,0.0865,0.0
Tam_d09_299_b_4.jpg,Tam_299,4,auto,,False,0.979,0,,0.0,0.0
Tam_d09_302_a_5.jpg,Tam_302,5,revisar,area de defecto dudosa (100%),True,0.979,2,0.195,0.4747,1.0
Tam_d09_303_a_4.jpg,Tam_303,4,revisar,area de defecto dudosa (100%),True,0.98,1,0.233,0.0111,1.0
Tam_d09_303_b_4.jpg,Tam_303,4,revisar,area de defecto dudosa (100%),True,0.979,2,0.22,0.0248,1.0
Tam_d09_304_b_5.jpg,Tam_304,5,auto,,False,0.981,0,,0.0,0.0
Tam_d09_307_a_5.jpg,Tam_307,5,auto,,False,0.981,0,,0.0,0.0
Tam_d09_307_b_5.jpg,Tam_307,5,auto,,False,0.978,1,0.621,0.0605,0.0
Tam_d09_308_a_5.jpg,Tam_308,5,revisar,area de defecto dudosa (100%),True,0.98,4,0.175,0.1622,1.0
Tam_d09_308_b_5.jpg,Tam_308,5,auto,,False,0.978,1,0.728,0.0658,0.0
Tam_d09_312_a_4.jpg,Tam_312,4,revisar,area de defecto dudosa (100%),True,0.981,1,0.239,0.0169,1.0
Tam_d09_312_b_4.jpg,Tam_312,4,auto,,True,0.98,0,,0.0,0.0
Tam_d09_318_a_4.jpg,Tam_318,4,revisar,area de defecto dudosa (53%),True,0.982,2,0.187,0.0393,0.525
Tam_d09_318_b_4.jpg,Tam_318,4,revisar,area de defecto dudosa (100%),True,0.982,5,0.157,0.2343,1.0
Tam_d09_319_a_4.jpg,Tam_319,4,auto,,False,0.981,1,0.592,0.0259,0.0
Tam_d09_319_b_4.jpg,Tam_319,4,revisar,area de defecto dudosa (100%),True,0.981,2,0.293,0.6716,1.0
Tam_d09_323_a_5.jpg,Tam_323,5,auto,,False,0.98,0,,0.0,0.0
Tam_d09_323_b_5.jpg,Tam_323,5,auto,,False,0.981,3,0.156,0.4846,0.142
Tam_d09_329_a_5.jpg,Tam_329,5,revisar,area de defecto dudosa (100%),True,0.969,2,0.42,0.2068,1.0
Tam_d09_329_b_5.jpg,Tam_329,5,auto,,False,0.978,0,,0.0,0.0
Tam_d09_335_a_4.jpg,Tam_335,4,auto,,False,0.981,1,0.532,0.1192,0.0
Tam_d09_335_b_4.jpg,Tam_335,4,revisar,area de defecto dudosa (100%),True,0.98,4,0.165,0.1439,1.0
Tam_d09_342_a_4.jpg,Tam_342,4,revisar,area de defecto dudosa (100%),True,0.976,2,0.153,0.5622,1.0
Tam_d09_342_b_4.jpg,Tam_342,4,auto,,False,0.977,0,,0.0,0.0
Tam_d09_343_a_5.jpg,Tam_343,5,auto,,False,0.982,0,,0.0,0.0
Tam_d09_343_b_5.jpg,Tam_343,5,revisar,area de defecto dudosa (100%),True,0.98,2,0.289,0.3675,1.0
Tam_d09_348_a_4.jpg,Tam_348,4,auto,,False,0.981,0,,0.0,0.0
Tam_d09_348_b_4.jpg,Tam_348,4,auto,,False,0.978,1,0.594,0.0181,0.0
Tam_d09_356_a_5.jpg,Tam_356,5,auto,,False,0.976,1,0.603,0.2284,0.0
Tam_d09_356_b_5.jpg,Tam_356,5,revisar,area de defecto dudosa (100%),True,0.976,1,0.16,0.0596,1.0
Tam_d09_370_a_4.jpg,Tam_370,4,auto,,False,0.979,1,0.706,0.0424,0.0
Tam_d09_370_b_4.jpg,Tam_370,4,revisar,area de defecto dudosa (100%),True,0.979,4,0.156,0.2363,1.0
Tam_d09_379_a_5.jpg,Tam_379,5,revisar,area de defecto dudosa (100%),True,0.982,2,0.167,0.4639,1.0
Tam_d09_379_b_5.jpg,Tam_379,5,auto,,False,0.976,0,,0.0,0.0
Tam_d09_380_a_4.jpg,Tam_380,4,auto,,False,0.979,0,,0.0,0.0
Tam_d09_380_b_4.jpg,Tam_380,4,auto,,False,0.981,2,0.37,0.0275,0.295
Tam_d09_404_b_5.jpg,Tam_404,5,revisar,area de defecto dudosa (100%),True,0.983,4,0.154,0.8258,1.0
Tam_d09_417_a_5.jpg,Tam_417,5,auto,,False,0.978,1,0.51,0.0482,0.0
Tam_d09_417_b_5.jpg,Tam_417,5,revisar,area de defecto dudosa (100%),True,0.982,5,0.159,0.7511,1.0
Tam_d09_419_a_5.jpg,Tam_419,5,auto,,False,0.978,1,0.658,0.0389,0.0
Tam_d09_419_b_5.jpg,Tam_419,5,revisar,area de defecto dudosa (88%),True,0.976,5,0.183,0.1153,0.876
Tam_d09_427_a_5.jpg,Tam_427,5,auto,,False,0.978,1,0.708,0.0387,0.0
Tam_d09_427_b_5.jpg,Tam_427,5,revisar,area de defecto dudosa (100%),True,0.98,4,0.216,0.297,1.0
Tam_d09_434_a_5.jpg,Tam_434,5,revisar,area de defecto dudosa (100%),True,0.98,2,0.267,0.1115,1.0
Tam_d09_434_b_5.jpg,Tam_434,5,auto,,False,0.979,0,,0.0,0.0
Tam_d09_436_a_5.jpg,Tam_436,5,auto,,False,0.973,1,0.606,0.0573,0.0
Tam_d09_436_b_5.jpg,Tam_436,5,auto,,False,0.974,0,,0.0,0.0
Tam_d09_441_a_5.jpg,Tam_441,5,auto,,False,0.979,0,,0.0,0.0
Tam_d09_441_b_5.jpg,Tam_441,5,auto,,False,0.98,0,,0.0,0.0
Tam_d09_456_a_5.jpg,Tam_456,5,auto,,False,0.982,0,,0.0,0.0
Tam_d09_456_b_5.jpg,Tam_456,5,revisar,area de defecto dudosa (100%),True,0.976,5,0.2,0.1155,1.0
Tam_d09_457_a_5.jpg,Tam_457,5,revisar,area de defecto dudosa (100%),True,0.979,2,0.334,0.1015,1.0
Tam_d09_457_b_5.jpg,Tam_457,5,revisar,defecto rectangular; area de defecto dudosa (100%),True,0.984,1,0.152,0.4532,1.0
Tam_d09_466_a_5.jpg,Tam_466,5,auto,,False,0.977,1,0.827,0.133,0.0
Tam_d09_466_b_5.jpg,Tam_466,5,revisar,area de defecto dudosa (99%),True,0.983,3,0.288,0.234,0.994
Tam_d09_467_a_5.jpg,Tam_467,5,auto,,False,0.973,1,0.507,0.1078,0.0
Tam_d09_467_b_5.jpg,Tam_467,5,auto,,False,0.976,0,,0.0,0.0
Tam_d10_009_a_5.jpg,Tam_009,5,revisar,area de defecto dudosa (100%),True,0.977,3,0.231,0.3472,1.0
Tam_d10_017_a_5.jpg,Tam_017,5,auto,,False,0.979,0,,0.0,0.0
Tam_d10_017_b_5.jpg,Tam_017,5,revisar,area de defecto dudosa (59%),True,0.982,4,0.209,0.067,0.589
Tam_d10_028_a_5.jpg,Tam_028,5,revisar,area de defecto dudosa (100%),True,0.983,1,0.488,0.0149,1.0
Tam_d10_028_b_5.jpg,Tam_028,5,auto,,False,0.98,1,0.584,0.0326,0.0
Tam_d10_030_a_5.jpg,Tam_030,5,revisar,area de defecto dudosa (100%),True,0.977,2,0.153,0.1134,1.0
Tam_d10_030_b_5.jpg,Tam_030,5,revisar,area de defecto dudosa (100%),True,0.976,2,0.166,0.1278,1.0
Tam_d10_039_a_5.jpg,Tam_039,5,revisar,area de defecto dudosa (100%),True,0.975,3,0.182,0.1803,1.0
Tam_d10_039_b_5.jpg,Tam_039,5,auto,,False,0.978,0,,0.0,0.0
Tam_d10_051_a_5.jpg,Tam_051,5,revisar,area de defecto dudosa (100%),True,0.979,2,0.218,0.0347,1.0
Tam_d10_051_b_5.jpg,Tam_051,5,auto,,False,0.978,0,,0.0,0.0
Tam_d10_053_a_5.jpg,Tam_053,5,revisar,area de defecto dudosa (100%),True,0.979,2,0.215,0.0327,1.0
Tam_d10_053_b_5.jpg,Tam_053,5,revisar,area de defecto dudosa (100%),True,0.98,1,0.437,0.0363,1.0
Tam_d10_059_b_5.jpg,Tam_059,5,auto,,False,0.982,0,,0.0,0.0
Tam_d10_066_a_5.jpg,Tam_066,5,revisar,area de defecto dudosa (100%),True,0.979,3,0.153,0.1108,1.0
Tam_d10_066_b_5.jpg,Tam_066,5,revisar,area de defecto dudosa (100%),True,0.979,2,0.262,0.2156,1.0
Tam_d10_074_a_5.jpg,Tam_074,5,revisar,area de defecto dudosa (100%),True,0.975,2,0.195,0.0395,1.0
Tam_d10_074_b_5.jpg,Tam_074,5,revisar,area de defecto dudosa (100%),True,0.979,2,0.198,0.0178,1.0
Tam_d10_102_b_5.jpg,Tam_102,5,auto,,False,0.978,1,0.664,0.107,0.0
Tam_d10_105_a_5.jpg,Tam_105,5,revisar,area de defecto dudosa (100%),True,0.976,2,0.25,0.0138,1.0
Tam_d10_105_b_5.jpg,Tam_105,5,revisar,area de defecto dudosa (100%),True,0.976,4,0.152,0.0404,1.0
Tam_d10_119_a_5.jpg,Tam_119,5,revisar,area de defecto dudosa (100%),True,0.977,3,0.278,0.1854,1.0
Tam_d10_119_b_5.jpg,Tam_119,5,revisar,area de defecto dudosa (100%),True,0.976,2,0.199,0.0547,1.0
Tam_d10_121_a_5.jpg,Tam_121,5,revisar,area de defecto dudosa (100%),True,0.98,2,0.311,0.439,1.0
Tam_d10_124_a_5.jpg,Tam_124,5,revisar,area de defecto dudosa (100%),True,0.98,2,0.458,0.407,1.0
Tam_d10_124_b_5.jpg,Tam_124,5,revisar,area de defecto dudosa (100%),True,0.976,1,0.488,0.0598,1.0
Tam_d10_134_a_5.jpg,Tam_134,5,revisar,area de defecto dudosa (100%),True,0.981,1,0.155,0.4698,1.0
Tam_d10_134_b_5.jpg,Tam_134,5,revisar,area de defecto dudosa (100%),True,0.977,5,0.152,0.9134,1.0
Tam_d10_142_a_5.jpg,Tam_142,5,auto,,False,0.978,0,,0.0,0.0
Tam_d10_142_b_5.jpg,Tam_142,5,revisar,area de defecto dudosa (100%),True,0.978,2,0.178,0.1342,1.0
Tam_d10_144_a_5.jpg,Tam_144,5,revisar,area de defecto dudosa (100%),True,0.979,2,0.164,0.3041,1.0
Tam_d10_144_b_5.jpg,Tam_144,5,revisar,area de defecto dudosa (100%),True,0.981,3,0.191,0.1443,1.0
Tam_d10_147_a_5.jpg,Tam_147,5,auto,,False,0.977,0,,0.0,0.0
Tam_d10_147_b_5.jpg,Tam_147,5,revisar,area de defecto dudosa (100%),True,0.977,3,0.335,0.04,1.0
Tam_d10_154_a_5.jpg,Tam_154,5,auto,,False,0.981,0,,0.0,0.0
Tam_d10_154_b_5.jpg,Tam_154,5,auto,,False,0.98,0,,0.0,0.0
Tam_d10_157_a_5.jpg,Tam_157,5,revisar,area de defecto dudosa (99%),True,0.978,2,0.263,0.1995,0.992
Tam_d10_157_b_5.jpg,Tam_157,5,revisar,area de defecto dudosa (100%),True,0.979,1,0.199,0.0186,1.0
Tam_d10_159_a_5.jpg,Tam_159,5,auto,,False,0.978,1,0.822,0.0821,0.0
Tam_d10_159_b_5.jpg,Tam_159,5,auto,,False,0.982,0,,0.0,0.0
Tam_d10_160_a_5.jpg,Tam_160,5,auto,,False,0.978,2,0.312,0.1154,0.184
Tam_d10_160_b_5.jpg,Tam_160,5,revisar,area de defecto dudosa (100%),True,0.981,1,0.261,0.0575,1.0
Tam_d10_169_a_5.jpg,Tam_169,5,auto,,False,0.979,0,,0.0,0.0
Tam_d10_169_b_5.jpg,Tam_169,5,auto,,False,0.982,0,,0.0,0.0
Tam_d10_171_a_5.jpg,Tam_171,5,auto,,False,0.981,0,,0.0,0.0
Tam_d10_171_b_5.jpg,Tam_171,5,auto,,False,0.984,1,0.65,0.3804,0.0
Tam_d10_179_a_5.jpg,Tam_179,5,revisar,area de defecto dudosa (100%),True,0.98,1,0.391,0.503,1.0
Tam_d10_179_b_5.jpg,Tam_179,5,revisar,area de defecto dudosa (100%),True,0.976,3,0.205,0.0661,1.0
Tam_d10_182_a_5.jpg,Tam_182,5,revisar,area de defecto dudosa (100%),True,0.977,2,0.185,0.1192,1.0
Tam_d10_182_b_5.jpg,Tam_182,5,revisar,area de defecto dudosa (100%),True,0.973,1,0.179,0.31,1.0
Tam_d10_189_a_5.jpg,Tam_189,5,revisar,area de defecto dudosa (99%),True,0.98,2,0.188,0.034,0.985
Tam_d10_189_b_5.jpg,Tam_189,5,auto,,False,0.981,0,,0.0,0.0
Tam_d10_191_a_5.jpg,Tam_191,5,auto,,False,0.978,1,0.681,0.0291,0.0
Tam_d10_191_b_5.jpg,Tam_191,5,auto,,False,0.98,0,,0.0,0.0
Tam_d10_195_a_5.jpg,Tam_195,5,revisar,area de defecto dudosa (100%),True,0.978,3,0.186,0.5436,1.0
Tam_d10_195_b_5.jpg,Tam_195,5,revisar,area de defecto dudosa (100%),True,0.98,3,0.154,0.243,1.0
Tam_d10_198_a_5.jpg,Tam_198,5,auto,,False,0.978,0,,0.0,0.0
Tam_d10_198_b_5.jpg,Tam_198,5,revisar,area de defecto dudosa (100%),True,0.978,4,0.158,0.2626,1.0
Tam_d10_200_b_5.jpg,Tam_200,5,auto,,False,0.976,2,0.21,0.0538,0.348
Tam_d10_205_a_5.jpg,Tam_205,5,auto,,False,0.983,2,0.417,0.0599,0.328
Tam_d10_205_b_5.jpg,Tam_205,5,revisar,defecto rectangular; defecto rectangular; area de defecto dudosa (100%),True,0.982,4,0.172,0.6215,1.0
Tam_d10_208_a_5.jpg,Tam_208,5,auto,,False,0.976,1,0.742,0.052,0.0
Tam_d10_208_b_5.jpg,Tam_208,5,auto,,True,0.98,1,0.527,0.0269,0.0
Tam_d10_210_a_5.jpg,Tam_210,5,revisar,area de defecto dudosa (100%),True,0.982,1,0.287,0.0112,1.0
Tam_d10_210_b_5.jpg,Tam_210,5,revisar,area de defecto dudosa (100%),True,0.976,4,0.25,0.0684,1.0
Tam_d10_218_a_5.jpg,Tam_218,5,auto,,False,0.976,0,,0.0,0.0
Tam_d10_218_b_5.jpg,Tam_218,5,auto,,False,0.979,0,,0.0,0.0
Tam_d10_242_a_5.jpg,Tam_242,5,auto,,False,0.979,0,,0.0,0.0
Tam_d10_242_b_5.jpg,Tam_242,5,auto,,False,0.977,0,,0.0,0.0
Tam_d10_246_a_5.jpg,Tam_246,5,revisar,area de defecto dudosa (54%),True,0.979,3,0.213,0.076,0.544
Tam_d10_246_b_5.jpg,Tam_246,5,revisar,area de defecto dudosa (100%),True,0.976,3,0.192,0.4393,1.0
Tam_d10_247_a_5.jpg,Tam_247,5,revisar,area de defecto dudosa (98%),True,0.976,2,0.201,0.0893,0.983
Tam_d10_247_b_5.jpg,Tam_247,5,auto,,False,0.978,1,0.699,0.109,0.0
Tam_d10_248_a_5.jpg,Tam_248,5,revisar,defecto rectangular; area de defecto dudosa (100%),True,0.978,1,0.201,0.3495,1.0
Tam_d10_248_b_5.jpg,Tam_248,5,auto,,False,0.976,0,,0.0,0.0
Tam_d10_251_a_5.jpg,Tam_251,5,auto,,False,0.979,1,0.667,0.1202,0.0
Tam_d10_251_b_5.jpg,Tam_251,5,revisar,area de defecto dudosa (100%),True,0.977,2,0.269,0.2279,1.0
Tam_d10_257_a_5.jpg,Tam_257,5,auto,,False,0.978,1,0.695,0.1271,0.0
Tam_d10_257_b_5.jpg,Tam_257,5,revisar,area de defecto dudosa (100%),True,0.981,3,0.187,0.0938,1.0
Tam_d10_261_a_5.jpg,Tam_261,5,auto,,False,0.981,0,,0.0,0.0
Tam_d10_261_b_5.jpg,Tam_261,5,revisar,area de defecto dudosa (100%),True,0.979,3,0.151,0.7623,1.0
Tam_d10_270_a_5.jpg,Tam_270,5,revisar,area de defecto dudosa (100%),True,0.984,1,0.158,0.3185,1.0
Tam_d10_270_b_5.jpg,Tam_270,5,revisar,area de defecto dudosa (100%),True,0.979,2,0.168,0.6094,1.0
Tam_d10_273_a_5.jpg,Tam_273,5,auto,,False,0.978,1,0.674,0.1183,0.0
Tam_d10_273_b_5.jpg,Tam_273,5,auto,,False,0.981,1,0.833,0.067,0.0
Tam_d10_278_a_5.jpg,Tam_278,5,auto,,False,0.976,0,,0.0,0.0
Tam_d10_278_b_5.jpg,Tam_278,5,auto,,False,0.979,0,,0.0,0.0
Tam_d10_280_a_5.jpg,Tam_280,5,auto,,False,0.981,0,,0.0,0.0
Tam_d10_280_b_5.jpg,Tam_280,5,auto,,False,0.978,0,,0.0,0.0
Tam_d10_285_a_5.jpg,Tam_285,5,auto,,False,0.976,1,0.686,0.0248,0.0
Tam_d10_285_b_5.jpg,Tam_285,5,revisar,defecto rectangular; area de defecto dudosa (100%),True,0.975,3,0.175,0.1905,1.0
Tam_d10_297_a_5.jpg,Tam_297,5,revisar,area de defecto dudosa (100%),True,0.976,1,0.249,0.024,1.0
Tam_d10_299_b_5.jpg,Tam_299,5,auto,,False,0.98,0,,0.0,0.0
Tam_d10_302_a_5.jpg,Tam_302,5,revisar,area de defecto dudosa (100%),True,0.981,3,0.19,0.2382,1.0
Tam_d10_302_b_5.jpg,Tam_302,5,auto,,False,0.982,2,0.21,0.0322,0.274
Tam_d10_303_a_5.jpg,Tam_303,5,revisar,area de defecto dudosa (100%),True,0.978,2,0.158,0.015,1.0
Tam_d10_303_b_5.jpg,Tam_303,5,auto,,False,0.976,1,0.574,0.0215,0.0
Tam_d10_307_a_5.jpg,Tam_307,5,auto,,False,0.982,0,,0.0,0.0
Tam_d10_307_b_5.jpg,Tam_307,5,auto,,False,0.98,1,0.725,0.1029,0.0
Tam_d10_308_a_5.jpg,Tam_308,5,revisar,area de defecto dudosa (100%),True,0.978,3,0.152,0.114,1.0
Tam_d10_308_b_5.jpg,Tam_308,5,auto,,False,0.98,1,0.781,0.0759,0.0
Tam_d10_312_a_5.jpg,Tam_312,5,revisar,area de defecto dudosa (100%),True,0.979,1,0.226,0.0123,1.0
Tam_d10_312_b_5.jpg,Tam_312,5,auto,,False,0.979,0,,0.0,0.0
Tam_d10_318_a_5.jpg,Tam_318,5,auto,,False,0.978,1,0.686,0.0195,0.0
Tam_d10_318_b_5.jpg,Tam_318,5,revisar,area de defecto dudosa (100%),True,0.979,1,0.454,0.1087,1.0
Tam_d10_319_a_5.jpg,Tam_319,5,auto,,False,0.981,1,0.628,0.0224,0.0
Tam_d10_319_b_5.jpg,Tam_319,5,revisar,defecto rectangular; area de defecto dudosa (100%),True,0.983,4,0.178,0.626,1.0
Tam_d10_323_a_5.jpg,Tam_323,5,auto,,False,0.977,0,,0.0,0.0
Tam_d10_323_b_5.jpg,Tam_323,5,auto,,False,0.978,2,0.335,0.4708,0.085
Tam_d10_329_a_5.jpg,Tam_329,5,revisar,area de defecto dudosa (100%),True,0.973,2,0.426,0.212,0.998
Tam_d10_329_b_5.jpg,Tam_329,5,auto,,False,0.978,0,,0.0,0.0
Tam_d10_335_a_5.jpg,Tam_335,5,auto,,False,0.98,1,0.615,0.1175,0.0
Tam_d10_335_b_5.jpg,Tam_335,5,revisar,area de defecto dudosa (100%),True,0.979,1,0.469,0.0353,1.0
Tam_d10_342_a_5.jpg,Tam_342,5,revisar,area de defecto dudosa (100%),True,0.98,2,0.162,0.5361,1.0
Tam_d10_342_b_5.jpg,Tam_342,5,auto,,False,0.978,0,,0.0,0.0
Tam_d10_343_a_5.jpg,Tam_343,5,auto,,False,0.979,0,,0.0,0.0
Tam_d10_343_b_5.jpg,Tam_343,5,revisar,area de defecto dudosa (100%),True,0.983,3,0.199,0.551,1.0
Tam_d10_348_a_5.jpg,Tam_348,5,auto,,False,0.976,0,,0.0,0.0
Tam_d10_348_b_5.jpg,Tam_348,5,revisar,area de defecto dudosa (100%),True,0.98,3,0.268,0.0412,1.0
Tam_d10_356_a_5.jpg,Tam_356,5,auto,,False,0.979,1,0.562,0.2408,0.0
Tam_d10_356_b_5.jpg,Tam_356,5,revisar,area de defecto dudosa (100%),True,0.977,2,0.364,0.0388,1.0
Tam_d10_370_a_5.jpg,Tam_370,5,auto,,False,0.976,1,0.732,0.0479,0.0
Tam_d10_370_b_5.jpg,Tam_370,5,auto,,False,0.976,2,0.508,0.106,0.0
Tam_d10_379_b_5.jpg,Tam_379,5,auto,,False,0.977,0,,0.0,0.0
Tam_d10_380_a_5.jpg,Tam_380,5,auto,,False,0.974,0,,0.0,0.0
Tam_d10_380_b_5.jpg,Tam_380,5,revisar,area de defecto dudosa (76%),True,0.981,3,0.187,0.08,0.764
Tam_d10_404_a_5.jpg,Tam_404,5,auto,,False,0.976,1,0.645,0.1242,0.0
Tam_d10_404_b_5.jpg,Tam_404,5,revisar,area de defecto dudosa (100%),True,0.979,4,0.166,0.8128,1.0
Tam_d10_417_a_5.jpg,Tam_417,5,auto,,False,0.979,0,,0.0,0.0
Tam_d10_419_a_5.jpg,Tam_419,5,auto,,False,0.98,1,0.659,0.0289,0.0
Tam_d10_419_b_5.jpg,Tam_419,5,revisar,area de defecto dudosa (100%),True,0.977,5,0.196,0.1233,1.0
Tam_d10_427_a_5.jpg,Tam_427,5,auto,,True,0.977,1,0.775,0.032,0.0
Tam_d10_427_b_5.jpg,Tam_427,5,revisar,area de defecto dudosa (99%),True,0.976,2,0.383,0.0801,0.994
Tam_d10_434_a_5.jpg,Tam_434,5,revisar,area de defecto dudosa (100%),True,0.981,1,0.451,0.1044,1.0
Tam_d10_434_b_5.jpg,Tam_434,5,auto,,False,0.982,0,,0.0,0.0
Tam_d10_436_a_5.jpg,Tam_436,5,revisar,area de defecto dudosa (99%),True,0.974,2,0.161,0.0588,0.994
Tam_d10_436_b_5.jpg,Tam_436,5,revisar,area de defecto dudosa (100%),True,0.98,1,0.356,0.015,1.0
Tam_d10_441_a_5.jpg,Tam_441,5,auto,,False,0.977,0,,0.0,0.0
Tam_d10_441_b_5.jpg,Tam_441,5,auto,,False,0.978,0,,0.0,0.0
Tam_d10_456_a_5.jpg,Tam_456,5,revisar,area de defecto dudosa (100%),True,0.975,3,0.224,0.056,1.0
Tam_d10_456_b_5.jpg,Tam_456,5,auto,,False,0.978,1,0.69,0.0353,0.0
Tam_d10_457_a_5.jpg,Tam_457,5,revisar,area de defecto dudosa (100%),True,0.978,2,0.446,0.0649,1.0
Tam_d10_457_b_5.jpg,Tam_457,5,auto,,False,0.981,0,,0.0,0.0
Tam_d10_466_a_5.jpg,Tam_466,5,auto,,False,0.982,1,0.825,0.1471,0.0
Tam_d10_466_b_5.jpg,Tam_466,5,revisar,area de defecto dudosa (100%),True,0.982,5,0.155,0.4434,0.996
Tam_d10_467_a_5.jpg,Tam_467,5,auto,,False,0.969,1,0.596,0.1105,0.0
Tam_d10_467_b_5.jpg,Tam_467,5,auto,,False,0.978,0,,0.0,0.0
Tam_d11_009_a_5.jpg,Tam_009,5,revisar,area de defecto dudosa (100%),True,0.978,4,0.155,0.4431,1.0
Tam_d11_009_b_5.jpg,Tam_009,5,auto,,False,0.977,0,,0.0,0.0
Tam_d11_017_a_5.jpg,Tam_017,5,auto,,False,0.98,0,,0.0,0.0
Tam_d11_017_b_5.jpg,Tam_017,5,revisar,area de defecto dudosa (76%),True,0.981,3,0.308,0.1034,0.759
Tam_d11_028_a_5.jpg,Tam_028,5,auto,,True,0.981,1,0.529,0.0152,0.0
Tam_d11_028_b_5.jpg,Tam_028,5,auto,,False,0.982,1,0.615,0.037,0.0
Tam_d11_030_a_5.jpg,Tam_030,5,revisar,area de defecto dudosa (100%),True,0.976,1,0.232,0.0108,1.0
Tam_d11_030_b_5.jpg,Tam_030,5,revisar,area de defecto dudosa (100%),True,0.977,2,0.197,0.1355,1.0
Tam_d11_039_a_5.jpg,Tam_039,5,revisar,area de defecto dudosa (100%),True,0.974,2,0.172,0.1223,1.0
Tam_d11_039_b_5.jpg,Tam_039,5,auto,,False,0.977,0,,0.0,0.0
Tam_d11_051_a_5.jpg,Tam_051,5,auto,,False,0.977,1,0.536,0.0282,0.0
Tam_d11_053_a_5.jpg,Tam_053,5,revisar,area de defecto dudosa (100%),True,0.978,1,0.373,0.0139,1.0
Tam_d11_053_b_5.jpg,Tam_053,5,auto,,False,0.979,1,0.506,0.0322,0.0
Tam_d11_059_a_5.jpg,Tam_059,5,auto,,False,0.979,0,,0.0,0.0
Tam_d11_059_b_5.jpg,Tam_059,5,auto,,True,0.982,0,,0.0,0.0
Tam_d11_066_a_5.jpg,Tam_066,5,revisar,area de defecto dudosa (100%),True,0.979,2,0.156,0.336,1.0
Tam_d11_066_b_5.jpg,Tam_066,5,revisar,area de defecto dudosa (100%),True,0.979,2,0.328,0.203,1.0
Tam_d11_074_b_5.jpg,Tam_074,5,revisar,area de defecto dudosa (100%),True,0.98,2,0.172,0.0116,1.0
Tam_d11_102_a_5.jpg,Tam_102,5,auto,,False,0.978,0,,0.0,0.0
Tam_d11_102_b_5.jpg,Tam_102,5,auto,,False,0.977,1,0.684,0.1201,0.0
Tam_d11_105_a_5.jpg,Tam_105,5,revisar,area de defecto dudosa (100%),True,0.978,2,0.188,0.0225,1.0
Tam_d11_105_b_5.jpg,Tam_105,5,auto,,False,0.978,0,,0.0,0.0
Tam_d11_119_a_5.jpg,Tam_119,5,revisar,area de defecto dudosa (100%),True,0.974,2,0.475,0.171,1.0
Tam_d11_119_b_5.jpg,Tam_119,5,revisar,area de defecto dudosa (100%),True,0.977,2,0.157,0.0849,1.0
Tam_d11_121_a_5.jpg,Tam_121,5,revisar,area de defecto dudosa (100%),True,0.982,2,0.33,0.3688,1.0
Tam_d11_121_b_5.jpg,Tam_121,5,revisar,area de defecto dudosa (100%),True,0.979,1,0.25,0.015,1.0
Tam_d11_124_a_5.jpg,Tam_124,5,revisar,area de defecto dudosa (100%),True,0.979,2,0.477,0.4002,1.0
Tam_d11_134_a_5.jpg,Tam_134,5,revisar,area de defecto dudosa (100%),True,0.98,1,0.171,0.3078,1.0
Tam_d11_134_b_5.jpg,Tam_134,5,revisar,area de defecto dudosa (100%),True,0.981,4,0.183,0.7225,1.0
Tam_d11_142_a_5.jpg,Tam_142,5,auto,,False,0.976,0,,0.0,0.0
Tam_d11_142_b_5.jpg,Tam_142,5,revisar,area de defecto dudosa (100%),True,0.98,2,0.164,0.2255,1.0
Tam_d11_144_a_5.jpg,Tam_144,5,revisar,area de defecto dudosa (100%),True,0.981,3,0.212,0.3255,1.0
Tam_d11_144_b_5.jpg,Tam_144,5,revisar,area de defecto dudosa (100%),True,0.981,3,0.168,0.1063,1.0
Tam_d11_147_a_5.jpg,Tam_147,5,revisar,area de defecto dudosa (100%),True,0.976,1,0.166,0.0246,1.0
Tam_d11_147_b_5.jpg,Tam_147,5,revisar,area de defecto dudosa (100%),True,0.976,4,0.153,0.0295,1.0
Tam_d11_154_a_5.jpg,Tam_154,5,auto,,False,0.977,0,,0.0,0.0
Tam_d11_154_b_5.jpg,Tam_154,5,auto,,False,0.981,0,,0.0,0.0
Tam_d11_157_a_5.jpg,Tam_157,5,revisar,area de defecto dudosa (76%),True,0.974,2,0.335,0.198,0.761
Tam_d11_157_b_5.jpg,Tam_157,5,auto,,False,0.977,0,,0.0,0.0
Tam_d11_159_a_5.jpg,Tam_159,5,auto,,False,0.977,1,0.855,0.077,0.0
Tam_d11_159_b_5.jpg,Tam_159,5,auto,,True,0.981,0,,0.0,0.0
Tam_d11_160_a_5.jpg,Tam_160,5,auto,,False,0.977,3,0.187,0.118,0.2
Tam_d11_160_b_5.jpg,Tam_160,5,revisar,area de defecto dudosa (100%),True,0.974,1,0.257,0.0348,1.0
Tam_d11_169_a_5.jpg,Tam_169,5,auto,,False,0.977,0,,0.0,0.0
Tam_d11_169_b_5.jpg,Tam_169,5,auto,,False,0.981,0,,0.0,0.0
Tam_d11_171_a_5.jpg,Tam_171,5,auto,,False,0.98,0,,0.0,0.0
Tam_d11_171_b_5.jpg,Tam_171,5,auto,,False,0.981,1,0.614,0.4778,0.0
Tam_d11_179_a_5.jpg,Tam_179,5,revisar,area de defecto dudosa (100%),True,0.975,1,0.409,0.4564,1.0
Tam_d11_182_a_5.jpg,Tam_182,5,revisar,area de defecto dudosa (100%),True,0.979,1,0.48,0.2704,1.0
Tam_d11_182_b_5.jpg,Tam_182,5,auto,,False,0.978,0,,0.0,0.0
Tam_d11_189_a_5.jpg,Tam_189,5,auto,,False,0.978,1,0.731,0.0409,0.0
Tam_d11_189_b_5.jpg,Tam_189,5,auto,,False,0.977,0,,0.0,0.0
Tam_d11_191_a_5.jpg,Tam_191,5,revisar,area de defecto dudosa (100%),True,0.978,2,0.169,0.036,1.0
Tam_d11_191_b_5.jpg,Tam_191,5,revisar,area de defecto dudosa (100%),True,0.978,1,0.17,0.3401,1.0
Tam_d11_195_a_5.jpg,Tam_195,5,revisar,area de defecto dudosa (100%),True,0.981,3,0.226,0.275,1.0
Tam_d11_195_b_5.jpg,Tam_195,5,revisar,area de defecto dudosa (100%),True,0.982,2,0.153,0.3742,1.0
Tam_d11_198_a_5.jpg,Tam_198,5,auto,,False,0.979,0,,0.0,0.0
Tam_d11_198_b_5.jpg,Tam_198,5,revisar,area de defecto dudosa (100%),True,0.977,5,0.176,0.5576,1.0
Tam_d11_200_a_5.jpg,Tam_200,5,auto,,False,0.976,1,0.837,0.0426,0.0
Tam_d11_200_b_5.jpg,Tam_200,5,auto,,False,0.979,2,0.21,0.077,0.298
Tam_d11_205_a_5.jpg,Tam_205,5,auto,,False,0.982,2,0.276,0.0651,0.199
Tam_d11_205_b_5.jpg,Tam_205,5,revisar,defecto rectangular; area de defecto dudosa (90%),True,0.982,2,0.225,0.4257,0.902
Tam_d11_208_a_5.jpg,Tam_208,5,auto,,False,0.977,1,0.736,0.0474,0.0
Tam_d11_208_b_5.jpg,Tam_208,5,revisar,area de defecto dudosa (100%),True,0.98,1,0.44,0.0238,1.0
Tam_d11_210_a_5.jpg,Tam_210,5,revisar,area de defecto dudosa (100%),True,0.978,1,0.325,0.0124,1.0
Tam_d11_210_b_5.jpg,Tam_210,5,revisar,area de defecto dudosa (82%),True,0.976,6,0.156,0.1877,0.816
Tam_d11_218_a_5.jpg,Tam_218,5,auto,,False,0.982,0,,0.0,0.0
Tam_d11_241_a_5.jpg,Tam_241,5,auto,,False,0.98,0,,0.0,0.0
Tam_d11_241_b_5.jpg,Tam_241,5,auto,,False,0.979,1,0.65,0.1877,0.0
Tam_d11_242_a_5.jpg,Tam_242,5,auto,,False,0.979,0,,0.0,0.0
Tam_d11_242_b_5.jpg,Tam_242,5,auto,,False,0.976,0,,0.0,0.0
Tam_d11_246_a_5.jpg,Tam_246,5,revisar,area de defecto dudosa (63%),True,0.977,3,0.171,0.0899,0.634
Tam_d11_246_b_5.jpg,Tam_246,5,revisar,area de defecto dudosa (100%),True,0.979,3,0.195,0.4569,1.0
Tam_d11_247_a_5.jpg,Tam_247,5,revisar,area de defecto dudosa (73%),True,0.977,2,0.324,0.1405,0.733
Tam_d11_247_b_5.jpg,Tam_247,5,auto,,False,0.977,1,0.825,0.0918,0.0
Tam_d11_248_a_5.jpg,Tam_248,5,revisar,area de defecto dudosa (100%),True,0.982,1,0.321,0.4105,1.0
Tam_d11_251_a_5.jpg,Tam_251,5,auto,,False,0.976,1,0.674,0.1106,0.0
Tam_d11_251_b_5.jpg,Tam_251,5,revisar,area de defecto dudosa (100%),True,0.976,2,0.308,0.2267,1.0
Tam_d11_257_a_5.jpg,Tam_257,5,auto,,False,0.979,1,0.659,0.1311,0.0
Tam_d11_257_b_5.jpg,Tam_257,5,revisar,area de defecto dudosa (100%),True,0.978,4,0.195,0.1224,1.0
Tam_d11_261_a_5.jpg,Tam_261,5,auto,,False,0.98,0,,0.0,0.0
Tam_d11_270_a_5.jpg,Tam_270,5,auto,,False,0.982,0,,0.0,0.0
Tam_d11_270_b_5.jpg,Tam_270,5,revisar,area de defecto dudosa (100%),True,0.981,1,0.196,0.5191,1.0
Tam_d11_273_a_5.jpg,Tam_273,5,auto,,False,0.978,1,0.783,0.1056,0.0
Tam_d11_273_b_5.jpg,Tam_273,5,auto,,False,0.981,1,0.805,0.0663,0.0
Tam_d11_278_a_5.jpg,Tam_278,5,revisar,area de defecto dudosa (100%),True,0.976,2,0.163,0.0371,1.0
Tam_d11_278_b_5.jpg,Tam_278,5,auto,,False,0.973,0,,0.0,0.0
Tam_d11_280_a_5.jpg,Tam_280,5,auto,,False,0.981,0,,0.0,0.0
Tam_d11_285_a_5.jpg,Tam_285,5,auto,,False,0.981,1,0.671,0.0195,0.0
Tam_d11_285_b_5.jpg,Tam_285,5,revisar,area de defecto dudosa (100%),True,0.973,2,0.224,0.093,1.0
Tam_d11_297_b_5.jpg,Tam_297,5,revisar,area de defecto dudosa (73%),True,0.973,2,0.265,0.0996,0.734
Tam_d11_299_a_5.jpg,Tam_299,5,auto,,False,0.979,1,0.802,0.058,0.0
Tam_d11_299_b_5.jpg,Tam_299,5,auto,,False,0.979,0,,0.0,0.0
Tam_d11_302_a_5.jpg,Tam_302,5,revisar,area de defecto dudosa (100%),True,0.978,3,0.283,0.373,1.0
Tam_d11_302_b_5.jpg,Tam_302,5,revisar,area de defecto dudosa (100%),True,0.978,3,0.155,0.0345,1.0
Tam_d11_303_a_5.jpg,Tam_303,5,revisar,area de defecto dudosa (100%),True,0.978,1,0.258,0.011,1.0
Tam_d11_303_b_5.jpg,Tam_303,5,auto,,False,0.976,1,0.632,0.0152,0.0
Tam_d11_307_a_5.jpg,Tam_307,5,auto,,False,0.979,0,,0.0,0.0
Tam_d11_307_b_5.jpg,Tam_307,5,auto,,False,0.977,1,0.844,0.1719,0.0
Tam_d11_308_a_5.jpg,Tam_308,5,revisar,area de defecto dudosa (100%),True,0.98,2,0.302,0.1339,1.0
Tam_d11_308_b_5.jpg,Tam_308,5,auto,,False,0.983,1,0.747,0.0484,0.0
Tam_d11_312_a_5.jpg,Tam_312,5,auto,,False,0.978,0,,0.0,0.0
Tam_d11_312_b_5.jpg,Tam_312,5,auto,,False,0.977,0,,0.0,0.0
Tam_d11_318_a_5.jpg,Tam_318,5,revisar,area de defecto dudosa (54%),True,0.979,2,0.222,0.0359,0.541
Tam_d11_319_a_5.jpg,Tam_319,5,revisar,area de defecto dudosa (99%),True,0.979,2,0.307,0.0237,0.995
Tam_d11_319_b_5.jpg,Tam_319,5,revisar,area de defecto dudosa (100%),True,0.978,3,0.196,0.4905,1.0
Tam_d11_323_a_5.jpg,Tam_323,5,auto,,False,0.978,0,,0.0,0.0
Tam_d11_323_b_5.jpg,Tam_323,5,revisar,area de defecto dudosa (100%),True,0.979,3,0.173,0.6899,1.0
Tam_d11_329_a_5.jpg,Tam_329,5,auto,,False,0.971,1,0.546,0.1945,0.0
Tam_d11_329_b_5.jpg,Tam_329,5,auto,,False,0.981,0,,0.0,0.0
Tam_d11_335_a_5.jpg,Tam_335,5,auto,,False,0.98,1,0.582,0.1155,0.0
Tam_d11_335_b_5.jpg,Tam_335,5,auto,,False,0.977,1,0.552,0.0305,0.0
Tam_d11_342_a_5.jpg,Tam_342,5,auto,,False,0.978,0,,0.0,0.0
Tam_d11_342_b_5.jpg,Tam_342,5,auto,,False,0.977,0,,0.0,0.0
Tam_d11_343_a_5.jpg,Tam_343,5,auto,,False,0.98,0,,0.0,0.0
Tam_d11_343_b_5.jpg,Tam_343,5,revisar,area de defecto dudosa (100%),True,0.978,3,0.153,0.5757,1.0
Tam_d11_348_a_5.jpg,Tam_348,5,revisar,area de defecto dudosa (100%),True,0.978,2,0.178,0.0269,1.0
Tam_d11_348_b_5.jpg,Tam_348,5,revisar,area de defecto dudosa (100%),True,0.978,5,0.153,0.1549,1.0
Tam_d11_356_a_5.jpg,Tam_356,5,auto,,False,0.979,1,0.602,0.2341,0.0
Tam_d11_356_b_5.jpg,Tam_356,5,revisar,area de defecto dudosa (100%),True,0.978,1,0.185,0.0809,1.0
Tam_d11_370_a_5.jpg,Tam_370,5,auto,,False,0.976,1,0.744,0.0428,0.0
Tam_d11_370_b_5.jpg,Tam_370,5,revisar,area de defecto dudosa (100%),True,0.975,2,0.21,0.1296,0.998
Tam_d11_379_b_5.jpg,Tam_379,5,auto,,False,0.979,0,,0.0,0.0
Tam_d11_380_a_5.jpg,Tam_380,5,auto,,False,0.979,0,,0.0,0.0
Tam_d11_380_b_5.jpg,Tam_380,5,revisar,area de defecto dudosa (77%),True,0.979,3,0.326,0.0779,0.767
Tam_d11_404_a_5.jpg,Tam_404,5,auto,,False,0.976,1,0.753,0.1664,0.0
Tam_d11_404_b_5.jpg,Tam_404,5,revisar,area de defecto dudosa (100%),True,0.979,3,0.183,0.7567,1.0
Tam_d11_417_b_5.jpg,Tam_417,5,revisar,area de defecto dudosa (100%),True,0.98,2,0.172,0.4695,1.0
Tam_d11_419_a_5.jpg,Tam_419,5,revisar,area de defecto dudosa (76%),True,0.981,2,0.338,0.0325,0.76
Tam_d11_419_b_5.jpg,Tam_419,5,revisar,area de defecto dudosa (100%),True,0.974,6,0.151,0.1032,1.0
Tam_d11_427_a_5.jpg,Tam_427,5,auto,,False,0.982,1,0.755,0.0363,0.0
Tam_d11_427_b_5.jpg,Tam_427,5,revisar,area de defecto dudosa (100%),True,0.976,3,0.206,0.0348,1.0
Tam_d11_434_a_5.jpg,Tam_434,5,revisar,area de defecto dudosa (100%),True,0.981,2,0.248,0.1262,1.0
Tam_d11_434_b_5.jpg,Tam_434,5,auto,,False,0.981,0,,0.0,0.0
Tam_d11_436_b_5.jpg,Tam_436,5,revisar,area de defecto dudosa (100%),True,0.981,2,0.159,0.0233,1.0
Tam_d11_441_a_5.jpg,Tam_441,5,auto,,False,0.979,0,,0.0,0.0
Tam_d11_441_b_5.jpg,Tam_441,5,auto,,False,0.979,0,,0.0,0.0
Tam_d11_456_a_5.jpg,Tam_456,5,revisar,area de defecto dudosa (100%),True,0.977,1,0.18,0.0444,1.0
Tam_d11_456_b_5.jpg,Tam_456,5,revisar,area de defecto dudosa (81%),True,0.981,3,0.156,0.1474,0.808
Tam_d11_457_a_5.jpg,Tam_457,5,revisar,area de defecto dudosa (100%),True,0.982,2,0.264,0.0823,1.0
Tam_d11_457_b_5.jpg,Tam_457,5,revisar,area de defecto dudosa (100%),True,0.979,1,0.219,0.2829,1.0
Tam_d11_466_a_5.jpg,Tam_466,5,auto,,False,0.978,1,0.878,0.1515,0.0
Tam_d11_466_b_5.jpg,Tam_466,5,revisar,area de defecto dudosa (95%),True,0.981,4,0.157,0.1889,0.953
Tam_d11_467_a_5.jpg,Tam_467,5,revisar,area de defecto dudosa (100%),True,0.976,2,0.218,0.1425,1.0
Tam_d11_467_b_5.jpg,Tam_467,5,auto,,False,0.979,0,,0.0,0.0
